1024 4
0
262
760
823
847
1
361
727
922
1016
2
171
387
503
742
3
497
566
717
739
4
75
141
413
928
5
134
847
854
1007
6
462
583
614
697
7
70
244
682
763
8
74
404
885
992
9
31
109
845
1000
10
380
625
864
882
11
304
305
624
698
12
162
415
703
738
13
308
786
813
1004
14
481
545
833
1020
15
184
443
676
728
16
98
721
783
1003
17
142
404
430
627
18
196
479
726
968
19
227
276
623
943
20
465
603
860
879
21
537
653
732
816
16
22
649
931
1021
21
23
378
680
768
24
269
369
651
889
25
466
1012
1018
1021
26
214
250
460
811
27
120
278
372
547
28
616
735
745
950
29
35
91
607
828
22
30
343
863
942
31
45
65
255
776
24
32
149
426
756
33
72
483
652
671
34
276
363
452
986
35
248
683
892
919
36
220
289
340
918
37
571
667
924
953
38
57
211
668
830
39
343
735
903
907
40
204
329
935
996
41
102
237
383
453
42
125
261
429
671
43
61
668
707
856
44
671
710
721
977
45
56
74
389
936
46
296
562
570
863
47
154
221
451
660
48
317
335
571
581
49
417
500
822
1008
8
50
467
796
836
51
136
508
662
778
52
509
652
873
889
53
167
629
703
1019
54
134
300
416
497
0
55
226
713
892
56
101
454
787
788
22
57
528
813
1012
58
124
401
434
693
59
115
421
825
1013
60
132
593
758
1010
26
61
418
623
754
62
572
880
922
977
63
174
396
677
898
58
64
415
866
924
65
594
636
742
948
66
68
93
160
860
67
286
366
817
892
68
153
300
561
633
69
486
562
794
864
70
339
345
348
923
71
484
582
656
660
72
411
605
808
947
73
192
379
615
873
8
74
243
521
609
27
75
367
428
569
4
76
108
287
361
25
77
108
408
473
78
254
774
796
879
79
517
562
845
876
80
534
625
821
897
81
294
379
466
955
25
44
82
640
719
83
267
337
484
1003
55
84
374
632
870
85
365
403
579
668
86
209
241
284
991
87
168
324
518
767
88
609
676
729
829
89
282
283
760
833
90
116
241
292
833
91
107
801
829
906
92
261
632
751
937
93
96
228
268
415
94
128
574
674
981
78
95
226
395
905
96
548
637
885
1007
60
97
249
570
863
98
169
347
486
1007
99
303
725
763
1008
40
100
347
624
868
55
101
485
495
528
40
102
396
427
520
103
213
539
622
943
28
104
224
693
991
105
213
706
719
812
106
496
502
533
581
101
107
114
258
377
28
108
173
488
908
56
109
172
561
775
110
252
380
496
528
111
214
215
949
972
112
271
445
721
985
113
333
614
662
867
114
257
335
648
672
115
530
554
831
990
39
116
237
407
448
117
391
404
486
779
118
486
628
787
913
119
126
221
681
817
120
387
452
459
884
121
184
192
253
931
43
122
585
626
853
123
136
200
355
358
124
712
774
829
940
10
44
125
331
951
126
433
537
645
885
65
127
460
814
999
54
128
715
935
945
129
154
444
588
1009
130
199
551
634
920
61
131
316
761
1016
132
342
429
561
994
7
68
133
165
1007
61
134
407
509
919
104
135
398
466
480
73
136
211
625
955
96
137
165
288
612
138
581
660
757
932
12
139
581
740
821
97
140
176
402
706
141
163
383
746
767
142
191
269
433
472
62
143
225
564
869
144
339
583
694
977
145
179
288
402
967
146
319
484
669
943
147
235
302
419
782
148
182
339
399
572
149
171
430
542
583
142
150
161
249
744
87
151
879
899
975
111
152
752
769
948
26
147
153
690
884
154
164
632
676
981
155
636
661
867
902
99
156
383
640
661
157
334
660
863
913
48
158
184
565
890
84
159
439
698
885
99
110
160
371
512
25
161
454
471
674
162
313
365
492
650
163
304
337
381
709
164
358
433
701
862
165
219
306
332
339
113
166
383
684
850
167
251
744
810
975
168
175
313
643
1019
32
148
169
249
863
170
200
321
427
567
171
218
245
558
867
172
451
488
538
587
51
78
173
203
817
174
240
506
525
732
175
227
299
359
540
93
176
510
570
777
177
195
301
422
1007
178
196
722
728
1006
1
49
179
226
963
180
183
255
637
670
152
181
550
823
876
23
182
300
458
461
183
299
320
349
984
43
184
285
616
985
69
185
328
788
943
149
186
682
811
1007
98
187
278
493
975
37
188
299
409
630
189
523
735
870
963
190
501
544
604
804
191
553
579
649
959
82
158
192
204
668
162
193
257
410
948
194
261
298
666
743
137
144
195
199
298
26
196
279
295
802
15
197
321
522
637
148
198
477
746
931
113
199
438
525
913
190
200
773
819
960
201
445
481
684
761
44
202
357
382
990
17
203
413
684
693
204
514
597
655
921
19
77
205
376
513
186
201
206
359
876
66
207
249
964
979
19
208
330
405
473
32
180
199
209
263
191
210
227
289
694
51
211
327
807
832
201
212
328
850
877
40
137
213
826
837
214
248
271
430
990
134
215
234
269
944
39
153
216
720
1007
217
247
298
467
645
29
218
749
966
987
181
219
504
622
948
220
358
639
671
723
221
900
931
939
947
12
222
586
740
973
167
223
246
263
419
195
224
736
913
946
225
227
575
888
922
124
226
525
569
973
138
227
240
260
781
58
110
228
235
662
229
243
267
901
998
40
230
262
430
453
140
177
231
577
672
221
232
466
707
791
188
233
482
650
943
46
222
234
752
989
228
235
425
834
922
90
151
236
427
663
237
310
698
991
1023
125
238
440
543
567
31
239
377
425
843
83
180
240
475
533
119
178
241
484
651
122
242
313
389
684
243
456
599
743
937
130
244
555
583
772
187
245
780
830
1000
246
599
640
839
955
4
247
323
886
918
3
248
430
450
859
249
334
506
724
753
250
329
376
741
770
0
111
251
746
885
252
633
759
785
802
241
253
461
545
758
167
209
254
415
940
78
211
255
391
416
233
256
305
742
941
257
334
547
698
738
242
258
270
520
667
41
58
259
553
802
260
405
730
876
970
54
261
409
512
962
92
262
357
691
784
154
263
518
879
975
264
441
462
568
636
263
265
632
775
1004
266
427
577
731
843
263
267
286
723
814
16
268
319
425
524
216
269
673
843
962
80
203
270
456
580
203
271
479
733
901
13
272
279
343
959
21
273
347
359
650
167
274
534
642
856
275
452
713
763
976
276
622
787
900
1002
164
165
277
395
794
10
233
278
386
717
12
241
267
279
807
142
280
367
370
473
281
323
402
578
984
282
290
352
713
944
197
243
283
542
779
78
150
284
753
962
92
186
285
349
886
286
302
448
476
748
287
377
491
568
997
62
89
288
351
400
54
235
289
290
683
105
162
269
290
366
218
291
450
609
715
165
292
385
408
871
220
250
293
409
996
106
191
294
345
700
59
295
422
497
894
62
296
356
488
589
297
403
444
518
977
10
57
237
242
298
78
299
573
744
931
219
289
300
541
642
265
301
346
421
727
144
159
302
594
688
303
351
683
787
840
15
304
451
587
620
253
305
452
593
922
306
374
481
495
972
127
164
307
376
703
76
175
308
455
553
309
453
491
493
786
165
181
304
310
555
295
311
565
625
894
165
312
735
804
918
8
313
507
775
850
234
314
410
500
866
255
315
745
929
996
104
316
881
932
1008
16
317
555
710
781
318
320
460
471
747
32
101
319
396
824
295
320
703
892
903
217
321
356
840
1019
116
322
632
804
951
296
323
526
667
872
302
324
620
751
940
78
325
384
470
533
326
510
636
839
921
71
85
327
511
717
121
192
204
208
328
120
329
467
652
847
330
643
716
957
1010
331
501
796
823
935
59
89
95
332
342
235
265
321
333
480
113
334
574
772
804
335
384
783
958
1002
133
336
494
539
605
124
337
508
536
710
338
397
450
576
903
339
381
584
730
1011
124
168
340
623
711
89
212
224
341
636
295
342
661
684
947
254
287
343
495
885
62
344
859
961
1016
287
345
441
643
814
142
346
445
558
821
176
347
573
649
1002
186
348
422
485
816
349
860
876
900
953
350
353
476
527
645
236
351
355
521
1020
141
347
352
866
941
86
353
477
848
1020
329
354
730
821
1002
100
306
355
368
797
346
356
505
671
1001
31
325
357
361
997
10
318
358
424
426
322
359
557
658
997
12
186
360
528
1015
150
361
441
853
945
362
518
606
832
854
363
474
581
840
1012
83
364
717
795
851
265
365
536
818
850
237
366
425
450
730
313
367
408
716
784
69
125
336
368
549
369
401
539
578
921
197
315
370
411
706
118
371
612
634
752
134
153
259
275
372
373
468
799
863
945
24
244
374
404
621
63
223
307
375
918
183
280
376
650
872
81
253
377
466
671
202
280
378
761
829
93
197
327
379
431
158
182
212
380
759
26
381
587
604
899
382
551
821
849
948
59
130
309
383
495
150
230
290
327
384
385
482
812
961
971
2
72
276
386
998
387
570
767
949
1013
110
388
558
705
1015
60
327
377
389
513
22
185
390
670
694
285
307
391
646
784
250
342
392
724
922
211
243
367
393
771
133
250
394
519
663
395
464
503
564
612
14
52
202
396
578
247
340
397
398
906
398
552
668
923
946
170
399
580
933
950
400
466
577
732
736
75
91
401
553
647
249
402
564
632
785
403
489
634
657
793
254
271
300
404
634
137
280
405
487
553
29
62
388
406
697
407
457
614
651
917
30
283
408
793
852
409
755
834
900
978
275
410
505
882
909
379
411
418
479
520
309
338
412
729
936
387
413
440
803
983
347
414
790
857
989
84
415
848
948
985
259
416
427
852
860
417
487
673
901
997
418
429
816
863
1012
10
86
94
419
800
18
420
617
822
828
0
421
434
560
994
113
204
363
422
893
218
423
660
772
850
101
424
533
691
885
50
63
425
559
707
62
79
128
426
916
236
427
657
895
958
113
428
450
479
761
264
399
429
813
1014
135
430
551
807
859
47
70
431
614
986
302
432
847
922
995
433
822
863
916
966
29
279
434
495
658
337
435
538
836
925
238
275
328
436
808
287
333
335
437
472
37
145
310
438
683
227
439
474
514
913
30
238
386
440
500
77
82
441
842
876
6
29
217
442
746
366
443
587
667
841
437
444
619
747
781
445
821
826
897
979
311
330
446
744
979
59
426
447
675
1019
204
223
448
538
564
449
505
604
637
739
246
408
450
839
844
451
463
574
814
828
68
192
452
617
901
453
462
635
640
795
310
454
468
502
529
202
344
455
659
738
94
456
468
707
985
316
457
462
474
686
131
458
483
485
893
35
459
521
714
894
332
460
669
920
997
154
341
461
734
856
462
563
626
943
975
169
463
511
547
833
264
324
370
464
636
97
193
465
566
675
136
210
466
672
922
105
130
414
467
957
322
468
612
706
940
235
260
469
526
843
187
305
470
792
872
471
485
562
610
965
21
200
472
612
817
275
473
593
631
1011
231
382
474
577
832
11
475
541
601
695
204
328
343
476
563
246
379
448
477
686
478
514
784
967
970
49
478
479
652
736
85
480
565
793
848
5
481
528
566
1007
211
243
280
482
972
36
234
269
297
483
484
517
518
790
968
244
485
646
648
671
124
288
486
746
996
25
191
244
487
860
40
376
488
736
797
449
459
489
827
828
151
369
490
733
861
359
368
491
551
717
238
430
492
627
824
200
358
493
949
1013
108
275
494
524
1014
178
219
416
495
520
109
222
355
419
496
58
61
151
497
1018
19
120
498
533
932
337
482
499
558
618
113
479
500
599
866
45
104
395
490
501
200
225
441
502
981
92
180
503
606
855
100
106
239
416
504
375
505
595
874
973
64
325
359
506
730
234
365
507
588
698
120
462
508
744
980
1
509
556
878
906
178
461
510
626
819
215
511
636
725
809
134
172
204
376
512
144
316
513
553
712
20
484
514
734
860
89
223
268
397
515
86
245
516
845
941
338
471
517
655
787
197
213
518
742
959
74
519
530
596
825
134
144
172
379
520
157
208
243
486
521
375
522
621
753
973
84
263
410
523
730
91
524
811
837
917
401
427
481
525
667
11
526
598
726
864
15
303
527
1013
1018
296
402
528
619
977
529
691
756
855
977
85
530
554
884
952
150
393
531
585
766
63
316
490
532
854
114
250
502
533
764
188
365
534
551
562
66
535
745
919
1017
183
410
517
536
583
204
286
337
537
814
168
538
678
776
801
42
109
458
539
838
254
512
540
565
681
25
541
801
833
993
114
161
542
602
914
281
543
948
980
1011
344
544
760
784
903
354
545
691
884
910
208
405
463
546
665
1
364
501
547
573
548
640
821
852
998
20
242
549
930
943
327
550
669
848
1021
199
251
401
551
868
3
228
552
688
1011
128
260
419
553
742
101
227
353
544
554
224
537
555
578
1016
62
540
556
748
908
270
557
608
954
967
107
425
442
558
741
179
444
559
649
656
307
424
560
837
961
105
471
519
561
563
71
562
596
597
741
72
183
220
289
563
6
338
564
590
953
6
83
246
565
621
170
457
566
870
877
133
249
567
669
872
568
597
666
766
869
79
180
569
578
835
213
464
570
704
761
123
258
282
571
968
40
174
389
572
853
501
516
573
731
1004
538
574
630
655
975
518
574
575
840
992
339
558
576
584
886
324
577
746
754
828
19
221
578
832
966
73
253
557
579
625
144
580
705
727
801
199
403
581
881
961
118
438
553
582
941
283
583
665
705
990
478
584
590
642
875
222
308
448
585
961
33
121
342
586
697
151
587
590
666
730
11
81
439
588
893
40
312
498
589
1013
17
233
431
590
745
152
284
591
719
764
259
499
551
592
907
98
233
452
482
593
247
300
594
732
818
76
283
296
304
595
192
430
596
635
919
185
332
502
597
769
18
71
499
519
598
31
72
339
599
825
92
185
194
477
600
482
601
684
833
931
53
214
421
602
678
200
472
529
603
900
247
375
604
821
841
60
177
601
605
703
338
428
601
606
1000
6
252
448
607
876
21
78
128
235
608
130
380
609
626
630
134
191
443
610
710
39
76
398
413
611
94
612
619
637
958
207
433
613
723
794
215
318
332
614
748
119
187
615
632
798
35
88
588
616
864
152
572
617
844
851
20
268
514
618
752
329
565
619
690
878
229
306
620
663
947
541
621
647
761
949
481
600
622
944
997
111
479
623
924
952
233
281
542
624
890
28
50
300
625
984
543
583
626
914
941
22
426
627
799
1002
232
499
628
703
1014
393
513
629
869
972
61
264
491
630
631
315
620
631
695
1011
239
542
594
632
762
173
197
349
633
656
345
358
634
673
828
155
314
325
443
635
71
89
636
672
955
106
160
236
637
825
116
414
462
638
797
74
480
577
639
672
319
347
439
640
721
8
67
344
641
820
396
488
618
642
908
328
455
560
618
643
20
421
469
504
644
11
50
446
569
645
37
340
542
646
674
25
174
254
647
957
76
295
648
730
955
244
300
625
649
674
399
525
650
702
1008
5
248
268
443
651
202
272
566
652
954
228
653
703
747
959
105
500
568
651
654
181
254
437
655
1001
181
243
522
656
770
95
110
360
406
657
485
658
939
942
995
191
221
452
659
895
353
449
660
740
940
74
182
358
561
661
41
174
341
662
812
113
391
663
734
910
625
664
824
930
965
179
458
613
652
665
666
781
898
949
1012
444
483
667
877
889
151
566
642
668
751
210
643
669
931
993
103
114
333
670
931
558
671
850
867
982
258
435
611
622
672
132
272
529
533
673
41
145
332
674
821
638
675
839
872
986
108
280
597
676
874
43
419
566
677
888
201
484
562
676
678
174
312
558
679
814
406
661
680
691
930
187
323
492
681
887
84
651
682
690
988
303
336
371
683
703
42
620
684
778
940
12
235
425
685
937
175
666
686
878
942
455
498
597
687
844
132
144
175
688
931
199
443
689
873
877
14
54
238
480
690
366
685
691
868
888
220
653
692
784
856
47
178
486
499
693
232
474
694
727
909
582
584
695
856
1021
256
333
564
696
795
188
197
439
621
697
646
698
781
789
942
4
434
622
645
699
35
178
225
545
700
235
448
539
549
701
80
555
702
754
945
25
185
647
681
703
48
110
371
438
704
20
432
642
661
705
289
333
706
816
934
182
241
293
697
707
182
583
593
708
822
179
571
709
888
975
468
649
710
832
915
57
359
711
753
930
37
455
712
765
876
389
429
713
823
929
34
401
714
813
1009
162
432
464
715
940
13
68
123
383
716
92
101
199
612
717
355
365
718
854
941
133
486
566
719
844
675
720
900
950
979
721
776
782
911
998
41
273
722
811
941
127
223
342
723
1015
115
445
724
888
911
226
638
725
938
1009
2
363
726
801
858
71
214
412
727
1011
309
459
498
728
774
56
81
656
729
937
174
485
497
730
815
211
241
643
688
731
149
175
199
311
732
84
121
733
777
812
85
660
698
734
839
329
422
735
863
993
103
221
335
435
736
15
143
381
737
783
43
567
568
738
985
5
630
739
762
951
360
402
604
740
803
9
278
637
741
812
205
290
486
742
876
18
190
743
815
1003
58
70
744
805
994
144
163
449
508
745
35
398
740
746
762
371
477
524
707
747
117
120
291
316
748
407
749
847
885
981
37
137
429
723
750
312
341
578
684
751
272
359
714
752
1012
261
289
356
536
753
58
372
640
754
857
487
755
785
942
961
314
723
724
756
876
145
234
357
403
757
310
367
402
758
898
592
676
742
759
1014
42
312
509
524
760
107
323
719
739
761
433
755
762
787
798
371
494
508
638
763
64
727
744
764
889
209
282
765
962
987
43
358
467
469
766
222
629
767
831
842
41
465
530
574
768
665
725
769
900
1003
124
209
392
770
1000
210
522
600
759
771
100
369
747
772
803
83
378
486
773
978
156
327
483
774
1002
442
583
588
775
953
96
445
748
776
910
21
357
458
661
777
203
232
355
778
871
50
687
779
922
923
91
427
780
806
1015
192
521
592
710
781
23
593
735
782
954
327
628
648
783
877
581
588
654
784
853
36
137
193
211
785
181
707
730
786
885
530
577
621
695
787
66
320
417
788
1000
134
165
451
789
812
349
536
790
801
952
310
583
791
944
955
173
507
792
1012
1018
397
486
756
793
810
337
351
479
570
794
253
256
306
795
947
413
460
466
657
796
245
564
571
594
797
423
575
798
881
921
185
403
563
799
835
260
273
306
691
800
59
105
362
408
801
5
153
158
393
802
129
283
486
762
803
141
490
676
774
804
132
383
418
603
805
476
635
806
880
993
564
619
688
738
807
106
349
390
664
808
422
532
546
627
809
263
723
810
870
888
1
175
497
811
842
146
205
279
629
812
220
310
566
813
911
473
774
796
805
814
105
225
785
815
909
523
816
860
915
999
68
698
780
817
857
260
339
409
816
818
500
676
819
826
931
254
481
502
730
820
232
459
651
741
821
23
47
703
822
1017
7
704
786
823
850
233
400
472
824
1000
592
662
825
850
891
410
424
579
658
826
250
504
720
827
947
80
102
397
532
828
104
250
488
720
829
18
700
716
830
949
177
301
382
546
831
73
628
825
832
986
0
563
788
833
942
256
365
816
834
1001
394
712
713
835
870
256
600
836
907
974
26
28
244
837
952
8
158
180
838
940
230
417
523
839
928
30
468
647
840
1011
272
716
764
789
841
136
646
842
914
988
8
258
332
688
843
272
301
361
819
844
349
420
474
717
845
168
412
743
846
896
170
370
505
847
990
124
411
848
863
996
584
665
849
850
908
252
789
842
850
853
48
310
412
827
851
53
156
294
820
852
579
713
815
838
853
162
290
607
854
1019
489
506
791
812
855
208
420
776
850
856
160
447
553
618
857
740
813
823
858
996
234
241
417
513
859
65
478
545
802
860
457
488
668
712
861
109
212
609
625
862
181
439
466
863
991
79
234
771
864
973
481
539
603
848
865
428
606
699
812
866
306
472
534
847
867
10
148
203
559
868
80
125
379
851
869
385
426
663
870
1004
147
454
613
871
896
209
725
797
872
889
241
578
702
798
873
15
25
581
679
874
335
372
609
875
899
66
722
863
876
998
94
179
479
877
927
257
293
301
751
878
688
735
874
879
907
20
37
862
880
944
34
74
728
881
1011
478
672
818
882
962
560
577
883
928
929
74
185
463
622
884
421
507
565
885
905
35
750
759
886
906
100
413
618
887
1022
108
341
524
678
888
339
458
662
885
889
209
507
604
770
890
543
568
736
819
891
288
418
610
745
892
71
205
526
856
893
235
648
676
894
941
243
692
878
895
964
210
248
283
389
896
34
69
122
523
897
61
107
219
469
898
42
716
802
886
899
46
596
897
900
949
7
482
516
764
901
13
97
207
479
902
157
260
319
336
903
384
466
591
639
904
31
138
224
497
905
97
470
775
906
1012
403
450
560
703
907
242
625
866
908
979
591
689
890
909
948
232
464
525
587
910
576
803
845
879
911
93
408
450
897
912
274
667
683
699
913
90
730
863
914
1021
131
472
855
915
971
416
747
860
916
918
242
459
813
917
999
82
127
823
918
989
18
212
294
919
979
58
87
167
820
920
197
626
634
921
926
186
204
470
910
922
26
347
678
891
923
40
225
374
599
924
732
740
755
925
989
4
88
94
747
926
79
472
633
855
927
193
264
448
770
928
282
380
831
929
962
7
520
529
930
971
19
278
704
776
931
19
880
919
932
990
445
595
712
933
1002
4
310
354
579
934
158
187
398
526
935
4
296
356
606
936
173
354
865
937
953
107
299
425
463
938
78
331
373
760
939
44
69
257
940
1009
249
741
774
838
941
419
496
818
908
942
199
319
658
943
971
663
790
831
864
944
675
829
832
862
945
115
366
478
849
946
90
191
196
442
947
280
326
393
419
948
4
161
683
949
987
218
335
624
653
950
335
533
544
692
951
266
423
597
629
952
11
245
345
760
953
239
456
583
774
954
84
89
622
828
955
25
360
496
605
956
150
470
587
713
957
346
517
562
626
958
123
578
703
928
959
388
586
703
742
960
683
834
906
961
987
54
178
712
803
962
26
28
127
363
963
164
248
665
769
964
132
334
555
965
973
226
426
651
750
966
176
260
561
591
967
86
359
483
646
968
14
584
610
647
969
151
413
677
956
970
121
132
410
623
971
255
495
512
755
972
275
730
867
973
998
410
483
527
844
974
183
201
369
975
978
274
388
438
585
976
195
257
442
947
977
174
358
671
836
978
145
337
757
846
979
109
645
776
838
980
56
62
380
804
981
354
427
729
982
1008
110
345
400
909
983
80
322
532
802
984
88
181
405
932
985
425
520
604
834
986
113
389
597
748
987
33
649
784
812
988
177
399
607
654
989
505
758
883
990
999
514
798
800
850
991
130
309
545
634
992
92
99
292
603
993
88
353
510
989
994
44
81
249
432
995
128
428
622
743
996
187
539
558
660
997
182
447
758
765
998
43
414
415
774
999
108
728
856
982
1000
349
536
708
991
1001
186
572
662
934
1002
92
422
466
699
1003
236
306
626
891
1004
69
675
715
901
1005
54
148
404
611
1006
124
218
890
976
1007
273
324
589
738
1008
6
41
578
697
1009
217
238
623
755
1010
397
736
937
1003
1011
39
129
149
312
1012
7
78
668
857
1013
81
482
501
935
1014
85
558
580
979
1015
265
356
506
807
1016
118
291
429
740
1017
111
769
851
853
1018
144
518
778
789
1019
404
561
771
942
1020
311
841
916
971
1021
126
195
830
970
1022
179
274
566
913
1023
0.34869
0.066227
0.107923
0.609971
0.451984
0.783791
0.593473
0.528828
0.775666
0.996277
0.672425
0.364874
0.426234
0.109852
0.029271
0.732747
0.392702
0.454324
0.329752
0.868948
0.234419
0.416684
0.528503
0.481965
0.984731
0.646669
0.27852
0.037488
0.709534
0.980159
0.84496
0.446989
0.010715
0.57349
0.080173
0.394729
0.760835
0.469183
0.987726
0.138255
0.916135
0.258443
0.943619
0.729986
0.443287
0.125454
0.324514
0.161874
0.74346
0.991246
0.254672
0.595396
0.732414
0.164682
0.763284
0.070718
0.44684
0.588431
0.659283
0.504331
0.222036
0.405808
0.681691
0.567673
0.937387
0.087662
0.250086
0.85249
0.991405
0.310266
0.027125
0.147374
0.600481
0.772883
0.528454
0.649388
0.543159
0.704663
0.098972
0.772899
0.938768
0.125844
0.895449
0.494648
0.184015
0.172559
0.99857
0.429899
0.472212
0.973467
0.552959
0.693987
0.961958
0.065099
0.217387
0.226925
0.587716
0.879932
0.744774
0.717817
0.195322
0.803842
0.76189
0.272475
0.327923
0.203107
0.944067
0.633573
0.51947
0.426854
0.85578
0.167223
0.170066
0.026522
0.772857
0.023949
0.902377
0.74999
0.907455
0.781229
0.885425
0.129803
0.008722
0.177452
0.96522
0.329543
0.137921
0.689089
0.557949
0.179534
0.318363
0.50777
0.388969
0.567365
0.850857
0.978601
0.742912
0.252993
0.054851
0.201254
0.361596
0.094187
0.069089
0.105514
0.101307
0.879288
0.883497
0.106097
0.908484
0.141507
0.14384
0.979445
0.637814
0.555607
0.954631
0.004353
0.020419
0.577358
0.485079
0.496599
0.993943
0.775025
0.770517
0.300611
0.326637
0.359922
0.954959
0.60732
0.743552
0.052192
0.950003
0.836184
0.520161
0.027163
0.741599
0.410528
0.735121
0.808285
0.618516
0.468681
0.05308
0.426261
0.731484
0.187158
0.712555
0.821606
0.564313
0.243861
0.699982
0.584965
0.816704
0.194206
0.931548
0.712659
0.494245
0.025584
0.715817
0.329745
0.465093
0.523802
0.357
0.219649
0.294804
0.81751
0.479812
0.175718
0.586043
0.864773
0.209577
0.953095
0.372704
0.605722
0.633045
0.366754
0.311723
0.41896
0.879927
0.063564
0.09786
0.479921
0.13075
0.499142
0.220565
0.394354
0.976541
0.936821
0.893722
0.624965
0.136171
0.897727
0.709966
0.401334
0.220721
0.68236
0.388624
0.17655
0.917083
0.884365
0.500626
0.399906
0.332388
0.520092
0.637913
0.256995
0.687718
0.94868
0.237951
0.335511
0.319386
0.723083
0.691892
0.546357
0.459967
0.501926
0.737755
0.351889
0.459664
0.782592
0.008835
0.618908
0.504322
0.200693
0.979438
0.393927
0.98422
0.235965
0.885859
0.841203
0.214587
0.538869
0.063413
0.235869
0.228482
0.258415
0.845586
0.011409
0.274917
0.271222
0.410736
0.44184
0.854346
0.562693
0.335173
0.333432
0.002364
0.487814
0.954038
0.575456
0.706863
0.972654
0.39393
0.328015
0.291253
0.838426
0.360098
0.600821
0.896222
0.552577
0.463032
0.993262
0.26112
0.199181
0.76968
0.901905
0.137642
0.543355
0.07553
0.670153
0.754912
0.986236
0.823548
0.18629
0.218199
0.763736
0.397291
0.663468
0.782465
0.960662
0.040809
0.131419
0.840013
0.181212
0.196343
0.85348
0.044251
0.69255
0.885659
0.100205
0.037678
0.660726
0.549205
0.129572
0.465912
0.650306
0.816351
0.537556
0.155957
0.652732
0.594451
0.011735
0.993918
0.115795
0.578885
0.468897
0.624116
0.659401
0.335713
0.498782
0.077519
0.037498
0.41581
0.41849
0.909785
0.491356
0.762131
0.119968
0.696135
0.515262
0.846206
0.051394
0.466995
0.056838
0.71436
0.660252
0.001831
0.539579
0.142644
0.719403
0.214589
0.514013
0.663204
0.04207
0.279286
0.156857
0.559648
0.426002
0.115846
0.41059
0.394454
0.672434
0.70491
0.753752
0.474645
0.624379
0.645665
0.834067
0.829634
0.670098
0.326231
0.199778
0.609358
0.236295
0.530373
0.992749
0.431088
0.039588
0.62149
0.476346
0.382341
0.975098
0.642417
0.950078
0.864258
0.764804
0.589983
0.082004
0.452929
0.691736
0.950011
0.275016
0.049557
0.231511
0.977052
0.585643
0.452985
0.935499
0.97051
0.469812
0.015344
0.148735
0.0998
0.102692
0.34901
0.644654
0.597099
0.839497
0.290092
0.971262
0.173698
0.206647
0.99868
0.608923
0.258802
0.444054
0.276251
0.401222
0.540635
0.745302
0.292011
0.420188
0.37524
0.614035
0.975925
0.457117
0.71455
0.479372
0.751145
0.795467
0.028635
0.097885
0.961313
0.245643
0.25419
0.585677
0.369824
0.391993
0.363817
0.188121
0.608288
0.620683
0.533039
0.489923
0.094935
0.875752
0.186543
0.87217
0.07062
0.892688
0.533469
0.978729
0.463981
0.732854
0.868467
0.101316
0.964812
0.755577
0.605182
0.780651
0.118364
0.344682
0.267225
0.836447
0.28061
0.608715
0.515922
0.307685
0.649354
0.269736
0.250481
0.835246
0.761778
0.468391
0.96834
0.091957
0.476777
0.980321
0.844089
0.13539
0.044825
0.50566
0.046225
0.102167
0.669737
0.569381
0.669999
0.204097
0.209942
0.618021
0.737987
0.763836
0.304261
0.788622
0.969827
0.186241
0.516881
0.032213
0.546457
0.874751
0.11635
0.988549
0.586557
0.460551
0.852764
0.305591
0.355092
0.440745
0.311075
0.046961
0.314931
0.365814
0.470242
0.421873
0.814985
0.924527
0.408469
0.80157
0.850313
0.015689
0.898526
0.628153
0.146584
0.509096
0.741663
0.151343
0.131252
0.641509
0.317688
0.485596
0.146542
0.427852
0.622689
0.459125
0.030969
0.23765
0.06233
0.102404
0.552663
0.347658
0.112304
0.362866
0.5872
0.709915
0.777703
0.938057
0.803921
0.934107
0.702095
0.651733
0.99444
0.493712
0.841348
0.566573
0.85654
0.239249
0.862914
0.54276
0.36641
0.614346
0.67479
0.596037
0.398688
0.393682
0.09048
0.800879
0.60225
0.659542
0.653256
0.851945
0.873517
0.012597
0.910099
0.97239
0.61856
0.235869
0.58117
0.304
0.109056
0.782796
0.774698
0.945801
0.859858
0.594692
0.249038
0.411216
0.68313
0.983331
0.470114
0.624873
0.604892
0.054585
0.713118
0.401032
0.716646
0.839385
0.938706
0.464921
0.363878
0.838548
0.619458
0.674279
0.422133
0.01068
0.301651
0.030014
0.113583
0.14556
0.532231
0.897575
0.866907
0.765082
0.492464
0.038073
0.933057
0.343378
0.59064
0.849941
0.641252
0.263182
0.721647
0.326771
0.192794
0.014625
0.893074
0.811258
0.303172
0.03955
0.703245
0.327216
0.282224
0.015728
0.616676
0.587162
0.595764
0.224696
0.315122
0.309894
0.968395
0.629792
0.846508
0.594988
0.185178
0.208548
0.294895
0.528564
0.353259
0.800229
0.651689
0.694626
0.481157
0.967369
0.977292
0.98792
0.673358
0.265793
0.513482
0.792938
0.058073
0.899293
0.211672
0.953308
0.119916
0.001106
0.468507
0.036385
0.446242
0.555177
0.11191
0.551412
0.82403
0.073235
0.287752
0.572949
0.998095
0.722209
0.981075
0.170339
0.247698
0.238584
0.30785
0.816117
0.571977
0.88405
0.203816
0.12346
0.438193
0.495534
0.450013
0.35275
0.876828
0.982398
0.272873
0.765836
0.329333
0.05922
0.36154
0.424235
0.230982
0.120128
0.294102
0.008936
0.957295
0.543273
0.325048
0.08137
0.62281
0.528825
0.99777
0.506908
0.350948
0.582387
0.127925
0.656374
0.842519
0.44039
0.631636
0.851424
0.382537
0.832925
0.131767
0.808422
0.315459
0.411909
0.905945
0.432964
0.060008
0.424003
0.8628
0.982497
0.717321
0.220504
0.138027
0.316656
0.541431
0.182811
0.48007
0.991499
0.881815
0.977551
0.004841
0.074535
0.92685
0.455212
0.343644
0.93371
0.695541
0.717814
0.922323
0.449862
0.69116
0.842752
0.697591
0.247508
0.07387
0.867104
0.998171
0.425423
0.442331
0.584074
0.169756
0.896709
0.976365
0.34675
0.211418
0.656976
0.78277
0.513297
0.801908
0.054856
0.938882
0.674676
0.181631
0.527085
0.472386
0.094628
0.832281
0.142294
0.828919
0.503857
0.640872
0.286124
0.990191
0.37465
0.610406
0.600735
0.732897
0.398828
0.617264
0.699815
0.703646
0.927573
0.860146
0.20962
0.072496
0.849243
0.207019
0.550505
0.359359
0.15283
0.972765
0.108469
0.620167
0.678781
0.481702
0.999241
0.917312
0.141935
0.851092
0.907262
0.98164
0.815352
0.883746
0.367474
0.620163
0.221475
0.690943
0.225594
0.876103
0.480443
0.992909
0.703855
0.609798
0.083107
0.864325
0.391643
0.571154
0.930808
0.55914
0.258187
0.599366
0.549978
0.85575
0.552925
0.822697
0.347015
0.256766
0.30656
0.764254
0.24805
0.60549
0.507197
0.840137
0.350617
0.185148
0.499335
0.98702
0.117414
0.925667
0.536602
0.010911
0.425784
0.770339
0.354739
0.784366
0.81377
0.221462
0.432355
0.982706
0.703441
0.8949
0.686787
0.838214
0.740993
0.898986
0.697899
0.969096
0.562801
0.008234
0.566099
0.765948
0.699593
0.46203
0.746002
0.179995
0.341213
0.71492
0.79736
0.732361
0.638494
0.074617
0.425331
0.146988
0.014885
0.742821
0.684006
0.483098
0.274874
0.477996
0.413413
0.899269
0.840924
0.887759
0.453672
0.128133
0.640818
0.561167
0.328086
0.576507
0.566382
0.823873
0.898934
0.321594
0.027566
0.555281
0.705051
0.34254
0.782427
0.374176
0.3067
0.58726
0.871473
0.5107
0.026514
0.413268
0.295118
0.459186
0.344979
0.863238
0.795267
0.087363
0.779341
0.995972
0.098727
0.747137
0.601203
0.003578
0.403934
0.574419
0.419975
0.210394
0.417956
0.393026
0.187658
0.867913
0.515436
0.856957
0.510014
0.261813
0.9688
0.769985
0.304441
0.122836
0.88899
0.006943
0.577428
0.830851
0.97809
0.785342
0.628125
0.880755
0.738694
0.399338
0.813634
0.816351
0.849094
0.833644
0.446253
0.94364
0.891881
0.078468
0.222319
0.731588
0.538161
0.778811
0.952713
0.642931
0.197474
0.395134
0.691688
0.553487
0.401997
0.959603
0.080522
0.30311
0.252888
0.977913
0.961132
0.184991
0.33826
0.545414
0.300566
0.586904
0.59947
0.716501
0.904338
0.655808
0.505795
0.143224
0.684789
0.655653
0.292551
0.04126
0.72367
0.091564
0.518817
0.664338
0.949153
0.428738
0.938869
0.244453
0.803345
0.53534
0.289948
0.24041
0.284552
0.574276
0.435666
0.083578
0.251519
0.406964
0.120025
0.989548
0.405158
0.466299
0.43781
0.980008
0.034885
0.409122
0.268501
0.47324
0.616706
0.4109
0.713852
0.650428
0.300097
0.342183
0.442633
0.616167
0.246735
0.850624
0.013204
0.042297
0.826418
0.346578
0.101371
0.542168
0.957911
0.542268
0.790043
0.673948
0.503877
0.576518
0.417448
0.342965
0.182149
0.386754
0.484805
0.045975
0.904281
0.806394
0.562785
0.926623
0.229007
0.165624
0.219022
0.213414
0.168305
0.751276
0.342372
0.120437
0.899805
0.407941
0.290281
0.542741
0.964399
0.217459
0.286157
0.285051
0.57872
0.169032
0.461882
0.236987
0.108137
0.038024
0.835915
0.338306
0.39767
0.477742
0.939987
0.934023
0.032285
0.79904
0.063564
0.793028
0.408135
0.911808
0.594875
0.498994
0.994384
0.993113
0.032914
0.210538
0.902085
0.114459
0.165663
0.814255
0.670764
0.066214
0.301392
0.704568
0.340456
0.310932
0.694445
0.700331
0.068098
0.832901
0.541974
0.349627
0.476647
0.140109
0.757503
0.98175
0.370113
0.387684
0.038867
0.677601
0.576758
0.636503
0.527575
0.576805
0.954807
0.817086
0.72806
0.375053
0.973733
0.721451
0.726351
0.271149
0.806248
0.262196
0.226238
0.835854
0.926991
0.938363
0.332204
0.308516
0.569287
0.458395
0.818493
0.280871
0.473331
0.455846
0.437169
0.45795
0.763062
0.226385
0.043397
0.715792
0.964815
0.590346
0.299442
0.349432
0.962674
0.406454
0.472911
0.050169
0.102635
0.191324
0.705856
0.063024
0.565362
0.982158
0.282792
0.117272
0.622444
0.715068
0.380618
0.491973
0.115186
0.794727
0.71767
0.536871
0.019709
0.796172
0.934145
0.344568
0.755786
0.601563
0.192723
0.688677
0.055846
0.485148
0.836791
0.776362
0.657043
0.5385
0.465149
0.65358
0.621124
0.408496
0.317343
0.606225
0.998707
0.248823
0.960279
0.723442
0.45279
0.24819
0.842291
0.475341
0.185025
0.35861
0.567937
0.697126
0.008952
0.297902
0.744494
0.372246
0.330692
0.079425
0.570589
0.526395
0.649121
0.214156
0.792511
0.765825
0.294355
0.188955
0.873263
0.798186
0.199545
0.498051
0.02903
0.097053
0.541435
0.832006
0.525451
0.218046
0.426018
0.178289
0.633678
0.331889
0.514727
0.793055
0.944149
0.131356
0.645738
0.056439
0.015305
0.41086
0.625186
0.166549
0.274636
0.930249
0.095795
0.388502
0.266254
0.73689
0.829691
0.043181
0.546135
0.249502
0.336296
0.050836
0.651052
0.858407
0.084405
0.393055
0.878589
0.149274
0.366763
0.41032
0.574588
0.427353
0.553783
0.91778
0.700148
0.718936
0.965796
0.496056
0.523295
0.026529
0.805693
0.435641
0.813226
0.911124
0.84464
0.760591
0.508522
0.321094
0.193626
0.933342
0.642348
0.209411
0.31714
0.914407
0.871328
0.710811
0.361618
0.449535
0.486198
0.021528
0.332266
0.705346
0.709091
0.264316
0.320835
0.584697
0.237137
0.02936
0.113295
0.288048
0.123214
0.012808
0.430368
0.240844
0.621329
0.013452
0.579595
0.555894
0.599482
0.844159
0.231879
0.869075
0.712624
0.870686
0.243546
0.403214
0.704743
0.294144
0.362149
0.661849
0.891881
0.209182
0.866055
0.582975
0.832872
0.340422
0.495081
0.227907
0.440788
0.776078
0.852291
0.996017
0.91729
0.1839
0.517426
0.064878
0.489326
0.811424
0.040947
0.552635
0.264456
0.075255
0.702435
0.718034
0.524725
0.376851
0.603399
0.00835
0.028444
0.062582
0.328093
0.906491
0.285187
0.921911
0.999032
0.226857
0.578807
0.362576
0.830184
0.776296
0.231871
0.402185
0.912912
0.363475
0.798215
0.249853
0.349921
0.918889
0.403526
0.832177
0.359618
0.435405
0.069882
0.776108
0.634284
0.410792
0.67775
0.632338
0.427982
0.863112
0.832787
0.325785
0.12895
0.409315
0.125943
0.198884
0.573505
0.582782
0.798073
0.500502
0.405532
0.893755
0.461364
0.733875
0.897875
0.319724
0.30798
0.414614
0.664821
0.815341
0.688869
0.402719
0.048643
0.163209
0.929621
0.050912
0.365944
0.240058
0.973667
0.026254
0.872114
0.365014
0.614376
0.959038
0.60232
0.547019
0.581818
0.900772
0.253086
0.254941
0.878693
0.281668
0.204033
0.494162
0.971014
0.492329
0.790521
0.796039
0.949621
0.508283
0.012397
0.651983
0.680055
0.819021
0.079478
0.763705
0.72666
0.190805
0.300127
0.804486
0.317665
0.183299
0.046457
0.652832
0.508842
0.672846
0.225777
0.008251
0.47942
0.760784
0.044947
0.734253
0.859962
0.802325
0.641509
0.10013
0.15068
0.52506
0.861999
0.338093
0.986193
0.339109
0.256914
0.59898
0.268692
0.899901
0.514268
0.132842
0.172747
0.704408
0.467729
0.102198
0.772338
0.586165
0.635594
0.896959
0.168667
0.861743
0.183505
0.282865
0.46643
0.26228
0.654649
0.394858
0.217436
0.819967
0.697452
0.281334
0.026134
0.237929
0.065033
0.746533
0.573929
0.325845
0.726702
0.882256
0.156787
0.682763
0.139306
0.617234
0.295193
0.286136
0.380427
0.553191
0.128656
0.488602
0.694854
0.980518
0.410916
0.645106
0.384214
0.518329
0.192552
0.669063
0.167267
0.536338
0.776021
0.461936
0.119783
0.699442
0.439646
0.636969
0.107245
0.249953
0.001061
0.21398
0.064616
0.669187
0.153431
0.770425
0.116239
0.903267
0.27282
0.246061
0.111173
0.985142
0.062198
0.940639
0.651606
0.652476
0.999154
0.469145
0.197419
0.227901
0.528877
0.096062
0.538659
0.527478
0.850011
0.496268
0.693582
0.114096
0.136182
0.412128
0.54634
0.848234
0.149125
0.925958
0.844537
0.948613
0.538017
0.835787
0.883236
0.462136
0.024137
0.050592
0.382888
0.62007
0.772164
0.614626
0.763847
0.592365
0.532509
0.179986
0.262772
0.524531
0.328826
0.01675
0.759786
0.18292
0.197654
0.027937
0.845775
0.907654
0.480359
0.450112
0.948903
0.804404
0.405762
0.493222
0.86585
0.102678
0.523809
0.000564
0.224962
0.393607
0.418003
0.717505
0.139645
0.515701
0.217879
0.801087
0.799829
0.885614
0.253318
0.856025
0.870326
0.079576
0.583406
0.490395
0.429605
0.402816
0.700839
0.547639
0.232523
0.546898
0.512984
0.953692
0.010546
0.498025
0.009648
0.643352
0.019396
0.119527
0.018167
0.396238
0.880312
0.465419
0.109017
0.660922
0.14915
0.551061
0.658155
0.024558
0.103537
0.900016
0.861195
0.915054
0.175337
0.570589
0.461221
0.315933
0.449939
0.89769
0.079125
0.312514
0.424795
0.67408
0.457759
0.264788
0.530262
0.773597
0.044097
0.864175
0.575659
0.996274
0.96226
0.212797
0.726421
0.812596
0.024201
0.132265
0.672158
0.44797
0.684087
0.088312
0.755829
0.922753
0.476763
0.274085
0.766064
0.328705
0.719444
0.196404
0.264889
0.952507
0.908381
0.514687
0.504105
0.762192
0.111435
0.991165
0.159024
0.063859
0.071341
0.923799
0.45975
0.397155
0.972961
0.242439
0.644898
0.414784
0.903968
0.951195
0.135346
0.373882
0.470255
0.179092
0.603464
0.7722
0.135061
0.236065
0.783781
0.86205
0.638265
0.706543
0.831573
0.479935
0.831377
0.29773
0.43152
0.040797
0.622241
0.111962
0.645826
0.440586
0.810609
0.053296
0.60867
0.453269
0.016887
0.868384
0.494251
0.240692
0.23826
0.80542
0.885611
0.141719
0.407737
0.70352
0.069661
0.098017
0.521376
0.980725
0.066599
0.515292
0.103044
0.133785
0.490673
0.472588
0.824535
0.785666
0.583982
0.750733
0.252706
0.525006
0.452423
0.443839
0.290549
0.591397
0.739502
0.596227
0.43686
0.336403
0.556896
0.365579
0.521906
0.080371
0.399094
0.503266
0.797721
0.808322
0.764619
0.650525
0.236421
0.689585
0.236371
0.320201
0.948136
0.899788
0.888774
0.933933
0.624376
0.578261
0.281371
0.12594
0.142999
0.165306
0.765594
0.067035
0.639108
0.793363
0.408579
0.499882
0.353665
0.488063
0.784644
0.15631
0.751581
0.138136
0.658985
0.08825
0.553155
0.956225
0.991025
0.971807
0.28079
0.464855
0.071813
0.979184
0.321175
0.159579
0.697515
0.264246
0.048267
0.740443
0.194062
0.062331
0.962269
0.247693
0.115458
0.62192
0.257209
0.703023
0.518269
0.229065
0.297121
0.651955
0.517113
0.700929
0.217623
0.278624
0.247056
0.629658
0.707825
0.220393
0.661467
0.703961
0.55549
0.195598
0.244159
0.678856
0.978238
0.928006
0.832617
0.022311
0.027787
0.745416
0.869462
0.022207
0.67855
0.441475
0.057544
0.11685
0.228864
0.6236
0.937701
0.854226
0.532656
0.916492
0.778251
0.293533
0.785412
0.79501
0.6048
0.853406
0.640419
0.843545
0.643256
0.228945
0.78774
0.112612
0.479595
0.866991
0.02171
0.999721
0.674087
0.025709
0.54114
0.839882
0.549794
0.255091
0.519418
0.079214
0.490719
0.309692
0.536557
0.052805
0.997764
0.649128
0.992278
0.639109
0.345132
0.547023
0.501666
0.598044
0.989364
0.099017
0.183001
0.727766
0.279561
0.751777
0.117836
0.230695
0.31058
0.485844
0.906738
0.212306
0.638382
0.649408
0.300152
0.075967
0.838067
0.795728
0.823711
0.07046
0.367605
0.992235
0.382302
0.830315
0.091938
0.30767
0.66894
0.503377
0.589815
0.183807
0.629896
0.659844
0.772839
0.380749
0.167847
0.05368
0.88872
0.495838
0.801052
0.580481
0.082992
0.861415
0.055202
0.309762
0.669171
0.816619
0.996118
0.361935
0.947884
0.171809
0.548784
0.311093
0.016899
0.632945
0.516959
0.729559
0.776777
0.478987
0.365531
0.940963
0.961981
0.240333
0.993344
0.608187
0.019968
0.761104
0.370937
0.93276
0.208984
0.36255
0.319379
0.562155
0.3312
0.507061
0.17522
0.431069
0.275609
0.575041
0.849637
0.429724
0.769419
0.744677
0.019724
0.732087
0.424911
0.065285
0.5128
0.800397
0.087049
0.54657
0.544179
0.470819
0.229743
0.180975
0.645411
0.642133
0.812583
0.496947
0.742647
0.7461
0.696159
0.61223
0.185945
0.581429
0.550835
0.877452
0.234626
0.159708
0.381978
0.320764
0.022789
0.182156
0.961412
0.485854
0.230513
0.174629
0.530244
0.558133
0.328348
0.291469
0.3117
0.895232
0.543149
0.289932
0.881461
0.087706
0.510928
0.548417
0.253516
0.373281
0.733723
0.128824
0.782451
0.43731
0.616801
0.639136
0.28516
0.352771
0.748259
0.382475
0.825277
0.697773
0.492509
0.011027
0.635654
0.296066
0.480696
0.358305
0.376566
0.1677
0.013853
0.278771
0.520118
0.019358
0.449297
0.664819
0.263993
0.48989
0.499511
0.747308
0.764332
0.056603
0.926671
0.018683
0.258116
0.266238
0.112904
0.954318
0.45515
0.500371
0.305704
0.102605
0.068152
0.471011
0.51102
0.143287
0.140927
0.131696
0.061241
0.272588
0.96531
0.078145
0.742323
0.811705
0.99026
0.372681
0.493742
0.008791
0.15482
0.187594
0.009904
0.783154
0.152274
0.888645
0.646295
0.223446
0.417369
0.373938
0.805332
0.572879
0.589545
0.913584
0.555667
0.249229
0.218105
0.529701
0.852444
0.331441
0.285258
0.864915
0.03702
0.500408
0.413814
0.082662
0.748828
0.56061
0.958892
0.769943
0.356649
0.856261
0.439921
0.273047
0.068269
0.423521
0.983554
0.765764
0.273822
0.941294
0.620257
0.466903
0.84772
0.04683
0.834225
0.637332
0.93295
0.883423
0.997122
0.478269
0.085696
0.864432
0.186704
0.001277
0.699822
0.988352
0.926842
0.788
0.557303
0.990952
0.723161
0.508476
0.389009
0.221855
0.827443
0.60683
0.344158
0.211275
0.465889
0.034756
0.364216
0.447036
0.71105
0.685846
0.564255
0.395512
0.167304
0.673906
0.109943
0.573619
0.164996
0.878413
0.170749
0.871604
0.221711
0.763463
0.642754
0.606585
0.977774
0.906395
0.191928
0.406519
0.006655
0.610084
0.90733
0.032716
0.482758
0.254057
0.590282
0.593819
0.915186
0.810336
0.461415
0.170117
0.33436
0.185703
0.848532
0.751952
0.126747
0.325435
0.148389
0.868405
0.218753
0.383832
0.279959
0.404093
0.868382
0.987941
0.516104
0.91803
0.16568
0.932024
0.304669
0.953488
0.755616
0.423738
0.196549
0.456273
0.540503
0.515725
0.933835
0.231222
0.783325
0.859308
0.622652
0.132226
0.831292
0.354634
0.530873
0.696558
0.385348
0.908202
0.408697
0.102953
0.396798
0.70055
0.370876
0.343211
0.250312
0.945802
0.98986
0.578952
0.480452
0.23495
0.350361
0.49435
0.246688
0.713046
0.019975
0.145732
0.888085
0.770196
0.845528
0.569292
0.920577
0.995023
0.389212
0.324249
0.732674
0.063663
0.863144
0.868681
0.455152
0.033694
0.471657
0.698426
0.086091
0.289775
0.717046
0.080815
0.079757
0.375824
0.535673
0.56023
0.303555
0.396301
0.35667
0.963669
0.721833
0.016554
0.36048
0.263166
0.488084
0.894742
0.426117
0.831729
0.25356
0.741848
0.278735
0.067016
0.922163
0.228981
0.075779
0.733921
0.469362
0.065581
0.308746
0.686049
0.37329
0.60064
0.339098
0.481698
0.762464
0.688518
0.180084
0.064321
0.630482
0.923801
0.136932
0.343899
0.480891
0.695942
0.638845
0.872208
0.783047
0.750236
0.262407
0.833538
0.087012
0.82578
0.155078
0.662448
0.650641
0.274393
0.318705
0.555287
0.223313
0.882348
0.144521
0.986331
0.855387
0.735183
0.513796
0.825708
0.551938
0.725663
0.691098
0.256787
0.218933
0.040214
0.71495
0.168564
0.787913
0.274721
0.430526
0.284301
0.141229
0.103193
0.641346
0.306483
0.021089
0.185719
0.603607
0.662435
0.721917
0.773866
0.939897
0.970837
0.860079
0.245651
0.243462
0.653706
0.973222
0.888595
0.63731
0.274915
0.523606
0.392273
0.473934
0.490807
0.112962
0.126691
0.479354
0.785704
0.599923
0.635233
0.81792
0.644697
0.40362
0.280727
0.354537
0.464814
0.593475
0.510773
0.063257
0.835437
0.183584
0.731716
0.767471
0.731091
0.800237
0.212513
0.420334
0.193078
0.592154
0.278192
0.848284
0.704085
0.450058
0.462944
0.008217
0.856036
0.665942
0.994149
0.439128
0.266803
0.47807
0.371589
0.331908
0.186387
0.4119
0.04346
0.597806
0.670667
0.278718
0.369014
0.547238
0.574122
0.504527
0.103869
0.475776
0.6761
0.178016
0.593408
0.272163
0.806156
0.404069
0.264052
0.171197
0.376597
0.042345
0.72544
0.000655
0.512409
0.142602
0.901249
0.827701
0.996608
0.076913
0.491027
0.626073
0.141674
0.506475
0.175
0.925497
0.202569
0.933033
0.599046
0.854719
0.319664
0.030295
0.195703
0.719168
0.80121
0.182933
0.220138
0.411594
0.81995
0.075993
0.495546
0.40651
0.35098
0.434851
0.069117
0.261789
0.407994
0.209245
0.656228
0.600922
0.739849
0.819061
0.086247
0.962986
0.708742
0.418339
0.014444
0.759193
0.006693
0.169696
0.049433
0.709088
0.214616
0.37444
0.576602
0.978971
0.408286
0.326689
0.112723
0.255868
0.075253
0.610411
0.119447
0.188565
0.622908
0.43665
0.285641
0.118853
0.09389
0.015315
0.455897
0.002339
0.249039
0.645351
0.866861
0.141652
0.234204
0.670994
0.468738
0.537769
0.670218
0.303563
0.532551
0.775596
0.07997
0.76851
0.559162
0.482312
0.224668
0.762098
0.27038
0.260869
0.40924
0.802691
0.629746
0.779236
0.267613
0.643998
0.351099
0.455462
0.424506
0.396149
0.786404
0.447943
0.896229
0.170011
0.67826
0.86076
0.69677
0.46482
0.328759
0.067635
0.774002
0.473631
0.125521
0.245009
0.906636
0.270502
0.058541
0.142267
0.201637
0.263949
0.805586
0.763081
0.809657
0.232584
0.127185
0.983327
0.928125
0.719479
0.618833
0.876159
0.669854
0.177611
0.703807
0.51248
0.146751
0.796112
0.457576
0.802435
0.713247
0.970909
0.609424
0.756755
0.95894
0.01966
0.478819
0.98231
0.456066
0.535084
0.651708
0.233623
0.807334
0.870093
0.562906
0.356718
0.820321
0.202178
0.218677
0.782381
0.180219
0.479605
0.539499
0.884254
0.31975
0.404491
0.993122
0.700495
0.785855
0.922158
0.552423
0.79833
0.395157
0.327411
0.046202
0.906943
0.750354
0.402938
0.009083
0.127629
0.893827
0.288839
0.880808
0.296943
0.163417
0.77842
0.414789
0.205716
0.985966
0.410313
0.353216
0.7539
0.409837
0.496073
0.813583
0.228449
0.71398
0.598568
0.515776
0.946237
0.855878
0.990561
0.11674
0.494378
0.308061
0.335934
0.829092
0.246611
0.796878
0.340554
0.172269
0.702989
0.209905
0.362172
0.328302
0.620251
0.281996
0.479134
0.755756
0.029052
0.959882
0.279474
0.756939
0.290581
0.305264
0.791257
0.392853
0.183327
0.348417
0.425312
0.602531
0.217748
0.573283
0.64793
0.102125
0.206195
0.244293
0.277652
0.782396
0.78221
0.694299
0.799475
0.279908
0.479525
0.787663
0.524724
0.11342
0.711912
0.685914
0.549435
0.925994
0.335859
0.969612
0.457328
0.47709
0.740457
0.22955
0.109759
0.889041
0.362789
0.817496
0.781308
0.649443
0.374749
0.176517
0.381248
0.687338
0.280679
0.799587
0.977484
0.717912
0.766664
0.866724
0.171664
0.800443
0.843111
0.853248
0.272426
0.867401
0.877824
0.552797
0.545428
0.441705
0.651769
0.056252
0.500821
0.477433
0.54566
0.34089
0.90972
0.348334
0.061218
0.532089
0.89081
0.813921
0.991785
0.397104
0.714999
0.890543
0.738589
0.69194
0.471856
0.727872
0.108254
0.183758
0.319762
0.996329
0.793804
0.332462
0.189066
0.675307
0.532848
0.028493
0.030746
0.428705
0.610574
0.496077
0.232981
0.942566
0.380376
0.569678
0.101257
0.481462
0.856083
0.273403
0.178679
0.031284
0.28073
0.214453
0.860353
0.221429
0.661364
0.236126
0.008506
0.821462
0.385215
0.932383
0.908544
0.778031
0.683151
0.398194
0.620924
0.231701
0.478092
0.443401
0.855418
0.189421
0.31807
0.644471
0.686779
0.48502
0.270188
0.816121
0.603797
0.990529
0.340131
0.601888
0.91741
0.946834
0.347888
0.377251
0.500801
0.188408
0.751396
0.134031
0.012159
0.71731
0.781415
0.070339
0.954569
0.090892
0.609098
0.052406
0.118347
0.0888
0.768051
0.088477
0.54884
0.270193
0.058293
0.386677
0.502754
0.223109
0.367143
0.755366
0.813257
0.738571
0.237639
0.974662
0.166716
0.247189
0.328955
0.612384
0.622003
0.704641
0.21563
0.424032
0.677215
0.077766
0.579898
0.388086
0.822253
0.023743
0.375599
0.139609
0.158467
0.241098
0.01333
0.785067
0.395193
0.397528
0.963284
0.454291
0.593232
0.916673
0.74836
0.842275
0.281386
0.57324
0.703275
0.676544
0.650423
0.553135
0.769491
0.889497
0.352145
0.001086
0.034498
0.468529
0.172305
0.409789
0.314026
0.930209
0.366002
0.855814
0.9482
0.839739
0.215662
0.43877
0.088984
0.042513
0.554817
0.93826
0.573492
0.254001
0.125433
0.562621
0.013578
0.935293
0.359894
0.838576
0.0722
0.056405
0.395345
0.955536
0.27951
0.921766
0.097146
0.481415
0.711382
0.059307
0.099233
0.191348
0.251249
0.637504
0.798324
0.462493
0.866293
0.832423
0.122573
0.590194
0.997812
0.47019
0.37838
0.069583
0.543337
0.465076
0.083511
0.605887
0.872057
0.765016
0.968994
0.215655
0.983536
0.505137
0.319537
0.557425
0.623629
0.380564
0.731435
0.451998
0.463849
0.05
0.623945
0.490384
0.095766
0.078639
0.377737
0.427279
0.730592
0.846418
0.604756
0.079256
0.956498
0.202348
0.313146
0.57539
0.826126
0.044539
0.772911
0.588246
0.266559
0.751713
0.71842
0.970326
0.598258
0.422166
0.168583
0.259248
0.180609
0.541607
0.930644
0.140167
0.899754
0.890637
0.460594
0.025438
0.676534
0.267844
0.114433
0.900689
0.77391
0.295676
0.783815
0.696731
0.256354
0.907706
0.133198
0.521038
0.191124
0.039449
0.245098
0.002143
0.622524
0.460345
0.458399
0.257043
0.795287
0.324925
0.341244
0.318576
0.573741
0.165442
0.713877
0.670859
0.308639
0.803556
0.888688
0.534028
0.570947
0.667764
0.191235
0.732817
0.415041
0.484691
0.045628
0.735702
0.681318
0.674262
0.179712
0.935701
0.697661
0.399254
0.406209
0.681429
0.586607
0.45333
0.956313
0.77791
0.376666
0.827606
0.717761
0.612931
0.491777
0.298684
0.639137
0.879008
0.992149
0.326128
0.872739
0.541709
0.816307
0.037995
0.791212
0.829998
0.519239
0.937476
0.107526
0.88332
0.397739
0.142809
0.745257
0.820147
0.431823
0.845563
0.164407
0.200614
0.430438
0.092756
0.315496
0.693494
0.78526
0.681308
0.93163
0.661679
0.054171
0.868058
0.283374
0.102088
0.124745
0.587835
0.987133
0.808931
0.181924
0.521522
0.680177
0.246313
0.432823
0.245944
0.236188
0.014795
0.54372
0.419226
0.561728
0.290541
0.522397
0.482385
0.408739
0.734765
0.522396
0.048656
0.799012
0.713584
0.477562
0.238956
0.023549
0.867891
0.412465
0.89285
0.312065
0.483242
0.107027
0.8477
0.049885
0.733629
0.760565
0.927343
0.729694
0.518294
0.50656
0.267853
0.999072
0.627769
0.814974
0.615371
0.578603
0.139106
0.847603
0.694049
0.834426
0.264054
0.073323
0.758827
0.810044
0.622867
0.064982
0.500288
0.081644
0.86132
0.147448
0.081886
0.953032
0.76908
0.114511
0.299087
0.613071
0.627557
0.364277
0.872062
0.68529
0.297101
0.899288
0.720048
0.835414
0.392467
0.664924
0.268186
0.824532
0.526124
0.563376
0.408568
0.342307
0.000982
0.841222
0.431499
0.945895
0.135318
0.065194
0.201176
0.10424
0.790935
0.090393
0.798331
0.066073
0.479131
0.599322
0.682077
0.981435
0.567869
0.712756
0.533868
0.88085
0.094692
0.01216
0.87807
0.697146
0.78853
0.778966
0.350659
0.366416
0.910228
0.924871
0.781961
0.185407
0.299534
0.151235
0.817574
0.013831
0.693548
0.479345
0.208633
0.719477
0.964432
0.304916
0.56161
0.453479
0.848065
0.569664
0.773919
0.166628
0.455627
0.008187
0.244229
0.4272
0.163706
0.124493
0.849466
0.112259
0.364268
0.059223
0.978247
0.834096
0.711636
0.600165
0.264712
0.671657
0.050572
0.518046
0.31895
0.209428
0.264987
0.913546
0.15685
0.781174
0.670606
0.254426
0.074982
0.084683
0.644714
0.263807
0.276618
0.211762
0.767079
0.616714
0.540269
0.900061
0.152338
0.73863
0.597158
0.681701
0.49891
0.149519
0.580102
0.832249
0.233626
0.489494
0.397313
0.697737
0.99061
0.530732
0.078228
0.361583
0.4952
0.601095
0.338629
0.217534
0.910604
0.944958
0.362518
0.813548
0.179449
0.58235
0.537394
0.772006
0.554455
0.296338
0.090398
0.096896
0.92021
0.26899
0.975712
0.003783
0.461671
0.390636
0.002024
0.060547
0.664378
0.715377
0.253734
0.577918
0.846122
0.488597
0.819551
0.912417
0.736948
0.688518
0.899993
0.923224
0.746291
0.225814
0.593078
0.133296
0.474373
0.835711
0.072602
0.332906
0.21873
0.173432
0.476893
0.674905
0.923086
0.051085
0.328158
0.955868
0.425246
0.024103
0.363777
0.849905
0.948501
0.305857
0.565421
0.82112
0.462854
0.574151
0.043568
0.079193
0.460472
0.932473
0.800034
0.910536
0.821367
0.360599
0.990586
0.347923
0.694559
0.535488
0.661062
0.239884
0.613261
0.29442
0.158354
0.448763
0.512609
0.795114
0.580048
0.225604
0.570516
0.391184
0.527873
0.353841
0.706659
0.615308
0.930432
0.059341
0.901369
0.523648
0.091387
0.961816
0.832263
0.705277
0.800688
0.222021
0.240348
0.890528
0.196321
0.703579
0.570472
0.107496
0.069728
0.943317
0.601872
0.5139
0.972301
0.78199
0.171092
0.724582
0.796664
0.361406
0.065501
0.258187
0.447835
0.217823
0.90126
0.378845
0.321877
0.45624
0.425872
0.636211
0.660037
0.787135
0.435192
0.062484
0.289709
0.792071
0.215785
0.866999
0.531794
0.297939
0.350519
0.640927
0.378847
0.508869
0.873794
0.324825
0.421781
0.341479
0.352243
0.098157
0.869612
0.632531
0.867247
0.303434
0.203423
0.807701
0.635725
0.395675
0.751329
0.485994
0.272021
0.458152
0.563895
0.5456
0.553985
0.778767
0.625167
0.420523
0.261989
0.309628
0.677834
0.855674
0.138983
0.015629
0.485661
0.350596
0.442753
0.465163
0.394293
0.207312
0.472239
0.422997
0.165763
0.296649
0.230359
0.671535
0.248307
0.185311
0.44414
0.419423
0.941517
0.622082
0.729729
0.041273
0.439406
0.356273
0.693704
0.937452
0.809732
0.441754
0.207616
0.821642
0.396811
0.454916
0.23193
0.554549
0.38691
0.873156
0.456269
0.554255
0.171088
0.548322
0.297142
0.898175
0.216625
0.914053
0.313224
0.034137
0.977597
0.739989
0.913728
0.786752
0.013132
0.118293
0.66036
0.724977
0.104546
0.450211
0.106348
0.256119
0.694283
0.041323
0.697614
0.484936
0.23132
0.874062
0.836296
0.761894
0.115555
0.795617
0.039424
0.241087
0.368617
0.933994
0.480219
0.706369
0.364521
0.825755
0.330896
0.424721
0.21125
0.195192
0.340878
0.357564
0.349623
0.11586
0.248943
0.625516
0.109434
0.721597
0.823235
0.504536
0.43928
0.320815
0.661939
0.021036
0.831664
0.693014
0.433813
0.502327
0.291446
0.13011
0.235045
0.775912
0.360433
0.345868
0.869348
0.795848
0.696337
0.895144
0.945934
0.82468
0.302479
0.703118
0.86742
0.576548
0.743112
0.965479
0.895888
0.014669
0.709793
0.970989
0.243331
0.681348
0.464054
0.70224
0.312909
0.119892
0.232953
0.379398
0.927983
0.866792
0.166301
0.826833
0.420774
0.417759
0.679096
0.011109
0.175797
0.777202
0.295203
0.880768
0.474825
0.500003
0.661092
0.791693
0.634691
0.222587
0.158529
0.952476
0.240469
0.195417
0.663655
0.229988
0.986512
0.635469
0.880307
0.327336
0.521829
0.578429
0.913854
0.219403
0.756682
0.289931
0.212306
0.922152
0.758715
0.101753
0.527044
0.393409
0.380079
0.539332
0.828561
0.26199
0.081316
0.11309
0.503999
0.406046
0.389814
0.241889
0.609478
0.637572
0.817582
0.023644
0.476506
0.748946
0.663231
0.755985
0.501266
0.199763
0.813656
0.012924
0.699836
0.720733
0.810135
0.537186
0.403829
0.884487
0.858062
0.965938
0.291609
0.036461
0.562434
0.849471
0.991973
0.859023
0.66517
0.221707
0.039789
0.462063
0.827599
0.128399
0.145059
0.615434
0.667793
0.989677
0.693985
0.451139
0.675518
0.132545
0.681724
0.674515
0.670337
0.396833
0.403874
0.510851
0.225375
0.684892
0.838431
0.319061
0.770673
0.016476
0.372354
0.70004
0.633957
0.030248
0.223968
0.82902
0.894134
0.205831
0.345751
0.565278
0.814548
0.284097
0.505371
0.368758
0.193923
0.450738
0.443607
0.107434
0.981289
0.92714
0.854263
0.556623
0.822575
0.916321
0.183354
0.685817
0.121574
0.557623
0.240552
0.417581
0.829433
0.118072
0.32935
0.448626
0.832341
0.242984
0.501752
0.622153
0.555574
0.453487
0.617671
0.326666
0.603924
0.052287
0.650446
0.067247
0.093461
0.535173
0.860722
0.202289
0.910302
0.414999
0.808308
0.029377
0.249148
0.434416
0.027391
0.378881
0.199638
0.304876
0.255867
0.026412
0.185399
0.896505
0.936096
0.047386
0.267841
0.86934
0.305638
0.89539
0.566148
0.182802
0.444447
0.141268
0.148453
0.994845
0.694312
0.024835
0.849657
0.643091
0.719487
0.108842
0.803996
0.244148
0.7492
0.648987
0.715025
0.602218
0.044372
0.420053
0.928167
0.812969
0.146997
0.569657
0.188789
0.61315
0.021681
0.94368
0.400519
0.372123
0.723371
0.452007
0.899184
0.246573
0.706372
0.71551
0.396869
0.44335
0.847277
0.856251
0.961773
0.949311
0.577461
0.289158
0.16378
0.295222
0.075865
0.033074
0.388366
0.785996
0.765796
0.555774
0.753094
0.388809
0.5646
0.424091
0.654157
0.999744
0.195696
0.112423
0.800742
0.479199
0.503271
0.528196
0.229109
0.956639
0.052436
0.268199
0.388215
0.995659
0.262791
0.420903
0.677423
0.947868
0.863668
0.493379
0.081629
0.854386
0.957654
0.892923
0.251079
0.818294
0.487558
0.350851
0.57286
0.721026
0.800214
0.178377
0.811551
0.298409
0.823863
0.662078
0.624981
0.487445
0.963912
0.160707
0.742646
0.233502
0.72194
0.746239
0.494012
0.295324
0.062412
0.059767
0.574566
0.131091
0.359844
0.477068
0.272682
0.548105
0.562674
0.558159
0.603003
0.2879
0.414343
0.477697
0.097598
0.717949
0.954187
0.388991
0.348768
0.318057
0.19024
0.933189
0.116437
0.057119
0.22096
0.504663
0.289875
0.285482
0.89061
0.150568
0.73793
0.948173
0.421052
0.582401
0.450131
0.825278
0.329666
0.880194
0.3955
0.330681
0.419207
0.089445
0.175865
0.416231
0.146429
0.326941
0.617954
0.0943
0.851275
0.676791
0.397159
0.585161
0.432996
0.74825
0.84309
0.78654
0.900461
0.650865
0.825837
0.798164
0.529761
0.979099
0.785803
0.347214
0.691319
0.732327
0.803501
0.72997
0.99127
0.370153
0.660436
0.688566
0.750253
0.53056
0.37833
0.741064
0.61111
0.599093
0.652771
0.918324
0.945326
0.697403
0.760468
0.859244
0.319032
0.864522
0.784282
0.14125
0.691488
0.666346
0.41955
0.501811
0.626561
0.999732
0.270003
0.587066
0.711491
0.123558
0.851548
0.161737
0.069336
0.316795
0.635594
0.461925
0.540725
0.120477
0.318497
0.186679
0.926261
0.042764
0.075863
0.094151
0.567743
0.274567
0.112332
0.988755
0.704825
0.765115
0.515479
0.029596
0.305149
0.556326
0.90526
0.522285
0.513996
0.809325
0.896288
0.878296
0.626386
0.957653
0.301812
0.049647
0.815462
0.671469
0.259813
0.620922
0.415132
0.263776
0.066131
0.042179
0.936405
0.939791
0.139915
0.376774
0.910655
0.8098
0.378208
0.888686
0.101422
0.426758
0.691798
0.588108
0.351974
0.064227
0.86941
0.368952
0.188492
0.189432
0.97887
0.536682
0.13419
0.878259
0.343248
0.126611
0.636829
0.543877
0.650845
0.384672
0.716782
0.321061
0.766836
0.552467
0.267415
0.492746
0.340226
0.886945
0.935523
0.037769
0.556876
0.035748
0.287923
0.692874
0.007254
0.324508
0.865858
0.160243
0.983911
0.879213
0.313783
0.718947
0.970457
0.944897
0.705605
0.496527
0.239356
0.875365
0.487478
0.937983
0.780816
0.00119
0.981281
0.250238
0.825409
0.044179
0.031253
0.783899
0.649454
0.673652
0.250417
0.385815
0.546596
0.651895
0.776165
0.585428
0.06437
0.990934
0.291665
0.355282
0.943335
0.351797
0.591667
0.234953
0.683764
0.627866
0.29656
0.974292
0.342242
0.169126
0.672753
0.421732
0.000256
0.885129
0.048874
0.122586
0.654766
0.5997
0.882859
0.427922
0.865374
0.640538
0.639123
0.665671
0.100059
0.920021
0.071188
0.322442
0.990252
0.809128
0.943375
0.342316
0.311521
0.622141
0.625535
0.715646
0.310947
0.646631
0.213103
0.123985
0.984067
0.371377
0.514464
0.356965
0.395366
0.639034
0.469215
0.624668
0.014728
0.581484
0.751379
0.258519
0.717731
0.39241
0.752705
0.034181
0.605468
0.647237
0.572993
0.910563
0.830698
0.677262
0.954881
0.960031
0.594789
0.593627
0.164236
0.626042
0.479445
0.661696
0.839607
0.18834
0.594011
0.937251
0.081481
0.327478
0.829943
0.58579
0.980596
0.927599
0.233903
0.80858
0.718457
0.083938
0.944063
0.569394
0.747551
0.950344
0.297375
0.010306
0.693737
0.702307
0.125653
0.870767
0.258444
0.025024
0.163026
0.532484
0.956454
0.794781
0.450062
0.716485
0.86464
0.11268
0.736271
0.014327
0.884182
0.313577
0.687204
0.41023
0.463007
0.692615
0.231899
0.861952
0.559175
0.924122
0.84225
0.294531
0.090774
0.50861
0.099585
0.204345
0.348376
0.361766
0.754363
0.903732
0.069393
0.324004
0.634552
0.411732
0.539357
0.462932
0.336861
0.577375
0.416658
0.830295
0.940009
0.321821
0.502625
0.00391
0.53456
0.655478
0.685831
0.425912
0.718377
0.325739
0.656566
0.813737
0.682537
0.469356
0.884943
0.367443
0.19641
0.482698
0.89557
0.000631
0.114801
0.592613
0.049504
0.475714
0.113067
0.115871
0.181596
0.064067
0.233338
0.442309
0.264188
0.802073
0.524374
0.88307
0.00698
0.66829
0.580125
0.53351
0.68148
0.850805
0.988322
0.955976
0.957136
0.911679
0.025986
0.008606
0.088394
0.829845
0.432927
0.36089
0.030502
0.084514
0.280626
0.013225
0.102077
0.123235
0.516509
0.568455
0.515326
0.471686
0.664134
0.806628
0.440508
0.107589
0.710776
0.518084
0.819424
0.638567
0.086272
0.465904
0.377253
0.7705
0.448586
0.58615
0.457457
0.089973
0.603959
0.227884
0.959945
0.694237
0.176903
0.325848
0.137683
0.776116
0.612527
0.46108
0.516231
0.170762
0.016213
0.708041
0.960578
0.762356
0.549135
0.136204
0.541148
0.983056
0.871246
0.340731
0.209564
0.721941
0.656841
0.589207
0.622931
0.758844
0.173251
0.176461
0.127248
0.141992
0.336795
0.437675
0.297606
0.358192
0.139889
0.341037
0.096782
0.331452
0.460186
0.366843
0.045379
0.195726
0.209564
0.563962
0.119671
0.901533
0.808746
0.249218
0.370447
0.374441
0.069464
0.413505
0.044178
0.349833
0.192323
0.92302
0.591236
0.93675
0.395151
0.141825
0.711671
0.37711
0.566892
0.25012
0.581672
0.468679
0.759761
0.742215
0.000494
0.868284
0.281589
0.923102
0.899093
0.655169
0.050108
0.650376
0.55137
0.523027
0.40831
0.925844
0.950251
0.76545
0.077188
0.617559
0.946127
0.558949
0.612003
0.687898
0.050218
0.16121
0.93638
0.176608
0.911353
0.335047
0.559655
0.753668
0.891445
0.18014
0.633192
0.074592
0.827256
0.08092
0.95491
0.601338
0.426454
0.287235
0.484498
0.254123
0.54505
0.188352
0.921856
0.827195
0.374796
0.195887
0.280897
0.017658
0.228032
0.623251
0.767204
0.810359
0.291637
0.230721
0.825381
0.409874
0.640962
0.521935
0.274519
0.047003
0.694448
0.418371
0.19451
0.276767
0.43529
0.327138
0.494526
0.681827
0.459054
0.542806
0.350271
0.491617
0.876249
0.593757
0.216526
0.513786
0.268828
0.292422
0.225727
0.983261
0.429618
0.546665
0.293131
0.803707
0.845639
0.128318
0.39539
0.150632
0.005697
0.785283
0.3116
0.645563
0.099022
0.970811
0.938493
0.98757
0.563767
0.798709
0.227974
0.275662
0.852129
0.534783
0.615252
0.327213
0.819635
0.141206
0.17507
0.167411
0.981618
0.805025
0.655214
0.729352
0.616399
0.842614
0.015866
0.386715
0.355995
0.113787
0.407755
0.500278
0.281582
0.350092
0.807653
0.449366
0.056185
0.741131
0.079275
0.927244
0.356869
0.676147
0.108039
0.916917
0.781693
0.328876
0.494501
0.690931
0.30908
0.611889
0.293988
0.343524
0.336475
0.123076
0.11707
0.117901
0.758951
0.432303
0.460046
0.918059
0.61582
0.236397
0.859753
0.24306
0.298182
0.953707
0.110536
0.893555
0.459163
0.542972
0.698967
0.20826
0.68765
0.543788
0.065179
0.539334
0.233735
0.458097
0.09686
0.86446
0.505516
0.464986
0.990218
0.789402
0.919529
0.10255
0.006665
0.048735
0.976452
0.600328
0.74827
0.976187
0.882164
0.024304
0.419602
0.818473
0.570184
0.506509
0.452932
0.687586
0.637724
0.655686
0.77869
0.009332
0.106215
0.854121
0.053228
0.072683
0.544186
0.707347
0.65352
0.004911
0.317833
0.982177
0.962415
0.765139
0.993403
0.783851
0.82022
0.912376
0.112581
0.831203
0.007787
0.530302
0.229779
0.83357
0.542713
0.084031
0.414466
0.753043
0.896069
0.936898
0.370871
0.152598
0.512575
0.065099
0.352064
0.939658
0.108781
0.655805
0.822138
0.996357
0.527789
0.311746
0.532227
0.593
0.280597
0.097729
0.753545
0.137183
0.193075
0.111843
0.174866
0.216061
0.661578
0.659857
0.796693
0.407201
0.57604
0.693102
0.514543
0.735409
0.940262
0.568066
0.739397
0.663302
0.460379
0.551509
0.390938
0.856646
0.500961
0.435584
0.27223
0.279121
0.632017
0.04871
0.160625
0.97595
0.688874
0.509015
0.614891
0.799996
0.979102
0.08071
0.207939
0.843703
0.379907
0.146736
0.734458
0.494973
0.566148
0.194052
0.527699
0.393884
0.577956
0.15441
0.294358
0.811813
0.485684
0.988409
0.429085
0.559741
0.85578
0.8528
0.607508
0.263239
0.75727
0.998503
0.13376
0.64675
0.055318
0.273058
0.423535
0.224942
0.913895
0.99614
0.705068
0.437907
0.021189
0.230314
0.430789
0.221438
0.926404
0.078212
0.237618
0.739052
0.010704
0.038972
0.54863
0.785136
0.472171
0.820294
0.446496
0.863665
0.830808
0.882077
0.188555
0.478862
0.829847
0.525382
0.141045
0.266253
0.448626
0.834316
0.217235
0.937681
0.44273
0.58388
0.457181
0.577069
0.021809
0.658725
0.182228
0.815363
0.595904
0.91623
0.720664
0.37439
0.772539
0.845508
0.159232
0.809231
0.297369
0.690927
0.07898
0.955097
0.683209
0.870039
0.70918
0.40719
0.180468
0.08583
0.046787
0.043836
0.943833
0.698101
0.923216
0.246301
0.788511
0.049652
0.83475
0.280046
0.864956
0.441668
0.199962
0.115146
0.23888
0.048125
0.463098
0.928071
0.423909
0.474812
0.441465
0.466324
0.121865
0.34329
0.529139
0.744301
0.812281
0.057753
0.824722
0.95571
0.029533
0.112626
0.582267
0.969073
0.595577
0.143747
0.572887
0.521172
0.051003
0.617872
0.476006
0.300021
0.922379
0.943238
0.663536
0.610077
0.131282
0.038065
0.197477
0.998452
0.443217
0.703014
0.889112
0.701977
0.2587
0.639834
0.349343
0.651624
0.419748
0.186138
0.058464
0.364728
0.499097
0.305657
0.932343
0.487521
0.821954
0.092486
0.551198
0.252029
0.542319
0.12006
0.785427
0.625019
0.678113
0.675209
0.796772
0.585627
0.099938
0.861823
0.836505
0.533106
0.761636
0.306957
0.784172
0.944714
0.003613
0.766521
0.294057
0.257448
0.403586
0.950324
0.37219
0.008674
0.511325
0.79896
0.659901
0.632248
0.171518
0.950682
0.357894
0.509716
0.926659
0.637796
0.862025
0.924252
0.100445
0.211319
0.072871
0.006654
0.937542
0.753942
0.092279
0.741411
0.858739
0.043426
0.713144
0.115174
0.692439
0.610069
0.133603
0.58815
0.948917
0.411081
0.888742
0.326354
0.591571
0.685021
0.469416
0.646929
0.86153
0.558314
0.751538
0.839092
0.659878
0.368066
0.39495
0.330008
0.508009
0.582955
0.347429
0.175612
0.865786
0.283956
0.627626
0.027766
0.575929
0.09583
0.103535
0.826517
0.811728
0.151548
0.456799
0.601073
0.91274
0.841281
0.958953
0.07159
0.730548
0.45415
0.768028
0.961296
0.095528
0.610902
0.148334
0.106804
0.647641
0.345931
0.848104
0.02833
0.869643
0.729244
0.954439
0.462956
0.042467
0.506116
0.967226
0.129518
0.215349
0.775798
0.865691
0.903061
0.648548
0.012727
0.279226
0.539073
0.676542
0.825193
0.140829
0.973151
0.438005
0.133564
0.598522
0.472843
0.226436
0.618074
0.528091
0.582081
0.504828
0.945463
0.562386
0.303309
0.99152
0.360133
0.55349
0.773389
0.946819
0.489629
0.732633
0.482618
0.784165
0.460628
0.725225
0.538455
0.16932
0.079706
0.491076
0.376654
0.651945
0.61401
0.246867
0.603341
0.119274
0.135989
0.750749
0.011433
0.992458
0.241536
0.006994
0.067121
0.19089
0.62386
0.127393
0.051882
0.186894
0.689721
0.198415
0.382067
0.665648
0.195654
0.083375
0.921038
0.696166
0.014803
0.45724
0.276837
0.609858
0.892218
0.704216
0.887524
0.156114
0.662185
0.544685
0.536157
0.197311
0.027756
0.453572
0.016728
0.155925
0.762821
0.207281
0.190433
0.981473
0.926611
0.150063
0.685251
0.280493
0.954076
0.461032
0.807277
0.340857
0.284026
0.822692
0.024492
0.447729
0.33229
0.572936
0.317753
0.106611
0.704163
0.424004
0.878808
0.916096
0.279768
0.617585
0.169968
0.335177
0.925342
0.715454
0.056647
0.310345
0.59658
0.183072
0.664179
0.975896
0.502057
0.522186
0.662606
0.775445
0.318227
0.191929
0.363943
0.244111
0.213038
0.301791
0.510725
0.98931
0.58893
0.599225
0.631671
0.668347
0.336699
0.314418
0.127616
0.315326
0.874062
0.29903
0.27925
0.132296
0.559894
0.382176
0.13631
0.931265
0.282602
0.628538
0.010003
0.855633
0.991297
0.179831
0.155215
0.097183
0.44107
0.67425
0.43862
0.244107
0.932779
0.600604
0.468048
0.554139
0.104116
0.238351
0.456527
0.155617
0.309874
0.80857
0.614617
0.894438
0.660233
0.502442
0.231584
0.776746
0.83563
0.628534
0.630279
0.57028
0.898846
0.920691
0.828278
0.073406
0.362116
0.744982
0.708628
0.585576
0.420478
0.765433
0.761432
0.718083
0.971139
0.297003
0.18858
0.836806
0.971207
0.642541
0.330665
0.984285
0.728174
0.772329
0.205817
0.917573
0.786861
0.572764
0.31857
0.28969
0.352188
0.227064
0.686279
0.35259
0.308665
0.87766
0.038836
0.744625
0.091219
0.014022
0.57396
0.721174
0.20822
0.786436
0.515641
0.926592
0.28877
0.488139
0.642179
0.223639
0.268878
0.846543
0.075829
0.46091
0.907143
0.222289
0.64731
0.93562
0.467232
0.500549
0.227886
0.322856
0.534151
0.004461
0.430466
0.150987
0.843982
0.63716
0.081938
0.832955
0.441916
0.29484
0.063948
0.434
0.58592
0.141779
0.299609
0.00841
0.076369
0.503114
0.890398
0.983371
0.601408
0.993814
0.753597
0.307492
0.789954
0.958999
0.17152
0.438835
0.083326
0.484166
0.528097
0.434771
0.187609
0.771025
0.410926
0.41739
0.734221
0.850131
0.177714
0.070457
0.392809
0.009418
0.449016
0.691411
0.526787
0.839906
0.616339
0.308121
0.586484
0.327569
0.567875
0.312795
0.246838
0.698199
0.13166
0.365428
0.609689
0.794584
0.219064
0.248472
0.146956
0.384262
0.031033
0.982001
0.893515
0.23841
0.706875
0.189051
0.926379
0.922605
0.806981
0.447488
0.489342
0.473865
0.616452
0.806799
0.525479
0.101987
0.486697
0.134035
0.24646
0.014904
0.618004
0.374845
0.861513
0.417606
0.727972
0.634219
0.530666
0.139307
0.7717
0.22132
0.093831
0.813504
0.563456
0.986618
0.384921
0.840412
0.322087
0.083919
0.819631
0.689588
0.379678
0.931092
0.487408
0.575011
0.878524
0.331005
0.777929
0.782383
0.079838
0.077015
0.61888
0.556152
0.689803
0.052651
0.850166
0.924949
0.985343
0.592947
0.193931
0.070662
0.094819
0.467391
0.931104
0.613852
0.223734
0.177597
0.59351
0.877521
0.590183
0.967761
0.322656
0.735675
0.170757
0.717102
0.488427
0.49753
0.157369
0.242915
0.289642
0.214604
0.639508
0.737526
0.906361
0.964135
0.572829
0.391903
0.822904
0.746965
0.228728
0.313107
0.68861
0.954596
0.373626
0.129223
0.190412
0.311061
0.148646
0.969817
0.76892
0.125136
0.498107
0.330138
0.790941
0.314781
0.007021
0.075962
0.54804
0.699316
0.333544
0.84257
0.748634
0.633757
0.11406
0.146751
0.911396
0.110326
0.085453
0.235718
0.047659
0.358463
0.367598
0.274799
0.847567
0.539062
0.586099
0.833656
0.125665
0.985106
0.263969
0.182515
0.817283
0.808371
0.987807
0.591085
0.11765
0.989479
0.981521
0.607757
0.685406
0.227089
0.317629
0.850316
0.969696
0.573994
0.353251
0.678683
0.836507
0.365613
0.115868
0.529004
0.914668
0.664137
0.789123
0.912214
0.727785
0.035936
0.762046
0.506616
0.917941
0.675432
0.616139
0.831963
0.034823
0.213174
0.540203
0.445296
0.127899
0.628351
0.5989
0.814935
0.191279
0.118603
0.437979
0.72351
0.938598
0.19013
0.933922
0.897794
0.966926
0.736558
0.626117
0.407301
0.598079
0.173344
0.166845
0.703302
0.720057
0.185917
0.752823
0.125759
0.615833
0.959723
0.087516
0.257694
0.353729
0.878428
0.627645
0.177332
0.615254
0.66701
0.640636
0.103539
0.015952
0.147363
0.109909
0.967773
0.040849
0.006185
0.712745
0.097756
0.377841
0.517166
0.952008
0.060531
0.098314
0.582699
0.232149
0.49752
0.194683
0.065608
0.976055
0.678311
0.826146
0.940438
0.434869
0.465774
0.15314
0.524881
0.818693
0.623254
0.543211
0.688502
0.879077
0.950497
0.711903
0.949318
0.458397
0.065485
0.935717
0.310195
0.689786
0.929477
0.953597
0.749589
0.267586
0.143468
0.963833
0.043752
0.647359
0.227394
0.046503
0.743293
0.823572
0.453818
0.317579
0.067991
0.853892
0.593231
0.240545
0.516635
0.318532
0.067575
0.156467
0.448511
0.190168
0.367307
0.576976
0.448011
0.230479
0.792935
0.104433
0.318922
0.777771
0.869308
0.8572
0.477509
0.369215
0.386492
0.958501
0.63656
0.540601
0.976123
0.460622
0.464894
0.404935
0.520206
0.764429
0.226976
0.455127
0.966366
0.45366
0.011114
0.891706
0.817254
0.107247
0.387609
0.59725
0.584107
0.58246
0.821956
0.588118
0.065229
0.096766
0.88368
0.086634
0.176083
0.110062
0.726045
0.298931
0.24092
0.143172
0.317404
0.782056
0.398061
0.757485
0.076905
0.05802
0.639608
0.065748
0.540868
0.98411
0.581823
0.209555
0.924493
0.151067
0.916706
0.273934
0.048789
0.779728
0.511452
0.359092
0.630442
0.039035
0.267476
0.794457
0.092537
0.463899
0.134465
0.454422
0.142858
0.675692
0.398642
0.428699
0.736245
0.178108
0.661267
0.907931
0.23771
0.318877
0.689572
0.727811
0.139776
0.12462
0.664776
0.278488
0.388752
0.290308
0.92616
0.533774
0.139028
0.073922
0.366027
0.699742
0.119526
0.054927
0.898565
0.682388
0.893433
0.887134
0.827425
0.786135
0.647802
0.611485
0.656449
0.280324
0.654655
0.909727
0.07462
0.620969
0.776245
0.516732
0.503772
0.726267
0.810397
0.204311
0.398409
0.125346
0.666563
0.479824
0.976724
0.424724
0.690825
0.343812
0.455764
0.996397
0.156007
0.948831
0.108258
0.522148
0.326964
0.742876
0.361158
0.272741
0.928604
0.80612
0.437444
0.63834
0.823004
0.078696
0.802459
0.268203
0.780731
0.180657
0.024236
0.756239
0.250373
0.222258
0.184746
0.343638
0.818578
0.704236
0.106011
0.652844
0.749989
0.266465
0.240485
0.547787
0.010646
0.588894
0.863502
0.404168
0.774572
0.725741
0.968715
0.186421
0.289673
0.764032
0.13316
0.162326
0.971023
0.372195
0.191189
0.478306
0.536511
0.792849
0.738331
0.448695
0.682082
0.161097
0.94104
0.946458
0.470611
0.492641
0.300021
0.233896
0.788351
0.696514
0.400703
0.407084
0.014
0.643838
0.033766
0.75313
0.609899
0.022716
0.157449
0.627531
0.644678
0.775302
0.111044
0.711546
0.380014
0.519917
0.698858
0.740318
0.136233
0.85726
0.203323
0.880906
0.351047
0.016557
0.345309
0.700401
0.148767
0.865359
0.09327
0.328933
0.738504
0.208433
0.862013
0.026685
0.731705
0.775896
0.56858
0.191884
0.598516
0.536924
0.992049
0.988525
0.896181
0.124564
0.910381
0.622256
0.396867
0.663589
0.055512
0.299636
0.264264
0.885605
0.993316
0.344525
0.948428
0.977653
0.871039
0.069396
0.213192
0.253156
0.568771
0.021091
0.671311
0.81613
0.161372
0.084329
0.075857
0.867314
0.45398
0.326831
0.08594
0.593799
0.657779
0.627649
0.637553
0.439099
0.248127
0.490336
0.747794
0.484644
0.606804
0.498337
0.77464
0.676293
0.829837
0.380687
0.340854
0.417396
0.282833
0.96929
0.059391
0.55942
0.296188
0.988371
0.602535
0.254904
0.538601
0.917147
0.457682
0.193181
0.788436
0.729849
0.210862
0.545988
0.570221
0.986894
0.825011
0.75037
0.253888
0.602043
0.452872
0.346581
0.613869
0.214459
0.241049
0.467412
0.657395
0.492306
0.600385
0.525407
0.111157
0.410077
0.288953
0.114628
0.263311
0.651257
0.377997
0.708564
0.382807
0.409465
0.176311
0.042042
0.777499
0.626415
0.982629
0.262667
0.718908
0.232154
0.966346
0.636776
0.611321
0.913091
0.365163
0.900816
0.316308
0.60805
0.063104
0.340867
0.532587
0.244146
0.251536
0.602756
0.613955
0.45677
0.700805
0.952521
0.092508
0.015269
0.417123
0.484913
0.554084
0.468834
0.69156
0.304395
0.492227
0.469574
0.798205
0.496148
0.80575
0.479971
0.905472
0.868699
0.755525
0.748716
0.830226
0.425926
0.666116
0.479974
0.742187
0.93561
0.007553
0.175494
0.993369
0.542731
0.396518
0.868776
0.944218
0.017384
0.483416
0.166144
0.662618
0.988734
0.409631
0.197527
0.316815
0.521737
0.922822
0.356583
0.232231
0.997437
0.105778
0.577694
0.303396
0.431873
0.096006
0.509015
0.924628
0.264388
0.611694
0.814644
0.746899
0.746161
0.340458
0.226875
0.186451
0.221785
0.684295
0.169791
0.999179
0.851839
0.399904
0.093094
0.128906
0.739926
0.034032
0.946372
0.768282
0.460533
0.50088
0.99042
0.872337
0.347472
0.073267
0.894208
0.280521
0.905779
0.665409
0.091715
0.568089
0.747844
0.719846
0.177433
0.231746
0.047497
0.20245
0.518982
0.232661
0.66066
0.334925
0.721305
0.969784
0.714511
0.557106
0.325697
0.589597
0.60135
0.266724
0.989179
0.651148
0.224112
0.786016
0.04091
0.154668
0.66379
0.137091
0.050951
0.650365
0.068038
0.931228
0.367031
0.174529
0.005699
0.671
0.034958
0.047902
0.700233
0.768521
0.106189
0.280679
0.190632
0.638511
0.521659
0.430676
0.367684
0.33712
0.794546
0.656694
0.013506
0.850519
0.41208
0.583599
0.985103
0.146708
0.210727
0.880757
0.608214
0.595094
0.029941
0.226477
0.34926
0.569861
0.306002
0.199504
0.258144
0.886248
0.556041
0.082729
0.913487
0.641504
0.801732
0.667563
0.723396
0.941324
0.580181
0.374805
0.732654
0.418918
0.21188
0.967974
0.160379
0.477855
0.813559
0.772569
0.543979
0.944563
0.149383
0.415543
0.220957
0.389843
0.804653
0.645778
0.603853
0.103498
0.459087
0.53344
0.124633
0.65219
0.011309
0.336877
0.96057
0.887498
0.916715
0.325005
0.449295
0.106315
0.550367
0.99957
0.593515
0.821424
0.450558
0.746177
0.319281
0.895164
0.91066
0.46115
0.99651
0.251613
0.903836
0.928905
0.435856
0.862509
0.789871
0.673271
0.838421
0.012461
0.874171
0.732446
0.534934
0.458403
0.90267
0.473158
0.777398
0.197514
0.812484
0.110921
0.210993
0.141702
0.783095
0.687535
0.299961
0.044302
0.035998
0.500125
0.363885
0.178818
0.768446
0.132973
0.427836
0.873578
0.704924
0.548283
0.977472
0.650772
0.600526
0.060759
0.739308
0.423597
0.494211
0.71832
0.983126
0.503118
0.347771
0.636882
0.737883
0.392446
0.830097
0.873482
0.730602
0.349946
0.292837
0.133492
0.181315
0.404863
0.722683
0.716366
0.035895
0.661716
0.150915
0.02454
0.500342
0.282821
0.762525
0.057645
0.17085
0.373418
0.15301
0.602944
0.712498
0.722887
0.129901
0.178051
0.975344
0.850021
0.841165
0.353078
0.028991
0.667947
0.746014
0.001221
0.784134
0.82872
0.701983
0.537135
0.885879
0.33052
0.566919
0.586992
0.595454
0.057899
0.067894
0.567508
0.442105
0.987244
0.692161
0.173864
0.352477
0.27319
0.55305
0.466771
0.13678
0.077295
0.921362
0.836081
0.26582
0.412658
0.238149
0.960556
0.141942
0.996712
0.816218
0.829397
0.537506
0.351148
0.372417
0.033929
0.274945
0.134509
0.207946
0.31655
0.779633
0.898584
0.019201
0.260844
0.870265
0.382959
0.223164
0.613933
0.310546
0.39724
0.356875
0.976949
0.496069
0.667074
0.672474
0.947293
0.336276
0.013695
0.044819
0.017981
0.733401
0.309951
0.084822
0.961293
0.314089
0.894204
0.269178
0.406365
0.238245
0.094822
0.853837
0.584115
0.094937
0.246061
0.143515
0.019519
0.322561
0.142368
0.682346
0.641914
0.03471
0.865898
0.833081
0.130999
0.269007
0.214996
0.658777
0.418077
0.422671
0.950952
0.104621
0.218198
0.400782
0.074618
0.285163
0.147413
0.471217
0.431063
0.615501
0.08548
0.057044
0.792269
0.766377
0.999894
0.214877
0.281833
0.874432
0.22819
0.257506
0.69127
0.719595
0.157081
0.770823
0.315618
0.560838
0.141457
0.562169
0.567232
0.671686
0.682617
0.228038
0.059227
0.447853
0.695869
0.936074
0.384518
0.746773
0.921553
0.328474
0.889612
0.319373
0.042735
0.991403
0.858743
0.911862
0.693737
0.197015
0.309737
0.842167
0.046362
0.576347
0.562232
0.195013
0.058607
0.029242
0.973975
0.354684
0.002212
0.534811
0.128379
0.121789
0.898931
0.495498
0.688408
0.679705
0.294231
0.435107
0.508998
0.282916
0.479725
0.988751
0.506152
0.541549
0.18443
0.06385
0.332841
0.720408
0.017413
0.647324
0.547018
0.033522
0.718764
0.916476
0.050118
0.963671
0.247513
0.961982
0.856798
0.635089
0.267006
0.512052
0.907741
0.584852
0.886863
0.239335
0.965825
0.551039
0.457694
0.341024
0.356559
0.327293
0.315811
0.285952
0.449583
0.449167
0.290189
0.329269
0.205893
0.31526
0.70836
0.773866
0.009895
0.220323
0.726976
0.491579
0.920526
0.874474
0.510714
0.763071
0.174697
0.218386
0.270177
0.95754
0.806563
0.098351
0.728107
0.55715
0.055597
0.926323
0.509987
0.075354
0.293341
0.186086
0.837511
0.623581
0.146272
0.334097
0.367594
0.924318
0.834254
0.322817
0.775215
0.948987
0.188996
0.435024
0.067588
0.462674
0.066964
0.51218
0.050393
0.949446
0.856111
0.994602
0.638389
0.335659
0.551108
0.681918
0.972521
0.551511
0.122346
0.629081
0.448792
0.562714
0.744456
0.64914
0.603106
0.776079
0.871504
0.284563
0.938407
0.880416
0.604084
0.825831
0.686734
0.473928
0.534662
0.254895
0.695869
0.499781
0.89485
0.099592
0.133473
0.959059
0.0331
0.080506
0.499896
0.164686
0.057325
0.090893
0.663395
0.361032
0.000983
0.616885
0.122466
0.399657
0.112358
0.899632
0.3754
0.448791
0.848117
0.687179
0.332721
0.899454
0.713449
0.016644
0.685909
0.127288
0.855072
0.013975
0.63624
0.403719
0.362659
0.406174
0.62916
0.147241
0.300712
0.264114
0.895835
0.477067
0.321709
0.176399
0.471064
0.583812
0.237176
0.875594
0.116646
0.733968
0.975078
0.152942
0.659892
0.958704
0.264808
0.586545
0.472515
0.582752
0.586821
0.081124
0.735362
0.534531
0.093024
0.552592
0.902074
0.206026
0.535329
0.469834
0.40008
0.778695
0.261022
0.320119
0.909126
0.600529
0.837486
0.648558
0.111755
0.264531
0.472674
0.439413
0.449093
0.883862
0.870666
0.675083
0.043867
0.728772
0.341482
0.387731
0.725288
0.607095
0.317227
0.308857
0.903859
0.750963
0.850359
0.12766
0.31981
0.526646
0.029902
0.056181
0.290402
0.388345
0.452807
0.156603
0.792493
0.451493
0.071996
0.467033
0.67859
0.784129
0.900623
0.105943
0.149067
0.398044
0.804369
0.57222
0.390381
0.030012
0.912189
0.312827
0.161188
0.856016
0.075584
0.25438
0.590269
0.16907
0.791059
0.805632
0.015148
0.183677
0.066737
0.355726
0.136539
0.801781
0.594046
0.010094
0.304684
0.915702
0.064291
0.827191
0.914333
0.176811
0.743585
0.529925
0.982229
0.493467
0.372765
0.783159
0.696916
0.002351
0.119238
0.655746
0.498217
0.435426
0.186084
0.324475
0.283236
0.178693
0.960988
0.935049
0.342721
0.629715
0.467066
0.82111
0.511075
0.945216
0.955953
0.647489
0.278895
0.858687
0.803019
0.236174
0.23918
0.28167
0.956277
0.99601
0.576319
0.244569
0.154119
0.240791
0.60898
0.524175
0.102128
0.729102
0.904774
0.75882
0.955087
0.881652
0.829094
0.508935
0.863181
0.468631
0.814577
0.647549
0.865506
0.255433
0.201268
0.968536
0.870653
0.735813
0.71411
0.219806
0.561436
0.530724
0.710095
0.854914
0.199567
0.904383
0.463601
0.187942
0.630278
0.316248
0.310979
0.148998
0.150543
0.191938
0.583146
0.476459
0.350461
0.915909
0.70036
0.41737
0.20676
0.52877
0.218675
0.905051
0.225427
0.179254
0.273421
0.655508
0.151905
0.159619
0.243895
0.449551
0.913488
0.480643
0.53662
0.02952
0.488053
0.622063
0.470427
0.781181
0.193114
0.994865
0.793566
0.227889
0.720695
0.952334
0.724457
0.562413
0.126674
0.242981
0.249857
0.877208
0.117105
0.127195
0.799761
0.556029
0.546309
0.069922
0.676264
0.931938
0.806738
0.44739
0.669938
0.713385
0.333662
0.987582
0.616294
0.348542
0.638277
0.242224
0.436963
0.357268
0.947643
0.956301
0.79957
0.119394
0.182057
0.256092
0.464573
0.629601
0.988216
0.24678
0.324334
0.239639
0.118881
0.394148
0.812381
0.469543
0.150912
0.296309
0.126022
0.476037
0.235934
0.946064
0.483982
0.587219
0.050046
0.841041
0.396718
0.19373
0.725094
0.648255
0.08021
0.050486
0.751957
0.688816
0.508215
0.687339
0.447945
0.404842
0.154587
0.912189
0.333288
0.084685
0.193073
0.766474
0.295747
0.237432
0.869981
0.121617
0.484636
0.659849
0.658953
0.304004
0.765442
0.401126
0.393809
0.726701
0.966771
0.247987
0.645316
0.144463
0.734936
0.634865
0.999274
0.564009
0.303482
0.811861
0.635646
0.577979
0.87706
0.753516
0.96421
0.340082
0.539032
0.574359
0.967289
0.202492
0.150165
0.58725
0.99757
0.465542
0.354651
0.287434
0.10022
0.181318
0.356199
0.986991
0.184564
0.659147
0.598699
0.271591
0.399794
0.549913
0.588463
0.353947
0.554032
0.160704
0.941711
0.890053
0.34608
0.318186
0.553581
0.077456
0.826682
0.298368
0.85737
0.161137
0.757872
0.227852
0.365525
0.305561
0.144856
0.08297
0.896635
0.085333
0.666071
0.594426
0.691835
0.7689
0.782831
0.04685
0.303784
0.208664
0.511768
0.676496
0.55159
0.502574
0.649571
0.377233
0.222172
0.809046
0.149151
0.814485
0.822092
0.335031
0.387229
0.15495
0.901405
0.108247
0.262833
0.97547
0.934295
0.698637
0.831423
0.18014
0.822642
0.246695
0.880472
0.343912
0.965535
0.060065
0.10636
0.485071
0.024535
0.542776
0.519421
0.08138
0.882052
0.528016
0.309894
0.242967
0.961779
0.061593
0.413811
0.584429
0.549462
0.854679
0.522
0.051762
0.436743
0.36148
0.711885
0.550034
0.784566
0.928882
0.012462
0.756085
0.560294
0.69396
0.751489
0.575512
0.265516
0.082957
0.084114
0.366105
0.942874
0.744474
0.253053
0.399527
0.973663
0.485949
0.23425
0.02184
0.827085
0.193002
0.867307
0.352909
0.907719
0.535043
0.51286
0.916984
0.492194
0.940367
0.103628
0.98421
0.754863
0.516049
0.188621
0.823492
0.238372
0.744687
0.99017
0.009154
0.59406
0.928154
0.690821
0.584876
0.078926
0.169428
0.204562
0.119903
0.055982
0.941822
0.671386
0.817605
0.094702
0.876526
0.828316
0.015182
0.899396
0.639682
0.723991
0.047951
0.394226
0.896761
0.739847
0.399776
0.661932
0.820988
0.079468
0.026796
0.520695
0.70936
0.502216
0.477844
0.741618
0.784334
0.419843
0.689797
0.570461
0.910245
0.754494
0.532248
0.572476
0.738411
0.970137
0.842515
0.408943
0.950037
0.491513
0.370494
0.433095
0.089313
0.39278
0.970807
0.45187
0.963441
0.020222
0.069022
0.210107
0.842645
0.226723
0.939032
0.358507
0.133375
0.935157
0.249641
0.023092
0.965485
0.962906
0.613098
0.699629
0.600422
0.445753
0.697655
0.479192
0.329174
0.980884
0.232309
0.304444
0.597033
0.401433
0.134088
0.356944
0.811762
0.039982
0.937391
0.143557
0.762783
0.452664
0.532965
0.420625
0.715563
0.643528
0.933828
0.213441
0.880652
0.825429
0.698473
0.308099
0.660731
0.070339
0.233557
0.667122
0.190043
0.565375
0.168357
0.380636
0.019393
0.705233
0.778854
0.368047
0.673183
0.682479
0.220716
0.179126
0.206496
0.731487
0.002649
0.105247
0.920081
0.074175
0.748017
0.223392
0.124209
0.560978
0.999131
0.167586
0.47614
0.108048
0.854
0.367769
0.221944
0.126073
0.948125
0.661806
0.160416
0.843224
0.208887
0.357819
0.352163
0.631507
0.461789
0.071902
0.963173
0.963398
0.163241
0.669705
0.231177
0.784396
0.204385
0.60137
0.497672
0.853421
0.664824
0.27791
0.547796
0.316249
0.429267
0.741966
0.845039
0.034233
0.987385
0.727025
0.764162
0.057026
0.527175
0.426503
0.645809
0.167438
0.707064
0.709017
0.878155
0.346018
0.67945
0.43375
0.603526
0.737458
0.793662
0.187056
0.878939
0.31957
0.856604
0.770086
0.68315
0.386657
0.069017
0.068981
0.45586
0.516279
0.928429
0.45678
0.516712
0.911726
0.732642
0.184941
0.875842
0.52975
0.024307
0.139009
0.680766
0.141221
0.423115
0.915313
0.412287
0.932359
0.275735
0.309555
0.085743
0.094889
0.391895
0.932895
0.314116
0.893621
0.754759
0.855197
0.785918
0.95576
0.032671
0.361771
0.763867
0.787217
0.788586
0.918855
0.740233
0.970625
0.88471
0.706284
0.105032
0.967654
0.699249
0.529825
0.671244
0.851752
0.244835
0.227655
0.056167
0.303602
0.837964
0.979005
0.927705
0.018475
0.337764
0.498142
0.927107
0.98586
0.171974
0.282872
0.389062
0.921589
0.207981
0.585848
0.819878
0.324443
0.115176
0.159453
0.957148
0.684181
0.209792
0.678241
0.794331
0.110132
0.346105
0.894462
0.369972
0.366133
0.920292
0.250375
0.894554
0.123342
0.802042
0.981044
0.487492
0.277471
0.46701
0.410261
0.210635
0.048865
0.365009
0.429235
0.050518
0.645571
0.703602
0.854352
0.232519
0.312042
0.026584
0.68174
0.751673
0.463098
0.726796
0.70143
0.263201
0.032534
0.753299
0.012208
0.728395
0.845712
0.689563
0.477255
0.098871
0.318944
0.495936
0.444916
0.658544
0.074019
0.431351
0.345907
0.078811
0.879263
0.101266
0.608835
0.405722
0.431085
0.249185
0.608032
0.648175
0.547859
0.288362
0.551822
0.868797
0.617685
0.588992
0.726073
0.940789
0.728768
0.111841
0.58846
0.990159
0.35125
0.65018
0.29557
0.095242
0.932339
0.115941
0.636606
0.048841
0.870766
0.036465
0.284893
0.192359
0.111127
0.064552
0.916559
0.347591
0.68498
0.592712
0.124759
0.227033
0.625304
0.657454
0.155031
0.865577
0.295174
0.037442
0.828843
0.477257
0.763488
0.691686
0.102205
0.227291
0.044889
0.040496
0.769114
0.724367
0.302639
0.396391
0.391234
0.19005
0.885787
0.221919
0.537417
0.704574
0.501623
0.904057
0.988133
0.140887
0.342124
0.358627
0.135609
0.229569
0.973579
0.661862
0.233562
0.73409
0.964537
0.640976
0.288317
0.718444
0.080385
0.472715
0.587838
0.741927
0.274165
0.518926
0.5762
0.300548
0.248912
0.132831
0.346542
0.079554
0.385626
0.440403
0.892643
0.27346
0.952773
0.869196
0.124653
0.474015
0.236043
0.062937
0.131047
0.692439
0.37506
0.467148
0.123492
0.566923
0.280739
0.084462
0.914413
0.087946
0.180584
0.789636
0.761354
0.764115
0.410039
0.472733
0.063483
0.860336
0.507618
0.555346
0.722181
0.471052
0.452269
0.970337
0.75937
0.590978
0.567314
0.90011
0.000578
0.359409
0.519662
0.693571
0.134075
0.747906
0.829158
0.456629
0.819626
0.807779
0.684469
0.585849
0.65411
0.938962
0.322353
0.003165
0.729236
0.951412
0.251621
0.271601
0.834753
0.709818
0.185648
0.043844
0.388791
0.257694
0.656644
0.66411
0.721406
0.193472
0.811966
0.565969
0.270756
0.125641
0.731745
0.567124
0.502671
0.204139
0.324974
0.618715
0.657159
0.501239
0.251178
0.560619
0.094567
0.834674
0.912158
0.891894
0.255526
0.890602
0.339342
0.584972
0.3854
0.093652
0.943657
0.025663
0.874923
0.170337
0.564755
0.912221
0.685534
0.444114
0.403688
0.597804
0.700806
0.287095
0.059986
0.584928
0.40181
0.723498
0.705189
0.130278
0.000687
0.576142
0.892181
0.361831
0.365217
0.243543
0.597739
0.32508
0.245335
0.319508
0.276393
0.307385
0.767807
0.560041
0.963529
0.077642
0.070306
0.802294
0.300715
0.995814
0.175065
0.124529
0.956336
0.15827
0.790534
0.469806
0.497382
0.405352
0.640614
0.82368
0.400449
0.184928
0.168764
0.630036
0.024424
0.88648
0.70059
0.027453
0.352267
0.044465
0.598259
0.859325
0.226481
0.45794
0.537112
0.74522
0.999486
0.565208
0.157711
0.474037
0.677374
0.57235
0.140526
0.120227
0.169944
0.229621
0.379336
0.20664
0.501087
0.316047
0.543244
0.842297
0.541866
0.551339
0.186411
0.970972
0.883632
0.218937
0.146599
0.868645
0.159567
0.961225
0.41846
0.166303
0.88759
0.343667
0.740984
0.443999
0.084555
0.404432
0.022826
0.020699
0.695125
0.909175
0.652938
0.082555
0.211342
0.457407
0.249805
0.220647
0.338119
0.385499
0.496002
0.286447
0.673917
0.853532
0.339064
0.646614
0.98245
0.807092
0.304743
0.840902
0.549284
0.022705
0.663675
0.826034
0.145233
0.611903
0.937833
0.684724
0.818322
0.651168
0.702921
0.647909
0.578174
0.879006
0.554554
0.34895
0.03282
0.763875
0.707507
0.570647
0.25146
0.986849
0.957789
0.646714
0.575943
0.394715
0.58724
0.140771
0.129712
0.149689
0.485577
0.078791
0.898212
0.004825
0.148267
0.6419
0.048142
0.315783
0.108946
0.535509
0.266503
0.411094
0.749551
0.665135
0.053481
0.108682
0.822337
0.693157
0.411873
0.920851
0.322073
0.00674
0.126094
0.810795
0.364743
0.543063
0.082233
0.043779
0.408287
0.184161
0.609135
0.691965
0.183651
0.858544
0.718388
0.520644
0.297751
0.070452
0.726952
0.303531
0.84895
0.449995
0.99336
0.086698
0.300696
0.871353
0.174009
0.987197
0.440025
0.139518
0.667001
0.40257
0.864583
0.447724
0.548942
0.54538
0.595038
0.234087
0.206895
0.492118
0.925676
0.316576
0.95753
0.291276
0.29249
0.689964
0.213431
0.860877
0.163913
0.230388
0.250756
0.789112
0.265282
0.105269
0.858908
0.593786
0.52756
0.484063
0.875038
0.659638
0.469246
0.970313
0.060507
0.579993
0.029428
0.181271
0.850857
0.572103
0.925733
0.908302
0.699992
0.853064
0.224627
0.86821
0.901113
0.488517
0.473076
0.2024
0.965124
0.015142
0.140573
0.766504
0.170756
0.341413
0.826361
0.555928
0.680344
0.375378
0.095747
0.317885
0.513909
0.290216
0.430014
0.807636
0.734225
0.397383
0.248841
0.074608
0.011431
0.454034
0.892403
0.373279
0.309221
0.130303
0.391223
0.336892
0.510736
0.508648
0.826027
0.237634
0.331101
0.270266
0.01902
0.387009
0.764371
0.06776
0.034142
0.505606
0.783134
0.184853
0.191661
0.569918
0.169336
0.258615
0.585538
0.442332
0.801039
0.482415
0.824325
0.820546
0.379149
0.322989
0.044184
0.114523
0.134665
0.512014
0.029897
0.292234
0.309253
0.993263
0.245687
0.034674
0.603556
0.953299
0.536849
0.218802
0.603658
0.244347
0.389935
0.160246
0.482247
0.313851
0.493559
0.581388
0.112893
0.242588
0.080048
0.903283
0.518736
0.545028
0.934598
0.752007
0.857387
0.079526
0.237995
0.590608
0.983151
0.988108
0.676715
0.366372
0.56659
0.038729
0.283643
0.155353
0.252958
0.831885
0.688121
0.12585
0.003661
0.231017
0.504217
0.171803
0.410187
0.540471
0.262799
0.841468
0.860137
0.334978
0.965163
0.246606
0.930854
0.439193
0.582926
0.539738
0.562228
0.79928
0.061129
0.656948
0.677352
0.328202
0.703108
0.937987
0.005949
0.756004
0.486468
0.156999
0.517715
0.592593
0.196111
0.787885
0.357695
0.722769
0.408322
0.99556
0.445643
0.050705
0.530654
0.946032
0.471872
0.346493
0.636224
0.285127
0.245389
0.973292
0.121762
0.104857
0.032949
0.164191
0.676515
0.813229
0.200884
0.148814
0.420209
0.55592
0.879335
0.194011
0.814099
0.296661
0.000553
0.801713
0.306715
0.623265
0.844962
0.757075
0.884731
0.601437
0.399937
0.322729
0.126734
0.890854
0.942042
0.991366
0.402063
0.012558
0.576781
0.277971
0.033457
0.789699
0.084905
0.557337
0.223716
0.107003
0.71628
0.740467
0.731322
0.182808
0.427424
0.311927
0.883482
0.983962
0.73185
0.60305
0.729147
0.577589
0.994107
0.944905
0.314748
0.217735
0.784833
0.868651
0.598436
0.716287
0.85548
0.773343
0.60769
0.688748
0.89215
0.679889
0.717438
0.117119
0.56034
0.130459
0.088378
0.218765
0.478728
0.845451
0.402308
0.32399
0.175883
0.922545
0.2717
0.106717
0.566758
0.99621
0.499527
0.706098
0.843373
0.801352
0.783689
0.675525
0.841691
0.61243
0.043307
0.483455
0.444758
0.428264
0.894354
0.425179
0.671245
0.521977
0.580225
0.189967
0.054877
0.357718
0.403953
0.203275
0.683525
0.917819
0.334166
0.851507
0.617513
0.141188
0.49945
0.25529
0.911966
0.233356
0.849776
0.563003
0.128705
0.189456
0.799152
0.032274
0.003442
0.225623
0.292509
0.588318
0.942868
0.231128
0.069636
0.087025
0.106768
0.249993
0.238732
0.105296
0.754475
0.187453
0.99063
0.797065
0.739321
0.509535
0.106444
0.353297
0.570386
0.169126
0.927311
0.777508
0.757085
0.045455
0.353875
0.725923
0.250519
0.983653
0.612662
0.099065
0.731331
0.520286
0.65407
0.199819
0.998259
0.368299
0.638124
0.794817
0.948859
0.724185
0.698103
0.652241
0.448761
0.475142
0.807421
0.210023
0.808597
0.378458
0.199814
0.144169
0.742347
0.110791
0.838234
0.341873
0.828135
0.998495
0.516698
0.666326
0.223547
0.85912
0.538477
0.788447
0.130045
0.246336
0.261439
0.18899
0.300079
0.01073
0.042143
0.407691
0.494904
0.055638
0.577222
0.620288
0.747862
0.482536
0.04183
0.180477
0.33557
0.164974
0.900683
0.435336
0.166143
0.069885
0.74993
0.349609
0.069943
0.086345
0.202551
0.929208
0.795993
0.121294
0.036166
0.407029
0.666663
0.963425
0.975396
0.907768
0.429537
0.774896
0.43488
0.553199
0.646733
0.709889
0.233472
0.417774
0.767559
0.169884
0.729933
0.431084
0.324025
0.042356
0.119685
0.580119
0.383391
0.73064
0.057227
0.638883
0.847618
0.256683
0.533077
0.375548
0.60927
0.472554
0.945886
0.144665
0.104663
0.029545
0.819909
0.999259
0.781025
0.772891
0.849739
0.798144
0.574638
0.288796
0.166253
0.849901
0.358853
0.728284
0.186255
0.943487
0.487358
0.837401
0.434689
0.469365
0.450785
0.15424
0.561585
0.484782
0.316757
0.566015
0.270177
0.175044
0.412928
0.346493
0.618271
0.511001
0.712376
0.31804
0.707701
0.459782
0.449148
0.482934
0.776243
0.165586
0.106185
0.409151
0.358098
0.081473
0.437556
0.990604
0.427402
0.65969
0.024656
0.442113
0.436816
0.395521
0.17293
0.394571
0.528585
0.971142
0.632888
0.448645
0.138176
0.985883
0.825491
0.821108
0.329792
0.025572
0.045649
0.702411
0.858884
0.207577
0.583571
0.053239
0.85847
0.278056
0.516795
0.646651
0.366897
0.826591
0.071412
0.105482
0.808245
0.586313
0.340326
0.762309
0.944851
0.987059
0.723253
0.005322
0.470622
0.958326
0.350335
0.15876
0.733674
0.616665
0.554406
0.21094
0.744977
0.8932
0.249464
0.950292
0.613562
0.221378
0.882209
0.642006
0.257735
0.290559
0.029194
0.231737
0.82726
0.7232
0.37705
0.699037
0.665112
0.792939
0.30737
0.86187
0.772975
0.632599
0.273129
0.135754
0.685356
0.194402
0.738806
0.348126
0.771043
0.603263
0.155472
0.228202
0.217234
0.336524
0.700458
0.278443
0.213778
0.717098
0.985827
0.178205
0.936392
0.571041
0.144971
0.262932
0.964705
0.655861
0.634041
0.742808
0.741933
0.27006
0.816426
0.564256
0.314882
0.554392
0.989118
0.853897
0.41178
0.000598
0.518318
0.968207
0.111093
0.807737
0.431525
0.825813
0.735284
0.138228
0.947587
0.104735
0.753353
0.738257
0.130948
0.212762
0.82572
0.768029
0.044649
0.46981
0.777512
0.228716
0.194989
0.20126
0.247885
0.871289
0.786635
0.407193
0.858187
0.132573
0.513658
0.432591
0.499672
0.117975
0.340684
0.113645
0.343155
0.198343
0.081819
0.502431
0.645158
0.497907
0.319832
0.921289
0.621523
0.656606
0.535946
0.742046
0.059941
0.515592
0.485008
0.109018
0.929222
0.980522
0.782823
0.616925
0.680928
0.709339
0.687359
0.292943
0.04655
0.952689
0.917235
0.402532
0.696208
0.196806
0.426766
0.409782
0.930224
0.177733
0.316669
0.581949
0.748761
0.93279
0.495886
0.794571
0.867019
0.649937
0.794704
0.19957
0.522654
0.640839
0.429928
0.888244
0.929513
0.856848
0.994341
0.230988
0.072321
0.988942
0.690714
0.433202
0.50989
0.674459
0.709856
0.408188
0.55233
0.012571
0.709489
0.585119
0.315093
0.301497
0.757247
0.287319
0.447566
0.096475
0.675326
0.372821
0.37828
0.181703
0.71296
0.548814
0.361327
0.179833
0.051499
0.482592
0.125574
0.714187
0.998895
0.803818
0.85354
0.471633
0.518441
0.334528
0.126748
0.128322
0.414798
0.838579
0.706848
0.10314
0.270374
0.413316
0.83162
0.761667
0.180869
0.177345
0.892506
0.495936
0.78389
0.279951
0.015299
0.39892
0.124478
0.183169
0.051518
0.89666
0.068914
0.138438
0.648367
0.662994
0.525196
0.414015
0.488554
0.22365
0.807825
0.597557
0.570179
0.634744
0.875938
0.754132
0.519044
0.968192
0.133708
0.564852
0.943206
0.230032
0.136681
0.995329
0.934882
0.840868
0.548088
0.298919
0.556499
0.634282
0.913353
0.519592
0.021182
0.114336
0.312236
0.542742
0.234751
0.586834
0.782846
0.576291
0.103366
0.005212
0.506608
0.267933
0.229479
0.169547
0.435556
0.422865
0.171247
0.960314
0.766971
0.289443
0.466947
0.041024
0.478408
0.027423
0.165492
0.326981
0.346878
0.792273
0.974646
0.968045
0.993122
0.790005
0.022004
0.129931
0.019631
0.997227
0.339938
0.454001
0.0022
0.808094
0.265092
0.171339
0.48605
0.53017
0.403762
0.133703
0.503803
0.535592
0.083862
0.221787
0.449526
0.42112
0.803122
0.948117
0.513756
0.195668
0.652788
0.720807
0.400161
0.768545
0.145738
0.951265
0.01376
0.055687
0.817957
0.112267
0.530631
0.220962
0.444275
0.340196
0.807621
0.78057
0.558741
0.403269
0.340955
0.036745
0.886264
0.975866
0.01347
0.570088
0.653651
0.077573
0.611129
0.689765
0.750533
0.73592
0.08692
0.526453
0.352039
0.736739
0.004036
0.040688
0.954013
0.685258
0.292818
0.208793
0.775844
0.70742
0.049725
0.970451
0.468106
0.976501
0.03803
0.573106
0.075851
0.225823
0.148861
0.190585
0.476361
0.80498
0.184955
0.284254
0.625788
0.787054
0.647903
0.649931
0.008805
0.255665
0.602825
0.000876
0.818335
0.978809
0.169065
0.699924
0.056839
0.358046
0.494401
0.085972
0.893092
0.621402
0.866685
0.073041
0.760189
0.254681
0.029469
0.316034
0.935564
0.80034
0.225797
0.390791
0.995504
0.110683
0.746559
0.292633
0.451826
0.496434
0.519098
0.154639
0.766319
0.371478
0.207721
0.857979
0.200284
0.866528
0.705285
0.562952
0.615561
0.290539
0.556204
0.058885
0.262179
0.563814
0.947553
0.449857
0.890412
0.087943
0.214847
0.345491
0.608523
0.268132
0.498847
0.258607
0.903366
0.895044
0.254789
0.091738
0.498561
0.197326
0.793961
0.602494
0.28762
0.950093
0.083019
0.405613
0.61881
0.746835
0.846271
0.694263
0.780502
0.203459
0.934606
0.529096
0.289078
0.041337
0.979603
0.658982
0.088237
0.532515
0.341405
0.705426
0.459108
0.289415
0.264249
0.907227
0.783482
0.951239
0.321394
0.477808
0.121169
0.51713
0.841626
0.095827
0.881843
0.144722
0.184047
0.434262
0.285933
0.915115
0.609375
0.436597
0.102631
0.346532
0.03421
0.881442
0.794734
0.674182
0.37377
0.256561
0.717331
0.668435
0.193498
0.982393
0.506815
0.565665
0.262601
0.779994
0.542725
0.326428
0.078611
0.186307
0.004503
0.178167
0.138064
0.607754
0.961867
0.109805
0.941297
0.83411
0.246517
0.58057
0.77277
0.491759
0.759868
0.113166
0.671349
0.305917
0.967223
0.089083
0.910609
0.089143
0.524329
0.60395
0.106493
0.539506
0.204116
0.177619
0.209938
0.291357
0.610886
0.532982
0.274319
0.972134
0.178436
0.329686
0.807827
0.790392
0.582564
0.842538
0.459112
0.493777
0.444021
0.665961
0.579865
0.68429
0.925345
0.534052
0.916007
0.224008
0.647357
0.595683
0.417512
0.198472
0.338676
0.739402
0.353748
0.268696
0.391845
0.754802
0.87321
0.682672
0.201246
0.814524
0.338231
0.276949
0.966878
0.04641
0.593761
0.039412
0.421055
0.764799
0.779476
0.478565
0.871035
0.971817
0.776477
0.86531
0.315835
0.455068
0.563079
0.422582
0.476055
0.65483
0.845281
0.056737
0.603914
0.988312
0.541672
0.860412
0.339926
0.029091
0.358436
0.899772
0.70919
0.834224
0.795535
0.804551
0.41523
0.544197
0.893146
0.832318
0.308943
0.110824
0.325991
0.547518
0.566501
0.140211
0.32379
0.020673
0.896447
0.263279
0.862455
0.820574
0.659437
0.948708
0.975332
0.464706
0.042183
0.472648
0.203046
0.620123
0.943628
0.101367
0.191758
0.912162
0.703677
0.236415
0.503434
0.520025
0.184964
0.308503
0.665994
0.387818
0.392724
0.979491
0.767081
0.792934
0.175764
0.804195
0.807167
0.766577
0.990382
0.224639
0.270896
0.906114
0.877542
0.77392
0.467737
0.074355
0.401847
0.908282
0.059141
0.024476
0.753207
0.935622
0.487439
0.231942
0.96987
0.170943
0.694004
0.26226
0.056062
0.537322
0.769772
0.536672
0.866331
0.523465
0.131152
0.500029
0.770485
0.139272
0.331974
0.806212
0.709753
0.764905
0.678656
0.474237
0.152874
0.996053
0.953452
0.645377
0.621413
0.180953
0.202044
0.350976
0.665775
0.548983
0.081355
0.622661
0.9805
0.019451
0.515781
0.547085
0.432498
0.7217
0.699417
0.90108
0.56382
0.86068
0.367113
0.385666
0.598925
0.818073
0.359886
0.124805
0.488993
0.782465
0.550918
0.58993
0.957187
0.891439
0.146881
0.109249
0.726823
0.153052
0.247051
0.329885
0.616901
0.880652
0.685438
0.282333
0.241777
0.605912
0.540219
0.69306
0.099849
0.514594
0.401776
0.980248
0.007255
0.558932
0.6851
0.232324
0.448777
0.481061
0.12786
0.895573
0.298894
0.667236
0.023996
0.259126
0.635368
0.910562
0.759881
0.820722
0.80625
0.838465
0.063833
0.331551
0.445189
0.839735
0.988822
0.507997
0.837309
0.89641
0.372762
0.279229
0.648637
0.606247
0.792896
0.848084
0.095448
0.666166
0.331066
0.815677
0.912999
0.10221
0.706045
0.468264
0.207975
0.579235
0.801145
0.769684
0.97043
0.536816
0.479052
0.060868
0.293551
0.115361
0.834531
0.088394
0.927196
0.641771
0.343396
0.025895
0.152002
0.446276
0.062328
0.337093
0.684764
0.157168
0.986892
0.809112
0.313855
0.868053
0.182624
0.199625
0.68366
0.356034
0.752083
0.508873
0.645562
0.529117
0.459116
0.293485
0.260078
0.252385
0.87208
0.613262
0.304061
0.89194
0.516061
0.779673
0.720409
0.448402
0.205003
0.364423
0.827659
0.75936
0.687839
0.333602
0.022781
0.67055
0.575108
0.96748
0.474276
0.254698
0.69806
0.251146
0.095917
0.472664
0.904107
0.718026
0.895344
0.889481
0.343996
0.719616
0.295811
0.670964
0.660976
0.620009
0.142822
0.470692
0.141154
0.045184
0.080036
0.538675
0.887075
0.107071
0.081949
0.261058
0.216001
0.9248
0.28084
0.629983
0.870703
0.083452
0.494662
0.195826
0.317347
0.437797
0.940916
0.071178
0.029032
0.321884
0.660886
0.725455
0.955852
0.362443
0.881931
0.079157
0.004679
0.874679
0.990487
0.570314
0.265467
0.930654
0.337795
0.910823
0.144728
0.595944
0.895735
0.75607
0.134236
0.066808
0.967606
0.258974
0.77064
0.933774
0.006321
0.314626
0.189774
0.588744
0.432091
0.828893
0.486589
0.432529
0.397381
0.324941
0.970497
0.91537
0.16304
0.829701
0.575459
0.25044
0.018201
0.772145
0.879272
0.886048
0.373493
0.442758
0.360139
0.844422
0.125231
0.586068
0.466094
0.319605
0.264753
0.155284
0.677541
0.011237
0.491622
0.780852
0.011411
0.332348
0.688724
0.340329
0.650267
0.141062
0.421496
0.921496
0.276093
0.54611
0.575311
0.553187
0.49679
0.682457
0.991072
0.074682
0.074507
0.509687
0.522341
0.008669
0.194817
0.930977
0.650954
0.971591
0.628713
0.454512
0.949374
0.576478
0.970897
0.580654
0.662624
0.4772
0.617529
0.035656
0.842091
0.673367
0.530818
0.273735
0.208012
0.694823
0.878098
0.18632
0.46041
0.782989
0.960547
0.351397
0.393436
0.029979
0.858496
0.744216
0.023815
0.179823
0.637703
0.377684
0.091905
0.720362
0.203596
0.636111
0.647201
0.497088
0.935908
0.897712
0.973784
0.06371
0.609251
0.695752
0.837916
0.144982
0.962927
0.511046
0.269912
0.028037
0.943981
0.764714
0.799281
0.063833
0.971259
0.38225
0.730965
0.14048
0.882502
0.647428
0.404504
0.337716
0.59021
0.230343
0.091829
0.488446
0.948314
0.808629
0.042487
0.861265
0.82537
0.873106
0.23415
0.264412
0.305774
0.045209
0.067952
0.719046
0.700701
0.53048
0.636074
0.660348
0.021572
0.572231
0.119103
0.574269
0.425138
0.088737
0.697623
0.016691
0.188992
0.217591
0.417026
0.471051
0.974848
0.163594
0.085191
0.026659
0.751289
0.240059
0.678099
0.383896
0.717273
0.930002
0.218102
0.999853
0.165864
0.340765
0.995741
0.241137
0.124424
0.06698
0.284556
0.859511
0.727703
0.018174
0.10534
0.554958
0.232866
0.203228
0.897019
0.667391
0.76171
0.388978
0.906362
0.754937
0.354625
0.165747
0.754058
0.772558
0.556817
0.751884
0.114306
0.750903
0.065679
0.396105
0.718479
0.054781
0.996972
0.83066
0.301581
0.500313
0.950849
0.147447
0.120543
0.71535
0.79171
0.826602
0.823339
0.81883
0.955939
0.764062
0.704505
0.907698
0.136829
0.508406
0.170541
0.354587
0.969295
0.680865
0.510608
0.006983
0.99785
0.336157
0.675855
0.508266
0.552343
0.889279
0.226641
0.036794
0.09619
0.920511
0.231439
0.688733
0.981991
0.582554
0.905181
0.322363
0.04749
0.016976
0.933266
0.453101
0.069489
0.557158
0.841454
0.021492
0.549018
0.753751
0.767269
0.830851
0.252125
0.011754
0.137628
0.944595
0.906959
0.895377
0.295211
0.07681
0.82123
0.583507
0.149126
0.065986
0.27354
0.046086
0.295159
0.22873
0.889091
0.403288
0.67892
0.893899
0.856406
0.62663
0.283905
0.178045
0.374078
0.938163
0.998337
0.208667
0.244733
0.190404
0.493061
0.533902
0.536991
0.751979
0.241705
0.343267
0.029716
0.93019
0.34959
0.954298
0.426028
0.822509
0.143573
0.676014
0.06151
0.006964
0.093605
0.883033
0.69893
0.017149
0.758693
0.542956
0.381108
0.475313
0.656205
0.628081
0.342466
0.620542
0.391201
0.266768
0.975145
0.80192
0.941663
0.204385
0.366451
0.574988
0.457666
0.470646
0.113867
0.427318
0.421386
0.283221
0.754282
0.906585
0.259341
0.37489
0.893373
0.590808
0.988584
0.84546
0.257496
0.994864
0.800321
0.377481
0.819235
0.43999
0.275615
0.426992
0.271145
0.231216
0.780542
0.433708
0.706877
0.200095
0.61126
0.733334
0.581543
0.506658
0.685183
0.178283
0.18767
0.491901
0.646115
0.979689
0.419363
0.537748
0.979031
0.488334
0.203548
0.639615
0.778095
0.3249
0.985977
0.160259
0.10802
0.941081
0.854769
0.177533
0.70015
0.096416
0.864184
0.570664
0.08635
0.544342
0.086857
0.18339
0.011352
0.046792
0.293995
0.915366
0.683317
0.248664
0.433022
0.11206
0.111495
0.292311
0.908639
0.539656
0.031055
0.453414
0.03791
0.800846
0.755259
0.245845
0.955214
0.803514
0.381638
0.312131
0.653059
0.279459
0.667549
0.304288
0.194435
0.128543
0.561939
0.160272
0.772523
0.504475
0.976308
0.876254
0.438464
0.695489
0.966917
0.519285
0.906711
0.597405
0.783762
0.619092
0.682547
0.74145
0.689973
0.018755
0.864696
0.155195
0.555339
0.960955
0.36615
0.235023
0.459377
0.817877
0.017493
0.185763
0.606559
0.633906
0.709595
0.913063
0.192766
0.553264
0.27502
0.494779
0.738765
0.069893
0.314996
0.658043
0.478613
0.02536
0.863964
0.550182
0.616364
0.978125
0.795303
0.982702
0.614631
0.061303
0.407981
0.269909
0.689632
0.932326
0.443243
0.444744
0.063349
0.564387
0.714153
0.234062
0.593454
0.260272
0.589067
0.548927
0.281124
0.761585
0.720552
0.943314
0.771474
0.253545
0.083559
0.128161
0.660405
0.147551
0.416004
0.832144
0.892631
0.431717
0.031307
0.833059
0.648964
0.988403
0.005107
0.369374
0.735606
0.827931
0.838267
0.689363
0.22054
0.720386
0.663254
0.264172
0.120692
0.237164
0.677114
0.535185
0.178727
0.52195
0.706103
0.155539
0.179106
0.48824
0.750071
0.996664
0.025635
0.180003
0.215463
0.148036
0.466541
0.088512
0.586188
0.689974
0.353968
0.547805
0.127016
0.356043
0.221638
0.646505
0.822896
0.957556
0.701102
0.951346
0.732693
0.159122
0.854693
0.164843
0.345439
0.067754
0.164882
0.648826
0.466622
0.950508
0.001662
0.695111
0.196678
0.046678
0.188928
0.615565
0.493815
0.37943
0.602489
0.161848
0.847679
0.270101
0.178084
0.249682
0.02053
0.034689
0.466213
0.807936
0.285293
0.924138
0.278068
0.466235
0.503277
0.835734
0.068677
0.917498
0.860569
0.065841
0.392367
0.48264
0.299124
0.453983
0.757383
0.863726
0.029938
0.196162
0.913324
0.393811
0.140324
0.542159
0.57377
0.758245
0.266518
0.212688
0.067968
0.619164
0.861958
0.880238
0.535651
0.841413
0.792089
0.841772
0.921813
0.034656
0.970094
0.283787
0.722745
0.3888
0.407621
0.724919
0.552235
0.820961
0.932427
0.483677
0.225891
0.007796
0.520256
0.547576
0.758769
0.264392
0.262239
0.041468
0.470246
0.285929
0.615351
0.863665
0.129606
0.636726
0.91056
0.10077
0.077756
0.47426
0.135196
0.580624
0.568713
0.387971
0.857179
0.037924
0.746188
0.749949
0.876891
0.789112
0.514553
0.384164
0.643767
0.576456
0.759208
0.973728
0.02371
0.667311
0.808635
0.499836
0.147931
0.598214
0.189684
0.225346
0.291734
0.552776
0.332126
0.608049
0.224442
0.472976
0.247081
0.213934
0.956302
0.321996
0.467348
0.887082
0.845378
0.387646
0.277829
0.59604
0.056349
0.731313
9.3e-05
0.764313
0.81515
0.530906
0.387015
0.951579
0.768632
0.011502
0.156011
0.482774
0.489126
0.597813
0.923442
0.964371
0.359879
0.768298
0.087806
0.585077
0.024907
0.140272
0.142789
0.183117
0.11269
0.072681
0.024137
0.843278
0.576784
0.603802
0.594321
0.567956
0.249528
0.505359
0.58145
0.265734
0.654225
0.324066
0.32093
0.821384
0.666748
0.546173
0.382313
0.39255
0.159326
0.888924
0.550261
0.210363
0.135948
0.211228
0.827545
0.531853
0.278207
0.413377
0.51905
0.868698
0.44018
0.884445
0.850401
0.166904
0.126064
0.133067
0.809379
0.868043
0.674997
0.349385
0.212414
0.287401
0.383853
0.20404
0.900612
0.211278
0.948989
0.801749
0.524027
0.132198
0.743398
0.623583
0.061843
0.743235
0.54348
0.396775
0.565359
0.772004
0.529182
0.796046
0.066622
0.404419
0.245562
0.775444
0.256714
0.820269
0.485154
0.729114
0.880994
0.359797
0.744883
0.649445
0.368635
0.61931
0.044967
0.032134
0.210163
0.044403
0.231194
0.633594
0.930991
0.065301
0.36566
0.463343
0.245499
0.841018
0.639872
0.464231
0.584799
0.743973
0.557727
0.277755
0.56555
0.088246
0.505904
0.254231
0.973557
0.105155
0.965233
0.401814
0.275434
0.812272
0.832718
0.064484
0.923283
0.326768
0.710214
0.264231
0.139279
0.823434
0.851092
0.768568
0.770725
0.352228
0.097723
0.981063
0.231466
0.242817
0.448349
0.573533
0.305134
0.775752
0.533143
0.602202
0.96867
0.102163
0.442127
0.115854
0.306033
0.312951
0.748751
0.547664
0.795759
0.997486
0.999372
0.563038
0.951687
0.144989
0.738045
0.371853
0.684025
0.914175
0.719968
0.451825
0.211159
0.76961
0.063741
0.905552
0.608222
0.58724
0.507945
0.958629
0.051399
0.645221
0.81611
0.92734
0.170391
0.359527
0.586529
0.848122
0.802858
0.088604
0.137736
0.817467
0.417674
0.086932
0.413151
0.607256
0.837137
0.106058
0.849489
0.857354
0.107788
0.887627
0.704409
0.073401
0.749611
0.185639
0.48141
0.837924
0.697688
0.56421
0.286236
0.542876
0.573407
0.440374
0.859545
0.369112
0.789612
0.405357
0.959203
0.159517
0.987911
0.399567
0.132093
0.799623
0.217165
0.959244
0.544172
0.416319
0.77604
0.192703
0.406555
0.078202
0.004203
0.330976
0.000277
0.277452
0.450862
0.511343
0.801114
0.531062
0.277211
0.99455
0.63825
0.836597
0.354543
0.649037
0.586841
0.754064
0.862755
0.767112
0.571454
0.409703
0.510208
0.77596
0.83269
0.187362
0.235032
0.814385
0.945937
0.291849
0.834336
0.818736
0.186121
0.764586
0.537736
0.749821
0.19029
0.81182
0.422836
0.872515
0.460388
0.428187
0.809889
0.538301
0.276765
0.505243
0.881739
0.259728
0.134658
0.997509
0.629927
0.703084
0.105759
0.531193
0.390358
0.417735
0.755345
0.250433
0.232363
0.146023
0.185014
0.60348
0.996977
0.324788
0.239553
0.088683
0.618099
0.355327
0.70852
0.741105
0.584104
0.467072
0.461815
0.821336
0.052031
0.080945
0.561958
0.961459
0.991456
0.364083
0.74655
0.859501
0.408766
0.634077
0.722793
0.578481
0.05832
0.609024
0.918692
0.286098
0.346653
0.608428
0.149687
0.353554
0.268908
0.652806
0.062984
0.36216
0.131609
0.213411
0.044641
0.674728
0.070755
0.504173
0.918835
0.271959
0.894979
0.026905
0.184627
0.975509
0.530412
0.034088
0.024944
0.100331
0.273
0.374176
0.832555
0.447128
0.010408
0.809162
0.916204
0.586448
0.867899
0.183857
0.6385
0.854759
0.914111
0.28887
0.665387
0.506528
0.951536
0.098961
0.565604
0.4544
0.954318
0.681
0.378916
0.344872
0.004247
0.755073
0.400598
0.398429
0.360348
0.41336
0.799496
0.552762
0.852843
0.970937
0.891236
0.302626
0.849759
0.787801
0.536219
0.622814
0.18613
0.641278
0.617798
0.731583
0.70566
0.380997
0.360974
0.839048
0.432024
0.993149
0.757647
0.72079
0.724692
0.043125
0.898345
0.053095
0.133667
0.877549
0.795354
0.193829
0.394499
0.665914
0.963791
0.814595
0.974882
0.478773
0.526608
0.795078
0.293069
0.382426
0.407157
0.331416
0.184225
0.264745
0.202541
0.357016
0.109646
0.089911
0.850572
0.648382
0.955154
0.244787
0.195744
0.133394
0.127343
0.320402
0.531113
0.812935
0.998584
0.988172
0.415329
0.814416
0.75034
0.341943
0.176896
0.437434
0.232167
0.431285
0.53519
0.506903
0.040626
0.255294
0.329201
0.634387
0.697526
0.155605
0.353841
0.005996
0.244949
0.109909
0.455685
0.209366
0.645968
0.976345
0.51794
0.83128
0.281727
0.997534
0.829709
0.624274
0.814342
0.270392
0.148917
0.992641
0.796709
0.365877
0.61283
0.730855
0.706498
0.617371
0.909814
0.193109
0.181224
0.464601
0.127449
0.060979
0.642123
0.441433
0.86189
0.617246
0.330999
0.18371
0.408557
0.855802
0.253968
0.515968
0.937587
0.881925
0.79696
0.614228
0.523417
0.628487
0.979603
0.682192
0.670824
0.304755
0.248408
0.276877
0.697325
0.788749
0.166011
0.09712
0.858769
0.074637
0.661838
0.039073
0.795289
0.958196
0.406385
0.255789
0.577073
0.927283
0.013035
0.68809
0.064068
0.235958
0.940449
0.101825
0.888218
0.703685
0.231628
0.10919
0.920664
0.638305
0.985328
0.707824
0.614703
0.738977
0.92031
0.256424
0.93225
0.32922
0.347024
0.904865
0.670841
0.020218
0.140763
0.711456
0.293157
0.587175
0.666214
0.13212
0.644873
0.720601
0.638586
0.492796
0.384819
0.508577
0.959872
0.546971
0.866534
0.969614
0.231263
0.139887
0.288556
0.87493
0.668216
0.569606
0.736708
0.626302
0.924563
0.555011
0.151784
0.432828
0.477943
0.528338
0.394846
0.306082
0.375394
0.466399
0.948154
0.422925
0.533297
0.08439
0.793747
0.4406
0.334892
0.502111
0.146069
0.038817
0.432315
0.01446
0.114659
0.466789
0.388463
0.487276
0.971687
0.403608
0.650202
0.254258
0.96429
0.307635
0.298999
0.979985
0.595297
0.096561
0.337806
0.133614
0.047646
0.439971
0.42757
0.104604
0.367445
0.566061
0.444072
0.405527
0.895528
0.035724
0.586985
0.151046
0.413899
0.788599
0.917225
0.984813
0.797222
0.250266
0.89485
0.264038
0.228479
0.824567
0.834958
0.34072
0.826112
0.832025
0.634489
0.208635
0.69915
0.145209
0.396405
0.013107
0.534609
0.955563
0.234505
0.672861
0.967167
0.01617
0.952113
0.024531
0.623105
0.389445
0.308517
0.781472
0.242925
0.260124
0.053364
0.903978
0.125476
0.197452
0.373639
0.291104
0.94874
0.244196
0.368028
0.025104
0.02472
0.513109
0.006075
0.784251
0.243893
0.77279
0.231863
0.197952
0.015327
0.367185
0.850842
0.076205
0.289751
0.973318
0.062445
0.642914
0.662257
0.802765
0.364834
0.660611
0.012958
0.563708
0.02138
0.14786
0.560967
0.122591
0.726134
0.377962
0.788642
0.088891
0.800273
0.699202
0.845495
0.357726
0.289268
0.170402
0.139412
0.25913
0.783537
0.99593
0.13631
0.332379
0.41626
0.383937
0.770037
0.537238
0.400932
0.125707
0.510714
0.32638
0.374288
0.399882
0.382749
0.855627
0.264228
0.703587
0.380989
0.727504
0.553378
0.024742
0.722291
0.235818
0.430985
0.760445
0.555268
0.66721
0.067819
0.101995
0.098699
0.843746
0.149455
0.498549
0.208553
0.339674
0.130915
0.680015
0.602309
0.768265
0.039185
0.006184
0.321656
0.747233
0.400412
0.276332
0.910317
0.800984
0.773097
0.994465
0.428894
0.962285
0.548672
0.792023
0.945754
0.977191
0.700274
0.27015
0.742619
0.135171
0.727634
0.989782
0.974253
0.376368
0.501585
0.496315
0.302516
0.197804
0.591355
0.37562
0.427355
0.026798
0.957366
0.53687
0.543081
0.596837
0.993358
0.146299
0.041928
0.958094
0.962811
0.816226
0.899851
0.640951
0.218941
0.58181
0.923301
0.982285
0.548048
0.874689
0.652903
0.829998
0.672806
0.982437
0.487482
0.583376
0.331323
0.315997
0.370597
0.585386
0.087907
0.29991
0.292685
0.317292
0.658967
0.003193
0.444056
0.165762
0.524559
0.4314
0.130835
0.420354
0.743494
0.80663
0.381128
0.068827
0.886207
0.506731
0.371781
0.804616
0.738262
0.854914
0.132138
0.780743
0.774285
0.111441
0.562175
0.495127
0.819407
0.668364
0.576257
0.55657
0.506954
0.241938
0.633362
0.731048
0.918003
0.939667
0.123297
0.392155
0.156666
0.727999
0.21374
0.738184
0.347307
0.814734
0.457249
0.941557
0.722683
0.059177
0.042533
0.946377
0.034635
0.038896
0.665881
0.140531
0.733155
0.357693
0.195601
0.903395
0.128642
0.306732
0.668885
0.336063
0.150232
0.047828
0.350214
0.686096
0.794714
0.450199
0.191589
0.589168
0.926958
0.880849
0.803926
0.979958
0.799947
0.81228
0.256533
0.258135
0.087557
0.779698
0.156114
0.973127
0.642876
0.914619
0.82943
0.520095
0.125676
0.534448
0.371103
0.303183
0.746996
0.374366
0.081413
0.551292
0.693521
0.09783
0.482532
0.447485
0.383891
0.177784
0.550817
0.434105
0.305905
0.652428
0.778459
0.391216
0.170913
0.573617
0.416433
0.331632
0.681998
0.95129
0.619694
0.050588
0.36628
0.194867
0.356342
0.899666
0.278569
0.298936
0.388722
0.52716
0.263193
0.011404
0.584227
0.697952
0.532314
0.492768
0.598308
0.527447
0.298612
0.158081
0.077195
0.723676
0.210455
0.539376
0.063664
0.28969
0.263204
0.90812
0.919948
0.800623
0.739895
0.3221
0.44245
0.312974
0.514147
0.270128
0.154853
0.039434
0.03015
0.153317
0.653628
0.661017
0.554709
0.17057
0.31648
0.668788
0.702944
0.014471
0.097823
0.924498
0.910006
0.045466
0.895405
0.486866
0.799399
0.182205
0.474233
0.339496
0.174846
0.494262
0.869452
0.331643
0.948301
0.545353
0.825517
0.009519
0.149978
0.643101
0.564925
0.433149
0.193471
0.990947
0.969743
0.369964
0.827117
0.420148
0.278973
0.358965
0.0734
0.007131
0.707525
0.040336
0.787048
0.767201
0.494961
0.553895
0.432756
0.468843
0.139997
0.315739
0.438478
0.588634
0.005587
0.012151
0.531962
0.056208
0.197078
0.242174
0.816556
0.927166
0.31324
0.079617
0.685506
0.807606
0.593238
0.869363
0.425696
0.328034
0.949948
0.789412
0.618512
0.409894
0.761484
0.778212
0.757459
0.052356
0.937715
0.316862
0.612751
0.968647
0.001311
0.546459
0.975748
0.990905
0.913516
0.458518
0.815383
0.267761
0.572643
0.815626
0.853577
0.057391
0.079337
0.969625
0.040513
0.316334
0.648545
0.160134
0.846992
0.247038
0.169263
0.290157
0.864248
0.973993
0.029907
0.793564
0.081616
0.863812
0.160843
0.124258
0.703307
0.200033
0.709294
0.977667
0.04982
0.525274
0.621417
0.831435
0.657818
0.595666
0.311626
0.221651
0.26877
0.512644
0.742109
0.438961
0.265656
0.162798
0.612192
0.42498
0.343699
0.677447
0.802191
0.317019
0.184968
0.158685
0.000507
0.260507
0.234638
0.179635
0.029028
0.37756
0.423627
0.628049
0.963869
0.763683
0.745652
0.009882
0.073162
0.650133
0.523313
0.516962
0.822134
0.459433
0.472424
0.409274
0.432913
0.924485
0.237753
0.735777
0.294196
0.254056
0.275066
0.782124
0.239762
0.064612
0.135303
0.400327
0.661909
0.987836
0.884318
0.20957
0.799212
0.007718
0.021297
0.9095
0.195173
0.532208
0.914501
0.741995
0.067465
0.799619
0.125767
0.730274
0.118814
0.60306
0.725934
0.944647
0.43528
0.739481
0.37315
0.777408
0.65245
0.787955
0.118836
0.628402
0.451362
0.258213
0.333651
0.156467
0.843683
0.386355
0.780019
0.988471
0.135204
0.327893
0.982321
0.432856
0.602137
0.939559
0.443678
0.421051
0.269025
0.407434
0.925396
0.952608
0.476965
0.858383
0.619025
0.446124
0.991663
0.757512
0.776327
0.860584
0.264249
0.429544
0.721373
0.7354
0.457983
0.565989
0.968326
0.743486
0.907687
0.838566
0.531478
0.91296
0.600845
0.91378
0.82023
0.666351
0.210193
0.583617
0.382189
0.186808
0.36999
0.588897
0.445802
0.54935
0.748068
0.249316
0.706698
0.740886
0.354146
0.5715
0.308898
0.415034
0.588811
0.826495
0.642426
0.276306
0.109073
0.876525
0.959189
0.156373
0.065941
0.109083
0.358971
0.415143
0.147468
0.29865
0.505807
0.844645
0.838808
0.302293
0.474925
0.138637
0.303526
0.62969
0.365431
0.548775
0.689829
0.958723
0.015634
0.25402
0.153546
0.617561
0.87312
0.417281
0.515229
0.227286
0.225633
0.593633
0.874249
0.139439
0.57272
0.179914
0.231333
0.07391
0.71574
0.724311
0.027337
0.489346
0.125613
0.325649
0.458616
0.820731
0.901831
0.615438
0.504909
0.897481
0.198951
0.039556
0.191541
0.681966
0.850016
0.64336
0.708946
0.823589
0.251065
0.358082
0.625242
0.777923
0.173684
0.963148
0.007276
0.292297
0.377028
0.649277
0.798141
0.053627
0.724465
0.517784
0.240239
0.2595
0.306759
0.763884
0.427817
0.968737
0.645707
0.146784
0.006695
0.814851
0.575936
0.807598
0.146596
0.112059
0.201419
0.277578
0.211497
0.731729
0.004129
0.098441
0.472765
0.596518
0.643613
0.344654
0.351081
0.036484
0.95801
0.782519
0.428162
0.470656
0.132685
0.313007
0.120284
0.285056
0.187254
0.595735
0.912981
0.633492
0.999177
0.552489
0.272977
0.204341
0.85417
0.285836
0.696418
0.867012
0.907967
0.77628
0.569317
0.972603
0.810321
0.063299
0.779646
0.559835
0.886044
0.543611
0.067276
0.655926
0.038331
0.307569
0.657313
0.268321
0.605515
0.484173
0.494589
0.874008
0.089466
0.050209
0.816403
0.260477
0.055281
0.838894
0.856757
0.371589
0.031172
0.697435
0.54143
0.498719
0.218309
0.648894
0.215067
0.551873
0.299905
0.722109
0.897406
0.954883
0.891566
0.075595
0.33139
0.352091
0.970405
0.771903
0.217933
0.09024
0.273412
0.313212
0.122281
0.362913
0.516319
0.020594
0.54717
0.831739
0.700744
0.168535
0.673022
0.768408
0.302984
0.618477
0.81626
0.342918
0.156792
0.211504
0.864575
0.174328
0.708087
0.997549
0.214127
0.491075
0.033417
0.15464
0.24221
0.537029
0.520481
0.9596
0.521244
0.90548
0.200872
0.396479
0.662573
0.182053
0.749664
0.99466
0.19381
0.258072
0.572405
0.613255
0.02595
0.874172
0.298791
0.663498
0.120985
0.757284
0.272244
0.967025
0.518414
0.885966
0.617144
0.874476
0.226725
0.590712
0.841882
0.483262
0.181208
0.894761
0.759659
0.99971
0.212018
0.760721
0.654585
0.800797
0.394445
0.70789
0.517843
0.529987
0.854585
0.019909
0.56923
0.321115
0.868759
0.052132
0.487222
0.076032
0.395053
0.191071
0.620666
0.070703
0.676287
0.078943
0.184108
0.751934
0.651772
0.025866
0.146491
0.742742
0.293359
0.3351
0.610486
0.053938
0.242968
0.421998
0.021383
0.610955
0.177389
0.886367
0.221754
0.634961
0.730417
0.70299
0.253368
0.514964
0.203503
0.173739
0.286178
0.47877
0.083806
0.127684
0.62897
0.746244
0.144188
0.029774
0.954725
0.206955
0.152067
0.997894
0.946268
0.062656
0.529365
0.728938
0.761128
0.880614
0.411725
0.664215
0.892256
0.202881
0.653976
0.772759
0.03985
0.936647
0.021009
0.362241
0.699943
0.814259
0.280252
0.845705
0.7315
0.703729
0.564973
0.651947
0.066793
0.724085
0.714473
0.498085
0.967572
0.382849
0.488859
0.853035
0.502577
0.29876
0.87238
0.354545
0.371797
0.473708
0.313196
0.38341
0.072646
0.216919
0.910777
0.693791
0.785608
0.278511
0.363603
0.934633
0.696069
0.180468
0.256654
0.667976
0.369062
0.835112
0.625193
0.385506
0.971477
0.46409
0.639126
0.551323
0.707958
0.023762
0.497869
0.043279
0.851942
0.49941
0.346043
0.499417
0.043625
0.293226
0.020041
0.872386
0.648974
0.935374
0.062178
0.921123
0.682271
0.34387
0.029555
0.880116
0.253353
0.197709
0.701527
0.007945
0.645089
0.055477
0.422292
0.554081
0.765664
0.098356
0.009431
0.048237
0.740163
0.044652
0.019027
0.596658
0.295072
0.171982
0.407946
0.419337
0.100761
0.421597
0.405549
0.588018
0.973406
0.866996
0.758305
0.914867
0.26262
0.821525
0.870231
0.198733
0.973227
0.743998
0.543419
0.120964
0.48995
0.257931
0.270914
0.38352
0.939563
0.073959
0.787552
0.656623
0.193651
0.45253
0.248611
0.121171
0.030373
0.170121
0.382977
0.060256
0.463814
0.665943
0.650849
0.276236
0.123052
0.098344
0.282673
0.736464
0.896885
0.666838
0.216903
0.795229
0.305411
0.337024
0.872766
0.111241
0.51747
0.211522
0.408807
0.616207
0.92331
0.31981
0.79257
0.243802
0.306294
0.699961
0.913942
0.446773
0.647413
0.372432
0.390348
0.128633
0.108325
0.236985
0.894068
0.230566
0.70437
0.677219
0.501642
0.983071
0.540704
0.390175
0.427561
0.137143
0.442358
0.207624
0.058188
0.227782
0.239535
0.100281
0.183864
0.729886
0.735936
0.842055
0.925102
0.582592
0.299104
0.876504
0.749882
0.56392
0.683702
0.390617
0.033433
0.144459
0.1051
0.976971
0.496203
0.814248
0.794039
0.706801
0.626497
0.635151
0.371367
0.06432
0.111973
0.156754
0.51648
0.25735
0.548525
0.539037
0.278971
0.593089
0.404855
0.964882
0.096265
0.722815
0.975669
0.421424
0.043912
0.811668
0.599179
0.404159
0.397359
0.348012
0.071603
0.165546
0.402078
0.678103
0.102575
0.456693
0.194809
0.130074
0.663531
0.33771
0.372568
0.85689
0.971809
0.024117
0.778299
0.790672
0.33646
0.410169
0.145749
0.860814
0.52736
0.278862
0.942667
0.668897
0.621873
0.9302
0.18896
0.158915
0.013603
0.786498
0.031115
0.35217
0.351599
0.988807
0.346723
0.922695
0.253378
0.001674
0.737092
0.3808
0.746264
0.268823
0.934047
0.253096
0.536209
0.430023
0.501253
0.322617
0.173571
0.312755
0.587725
0.6396
0.366532
0.055109
0.630669
0.765565
0.931215
0.450097
0.645764
0.756314
0.083714
0.261321
0.90058
0.559007
0.838254
0.853736
0.473375
0.991404
0.598421
0.088653
0.31216
0.501758
0.836982
0.581629
0.970473
0.767574
0.239681
0.655829
0.351348
0.864183
0.902018
0.921215
0.850879
0.572804
0.957611
0.903843
0.821578
0.495093
0.525651
0.011285
0.021661
0.766077
0.072432
0.953103
0.960481
0.53733
0.787475
0.697922
0.281446
0.220553
0.797986
0.21606
0.142108
0.09396
0.248979
0.720582
0.858484
0.97932
0.508826
0.251642
0.399622
0.340192
0.43776
0.991457
0.42095
0.590418
0.781534
0.83382
0.688722
0.019591
0.377164
0.783663
0.986755
0.267108
0.365044
0.70277
0.596147
0.083807
0.858886
0.470051
0.732931
0.114874
0.835093
0.087394
0.369072
0.54179
0.261969
0.216276
0.047736
0.998931
0.346516
0.668347
0.084564
0.599997
0.939441
0.547989
0.438412
0.085599
0.429634
0.370037
0.180334
0.329997
0.269441
0.678884
0.942162
0.528476
0.277268
0.480912
0.671068
0.64025
0.500173
0.850488
0.626047
0.076934
0.759232
0.695873
0.634771
0.772267
0.329416
0.998255
0.582748
0.519043
0.053818
0.844161
0.736062
0.262915
0.021735
0.1209
0.9393
0.818191
0.121653
0.734042
0.087849
0.613984
0.985675
0.652183
0.87777
0.84445
0.379668
0.520985
0.212652
0.980382
0.92494
0.116898
0.531482
0.012754
0.290276
0.14991
0.845037
0.131589
0.603007
0.547392
0.335836
0.435084
0.254204
0.919932
0.106546
0.072672
0.987968
0.899637
0.153328
0.101391
0.948199
0.87974
0.137513
0.656629
0.721947
0.812554
0.486978
0.713512
0.224058
0.918071
0.527257
0.508151
0.435392
0.100127
0.716401
0.385938
0.947155
0.948513
0.952693
0.188734
0.673522
0.510661
0.626999
0.308543
0.32447
0.617108
0.857196
0.256346
0.173885
0.366762
0.096426
0.342757
0.472397
0.354272
0.709856
0.775261
0.799597
0.779706
0.811397
0.774497
0.386495
0.319599
0.400806
0.377334
0.886852
0.218876
0.062257
0.669525
0.926643
0.869387
0.340664
0.655325
0.881031
0.053708
0.162486
0.903065
0.407475
0.091735
0.835187
0.465099
0.25742
0.530891
0.530543
0.551148
0.694254
0.362545
0.813868
0.136332
0.744553
0.399832
0.80535
0.224814
0.885571
0.521048
0.43342
0.823566
0.080314
0.288373
0.541489
0.424842
0.573134
0.434978
0.375218
0.007391
0.24199
0.958142
0.796756
0.104142
0.27974
0.199754
0.097485
0.80079
0.973897
0.506955
0.274792
0.706656
0.699688
0.269991
0.153635
0.636041
0.258264
0.819891
0.253321
0.205717
0.848486
0.278333
0.589352
0.485757
0.901764
0.683906
0.891341
0.308876
0.905905
0.107444
0.42001
0.44656
0.886565
0.706094
0.103649
0.538158
0.780804
0.766902
0.848385
0.8547
0.757128
0.15708
0.73426
0.076701
0.062366
0.72886
0.264336
0.590097
0.365579
0.480483
0.27024
0.280854
0.562537
0.810419
0.27543
0.673294
0.128939
0.408433
0.307152
0.22072
0.383777
0.785707
0.312092
0.772806
0.268953
0.525746
0.010894
0.091511
0.841696
0.939889
0.251938
0.498833
0.549799
0.443862
0.636743
0.48486
0.307012
0.836372
0.273551
0.339782
0.156056
0.905294
0.494626
0.008831
0.332596
0.461297
0.10979
0.68768
0.528624
0.021858
0.600762
0.242137
0.845447
0.276202
0.891753
0.821848
0.814993
0.433642
0.12248
0.585004
0.370063
0.83278
0.469785
0.855545
0.766568
0.740883
0.586815
0.953177
0.475807
0.019672
0.557607
0.347611
0.071703
0.682306
0.835579
0.367442
0.044589
0.609315
0.785773
0.517081
0.1765
0.226058
0.317761
0.045932
0.495073
0.397264
0.196703
0.595016
0.69959
0.003679
0.964644
0.742421
0.97903
0.598775
0.894352
0.844833
0.883685
0.161165
0.945371
0.422496
0.151789
0.342457
0.104592
0.792458
0.016694
0.755242
0.924286
0.0275
0.04898
0.633431
0.074959
0.024572
0.673808
0.813362
0.370273
0.837705
0.537894
0.661163
0.285324
0.771027
0.292203
0.483532
0.458255
0.090891
0.047009
0.037429
0.289259
0.6602
0.245283
0.600407
0.059167
0.460768
0.478651
0.258917
0.683871
0.153569
0.28622
0.878588
0.943808
0.247961
0.596521
0.984719
0.081438
0.67232
0.315322
0.439102
0.716247
0.823134
0.994189
0.186431
0.309691
0.834479
0.204259
0.358249
0.821009
0.246061
0.497447
0.238706
0.030614
0.173879
0.444348
0.946812
0.07192
0.787307
0.656619
0.162846
0.159964
0.33297
0.189157
0.233906
0.805512
0.585476
0.647099
0.38786
0.287477
0.244725
0.844205
0.062053
0.825445
0.370901
0.190389
0.086794
0.418657
0.129819
0.154732
0.899195
0.874097
0.479007
0.027891
0.637921
0.571406
0.895033
0.961502
0.541536
0.168875
0.50372
0.361659
0.564398
0.292413
0.334873
0.157564
0.85351
0.684424
0.369494
0.577852
0.159702
0.846069
0.271614
0.448374
0.027271
0.668608
0.853849
0.581616
0.277261
0.673222
0.235756
0.814978
0.180315
0.186855
0.05658
0.567226
0.986575
0.679343
0.886541
0.200369
0.235974
0.523648
0.084964
0.897749
0.989777
0.554841
0.856383
0.202429
0.845143
0.19357
0.594826
0.605956
0.795067
0.321232
0.48563
0.764505
0.065737
0.320041
0.604082
0.553548
0.054168
0.268011
0.518197
0.494847
0.232103
0.679543
0.053212
0.978631
0.916646
0.560141
0.713155
0.007568
0.793637
0.12579
0.77226
0.727954
0.78209
0.649381
0.760592
0.579767
0.619456
0.180728
0.542083
0.845808
0.760426
0.469181
0.794697
0.945148
0.499386
0.02905
0.147041
0.426231
0.792159
0.221275
0.706057
0.814179
0.635273
0.663865
0.596516
0.369587
0.001363
0.981824
0.985667
0.546781
0.612653
0.007894
0.843128
0.79484
0.538489
0.667
0.920178
0.15433
0.760425
0.386449
0.004424
0.2893
0.785544
0.645742
0.037666
0.478108
0.434482
0.96564
0.608458
0.982345
0.32054
0.366517
0.831769
0.256388
0.817042
0.574498
0.93039
0.545541
0.26888
0.166653
0.666523
0.379408
0.147822
0.950211
0.42595
0.230639
0.969239
0.256977
0.486587
0.879938
0.995022
0.705596
0.787035
0.113606
0.333999
0.148036
0.428016
0.963583
0.156197
0.479667
0.255494
0.530241
0.13186
0.938454
0.860846
0.57723
0.281717
0.999491
0.749565
0.549479
0.138228
0.587638
0.252825
0.344593
0.756536
0.773535
0.595859
0.919811
0.521764
0.198592
0.448975
0.095529
0.942692
0.23801
0.143197
0.978725
0.110526
0.824895
0.116746
0.423409
0.510585
0.542334
0.432383
0.246203
0.034423
0.971605
0.013626
0.954753
0.724673
0.875982
0.30939
0.747208
0.511996
0.818963
0.651572
0.78859
0.652336
0.086435
0.004901
0.904186
0.510631
0.450961
0.996283
0.685279
0.608263
0.203796
0.229772
0.145465
0.203973
0.33455
0.673082
0.810711
0.44122
0.930716
0.214399
0.384639
0.464866
0.886799
0.354801
0.263075
0.10628
0.169015
0.312916
0.452845
0.881128
0.742753
0.831168
0.607141
0.344353
0.951773
0.710062
0.677423
0.150957
0.325025
0.42123
0.80889
0.136453
0.662963
0.719602
0.155689
0.307896
0.685427
0.380802
0.275273
0.255351
0.924204
0.648402
0.265538
0.415921
0.715075
0.697346
0.18451
0.681674
0.266754
0.509444
0.99208
0.920034
0.475136
0.980563
0.252498
0.351919
0.439896
0.947378
0.689069
0.054839
0.979948
0.25388
0.566103
0.383664
0.478767
0.876769
0.009027
0.76645
0.750898
0.210625
0.29703
0.274059
0.306488
0.834755
0.362564
0.001047
0.590761
0.355166
0.79464
0.789832
0.021035
0.990644
0.474271
0.451586
0.254795
0.600478
0.613335
0.490842
0.589206
0.390243
0.215508
0.656368
0.066003
0.644146
0.530943
0.449641
0.976934
0.381565
0.039641
0.035248
0.587865
0.155509
0.439353
0.169613
0.297615
0.473622
0.184585
0.335282
0.096299
0.498617
0.652204
0.960502
0.937893
0.469739
0.607174
0.841946
0.004593
0.968846
0.696091
0.536858
0.595409
0.465294
0.571281
0.484396
0.157608
0.624055
0.427535
0.232292
0.944579
0.52511
0.930138
0.435899
0.005918
0.655332
0.876144
0.615152
0.906803
0.97403
0.231698
0.157188
0.587708
0.80712
0.946013
0.139341
0.874318
0.057246
0.986103
0.745899
0.015629
0.215424
0.6978
0.43797
0.404006
0.643914
0.976697
0.130593
0.791878
0.707246
0.400773
0.9342
0.812765
0.907251
0.90911
0.037571
0.937126
0.628979
0.758461
0.324914
0.695482
0.775728
0.277645
0.2607
0.857946
0.23415
0.986949
0.171485
0.116623
0.127773
0.3733
0.284873
0.37013
0.575667
0.087118
0.029798
0.383834
0.16053
0.552917
0.891051
0.957348
0.442696
0.706621
0.524721
0.706007
0.194078
0.415916
0.503268
0.549202
0.09454
0.72533
0.554167
0.258413
0.297778
0.146959
0.931649
0.454469
0.335278
0.102176
0.408099
0.960961
0.171765
0.258293
0.709205
0.925372
0.855413
0.230227
0.659335
0.225369
0.608647
0.572229
0.601632
0.942745
0.872472
0.773969
0.091672
0.610856
0.092609
0.444424
0.379601
0.676709
0.459312
0.519047
0.399353
0.294931
0.759643
0.687593
0.012528
0.025565
0.969802
0.725757
0.130549
0.386905
0.020366
0.061322
0.289634
0.189484
0.110882
0.532666
0.583824
0.474347
0.380598
0.326432
0.589089
0.112232
0.481517
0.286938
0.216605
0.917805
0.791904
0.980538
0.735836
0.362334
0.281892
0.635519
0.085347
0.172741
0.458367
0.628347
0.460041
0.953061
0.993426
0.245729
0.249633
0.515853
0.341884
0.475886
0.318428
0.038611
0.18746
0.130835
0.443274
0.434386
0.332632
0.966901
0.462604
0.560794
0.017237
0.889279
0.666321
0.849766
0.881407
0.994352
0.858996
0.876721
0.358691
0.044725
0.799027
0.13608
0.427521
0.66099
0.647603
0.174395
0.47347
0.43572
0.921999
0.694114
0.028731
0.691943
0.886749
0.441157
0.517692
0.904399
0.875367
0.483652
0.131889
0.815139
0.309469
0.04681
0.847285
0.614909
0.840287
0.376242
0.151184
0.422446
0.25075
0.755115
0.366087
0.285528
0.617004
0.322724
0.483269
0.032804
0.207583
0.919846
0.747647
0.101219
0.703128
0.096424
0.232167
0.652235
0.478731
0.517059
0.341476
0.388862
0.837919
0.630695
0.351771
0.14378
0.523895
0.482003
0.562916
0.18591
0.228749
0.865321
0.495968
0.657525
0.07823
0.290128
0.58084
0.560958
0.038398
0.472668
0.0969
0.626701
0.467332
0.256205
0.095588
0.562037
0.30696
0.082887
0.58804
0.229226
0.215908
0.111743
0.940144
0.804819
0.572084
0.470153
0.659366
0.115542
0.019601
0.498661
0.170696
0.946926
0.352991
0.993888
0.47507
0.168234
0.59778
0.816106
0.900262
0.539212
0.721219
0.927007
0.715174
0.064863
0.310164
0.353131
0.847907
0.597551
0.325968
0.950332
0.064564
0.336552
0.925273
0.047181
0.662445
0.827633
0.265497
0.288179
0.436609
0.671871
0.946138
0.100772
0.069936
0.496852
0.874631
0.753452
0.098594
0.007906
0.218963
0.834806
0.631733
0.325471
0.167151
0.693006
0.786298
0.339937
0.159552
0.725945
0.830158
0.648722
0.472577
0.364361
0.835705
0.549471
0.869113
0.367062
0.627134
0.338501
0.893152
0.260977
0.75057
0.387568
0.44948
0.979105
0.596281
0.357204
0.627667
0.038421
0.629554
0.306116
0.372512
0.399089
0.411826
0.214195
0.974062
0.544
0.373724
0.535052
0.569289
0.093874
0.840691
0.178772
0.910224
0.384064
0.240848
0.423109
0.654827
0.710115
0.433505
0.210734
0.660087
0.392459
0.184027
0.64402
0.689379
0.235113
0.697448
0.581426
0.783249
0.08089
0.827969
0.215548
0.338995
0.682311
0.092198
0.119113
0.229809
0.134207
0.374811
0.024232
0.593675
0.479034
0.407869
0.122329
0.051197
0.501587
0.137164
0.680887
0.796446
0.871937
0.654191
0.42336
0.949042
0.197513
0.216522
0.144467
0.135168
0.764107
0.41162
0.361365
0.995154
0.004538
0.367461
0.699343
0.91204
0.557824
0.457335
0.59371
0.691743
0.271132
0.442415
0.372573
0.664827
0.222199
0.921451
0.446346
0.403413
0.172836
0.014049
0.592152
0.350969
0.847203
0.657459
0.595371
0.47224
0.684029
0.510651
0.860927
0.869979
0.613617
0.98959
0.554012
0.286592
0.745093
0.223274
0.204998
0.52442
0.490134
0.391138
0.665412
0.344438
0.964166
0.176893
0.823573
0.422895
0.651361
0.462092
0.044145
0.652644
0.780733
0.077517
0.797143
0.413976
0.069993
0.669263
0.133461
0.51372
0.135436
0.244526
0.42357
0.609269
0.840317
0.287367
0.590772
0.306894
0.930001
0.143263
0.955708
0.416067
0.048653
0.341483
0.144626
0.627853
0.197548
0.326121
0.798726
0.487651
0.928639
0.453725
0.233941
0.569344
0.366827
0.36841
0.210055
0.3808
0.015373
0.461001
0.747885
0.135883
0.139005
0.491677
0.666538
0.748288
0.481992
0.998179
0.883594
0.741173
0.041751
0.624539
0.700692
0.882115
0.850225
0.978498
0.929081
0.055056
0.72759
0.04236
0.342629
0.014456
0.044822
0.511241
0.975117
0.228904
0.433771
0.899684
0.669376
0.602488
0.952049
0.205225
0.757783
0.74971
0.573631
0.865064
0.365018
0.100086
0.182224
0.663884
0.616911
0.545386
0.644236
0.540541
0.242463
0.435606
0.933396
0.161522
0.824627
0.661969
0.56697
0.149448
0.123488
0.174703
0.301159
0.878985
0.375772
0.017366
0.482089
0.510887
0.910091
0.907191
0.123321
0.910763
0.308032
0.354048
0.293068
0.829135
0.581943
0.519384
0.602753
0.072486
0.700855
0.110547
0.660887
0.64986
0.81395
0.756778
0.9098
0.495093
0.1427
0.442302
0.509842
0.212053
0.246546
0.154512
0.101633
0.58306
0.045287
0.803529
0.197988
0.795907
0.191831
0.293114
0.874294
0.60049
0.029473
0.730463
0.27122
0.3147
0.442923
0.63028
0.842988
0.094431
0.047601
0.306903
0.748112
0.321316
0.953196
0.307281
0.641887
0.214428
0.844287
0.903205
0.383402
0.518832
0.665227
0.564807
0.940788
0.006716
0.344578
0.352402
0.321813
0.482739
0.181556
0.248454
0.893067
0.400604
0.969616
0.545721
0.849015
0.667782
0.682758
0.908268
0.81925
0.035117
0.283081
0.671751
0.536307
0.96371
0.851075
0.083119
0.706331
0.583416
0.841832
0.974361
0.688124
0.791157
0.230792
0.050926
0.564122
0.791976
0.779766
0.695034
0.374671
0.05288
0.31574
0.586963
0.359235
0.416901
0.425776
0.10194
0.476449
0.501478
0.712542
0.105238
0.776219
0.818052
0.00621
0.017193
0.05845
0.121779
0.774203
0.621493
0.809511
0.410936
0.102763
0.609122
0.444296
0.143367
0.294432
0.015971
0.546279
0.351377
0.411559
0.827133
0.894871
0.257867
0.960695
0.57535
0.340399
0.13432
0.980245
0.615341
0.787075
0.88044
0.199227
0.663827
0.08143
0.035617
0.27732
0.135695
0.868184
0.099217
0.960481
0.736709
0.628481
0.575307
0.596211
0.060637
0.424405
0.788345
0.556417
0.957128
0.801666
0.404578
0.305057
0.78535
0.442785
0.856761
0.711151
0.186687
0.755493
0.218791
0.831322
0.381538
0.07144
0.874685
0.996203
0.276517
0.346027
0.708831
0.592931
0.066573
0.109859
0.353078
0.283373
0.193793
0.261062
0.923841
0.742029
0.458562
0.276923
0.657998
0.295882
0.962146
0.286947
0.315208
0.438813
0.333194
0.867556
0.952345
0.217187
0.689661
0.938712
0.121517
0.907248
0.421489
0.905781
0.687646
0.25633
0.056367
0.014516
0.46029
0.363312
0.968008
0.386751
0.823096
0.752158
0.810218
0.529762
0.832136
0.190719
0.902271
0.875964
0.681697
0.674308
0.565074
0.544451
0.828842
0.354665
0.918095
0.741035
0.904912
0.758443
0.263451
0.52399
0.147378
0.46969
0.50537
0.002935
0.612368
0.203764
0.784641
0.625758
0.416803
0.427096
0.17594
0.762401
0.207018
0.252268
0.070787
0.614565
0.616623
0.561973
0.284615
0.231814
0.903299
0.007406
0.911076
0.217437
0.300405
0.016399
0.728216
0.281833
0.217168
0.576378
0.797895
0.764523
0.507594
0.482144
0.609871
0.888429
0.794629
0.74676
0.908273
0.403824
0.563951
0.970132
0.08816
0.332819
0.065988
0.933169
0.176038
0.056623
0.042514
0.379588
0.661008
0.475796
0.465678
0.864393
0.491188
0.362499
0.860423
0.201005
0.2673
0.886936
0.579353
0.723442
0.352361
0.583196
0.123996
0.606807
0.973123
0.023194
0.053564
0.115448
0.605966
0.188393
0.357964
0.68308
0.435208
0.742696
0.910319
0.9869
0.677858
0.147231
0.643593
0.033584
0.482685
0.967713
0.241337
0.687097
0.443213
0.480483
0.482965
0.803632
0.443506
0.992257
0.188534
0.964083
0.277143
0.850794
0.335903
0.834044
0.840276
0.420174
0.455464
0.654172
0.38776
0.11602
0.433006
0.737673
0.431801
0.972134
0.577719
0.785806
0.881903
0.154312
0.876855
0.286089
0.191857
0.857993
0.039272
0.834455
0.624882
0.026121
0.937799
0.449987
0.699965
0.06064
0.118728
0.92439
0.16068
0.817663
0.786356
0.671078
0.483433
0.284689
0.923697
0.009668
0.997816
0.605818
0.428983
0.225454
0.072345
0.639818
0.204906
0.424764
0.74421
0.99599
0.029988
0.450424
0.184944
0.340635
0.780407
0.440001
0.094819
0.240162
0.153306
0.171681
0.477825
0.312904
0.625149
0.401373
0.143428
0.261605
0.590474
0.246547
0.193245
0.600154
0.987428
0.360004
0.845317
0.351083
0.760778
0.786271
0.905322
0.190882
0.43489
0.973096
0.600936
0.995053
0.172912
0.295677
0.633549
0.193306
0.593097
0.456365
0.754699
0.194845
0.548164
0.867871
0.327247
0.583528
0.030529
0.063099
0.45832
0.39489
0.192475
0.878781
0.92222
0.516643
0.757286
0.909248
0.257874
0.334962
0.56253
0.772689
0.082629
0.932093
0.404927
0.10458
0.181352
0.996951
0.62026
0.886897
0.384031
0.726789
0.66586
0.233357
0.28465
0.016642
0.647078
0.421771
0.3555
0.971475
0.759769
0.610045
0.449989
0.139274
0.609154
0.35833
0.286248
0.148281
0.653046
0.191849
0.796423
0.463606
0.204831
0.963469
0.478735
0.00184
0.446611
0.805265
0.830669
0.37865
0.812538
0.95616
0.751341
0.274231
0.832879
0.995728
0.962517
0.066436
0.571381
0.413699
0.639691
0.894334
0.130474
0.037547
0.87867
0.554674
0.912419
0.301182
0.017893
0.506359
0.41616
0.29427
0.874353
0.051203
0.312736
0.649479
0.243253
0.23637
0.971547
0.947618
0.380806
0.121324
0.643881
0.71142
0.563265
0.565301
0.269715
0.802177
0.737962
0.016324
0.503377
0.754462
0.938549
0.294205
0.976854
0.824915
0.421495
0.066905
0.44322
0.204278
0.77178
0.107609
0.290839
0.762613
0.24444
0.181838
0.233014
0.025994
0.277711
0.994262
0.820521
0.973952
0.473258
0.702791
0.808051
0.965183
0.090985
0.209902
0.790559
0.842294
0.011717
0.254185
0.370644
0.750396
0.106337
0.797673
0.513978
0.699191
0.196114
0.294753
0.659763
0.887369
0.291859
0.097718
0.956119
0.206086
0.406151
0.50151
0.773578
0.437482
0.615635
0.418758
0.063774
0.236582
0.704199
0.918089
0.159637
0.800314
0.543028
0.419823
0.621707
0.816984
0.374385
0.935836
0.842358
0.234082
0.62496
0.413153
0.930506
0.185491
0.909763
0.983759
0.619607
0.319695
0.75311
0.125923
0.300385
0.411176
0.871148
0.772648
0.144214
0.217149
0.487532
0.013152
0.181677
0.310022
0.471317
0.765205
0.686938
0.052984
0.520622
0.706247
0.708232
0.756851
0.124386
0.991724
0.030816
0.058202
0.730546
0.27872
0.000782
0.200591
0.581124
0.856583
0.099424
0.508822
0.455447
0.34917
0.649611
0.982823
0.252738
0.799718
0.263359
0.631195
0.342865
0.29764
0.88792
0.426874
0.440892
0.727553
0.587457
0.846524
0.852891
0.448165
0.88792
0.37889
0.405554
0.261128
0.586558
0.093525
0.533777
0.886158
0.562081
0.496039
0.911758
0.189665
0.507261
0.98173
0.775237
0.631786
0.55168
0.345938
0.091353
0.083464
0.259085
0.977386
0.373266
0.622811
0.438342
0.52442
0.231341
0.424152
0.786316
0.702744
0.085479
0.996202
0.543571
0.297056
0.609505
0.260342
0.09453
0.529841
0.532815
0.184917
0.546988
0.633232
0.082306
0.179313
0.765478
0.034083
0.979103
0.853906
0.363483
0.843531
0.164004
0.549763
0.159829
0.479123
0.532633
0.325546
0.138138
0.66691
0.472104
0.884915
0.820064
0.78551
0.205126
0.745194
0.462187
0.960685
0.933743
0.205931
0.100225
0.508092
0.647089
0.537704
0.931394
0.607346
0.532525
0.795883
0.858212
0.455119
0.466073
0.164447
0.803941
0.651294
0.658675
0.362901
0.806429
0.994838
0.701787
0.377987
0.207256
0.388952
0.639897
0.389019
0.4217
0.290133
0.535089
0.989339
0.120978
0.327942
0.609411
0.779001
0.875561
0.455362
0.864992
0.942863
0.885475
0.217937
0.552069
0.03321
0.54284
0.716127
0.486057
0.471584
0.655438
0.084792
0.825177
0.476002
0.875227
0.593343
0.25901
0.376387
0.101208
0.259725
0.488519
0.602587
0.237863
0.98262
0.549708
0.483579
0.689612
0.575025
0.583422
0.067195
0.139739
0.828646
0.839277
0.517939
0.562308
0.469378
0.496165
0.680372
0.236951
0.118874
0.979545
0.861543
0.827794
0.483934
0.777233
0.375863
0.147215
0.206424
0.584418
0.935815
0.53681
0.746197
0.564524
0.331107
0.672336
0.965773
0.024307
0.842804
0.068009
0.067267
0.42816
0.357855
0.323886
0.043363
0.558384
0.113632
0.314279
0.403629
0.456995
0.856144
0.653139
0.371347
0.873
0.288782
0.97368
0.930711
0.781258
0.839739
0.366582
0.922978
0.790784
0.967235
0.10733
0.598983
0.297652
0.171942
0.832011
0.78952
0.770907
0.559697
0.739652
0.797722
0.483364
0.417229
0.942083
0.6603
0.497011
0.659587
0.494656
0.003318
0.626934
0.491829
0.434983
0.269896
0.457167
0.949575
0.157864
0.335382
0.475188
0.569477
0.70182
0.294268
0.778172
0.816173
0.143059
0.245368
0.210677
0.14497
0.204648
0.080485
0.567757
0.618642
0.93989
0.225531
0.391804
0.873704
0.687585
0.369551
0.246773
0.034353
0.290108
0.271438
0.631296
0.397842
0.803082
0.811576
0.464313
0.321854
0.796237
0.356427
0.621377
0.408468
0.357155
0.699628
0.412285
0.225466
0.751637
0.045981
0.118635
0.151689
0.415591
0.613621
0.500809
0.000811
0.075593
0.186254
0.334156
0.878692
0.714366
0.497239
0.613758
0.892253
0.015557
0.942938
0.319977
0.774248
0.031568
0.940164
0.807578
0.112109
0.849554
0.202704
0.278973
0.119176
0.377591
0.43754
0.276125
0.825529
0.52996
0.980332
0.532957
0.891478
0.142095
0.420474
0.666502
0.761847
0.016328
0.864017
0.497949
0.433344
0.164113
0.291302
0.282183
0.733872
0.96631
0.773213
0.721596
0.083211
0.50017
0.035229
0.556232
0.837773
0.66267
0.249809
0.846354
0.839049
0.877884
0.844796
0.739244
0.383252
0.401463
0.213948
0.064162
0.379979
0.1115
0.164699
0.633415
0.428799
0.311352
0.167659
0.168594
0.360518
0.534968
0.452193
0.649687
0.636358
0.274235
0.972349
0.260946
0.239771
0.126097
0.348803
0.90324
0.998519
0.108421
0.239299
0.732326
0.711868
0.688528
0.163963
0.951851
0.997943
0.722296
0.387691
0.329985
0.394393
0.059924
0.69593
0.967042
0.395173
0.792539
0.702622
0.884527
0.333259
0.739567
0.39053
0.984178
0.9588
0.063324
0.165425
0.26571
0.469175
0.048176
0.591906
0.661158
0.197708
0.666991
0.89194
0.975908
0.793146
0.174711
0.125572
0.694606
0.391475
0.200287
0.567121
0.837985
0.591143
0.29631
0.150669
0.856326
0.542083
0.024835
0.959437
0.72985
0.108388
0.878305
0.648756
0.985376
0.050355
0.898335
0.608207
0.823189
0.584129
0.531172
0.079698
0.825892
0.281123
0.734617
0.43201
0.536085
0.716184
0.191258
0.384662
0.096261
0.354377
0.081519
0.462214
0.418422
0.843248
0.002838
0.874538
0.291089
0.166548
0.592181
0.860556
0.610489
0.877643
0.475521
0.157133
0.728953
0.197665
0.173556
0.415055
0.094925
0.774357
0.763236
0.179641
0.561523
0.950456
0.390171
0.657027
0.705004
0.317893
0.436871
0.213702
0.289674
0.3824
0.210942
0.831727
0.749344
0.227125
0.091984
0.250153
0.209023
0.60278
0.10881
0.890926
0.662128
0.194011
0.999209
0.47218
0.052366
0.680203
0.800666
0.649822
0.091532
0.013178
0.936005
0.328604
0.398851
0.184026
0.867073
0.024569
0.300117
0.208093
0.389031
0.482915
0.668571
0.75343
0.332834
0.459986
0.285041
0.541211
0.01509
0.116606
0.21326
0.086142
0.57036
0.948143
0.506816
0.73841
0.838412
0.18027
0.329333
0.257219
0.709636
0.579493
0.105392
0.905414
0.093905
0.624411
0.39101
0.756366
0.307617
0.87881
0.387434
0.831557
0.193431
0.254317
0.714634
0.329422
0.025447
0.682395
0.893964
0.601075
0.870151
0.461268
0.840705
0.487583
0.232442
0.052442
0.216086
0.115252
0.950425
0.513857
0.28465
0.63812
0.937802
0.892902
0.806854
0.382965
0.351321
0.500522
0.546615
0.793387
0.997227
0.38177
0.362808
0.279211
0.118598
0.940308
0.175558
0.663277
0.43162
0.03581
0.318659
0.293687
0.891076
0.589943
0.541964
0.397007
0.642613
0.090323
0.335825
0.548828
0.514263
0.906293
0.258031
0.926645
0.804827
0.340986
0.726634
0.220155
0.745358
0.464005
0.661882
0.226013
0.26751
0.385087
0.090277
0.556254
0.839859
0.300687
0.903556
0.530528
0.924452
0.839222
0.23022
0.375456
0.235031
0.29401
0.803155
0.713895
0.24633
0.375943
0.564617
0.72978
0.669344
0.162381
0.171883
0.000816
0.70603
0.675309
0.579531
0.32245
0.675696
0.968422
0.630819
0.677468
0.808862
0.672417
0.264664
0.20755
0.6473
0.203868
0.883752
0.76919
0.252422
0.744195
0.682194
0.912585
0.133414
0.548426
0.344318
0.992205
0.840393
0.818023
0.043553
0.713159
0.945421
0.809916
0.407006
0.94538
0.870961
0.286565
0.003631
0.588794
0.955715
0.99765
0.872638
0.620005
0.849687
0.696281
0.113334
0.823682
0.014755
0.790007
0.323325
0.999201
0.941143
0.987687
0.499036
0.87871
0.207539
0.429128
0.249955
0.862547
0.918085
0.063354
0.909894
0.212327
0.464938
0.975637
0.50803
0.769406
0.576695
0.544478
0.35384
0.742815
0.150482
0.251232
0.326798
0.442033
0.194859
0.960622
0.058152
0.494456
0.841451
0.186198
0.190312
0.232179
0.124806
0.021925
0.537339
0.440965
0.735832
0.815345
0.603575
0.772164
0.993928
0.395806
0.659853
0.052888
0.514878
0.892419
0.814971
0.890811
0.645207
0.610325
0.758841
0.475435
0.717739
0.965213
0.019624
0.44041
0.550678
0.190123
0.993364
0.640162
0.044219
0.325025
0.696398
0.755468
0.407254
0.762681
0.315117
0.406272
0.408862
0.816318
0.756093
0.844323
0.156112
0.756484
0.311291
0.164008
0.251613
0.41844
0.152434
0.032822
0.49451
0.096748
0.036087
0.156455
0.234568
0.987215
0.278165
0.226806
0.638853
0.294479
0.429174
0.604541
0.447315
0.151593
0.440355
0.971863
0.662478
0.404156
0.027253
0.685306
0.648765
0.040909
0.744514
0.288005
0.613452
0.637993
0.901663
0.077316
0.126436
0.66504
0.576225
0.82862
0.847514
0.718633
0.117918
0.284589
0.2977
0.980147
0.061044
0.989259
0.13399
0.752758
0.65701
0.912957
0.039064
0.910212
0.157276
0.16595
0.411086
0.609597
0.946986
0.360017
0.931777
0.110778
0.174379
0.754838
0.532392
0.273035
0.473851
0.365381
0.920373
0.427428
0.869752
0.686442
0.802161
0.620569
0.884426
0.351003
0.057212
0.549038
0.606231
0.098303
0.600471
0.894974
0.797128
0.05089
0.328895
0.990246
0.602665
0.820832
0.004868
0.639058
0.714751
0.901007
0.928715
0.191186
0.306768
0.292729
0.182556
0.331185
0.783665
0.515046
0.677593
0.337158
0.100805
0.725047
0.022566
0.500471
0.616132
0.407884
0.82162
0.536762
0.584148
0.706024
0.418912
0.729427
0.114176
0.026329
0.261398
0.909339
0.209329
0.227419
0.361346
0.285505
0.391575
0.382003
0.111563
0.550777
0.986498
0.95925
0.304912
0.522703
0.385145
0.388979
0.736301
0.133775
0.994314
0.44222
0.215684
0.019316
0.412734
0.004732
0.83793
0.861138
0.209801
0.254185
0.110619
0.108876
0.387804
0.253957
0.056213
0.511747
0.72139
0.027947
0.161599
0.113988
0.131963
0.050772
0.961613
0.603339
0.443646
0.319494
0.109333
0.665297
0.997805
0.272883
0.08606
0.582705
0.549753
0.798711
0.739472
0.82424
0.962426
0.783693
0.257321
0.911888
0.187123
0.503039
0.654827
0.671256
0.868802
0.14646
0.806223
0.560615
0.545486
0.598055
0.580609
0.031427
0.3811
0.11896
0.174631
0.929711
0.836124
0.92861
0.77355
0.370727
0.126585
0.489835
0.509931
0.130797
0.379691
0.15594
0.847997
0.868111
0.227191
0.874212
0.432772
0.018436
0.554616
0.74472
0.143827
0.626425
0.911922
0.452914
0.380081
0.759126
0.394807
0.629261
0.480634
0.883709
0.28709
0.031754
0.674509
0.35775
0.777142
0.753554
0.287105
0.46686
0.581302
0.750645
0.244913
0.193346
0.999136
0.69425
0.270329
0.698749
0.948896
0.444946
0.76517
0.777665
0.073426
0.243873
0.18375
0.610714
0.492311
0.81416
0.341493
0.640948
0.199257
0.887925
0.514474
0.603758
0.075787
0.418162
0.767914
0.388414
0.340792
0.718643
0.616259
0.181833
0.494652
0.94385
0.911453
0.785964
0.098704
0.763415
0.276399
0.725008
0.962278
0.799132
0.929455
0.122393
0.387654
0.585989
0.897545
0.414051
0.650189
0.871678
0.51917
0.130858
0.970942
0.684172
0.289536
0.946228
0.105485
0.533131
0.434774
0.84121
0.603811
0.38393
0.210239
0.489115
0.795424
0.02984
0.283707
0.496981
0.222106
0.855221
0.479546
0.71764
0.088026
0.270629
0.344833
0.159018
0.149447
0.33733
0.300772
0.740863
0.649808
0.66554
0.395094
0.097391
0.848341
0.010405
0.386554
0.817858
0.899093
0.580076
0.896474
0.585767
0.841802
0.994578
0.432079
0.460876
0.347663
0.137169
0.365762
0.830317
0.659375
0.160901
0.446211
0.639879
0.109311
0.474878
0.453057
0.101007
0.792745
0.545001
0.782955
0.254047
0.410556
0.282915
0.362532
0.067365
0.3889
0.956826
0.459198
0.963774
0.871392
0.849668
0.912176
0.234434
0.232104
0.266773
0.261082
0.855811
0.405529
0.85052
0.686627
0.768942
0.034665
0.364262
0.041551
0.81939
0.650925
0.951118
0.952503
0.115621
0.655695
0.383424
0.092046
0.64617
0.05059
0.31445
0.61678
0.049563
0.226656
0.581376
0.199682
0.1313
0.56659
0.328444
0.314919
0.640506
0.630142
0.545667
0.566943
0.566864
0.986939
0.558261
0.822729
0.704512
0.54806
0.335178
0.219912
0.631465
0.518703
0.551948
0.922135
0.762078
0.420639
0.521266
0.449531
0.970719
0.273332
0.158484
0.765589
0.640011
0.904245
0.525432
0.101756
0.017839
0.715736
0.92079
0.120194
0.261006
0.935026
0.708044
0.879981
0.418106
0.097488
0.174473
0.518458
0.253379
0.407929
0.560955
0.270705
0.50009
0.027499
0.477993
0.411153
0.52086
0.193438
0.535088
0.543606
0.603052
0.024888
0.4478
0.031421
0.673261
0.380125
0.869245
0.547188
0.074029
0.215527
0.880774
0.68571
0.254518
0.905578
0.420827
0.592599
0.781059
0.227521
0.432505
0.41712
0.02453
0.509102
0.549983
0.380327
0.276275
0.962815
0.696817
0.463065
0.919777
0.2476
0.948206
0.295032
0.881909
0.700148
0.926489
0.831821
0.718735
0.844931
0.716865
0.99366
0.318739
0.774827
0.186796
0.880987
0.006196
0.653854
0.593675
0.338814
0.569627
0.13708
0.893057
0.203034
0.165508
0.480338
0.563257
0.731353
0.009519
0.027667
0.986902
0.078845
0.728121
0.697605
0.137095
0.270012
0.155681
0.07757
0.513664
0.546498
0.519115
0.220412
0.463164
0.166969
0.369794
0.351313
0.676284
0.782003
0.383951
0.329472
0.565727
0.87657
0.678487
0.270829
0.436904
0.089286
0.792871
0.742623
0.403185
0.813731
0.935597
0.716903
0.232281
0.764156
0.666431
0.085227
0.625773
0.122433
0.434867
0.997357
0.183614
0.068648
0.07053
0.666962
0.184914
0.878405
0.579911
0.113628
0.478505
0.658949
0.402845
0.546619
0.290064
0.525427
0.577741
0.363754
0.759408
0.595741
0.03427
0.869019
0.054079
0.390104
0.06144
0.961273
0.560874
0.422526
0.701149
0.730889
0.207121
0.132483
0.889559
0.163952
0.63201
0.32416
0.894715
0.479139
0.604066
0.958272
0.617932
0.227438
0.827624
0.770753
0.844976
0.184416
0.379486
0.910016
0.665692
0.952119
0.566229
0.443629
0.74747
0.756721
0.772434
0.457869
0.685924
0.267591
0.084176
0.178038
0.753432
0.761151
0.597962
0.537233
0.621915
0.996498
0.721919
0.785375
0.224583
0.354818
0.31755
0.395747
0.903199
0.096953
0.187439
0.884288
0.947347
0.444971
0.365731
0.806584
0.295717
0.805708
0.301558
0.637577
0.626953
0.9052
0.559462
0.272252
0.946286
0.357139
0.543846
0.533107
0.459103
0.224628
0.587715
0.631713
0.361008
0.688141
0.591293
0.028878
0.476862
0.515746
0.391355
0.819157
0.588373
0.827525
0.324452
0.66738
0.216716
0.722323
0.293921
0.413649
0.446224
0.698797
0.75519
0.368948
0.043048
0.075756
0.649905
0.893562
0.71868
0.329007
0.760606
0.140365
0.142535
0.55078
0.417631
0.199815
0.84073
0.899052
0.859191
0.388202
0.616843
0.336548
0.08828
0.647446
0.98716
0.677444
0.669899
0.928163
0.53801
0.783946
0.348965
0.592519
0.151428
0.423519
0.637182
0.662567
0.784397
0.8963
0.216365
0.576688
0.861576
0.756327
0.627004
0.986396
0.869057
0.423817
0.816549
0.030946
0.821938
0.073627
0.614204
0.842174
0.054372
0.592425
0.522715
0.348762
0.2507
0.428963
0.153739
0.346921
0.042553
0.21491
0.985614
0.222981
0.322333
0.238894
0.268393
0.041795
0.518972
0.827958
0.190297
0.154576
0.630176
0.847063
0.909695
0.386024
0.244776
0.986998
0.721922
0.770417
0.885136
0.367232
0.410586
0.714828
0.870159
0.27708
0.7341
0.568054
0.880623
0.532056
0.850436
0.195261
0.34676
0.897518
0.861389
0.07365
0.668027
0.547911
0.7096
0.80042
0.566151
0.217562
0.935624
0.789504
0.731545
0.161087
0.849635
0.108007
0.593109
0.954444
0.54511
0.299095
0.967377
0.367451
0.758242
0.079009
0.447242
0.462075
0.15396
0.070051
0.58329
0.586474
0.336399
0.603644
0.025639
0.709048
0.158083
0.390652
0.598433
0.429255
0.453125
0.337434
0.314285
0.121483
0.586446
0.713819
0.998678
0.453674
0.231312
0.507898
0.738217
0.793803
0.932801
0.572766
0.522843
0.75404
0.277916
0.698707
0.812363
0.893137
0.897989
0.992665
0.928963
0.78566
0.80339
0.86243
0.674035
0.153627
0.68016
0.511674
0.96199
0.067813
0.651054
0.878358
0.118772
0.03828
0.099335
0.907537
0.673192
0.388023
0.567604
0.828423
0.713463
0.096426
0.529957
0.510458
0.014784
0.135096
0.744257
0.97335
0.329034
0.785535
0.639425
0.117968
0.654217
0.999802
0.327621
0.723707
0.274439
0.974632
0.214699
0.284373
0.478641
0.034593
0.461368
0.433973
0.63288
0.607442
0.371874
0.008699
0.037738
0.4236
0.794213
0.812953
0.489366
0.006088
0.059024
0.907297
0.321247
0.308122
0.825208
0.243981
0.658354
0.588096
0.140312
0.838757
0.682149
0.501463
0.378329
0.454934
0.94427
0.05341
0.483902
0.475769
0.072874
0.184468
0.720773
0.816541
0.729656
0.094682
0.306583
0.090737
0.306126
0.830982
0.565987
0.683054
0.001328
0.090334
0.356417
0.282078
0.766909
0.01191
0.968907
0.554748
0.608774
0.88135
0.18772
0.671312
0.892964
0.575963
0.485799
0.877659
0.161386
0.995873
0.113933
0.209894
0.420931
0.503509
0.610613
0.530699
0.2254
0.740023
0.303545
0.216004
0.270821
0.127937
0.842751
0.420326
0.659838
0.351624
0.852031
0.703907
0.160474
0.659036
0.185448
0.248763
0.972923
0.272013
0.806542
0.374327
0.272215
0.772382
0.459461
0.512529
0.627296
0.341288
0.266088
0.639826
0.514051
0.002219
0.713304
0.256905
0.972827
0.42004
0.471241
0.119311
0.045862
0.716672
0.722598
0.19372
0.577259
0.746502
0.704601
0.232694
0.090276
0.40046
0.327913
0.61039
0.397584
0.261225
0.995469
0.782214
0.103383
0.976818
0.394028
0.909819
0.945436
0.907665
0.233501
0.143026
0.073681
0.812824
0.454888
0.992689
0.083732
0.256115
0.304549
0.266103
0.251321
0.648837
0.21365
0.112248
0.989375
0.70106
0.906928
0.816371
0.660408
0.054333
0.675365
0.422158
0.570515
0.648796
0.361033
0.326569
0.440812
0.318184
0.858541
0.354725
0.785257
0.888379
0.604209
0.494534
0.476557
0.263387
0.503562
0.99734
0.542397
0.655285
0.15925
0.02155
0.079213
0.460458
0.348836
0.47684
0.807723
0.632897
0.714095
0.813488
0.22377
0.976595
0.44694
0.21998
0.082264
0.969075
0.071896
0.919063
0.813691
0.03397
0.974694
0.826262
0.829116
0.987463
0.087598
0.571321
0.727713
0.998653
0.681174
0.73655
0.597007
0.642637
0.035649
0.928302
0.377493
0.358169
0.637864
0.786447
0.998355
0.047532
0.051517
0.638089
0.200195
0.108093
0.848906
0.217775
0.957107
0.332412
0.201095
0.642004
0.267334
0.103841
0.160777
0.830337
0.0727
0.981177
0.618228
0.214947
0.577951
0.172809
0.046493
0.33209
0.183337
0.722659
0.499271
0.686289
0.245561
0.760185
0.240568
0.623108
0.268473
0.189224
0.190353
0.911273
0.738379
0.176779
0.764754
0.540282
0.152821
0.745888
0.352071
0.588174
0.950038
0.094962
0.411605
0.665519
0.788513
0.75804
0.090298
0.517751
0.826698
0.53086
0.096707
0.221306
0.105783
0.050643
0.117841
0.757206
0.771076
0.328396
0.352807
0.265766
0.080667
0.009975
0.290807
0.321652
0.578576
0.666206
0.202398
0.914416
0.559802
0.797931
0.640866
0.025533
0.075383
0.511138
0.369054
0.736615
0.163428
0.860506
0.345071
0.820736
0.027441
0.455459
0.370325
0.984123
0.279127
0.915199
0.663943
0.66203
0.308589
0.670993
0.658184
0.224609
0.922765
0.410319
0.331874
0.920207
0.739449
0.109878
0.220296
0.50892
0.517473
0.153604
0.219418
0.203508
0.847213
0.538253
0.138678
0.449126
0.469467
0.142275
0.710903
0.570807
0.903076
0.39166
0.998922
0.603104
0.257964
0.360188
0.46576
0.325059
0.467166
0.177181
0.119905
0.254393
0.703992
0.225043
0.217273
0.221445
0.359723
0.529915
0.732295
0.558325
0.890247
0.818195
0.246448
0.3701
0.268737
0.037425
0.133686
0.577609
0.504802
0.258979
0.223551
0.371157
0.079035
0.636838
0.061684
0.073781
0.15153
0.697052
0.561015
0.532191
0.837584
0.363138
0.687838
0.405042
0.552983
0.176173
0.642011
0.327847
0.424309
0.833351
0.835172
0.089831
0.172517
0.181188
0.167526
0.360592
0.518476
0.69329
0.486171
0.031082
0.9458
0.739007
0.492734
0.426332
0.649796
0.370413
0.223115
0.055826
0.033094
0.146099
0.760049
0.778801
0.066524
0.14896
0.546998
0.36134
0.632299
0.10807
0.177096
0.249726
0.73963
0.147961
0.718189
0.699408
0.712583
0.795286
0.658988
0.552928
0.68953
0.762215
0.653683
0.825564
0.395822
0.859974
0.199473
0.094553
0.258935
0.115039
0.017319
0.057384
0.884649
0.699232
0.994707
0.957184
0.795279
0.718898
0.173673
0.759727
0.597744
0.935346
0.496777
0.775753
0.444944
0.011947
0.20455
0.17694
0.343239
0.823507
0.543177
0.037183
0.066399
0.382293
0.257349
0.938847
0.206184
0.342434
0.769538
0.556676
0.259802
0.510212
0.914248
0.169106
0.579785
0.859469
0.670601
0.219059
0.855938
0.275155
0.420433
0.78905
0.515405
0.6655
0.81117
0.139673
0.882449
0.28455
0.535942
0.702572
0.925539
0.707968
0.081893
0.726202
0.039012
0.350922
0.761406
0.434592
0.283145
0.904863
0.662563
0.763383
0.418752
0.485933
0.99985
0.625645
0.125574
0.216681
0.852165
0.431053
0.626391
0.575794
0.480509
0.874913
0.448446
0.592079
0.492326
0.739024
0.194621
0.075891
0.371629
0.451068
0.18222
0.110765
0.608081
0.329323
0.314904
0.024197
0.391362
0.93704
0.537584
0.287673
0.982804
0.978242
0.315416
0.267942
0.380539
0.785013
0.805781
0.7983
0.145322
0.516788
0.61342
0.229802
0.549048
0.188204
0.389658
0.710027
0.641295
0.484056
0.159187
0.179618
0.695926
0.524889
0.006057
0.145165
0.312512
0.370987
0.62669
0.282427
0.144838
0.573236
0.288454
0.216507
0.335207
0.003568
0.994077
0.87131
0.484198
0.788704
0.512184
0.146252
0.435625
0.770718
0.097071
0.696288
0.847334
0.772405
0.143799
0.129221
0.499505
0.406846
0.210385
0.708206
0.209192
0.094638
0.547253
0.167901
0.728763
0.586909
0.301619
0.460937
0.62963
0.066328
0.96604
0.018286
0.683817
0.294014
0.898135
0.338085
0.989679
0.480631
0.961298
0.667466
0.113285
0.685081
0.881683
0.408153
0.008881
0.656236
0.622147
0.141738
0.608916
0.600101
0.514272
0.179503
0.908253
0.77512
0.898213
0.374896
0.569375
0.370085
0.217774
0.864466
0.07846
0.151962
0.530551
0.08806
0.396426
0.840135
0.956557
0.489692
0.76824
0.287213
0.557558
0.00467
0.647845
0.794053
0.213675
0.957996
0.446451
0.311917
0.401728
0.256439
0.812226
0.639771
0.097763
0.913174
0.460502
0.122631
0.287376
0.583316
0.828818
0.996388
0.203587
0.413459
0.763142
0.998623
0.767651
0.455905
0.827695
0.626437
0.799344
0.343991
0.21715
0.747713
0.0259
0.89633
0.357881
0.621571
0.346094
0.798826
0.104536
0.055225
0.012979
0.567156
0.072945
0.861057
0.058264
0.22105
0.742252
0.94278
0.468357
0.18415
0.504291
0.611888
0.827967
0.074538
0.157053
0.231576
0.97764
0.630572
0.168158
0.750019
0.412578
0.581458
0.468232
0.721131
0.501676
0.680453
0.074414
0.97875
0.406881
0.990088
0.902164
0.955946
0.542763
0.058317
0.760071
0.580162
0.814575
0.186758
0.957757
0.398893
0.353034
0.061825
0.027995
0.369938
0.712114
0.527782
0.448795
0.262073
0.311412
0.315107
0.27159
0.35159
0.82955
0.612005
0.665243
0.347673
0.07555
0.503907
0.086987
0.035957
0.32752
0.067596
0.272673
0.520163
0.886354
0.315273
0.313925
0.294333
0.455475
0.817913
0.50655
0.278327
0.902711
0.47112
0.232958
0.26643
0.13661
0.850462
0.767873
0.186662
0.199908
0.607273
0.302076
0.739622
0.370874
0.28361
0.776711
0.751136
0.237498
0.41179
0.079188
0.045609
0.468608
0.103485
0.877829
0.980905
0.528223
0.974572
0.155589
0.789886
0.005581
0.7128
0.267093
0.186761
0.960502
0.297781
0.06285
0.931987
0.885574
0.836803
0.758832
0.665117
0.213896
0.858187
0.588351
0.530595
0.850551
0.303967
0.172397
0.854311
0.506427
0.653956
0.230577
0.811811
0.111347
0.084328
0.043934
0.964067
0.019233
0.575667
0.707048
0.401088
0.418073
0.55698
0.658117
0.96032
0.914226
0.219874
0.00359
0.694072
0.454589
0.226887
0.989574
0.963469
0.982261
0.470771
0.035194
0.846411
0.011073
0.726406
0.437362
0.92469
0.428335
0.407525
0.283093
0.774196
0.479277
0.835995
0.641911
0.03908
0.919626
0.625153
0.380794
0.100939
0.276287
0.879036
0.296641
0.702283
0.854217
0.304748
0.08525
0.817617
0.208223
0.594868
0.675695
0.625453
0.117252
0.937902
0.514152
0.519735
0.819541
0.061228
0.677107
0.505222
0.673145
0.783315
0.545363
0.683084
0.742397
0.813691
0.695196
0.949506
0.249913
0.071415
0.930711
0.548857
0.80861
0.981197
0.133904
0.688668
0.876092
0.886032
0.327335
0.771824
0.043649
0.397895
0.300113
0.006317
0.328953
0.201401
0.766629
0.905603
0.925272
0.393578
0.847749
0.194445
0.714538
0.678826
0.994667
0.095432
0.161718
0.801874
0.185767
0.157203
0.431504
0.634122
0.690377
0.772375
0.926825
0.095493
0.1009
0.118173
0.242433
0.085764
0.651215
0.06459
0.288632
0.636663
0.797961
0.598786
0.452084
0.00404
0.562745
0.442636
0.890489
0.254916
0.167655
0.867936
0.979999
0.288875
0.380076
0.923223
0.592038
0.540927
0.15096
0.007418
0.462025
0.775872
0.087317
0.736126
0.686861
0.866435
0.306227
0.652435
0.016802
0.293563
0.859175
0.076024
0.16705
0.821258
0.63802
0.462317
0.76376
0.675559
0.821291
0.383691
0.071308
0.00177
0.451068
0.713726
0.27149
0.758847
0.873787
0.57323
0.462541
0.911285
0.282259
0.099899
0.314423
0.052755
0.019178
0.997203
0.635935
0.499287
0.349388
0.6894
0.688582
0.010692
0.709004
0.046279
0.925871
0.108901
0.940862
0.880938
0.297577
0.630459
0.114017
0.906708
0.356232
0.238859
0.282054
0.593967
0.393786
0.922349
0.660962
0.161767
0.854681
0.37532
0.863921
0.682643
0.518641
0.706746
0.328677
0.922904
0.686534
0.108472
0.532187
0.058186
0.429113
0.230798
0.226688
0.62245
0.498956
0.820978
0.586758
0.333435
0.655364
0.970894
0.846701
0.869633
0.60676
0.646341
0.127227
0.21328
0.140485
0.645739
0.92261
0.4355
0.031827
0.803709
0.773047
0.045204
0.27159
0.702979
0.562245
0.175966
0.760638
0.722267
0.94691
0.335857
0.476699
0.187425
0.903692
0.23754
0.214023
0.448336
0.527538
0.705308
0.533145
0.960822
0.792575
0.834849
0.439526
0.788857
0.858325
0.557437
0.890314
0.231948
0.559568
0.411616
0.992921
0.955433
0.921511
0.311136
0.559828
0.929572
0.943771
0.367299
0.640805
0.202113
0.34232
0.717395
0.467231
0.726587
0.253783
0.322155
0.644759
0.105919
0.856724
0.810541
0.804012
0.704439
0.303726
0.808386
0.744667
0.01666
0.028192
0.026514
0.670032
0.764309
0.622756
0.578828
0.497854
0.891637
0.12966
0.76863
0.751617
0.959785
0.183239
0.083036
0.076401
0.130527
0.860344
0.061764
0.247629
0.757694
0.765569
0.6723
0.830413
0.701962
0.956472
0.71898
0.742936
0.252527
0.539031
0.812357
0.573771
0.531564
0.089502
0.853246
0.796958
0.925509
0.680319
0.1572
0.816273
0.930764
0.848616
0.689756
0.243109
0.779521
0.085483
0.819782
0.296375
0.529041
0.683896
0.139862
0.763136
0.870371
0.100956
0.974766
0.813939
0.574271
0.898171
0.916335
0.598687
0.486665
0.270531
0.396537
0.519163
0.361819
0.274491
0.020242
0.099098
0.404288
0.839503
0.174387
0.483777
0.292063
0.742896
0.607358
0.182124
0.926441
0.678454
0.701739
0.496587
0.228026
0.815162
0.767593
0.781761
0.36797
0.603816
0.72257
0.980347
0.548247
0.22794
0.791436
0.532053
0.555034
0.694878
0.357548
0.152302
0.993384
0.749114
0.752041
0.888274
0.054852
0.771298
0.08922
0.097561
0.875468
0.940717
0.876101
0.923817
0.410321
0.237625
0.827307
0.485895
0.343972
0.564894
0.008971
0.208918
0.924867
0.791663
0.526525
0.049146
0.704318
0.551125
0.982366
0.297344
0.803703
0.458923
0.249319
0.622094
0.785181
0.41288
0.802049
0.746372
0.635015
0.366366
0.713465
0.450158
0.846346
0.567152
0.064605
0.673539
0.299758
0.408935
0.877238
0.56895
0.240747
0.056453
0.534966
0.864178
0.25364
0.70043
0.961706
0.847874
0.131148
0.718106
0.217295
0.924349
0.343172
0.408369
0.022607
0.106761
0.304181
0.86054
0.343777
0.332019
0.764155
0.73243
0.628035
0.061407
0.110755
0.794535
0.33973
0.593301
0.119202
0.497878
0.123661
0.338521
0.514585
0.043012
0.700942
0.639593
0.281475
0.102699
0.331745
0.432202
0.309417
0.387612
0.487412
0.809059
0.949442
0.313446
0.179191
0.230392
0.974894
0.028713
0.578693
0.251007
0.964957
0.869257
0.425425
0.80597
0.071795
0.503418
0.460556
0.579118
0.080882
0.148026
0.640219
0.505937
0.247902
0.063554
0.58944
0.23274
0.105797
0.524956
0.628714
0.190869
0.615477
0.554854
0.294245
0.04374
0.540351
0.8489
0.446942
0.03413
0.389659
0.459321
0.087145
0.583934
0.986392
0.560817
0.492297
0.124885
0.966043
0.892086
0.040584
0.788175
0.670377
0.583708
0.017519
0.322573
0.434559
0.87324
0.477485
0.171596
0.162481
0.217789
0.554163
0.415318
0.193908
0.367873
0.532899
0.072571
0.557729
0.861442
0.176757
0.736949
0.0997
0.245136
0.578711
0.095547
0.461559
0.186121
0.864052
0.122203
0.237285
0.566606
0.97026
0.487024
0.487776
0.136705
0.039821
0.092908
0.973703
0.328393
0.19834
0.653912
0.701187
0.868963
0.65217
0.959629
0.968312
0.447182
0.559037
0.721135
0.162426
0.793932
0.227028
0.966986
0.879099
0.088897
0.567312
0.260497
0.577131
0.025421
0.8969
0.086355
0.041761
0.96103
0.518359
0.090663
0.994809
0.786666
0.403028
0.460799
0.070681
0.369572
0.068976
0.104221
0.343493
0.358219
0.156562
0.842849
0.848849
0.513977
0.009805
0.872297
0.401722
0.427107
0.928636
0.640132
0.617185
0.922238
0.786506
0.792564
0.602078
0.374144
0.947102
0.596867
0.220738
0.106884
0.133294
0.93088
0.298052
0.541312
0.184384
0.792089
0.711268
0.341947
0.477701
0.563099
0.10576
0.112065
0.638578
0.289158
0.99145
0.719468
0.737617
0.972031
0.207908
0.851787
0.1213
0.522628
0.305424
0.177739
0.491079
0.515228
0.936389
0.491787
0.676274
0.553125
0.571373
0.790193
0.39766
0.112257
0.863461
0.271129
0.613899
0.118261
0.927565
0.976916
0.284337
0.234175
0.972597
0.454805
0.631279
0.556122
0.010686
0.456432
0.28996
0.316542
0.953196
0.011906
0.334289
0.915308
0.418501
0.323168
0.687309
0.240192
0.338807
0.266515
0.302028
0.76255
0.771081
0.766908
0.248824
0.386069
0.590171
0.493714
0.911584
0.378679
0.405644
0.764029
0.144318
0.207973
0.663777
0.817917
0.930954
0.661765
0.743096
0.716212
0.751487
0.355833
0.10779
0.641544
0.679477
0.113348
0.722616
0.154076
0.645819
0.373574
0.219863
0.231801
0.425198
0.869239
0.696647
0.441728
0.487178
0.738519
0.824162
0.115812
0.130707
0.012751
0.520233
0.840778
0.777197
0.360042
0.336408
0.927061
0.743277
0.274165
0.286236
0.876517
0.10692
0.308959
0.01086
0.747903
0.770919
0.284048
0.896984
0.861326
0.558705
0.363057
0.610336
0.759354
0.771401
0.597525
0.667784
0.686251
0.472237
0.232315
0.347787
0.658088
0.946794
0.208121
0.889483
0.330836
0.598468
0.900585
0.797817
0.224853
0.555702
0.534033
0.494379
0.841476
0.860591
0.985823
0.397444
0.527855
0.799262
0.967617
0.999601
0.216146
0.189909
0.496328
0.188337
0.401903
0.750913
0.396229
0.447947
0.828563
0.380243
0.479022
0.289993
0.438494
0.963736
0.77206
0.794334
0.661705
0.662094
0.075485
0.301348
0.732869
0.24276
0.934575
0.346081
0.174027
0.112708
0.362158
0.321594
0.868342
0.249681
0.71938
0.924579
0.118275
0.046517
0.288375
0.81714
0.718579
0.076161
0.271388
0.13797
0.425233
0.930865
0.9619
0.16584
0.012714
0.894518
0.112111
0.976713
0.837534
0.779366
0.025535
0.986424
0.63037
0.457309
0.463807
0.577848
0.917109
0.741163
0.775932
0.786163
0.315785
0.380482
0.078095
0.702369
0.258921
0.596041
0.058315
0.525167
0.654966
0.164343
0.199704
0.925032
0.851316
0.733184
0.073877
0.068897
0.096245
0.13423
0.505516
0.983029
0.064723
0.08057
0.88048
0.62258
0.915955
0.52444
0.657152
0.119
0.364303
0.094829
0.746958
0.105711
0.353147
0.386465
0.050071
0.790409
0.892879
0.631341
0.809729
0.04139
0.850669
0.333785
0.867224
0.287689
0.575199
0.860647
0.283772
0.340156
0.368602
0.398911
0.10571
0.233809
0.607047
0.507967
0.455848
0.016209
0.576348
0.986042
0.267996
0.93415
0.99771
0.076341
0.354272
0.016298
0.832697
0.435548
0.76738
0.426164
0.484652
0.583004
0.053143
0.070641
0.427509
0.617278
0.301012
0.507666
0.139734
0.800782
0.771833
0.671993
0.240515
0.123877
0.694596
0.998075
0.312273
0.382925
0.082007
0.136668
0.533325
0.298293
0.249844
0.548447
0.216841
0.482596
0.779058
0.406528
0.611168
0.860799
0.457474
0.007214
0.804139
0.075813
0.907599
0.096338
0.965504
0.615963
0.132867
0.185578
0.947516
0.988566
0.895898
0.243332
0.932911
0.882667
0.918011
0.558242
0.24664
0.169908
0.823225
0.918349
0.739727
0.3911
0.073364
0.425649
0.730749
0.228728
0.458423
0.542334
0.456185
0.876587
0.877182
0.830849
0.07579
0.163432
0.351504
0.101447
0.209637
0.883055
0.016148
0.340244
0.742472
0.712126
0.122662
0.539611
0.799194
0.329691
0.167545
0.234139
0.12656
0.904012
0.748339
0.423401
0.117911
0.014091
0.501586
0.573475
0.283934
0.250418
0.569513
0.3512
0.831195
0.592235
0.446923
0.385953
0.260883
0.269982
0.506174
0.972874
0.579734
0.743907
0.61295
0.327484
0.508211
0.77894
0.013311
0.942049
0.921104
0.069517
0.777684
0.010182
0.572652
0.123137
0.799679
0.472853
0.947928
0.341589
0.060359
0.325978
0.274505
0.384021
0.644413
0.747959
0.064583
0.773337
0.893874
0.359958
0.106681
0.45466
0.433297
0.160257
0.417489
0.768271
0.170252
0.253797
0.00018
0.260705
0.871667
0.64096
0.508353
0.319146
0.807002
0.856685
0.207343
0.301881
0.359812
0.751471
0.226159
0.21126
0.317787
0.933755
0.436261
0.4916
9.9e-05
0.721996
0.791549
0.866151
0.061956
0.141096
0.916475
0.123644
0.042303
0.206328
0.415663
0.174055
0.8114
0.096303
0.051843
0.136906
0.868277
0.400987
0.547162
0.353
0.877528
0.737377
0.807234
0.020128
0.907283
0.762213
0.113803
0.162922
0.16071
0.269188
0.511277
0.374342
0.335202
0.229451
0.875447
0.647502
0.450963
0.725618
0.48879
0.143415
0.587066
0.559634
0.338737
0.494033
0.062297
0.846555
0.810918
0.021885
0.915468
0.988085
0.234031
0.295287
0.516704
0.010858
0.781172
0.106982
0.053303
0.484985
0.540549
0.902196
0.868973
0.048619
0.513417
0.772376
0.428457
0.297807
0.468888
0.872889
0.952046
0.605345
0.393325
0.149031
0.062744
0.239727
0.789454
0.182715
0.237392
0.154793
0.036261
0.941817
0.269018
0.876111
0.994116
0.912796
0.038436
0.074007
0.753068
0.26442
0.596941
0.056026
0.172598
0.293089
0.880458
0.567063
0.338518
0.346941
0.953357
0.837445
0.155734
0.658276
0.823197
0.926593
0.845925
0.074721
0.657206
0.534313
0.292947
0.098306
0.910995
0.480275
0.644361
0.899592
0.276242
0.977649
0.793995
0.138689
0.483128
0.758548
0.495649
0.589723
0.622415
0.564191
0.075909
0.832276
0.454863
0.645228
0.172632
0.508708
0.916565
0.89481
0.489937
0.91231
0.792207
0.05266
0.124221
0.475323
0.706742
0.021652
0.673392
0.955326
0.02909
0.029282
0.231744
0.075929
0.159029
0.356733
0.224742
0.892222
0.281006
0.120508
0.388853
0.187243
0.820944
0.193512
0.397418
0.701843
0.270954
0.18917
0.911736
0.074873
0.564323
0.861933
0.838444
0.184714
0.696254
0.541785
0.741916
0.758928
0.874896
0.325327
0.183965
0.390397
0.573491
0.88099
0.557932
0.370812
0.150543
0.930928
0.213297
0.947072
0.644167
0.090011
0.543214
0.037635
0.328086
0.030184
0.121829
0.558415
0.845624
0.311381
0.095155
0.059756
0.956337
0.121889
0.866293
0.354242
0.491809
0.036008
0.14178
0.973178
0.010211
0.587694
0.677908
0.217617
0.147601
0.965022
0.789184
0.399333
0.231705
0.364607
0.698009
0.688739
0.742251
0.559131
0.200383
0.208161
0.188611
0.577318
0.726478
0.72303
0.882926
0.69168
0.900451
0.61822
0.925475
0.720849
0.52798
0.614204
0.913763
0.762851
0.764723
0.454468
0.811361
0.411705
0.308453
0.543927
0.382769
0.554056
0.183825
0.430938
0.941576
0.798357
0.734693
0.621943
0.986447
0.095652
0.609461
0.407403
0.377714
0.689743
0.702787
0.015581
0.064159
0.886044
0.354117
0.489655
0.159482
0.688245
0.673843
0.354504
0.046431
0.943143
0.081376
0.420181
0.13438
0.568213
0.656522
0.478623
0.636758
0.522604
0.71999
0.046361
0.665777
0.849641
0.790329
0.821418
0.449063
0.625506
0.969842
0.797838
0.671022
0.992077
0.17223
0.378867
0.310508
0.960554
0.896117
0.644362
0.13485
0.587469
0.538878
0.258763
0.150626
0.383755
0.298795
0.321256
0.838025
0.096013
0.456007
0.111661
0.480783
0.103058
0.428268
0.963214
0.06507
0.328355
0.792661
0.707392
0.264039
0.434893
0.198575
0.560304
0.796404
0.879602
0.234129
0.45964
0.365288
0.628065
0.682887
0.796611
0.847075
0.527205
0.828978
0.289674
0.834455
0.100259
0.424033
0.108835
0.400088
0.195436
0.288352
0.45379
0.679449
0.388389
0.968903
0.45345
0.529118
0.827123
0.065644
0.303546
0.356276
0.27363
0.43529
0.637889
0.93
0.065599
0.868678
0.497794
0.7897
0.319885
0.19695
0.402004
0.157073
0.503864
0.671719
0.832953
0.293033
0.58171
0.913854
0.456046
0.241165
0.281649
0.4377
0.231082
0.486302
0.210655
0.971815
0.227152
0.330942
0.253566
0.700859
0.716577
0.979644
0.128322
0.562367
0.287907
0.665887
0.336271
0.318205
0.669749
0.470352
0.627001
0.729057
0.602983
0.856977
0.51888
0.602594
0.46558
0.390327
0.080805
0.320131
0.925395
0.646373
0.898045
0.022325
0.834377
0.14269
0.078082
0.962411
0.723657
0.821925
0.460673
0.500572
0.544918
0.989812
0.946678
0.872162
0.369425
0.502007
0.282438
0.684563
0.882446
0.163889
0.891276
0.479703
0.108704
0.956121
0.316004
0.194509
0.043196
0.3256
0.400183
0.58919
0.446522
0.898639
0.980604
0.042669
0.108883
0.026227
0.20828
0.374648
0.307233
0.461993
0.321777
0.414366
0.893268
0.75691
0.225428
0.506916
0.729099
0.529577
0.836982
0.95479
0.376164
0.995973
0.687431
0.938716
0.93349
0.746223
0.236231
0.743536
0.464678
0.872947
0.518251
0.984622
0.307096
0.511374
0.530029
0.057397
0.56313
0.36521
0.215263
0.596659
0.071622
0.660494
0.694777
0.457286
0.334666
0.68114
0.19853
0.923155
0.209809
0.618648
0.464022
0.608975
0.767478
0.31666
0.321748
0.993172
0.344609
0.629397
0.736153
0.65546
0.241742
0.546248
0.224728
0.964472
0.080372
0.879623
0.888063
0.913875
0.508188
0.719424
0.782393
0.638843
0.825913
0.318781
0.715553
0.295372
0.604539
0.59592
0.211945
0.734252
0.390237
0.892125
0.476824
0.250081
0.143193
0.871245
0.696093
0.12505
0.931373
0.954991
0.312245
0.493563
0.203097
0.03601
0.897763
0.391191
0.156561
0.564522
0.926851
0.721541
0.221634
0.063374
0.197008
0.389094
0.611034
0.377426
0.278439
0.211507
0.020499
0.249014
0.354092
0.70377
0.898894
0.797178
0.243929
0.03185
0.272417
0.250622
0.05998
0.199631
0.404594
0.837615
0.3109
0.727051
0.627913
0.01678
0.699359
0.26188
0.708127
0.986685
0.202136
0.114224
0.329735
0.959624
0.839515
0.956736
0.688066
0.870069
0.272357
0.426352
0.590391
0.982897
0.662384
0.536956
0.075765
0.176474
0.459266
0.932165
0.71246
0.30449
0.115311
0.574035
0.03727
0.207366
0.006822
0.569018
0.400501
0.729713
0.346529
0.262556
0.474309
0.487865
0.173964
0.180293
0.899527
0.515762
0.476344
0.64509
0.03811
0.706455
0.002428
0.275272
0.773662
0.391169
0.6567
0.635982
0.859835
0.50637
0.559597
0.715541
0.684112
0.967546
0.051965
0.527998
0.326912
0.622752
0.133245
0.388699
0.946548
0.767928
0.63495
0.872772
0.191942
0.333549
0.688229
0.533644
0.260537
0.717657
0.066637
0.646116
0.826271
0.619933
0.352049
0.053764
0.509811
0.116369
0.108418
0.011888
0.268493
0.039386
0.113705
0.465317
0.302499
0.309583
0.665003
0.458974
0.978005
0.334313
0.209731
0.868567
0.61204
0.866829
0.78357
0.688877
0.318049
0.642411
0.234513
0.673868
0.72761
0.036343
0.191714
0.228319
0.051325
0.174137
0.070385
0.106918
0.171394
0.065615
0.588224
0.50731
0.011311
0.904
0.310367
0.635381
0.107117
0.075782
0.425642
0.654838
0.111838
0.396328
0.109391
0.515756
0.962354
0.229443
0.962526
0.325625
0.396207
0.570165
0.061964
0.91817
0.638266
0.877001
0.209603
0.510838
0.823045
0.269457
0.826977
0.686262
0.486065
0.78877
0.927639
0.799392
0.219194
0.946785
0.447386
0.763302
0.695738
0.435643
0.388919
0.602933
0.315327
0.848593
0.166391
0.973783
0.836168
0.052081
0.287431
0.034387
0.927589
0.699065
0.719459
0.205401
0.792649
0.648912
0.738681
0.691355
0.209168
0.753781
0.539192
0.50513
0.505264
0.356676
0.063708
0.426403
0.052181
0.203838
0.49736
0.341804
0.099315
0.369814
0.94854
0.090586
0.016909
0.900042
0.777843
0.351503
0.176604
0.476613
0.454067
0.719762
0.19838
0.860988
0.538079
0.176102
0.88209
0.323919
0.939397
0.513719
0.657539
0.964621
0.621989
0.298703
0.751838
0.169361
0.627652
0.171177
0.768955
0.822664
0.573698
0.376069
0.890332
0.351955
0.926526
0.59122
0.426346
0.775449
0.869104
0.805118
0.358215
0.213971
0.489199
0.484368
0.938657
0.096755
0.348347
0.983429
0.459019
0.697774
0.665159
0.23812
0.042347
0.484755
0.708141
0.417167
0.883734
0.365269
0.715898
0.24838
0.703297
0.991681
0.573203
0.031923
0.641385
0.563063
0.923376
0.912512
0.722312
0.911438
0.589948
0.730742
0.758455
0.975263
0.002037
0.704194
0.813811
0.491156
0.74711
0.171414
0.331932
0.432649
0.443263
0.941486
0.471773
0.298591
0.672174
0.701936
0.831775
0.969329
0.697967
0.179345
0.106772
0.858687
0.016579
0.610865
0.763026
0.208069
0.910898
0.163081
0.545224
0.205504
0.766051
0.026573
0.877646
0.203611
0.452092
0.294817
0.198897
0.511761
0.443528
0.950988
0.84364
0.965765
0.551808
0.067337
0.795696
0.57714
0.291444
0.202189
0.010644
0.514377
0.672999
0.280714
0.427891
0.941455
0.583588
0.642496
0.428446
0.988157
0.975989
0.47771
0.319345
0.273942
0.88939
0.918243
0.430038
0.319195
0.778878
0.412967
0.061325
0.994327
0.775903
0.942049
0.299008
0.849385
0.291102
0.905296
0.759838
0.883987
0.757224
0.174862
0.506536
0.667519
0.687504
0.257985
0.316289
0.682324
0.037854
0.704842
0.99139
0.0541
0.120722
0.651657
0.249198
0.315517
0.17187
0.878198
0.436331
0.732409
0.74478
0.836397
0.683139
0.65468
0.681004
0.396829
0.165195
0.80277
0.443038
0.985433
0.652673
0.965385
0.083225
0.37934
0.770028
0.067521
0.48948
0.087807
0.807308
0.452149
0.423716
0.335122
0.027187
0.996418
0.496191
0.546273
0.328886
0.395492
0.258825
0.067591
0.771657
0.135575
0.641204
0.57238
0.497477
0.549554
0.828236
0.353168
0.051314
0.034484
0.169256
0.850162
0.268457
0.449893
0.794187
0.848476
0.454405
0.422407
0.273481
0.38962
0.711528
0.259704
0.239774
0.477227
0.920995
0.914776
0.116297
0.303588
0.390578
0.315318
0.82028
0.563435
0.008475
0.6616
0.725172
0.006261
0.704744
0.938473
0.820246
0.407819
0.404174
0.329248
0.725318
0.899477
0.005153
0.646298
0.016024
0.634333
0.979187
0.151495
0.213291
0.472561
0.045524
0.606871
0.355196
0.917446
0.072986
0.084611
0.81437
0.629199
0.993983
0.956123
0.900534
0.916266
0.675974
0.210264
0.33017
0.727513
0.348155
0.829335
0.220035
0.176431
0.995107
0.687583
0.720562
0.744132
0.515696
0.698022
0.531559
0.418617
0.133789
0.214571
0.02275
0.233879
0.808504
0.279636
0.270204
0.025436
0.43653
0.75873
0.413939
0.743921
0.527883
0.366203
0.240651
0.463207
0.472676
0.417128
0.231889
0.375501
0.895396
0.945032
0.688389
0.196895
0.255695
0.587047
0.404475
0.686194
0.36665
0.286187
0.058782
0.55733
0.003148
0.977678
0.676285
0.676437
0.918842
0.729497
0.341714
0.776112
0.613121
0.564011
0.742899
0.575066
0.184755
0.756492
0.190709
0.838665
0.594921
0.416361
0.249767
0.21267
0.132615
0.216729
0.129761
0.331943
0.173578
0.689772
0.386954
0.899514
0.038022
0.177125
0.820989
0.661256
0.415193
0.526023
0.62771
0.890581
0.434529
0.608946
0.482638
0.286813
0.915796
0.497665
0.402751
0.252797
0.416202
0.41516
0.209016
0.063697
0.284668
0.966679
0.00959
0.299364
0.014468
0.781839
0.393132
0.893712
0.732502
0.525502
0.188415
0.99905
0.159408
0.98579
0.07073
0.902152
0.067489
0.252452
0.879033
0.456577
0.411456
0.633236
0.19422
0.625798
0.101946
0.504076
0.933584
0.732933
0.448468
0.554105
0.068232
0.844778
0.075419
0.685204
0.466828
0.626399
0.129181
0.696844
0.30492
0.414026
0.250926
0.846416
0.662551
0.861208
0.407645
0.97165
0.763405
0.455721
0.876477
0.474139
0.040457
0.570664
0.871072
0.722484
0.537084
0.816565
0.993433
0.332919
0.238914
0.632247
0.858919
0.190686
0.719277
0.759167
0.869931
0.380962
0.943684
0.492311
0.420076
0.10114
0.957055
0.887708
0.788642
0.080594
0.236251
0.160068
0.079235
0.738661
0.001026
0.431929
0.675117
0.71793
0.34045
0.42799
0.061331
0.2646
0.930697
0.562577
0.270178
0.841239
0.745439
0.415988
0.527797
0.759751
0.797005
0.421556
0.599404
0.130509
0.936552
0.177653
0.707922
0.370552
0.110268
0.384046
0.035754
0.545483
0.339778
0.465214
0.327934
0.040562
0.723953
0.480318
0.441629
0.577117
0.075892
0.618113
0.888057
0.068992
0.52762
0.733236
0.832543
0.07574
0.477756
0.800544
0.880709
0.333789
0.78125
0.529363
0.99872
0.122689
0.916509
0.019907
0.833411
0.846498
0.296574
0.303631
0.445076
0.216013
0.191252
0.23518
0.191576
0.630282
0.391924
0.118354
0.690287
0.485452
0.538308
0.615133
0.073909
0.75688
0.692505
0.632008
0.380118
0.4998
0.036179
0.301477
0.925958
0.159558
0.924255
0.192398
0.896642
0.580252
0.424934
0.328868
0.31019
0.916784
0.423509
0.580811
0.39375
0.53745
0.542168
0.550281
0.041324
0.315384
0.397352
0.061932
0.888434
0.062769
0.177595
0.996457
0.875668
0.204196
0.18532
0.942715
0.142571
0.61894
0.943739
0.865664
0.877296
0.426786
0.87417
0.398543
0.798626
0.831887
0.104217
0.981109
0.588813
0.856888
0.418901
0.985877
0.15727
0.0661
0.467005
0.658277
0.694367
0.686772
0.995075
0.543679
0.653142
0.438395
0.65873
0.195044
0.926146
0.752692
0.628095
0.400258
0.200744
0.165928
0.698692
0.787001
0.060188
0.213754
0.080589
0.587947
0.004697
0.190257
0.533171
0.229437
0.579706
0.682097
0.923511
0.610733
0.807007
0.050378
0.592364
0.234535
0.436003
0.048645
0.950266
0.600762
0.515167
0.061109
0.066382
0.210304
0.183304
0.574636
0.579091
0.707571
0.38544
0.316013
0.92316
0.514427
0.75444
0.897696
0.128739
0.819009
0.327792
0.078586
0.437344
0.818489
0.855388
0.301894
0.450986
0.605149
0.954657
0.680992
0.519608
0.268363
0.443389
0.047247
0.254
0.008115
0.395354
0.928397
0.854989
0.065917
0.650873
0.601381
0.196403
0.981638
0.782515
0.200473
0.626087
0.499036
0.667294
0.580962
0.81275
0.498218
0.91992
0.485826
0.335138
0.025112
0.107276
0.689441
0.756992
0.314564
0.236968
0.539148
0.589562
0.07038
0.754965
0.568987
0.872553
0.791325
0.425887
0.119168
0.411199
0.757738
0.94298
0.946386
0.886535
0.231466
0.414426
0.82884
0.926351
0.371347
0.499927
0.352613
0.56574
0.831074
0.942266
0.098907
0.526531
0.401305
0.925859
0.139005
0.827771
0.265714
0.394607
0.406041
0.549675
0.567601
0.603295
0.369794
0.055972
0.756245
0.714482
0.040418
0.708753
0.428041
0.452768
0.882297
0.27386
0.674469
0.350665
0.858824
0.4802
0.892946
0.661125
0.971134
0.059701
0.19272
0.989199
0.529005
0.019474
0.654671
0.480141
0.217176
0.461422
0.302763
0.860103
0.18341
0.873544
0.531379
0.074705
0.754299
0.658521
0.593598
0.131506
0.39176
0.54904
0.24945
0.269458
0.954748
0.7209
0.286945
0.241264
0.014878
0.912054
0.484213
0.700713
0.54605
0.126479
0.63563
0.834181
0.365802
0.952661
0.617409
0.188935
0.510553
0.784647
0.479448
0.547515
0.158185
0.753915
0.642633
0.695905
0.896126
0.395915
0.312752
0.293212
0.351103
0.585306
0.361388
0.587977
0.047656
0.435268
0.769209
0.970979
0.628517
0.814573
0.835274
0.099665
0.052479
0.743359
0.608537
0.431038
0.762306
0.966916
0.199865
0.477948
0.39391
0.531734
0.78986
0.227362
0.975343
0.335159
0.342009
0.342901
0.790142
0.802657
0.493716
0.788136
0.06111
0.160365
0.196967
0.488658
0.954591
0.804801
0.141392
0.305745
0.797012
0.534549
0.19708
0.042707
0.945636
0.025304
0.424431
0.54266
0.236394
0.559976
0.106167
0.572796
0.730542
0.21401
0.027866
0.137075
0.775591
0.855324
0.410496
0.043941
0.711538
0.732547
0.786973
0.947059
0.214201
0.267407
0.561677
0.257739
0.615243
0.942803
0.332968
0.179857
0.290508
0.776936
0.857844
0.472892
0.143127
0.80878
0.496657
0.800889
0.090095
0.734998
0.348192
0.158349
0.171966
0.500268
0.272442
0.944979
0.412703
0.95896
0.657762
0.349386
0.684989
0.913305
0.32878
0.676314
0.244775
0.877799
0.228916
0.728974
0.44272
0.449235
0.078849
0.889702
0.779089
0.945838
0.342295
0.778357
0.331631
0.518135
0.319588
0.506495
0.086925
0.088033
0.990978
0.08177
0.651529
0.303323
0.368965
0.320596
0.34521
0.838283
0.462922
0.899509
0.091686
0.041023
0.870833
0.913755
0.235816
0.501286
0.159855
0.561092
0.016739
0.310041
0.834731
0.029662
0.989553
0.978333
0.883405
0.093552
0.195586
0.032786
0.080053
0.350866
0.732069
0.94276
0.775197
0.713419
0.408958
0.949702
0.432524
0.45593
0.069189
0.054892
0.619084
0.676871
0.584868
0.505641
0.4084
0.02555
0.094462
0.302152
0.362362
0.85846
0.833162
0.737512
0.592937
0.868222
0.500025
0.594487
0.567359
0.508863
0.717187
0.50823
0.953718
0.999598
0.543402
0.972016
0.117325
0.208445
0.129349
0.812092
0.890968
0.132687
0.334088
0.477127
0.913412
0.150631
0.326312
0.854501
0.544567
0.391245
0.34369
0.674189
0.370245
0.011026
0.558361
0.745503
0.050164
0.852683
0.016811
0.924898
0.009719
0.896968
0.666491
0.68085
0.308157
0.132786
0.551794
0.913554
0.184304
0.762557
0.825135
0.259114
0.237239
0.775119
0.191855
0.108857
0.16243
0.474295
0.567773
0.104808
0.742055
0.092758
0.070575
0.797427
0.619306
0.113889
0.545831
0.674218
0.672893
0.944912
0.215572
0.843537
0.924541
0.338278
0.721548
0.824784
0.579075
0.920549
0.932004
0.722543
0.495122
0.441344
0.264144
0.385129
0.064954
0.385705
0.303433
0.370681
0.104652
0.075239
0.938579
0.378514
0.639192
0.27346
0.730041
0.220642
0.350036
0.415412
0.657403
0.42387
0.026121
0.153069
0.621381
0.756106
0.484207
0.470658
0.750214
0.231886
0.859307
0.666812
0.362928
0.998092
0.641416
0.204112
0.739622
0.067303
0.333463
0.086852
0.278796
0.830825
0.355576
0.721814
0.239834
0.335528
0.390172
0.104986
0.609679
0.742795
0.08753
0.166097
0.249983
0.450387
0.046977
0.356546
0.304956
0.91243
0.556176
0.807307
0.150939
0.398905
0.356303
0.635018
0.433158
0.636756
0.524853
0.463231
0.499457
0.938315
0.132124
0.0135
0.528409
0.322987
0.298316
0.325946
0.338226
0.75496
0.18211
0.609614
0.816435
0.614989
0.444967
0.698236
0.265094
0.447083
0.440588
0.66528
0.810532
0.815283
0.715455
0.425022
0.897269
0.794434
0.655577
0.514775
0.880397
0.780579
0.283306
0.128077
0.975524
0.016026
0.437498
0.864739
0.797275
0.965962
0.453674
0.837036
0.584753
0.121023
0.67689
0.361978
0.768689
0.184676
0.049881
0.961567
0.810629
0.604214
0.03156
0.053783
0.111407
0.608358
0.170325
0.84525
0.111934
0.121849
0.261786
0.861163
0.078053
0.414151
0.103842
0.759248
0.259489
0.925645
0.734445
0.88375
0.971846
0.81003
0.048134
0.407572
0.745078
0.852689
0.836546
0.976276
0.338475
0.337328
0.463982
0.0615
0.935179
0.386995
0.548613
0.165392
0.762622
0.717906
0.633106
0.456613
0.154656
0.03569
0.803323
0.438889
0.194543
0.872776
0.004496
0.44917
0.635171
0.03543
0.33271
0.63082
0.367168
0.482159
0.461428
0.088701
0.011107
0.887471
0.989742
0.755866
0.388494
0.077666
0.643178
0.927806
0.558185
0.71388
0.309893
0.554034
0.396317
0.400371
0.176694
0.199987
0.764692
0.950003
0.381989
0.388111
0.019668
0.733217
0.150122
0.239377
0.009742
0.511291
0.526945
0.25656
0.477345
0.496956
0.822413
0.663337
0.193048
0.40404
0.777311
0.360677
0.524035
0.248771
0.85944
0.996483
0.06265
0.504646
0.292717
0.462941
0.360729
0.629007
0.023304
0.652445
0.210179
0.64887
0.101133
0.117547
0.877187
0.587542
0.505426
0.717496
0.5295
0.811409
0.372946
0.752416
0.256471
0.6019
0.371222
0.73925
0.707658
0.986437
0.530296
0.811485
0.480483
0.253005
0.547787
0.787317
0.586248
0.487623
0.476729
0.65963
0.457398
0.594049
0.902714
0.743595
0.344429
0.325912
0.243759
0.099769
0.680016
0.886294
0.390993
0.604736
0.045362
0.31654
0.297686
0.702562
0.599985
0.802243
0.455267
0.16811
0.954048
0.030362
0.233388
0.617443
0.963965
0.41112
0.520936
0.969828
0.593605
0.497819
0.902551
0.249273
0.155925
0.084349
0.219239
0.82786
0.745864
0.810236
0.251613
0.733386
0.66345
0.64319
0.838532
0.722467
0.328936
0.304096
0.747338
0.94388
0.52368
0.534791
0.817502
0.352461
0.412568
0.299082
0.302565
0.358129
0.578201
0.174994
0.176674
0.616231
0.377379
0.428508
0.363537
0.626005
0.797585
0.833123
0.042005
0.957732
0.054245
0.023597
0.044738
0.162834
0.237153
0.571919
0.748583
0.106508
0.14647
0.911603
0.335948
0.121383
0.311872
0.271837
0.672607
0.491327
0.942991
0.098359
0.54937
0.177762
0.919281
0.112716
0.528843
0.46034
0.06511
0.897311
0.486295
0.923771
0.304425
0.710518
0.630247
0.73941
0.852164
0.713456
0.794362
0.944855
0.726959
0.695659
0.942455
0.775107
0.704163
0.221939
0.764833
0.987791
0.616387
0.353816
0.741167
0.283282
0.029196
0.279748
0.259331
0.926574
0.76379
0.794732
0.870975
0.282157
0.766919
0.081913
0.123437
0.023642
0.163142
0.561089
0.843528
0.762371
0.537728
0.538264
0.052996
0.765061
0.51541
0.949118
0.042155
0.559969
0.640748
0.330682
0.644186
0.024615
0.493031
0.902048
0.405033
0.453283
0.487097
0.235163
0.338921
0.187797
0.221562
0.387163
0.355045
0.735755
0.029469
0.360156
0.719008
0.575755
0.397595
0.623923
0.330251
0.596704
0.447195
0.99185
0.622299
0.805442
0.344615
0.801006
0.605418
0.189368
0.790943
0.600292
0.275669
0.473337
0.542785
0.837802
0.420728
0.809234
0.92802
0.153174
0.720486
0.514484
0.320547
0.858471
0.862764
0.072531
0.775064
0.631328
0.682238
0.63726
0.116283
0.420895
0.301638
0.494703
0.447232
0.079415
0.739341
0.579087
0.29551
0.648726
0.441545
0.127061
0.298029
0.566987
0.231583
0.845511
0.308544
0.047849
0.742151
0.921387
0.167872
0.200299
0.647116
0.492659
0.101898
0.144051
0.332477
0.576725
0.121404
0.528421
0.547669
0.49202
0.26066
0.569059
0.003948
0.220536
0.022832
0.376744
0.943729
0.821413
0.407832
0.587033
0.620504
0.769009
0.26806
0.232937
0.920694
0.361574
0.290585
0.529344
0.852673
0.165338
0.811305
0.558399
0.528314
0.788694
0.501192
0.405151
0.94016
0.458888
0.934005
0.103522
0.038107
0.745157
0.170322
0.852181
0.894991
0.304443
0.99476
0.809765
0.973772
0.223264
0.589342
0.290587
0.130454
0.791924
0.668369
0.267774
0.340882
0.439681
0.217257
0.84164
0.136247
0.528081
0.637141
0.617661
0.750179
0.248606
0.355004
0.270229
0.300131
0.465318
0.440477
0.519521
0.691025
0.83199
0.101469
0.369436
0.008083
0.899411
0.890159
0.636838
0.48082
0.4176
0.181611
0.441143
0.065729
0.845614
0.019879
0.086344
0.281066
0.817647
0.265323
0.941079
0.467496
0.220871
0.341286
0.239089
0.804178
0.755936
0.445063
0.394782
0.223022
0.792081
0.117061
0.156946
0.323443
0.00645
0.357809
0.981659
0.407443
0.701618
0.426719
0.698205
0.502957
0.472756
0.720308
0.692025
0.179517
0.868439
0.345177
0.074889
0.663065
0.178955
0.168616
0.051113
0.786316
0.588899
0.153143
0.222008
0.730909
0.62167
0.667294
0.989777
0.561405
0.052605
0.252944
0.929333
0.843313
0.986741
0.201505
0.805365
0.296504
0.064913
0.291684
0.896495
0.426225
0.498562
0.195207
0.243028
0.650379
0.912312
0.609684
0.229817
0.234034
0.452032
0.808027
0.000263
0.817419
0.153791
0.616604
0.789605
0.856529
0.180295
0.972713
0.616908
0.162931
0.593401
0.824288
0.149392
0.602293
0.823774
0.768076
0.925211
0.638341
0.762959
0.597266
0.765624
0.323539
0.877587
0.439034
0.200442
0.174387
0.079874
0.0026
0.613568
0.587439
0.055026
0.513178
0.66647
0.77413
0.224911
0.283965
0.305534
0.809356
0.073887
0.310402
0.34691
0.187419
0.255686
0.750865
0.27063
0.888521
0.435516
0.178439
0.470777
0.008269
0.687258
0.297665
0.574017
0.593794
0.473342
0.426117
0.515899
0.685948
0.729466
0.005023
0.558542
0.041427
0.220223
0.206836
0.704448
0.864152
0.259613
0.261614
0.295732
0.34414
0.597841
0.522826
0.373877
0.925328
0.711864
0.132115
0.047684
0.723492
0.686002
0.335104
0.856843
0.849494
0.368818
0.000567
0.156827
0.681474
0.188437
0.320227
0.833545
0.598201
0.114482
0.568325
0.467176
0.819419
0.803377
0.844854
0.479705
0.962324
0.643168
0.217489
0.797786
0.075857
0.121725
0.236311
0.599838
0.209045
0.478587
0.637028
0.08585
0.556228
0.376107
0.588513
0.77541
0.41723
0.68903
0.498119
0.209479
0.568852
0.653101
0.505561
0.337815
0.775516
0.297473
0.05634
0.198375
0.051732
0.910063
0.758403
0.0658
0.324335
0.789133
0.432259
0.769247
0.02719
0.664137
0.441702
0.820315
0.990411
0.684239
0.437774
0.924987
0.477894
0.610046
0.772852
0.111188
0.009858
0.65883
0.921667
0.823012
0.773964
0.242657
0.478763
0.769951
0.655752
0.159864
0.460415
0.81734
0.634165
0.479519
0.038361
0.17723
0.989733
0.887554
0.133465
0.411407
0.763727
0.252052
0.190525
0.956211
0.222811
0.734872
0.349182
0.749317
0.700219
0.635292
0.972504
0.029227
0.500051
0.048243
0.691634
0.970092
0.613894
0.123167
0.297914
0.465637
0.478378
0.188836
0.500395
0.773993
0.253528
0.020314
0.520277
0.352214
0.618178
0.604063
0.528078
0.317101
0.882668
0.733909
0.482557
0.976801
0.865168
0.127021
0.719779
0.836616
0.218399
0.856122
0.981437
0.657141
0.898392
0.301113
0.138711
0.218907
0.605186
0.573504
0.887058
0.174264
0.946801
0.504223
0.955306
0.155681
0.775917
0.055063
0.721367
0.417708
0.010492
0.153131
0.165984
0.006555
0.086735
0.355555
0.392936
0.096344
0.47597
0.696582
0.372265
0.889262
0.467941
0.212474
0.866317
0.344409
0.255766
0.964709
0.76445
0.321499
0.523789
0.332102
0.894292
0.21092
0.084069
0.035611
0.27052
0.843296
0.363215
0.439449
0.827331
0.144495
0.804356
0.782393
0.734249
0.614373
0.916785
0.162819
0.983406
0.843851
0.179142
0.155841
0.700177
0.173271
0.088069
0.386568
0.454676
0.268751
0.990903
0.708546
0.039274
0.944417
0.69634
0.877803
0.458511
0.429736
0.398633
0.604777
0.860653
0.12312
0.067329
0.482476
0.024003
0.918076
0.325092
0.135785
0.747105
0.565501
0.013697
0.605796
0.899387
0.490133
0.249852
0.332329
0.878075
0.233273
0.662067
0.772828
0.848975
0.577837
0.488587
0.656117
0.962603
0.917238
0.634761
0.980804
0.843268
0.97657
0.309604
0.372438
0.891935
0.745732
0.73421
0.919923
0.395844
0.004524
0.926678
0.978175
0.883165
0.014942
0.86877
0.457335
0.976447
0.416116
0.978577
0.513554
0.494426
0.744515
0.076985
0.090802
0.717749
0.081783
0.055895
0.821064
0.33058
0.386978
0.91949
0.418427
0.882824
0.304023
0.310305
0.219612
0.146112
0.360354
0.5374
0.163328
0.750245
0.771776
0.6773
0.422753
0.01484
0.433379
0.794845
0.646623
0.836222
0.448339
0.259752
0.250095
0.119342
0.362486
0.15764
0.576514
0.431201
0.186055
0.909216
0.140963
0.295837
0.136848
0.774912
0.4311
0.184207
0.080784
0.95272
0.869548
0.571615
0.737931
0.76555
0.271128
0.226084
0.885535
0.114344
0.802492
0.866469
0.59048
0.738364
0.773187
0.283885
0.895061
0.974458
0.741319
0.305452
0.408046
0.325678
0.044919
0.864422
0.503758
0.082437
0.180816
0.572891
0.429543
0.124217
0.238289
0.860438
0.972717
0.483676
0.241753
0.480033
0.150639
0.651129
0.377158
0.557929
0.898041
0.107172
0.626956
0.469162
0.805227
0.391026
0.379297
0.651864
0.621639
0.758334
0.719965
0.388158
0.608699
0.210259
0.301821
0.461946
0.928844
0.118702
0.917222
0.587695
0.691073
0.20071
0.291466
0.399692
0.495122
0.811644
0.706822
0.743832
0.916994
0.385375
0.69446
0.005474
0.721506
0.763979
0.451887
0.308199
0.477669
0.101167
0.783007
0.723148
0.447859
0.877171
0.608947
0.534741
0.457006
0.390382
0.544598
0.032985
0.935663
0.192286
0.559956
0.976963
0.901441
0.379021
0.909288
0.882282
0.91557
0.794758
0.584448
0.823555
0.511725
0.278222
0.294368
0.345582
0.964045
0.04468
0.943537
0.675739
0.30987
0.201989
0.488409
0.757701
0.454209
0.080401
0.890097
0.475833
0.175017
0.672197
0.019013
0.666864
0.522105
0.399151
0.504436
0.55069
0.330332
0.993019
0.393546
0.288228
0.064299
0.179583
0.356455
0.363863
0.338083
0.664578
0.918597
0.985552
0.516237
0.625777
0.81331
0.487366
0.998998
0.077602
0.842259
0.99102
0.201941
0.492011
0.590086
0.80269
0.537536
0.992647
0.468082
0.041929
0.918173
0.326968
0.665097
0.159524
0.876672
0.117533
0.539448
0.402531
0.675371
0.850272
0.847362
0.828525
0.884418
0.564197
0.3201
0.188735
0.112659
0.827808
0.239652
0.275669
0.164638
0.723481
0.434875
0.25169
0.267421
0.374248
0.22394
0.918172
0.497617
0.272284
0.247375
0.651198
0.695919
0.264335
0.314925
0.145333
0.030526
0.571161
0.957342
0.999421
0.387328
0.143733
0.267715
0.01349
0.822976
0.933972
0.699851
0.137734
0.819195
0.234702
0.128043
0.972098
0.991423
0.998536
0.353109
0.446629
0.781434
0.502938
0.617808
0.705228
0.788033
0.697695
0.785424
0.947512
0.041887
0.944752
0.757852
0.392293
0.128507
0.884544
0.271825
0.200607
0.194867
0.175765
0.470235
0.758163
0.750564
0.981971
0.329218
0.673536
0.660346
0.830808
0.781855
0.494533
0.569978
0.549872
0.804378
0.699493
0.914904
0.732164
0.96235
0.503772
0.870681
0.500605
0.288854
0.128012
0.837678
0.494834
0.342545
0.058275
0.885214
0.30298
0.869745
0.471442
0.735279
0.622653
0.004771
0.119898
0.777468
0.187811
0.12404
0.965016
0.460174
0.379534
0.35236
0.982193
0.532358
0.918623
0.618307
0.636304
0.50636
0.861528
0.443905
0.954098
0.440664
0.755216
0.919179
0.414615
0.797553
0.542365
0.407481
0.400738
0.651262
0.510587
0.198527
0.43594
0.109411
0.088038
0.003251
0.570746
0.183358
0.788954
0.255449
0.822284
0.902518
0.002295
0.051627
0.257333
0.889095
0.484061
0.016188
0.039648
0.616019
0.836855
0.656212
0.44835
0.680927
0.980443
0.660021
0.989216
0.4087
0.572581
0.647511
0.424806
0.462187
0.532968
0.6019
0.537495
0.470389
0.996008
0.38347
0.202125
0.279076
0.449788
0.522217
0.621577
0.441397
0.408586
0.354344
0.611332
0.313932
0.999714
0.425188
0.738682
0.206523
0.497718
0.61741
0.842134
0.41075
0.717159
0.210079
0.805072
0.535884
0.338614
0.326636
0.914888
0.942599
0.806029
0.315882
0.46773
0.105482
0.941074
0.818026
0.584722
0.496378
0.95025
0.971786
0.32446
0.620864
0.978808
0.011724
0.295969
0.657943
0.572952
0.158784
0.456676
0.123141
0.833906
0.127154
0.087059
0.144236
0.527688
0.508803
0.360654
0.049091
0.331818
0.400746
0.073575
0.922091
0.642704
0.640112
0.485804
0.853078
0.334803
0.973692
0.566517
0.687274
0.262952
0.284678
0.995428
0.542827
0.773051
0.445925
0.469072
0.93755
0.052786
0.807406
0.164669
0.312168
0.504874
0.595922
0.719781
0.097512
0.594306
0.985001
0.185973
0.49645
0.119158
0.778982
0.151654
0.875129
0.852699
0.044214
0.324818
0.824929
0.470142
0.968995
0.549526
0.181752
0.938936
0.864684
0.95852
0.318458
0.698816
0.690698
0.683074
0.269237
0.821822
0.87797
0.307475
0.708514
0.57139
0.842153
0.609101
0.301212
0.419526
0.723006
0.343386
0.362453
0.764667
0.111524
0.46348
0.170341
0.025679
0.739339
0.234009
0.718655
0.196461
0.627508
0.541458
0.532844
0.692689
0.423146
0.188936
0.890781
0.565933
0.76429
0.19301
0.109642
0.828525
0.951641
0.203911
0.10393
0.357604
0.802636
0.312148
0.477666
0.906249
0.508932
0.056612
0.25009
0.697263
0.516991
0.314409
0.06531
0.898301
0.557513
0.330047
0.426866
0.416939
0.768687
0.666066
0.280849
0.461446
0.510978
0.004137
0.068776
0.382906
0.159053
0.951793
0.890206
0.556093
0.165758
0.956283
0.381757
0.061161
0.31556
0.252128
0.895331
0.482614
0.218979
0.336852
0.251446
0.666523
0.970061
0.234428
0.475297
0.322659
0.756471
0.061646
0.622041
0.676057
0.335296
0.766303
0.756488
0.334534
0.506009
0.043917
0.883146
0.551381
0.257045
0.283829
0.597932
0.126897
0.200512
0.442872
0.864139
0.193475
0.252727
0.222548
0.906199
0.434042
0.51039
0.251828
0.584215
0.997661
0.126368
0.334788
0.597741
0.055957
0.169695
0.214884
0.319133
0.112599
0.835338
0.731212
0.201615
0.567478
0.644402
0.123089
0.661727
0.938039
0.517451
0.863272
0.740766
0.04024
0.711339
0.020122
0.352093
0.804561
0.093518
0.77744
0.095619
0.713101
0.928957
0.661157
0.979431
0.972774
0.71722
0.058331
0.23531
0.576712
0.640005
0.03924
0.497209
0.131157
0.368092
0.338617
0.792953
0.915474
0.640793
0.216434
0.613637
0.85358
0.674181
0.494678
0.168464
0.435201
0.524608
0.20939
0.729418
0.846024
0.376359
0.294952
0.046473
0.892932
0.445902
0.030326
0.75606
0.505693
0.576711
0.21825
0.976145
0.349083
0.700598
0.171174
0.344034
0.278631
0.949711
0.701601
0.677491
0.014629
0.908914
0.31162
0.820846
0.997815
0.714896
0.680236
0.705735
0.857582
0.203936
0.518102
0.780499
0.099082
0.656265
0.616039
0.543104
0.96332
0.548778
0.377728
0.729573
0.625822
0.927681
0.622425
0.167917
0.34155
0.108417
0.591138
0.671144
0.035275
0.963551
0.010175
0.536383
0.528945
0.946577
0.061722
0.696138
0.656106
0.522964
0.602134
0.227452
0.012929
0.433036
0.169572
0.117429
0.297371
0.087737
0.220799
0.718769
0.12203
0.134224
0.45256
0.976571
0.806663
0.200112
0.643895
0.454035
0.323253
0.648767
0.004087
0.082389
0.181429
0.219585
0.30676
0.835417
0.07635
0.007272
0.51238
0.496795
0.531211
0.276167
0.248086
0.349252
0.374308
0.351301
0.669941
0.789651
0.174316
0.619592
0.13663
0.288908
0.017478
0.033802
0.596074
0.15743
0.99192
0.093394
0.497254
0.81019
0.878837
0.872999
0.590888
0.384474
0.905328
0.423871
0.615122
0.266063
0.474998
0.73878
0.268353
0.685568
0.073835
0.377702
0.676198
0.27293
0.995642
0.86135
0.657347
0.632878
0.328447
0.190585
0.477589
0.162333
0.201816
0.690084
0.276893
0.123571
0.236243
0.02442
0.076646
0.390379
0.273741
0.842742
0.337949
0.602564
0.449161
0.680168
0.816296
0.292182
0.126711
0.435091
0.360332
0.492778
0.817007
0.164876
0.09979
0.778038
0.956914
0.784269
0.891266
0.512748
0.396333
0.728515
0.258403
0.887036
0.321533
0.202601
0.56491
0.144359
0.74789
0.534472
0.058319
0.227133
0.967083
0.475424
0.205794
0.439894
0.520226
0.036916
0.854697
0.685283
0.767597
0.300582
0.416815
0.122387
0.37254
0.967805
0.596024
0.303543
0.632107
0.531273
0.148681
0.906209
0.562746
0.194018
0.344091
0.58354
0.535289
0.651817
0.584028
0.487644
0.923003
0.368876
0.884054
0.865516
0.725878
0.110983
0.408161
0.321033
0.309451
0.589421
0.534997
0.733011
0.163325
0.404771
0.867863
0.513836
0.099538
0.155255
0.926688
0.358031
0.106968
0.378954
0.201776
0.749833
0.563999
0.017518
0.372012
0.030152
0.419785
0.83259
0.757285
0.255059
0.315682
0.597318
0.678239
0.316031
0.949383
0.971662
0.231673
0.962495
0.439397
0.449472
0.684426
0.730842
0.818427
0.274446
0.95461
0.740227
0.35864
0.971104
0.53227
0.892542
0.579135
0.751122
0.80812
0.045809
0.90755
0.492131
0.481324
0.220267
0.132774
0.484075
0.639701
0.210836
0.775395
0.289997
0.581957
0.457343
0.385921
0.554425
0.381311
0.288717
0.529379
0.510643
0.258985
0.851795
0.874763
0.31049
0.650923
0.857047
0.77372
0.048436
0.068853
0.493168
0.457137
0.745972
0.621131
0.877585
0.360788
0.584795
0.674842
0.984281
0.022879
0.748329
0.138314
0.274879
0.310633
0.17381
0.328424
0.638765
0.013916
0.609711
0.941202
0.483803
0.760784
0.788247
0.448417
0.942899
0.058197
0.314615
0.976717
0.391272
0.516762
0.673414
0.855871
0.807691
0.988583
0.008442
0.81341
0.657553
0.490887
0.763958
0.414529
0.273599
0.261802
0.0898
0.181748
0.220301
0.563305
0.161917
0.915417
0.645633
0.637739
0.408827
0.01348
0.113923
0.003273
0.283891
0.782272
0.389411
0.621528
0.416108
0.92818
0.19539
0.746948
0.834662
0.085152
0.110649
0.213236
0.310541
0.540908
0.362251
0.164437
0.45377
0.063618
0.285069
0.425238
0.947232
0.868927
0.367713
0.571366
0.254089
0.812959
0.338278
0.942727
0.997428
0.973769
0.698951
0.902649
0.497438
0.571973
0.429944
0.524797
0.62937
0.969272
0.640927
0.302753
0.695089
0.092982
0.726388
0.530854
0.256482
0.828636
0.076891
0.216626
0.750107
0.981083
0.195326
0.255153
0.534487
0.428224
0.258059
0.323677
0.56294
0.840538
0.69645
0.072164
0.526484
0.877268
0.070139
0.923922
0.953139
0.851549
0.57344
0.772664
0.599301
0.616808
0.527412
0.462184
0.67712
0.295945
0.754314
0.336345
0.913584
0.41969
0.955983
0.863106
0.528954
0.079746
0.431357
0.989647
0.252702
0.614681
0.665253
0.317436
0.913152
0.527745
0.295147
0.663591
0.884377
0.620886
0.636887
0.453453
0.424011
0.494908
0.941483
0.145972
0.469476
0.001621
0.579408
0.771747
0.660891
0.467051
0.864694
0.907918
0.233338
0.917709
0.669191
0.387644
0.567465
0.156203
0.672455
0.790045
0.870714
0.718157
0.043208
0.204573
0.490524
0.335067
0.428904
0.86502
0.000413
0.349223
0.396219
0.245864
0.569212
0.172144
0.540817
0.044904
0.186359
0.917268
0.723414
0.444843
0.438955
0.030756
0.242732
0.195706
0.558429
0.327348
0.121614
0.489788
0.398363
0.327839
0.18622
0.416707
0.465172
0.614194
0.613905
0.628299
0.179871
0.597742
0.024043
0.361932
0.333614
0.68277
0.110222
0.533278
0.252299
0.337617
0.076541
0.906149
0.244432
0.084851
0.579064
0.74636
0.747497
0.988887
0.853332
0.832472
0.653363
0.612652
0.61731
0.124388
0.114663
0.791779
0.102196
0.811741
0.83575
0.849397
0.979948
0.409232
0.379172
0.203701
0.594937
0.687037
0.394275
0.385517
0.673889
0.915932
0.070312
0.928933
0.618874
0.642586
0.050676
0.688591
0.380432
0.494235
0.599083
0.30688
0.30222
0.172898
0.151561
0.269859
0.404632
0.2091
0.540767
0.36014
0.583446
0.534232
0.220479
0.244845
0.549219
0.269925
0.659694
0.566735
0.878538
0.096328
0.459903
0.884478
0.934572
0.002247
0.090432
0.71393
0.045389
0.516023
0.527148
0.887989
0.580942
0.016628
0.027889
0.555529
0.107736
0.689429
0.583288
0.017632
0.664119
0.293706
0.042213
0.75181
0.287022
0.364825
0.813229
0.926775
0.592747
0.836757
0.179087
0.669388
0.170719
0.040748
0.163239
0.356087
0.27926
0.665287
0.443227
0.169679
0.686808
0.281124
0.194631
0.434324
0.900554
0.634793
0.431166
0.132876
0.573063
0.7488
0.278982
0.49517
0.231166
0.340063
0.138808
0.521017
0.232203
0.87644
0.598593
0.558996
0.464686
0.247296
0.328621
0.785946
0.947446
0.273808
0.796415
0.765103
0.760234
0.083813
0.438241
0.054836
0.620387
0.868325
0.761417
0.435834
0.883397
0.129684
0.405297
0.11643
0.719894
0.699117
0.553493
0.64646
0.410652
0.662006
0.041048
0.792919
0.408509
0.590174
0.862626
0.612868
0.519331
0.207639
0.306692
0.119624
0.957232
0.848607
0.3474
0.015441
0.346724
0.80725
0.920766
0.791309
0.366507
0.8513
0.494701
0.651247
0.386747
0.138848
0.703263
0.897105
0.585709
0.923644
0.205358
0.640499
0.293141
0.00765
0.972363
0.641667
0.144288
0.18979
0.69124
0.97796
0.620853
0.983423
0.025685
0.947918
0.82953
0.709451
0.722872
0.284181
0.429933
0.294458
0.461974
0.102566
0.163524
0.617958
0.490929
0.333953
0.628173
0.132741
0.015438
0.1346
0.037453
0.713055
0.364785
0.585794
0.076291
0.650269
0.166767
0.093974
0.678778
0.453469
0.247816
0.882009
0.797088
0.732606
0.540263
0.298448
0.255747
0.507588
0.229376
0.498922
0.978902
0.067549
0.445972
0.741678
0.606452
0.215159
0.312002
0.890692
0.632367
0.323261
0.90187
0.640498
0.48605
0.102351
0.270386
0.303824
0.131518
0.120819
0.618648
0.296484
0.52424
0.838754
0.099512
0.524512
0.945219
0.24262
0.315883
0.467968
0.432448
0.144462
0.879231
0.193397
0.456963
0.981115
0.90956
0.350567
0.442356
0.324873
0.763139
0.231117
0.55475
0.803988
0.431405
0.152123
0.237378
0.540946
0.47915
0.424777
0.616985
0.935673
0.381619
0.744679
0.923958
0.169304
0.790959
0.301238
0.42349
0.951434
0.617331
0.702838
0.173794
0.130851
0.554053
0.826373
0.441538
0.923262
0.80462
0.171358
0.053903
0.055839
0.875576
0.777339
0.674282
0.124056
0.507576
0.773156
0.363016
0.586182
0.339261
0.286215
0.136096
0.109595
0.620486
0.665285
0.388708
0.303391
0.830156
0.685411
0.634742
0.704907
0.673929
0.666256
0.286029
0.06909
0.998261
0.973649
0.494742
0.714375
0.917013
0.341757
0.05412
0.33057
0.739563
0.371586
0.48318
0.79852
0.043385
0.352963
0.888962
0.657265
0.197143
0.848744
0.001093
0.582267
0.183121
0.908481
0.411334
0.03828
0.065145
0.078827
0.079354
0.312902
0.704588
0.251802
0.309792
0.65679
0.121621
0.67537
0.607654
0.371791
0.096918
0.484044
0.903407
0.964662
0.972227
0.918344
0.34271
0.218317
0.290059
0.188967
0.559417
0.997247
0.167752
0.491666
0.847139
0.266585
0.950382
0.271105
0.429608
0.782934
0.682752
0.083849
0.281313
0.71417
0.161273
0.809885
0.438969
0.23347
0.243107
0.697882
0.602544
0.041366
0.691095
0.045799
0.033604
0.914677
0.986376
0.81395
0.271388
0.905595
0.532936
0.275709
0.387569
0.493547
0.812235
0.829941
0.993106
0.970312
0.231485
0.335213
0.667621
0.395926
0.757194
0.830958
0.000391
0.892556
0.90748
0.651758
0.555159
0.962967
0.943452
0.824788
0.622755
0.157455
0.817515
0.837774
0.358489
0.291137
0.574384
0.286994
0.881381
0.065093
0.474228
0.205513
0.597716
0.869159
0.439618
0.182154
0.304563
0.379351
0.46556
0.414722
0.381208
0.702346
0.227503
0.248495
0.657777
0.002794
0.252646
0.12358
0.271219
0.321699
0.884659
0.005999
0.287972
0.390379
0.973866
0.8995
0.787945
0.171333
0.249174
0.08663
0.480009
0.286652
0.360547
0.288642
0.123185
0.560559
0.744652
0.80374
0.866548
0.257174
0.027304
0.342544
0.769942
0.39734
0.734648
0.662511
0.074265
0.6845
0.664323
0.008568
0.290565
0.016939
0.41238
0.697351
0.992531
0.668926
0.084506
0.932833
0.216049
0.624265
0.615715
0.333839
0.691018
0.863875
0.629872
0.060774
0.710866
0.657423
0.130961
0.400105
0.527629
0.661609
0.439161
0.827977
0.422943
0.351034
0.892625
0.47491
0.346108
0.529644
0.39613
0.072303
0.285801
0.627258
0.113279
0.59705
0.07592
0.783159
0.193692
0.034841
0.291427
0.912355
0.294176
0.242285
0.061554
0.451248
0.643329
0.458391
0.001359
0.075679
0.587703
0.877381
0.437705
0.34751
0.173049
0.025167
0.682282
0.337634
0.764355
0.27007
0.591443
0.514575
0.969637
0.959324
0.151726
0.146027
0.344217
0.758122
0.588912
0.537773
0.832284
0.640153
0.845405
0.457395
0.583336
0.381665
0.062557
0.990293
0.251713
0.074349
0.427031
0.27467
0.536427
0.914518
0.696787
0.222457
0.694368
0.800977
0.896419
0.152468
0.49244
0.296027
0.431681
0.893958
0.049814
0.053278
0.93856
0.173774
0.585629
0.879478
0.93252
0.603748
0.319432
0.19259
0.321097
0.87116
0.873305
0.652929
0.990044
0.326361
0.422758
0.941064
0.550185
0.685116
0.089367
0.116707
0.916385
0.253101
0.827398
0.223493
0.688854
0.61634
0.432242
0.015518
0.822428
0.569532
0.724746
0.781599
0.648951
0.189261
0.437669
0.608158
0.039906
0.17645
0.526031
0.19786
0.014499
0.898234
0.193002
0.128632
0.724591
0.688093
0.242223
0.190186
0.863783
0.934778
0.575439
0.237362
0.835648
0.264954
0.247752
0.28785
0.701727
0.625061
0.683667
0.546059
0.203651
0.620973
0.766228
0.287823
0.962177
0.936175
0.704941
0.743033
0.688563
0.715553
0.963612
0.163127
0.346347
0.37657
0.235537
0.193537
0.201208
0.062033
0.734908
0.743107
0.534397
0.302613
0.298273
0.537568
0.578794
0.426573
0.791426
0.853856
0.99835
0.002037
0.400622
0.665455
0.49971
0.774973
0.980274
0.008295
0.830135
0.243241
0.831933
0.267073
0.550168
0.75765
0.066143
0.657643
0.53051
0.516183
0.814807
0.878074
0.838556
0.631092
0.976337
0.387924
0.629242
0.396688
0.039402
0.256588
0.840641
0.711286
0.686518
0.346528
0.188745
0.365738
0.948919
0.710873
0.280687
0.022036
0.077201
0.413939
0.338158
0.889328
0.36734
0.689957
0.423471
0.273936
0.449865
0.64862
0.978998
0.698402
0.6673
0.528
0.835383
0.343725
0.661018
0.569585
0.781791
0.595559
0.923019
0.377287
0.060368
0.988325
0.961738
0.998327
0.930558
0.589241
0.128645
0.396023
0.997633
0.857642
0.926389
0.575767
0.896589
0.221127
0.261157
0.860174
0.88847
0.074561
0.608351
0.357017
0.024681
0.613867
0.916698
0.870224
0.32264
0.321243
0.709459
0.673328
0.927644
0.80444
0.769415
0.483043
0.764027
0.362667
0.488812
0.219593
0.271993
0.822088
0.557484
0.606294
0.686157
0.654128
0.634402
0.925308
0.576335
0.683407
0.877953
0.777987
0.96857
0.83889
0.336396
0.602283
0.531927
0.29597
0.074422
0.351744
0.818052
0.043664
0.075572
0.504334
0.797986
0.96319
0.253645
0.075833
0.14734
0.85174
0.291926
0.627137
0.04823
0.28101
0.603291
0.496402
0.53731
0.838713
0.949241
0.64345
0.605237
0.752144
0.785492
0.331117
0.835623
0.840624
0.988884
0.838289
0.038889
0.127748
0.809788
0.76107
0.304048
0.876193
0.027807
0.147145
0.116264
0.771304
0.095972
0.218079
0.033443
0.498603
0.916606
0.63081
0.643711
0.839904
0.665434
0.203131
0.824939
0.583774
0.49507
0.930455
0.993354
0.328566
0.660408
0.669244
0.830189
0.459783
0.108382
0.434595
0.876092
0.419082
0.317648
0.577051
0.994888
0.460575
0.546197
0.178606
0.360223
0.469159
0.062588
0.037579
0.062975
0.117326
0.250731
0.467863
0.927137
0.197056
0.193841
0.316403
0.442446
0.220655
0.622432
0.411622
0.487217
0.059546
0.874678
0.744479
0.692669
0.605208
0.624831
0.849569
0.4546
0.25752
0.800041
0.746347
0.233404
0.286356
0.222739
0.140954
0.445834
0.152544
0.516901
0.90751
0.773779
0.717144
0.408522
0.434099
0.860732
0.073962
0.432334
0.914512
0.659535
0.755683
0.11966
0.066619
0.654956
0.223668
0.385436
0.946829
0.689502
0.830802
0.423312
0.563336
0.126097
0.264681
0.90699
0.346836
0.445574
0.160165
0.990348
0.340617
0.861514
0.458185
0.982194
0.163426
0.531067
0.708095
0.963756
0.182363
0.223173
0.329497
0.971474
0.244506
0.697607
0.284049
0.851137
0.292138
0.375519
0.083527
0.593374
0.242497
0.386775
0.227709
0.980472
0.564498
0.748793
0.789935
0.582317
0.298571
0.793203
0.591744
0.978122
0.258287
0.801447
0.103212
0.446334
0.804645
0.949162
0.523567
0.212197
0.717306
0.059241
0.398186
0.241564
0.579062
0.13426
0.273565
0.136931
0.692415
0.796774
0.858649
0.953758
0.780395
0.924247
0.985304
0.998224
0.356764
0.241746
0.977458
0.912735
0.643519
0.834834
0.951283
0.044083
0.770359
0.66992
0.916117
0.277222
0.365211
0.876735
0.362911
0.81461
0.355322
0.138041
0.194019
0.664082
0.350841
0.743014
0.207552
0.184585
0.882268
0.844633
0.020281
0.049754
0.541926
0.968445
0.696065
0.509836
0.878602
0.189012
0.609193
0.291733
0.603082
0.53405
0.765625
0.834452
0.636063
0.091929
0.711999
0.205157
0.169047
0.252844
0.642073
0.503474
0.628676
0.125221
0.815735
0.255469
0.704129
0.844578
0.358884
0.251157
0.668439
0.56753
0.123404
0.029638
0.068848
0.54889
0.956487
0.113566
0.861062
0.38641
0.848238
0.287647
0.285599
0.602838
0.334611
0.957187
0.66161
0.572604
0.730831
0.16308
0.607627
0.179027
0.633345
0.919154
0.485521
0.203095
0.411749
0.063906
0.611869
0.526525
0.181781
0.016911
0.578259
0.889523
0.829509
0.498604
0.485087
0.385952
0.451521
0.124134
0.165669
0.104392
0.096348
0.157666
0.318739
0.568714
0.430781
0.538629
0.914327
0.83071
0.823609
0.462079
0.486263
0.735486
0.717231
0.02679
0.127847
0.956709
0.237427
0.451683
0.239309
0.917055
0.347797
0.430216
0.05074
0.226531
0.734896
0.731549
0.571468
0.704287
0.053919
0.100418
0.761571
0.655334
0.470886
0.865465
0.837033
0.258729
0.359226
0.165477
0.230643
0.058176
0.170716
0.608713
0.869249
0.482482
0.717549
0.890424
0.941926
0.102089
0.541496
0.246588
0.951443
0.866466
0.153819
0.905881
0.933626
0.530477
0.310489
0.237449
0.765379
0.19993
0.066682
0.349978
0.337672
0.576744
0.137001
0.29588
0.976527
0.016717
0.018882
0.48442
0.600323
0.773163
0.007812
0.104591
0.459366
0.552729
0.712332
0.469059
0.538707
0.72514
0.50714
0.201719
0.893049
0.363706
0.237048
0.056385
0.494198
0.325715
0.515004
0.930977
0.145397
0.262918
0.908809
0.592331
0.266585
0.835796
0.056804
0.246515
0.809517
0.691416
0.443418
0.858746
0.302575
0.826409
0.604726
0.060152
0.519851
0.311155
0.750564
0.65074
0.968957
0.477163
0.620723
0.103715
0.073544
0.160376
0.520521
0.521829
0.016195
0.657601
0.963926
0.470449
0.957324
0.378718
0.837703
0.835165
0.609548
0.887991
0.387342
0.221111
0.518175
0.652742
0.909813
0.83571
0.882983
0.747739
0.931873
0.815015
0.79663
0.627925
0.329503
0.005812
0.096215
0.924546
0.447952
0.687235
0.607179
0.50248
0.950928
0.978031
0.540952
0.027226
0.375287
0.746248
0.626942
0.247611
0.922204
0.37305
0.272336
0.817797
0.392029
0.749342
0.314089
0.323281
0.316462
0.772758
0.795919
0.699385
0.495556
0.145309
0.770689
0.140043
0.758498
0.713382
0.281284
0.542439
0.762101
0.336501
0.475177
0.113676
0.815267
0.10858
0.304561
0.11183
0.009925
0.346201
0.691447
0.014179
0.096505
0.98117
0.783009
0.791477
0.092225
0.140539
0.056282
0.734473
0.122153
0.724398
0.926381
0.182198
0.698184
0.469901
0.044429
0.696109
0.831054
0.373858
0.655939
0.906906
0.353348
0.132065
0.426664
0.04166
0.655856
0.104893
0.20676
0.859029
0.18521
0.43349
0.679726
0.246361
0.056776
0.986978
0.404687
0.816206
0.551515
0.847609
0.852597
0.673031
0.609564
0.397313
0.130857
0.083708
0.483113
0.279457
0.986173
0.93076
0.493483
0.398818
0.638574
0.067333
0.754307
0.917846
0.413421
0.241104
0.701008
0.743963
0.851454
0.757009
0.954467
0.636282
0.97788
0.667936
0.801169
0.799223
0.538206
0.819159
0.749658
0.481317
0.398457
0.301783
0.426947
0.93709
0.282817
0.041538
0.401536
0.617969
0.219595
0.304522
0.199072
0.15852
0.971565
0.173194
0.150095
0.623357
0.844857
0.359652
0.988527
0.988451
0.475553
0.064664
0.307804
0.143597
0.410507
0.332398
0.04668
0.918622
0.332028
0.693119
0.628723
0.622443
0.418006
0.065426
0.414165
0.673175
0.770413
0.420365
0.440387
0.655621
0.028255
0.16664
0.736434
0.448173
0.408516
0.093847
0.709908
0.083835
0.621621
0.358034
0.989944
0.303613
0.972198
0.227586
0.154292
0.802229
0.674263
0.893886
0.650766
0.616624
0.494019
0.86053
0.086991
0.108891
0.455571
0.24555
0.195138
0.424364
0.900598
0.428717
0.789297
0.506404
0.634598
0.187964
0.567709
0.69572
0.883124
0.280319
0.443795
0.370716
0.29656
0.437087
0.570303
0.922915
0.611919
0.821052
0.06173
0.259879
0.882733
0.749819
0.314937
0.667957
0.247578
0.076605
0.745031
0.323878
0.723656
0.566571
0.114466
0.328062
0.429415
0.242251
0.188416
0.064676
0.468814
0.935551
0.636101
0.112394
0.054729
0.207646
0.034894
0.513585
0.025653
0.930721
0.323187
0.69412
0.261786
0.505434
0.801331
0.579099
0.464736
0.206208
0.222131
0.423233
0.998392
0.701304
0.87448
0.531708
0.270344
0.621784
0.17052
0.555394
0.188867
0.394098
0.778921
0.019231
0.305428
0.947665
0.670624
0.166071
0.21968
0.595335
0.560481
0.831889
0.265539
0.380507
0.753619
0.775559
0.926155
0.170205
0.298899
0.238149
0.24806
0.703816
0.581426
0.47071
0.743262
0.247594
0.805955
0.227891
0.444322
0.398658
0.744846
0.346108
0.417237
0.773683
0.590833
0.272705
0.595547
0.985455
0.024861
0.790787
0.883923
0.094875
0.129906
0.739879
0.535904
0.678589
0.041747
0.97957
0.782628
0.671126
0.341849
0.665115
0.545014
0.773155
0.665091
0.994112
0.864042
0.682244
0.146991
0.959003
0.370991
0.747549
0.485784
0.6346
0.308024
0.741122
0.369133
0.577323
0.602589
0.622188
0.079011
0.680147
0.641646
0.620099
0.15702
0.205919
0.21833
0.955222
0.41329
0.005487
0.426262
0.469537
0.789155
0.609478
0.481852
0.298759
0.39056
0.745278
0.510165
0.283119
0.827478
0.705266
0.37449
0.346328
0.385431
0.214023
0.294786
0.904135
0.919474
0.035063
0.620899
0.69266
0.762165
0.029996
0.813746
0.151138
0.963414
0.38397
0.294765
0.36266
0.152331
0.093612
0.009958
0.951874
0.911875
0.354908
0.317863
0.685714
0.972788
0.642362
0.728587
0.662623
0.195514
0.089257
0.628957
0.167134
0.062103
0.668225
0.519346
0.016093
0.762531
0.254247
0.725605
0.341389
0.640701
0.778278
0.011836
0.513737
0.307994
0.530129
0.39289
0.978485
0.436569
0.189361
0.113664
0.278986
0.402416
0.90689
0.497965
0.438958
0.734823
0.962059
0.841496
0.137443
0.825117
0.183531
0.797778
0.0593
0.47551
0.761066
0.8037
0.515892
0.115281
0.82584
0.743901
0.107336
0.182952
0.718419
0.278983
0.477636
0.357126
0.763925
0.941586
0.512028
0.852273
0.793418
0.57275
0.266678
0.33709
0.962552
0.645919
4.9e-05
0.061295
0.287049
0.096195
0.565744
0.776946
0.936368
0.98989
0.128034
0.697925
0.425646
0.199929
0.100699
0.915201
0.44853
0.308711
0.596449
0.777075
0.669658
0.851017
0.31863
0.084245
0.661841
0.838963
0.343255
0.414417
0.438223
0.037129
0.964526
0.23856
0.802032
0.825036
0.019189
0.048143
0.161018
0.478112
0.184106
0.967899
0.662053
0.608677
0.747718
0.633036
0.065324
0.687676
0.906939
0.044884
0.644555
0.838678
0.724242
0.468498
0.196229
0.12885
0.889029
0.779492
0.009468
0.755808
0.948026
0.592065
0.641177
0.237141
0.124792
0.903575
0.029245
0.08388
0.410085
0.900026
0.503425
0.494184
0.387431
0.861656
0.627447
0.194418
0.670239
0.854112
0.134264
0.024179
0.106444
0.284187
0.856346
0.998322
0.574897
0.309514
0.041327
0.030423
0.653867
0.126556
0.524931
0.256816
0.71968
0.159587
0.597314
0.405862
0.547634
0.226292
0.34944
0.50792
0.824678
0.427158
0.791879
0.523023
0.393496
0.579354
0.686035
0.746248
0.412275
0.228629
0.974768
0.601945
0.748306
0.59191
0.918716
0.601171
0.458523
0.079331
0.975292
0.898754
0.456186
0.518735
0.182857
0.195066
0.244986
0.709624
0.378911
0.001131
0.840181
0.333497
0.792989
0.048126
0.007827
0.131464
0.853996
0.295015
0.460239
0.133325
0.173121
0.02448
0.393099
0.903016
0.968786
0.13029
0.257977
0.072552
0.190294
0.0082
0.654022
0.789312
0.372462
0.148348
0.2661
0.07614
0.57164
0.971145
0.15891
0.702779
0.287949
0.392615
0.449126
0.692658
0.032623
0.308914
0.225085
0.952401
0.898514
0.312631
0.583983
0.835729
0.893835
0.041979
0.363591
0.878789
0.010264
0.141674
0.697908
0.466593
0.192114
0.782634
0.846799
0.5544
0.582785
0.349625
0.399286
0.039875
0.267178
0.458972
0.590237
0.72923
0.553994
0.138092
0.151416
0.846286
0.028342
0.952007
0.025913
0.020835
0.434335
0.744876
0.46713
0.040243
0.162856
0.384979
0.780848
0.728195
0.451812
0.947585
0.345759
0.192895
0.312194
0.510329
0.814004
0.999881
0.244901
0.991061
0.871807
0.384656
0.997868
0.700642
0.447704
0.71084
0.335056
0.887931
0.792255
0.046885
0.315833
0.93561
0.759998
0.884625
0.529544
0.368548
0.147148
0.191906
0.425181
0.412748
0.73868
0.476849
0.10955
0.971478
0.992023
0.790456
0.112308
0.169623
0.626822
0.869493
0.552861
0.101975
0.499458
0.658946
0.994596
0.297306
0.310616
0.389233
0.205864
0.277027
0.479708
0.186072
0.257221
0.869159
0.096064
0.62943
0.160066
0.408852
0.324753
0.02147
0.159454
0.525359
0.482083
0.020708
0.126794
0.711882
0.398875
0.466496
0.669044
0.776114
0.424797
0.651272
0.584583
0.602067
0.47883
0.738961
0.321193
0.070902
0.897512
0.093515
0.055096
0.120191
0.800164
0.450225
0.862457
0.450184
0.119483
0.566069
0.525127
0.895997
0.250235
0.891943
0.354812
0.368677
0.744766
0.915058
0.474116
0.23339
0.656668
0.904353
0.007444
0.802471
0.84377
0.025978
0.602824
0.681624
0.977071
0.18787
0.359876
0.54003
0.974721
0.361058
0.792606
0.377519
0.076026
0.55774
0.317346
0.770535
0.012697
0.031037
0.440399
0.958996
0.376298
0.253485
0.026925
0.504262
0.686498
0.653532
0.702241
0.682661
0.107661
0.407111
0.012505
0.559416
0.939945
0.645418
0.817764
0.561105
0.195739
0.377232
0.371407
0.132361
0.345819
0.543263
0.872411
0.61303
0.621597
0.972738
0.203851
0.479317
0.012069
0.726526
0.378854
0.763784
0.499536
0.315522
0.882741
0.417601
0.694154
0.854418
0.866734
0.228084
0.556239
0.564739
0.756044
0.368819
0.555164
0.683691
0.584712
0.231733
0.876498
0.941102
0.934884
0.020099
0.46919
0.841811
0.807179
0.436491
0.38282
0.166843
0.15462
0.10821
0.672509
0.23734
0.13749
0.310899
0.539373
0.203722
0.618617
0.681095
0.522737
0.966385
0.456633
0.609293
0.448155
0.047248
0.930281
0.994685
0.084809
0.180702
0.942642
0.334357
0.576743
0.092544
0.932092
0.165689
0.28085
0.060429
0.20364
0.557465
0.756085
0.194395
0.927053
0.668115
0.305514
0.954322
0.819784
0.853667
0.058279
0.996993
0.560367
0.465018
0.729658
0.067704
0.966433
0.357225
0.349826
0.826891
0.815167
0.404959
0.782879
0.537008
0.426779
0.467229
0.233881
0.410402
0.773467
0.263663
0.65721
0.338569
0.257402
0.356271
0.857141
0.652864
0.260776
0.145351
0.034146
0.272172
0.041367
0.470997
0.300046
0.95102
0.988633
0.912171
0.81563
0.757061
0.254508
0.859017
0.344069
0.507962
0.845355
0.860526
0.681115
0.45087
0.366148
0.993559
0.767106
0.265719
0.79698
0.313782
0.797065
0.638328
0.568604
0.41221
0.73613
0.767521
0.960617
0.442507
0.715768
0.985857
0.985688
0.849531
0.565783
0.018443
0.393852
0.123747
0.16133
0.777265
0.132585
0.822332
0.629896
0.319091
0.964729
0.61154
0.703612
0.791503
0.050655
0.546488
0.820407
0.189287
0.287825
0.563411
0.14164
0.733837
0.669819
0.236439
0.332299
0.339411
0.986884
0.298612
0.974873
0.471532
0.395647
0.914905
0.363314
0.222783
0.949207
0.99085
0.39662
0.888914
0.067005
0.474065
0.778758
0.413407
0.015092
0.857738
0.908253
0.044002
0.503334
0.158271
0.021037
0.17143
0.063102
0.283391
0.266283
0.796675
0.75408
0.781621
0.858819
0.96035
0.971938
0.569501
0.750353
0.433653
0.964972
0.891595
0.111204
0.866981
0.332539
0.605052
0.196585
0.262366
0.273691
0.187857
0.040223
0.00449
0.727236
0.099057
0.571211
0.726353
0.965673
0.297107
0.427639
0.137969
0.54229
0.345663
0.314883
0.43383
0.718463
0.947164
0.918233
0.598103
0.944456
0.521861
0.56602
0.288834
0.242526
0.767984
0.790912
0.45745
0.245764
0.590537
0.270015
0.142129
0.90928
0.698172
0.238016
0.475069
0.21785
0.364681
0.861137
0.745163
0.269947
0.644889
0.100186
0.048088
0.202786
0.308451
0.323993
0.703722
0.148674
0.977473
0.256894
0.245716
0.625296
0.856243
0.609054
0.71055
0.88004
0.407496
0.301405
0.110395
0.908281
0.062467
0.220098
0.886778
0.654517
0.990262
0.857288
0.951625
0.887995
0.567363
0.684961
0.007752
0.24143
0.742788
0.141916
0.321533
0.959539
0.288318
0.823411
0.04312
0.242488
0.421643
0.092196
0.226663
0.905878
0.440648
0.08939
0.290145
0.199968
0.061463
0.312554
0.077666
0.971241
0.668572
0.903679
0.037248
0.166012
0.31594
0.176514
0.355927
0.313132
0.250352
0.829734
0.132732
0.003671
0.960002
0.416671
0.271117
0.517515
0.898301
0.001768
0.053082
0.035405
0.75386
0.433411
0.272297
0.280944
0.244089
0.4501
0.609552
0.758422
0.724185
0.214489
0.782475
0.709584
0.342894
0.914699
0.225161
0.858239
0.28456
0.97671
0.728973
0.346201
0.238402
0.733612
0.743773
0.056433
0.321584
0.83411
0.420913
0.92305
0.134176
0.922662
0.745928
0.476122
0.011534
0.29974
0.742378
0.210152
0.392615
0.858494
0.081583
0.055603
0.636347
0.028527
0.40577
0.992548
0.173788
0.210054
0.335791
0.151912
0.59836
0.146621
0.292044
0.913411
0.110657
0.182189
0.166026
0.215132
0.801535
0.672676
0.12456
0.690585
0.66475
0.546176
0.750668
0.631255
0.452607
0.976816
0.417006
0.593709
0.862775
0.898577
0.846948
0.375285
0.391392
0.120978
0.395498
0.936708
0.340359
0.048144
0.995481
0.271269
0.884828
0.669891
0.355367
0.464416
0.259746
0.329077
0.043022
0.864189
0.534063
0.645152
0.367999
0.788662
0.638474
0.962058
0.721403
0.693001
0.146218
0.303623
0.83734
0.105403
0.719259
0.099242
0.733868
0.995198
0.838246
0.067731
0.975071
0.732252
0.959315
0.231198
0.758426
0.568918
0.544779
0.676819
0.565854
0.803837
0.786867
0.517886
0.577224
0.484763
0.943356
0.869404
0.347906
0.86784
0.12665
0.568849
0.930591
0.56066
0.136805
0.553542
0.555208
0.152177
0.57392
0.798135
0.625128
0.47125
0.724851
0.732357
0.177613
0.253997
0.649061
0.386411
0.873633
0.158764
0.571404
0.126561
0.272289
0.985182
0.461867
0.943546
0.982911
0.338668
0.487307
0.906812
0.550724
0.875613
0.975312
0.67964
0.591283
0.382639
0.358591
0.954395
0.220476
0.573308
0.659169
0.32196
0.126018
0.877424
0.112948
0.072588
0.264125
0.331375
0.156617
0.400071
0.014041
0.75284
0.095612
0.188227
0.844531
0.208533
0.897624
0.911595
0.721757
0.15693
0.105215
0.15586
0.198787
0.566417
0.22535
0.414566
0.618908
0.852951
0.351112
0.193263
0.6581
0.49038
0.244578
0.018856
0.640864
0.908976
0.634211
0.477964
0.210023
0.530348
0.998414
0.94461
0.383519
0.381263
0.501102
0.283032
0.674798
0.361267
0.447844
0.346211
0.184157
0.420321
0.283498
0.656926
0.376201
0.588017
0.862609
0.682454
0.261424
0.177697
0.360301
0.729556
0.370321
0.907755
0.610973
0.619109
0.549657
0.90298
0.872048
0.792892
0.582624
0.78529
0.323626
0.751163
0.019611
0.557928
0.39731
0.663351
0.241486
0.666745
0.649181
0.522958
0.153306
0.193053
0.359439
0.012914
0.237729
0.817812
0.525207
0.832739
0.730927
0.013692
0.54981
0.499069
0.165621
0.073049
0.013696
0.866933
0.207522
0.745165
0.799616
0.857531
0.402864
0.67871
0.005712
0.228859
0.76632
0.152327
0.935038
0.087848
0.098537
0.261656
0.070998
0.100814
0.100205
0.657413
0.841457
0.733922
0.250953
0.076779
0.281134
0.426064
0.155706
0.258039
0.263328
0.423949
0.588826
0.325034
0.247698
0.564496
0.245352
0.702719
0.45792
0.21823
0.647223
0.594676
0.903563
0.295967
0.528805
0.388375
0.731391
0.913304
0.502582
0.463781
0.646706
0.258063
0.080461
0.576502
0.386265
0.392526
0.373228
0.258732
0.063242
0.042875
0.551397
0.53504
0.81199
0.082296
0.492175
0.761456
0.481845
0.973597
0.063545
0.562682
0.184523
0.324481
0.272573
0.925938
0.091469
0.200864
0.601969
0.736802
0.068031
0.153589
0.759184
0.583183
0.331693
0.053958
0.286881
0.311818
0.592234
0.126759
0.105291
0.065521
0.81136
0.714242
0.453739
0.941577
0.300357
0.643306
0.219981
0.805751
0.927173
0.325352
0.825383
0.603805
0.447819
0.267133
0.54184
0.68746
0.009796
0.454659
0.789176
0.350981
0.87011
0.53797
0.785434
0.262483
0.155836
0.787931
0.306468
0.362858
0.001694
0.94734
0.312225
0.536012
0.811987
0.457193
0.013439
0.432795
0.614049
0.732911
0.494379
0.062307
0.819665
0.001549
0.096862
0.988786
0.647376
0.972897
0.193344
0.924371
0.417461
0.677751
0.282229
0.661085
0.873531
0.966871
0.376244
0.237812
0.457193
0.767619
0.532147
0.7848
0.670818
0.54532
0.909156
0.001015
0.749304
0.553195
0.851391
0.842859
0.308238
0.269049
0.256047
0.906281
0.66292
0.415164
0.345875
0.564795
0.84177
0.466934
0.72604
0.551271
0.031678
0.669563
0.174157
0.781031
0.993087
0.186398
0.046155
0.547492
0.379646
0.868164
0.047062
0.943541
0.052449
0.057842
0.393824
0.989622
0.740032
0.025925
0.757314
0.277074
0.777228
0.291314
0.900387
0.840495
0.706655
0.829937
0.435152
0.781358
0.582241
0.907717
0.288451
0.287393
0.111428
0.583797
0.175245
0.532219
0.521058
0.915299
0.416124
0.535189
0.459889
0.487352
0.649625
0.702156
0.912888
0.078637
0.326922
0.757913
0.977097
0.937863
0.100254
0.548626
0.549075
0.283224
0.811859
0.521376
0.910031
0.054925
0.60417
0.196607
0.671099
0.86193
0.369805
0.273999
0.718883
0.469137
0.133462
0.144323
0.174128
0.713305
0.541015
0.739571
0.640893
0.060238
0.926103
0.756255
0.194294
0.00824
0.230031
0.369473
0.555467
0.343683
0.219024
0.990205
0.332216
0.249677
0.278291
0.45762
0.240373
0.184925
0.453655
0.238388
0.977771
0.349501
0.655797
0.18529
0.069201
0.454186
0.788725
0.783831
0.608363
0.191294
0.609499
0.475477
0.659416
0.499876
0.853393
0.946949
0.456942
0.572322
0.393127
0.292764
0.542715
0.347029
0.847456
0.862624
0.817203
0.29325
0.244656
0.622931
0.334337
0.605
0.673279
0.731949
0.065464
0.310826
0.214287
0.914518
0.58434
0.648704
0.778442
0.06828
0.625005
0.208912
0.805811
0.28443
0.17287
0.483185
0.689862
0.232921
0.288422
0.832047
0.594344
0.54561
0.183515
0.338778
0.297098
0.360952
0.118369
0.245215
0.153304
0.036687
0.470873
0.559866
0.930935
0.344305
0.803251
0.97802
0.39449
0.676048
0.182031
0.141617
0.41555
0.337246
0.385941
0.481754
0.61727
0.853666
0.711133
0.660471
0.517154
0.447369
0.862178
0.810924
0.070492
0.744676
0.089605
0.2122
0.115801
0.456678
0.843159
0.321271
0.1716
0.833162
0.825043
0.187995
0.5793
0.498429
0.803342
0.505771
0.576998
0.078675
0.750464
0.571087
0.53442
0.3234
0.095519
0.764981
0.701705
0.67588
0.602081
0.446563
0.072667
0.265485
0.523423
0.480843
0.061341
0.841378
0.625311
0.957877
0.894631
0.873003
0.84668
0.312965
0.843997
0.873297
0.19626
0.528592
0.639092
0.285901
0.141898
0.180643
0.186976
0.226319
0.744267
0.543485
0.398192
0.956686
0.326931
0.459793
0.910558
0.99369
0.152948
0.562695
0.427878
0.885283
0.465093
0.865996
0.032843
0.644678
0.384446
0.251448
0.170042
0.000112
0.374655
0.202975
0.285763
0.74429
0.208393
0.692112
0.187232
0.737218
0.79468
0.413203
0.777996
0.031408
0.991438
0.387369
0.776352
0.567603
0.226851
0.456423
0.49155
0.417828
0.597813
0.468169
0.79535
0.254918
0.82122
0.049377
0.926813
0.143636
0.484311
0.233655
0.761883
0.625008
0.543319
0.307746
0.048079
0.604375
0.604626
0.849569
0.91716
0.344595
0.496355
0.421937
0.70358
0.423165
0.26922
0.75745
0.776821
0.812322
0.657701
0.19097
0.940784
0.632215
0.992864
0.755719
0.688317
0.499071
0.081304
0.47658
0.689172
0.006472
0.583088
0.809619
0.390807
0.136778
0.473612
0.124956
0.233867
0.916769
0.180757
0.175441
0.440828
0.088951
0.064563
0.308033
0.667026
0.161492
0.174205
0.745763
0.875279
0.030954
0.981824
0.051777
0.21747
0.559382
0.660758
0.642159
0.114464
0.402884
0.464634
0.77518
0.378653
0.881918
0.125841
0.482356
0.093691
0.693141
0.413253
0.119095
0.86297
0.038866
0.941666
0.089357
0.986627
0.668429
0.859756
0.865578
0.722451
0.299556
0.031348
0.269022
0.311739
0.08083
0.048257
0.903271
0.78536
0.640096
0.188395
0.233327
0.678368
0.103556
0.827648
0.36332
0.310609
0.214655
0.208892
0.443227
0.426456
0.115534
0.89901
0.862474
0.133435
0.097534
0.339984
0.32093
0.964356
0.566705
0.994248
0.850305
0.584332
0.187444
0.723262
0.326999
0.135483
0.697765
0.787255
0.445328
0.331778
0.386176
0.175252
0.580728
0.57769
0.073678
0.211319
0.772391
0.622507
0.448071
0.939416
0.911819
0.333195
0.328095
0.616233
0.653931
0.414321
0.398082
0.668478
0.503559
0.877401
0.364309
0.839334
0.350288
0.96305
0.734023
0.662504
0.192771
0.844792
0.4584
0.196345
0.061691
0.057708
0.915309
0.868357
0.802073
0.378515
0.252746
0.407293
0.958752
0.35123
0.712296
0.880929
0.34504
0.527345
0.038075
0.975067
0.620687
0.700104
0.834217
0.429292
0.296056
0.31879
0.144346
0.881184
0.927551
0.950693
0.612408
0.980373
0.60457
0.629493
0.54113
0.505491
0.786256
0.930611
0.481534
0.811725
0.190261
0.919811
0.308509
0.362181
0.709058
0.943135
0.640574
0.095267
0.389921
0.380762
0.516095
0.974246
0.212382
0.67268
0.621119
0.76659
0.944331
0.839441
0.999717
0.460734
0.221732
0.951328
0.419892
0.100926
0.667192
0.135054
0.393928
0.537199
0.027317
0.470097
0.450038
0.097187
0.753855
0.957369
0.259777
0.319826
0.913579
0.841336
0.764868
0.72076
0.202975
0.910681
0.340585
0.944289
0.547701
0.709245
0.963628
0.357006
0.920553
0.858234
0.220095
0.093233
0.940739
0.542414
0.040345
0.279228
0.518399
0.361276
0.350474
0.280021
0.453753
0.641764
0.282878
0.958903
0.316892
0.452535
0.777572
0.399783
0.148723
0.046271
0.233552
0.713118
0.096543
0.678719
0.236111
0.237609
0.292347
0.483221
0.206579
0.048752
0.328146
0.366032
0.782236
0.187587
0.224339
0.675227
0.78838
0.460359
0.490499
0.690799
0.125648
0.682864
0.665408
0.76534
0.968129
0.386673
0.204155
0.330634
0.5433
0.93391
0.556717
0.837861
0.955817
0.076884
0.419349
0.676244
0.050302
0.639341
0.430872
0.804778
0.04969
0.644125
0.524695
0.99696
0.91998
0.914624
0.697929
0.803138
0.029383
0.802952
0.402933
0.930911
0.308348
0.442489
0.120538
0.388558
0.795221
0.941253
0.862458
0.796372
0.477404
0.736336
0.200287
0.621375
0.613963
0.892637
0.910178
0.366092
0.672088
0.960187
0.320012
0.154718
0.790548
0.529655
0.103412
0.954633
0.199193
0.599575
0.183806
0.896941
0.161955
0.982046
0.191358
0.590459
0.720407
0.372631
0.507445
0.740763
0.057945
0.186671
0.077644
0.06774
0.550128
0.732045
0.197528
0.558723
0.951922
0.90578
0.445253
0.622243
0.064161
0.896195
0.764792
0.645926
0.074406
0.64229
0.701767
0.705841
0.686209
0.504925
0.802222
0.909587
0.379567
0.017953
0.554492
0.372216
0.786621
0.742882
0.797274
0.785243
0.029562
0.743781
0.545258
0.874408
0.109091
0.607593
0.83659
0.878187
0.968567
0.503722
0.798332
0.049397
0.086059
0.2133
0.462376
0.682417
0.885245
0.918446
0.349988
0.156426
0.381078
0.831494
0.653799
0.904149
0.163916
0.974698
0.95655
0.60415
0.788349
0.543492
0.993511
0.586893
0.79897
0.899291
0.956672
0.339102
0.571029
0.846406
0.149074
0.186365
0.375398
0.41035
0.80701
0.728442
0.465551
0.986098
0.329026
0.921863
0.592022
0.699683
0.528119
0.903237
0.878627
0.482572
0.191794
0.425956
0.894838
0.89744
0.851777
0.60123
0.322827
0.848609
0.605031
0.804122
0.627466
0.73288
0.950604
0.399025
0.693406
0.406827
0.272062
0.70261
0.304157
0.874904
0.819923
0.673757
0.915269
0.007066
0.055407
0.820817
0.724472
0.644789
0.823997
0.46197
0.755059
0.286255
0.806814
0.183874
0.14697
0.218087
0.015242
0.03031
0.645437
0.374515
0.80481
0.789849
0.45021
0.828835
0.970938
0.440081
0.643469
0.284803
0.240007
0.587849
0.622574
0.008831
0.99609
0.482448
0.352753
0.696162
0.370344
0.761943
0.227569
0.505692
0.001245
0.916124
0.881384
0.209563
0.458183
0.255293
0.384594
0.900352
0.720048
0.86657
0.01499
0.779575
0.61797
0.491983
0.031457
0.590522
0.953573
0.751348
0.998212
0.066174
0.455902
0.105685
0.488498
0.271141
0.708669
0.090262
0.591644
0.387199
0.532025
0.535684
0.401238
0.329725
0.322041
0.994263
0.088533
0.648762
0.748793
0.837583
0.776235
0.747788
0.219197
0.915681
0.67358
0.902035
0.609452
0.089347
0.252037
0.433686
0.220712
0.331519
0.85941
0.531858
0.068992
0.286505
0.931218
0.771028
0.359764
0.17
0.433952
0.047096
0.235508
0.424145
0.600566
0.690186
0.37171
0.383142
0.582316
0.097758
0.25098
0.784394
0.364981
0.642716
0.910059
0.233779
0.644029
0.086182
0.181408
0.799988
0.830664
0.810334
0.6136
0.745047
0.04618
0.092602
0.689144
0.757793
0.521649
0.600216
0.503552
0.851931
0.693406
0.608283
0.367479
0.565262
0.861896
0.210616
0.3952
0.008121
0.828058
0.987098
0.732589
0.183569
0.034361
0.78217
0.902197
0.391718
0.257619
0.80039
0.869799
0.50427
0.687572
0.447617
0.517684
0.615567
0.634277
0.338857
0.682072
0.231474
0.104781
0.926958
0.298387
0.602579
0.854424
0.35323
0.048096
0.313355
0.500781
0.888339
0.385254
0.658224
0.655965
0.45766
0.785959
0.870272
0.798301
0.737784
0.639147
0.459343
0.125763
0.585077
0.927478
0.746029
0.535647
0.052611
0.719986
0.527288
0.132391
0.39628
0.791706
0.644478
0.711727
0.409072
0.421873
0.723789
0.350836
0.788597
0.724292
0.072532
0.005281
0.039149
0.200187
0.404612
0.067639
0.698847
0.568916
0.05615
0.589718
0.611547
0.672657
0.315072
0.375659
0.258269
0.739511
0.283754
0.107126
0.496934
0.938789
0.072954
0.555992
0.936765
0.162732
0.172037
0.297683
0.133176
0.864163
0.481768
0.682744
0.23855
0.938778
0.634104
0.598308
0.277563
0.571788
0.956423
0.353774
0.201921
0.03108
0.460273
0.509005
0.339391
0.221491
0.233703
0.554112
0.143652
0.984354
0.661668
0.598577
0.559285
0.306279
0.528302
0.764178
0.573033
0.88957
0.977582
0.387486
0.848115
0.607965
0.781918
0.933029
0.851717
0.064704
0.446901
0.194061
0.511267
0.087708
0.425424
0.525307
0.015094
0.940782
0.204414
0.576954
0.291023
0.675198
0.367278
0.671271
0.804013
0.960826
0.674877
0.358136
0.944086
0.222285
0.754206
0.364987
0.879185
0.982653
0.884968
0.553469
0.224277
0.820012
0.401459
0.804605
0.275717
0.701089
0.096927
0.172805
0.873985
0.969769
0.538183
0.608051
0.910346
0.18618
0.241424
0.864711
0.270485
0.979833
0.197547
0.230575
0.727089
0.744566
0.032073
0.871323
0.977277
0.901514
0.666315
0.654209
0.34537
0.276038
0.47992
0.861308
0.802484
0.492503
0.849593
0.509536
0.275907
0.460708
0.210835
0.761229
0.46418
0.691287
0.886869
0.243652
0.886734
0.251856
0.84133
0.874018
0.237133
0.589222
0.166061
0.155157
0.004104
0.438755
0.459734
0.470017
0.569521
0.531476
0.946621
0.920545
0.189806
0.449503
0.904482
0.950856
0.291905
0.267258
0.345086
0.748696
0.300136
0.118267
0.842647
0.333027
0.125321
0.486205
0.932743
0.288541
0.322689
0.312418
0.232389
0.98474
0.989559
0.050046
0.867377
0.047004
0.853778
0.684803
0.087719
0.329446
0.556406
0.616782
0.104009
0.439109
0.04654
0.813341
0.660559
0.42206
0.970394
0.265184
0.019328
0.005662
0.708388
0.297286
0.008263
0.512118
0.329784
0.894068
0.238299
0.245435
0.460438
0.499645
0.182936
0.775218
0.378684
0.080754
0.750637
0.420929
0.863307
0.246342
0.237671
0.72838
0.420674
0.532214
0.288892
0.896504
0.932759
0.254198
0.698897
0.647449
0.079391
0.082398
0.156916
0.549611
0.851304
0.727837
0.485634
0.545247
0.845945
0.917279
0.566774
0.355762
0.357861
0.137042
0.617549
0.445073
0.025949
0.814348
0.092322
0.778831
0.945872
0.50822
0.871302
0.333338
0.29668
0.941741
0.28004
0.977751
0.832577
0.459363
0.175596
0.280455
0.062562
0.006363
0.592225
0.95362
0.561624
0.606295
0.246912
0.713375
0.47313
0.343531
0.140922
0.289622
0.811803
0.430684
0.446684
0.128692
0.842008
0.192473
0.789505
0.728158
0.610066
0.705234
0.321409
0.082284
0.697292
0.432519
0.809322
0.008524
0.007928
0.259074
0.191581
0.932721
0.714078
0.876619
0.545545
0.58332
0.011659
0.579216
0.97147
0.141718
0.792111
0.328164
0.208422
0.428928
0.666755
0.366227
0.170607
0.898143
0.061454
0.497638
0.035911
0.753585
0.158461
0.314656
0.9463
0.80554
0.121243
0.187305
0.378068
0.633478
0.542849
0.688124
0.432963
0.225348
0.58497
0.926595
0.96289
0.858444
0.147156
0.154765
0.426623
0.197456
0.347376
0.963579
0.357796
0.450063
0.704621
0.765909
0.619045
0.594493
0.707674
0.588357
0.008025
0.84554
0.856207
0.91296
0.319679
0.788004
0.64257
0.289147
0.789373
0.368355
0.592977
0.502384
0.104946
0.463693
0.536919
0.564958
0.911901
0.719659
0.227005
0.466402
0.012964
0.628791
0.989456
0.894808
0.17103
0.080482
0.773911
0.442299
0.707329
0.468003
0.149845
0.75997
0.467498
0.280177
0.894575
0.479921
0.86896
0.878762
0.199583
0.55271
0.439804
0.184426
0.639273
0.254899
0.102932
0.259796
0.660558
0.455188
0.77493
0.711582
0.323233
0.994046
0.957775
0.795489
0.117953
0.616358
0.96111
0.836189
0.446585
0.136893
0.006161
0.990172
0.123908
0.247125
0.041517
0.097798
0.781871
0.501522
0.537169
0.641417
0.951103
0.147573
0.941423
0.988919
0.595568
0.604265
0.452495
0.883993
0.875439
0.79294
0.339191
0.778215
0.581057
0.608474
0.273547
0.603481
0.086813
0.08351
0.239187
0.793627
0.594083
0.277904
0.357816
0.046054
0.823042
0.321216
0.922263
0.69864
0.065183
0.023963
0.074719
0.009802
0.908121
0.766537
0.916887
0.545372
0.439614
0.495645
0.7256
0.04419
0.846879
0.412526
0.479303
0.10842
0.541144
0.785293
0.996753
0.037228
0.718172
0.234013
0.921877
0.883574
0.222816
0.459762
0.787019
0.173183
0.735813
0.237396
0.443699
0.076907
0.711803
0.294876
0.260607
0.74638
0.292006
0.220111
0.299708
0.121689
0.668395
0.080044
0.983813
0.158434
0.653331
0.291859
0.091429
0.051607
0.021065
0.104393
0.827818
0.743261
0.292983
0.987283
0.898464
0.699891
0.923794
0.23109
0.687352
0.614615
0.768123
0.692784
0.773752
0.946564
0.970001
0.804023
0.05164
0.603652
0.206548
0.177423
0.600337
0.119771
0.722894
0.767976
0.875132
0.391889
0.510953
0.905541
0.367135
0.707367
0.228908
0.638966
0.163625
0.453236
0.049384
0.696836
0.887934
0.980651
0.476998
0.465789
0.788507
0.928546
0.946123
0.044761
0.874266
0.629578
0.965398
0.716116
0.480235
0.352755
0.557403
0.65212
0.737747
0.900739
0.746578
0.895549
0.997886
0.129337
0.684208
0.945185
0.762196
0.575219
0.711348
0.716742
0.45794
0.095554
0.120831
0.277336
0.475998
0.411172
0.689337
0.528351
0.808106
0.998314
0.730102
0.423802
0.887603
0.615721
0.760586
0.54034
0.202212
0.624118
0.961314
0.053363
0.424193
0.546844
0.413078
0.654278
0.652329
0.532601
0.446003
0.379178
0.15968
0.7525
0.043338
0.882341
0.161641
0.572171
0.894256
0.817867
0.108843
0.267905
0.063593
0.516622
0.691203
0.679033
0.770796
0.151227
0.986218
0.19677
0.842876
0.180518
0.512563
0.109561
0.358892
0.456361
0.673711
0.965845
0.319854
0.984038
0.645225
0.0586
0.108454
0.892479
0.446048
0.933951
0.821053
0.349125
0.550071
0.190732
0.007709
0.40415
0.638896
0.135167
0.574679
0.102666
0.207572
0.602804
0.786178
0.006422
0.630946
0.351459
0.909609
0.008271
0.575598
0.028708
0.728649
0.122921
0.700448
0.974026
0.644054
0.290017
0.042043
0.019628
0.436113
0.654685
0.258787
0.859912
0.883255
0.912149
0.743666
0.664637
0.430173
0.512258
0.470664
0.27656
0.855529
0.702923
0.440757
0.405191
0.730345
0.753761
0.023078
0.590445
0.703696
0.394877
0.299874
0.87102
0.236299
0.051358
0.631027
0.704512
0.743892
0.031487
0.548312
0.236191
0.799782
0.195976
0.611785
0.299082
0.731473
0.818653
0.794184
0.338273
0.38366
0.699606
0.937212
0.440814
0.633538
0.93238
0.175167
0.011089
0.567848
0.067426
0.031407
0.437582
0.393489
0.136854
0.54047
0.478741
0.781646
0.157661
0.002977
0.587385
0.472755
0.319809
0.764013
0.360734
0.157665
0.396982
0.750209
0.349574
0.047576
0.353093
0.947961
0.843804
0.367221
0.019199
0.488848
0.365016
0.855219
0.52969
0.552178
0.4136
0.740307
0.749074
0.598546
0.136925
0.635256
0.288588
0.769068
0.69337
0.136192
0.770752
0.828386
0.495161
0.954827
0.367073
0.592645
0.328079
0.869881
0.412206
0.699441
0.334754
0.751102
0.006461
0.898731
0.932212
0.587927
0.158615
0.257184
0.202434
0.688169
0.41997
0.397436
0.339027
0.629584
0.288548
0.776083
0.485523
0.382807
0.882953
0.501998
0.882322
0.273061
0.558174
0.718269
0.42334
0.685175
0.660518
0.849143
0.75334
0.029832
0.608124
0.698306
0.507183
0.267587
0.95913
0.168204
0.105469
0.833834
0.389357
0.063895
0.264245
0.124344
0.523835
0.357743
0.920554
0.836581
0.297384
0.547116
0.461265
0.511266
0.843217
0.956634
0.11566
0.793137
0.377772
0.327121
0.020969
0.430688
0.309277
0.286807
0.302834
0.496102
0.634088
0.856729
0.524624
0.344068
0.145003
0.275938
0.738135
0.397087
0.583782
0.372512
0.530342
0.218703
0.193706
0.148166
0.01649
0.212921
0.945237
0.097567
0.914318
0.779702
0.947376
0.99874
0.06417
0.078458
0.084148
0.006546
0.347116
0.625131
0.561271
0.240623
0.349776
0.18419
0.541974
0.139874
0.487856
0.743067
0.836045
0.78824
0.056484
0.17336
0.84337
0.034582
0.438628
0.643811
0.989393
0.578337
0.890417
0.444108
0.409685
0.914055
0.518042
0.589672
0.58875
0.797338
0.270255
0.722566
0.282452
0.776807
0.771801
0.643986
0.680721
0.360099
0.056006
0.760439
0.500345
0.156548
0.154376
0.732163
0.08777
0.377798
0.923471
0.005483
0.808767
0.070946
0.170219
0.909885
0.268907
0.167954
0.990912
0.882642
0.354083
0.092523
0.869138
0.236405
0.244348
0.637112
0.524177
0.869678
0.026985
0.885937
0.110668
0.280839
0.728741
0.344233
0.653222
0.178469
0.406003
0.994836
0.864248
0.157432
0.336113
0.845191
0.975864
0.28751
0.013166
0.907277
0.825067
0.985977
0.893092
0.196812
0.200173
0.082483
0.070537
0.5244
0.057325
0.000704
0.404855
0.355094
0.693176
0.717478
0.475765
0.934897
0.011117
0.731758
0.659399
0.367079
0.146896
0.767206
0.969439
0.420263
0.405088
0.49983
0.978177
0.559036
0.242238
0.043213
0.599226
0.77896
0.232444
0.98993
0.756413
0.884259
0.883192
0.383323
0.203881
0.545074
0.155311
0.314053
0.851304
0.952522
0.029026
0.409649
0.55807
0.158384
0.951242
0.817387
0.017874
0.13518
0.906293
0.418328
0.328893
0.977628
0.013274
0.641294
0.111683
0.997645
0.56922
0.690078
0.35605
0.791237
0.803137
0.070555
0.147888
0.061849
0.142102
0.084362
0.574891
0.433218
0.09975
0.778568
0.088426
0.235236
0.965824
0.59788
0.655263
0.263607
0.432095
0.316158
0.163326
0.159466
0.627677
0.099973
0.073264
0.369185
0.086364
0.015166
0.058075
0.245573
0.11043
0.615526
0.378986
0.619931
0.789838
0.670335
0.08085
0.911874
0.081867
0.79186
0.941102
0.235768
0.287026
0.132961
0.254887
0.049483
0.046759
0.602577
0.877356
0.232859
0.097938
0.591928
0.093656
0.446523
0.50283
0.589508
0.524817
0.449002
0.702118
0.804385
0.474973
0.164137
0.848293
0.556448
0.013588
0.536824
0.660037
0.702461
0.292657
0.291089
0.180063
0.313892
0.143595
0.024403
0.390689
0.393335
0.666412
0.562384
0.79514
0.725374
0.062638
0.340533
0.88131
0.597045
0.521229
0.034138
0.393147
0.868885
0.563836
0.237185
0.759244
0.189067
0.001586
0.827538
0.229698
0.621993
0.961535
0.584614
0.217318
0.776263
0.281905
0.696821
0.884179
0.081714
0.345283
0.960401
0.109933
0.020367
0.150257
0.552361
0.829163
0.58268
0.222247
0.270016
0.952599
0.215526
0.098768
0.230371
0.184486
0.832139
0.02695
0.482906
0.605492
0.609474
0.126611
0.343725
0.99663
0.288511
0.314232
0.420531
0.192146
0.264582
0.597798
0.266497
0.090038
0.005708
0.294798
0.592167
0.202512
0.235397
0.736211
0.719846
0.046451
0.192942
0.707115
0.818008
0.709606
0.319286
0.568605
0.081181
0.312721
0.259826
0.294743
0.471465
0.583934
0.041848
0.932703
0.667369
0.769621
0.430794
0.830208
0.099057
0.863501
0.277612
0.272123
0.009
0.438904
0.047855
0.599534
0.360277
0.865175
0.739941
0.225478
0.179136
0.603006
0.642392
0.511844
0.370476
0.447194
0.198261
0.350509
0.946323
0.184655
0.487331
0.97938
0.017738
0.935627
0.999915
0.370218
0.120359
0.84341
0.256046
0.002784
0.777901
0.547413
0.299268
0.643347
0.595036
0.133833
0.065804
0.110496
0.16672
0.712394
0.291979
0.651554
0.720532
0.276606
0.735001
0.771195
0.246655
0.291247
0.648572
0.892577
0.138595
0.711898
0.474966
0.258484
0.609392
0.397121
0.218725
0.756563
0.374461
0.903132
0.21342
0.187498
0.31018
0.838332
0.748358
0.984185
0.32234
0.46468
0.042257
0.985029
0.462634
0.995255
0.547384
0.201398
0.422448
0.123942
0.655922
0.08509
0.970527
0.462691
0.450621
0.264203
0.811087
0.661905
0.488129
0.989755
0.592226
0.101822
0.004856
0.041595
0.021927
0.139858
0.440396
0.793491
0.330754
0.037851
0.684291
0.008552
0.055141
0.158532
0.920695
0.483622
0.434986
0.73223
0.068953
0.348957
0.619328
0.792284
0.658888
0.442972
0.013534
0.793563
0.237371
0.536839
0.603971
0.813979
0.989389
0.540765
0.715121
0.953431
0.210328
0.842185
0.693677
0.790925
0.21796
0.322427
0.260765
0.36987
0.509153
0.229697
0.922614
0.853382
0.259877
0.288123
0.261365
0.320906
0.788223
0.459596
0.764999
0.476477
0.53151
0.828998
0.263054
0.576307
0.681882
0.012111
0.845664
0.045131
0.227489
0.821333
0.424629
0.507823
0.414486
0.869076
0.437084
0.362052
0.039453
0.887431
0.659042
0.895002
0.502126
0.71545
0.055675
0.497267
0.069828
0.018723
0.435265
0.427298
0.700154
0.258771
0.931884
0.549613
0.726494
0.820812
0.495181
0.056223
0.680135
0.195457
0.381135
0.203131
0.524206
0.78941
0.66018
0.73016
0.423524
0.969091
0.026063
0.841726
0.364284
0.844458
0.639462
0.478738
0.575547
0.419166
0.1264
0.127097
0.255097
0.763553
0.125527
0.624638
0.493503
0.809933
0.307666
0.792121
0.541826
0.476908
0.02517
0.348442
0.939653
0.00207
0.151246
0.124307
0.090571
0.114033
0.274373
0.442176
0.827317
0.454637
0.565137
0.851627
0.345224
0.429986
0.029718
0.326835
0.331099
0.143631
0.84351
0.210753
0.885612
0.948628
0.036849
0.508118
0.787527
0.610846
0.313269
0.960705
0.86819
0.302565
0.467674
0.588966
0.967154
0.082771
0.924048
0.409197
0.799153
0.820433
0.645567
0.414044
0.347708
0.137899
0.088894
0.719599
0.513114
0.710001
0.665073
0.594428
0.927661
0.658574
0.73846
0.31049
0.64389
0.155727
0.613239
0.045966
0.055524
0.334624
0.944732
0.758953
0.212843
0.976887
0.090914
0.752434
0.625596
0.466214
0.157039
0.988561
0.536247
0.759682
0.883441
0.502031
0.467443
0.953176
0.853938
0.100302
0.784731
0.883875
0.990955
0.798342
0.777063
0.799852
0.142962
0.930679
0.962393
0.827204
0.040268
0.127017
0.173727
0.382962
0.299655
0.730887
0.258854
0.848286
0.919782
0.170938
0.480473
0.04849
0.865745
0.933951
0.823504
0.965721
0.635553
0.061011
0.67968
0.39231
0.660404
0.213318
0.01983
0.243294
0.932593
0.074455
0.446563
0.356111
0.703642
0.512267
0.925406
0.531935
0.761187
0.517435
0.526665
0.641783
0.359622
0.863484
0.171162
0.850309
0.227169
0.839482
0.866296
0.298993
0.233812
0.050263
0.905962
0.941165
0.67559
0.109536
0.493166
0.349321
0.543505
0.152001
0.164779
0.184106
0.900466
0.207304
0.456303
0.840562
0.469274
0.549554
0.634607
0.658926
0.943152
0.5334
0.05925
0.092263
0.954055
0.756637
0.68761
0.326136
0.485053
0.620186
0.197622
0.95375
0.784373
0.74065
0.454086
0.622941
0.848811
0.128195
0.200507
0.087355
0.39465
0.952178
0.190971
0.568569
0.670932
0.100999
0.491308
0.344993
0.520541
0.531186
0.558349
0.879955
0.873589
0.940682
0.483789
0.977721
0.380941
0.591737
0.27383
0.036504
0.284587
0.055677
0.204045
0.913338
0.852793
0.956545
0.092782
0.216683
0.348047
0.936674
0.637636
0.214221
0.85376
0.972132
0.044175
0.494824
0.646907
0.285427
0.5619
0.424386
0.813085
0.712882
0.949219
0.307982
0.64675
0.937077
0.994405
0.696504
0.350005
0.658501
0.730884
0.751376
0.464024
0.507695
0.553541
0.785478
0.675862
0.358465
0.011097
0.935552
0.524833
0.746024
0.633422
0.358713
0.815271
0.684321
0.032687
0.006215
0.961636
0.319181
0.004948
0.963596
0.328538
0.112828
0.618002
0.591967
0.15429
0.604298
0.041655
0.951842
0.484034
0.983894
0.818117
0.627711
0.99672
0.244647
0.009552
0.315311
0.469939
0.564443
0.434196
0.673759
0.044521
0.623804
0.465542
0.133755
0.74325
0.520403
0.948069
0.735692
0.033748
0.329464
0.403225
0.102801
0.645701
0.549639
0.717926
0.240818
0.515343
0.683256
0.940847
0.073126
0.804398
0.055966
0.020767
0.360065
0.482902
7.7e-05
0.530871
0.99463
0.810586
0.169376
0.449876
0.277343
0.661976
0.974004
0.308145
0.768116
0.915951
0.211163
0.817674
0.482142
0.839338
0.944168
0.261361
0.309957
0.449486
0.375028
0.198642
0.008367
0.351431
0.415104
0.522931
0.528897
0.585002
0.137932
0.972532
0.217822
0.714277
0.048411
0.607039
0.85543
0.351874
0.617735
0.263728
0.600623
0.640483
0.338097
0.520229
0.278681
0.312667
0.161837
0.94309
0.370493
0.538988
0.957986
0.031875
0.596064
0.220885
0.246611
0.309787
0.830018
0.437725
0.909021
0.677838
0.170901
0.902909
0.556186
0.370684
0.08226
0.393638
0.44354
0.650152
0.60838
0.476293
0.940217
0.314278
0.856965
0.700242
0.188486
0.879081
0.535932
0.26265
0.387982
0.384355
0.63861
0.423087
0.312006
0.155647
0.654626
0.05751
0.498272
0.6343
0.94243
0.463854
0.88996
0.540035
0.825481
0.992511
0.116308
0.708424
0.908193
0.628967
0.097026
0.919975
0.246253
0.300016
0.503898
0.562368
0.269826
0.381691
0.454802
0.723241
0.362255
0.31924
0.453777
0.257396
0.871503
0.575673
0.292382
0.272661
0.430184
0.271089
0.747116
0.630094
0.139549
0.338165
0.51949
0.906122
0.102475
0.062203
0.927815
0.972204
0.176086
0.612408
0.954479
0.811384
0.099976
0.064684
0.934146
0.189135
0.7535
0.185414
0.538636
0.169333
0.035774
0.737447
0.515158
0.436645
0.822773
0.549509
0.923762
0.754707
0.570895
0.386483
0.809152
0.504465
0.655412
0.959097
0.887505
0.861698
0.3427
0.029542
0.134856
0.393156
0.405443
0.703218
0.462989
0.88776
0.553017
0.219021
0.378155
0.740553
0.459162
0.64015
0.609516
0.899609
0.689473
0.202307
0.884598
0.467023
0.868575
0.780251
0.816242
0.472007
0.184652
0.926564
0.390122
0.935873
0.646956
0.467529
0.642461
0.397972
0.811742
0.283853
0.065125
0.787179
0.185254
0.348296
0.595502
0.236652
0.152261
0.812364
0.724345
0.820396
0.528859
0.291453
0.322601
0.488818
0.628124
0.340567
0.819767
0.715583
0.077343
0.833146
0.819913
0.465856
0.052868
0.422772
0.523674
0.62273
0.12806
0.608752
0.550701
0.326139
0.818904
0.957248
0.495957
0.409412
0.917215
0.544712
0.40204
0.412807
0.119062
0.521405
0.615337
0.507006
0.132388
0.119177
0.966932
0.929422
0.029474
0.0148
0.818361
0.392942
0.548133
0.819955
0.615617
0.596341
0.075463
0.747089
0.469481
0.268276
0.607287
0.267358
0.43294
0.41778
0.406965
0.31487
0.432873
0.284112
0.21681
0.683091
0.075895
0.316287
0.909915
0.84128
0.793078
0.68534
0.00903
0.283897
0.865603
0.847903
0.06718
0.047
0.749404
0.099749
0.466844
0.250294
0.586822
0.705154
0.673159
0.158322
0.639346
0.080124
0.974398
0.532252
0.906654
0.851127
0.134198
0.215407
0.568347
0.586955
0.229019
0.40951
0.52127
0.502323
0.009824
0.175036
0.423356
0.480384
0.657686
0.841806
0.258432
0.180814
0.39206
0.373003
0.323725
0.195852
0.559523
0.94523
0.679729
0.399986
0.043719
0.202431
0.156417
0.377293
0.335752
0.898182
0.339805
0.763104
0.434178
0.224348
0.73473
0.663188
0.624218
0.903555
0.825063
0.677353
0.397902
0.858418
0.504825
0.69997
0.980787
0.155729
0.326083
0.164725
0.020893
0.591995
0.375292
0.348634
0.205841
0.889822
0.284266
0.119489
0.787901
0.147567
0.232769
0.378175
0.515186
0.233777
0.004101
0.244418
0.790068
0.713696
0.714346
0.68979
0.735074
0.966657
0.668174
0.037652
0.145327
0.751507
0.201572
0.63375
0.056492
0.701082
0.48965
0.00851
0.125089
0.231324
0.834212
0.764921
0.227961
0.227517
0.546871
0.461586
0.385329
0.828059
0.517354
0.038378
0.011309
0.703171
0.505102
0.783349
0.236712
0.043756
0.833098
0.428654
0.659587
0.310333
0.711301
0.463696
0.038246
0.898023
0.363902
0.285281
0.868449
0.402582
0.095555
0.529539
0.736857
0.418121
0.37626
0.010146
0.182026
0.874635
0.032892
0.561269
0.812497
0.8022
0.259875
0.739462
0.581446
0.717711
0.880244
0.481389
0.270703
0.941708
0.318981
0.485277
0.977484
0.099987
0.860369
0.130338
0.296252
0.303778
0.351218
0.926469
0.065601
0.813534
0.055226
0.539305
0.164439
0.167906
0.06373
0.426518
0.452415
0.246874
0.285475
0.605454
0.259875
0.050978
0.428215
0.029956
0.374652
0.527852
0.974598
0.63893
0.180191
0.150714
0.350326
0.13408
0.571162
0.655376
0.693393
0.042991
0.661207
0.823927
0.374499
0.764726
0.057769
0.695709
0.050659
0.358064
0.76746
0.729967
0.869935
0.323326
0.823519
0.414412
0.395987
0.459201
0.971761
0.98095
0.765661
0.251091
0.161012
0.554321
0.328405
0.977019
0.258725
0.748228
0.132655
0.453179
0.022052
0.558257
0.90612
0.353346
0.77289
0.530903
0.668803
0.544471
0.224395
0.289301
0.747533
0.800264
0.982326
0.105369
0.028734
0.345449
0.824388
0.980409
0.095619
0.938332
0.814874
0.700359
0.697023
0.182449
0.173011
0.750812
0.089656
0.729367
0.118464
0.636132
0.235612
0.655251
0.358936
0.078523
0.389481
0.565338
0.756421
0.639066
0.407387
0.649296
0.530033
0.196968
0.006788
0.214727
0.947712
0.828768
0.503842
0.846739
0.448447
0.387971
0.849719
0.123049
0.409863
0.79636
0.881505
0.660715
0.013125
0.866656
0.584537
0.814955
0.43536
0.27701
0.254835
0.040884
0.346935
0.437314
0.080004
0.653476
0.703329
0.381892
0.774599
0.694328
0.956277
0.570479
0.422148
0.902239
0.547444
0.644565
0.408121
0.42237
0.773789
0.705403
0.763113
0.875807
0.105633
0.78072
0.971144
0.339609
0.54189
0.451506
0.083071
0.044842
0.954724
0.901838
0.199728
0.717123
0.608756
0.39923
0.940256
0.821465
0.687826
0.717239
0.512047
0.548959
0.853648
0.645848
0.57897
0.945145
0.345531
0.405657
0.939474
0.504735
0.61148
0.840144
0.708338
0.313041
0.854535
0.976968
0.454035
0.866937
0.757801
0.250264
0.808188
0.339841
0.022807
0.455199
0.099889
0.626814
0.978928
0.538426
0.139037
0.188684
0.919638
0.745149
0.64329
0.496503
0.153066
0.811927
0.456275
0.2239
0.708248
0.979401
0.487593
0.051332
0.856915
0.421558
0.789556
0.746259
0.37227
0.246389
0.494132
0.297807
0.384611
0.492336
0.433665
0.24472
0.611203
0.020038
0.574729
0.755136
0.285313
0.871265
0.558095
0.634916
0.434225
0.261817
0.250104
0.902952
0.364773
0.42623
0.550505
0.346665
0.902563
0.113205
0.789055
0.400268
0.580028
0.898883
0.166407
0.225814
0.575393
0.974603
0.28602
0.115977
0.792403
0.886424
0.500492
0.551276
0.842833
0.426467
0.822944
0.88767
0.698702
0.834503
0.799009
0.557168
0.620336
0.619748
0.340307
0.013071
0.304795
0.267899
0.535769
0.619092
0.894725
0.694024
0.708782
0.587714
0.612408
0.146268
0.302822
0.379257
0.161251
0.010973
0.014733
0.993172
0.245177
0.764553
0.892036
0.283194
0.693339
0.850405
0.966295
0.146177
0.81362
0.753181
0.814395
0.673942
0.226215
0.712587
0.11381
0.284922
0.499537
0.466177
0.398327
0.663406
0.35726
0.819516
0.932359
0.58047
0.949157
0.996808
0.202844
0.369774
0.135366
0.007064
0.521897
0.923963
0.88756
0.703326
0.402658
0.077016
0.447253
0.965907
0.30562
0.188531
0.181331
0.045676
0.052294
0.673148
0.13503
0.437449
0.770253
0.680409
0.469326
0.165168
0.826836
0.220717
0.362234
0.689661
0.709982
0.680099
0.421673
0.964999
0.718117
0.034179
0.463814
0.477911
0.298621
0.130856
0.388932
0.077793
0.465573
0.375415
0.38752
0.316029
0.516564
0.987567
0.710572
0.336988
0.588007
0.038874
0.78058
0.855041
0.562635
0.651337
0.22666
0.772944
0.171556
0.482414
0.352319
0.956978
0.332611
0.199714
0.419964
0.984436
0.597112
0.713711
0.926719
0.786922
0.693944
0.32044
0.810512
0.370095
0.915294
0.093792
0.796166
0.719458
0.157464
0.527076
0.321542
0.073433
0.403365
0.201597
0.024947
0.900529
0.293621
0.553
0.928159
0.925749
0.478302
0.44772
0.296433
0.17924
0.461671
0.868278
0.556338
0.182035
0.934426
0.812276
0.124067
0.9358
0.100501
0.463377
0.152024
0.105553
0.69555
0.51662
0.663689
0.867916
0.454274
0.413118
0.449229
0.469691
0.942137
0.995437
0.725802
0.316686
0.414957
0.642223
0.185268
0.985256
0.691426
0.339103
0.892062
0.670064
0.081436
0.910729
0.729875
0.95501
0.923287
0.483292
0.886555
0.502269
0.9176
0.564108
0.985671
0.413239
0.284911
0.705399
0.512668
0.73353
0.271089
0.185005
0.229418
0.812411
0.067167
0.559322
0.345597
0.048356
0.281561
0.142347
0.10096
0.212781
0.465799
0.408008
0.352451
0.743158
0.88345
0.562751
0.050894
0.025078
0.866845
0.29717
0.281095
0.001632
0.784917
0.441417
0.734765
0.590403
0.937612
0.807936
0.558944
0.986337
0.328069
0.916544
0.145792
0.152087
0.106298
0.599996
0.116435
0.29869
0.22561
0.536079
0.325043
0.644075
0.892402
0.858643
0.158011
0.730693
0.752544
0.285314
0.758705
0.191386
0.133622
0.407419
0.578151
0.792789
0.02159
0.739602
0.660976
0.304649
0.839572
0.774167
0.248077
0.402244
0.140437
0.608067
0.660219
0.732355
0.834337
0.025056
0.876516
0.038966
0.84988
0.573619
0.874615
0.807755
0.284936
0.94492
0.408652
0.999364
0.288741
0.049744
0.388137
0.785317
0.843414
0.440463
0.097286
0.378438
0.862565
0.244365
0.697677
0.712712
0.69637
0.042534
0.345021
0.628525
0.654201
0.489508
0.721812
0.443529
0.855287
0.206354
0.188314
0.868548
0.072689
0.172033
0.0281
0.594172
0.059043
0.996214
0.420381
0.050455
0.789026
0.622602
0.646817
0.466577
0.382461
0.481598
0.211645
0.361178
0.484488
0.498574
0.858513
0.909346
0.477592
0.151065
0.428931
0.635488
0.160223
0.762215
0.524187
0.943667
0.715106
0.661734
0.739132
0.193585
0.505055
0.884171
0.398089
0.16891
0.274304
0.204185
0.070559
0.901803
0.920487
0.0549
0.27521
0.104175
0.676441
0.816263
0.865581
0.296227
0.935106
0.16973
0.590592
0.396129
0.010433
0.239441
0.587376
0.340682
0.914226
0.520502
0.551287
0.194765
0.434445
0.867837
0.384488
0.869996
0.448426
0.487066
0.545581
0.7046
0.879317
0.53303
0.543037
0.832105
0.274026
0.044759
0.045532
0.236975
0.076674
0.706503
0.367537
0.353927
0.362913
0.587168
0.352398
0.121078
0.124142
0.918633
0.837148
0.006478
0.454508
0.484185
0.094128
0.018778
0.390454
0.308868
0.220601
0.002416
0.202379
0.625956
0.980674
0.946654
0.003366
0.136806
0.73502
0.053593
0.513084
0.871788
0.780765
0.545287
0.653173
0.105999
0.066338
0.632986
0.868644
0.161321
0.502953
0.64482
0.157579
0.65895
0.062464
0.938836
0.781408
0.781074
0.461091
0.446096
0.113293
0.688418
0.068781
0.968246
0.132317
0.435124
0.139934
0.582624
0.611761
0.798696
0.884377
0.037941
0.061219
0.302624
0.427506
0.500736
0.96877
0.679837
0.045743
0.893184
0.071794
0.129107
0.989024
0.691231
0.558526
0.875342
0.439682
0.177608
0.006579
0.103975
0.255481
0.502418
0.284113
0.054433
0.847236
0.270269
0.948085
0.182441
0.185916
0.078124
0.654171
0.780667
0.977108
0.02065
0.288128
0.876042
0.295536
0.214624
0.417647
0.194652
0.501704
0.254628
0.315056
0.625682
0.340616
0.737586
0.383243
0.880309
0.170382
0.622384
0.523562
0.978934
0.771658
0.130282
0.468169
0.294808
0.845517
0.974021
0.385584
0.782532
0.242984
0.504893
0.836778
0.179029
0.619687
0.168272
0.514844
0.431523
0.463274
0.572541
0.666674
0.045844
0.469105
0.627513
0.531899
0.654825
0.458103
0.386608
0.354919
0.353535
0.927632
0.55426
0.966884
0.379505
0.570215
0.390927
0.191374
0.033236
0.016181
0.403645
0.365248
0.551002
0.156089
0.760225
0.295154
0.533139
0.247104
0.249519
0.123426
0.969168
0.203212
0.057798
0.998084
0.561399
0.943384
0.010975
0.046526
0.915789
0.299873
0.327896
0.931418
0.429731
0.09345
0.450706
0.447898
0.023339
0.563049
0.845467
0.223891
0.464238
0.974946
0.80597
0.102191
0.623402
0.225419
0.563718
0.383626
0.905348
0.257119
0.455514
0.220288
0.415813
0.364425
0.014661
0.740141
0.510476
0.751184
0.120025
0.862089
0.082448
0.394144
0.698445
0.646862
0.425595
0.609959
0.087178
0.774675
0.092245
0.866606
0.041551
0.155912
0.944235
0.379402
0.943343
0.982166
0.36536
0.518977
0.214709
0.953973
0.438921
0.736164
0.709815
0.331782
0.505215
0.749951
0.979294
0.171389
0.299085
0.030186
0.002656
0.48435
0.050121
0.136485
0.661762
0.935073
0.462685
0.494919
0.371149
0.747935
0.940525
0.290226
0.461101
0.197261
0.00402
0.387059
0.515538
0.639735
0.858266
0.983766
0.549135
0.843962
0.423366
0.876486
0.766441
0.470332
0.295733
0.768696
0.467569
0.621161
0.564169
0.948851
0.314365
0.438265
0.489873
0.882027
0.847605
0.582455
0.298978
0.102016
0.857441
0.494085
0.181404
0.246453
0.305882
0.397609
0.686716
0.478268
0.050382
0.801739
0.390339
0.223296
0.958182
0.714683
0.042917
0.444034
0.032266
0.542106
0.21149
0.755086
0.150167
0.872708
0.614749
0.370116
0.083417
0.800784
0.343981
0.970375
0.60471
0.542112
0.739138
0.394956
0.211252
0.056239
0.22727
0.098763
0.607531
0.219594
0.316336
0.504647
0.310042
0.044318
0.837015
0.387402
0.752625
0.850534
0.608416
0.459986
0.14821
0.576301
0.102434
0.392735
0.99238
0.380129
0.075288
0.189486
0.743673
0.763268
0.954866
0.539131
0.905326
0.486976
0.977213
0.560548
0.951226
0.138794
0.780085
0.992806
0.380145
0.160918
0.339337
0.786489
0.741212
0.064288
0.366282
0.071915
0.829703
0.314751
0.618682
0.545817
0.101315
0.009191
0.195838
0.846472
0.903003
0.106791
0.814335
0.345735
0.488449
0.0828
0.281873
0.711076
0.248953
0.759155
0.221642
0.053483
0.357322
0.660998
0.427747
0.384439
0.660987
0.826574
0.95765
0.734563
0.797846
0.516378
0.902393
0.216557
0.813677
0.442321
0.776356
0.679504
0.191094
0.875051
0.270955
0.463256
0.141494
0.012947
0.7942
0.947985
0.299407
0.175738
0.733496
0.28959
0.173714
0.104553
0.506727
0.13495
0.699496
0.092106
0.948303
0.16995
0.793696
0.286213
0.413336
0.481459
0.081073
0.389305
0.205833
0.901386
0.256887
0.848
0.381105
0.952372
0.435873
0.204438
0.99928
0.965001
0.264721
0.046136
0.429653
0.394075
0.842706
0.134678
0.531283
0.262169
0.935234
0.783226
0.894488
0.128733
0.739897
0.671025
0.793282
0.013842
0.995067
0.868551
0.253406
0.675457
0.343833
0.597811
0.45044
0.504911
0.468259
0.62489
0.51551
0.308018
0.36872
0.660405
0.697032
0.797084
0.335015
0.608924
0.551114
0.850535
0.531831
0.203559
0.72175
0.968027
0.208325
0.297907
0.232115
0.822498
0.30892
0.227261
0.288865
0.778315
0.729794
0.725355
0.148799
0.510852
0.945104
0.505698
0.310482
0.088673
0.91281
0.644202
0.634414
0.209453
0.430719
0.623969
0.548006
0.686015
0.735494
0.321781
0.832106
0.235099
0.591798
0.377127
0.422362
0.78983
0.115702
0.212679
0.900381
0.11829
0.66711
0.611888
0.784943
0.067623
0.08479
0.169984
0.496506
0.168469
0.55707
0.575686
0.914914
0.053777
0.960088
0.707752
0.457545
0.85898
0.857239
0.596446
0.15985
0.483684
0.48544
0.987627
0.398273
0.848668
0.831476
0.577474
0.021561
0.767565
0.15555
0.479929
0.259919
0.728928
0.337189
0.086555
0.249358
0.312124
0.349164
0.526898
0.538697
0.881843
0.041422
0.909484
0.732398
0.349749
0.444156
0.098903
0.892585
0.103556
0.686747
0.552002
0.083746
0.383355
0.943076
0.254685
0.134579
0.076161
0.2427
0.938334
0.181974
0.731478
0.898496
0.870555
0.400131
0.055042
0.88809
0.963164
0.291952
0.883723
0.700003
0.793302
0.019271
0.35071
0.876351
0.947449
0.03157
0.36609
0.993531
0.40298
0.81324
0.384576
0.799078
0.809152
0.754146
0.945419
0.916915
0.132755
0.478069
0.646401
0.248301
0.784151
0.309842
0.510009
0.207334
0.064134
0.694863
0.848815
0.63145
0.547215
0.982374
0.196036
0.109055
0.241301
0.693971
0.403437
0.449318
0.807198
0.196197
0.50034
0.963847
0.397738
0.206854
0.503114
0.602912
0.393493
0.52603
0.778121
0.184704
0.974674
0.732772
0.331381
0.296862
0.874262
0.494465
0.779007
0.09929
0.150724
0.724347
0.054995
0.962214
0.136202
0.671355
0.544375
0.682772
0.327019
0.805715
0.501309
0.179377
0.736758
0.281386
0.987224
0.802614
0.441915
0.646614
0.674591
0.860084
0.536409
0.227855
0.937452
0.280501
0.480832
0.030185
0.79636
0.918746
0.767554
0.400276
0.19495
0.501389
0.426616
0.088471
0.972252
0.424968
0.722695
0.230959
0.989949
0.728321
0.398172
0.521505
0.455045
0.613174
0.580212
0.283345
0.648021
0.928499
0.847497
0.662591
0.64713
0.855782
0.277631
0.963176
0.358718
0.16979
0.074349
0.780712
0.1613
0.720982
0.697511
0.608503
0.518431
0.994272
0.38616
0.006371
0.799346
0.418967
0.476757
0.882748
0.071795
0.684978
0.234091
0.324588
0.456483
0.64899
0.042846
0.103069
0.892719
0.537184
0.427395
0.689601
0.897516
0.011849
0.99651
0.403572
0.400301
0.998478
0.610087
0.891265
0.040282
0.934615
0.752833
0.119585
0.813483
0.737422
0.880405
0.30674
0.3399
0.36288
0.566915
0.912785
0.687336
0.511945
0.289139
0.824366
0.770438
0.509591
0.759178
0.956857
0.274171
0.859497
0.502753
0.764849
0.294424
0.844025
0.872114
0.482095
0.565386
0.860383
0.439241
0.932472
0.302721
0.401227
0.369724
0.535576
0.6149
0.404276
0.854565
0.040275
0.666754
0.389684
0.8353
0.092575
0.238299
0.70782
0.487201
0.718009
0.474089
0.942054
0.801653
0.51609
0.690224
0.422812
0.094571
0.061511
0.124104
0.108425
0.52761
0.744812
0.554624
0.507182
0.640904
0.133385
0.069615
0.614862
0.148317
0.103303
0.852129
0.431176
0.675749
0.973892
0.849687
0.598886
0.656364
0.478746
0.446551
0.236264
0.798277
0.301239
0.202573
0.683537
0.355079
0.462879
0.693282
0.97905
0.270917
0.782505
0.893476
0.218509
0.74194
0.189415
0.043343
0.72446
0.745792
0.674871
0.357255
0.937917
0.343939
0.206763
0.63188
0.603103
0.210357
0.89216
0.718389
0.919129
0.035221
0.534676
0.190506
0.843928
0.196441
0.393575
0.960705
0.88943
0.492656
0.115747
0.31346
0.951187
0.376642
0.484523
0.659324
0.01881
0.697606
0.631522
0.810421
0.768673
0.353665
0.410024
0.568398
0.052653
0.34287
0.001309
0.541139
0.703145
0.913817
0.651774
0.912471
0.067822
0.650844
0.36577
0.353434
0.252642
0.757997
0.911926
0.194123
0.819373
0.649799
0.966967
0.838914
0.526647
0.909438
0.576171
0.359707
0.868177
0.262941
0.038337
0.87655
0.454557
0.380942
0.662198
0.979406
0.718193
0.230681
0.972741
0.165361
0.280135
0.260867
0.718211
0.105
0.122208
0.800216
0.617331
0.800609
0.225127
0.203491
0.2246
0.626618
0.926944
0.414731
0.311962
0.430926
0.827269
0.645474
0.732785
0.578341
0.699193
0.482486
0.644866
0.460578
0.646042
0.091419
0.352292
0.806578
0.386455
0.395236
0.495054
0.593728
0.945519
0.831455
0.771701
0.858592
0.164176
0.694336
0.261633
0.21004
0.772416
0.164195
0.937369
0.125225
0.296425
0.402305
0.58549
0.211084
0.046377
0.575731
0.207827
0.201227
0.160337
0.965237
0.770563
0.566455
0.960757
0.813302
0.673985
0.381924
0.316835
0.037009
0.653979
0.749556
0.486457
0.853406
0.427845
0.995581
0.000122
0.967742
0.063282
0.648044
0.279552
0.126758
0.911141
0.27235
0.887525
0.728157
0.802855
0.980245
0.913821
0.882879
0.014055
0.060984
0.195849
0.086467
0.583897
0.567666
0.363275
0.596703
0.426405
0.79237
0.201607
0.049129
0.620437
0.619261
0.095873
0.766734
0.910785
0.910196
0.743703
0.401542
0.549175
0.184194
0.934319
0.751893
0.570635
0.866205
0.582643
0.085456
0.684739
0.737449
0.611146
0.594014
0.509081
0.800649
0.717769
0.453088
0.760849
0.839888
0.474309
0.710175
0.239356
0.169039
0.525186
0.79549
0.355401
0.357661
0.752054
0.826266
0.768208
0.73139
0.875474
0.874946
0.138257
0.672915
0.227288
0.050455
0.281726
0.059069
0.347178
0.905111
0.197239
0.23063
0.662186
0.429379
0.30858
0.477404
0.455873
0.886968
0.293249
0.559124
0.154766
0.406577
0.790238
0.813075
0.166275
0.779465
0.441296
0.277717
0.363793
0.761982
0.433241
0.828158
0.042387
0.921416
0.377406
0.095837
0.295028
0.702377
0.559216
0.439333
0.597269
0.20038
0.890505
0.681599
0.959118
0.895598
0.090872
0.846284
0.249699
0.305338
0.25417
0.918299
0.659288
0.829215
0.018829
0.806009
0.395887
0.359066
0.116154
0.563254
0.149566
0.946719
0.241354
0.226444
0.864165
0.326415
0.05112
0.397922
0.0682
0.637669
0.792865
0.922742
0.096903
0.392852
0.749017
0.767972
0.451423
0.443786
0.514852
0.357025
0.860905
0.402734
0.513271
0.268739
0.05445
0.317652
0.035891
0.214387
0.104399
0.170159
0.819558
0.758415
0.712038
0.696331
0.65358
0.961611
0.825375
0.751796
0.039402
0.193963
0.401493
0.748147
0.143411
0.144961
0.477993
0.461691
0.81368
0.596227
0.175585
0.154116
0.772955
0.804773
0.282864
0.337592
0.300117
0.898249
0.541414
0.915314
0.652217
0.714059
0.695928
0.052714
0.232852
0.220317
0.016463
0.669153
0.488948
0.124495
0.796608
0.442275
0.084688
0.028027
0.127145
0.710051
0.705315
0.870235
0.968907
0.79246
0.610619
0.860158
0.272973
0.591006
0.441819
0.798192
0.10182
0.685439
0.254106
0.649697
0.734467
0.07781
0.814815
0.617818
0.196435
0.260425
0.83552
0.565157
0.436414
0.803321
0.045485
0.752627
0.486609
0.521825
0.042152
0.059732
0.222298
0.010427
0.434433
0.243046
0.041364
0.890261
0.083728
0.625541
0.11889
0.617161
0.287937
0.454883
0.880761
0.194333
0.736368
0.25518
0.605269
0.174066
0.336913
0.865365
0.66745
0.868805
0.598423
0.704266
0.797878
0.401571
0.038826
0.138081
0.571778
0.569223
0.041847
0.484684
0.798551
0.862851
0.526112
0.270512
0.693707
0.752414
0.27541
0.015519
0.733716
0.820988
0.44271
0.119167
0.730336
0.319089
0.781763
0.835341
0.375163
0.590688
0.330927
0.867034
0.74647
0.902587
0.796902
0.912574
0.523608
0.768542
0.880842
0.054019
0.552454
0.340508
0.85784
0.819439
0.53976
0.225661
0.543669
0.865905
0.836238
0.996107
0.55078
0.453376
0.849917
0.771639
0.446115
0.163863
0.37653
0.735916
0.083064
0.453836
0.393968
0.21055
0.251727
0.746853
0.953385
0.597205
0.844742
0.278324
0.710712
0.291307
0.609677
0.149183
0.217131
0.379557
0.696123
0.743114
0.830201
0.399672
0.784709
0.213967
0.126523
0.342981
0.127173
0.987028
0.063831
0.758205
0.115869
0.634712
0.794556
0.416726
0.561819
0.541915
0.242438
0.994144
0.763575
0.125288
0.669244
0.977745
0.436278
0.20612
0.745248
0.12638
0.541893
0.015661
0.377855
0.368943
0.419697
0.997303
0.64508
0.84812
0.109368
0.795894
0.866013
0.391616
0.762824
0.850447
0.32675
0.229478
0.350629
0.856263
0.670727
0.617431
0.859506
0.901122
0.781696
0.514395
0.737972
0.683145
0.956536
0.430485
0.114942
0.395237
0.18497
0.460351
0.063842
0.956104
0.599146
0.63691
0.776285
0.693127
0.451988
0.239905
0.454314
0.004199
0.272828
0.667521
0.222782
0.416196
0.973542
0.712467
0.065725
0.235625
0.678326
0.303946
0.450332
0.282245
0.391806
0.691611
0.938869
0.092415
0.269683
0.740139
0.727413
0.53445
0.464926
0.202837
0.268017
0.078903
0.269861
0.841987
0.430171
0.397285
0.438976
0.513001
0.323892
0.175395
0.342455
0.506989
0.033292
0.702811
0.434554
0.237167
0.095767
0.535869
0.257073
0.210219
0.695772
0.976179
0.413606
0.991355
0.423292
0.32621
0.091011
0.020269
0.45614
0.105657
0.711989
0.231733
0.301118
0.190085
0.822677
0.523536
0.334964
0.657516
0.378071
0.084508
0.288209
0.53075
0.778671
0.967783
0.604487
0.848863
0.705552
0.607437
0.116047
0.81345
0.124669
0.965607
0.350379
0.106706
0.425479
0.117797
0.739688
0.488827
0.739005
0.632864
0.502594
0.969338
0.268508
0.279857
0.507219
0.845106
0.585248
0.003291
0.635134
0.018324
0.509476
0.214694
0.89653
0.418219
0.113428
0.142974
0.708856
0.360391
0.946474
0.657293
0.736122
0.058811
0.818072
0.491235
0.241127
0.910129
0.640928
0.012873
0.408046
0.14237
0.515789
0.344838
0.365069
0.038597
0.692201
0.622413
0.524284
0.987077
0.94062
0.879499
0.18849
0.3052
0.231749
0.686225
0.57586
0.160259
0.180411
0.019371
0.771373
0.206677
0.88687
0.332346
0.266651
0.150986
0.82887
0.595275
0.79568
0.203854
0.560598
0.042203
0.74386
0.392347
0.873156
0.160541
0.66189
0.260059
0.544385
0.16652
0.619413
0.660753
0.675281
0.872853
0.409526
0.424268
0.072148
0.526529
0.874118
0.789154
0.199768
0.248991
0.508716
0.542333
0.518695
0.693793
0.127795
0.339656
0.468052
0.548015
0.822533
0.676227
0.252104
0.706975
0.830074
0.512024
0.301704
0.093903
0.756038
0.326409
0.528549
0.674087
0.630393
0.307567
0.322016
0.604561
0.664721
0.090048
0.536041
0.469585
0.562943
0.929906
0.092687
0.156306
0.591415
0.56876
0.231295
0.418352
0.244497
0.898884
0.135535
0.428446
0.251373
0.130864
0.712624
0.352382
0.923551
0.185799
0.932789
0.933671
0.387238
0.90064
0.5327
0.460141
0.488371
0.826609
0.078754
0.063291
0.458218
0.383359
0.742148
0.097062
0.626994
0.22039
0.690262
0.358973
0.72501
0.04915
0.87919
0.241497
0.190065
0.261821
0.969873
0.809592
0.007621
0.80833
0.404479
0.193723
0.504313
0.760565
0.338752
0.077578
0.105108
0.9161
0.8067
0.800718
0.78413
0.882203
0.016179
0.312057
0.521427
0.445652
0.797261
0.800936
0.65924
0.928413
0.907805
0.540342
0.174329
0.186784
0.622033
0.802676
0.310714
0.990812
0.269928
0.401148
0.182511
0.214193
0.901712
0.156222
0.258077
0.932818
0.384039
0.213648
0.239287
0.419415
0.646746
0.579109
0.171106
0.124709
0.817227
0.525511
0.098447
0.943516
0.494225
0.702103
0.150751
0.427641
0.21454
0.051299
0.636161
0.42778
0.923686
0.956751
0.958677
0.219054
0.031186
0.71853
0.802125
0.304603
0.190824
0.928563
0.587924
0.991389
0.611604
0.202051
0.9783
0.832066
0.740784
0.550173
0.935544
0.254584
0.01269
0.89684
0.293314
0.689613
0.472057
0.750297
0.301373
0.901678
0.134699
0.891991
0.892187
0.165647
0.084941
0.938014
0.026707
0.010777
0.735785
0.107012
0.808818
0.502175
0.414462
0.580616
0.639491
0.31688
0.075534
0.468066
0.548773
0.030551
0.213405
0.770718
0.55295
0.122973
0.82884
0.652263
0.643341
0.40688
0.002609
0.710588
0.979619
0.618682
0.610025
0.654889
0.435218
0.84238
0.663496
0.655448
0.785335
0.427692
0.696628
0.154413
0.51656
0.587753
0.644645
0.582252
0.817739
0.730059
0.063102
0.816973
0.925897
0.920748
0.547107
0.592487
0.670413
0.717325
0.130405
0.311421
0.698221
0.444944
0.561397
0.693474
0.636641
0.038284
0.458881
0.006678
0.626753
0.392835
0.587669
0.45234
0.792104
0.910996
0.852582
0.074657
0.589888
0.738694
0.433082
0.881481
0.017995
0.159317
0.503922
0.864973
0.683323
0.526814
0.873805
0.772994
0.448955
0.187399
0.894172
0.642096
0.872275
0.789907
0.446944
0.596028
0.951907
0.721309
0.901416
0.494043
0.928
0.428428
0.521202
0.991405
0.256804
0.741691
0.176959
0.548642
0.864467
0.321404
0.052596
0.030946
0.145171
0.196288
0.01085
0.738516
0.391705
0.465091
0.777739
0.183731
0.327003
0.803181
0.834756
0.312231
0.111289
0.937986
0.061559
0.210621
0.702223
0.381236
0.259382
0.964882
0.894848
0.88723
0.75433
0.649996
0.872409
0.800751
0.587621
0.310543
0.976343
0.053128
0.956812
0.686986
0.417843
0.610713
0.567591
0.987518
0.506858
0.547064
0.960912
0.246202
0.795185
0.939177
0.001443
0.325476
0.913727
0.484214
0.051606
0.706525
0.558115
0.207847
0.748219
0.358488
0.394118
0.627344
0.095435
0.082764
0.639143
0.661877
0.111243
0.875947
0.678216
0.856048
0.951123
0.805075
0.822683
0.303555
0.792169
0.885059
0.531879
0.678541
0.220735
0.698442
0.767297
0.410908
0.058479
0.685292
0.815818
0.898578
0.059865
0.231395
0.905989
0.008379
0.416958
0.18318
0.229192
0.882536
0.916516
0.516222
0.849195
0.520207
0.710985
0.778484
0.545238
0.355075
0.217438
0.02696
0.70909
0.857007
0.356167
0.115596
0.348096
0.117541
0.343592
0.140581
0.779697
0.703318
0.987006
0.561972
0.777755
0.836141
0.131081
0.915479
0.346854
0.183135
0.481976
0.809172
0.565209
0.798174
0.215606
0.800132
0.293711
0.15353
0.765477
0.342377
0.284388
0.228918
0.243645
0.074985
0.986026
0.978552
0.040496
0.441468
0.486152
0.857591
0.509593
0.887753
0.944338
0.693001
0.814819
0.086382
0.869934
0.422099
0.130613
0.798494
0.34405
0.735489
0.712364
0.210519
0.471154
0.850088
0.355179
0.675905
0.740146
0.334472
0.521537
0.173242
0.353657
0.037472
0.174587
0.774759
0.337344
0.440431
0.828858
0.638174
0.408366
0.007051
0.496607
0.683269
0.753047
0.201206
0.876184
0.936092
0.150812
0.644753
0.850406
0.352361
0.111358
0.02579
0.52126
0.617371
0.969987
0.033172
0.475938
0.027789
0.698863
0.981527
0.019302
0.255788
0.732555
0.962045
0.331755
0.236942
0.370934
0.79921
0.3478
0.135373
0.98826
0.776852
0.948858
0.914174
0.056047
0.741819
0.263715
0.3359
0.602811
0.11475
0.070717
0.292265
0.958022
0.883857
0.41799
0.053614
0.4612
0.786643
0.666716
0.506979
0.917679
0.454185
0.333253
0.045324
0.179266
0.334511
0.650136
0.548546
0.456954
0.290785
0.287596
0.696384
0.36751
0.077422
0.646532
0.51829
0.100664
0.813399
0.117103
0.190444
0.499024
0.377577
0.111655
0.766494
0.878824
0.984918
0.58841
0.593076
0.343979
0.956483
0.083821
0.306296
0.833899
0.251885
0.390262
0.187508
0.723743
0.983147
0.759837
0.160135
0.295853
0.325598
0.259759
0.619573
0.08466
0.866446
0.632684
0.342869
0.894442
0.072062
0.873831
0.034044
0.99066
0.71064
0.506757
0.157016
0.087266
0.513096
0.283607
0.058288
0.229779
0.901195
0.521294
0.03897
0.527621
0.653685
0.928311
0.636737
0.801555
0.19443
0.995557
0.465162
0.128022
0.653292
0.958371
0.585135
0.667806
0.991146
0.641724
0.226006
0.270542
0.747648
0.077611
0.913698
0.026318
0.515014
0.616336
0.650533
0.286267
0.321476
0.112284
0.774015
0.157054
0.984016
0.549874
0.330526
0.308698
0.500108
0.599296
0.190667
0.621433
0.266072
0.120296
0.770676
0.072308
0.23071
0.126642
0.410057
0.66352
0.941029
0.133015
0.356236
0.873112
0.213695
0.012534
0.080966
0.396938
0.7961
0.77218
0.713444
0.064882
0.411611
0.844967
0.241089
0.406314
0.70503
0.156549
0.444627
0.540767
0.078772
0.253446
0.565283
0.194332
0.370711
0.438513
0.957769
0.706079
0.849253
0.202333
0.412689
0.990962
0.577813
0.256622
0.596196
0.596741
0.924754
0.890307
0.463067
0.346821
0.656888
0.23473
0.743043
0.42401
0.732191
0.56719
0.898543
0.269846
0.555319
0.461833
0.838226
0.489067
0.905216
0.599337
0.251747
0.943685
0.415465
0.69188
0.525796
0.248641
0.947409
0.212027
0.455475
0.564478
0.752546
0.732838
0.891637
0.033436
0.377193
0.787534
0.657994
0.742394
0.847228
0.465756
0.756897
0.008283
0.781184
0.368406
0.187504
0.273585
0.840229
0.150887
0.196556
0.645053
0.654016
0.467538
0.731984
0.909939
0.231219
0.169138
0.662892
0.801872
0.773316
0.417192
0.771306
0.06304
0.822371
0.962873
0.359549
0.082429
0.31978
0.687772
0.6127
0.463795
0.819162
0.672337
0.245907
0.452989
0.772441
0.870451
0.487298
0.354117
0.730524
0.164963
0.968851
0.583163
0.478121
0.694359
0.845809
0.623151
0.477746
0.786067
0.428195
0.799837
0.757698
0.73148
0.410917
0.278766
0.360321
0.413396
0.983822
0.482281
0.211148
0.027632
0.501182
0.929641
0.22422
0.726315
0.43081
0.458965
0.54464
0.414337
0.04775
0.374421
0.639496
0.682255
0.358869
0.053942
0.09682
0.766871
0.252749
0.482414
0.691241
0.250775
0.28168
0.373495
0.790152
0.140842
0.242379
0.765281
0.842439
0.219446
0.884043
0.529801
0.30868
0.650152
0.41607
0.783814
0.89393
0.196247
0.053017
0.548571
0.025314
0.284371
0.528447
0.797037
0.733615
0.737355
0.213301
0.12214
0.851118
0.750413
0.171942
0.205667
0.450743
0.727015
0.194511
0.475673
0.499715
0.567979
0.51015
0.406666
0.490347
0.260626
0.355919
0.758966
0.491375
0.570404
0.729433
0.040583
0.35156
0.64288
0.417288
0.808315
0.54597
0.330515
0.44465
0.011947
0.331361
0.338547
0.996373
0.485448
0.237499
0.111258
0.356887
0.055689
0.57108
0.561599
0.032846
0.847863
0.828891
0.361019
0.694099
0.160729
0.556641
0.222336
0.440463
0.266483
0.416653
0.226634
0.268852
0.796946
0.368613
0.310221
0.12841
0.409066
0.065105
0.534062
0.191531
0.734031
0.871187
0.78796
0.869444
0.846584
0.465143
0.54592
0.750107
0.364472
0.388755
0.525926
0.830599
0.429415
0.016005
0.693702
0.620254
0.402397
0.518603
0.793214
0.157758
0.171119
0.603147
0.621231
0.843213
0.36683
0.440309
0.213721
0.913678
0.371413
0.069874
0.169335
0.025554
0.367669
0.635658
0.322807
0.29435
0.040362
0.269686
0.797613
0.838524
0.943831
0.403881
0.710445
0.467913
0.364374
0.430648
0.060865
0.632935
0.09926
0.951771
0.181405
0.589047
0.099365
0.649758
0.260755
0.193789
0.076818
0.575705
0.587602
0.02012
0.369953
0.097784
0.255209
0.668404
0.697879
0.451941
0.022234
0.903966
0.813765
0.792925
0.406762
0.960674
0.292655
0.02781
0.508013
0.104012
0.697528
0.932779
0.671138
0.169729
0.183067
0.994229
0.474036
0.164375
0.124879
0.489383
0.456789
0.582239
0.697029
0.549091
0.439409
0.25344
0.223309
0.756544
0.468024
0.161791
0.340283
0.031798
0.253682
0.101149
0.875628
0.658573
0.491413
0.277773
0.700849
0.255045
0.264186
0.864475
0.091875
0.653579
0.712406
0.63159
0.868547
0.809794
0.035126
0.486711
0.354659
0.631576
0.791106
0.696195
0.465884
0.708632
0.073799
0.958534
0.245829
0.591246
0.403856
0.672086
0.252003
0.741262
0.082922
0.373913
0.515367
0.799385
0.87377
0.260647
0.80005
0.522743
0.930641
0.857133
0.543129
0.724583
0.856597
0.335885
0.838972
0.290601
0.282357
0.077384
0.880029
0.334589
0.763633
0.319424
0.390576
0.629495
0.908742
0.418382
0.274244
0.646323
0.332569
0.270345
0.305347
0.270481
0.853631
0.395864
0.963621
0.326384
0.558297
0.017929
0.611068
0.759334
0.712466
0.906574
0.939806
0.849256
0.290814
0.500335
0.817343
0.093102
0.548575
0.109647
0.802601
0.123187
0.002974
0.171346
0.788569
0.081027
0.608825
0.636944
0.96875
0.13904
0.142524
0.194413
0.006111
0.004685
0.771557
0.613991
0.996838
0.381075
0.600464
0.144397
0.356421
0.619368
0.275046
0.842562
0.829631
0.761931
0.764196
0.681517
0.225136
0.317184
0.892706
0.424275
0.573062
0.19802
0.725203
0.863294
0.202423
0.430505
0.96925
0.890018
0.637643
0.920434
0.826706
0.286799
0.586159
0.812198
0.187219
0.69122
0.860731
0.977639
0.336896
0.989403
0.396987
0.779266
0.317428
0.709722
0.390738
0.408646
0.102468
0.338983
0.637652
0.511725
0.131802
0.307702
0.672103
0.631401
0.620154
0.838915
0.078214
0.174002
0.646484
0.189404
0.91521
0.44327
0.453619
0.486837
0.670379
0.662612
0.170508
0.030477
0.462519
0.045754
0.309013
0.263711
0.620991
0.090568
0.16736
0.609258
0.221774
0.615512
0.912989
0.306512
0.165304
0.573029
0.07968
0.171669
0.140483
0.881946
0.941563
0.650087
0.479726
0.640929
0.754711
0.206984
0.913491
0.653407
0.931739
0.594099
0.652597
0.657186
0.585001
0.006452
0.749073
0.243225
0.066385
0.880462
0.530089
0.728255
0.739236
0.817091
0.423098
0.642152
0.518031
0.3949
0.443915
0.197107
0.286871
0.081756
0.949217
0.612894
0.030107
0.992843
0.452863
0.438457
0.305859
0.47778
0.319833
0.051845
0.62045
0.110941
0.931579
0.423688
0.182203
0.77206
0.255623
0.051938
0.816216
0.542688
0.190395
0.026356
0.195027
0.089389
0.117532
0.95279
0.444743
0.006725
0.223487
0.310985
0.948341
0.170395
0.153376
0.434656
0.732177
0.54064
0.623702
0.469215
0.576888
0.28921
0.52565
0.861459
0.925216
0.860612
0.051243
0.558697
0.973117
0.172632
0.492513
0.389051
0.080047
0.969539
0.24669
0.64577
0.661059
0.576327
0.562969
0.633489
0.843756
0.363223
0.846312
0.681653
0.010198
0.396524
0.742695
0.796604
0.081871
0.599893
0.828251
0.614354
0.966937
0.427284
0.247097
0.326745
0.716583
0.261907
0.581226
0.306793
0.808828
0.465247
0.20136
0.123119
0.933291
0.654212
0.565064
0.739345
0.876981
0.663199
0.586376
0.816102
0.711277
0.516739
0.502104
0.808748
0.489178
0.875375
0.925823
0.079853
0.910003
0.49625
0.437886
0.503197
0.164289
0.786283
0.012986
0.669008
0.91216
0.500997
0.351669
0.793642
0.844058
0.968752
0.208083
0.278628
0.732669
0.415889
0.216153
0.854543
0.878041
0.477758
0.740975
0.97262
0.204809
0.167305
0.173204
0.975237
0.735265
0.324822
0.785024
0.745578
0.355436
0.846479
0.663394
0.707102
0.895767
0.858714
0.935234
0.1472
0.155956
0.119382
0.896736
0.179285
0.721933
0.626058
0.79773
0.888615
0.373789
0.626944
0.412111
0.035453
0.896333
0.265783
0.45056
0.76673
0.143133
0.702274
0.180076
0.865242
0.006214
0.733751
0.941758
0.436313
0.491177
0.511347
0.522303
0.91248
0.109063
0.559052
0.608494
0.674508
0.406117
0.187959
0.183659
0.232501
0.698173
0.269734
0.982474
0.113182
0.102928
0.227171
0.702641
0.157245
0.043074
0.562795
0.72119
0.905839
0.419648
0.225631
0.873071
0.778609
0.419574
0.728447
0.864045
0.861948
0.426557
0.855179
0.110023
0.618525
0.24762
0.917537
0.146307
0.46015
0.138227
0.633404
0.333711
0.161936
0.563438
0.742485
0.213254
0.550073
0.358868
0.200698
0.325711
0.538015
0.992371
0.193946
0.215717
0.824019
0.493512
0.809831
0.189738
0.529044
0.19383
0.778008
0.709875
0.568529
0.397513
0.838479
0.364626
0.97677
0.659252
0.751632
0.333491
0.138903
0.078834
0.696883
0.892079
0.910312
0.369105
0.639655
0.024467
0.021092
0.76363
0.875896
0.063586
0.630974
0.985052
0.018026
0.595798
0.272594
0.981732
0.717031
0.198196
0.460974
0.074415
0.452352
0.189972
0.015741
0.052932
0.771369
0.350388
0.382449
0.657175
0.944847
0.507623
0.471113
0.075496
0.725528
0.69003
0.598141
0.762699
0.347605
0.943363
0.528829
0.110841
0.754548
0.841607
0.200921
0.539603
0.772932
0.368667
0.574895
0.026656
0.664258
0.454722
0.13514
0.700188
0.679165
0.491132
0.926361
0.130584
0.932184
0.386228
0.051445
0.839935
0.012789
0.31861
0.750489
0.05363
0.808454
0.641624
0.141815
0.874541
0.468434
0.219186
0.689973
0.471795
0.794678
0.50131
0.343524
0.130589
0.871623
0.805204
0.228903
0.009915
0.283484
0.997327
0.210719
0.504425
0.312423
0.729358
0.527565
0.045082
0.131756
0.128959
0.399964
0.362325
0.697874
0.28011
0.658526
0.763933
0.261902
0.623225
0.134598
0.925446
0.133868
0.145483
0.785985
0.361853
0.096043
0.662499
0.743868
0.639044
0.781083
0.1287
0.781009
0.893857
0.128976
0.027297
0.482191
0.70171
0.927173
0.956962
0.420225
0.321026
0.730609
0.957851
0.925933
0.994258
0.186286
0.479502
0.710302
0.86301
0.860973
0.469954
0.541678
0.935232
0.831415
0.194977
0.961948
0.506722
0.350898
0.823662
0.871529
0.120703
0.377412
0.842405
0.148882
0.05981
0.992036
0.818167
0.972978
0.740432
0.037492
0.628403
0.988677
0.147231
0.859388
0.942123
0.829639
0.75409
0.847151
0.338792
0.619133
0.205016
0.46731
0.527556
0.533534
0.106919
0.060631
0.21738
0.395517
0.884995
0.853446
0.554165
0.953943
0.789579
0.584372
0.961348
0.567914
0.717324
0.141604
0.67754
0.512683
0.876783
0.457065
0.90258
0.168911
0.40053
0.96852
0.680248
0.553963
0.373048
0.485893
0.252349
0.047815
0.762777
0.907889
0.048194
0.50539
0.588147
0.155008
0.928322
0.568707
0.159697
0.264841
0.3009
0.491584
0.592737
0.552346
0.179041
0.812348
0.939754
0.750897
0.906504
0.544769
0.771591
0.796037
0.13444
0.66217
0.629592
0.02675
0.34087
0.047592
0.78742
0.219222
0.93601
0.623605
0.452305
0.224164
0.675759
0.169702
0.382017
0.126107
0.806344
0.19733
0.36716
0.283707
0.201508
0.71555
0.716495
0.147157
0.654546
0.547393
0.648404
0.394306
0.427608
0.120454
0.327529
0.467446
0.18385
0.806577
0.684387
0.337157
0.154334
0.153331
0.248295
0.240273
0.466046
0.030803
0.767699
0.190855
0.709012
0.009602
0.54242
0.390265
0.492115
0.556972
0.240289
0.319904
0.568917
0.869211
0.437024
0.580668
0.737357
0.165406
0.973142
0.074952
0.733788
0.218877
0.06115
0.3551
0.119046
0.875425
0.766865
0.471577
0.353557
0.309051
0.830323
0.914297
0.13715
0.725402
0.281358
0.38537
0.369896
0.808194
0.868268
0.094978
0.177462
0.680055
0.838403
0.697229
0.541026
0.301665
0.309619
0.092038
0.732246
0.782545
0.145839
0.940745
0.567967
0.013664
0.442164
0.721957
0.73572
0.758402
0.65164
0.904752
0.166842
0.050949
0.654497
0.678284
0.037787
0.152245
0.755906
0.254453
0.858386
0.4779
0.381564
0.829793
0.033526
0.391
0.677193
0.733026
0.629663
0.500534
0.778729
0.428439
0.113617
0.322449
0.17507
0.940456
0.71201
0.981362
0.22587
0.201341
0.154843
0.749332
0.294822
0.475294
0.439029
0.072227
0.586807
0.806938
0.150304
0.819089
0.386769
0.515364
0.557835
0.597311
0.83946
0.788925
0.307957
0.018665
0.520628
0.795962
0.977072
0.155152
0.496606
0.191576
0.14283
0.961611
0.999176
0.907237
0.675115
0.384172
0.158941
0.974464
0.304277
0.114348
0.18557
0.071122
0.550877
0.890295
0.915549
0.479719
0.555831
0.968275
0.446585
0.135926
0.613958
0.375895
0.638686
0.708437
0.946961
0.351343
0.223037
0.781852
0.148882
0.059075
0.682179
0.646229
0.666083
0.046891
0.730957
0.530277
0.460218
0.518504
0.418863
0.507539
0.410795
0.704988
0.805949
0.142421
0.99357
0.633158
0.545955
0.26543
0.594776
0.184455
0.123644
0.662935
0.702166
0.389537
0.090839
0.442743
0.222251
0.438192
0.18401
0.830454
0.115135
0.555289
0.431464
0.053905
0.773037
0.194471
0.220889
0.717833
0.882946
0.226525
0.287926
0.853149
0.922024
0.661091
0.65092
0.202465
0.46972
0.126245
0.363919
0.093346
0.866173
0.022589
0.294886
0.353292
0.13741
0.316043
0.955284
0.052852
0.594615
0.147197
0.013723
0.11449
0.546339
0.026321
0.387234
0.673106
0.524074
0.763566
0.317475
0.300825
0.674848
0.198509
0.422845
0.798006
0.711088
0.134959
0.762491
0.793335
0.072034
0.531387
0.004252
0.743996
0.170185
0.178903
0.983622
0.353869
0.765268
0.981508
0.151609
0.539192
0.113876
0.954891
0.911679
0.443235
0.373888
0.54041
0.973987
0.313231
0.278999
0.023544
0.689571
0.208908
0.082138
0.441013
0.390844
0.16673
0.965236
0.402017
0.945897
0.376898
0.914681
0.487243
0.36736
0.193479
0.696212
0.113174
0.317524
0.608391
0.662258
0.793285
0.266655
0.383008
0.208564
0.209771
0.24538
0.363188
0.499529
0.203434
0.071625
0.148632
0.081537
0.826881
0.963566
0.743721
0.023314
0.413998
0.743083
0.247431
0.48561
0.607512
0.691268
0.522338
0.205779
0.712566
0.26148
0.130224
0.491357
0.346818
0.910488
0.929104
0.319148
0.053179
0.460718
0.013994
0.687242
0.4064
0.02836
0.932868
0.917823
0.351465
0.579957
0.424811
0.73203
0.790399
0.04042
0.776194
0.581821
0.274661
0.525412
0.967634
0.832157
0.588495
0.710412
0.019307
0.331975
0.966853
0.619654
0.777312
0.430919
0.098572
0.460751
0.698701
0.367955
0.308149
0.264435
0.244158
0.389417
0.00487
0.126136
0.696502
0.640804
0.165594
0.390197
0.524545
0.143238
0.077663
0.522264
0.234391
0.559107
0.543661
0.32473
0.544452
0.474765
0.235632
0.611893
0.305853
0.514436
0.140628
0.564005
0.950745
0.384817
0.641331
0.442804
0.453799
0.478379
0.624455
0.852448
0.295239
0.338789
0.988963
0.029245
0.746431
0.029219
0.332417
0.912263
0.186613
0.741703
0.306284
0.242696
0.9401
0.828315
0.361479
0.885136
0.263643
0.010053
0.375615
0.906924
0.044462
0.194078
0.282391
0.679871
0.301028
0.251802
0.604351
0.983219
0.518286
0.897786
0.919934
0.827893
0.142418
0.597197
0.696009
0.623653
0.08045
0.198499
0.934692
0.505075
0.168778
0.081561
0.362137
0.679627
0.705952
0.333702
0.426493
0.659989
0.586367
0.877117
0.559958
0.701457
0.720279
0.413208
0.358384
0.772784
0.395521
0.168462
0.098647
0.121166
0.253801
0.25729
0.621589
0.247099
0.842538
0.529776
0.3261
0.84704
0.243262
0.399582
0.050764
0.945291
0.740083
0.981553
0.480796
0.353815
0.262478
0.284166
0.830591
0.740045
0.239182
0.724438
0.922997
0.916638
0.842475
0.899918
0.390805
0.893701
0.811094
0.762736
0.797026
0.52495
0.26051
0.0409
0.868318
0.112108
0.968106
0.19705
0.470632
0.743028
0.881455
0.870395
0.016067
0.567452
0.383502
0.906759
0.382879
0.622518
0.047182
0.568727
0.068622
0.636328
0.118806
0.745428
0.284157
0.38551
0.97054
0.400658
0.782292
0.071231
0.989072
0.059405
0.027568
0.582413
0.005785
0.78065
0.52527
0.85765
0.503448
0.171076
0.495969
0.798473
0.791099
0.965425
0.657306
0.841103
0.489508
0.189485
0.325585
0.440543
0.261256
0.200365
0.12965
0.668061
0.063228
0.050951
0.215358
0.513413
0.652884
0.722356
0.469262
0.273095
0.603789
0.904223
0.446549
0.242058
0.446057
0.211117
0.186146
0.24736
0.552182
0.80031
0.148997
0.422016
0.053955
0.288289
0.328129
0.57626
0.753918
0.87138
0.288907
0.308923
0.629347
0.323739
0.121989
0.857511
0.62852
0.052129
0.842261
0.021934
0.88733
0.258215
0.038731
0.949076
0.660982
0.646982
0.157119
0.970542
0.725241
0.312639
0.709074
0.825422
0.752764
0.722513
0.400423
0.628119
0.597123
0.537166
0.216926
0.588653
0.82538
0.245791
0.520639
0.303259
0.961609
0.896669
0.513106
0.14651
0.982771
0.63277
0.473639
0.701466
0.206495
0.601209
0.04162
0.005155
0.734713
0.088091
0.362013
0.392231
0.034806
0.620605
0.387077
0.054575
0.643423
0.841071
0.191864
0.810313
0.556795
0.252368
0.44721
0.789283
0.277445
0.858121
0.930085
0.704198
0.431575
0.622428
0.355459
0.478633
0.916367
0.066965
0.627384
0.361555
0.863232
0.901222
0.26035
0.030296
0.417089
0.832853
0.707672
0.214309
0.616682
0.908525
0.759409
0.213218
0.022531
0.218968
0.692079
0.727121
0.203672
0.574952
0.999889
0.370423
0.305946
0.717095
0.752112
0.081996
0.57206
0.087892
0.44401
0.730416
0.613438
0.846701
0.023698
0.221253
0.446937
0.301676
0.108711
0.447184
0.395577
0.964625
0.384391
0.815033
0.318518
0.310886
0.624073
0.207984
0.73636
0.593262
0.951638
0.713423
0.846243
0.573076
0.271572
0.01779
0.266521
0.70017
0.635652
0.741416
0.532852
0.062551
0.722496
0.376739
0.036191
0.936578
0.713976
0.518492
0.786102
0.174462
0.914792
0.887868
0.203048
0.411411
0.250322
0.538824
0.802226
0.067376
0.930731
0.627505
0.955918
0.304833
0.172497
0.190447
0.426112
0.962002
0.072689
0.096842
0.439625
0.497807
0.086169
0.924171
0.030108
0.2509
0.148211
0.50148
0.044147
0.527007
0.072218
0.964498
0.500908
0.746431
0.513474
0.428283
0.975711
0.680344
0.795202
0.993271
0.875851
0.706423
0.021981
0.203788
0.741586
0.422805
0.760714
0.83328
0.178568
0.644674
0.395278
0.562859
0.470301
0.357001
0.400511
0.108644
0.169858
0.702147
0.544841
0.652373
0.585998
0.950001
0.935668
0.835618
0.851935
0.454058
0.968222
0.128338
0.109773
0.640146
0.431852
0.208468
0.788906
0.98184
0.865421
0.278959
0.056062
0.143896
0.116431
0.88102
0.534324
0.523241
0.983854
0.443824
0.747164
0.706349
0.219929
0.678463
0.882061
0.499236
0.274673
0.847929
0.457928
0.916827
0.1
0.707743
0.903612
0.094909
0.832041
0.152614
0.078223
0.962164
0.800544
0.624891
0.317315
0.188172
0.45491
0.656216
0.940293
0.958341
0.48721
0.913545
0.551409
0.744672
0.633504
0.992162
0.441373
0.931274
0.813469
0.712231
0.138813
0.471903
0.970911
0.569235
0.550512
0.238222
0.731583
0.367651
0.686617
0.865387
0.684464
0.797502
0.330548
0.143759
0.441617
0.975183
0.080334
0.384022
0.183079
0.560104
0.726269
0.224588
0.915621
0.724966
0.076353
0.236316
0.055167
0.274831
0.94725
0.730486
0.138099
0.776967
0.060515
0.87993
0.296414
0.178063
0.678197
0.137574
0.676477
0.924208
0.54527
0.692722
0.444067
0.677908
0.48199
0.623877
0.645573
0.081404
0.857783
0.15278
0.204258
0.532537
0.954986
0.309779
0.548023
0.198756
0.960329
0.041962
0.535831
0.480024
0.836511
0.239489
0.018455
0.121851
0.527682
0.440773
0.952369
0.20553
0.797281
0.321701
0.412804
0.761744
0.598827
0.658335
0.714049
0.32131
0.815453
0.693052
0.160096
0.720845
0.604588
0.851159
0.610018
0.094926
0.797118
0.41162
0.622053
0.859297
0.613372
0.12863
0.520634
0.632056
0.709613
0.853406
0.31987
0.925953
0.055608
0.949625
0.283337
0.519643
0.766941
0.640878
0.867547
0.389523
0.851913
0.574217
0.236033
0.352088
0.635217
0.762089
0.093665
0.191547
0.391122
0.765725
0.595732
0.0432
0.330118
0.823206
0.061195
0.672443
0.743977
0.765776
0.452642
0.772888
0.143504
0.509225
0.72245
0.40562
0.227503
0.853966
0.072642
0.684808
0.852479
0.122895
0.898931
0.578756
0.629191
0.016528
0.392092
0.015668
0.028609
0.548033
0.676403
0.923833
0.48017
0.305557
0.88171
0.363733
0.620821
0.741552
0.05177
0.461459
0.348116
0.447384
0.396878
0.128091
0.087283
0.635537
0.450738
0.658689
0.885572
0.189949
0.765186
0.372732
0.2895
0.85002
0.089269
0.93234
0.863105
0.13347
0.542182
0.643602
0.765214
0.660684
0.497122
0.195725
0.805547
0.941265
0.716148
0.242501
0.649375
0.825809
0.67652
0.782192
0.349235
0.117576
0.136735
0.118946
0.51138
0.544625
0.097573
0.972649
0.416311
0.581311
0.003297
0.929476
0.846346
0.377088
0.195513
0.831694
0.213488
0.01424
0.26413
0.997034
0.800667
0.800184
0.807531
0.810774
0.994827
0.82375
0.507257
0.90784
0.282536
0.80838
0.85973
0.688934
0.042845
0.52503
0.115836
0.906199
0.69074
0.006482
0.155749
0.86008
0.546205
0.941591
0.099213
0.528568
0.534704
0.208589
0.986472
0.566788
0.394496
0.602371
0.173763
0.60097
0.531469
0.604284
0.448878
0.452836
0.872529
0.699105
0.595959
0.606017
0.552377
0.973092
0.966883
0.574891
0.583428
0.365338
0.824827
0.199479
0.298068
0.54383
0.108103
0.031038
0.42548
0.522298
0.71628
0.174188
0.569494
0.606102
0.644261
0.405712
0.319075
0.841212
0.778671
0.341639
0.127175
0.699951
0.895928
0.370294
0.167795
0.917479
0.603485
0.920035
0.52694
0.468829
0.179258
0.022393
0.444998
0.179629
0.147828
0.468225
0.493445
0.061598
0.174978
0.387825
0.906106
0.653263
0.887863
0.373497
0.635468
0.205507
0.30399
0.673475
0.841696
0.822023
0.749402
0.92609
0.445459
0.953978
0.200238
0.136943
0.030387
0.862254
0.988061
0.743252
0.488716
0.559275
0.661508
0.576773
0.336704
0.574265
0.179164
0.668377
0.107294
0.188116
0.422829
0.975578
0.621509
0.224569
0.954032
0.384998
0.057403
0.04525
0.080135
0.295071
0.415424
0.526803
0.265538
0.184744
0.017167
0.371183
0.462616
0.611941
0.39965
0.710097
0.112365
0.237674
0.06359
0.300564
0.48696
0.057246
0.844065
0.786421
0.979688
0.160047
0.892524
0.690849
0.635959
0.836182
0.673601
0.851126
0.400936
0.554511
0.688996
0.966343
0.707565
0.970075
0.67417
0.011305
0.455208
0.785265
0.525217
0.352971
0.68549
0.38675
0.460876
0.861852
0.740863
0.453217
0.080642
0.260163
0.131387
0.917796
0.207633
0.979048
0.696647
0.794973
0.439831
0.185905
0.455873
0.312689
0.772885
0.916562
0.247006
0.432799
0.587365
0.336908
0.824265
0.87285
0.242114
0.9585
0.920569
0.398603
0.002274
0.839806
0.62504
0.316789
0.323813
0.052336
0.267672
0.077992
0.189081
0.954651
0.168068
0.297615
0.606909
0.802582
0.021152
0.696332
0.841458
0.532196
0.52872
0.746941
0.876349
0.397805
0.99895
0.396944
0.305358
0.113549
0.413924
0.245828
0.601822
0.242905
0.289872
0.29138
0.252609
0.320059
0.771778
0.067201
0.609145
0.813527
0.825926
0.804641
0.236088
0.089503
0.22954
0.69585
0.055179
0.227035
0.102716
0.721691
0.473057
0.279035
0.347964
0.510203
0.275235
0.201608
0.884379
0.124886
0.721387
0.981757
0.564466
0.030785
0.481282
0.117103
0.827054
0.388007
0.798031
0.762823
0.256034
0.895937
0.412474
0.923442
0.182849
0.686879
0.351099
0.623036
0.437528
0.368071
0.11356
0.720511
0.551996
0.073865
0.329346
0.002901
0.284746
0.832982
0.745566
0.475632
0.692947
0.488077
0.743193
0.544877
0.516019
0.383311
0.235502
0.489725
0.360058
0.535891
0.036049
0.701202
0.626572
0.794739
0.082488
0.755445
0.957707
0.277392
0.884179
0.432313
0.241409
0.700247
0.67137
0.403407
0.808098
0.077415
0.708829
0.818325
0.611033
0.177689
0.959314
0.167467
0.313875
0.009483
0.468584
0.665099
0.086737
0.164575
0.764744
0.146701
0.174897
0.603897
0.317996
0.989086
0.103632
0.553581
0.682153
0.534752
0.873453
0.807381
0.576707
0.979933
0.345632
0.46999
0.66878
0.70717
0.280142
0.251557
0.538675
0.721612
0.084405
0.093024
0.588324
0.966492
0.671593
0.058235
0.196141
0.683135
0.701236
0.17204
0.254779
0.599168
0.814859
0.743224
0.632782
0.720192
0.863427
0.200655
0.273586
0.306954
0.533491
0.558417
0.946209
0.05888
0.194992
0.15861
0.220371
0.568392
0.716926
0.96503
0.569749
0.805128
0.425919
0.712849
0.466316
0.835204
0.233809
0.981735
0.403813
0.282213
0.9412
0.003551
0.918793
0.800823
0.72384
0.031269
0.874132
0.449025
0.180912
0.603849
0.946054
0.547133
0.839436
0.367016
0.871849
0.785317
0.350772
0.882085
0.810227
0.180491
0.834257
0.894098
0.902992
0.657729
0.610591
0.090641
0.228751
0.149566
0.671058
0.188544
0.693458
0.945219
0.798744
0.154681
0.218489
0.9723
0.166603
0.007306
0.519438
0.784835
0.18661
0.896529
0.06244
0.166024
0.941371
0.671292
0.764184
0.205555
0.122574
0.530662
0.541454
0.932055
0.758534
0.911395
0.243758
0.808807
0.696082
0.175165
0.878305
0.295346
0.66206
0.280914
0.7549
0.089799
0.94883
0.951957
0.926964
0.449829
0.006627
0.962259
0.023661
0.111889
0.152069
0.08255
0.002262
0.854125
0.118034
0.908237
0.138637
0.556302
0.683289
0.306911
0.068756
0.364176
0.948168
0.243921
0.33462
0.542788
0.014997
0.130465
0.357066
0.96185
0.681869
0.762808
0.869199
0.476326
0.533704
0.306427
0.809413
0.858358
0.267454
0.163393
0.553308
0.994263
0.406303
0.977651
0.87532
0.839669
0.827273
0.378113
0.014496
0.049578
0.951358
0.286675
0.051885
0.629815
0.080725
0.978813
0.739282
0.094179
0.095376
0.677613
0.809784
0.78622
0.260169
0.292475
0.100045
0.297695
0.664541
0.353253
0.665106
0.916089
0.21432
0.297249
0.088135
0.906189
0.467049
0.556427
0.083297
0.999927
0.598415
0.207358
0.456971
0.75893
0.729102
0.537702
0.068203
0.441014
0.80257
0.274271
0.375518
0.187683
0.755538
0.074837
0.604692
0.150325
0.616615
0.712811
0.187648
0.153618
0.530121
0.633887
0.510995
0.089915
0.294531
0.015516
0.398473
0.418717
0.565251
0.878226
0.294705
0.062789
0.200964
0.098826
0.17107
0.653259
0.390658
0.830066
0.22596
0.345848
0.660959
0.817598
0.524161
0.105405
0.536632
0.515816
0.246525
0.074881
0.618378
0.967052
0.112339
0.882292
0.070449
0.182355
0.279802
0.544076
0.870388
0.709924
0.657111
0.097165
0.046673
0.739745
0.484395
0.174384
0.254352
0.214944
0.714109
0.36898
0.829865
0.911696
0.117853
0.63786
0.32265
0.207829
0.610365
0.360414
0.703926
0.444739
0.889119
0.223481
0.839403
0.868206
0.017729
0.901299
0.759503
0.13685
0.115984
0.553215
0.528967
0.518628
0.081534
0.232969
0.701718
0.712038
0.384272
0.907646
0.149172
0.077106
0.538213
0.444191
0.943021
0.356498
0.478216
0.271441
0.440125
0.762974
0.140778
0.638531
0.913001
0.439776
0.268914
0.644449
0.376976
0.69703
0.79331
0.742689
0.1292
0.080237
0.231952
0.682968
0.810936
0.832475
0.626759
0.358688
0.983581
0.34221
0.902037
0.118313
0.456761
0.702845
0.251207
0.529516
0.663037
0.616447
0.403161
0.447887
0.6735
0.54483
0.008501
0.09485
0.148342
0.916684
0.290354
0.280174
0.588899
0.00028
0.876776
0.150716
0.448463
0.770622
0.680852
0.074735
0.815181
0.139584
0.411964
0.023742
0.271895
0.893442
0.070119
0.69184
0.843247
0.08494
0.055214
0.510208
0.111793
0.087284
0.75582
0.171998
0.408448
0.194014
0.360542
0.207183
0.896237
0.392927
0.507698
0.981989
0.55034
0.16958
0.008486
0.002628
0.32922
0.501634
0.718779
0.412517
0.165769
0.5834
0.645183
0.368529
0.686556
0.619434
0.50794
0.771084
0.756238
0.697897
0.902356
0.925193
0.513642
0.301008
0.257889
0.990906
0.815062
0.503067
0.997317
0.238854
0.724189
0.223185
0.588513
0.35638
0.425504
0.7996
0.385676
0.909094
0.260897
0.437992
0.54273
0.280211
0.081619
0.047435
0.089083
0.526947
0.184677
0.10882
0.554143
0.68592
0.936717
0.355569
0.106927
0.907222
0.629199
0.430089
0.987703
0.061208
0.048296
0.881825
0.489146
0.862977
0.491263
0.544984
0.053917
0.177649
0.106087
0.59919
0.245619
0.784729
0.611469
0.116128
0.193203
0.226468
0.713159
0.476821
0.071173
0.181047
0.382803
0.796992
0.726326
0.602355
0.0828
0.218774
0.893193
0.139289
0.75263
0.41245
0.83682
0.431233
0.530093
0.423149
0.020889
0.452625
0.049416
0.865761
0.383543
0.121518
0.905214
0.927709
0.952687
0.202308
0.504029
0.57538
0.903834
0.126716
0.479042
0.332013
0.824231
0.473785
0.41614
0.422672
0.945104
0.946162
0.05524
0.759256
0.96706
0.938353
0.494587
0.807648
0.059134
0.127668
0.645746
0.569629
0.244913
0.122506
0.91083
0.261627
0.493204
0.859012
0.467138
0.478402
0.469245
0.390979
0.776127
0.010476
0.553773
0.928665
0.77815
0.54189
0.985318
0.326824
0.518509
0.819969
0.135882
0.552312
0.317794
0.559249
0.429973
0.055536
0.962546
0.602256
0.730449
0.883992
0.059723
0.221766
0.101085
0.903983
0.175026
0.438079
0.159885
0.313136
0.062249
0.484162
0.182805
0.356066
0.006103
0.805508
0.09553
0.677895
0.843749
0.848473
0.52758
0.403488
0.648216
0.084874
0.3914
0.762783
0.861864
0.086913
0.928669
0.230358
0.845116
0.232433
0.721531
0.495538
0.877968
0.505723
0.044306
0.981556
0.497175
0.204859
0.382919
0.628456
0.287978
0.835498
0.979214
0.406435
0.726574
0.000949
0.419827
0.736621
0.309025
0.373746
0.76956
0.444001
0.875785
0.727547
0.474022
0.753016
0.645511
0.192595
0.978057
0.935671
0.814072
0.142246
0.823844
0.788501
0.392014
0.029644
0.254604
0.561526
0.133329
0.309224
0.100842
0.101596
0.282834
0.436467
0.256999
0.619879
0.682521
0.333885
0.50619
0.300134
0.225969
0.010985
0.833183
0.913327
0.331133
0.964196
0.584939
0.37925
0.821421
0.301284
0.628683
0.621273
0.099643
0.994512
0.045979
0.761811
0.140974
0.187261
0.144585
0.446947
0.011946
0.056362
0.181863
0.523862
0.889578
0.087459
0.045498
0.373548
0.996719
0.530998
0.04981
0.898634
0.186411
0.35244
0.706268
0.919777
0.826165
0.458591
0.822597
0.22006
0.646005
0.966219
0.814835
0.136419
0.523945
0.973113
0.404497
0.638937
0.003337
0.989309
0.520058
0.702698
0.704309
0.567509
0.904098
0.42204
0.53103
0.462571
0.205205
0.276515
0.921634
0.157692
0.924959
0.433022
0.034372
0.069216
0.903534
0.187473
0.748235
0.526059
0.115165
0.021485
0.704298
0.348855
0.81552
0.384864
0.01356
0.02385
0.601004
0.23265
0.912516
0.396437
0.554461
0.97895
0.76221
0.475874
0.945188
0.626751
0.436226
0.0438
0.542284
0.395988
0.165206
0.357394
0.041146
0.272702
0.675045
0.830813
0.441956
0.85946
0.541716
0.599202
0.936832
0.792295
0.795949
0.328163
0.761277
0.909777
0.263366
0.560941
0.41206
0.248074
0.68087
0.578605
0.024551
0.893516
0.695504
0.359219
0.673517
0.516832
0.122527
0.293206
0.13878
0.892891
0.9375
0.802382
0.895097
0.538574
0.466672
0.269581
0.769053
0.226553
0.907339
0.221796
0.642292
0.936803
0.697807
0.016203
0.471199
0.417848
0.800185
0.18571
0.627388
0.072858
0.125171
0.691556
0.312436
0.496885
0.59722
0.436764
0.11848
0.182755
0.370338
0.98621
0.799751
0.766814
0.281532
0.544636
0.701644
0.669556
0.667196
0.761287
0.89583
0.74905
0.143438
0.541311
0.596913
0.642256
0.153234
0.926438
0.955375
0.906843
0.498731
0.161519
0.116481
0.372418
0.966861
0.135314
0.551016
0.737328
0.767133
0.691269
0.069331
0.424924
0.474075
0.186957
0.357744
0.321209
0.895139
0.358492
0.804151
0.430277
0.566531
0.186176
0.756953
0.304196
0.290296
0.45265
0.607827
0.482144
0.421125
0.052706
0.441412
0.755817
0.043416
0.233347
0.812002
0.112821
0.076315
0.581556
0.079576
0.685903
0.960708
0.926727
0.011933
0.033068
0.646662
0.182808
0.510576
0.157613
0.986752
0.198277
0.071263
0.30169
0.892835
0.66787
0.771903
0.718267
0.534998
0.88684
0.641291
0.665514
0.467836
0.236737
0.32376
0.792327
0.296234
0.152177
0.90795
0.203112
0.929508
0.734152
0.082
0.185699
0.467272
0.643715
0.132875
0.923471
0.874617
0.362184
0.670225
0.99309
0.87441
0.836473
0.613919
0.854415
0.254138
0.639072
0.874914
0.579629
0.86807
0.699515
0.696456
0.764586
0.780712
0.81871
0.283804
0.006027
0.58803
0.609891
0.884987
0.080716
0.478085
0.391106
0.799961
0.140451
0.729957
0.314407
0.882594
0.308883
0.939699
0.650991
0.104112
0.652176
0.448553
0.948739
0.877719
0.122338
0.128183
0.517027
0.072382
0.277928
0.791939
0.20098
0.591276
0.655697
0.49207
0.825851
0.199591
0.034985
0.897478
0.341833
0.203251
0.260741
0.087184
0.54677
0.974071
0.356681
0.899918
0.98292
0.0776
0.558169
0.096983
0.435637
0.225406
0.737286
0.785504
0.090323
0.020381
0.364162
0.135794
0.555991
0.447586
0.774638
0.422819
0.866949
0.447476
0.615988
0.143235
0.72455
0.169067
0.507425
0.907621
0.487364
0.069493
0.671819
0.272098
0.295631
0.892972
0.689636
0.343751
0.122089
0.147785
0.769468
0.047958
0.96179
0.840867
0.53344
0.07808
0.092673
0.422769
0.936668
0.983453
0.830765
0.737511
0.157057
0.673963
0.122398
0.79538
0.415184
0.07797
0.924861
0.829885
0.622787
0.541757
0.555994
0.673279
0.336029
0.273675
0.681126
0.444015
0.185002
0.578983
0.813078
0.518966
0.798858
0.018547
0.587027
0.60313
0.299846
0.408079
0.316502
0.398195
0.6115
0.049752
0.601672
0.763315
0.763796
0.31967
0.197229
0.626517
0.110431
0.901839
0.61834
0.83323
0.5766
0.250357
0.996072
0.007537
0.12057
0.370982
0.597248
0.436778
0.134077
0.230365
0.778255
0.634746
0.982783
0.225408
0.545301
0.990061
0.729474
0.773097
0.352357
0.231334
0.388764
0.174536
0.742375
0.302999
0.842131
0.336157
0.273573
0.301554
0.646341
0.492039
0.993831
0.148026
0.263993
0.339187
0.848962
0.766599
0.022494
0.479362
0.224497
0.320171
0.117849
0.032629
0.461911
0.965692
0.792466
0.413428
0.679513
0.406945
0.443317
0.799114
0.472613
0.611133
0.18404
0.821288
0.063675
0.879912
0.43811
0.209177
0.465162
0.99041
0.267118
0.408095
0.973825
0.844037
0.651901
0.339378
0.303772
0.704843
0.25966
0.541455
0.399347
0.04975
0.335848
0.850399
0.213928
0.421436
0.023408
0.485539
0.032442
0.987732
0.787348
0.847732
0.498985
0.192357
0.816159
0.808297
0.124156
0.540682
0.8215
0.503743
0.310108
0.644199
0.183204
0.282631
0.28027
0.697421
0.964698
0.834384
0.066537
0.005711
0.436126
0.419603
0.867464
0.116278
0.565636
0.520217
0.933952
0.840386
0.118601
0.763969
0.270157
0.04406
0.004626
0.712404
0.97559
0.866634
0.608386
0.862088
0.395251
0.977784
0.112695
0.055704
0.550034
0.239992
0.29694
0.861636
0.124488
0.56997
0.279534
0.723035
0.832425
0.850138
0.302644
0.169918
0.931372
0.988845
0.510146
0.056136
0.677874
0.922384
0.84764
0.229073
0.164359
0.923878
0.266577
0.283446
0.22178
0.210747
0.6625
0.177011
0.594451
0.046435
0.932703
0.539181
0.501962
0.355868
0.220084
0.964752
0.632712
0.133401
0.968488
0.195411
0.949975
0.329583
0.299713
0.309118
0.488531
0.057723
0.024195
0.293506
0.323415
0.635474
0.767535
0.122663
0.070385
0.64014
0.417043
0.655799
0.537125
0.283546
0.50735
0.455069
0.251201
0.909166
0.986662
0.183148
0.278935
0.351219
0.914763
0.193435
0.609534
0.508342
0.458647
0.880237
0.149968
0.389328
0.120421
0.127149
0.278417
0.959359
0.194273
0.871661
0.315266
0.407649
0.750998
0.620165
0.36655
0.682482
0.364336
0.889572
0.204442
0.228595
0.788791
0.467842
0.248667
0.41704
0.130347
0.326431
0.647963
0.929056
0.288107
0.319498
0.440173
0.22039
0.682434
0.426019
0.403012
0.188291
0.152991
0.442415
0.999276
0.058255
0.481872
0.310534
0.424279
0.819383
0.188206
0.959902
0.44632
0.36943
0.182595
0.183137
0.317395
0.079657
0.409262
0.612453
0.095217
0.72821
0.406889
0.721244
0.697709
0.007087
0.731974
0.0645
0.073785
0.441185
0.925836
0.93837
0.693869
0.747323
0.60379
0.370958
0.402077
0.231616
0.598093
0.197649
0.605163
0.088909
0.445582
0.868475
0.183288
0.725267
0.992112
0.974128
0.043786
0.020513
0.989572
0.980626
0.653492
0.489266
0.631936
0.764343
0.68878
0.449475
0.271032
0.055006
0.716938
0.185399
0.223652
0.070889
0.167026
0.012179
0.843398
0.730471
0.810884
0.254949
0.744806
0.738313
0.5305
0.206491
0.951637
0.500087
0.134651
0.040367
0.398258
0.032269
0.291274
0.373359
0.193378
0.166189
0.523765
0.719735
0.784193
0.532665
0.217841
0.855556
0.233342
0.55293
0.119507
0.693422
0.400279
0.038148
0.482196
0.761608
0.276081
0.05885
0.445504
0.620311
0.891095
0.937315
0.380985
0.605906
0.318387
0.695438
0.01821
0.288266
0.48741
0.723539
0.158157
0.288786
0.772225
0.024178
0.646609
0.204568
0.56491
0.136846
0.381162
0.291348
0.309651
0.189332
0.39776
0.907207
0.657334
0.684538
0.352104
0.408003
0.45939
0.341132
0.281936
0.949053
0.752357
0.010346
0.294369
0.900546
0.534409
0.816174
0.803572
0.328985
0.708337
0.388027
0.246553
0.280538
2.9e-05
0.143776
0.38514
0.216252
0.361283
0.030436
0.269341
0.546241
0.975694
0.032244
0.693059
0.713428
0.838174
0.321274
0.765005
0.590592
0.543175
0.90554
0.398191
0.264017
0.665305
0.941961
0.326022
0.533481
0.600538
0.306836
0.184201
0.252509
0.208609
0.643354
0.439155
0.232627
0.563442
0.103506
0.332569
0.37791
0.056177
0.308206
0.777491
0.245684
0.93726
0.568138
0.593096
0.028095
0.934168
0.272251
0.091334
0.851306
0.393311
0.402825
0.225456
0.370427
0.006485
0.937864
0.43663
0.296813
0.010767
0.232084
0.736443
0.893775
0.895956
0.337785
0.676593
0.74767
0.665126
0.407326
0.132776
0.727447
0.997795
0.428612
0.024374
0.294494
0.911554
0.445149
0.727449
0.455729
0.176845
0.063327
0.798955
0.136837
0.893716
0.977059
0.077508
0.058123
0.027083
0.1643
0.462974
0.882097
0.167707
0.977146
0.195313
0.955675
0.817801
0.249234
0.048025
0.556354
0.057024
0.766582
0.098623
0.023103
0.135007
0.39656
0.462426
0.936319
0.239848
0.817198
0.719504
0.438645
0.287956
0.643259
0.238989
0.071633
0.721699
0.449582
0.208739
0.237761
0.145133
0.775371
0.321381
0.47357
0.667491
0.730145
0.711649
0.063415
0.651558
0.129323
0.659511
0.597976
0.736322
0.409763
0.448858
0.404672
0.979776
0.29762
0.733179
0.633846
0.003372
0.593323
0.896861
0.662662
0.52782
0.875319
0.925918
0.874224
0.122141
0.457314
0.964733
0.823414
0.617341
0.410247
0.806607
0.981319
0.71352
0.072823
0.803969
0.077987
0.957327
0.534379
0.647845
0.391087
0.511055
0.832745
0.191823
0.055632
0.140378
0.118942
0.240372
0.565239
0.935487
0.637675
0.857341
0.265487
0.775337
0.157021
0.303029
0.198163
0.142136
0.747955
0.35964
0.637305
0.197085
0.592998
0.994017
0.407238
0.319313
0.855978
0.015966
0.150512
0.203456
0.768882
0.174928
0.567521
0.484686
0.613745
0.008876
0.22692
0.813772
0.294224
0.948432
0.554731
0.707169
0.353911
0.164799
0.968928
0.966139
0.411831
0.938352
0.391189
0.010237
0.814755
0.720944
0.123343
0.323972
0.660787
0.599701
0.512842
0.651425
0.961392