1024 4
0
18
21
198
1019
1
110
259
376
453
2
427
537
747
750
3
29
156
420
548
4
310
812
978
1012
5
321
327
471
570
6
182
438
845
959
7
161
356
550
899
8
327
409
510
1001
9
87
632
653
855
10
300
437
762
843
11
357
484
823
991
12
616
632
739
941
13
42
229
277
742
14
208
217
472
973
15
263
414
437
853
16
269
547
567
731
17
177
296
387
696
18
380
454
609
919
19
113
255
497
845
20
60
279
994
1007
21
28
313
705
841
22
287
570
607
781
23
115
169
269
959
24
133
260
347
615
25
89
179
345
412
4
17
26
356
825
27
380
520
824
863
28
197
531
642
664
29
97
550
685
808
30
471
872
944
975
31
211
449
486
565
32
194
230
873
996
33
119
247
385
778
34
324
459
540
596
35
374
805
824
904
36
65
430
490
677
27
34
37
806
834
35
38
473
585
977
39
348
437
622
693
40
215
350
400
531
41
52
235
388
822
42
109
588
656
937
43
101
268
786
851
44
224
299
365
689
45
362
633
690
866
46
204
382
584
609
13
47
321
329
823
48
162
373
639
852
49
93
475
857
875
50
69
149
759
892
51
338
458
898
946
52
192
603
725
759
53
158
188
599
1001
15
54
216
273
856
55
104
405
512
674
56
120
465
758
1014
15
57
427
442
898
58
176
299
669
702
59
260
599
657
681
60
91
396
849
960
61
115
399
415
810
62
392
407
727
899
63
153
525
703
807
64
786
908
935
943
65
84
426
577
799
48
66
118
147
660
67
294
735
822
885
68
241
569
692
802
69
785
819
856
870
53
70
277
318
983
45
71
287
670
837
72
144
151
673
946
73
301
433
802
823
73
74
304
400
567
75
87
267
335
413
76
597
670
748
805
77
272
596
784
998
59
61
78
208
551
36
79
321
799
989
80
261
404
474
946
81
111
131
266
982
82
157
162
373
900
83
103
388
475
521
84
367
778
1009
1018
85
524
596
711
722
29
86
214
400
476
87
181
246
469
761
48
88
368
703
927
89
169
329
503
990
67
90
414
431
770
91
152
518
852
996
29
92
342
619
673
93
104
291
656
761
48
94
122
326
938
95
290
310
330
926
96
313
678
888
1007
97
210
276
437
935
98
188
588
608
760
99
479
557
717
985
100
372
438
476
977
101
121
296
1002
1003
102
449
476
483
628
103
442
517
577
777
104
192
257
569
640
105
300
628
740
944
106
274
320
557
925
6
107
207
644
651
85
108
366
557
681
109
561
628
662
998
82
110
142
160
273
69
111
237
384
773
112
179
456
585
669
113
239
658
820
983
114
334
552
723
1007
57
115
123
369
825
0
116
665
934
1010
117
299
359
390
845
12
88
118
165
539
119
473
498
627
669
11
120
582
772
775
121
432
550
666
705
122
357
504
909
1009
123
208
669
824
921
124
569
653
723
926
125
162
294
470
578
126
597
623
728
914
127
359
610
637
831
128
163
209
706
717
129
157
821
988
1021
130
293
380
383
416
131
643
670
756
940
132
169
418
628
717
36
133
479
683
743
58
134
152
744
804
135
301
334
581
625
136
147
205
323
802
137
140
316
617
831
138
372
403
410
519
139
424
577
579
617
140
170
392
784
867
101
141
478
494
726
142
245
481
624
664
139
143
505
604
893
144
353
739
873
903
145
203
608
631
794
146
246
413
680
837
102
147
832
846
1005
0
148
262
291
693
149
457
608
766
998
150
650
678
908
1020
67
151
384
637
906
152
515
680
770
895
66
153
346
694
855
154
304
480
511
992
155
361
883
931
1014
156
166
530
703
948
157
217
685
793
965
54
158
485
642
695
39
159
177
351
873
160
389
684
876
939
161
315
465
852
973
71
162
193
215
670
87
163
191
770
1000
164
328
697
738
999
5
165
236
735
953
166
180
796
837
950
19
167
206
416
730
168
514
646
803
1017
112
169
297
856
1013
170
437
460
728
779
171
344
548
708
973
145
172
371
584
702
173
336
462
831
916
174
321
487
568
758
108
175
607
672
717
121
176
424
942
1000
173
177
190
646
658
178
236
543
819
947
179
202
232
343
653
115
180
302
739
959
161
172
181
259
298
182
299
409
502
789
183
203
398
534
622
117
169
184
253
923
60
72
185
318
497
26
172
186
458
496
158
187
317
624
824
138
188
558
629
997
115
189
505
532
798
190
303
799
825
863
191
223
267
429
545
192
220
309
981
988
157
193
235
250
566
168
194
315
319
404
195
302
365
436
811
196
266
292
618
687
99
147
197
717
971
146
198
577
890
920
199
202
258
500
904
53
91
200
250
590
158
201
283
740
761
202
221
525
532
952
203
528
645
653
788
151
204
309
594
988
205
238
278
294
582
90
206
380
488
952
36
53
98
207
722
208
612
749
820
893
209
403
658
874
898
210
272
553
571
610
211
240
522
821
895
212
500
644
675
774
11
213
754
947
996
214
283
622
822
855
51
54
215
290
755
216
307
328
413
514
217
224
240
323
650
209
218
246
483
1021
29
219
388
680
878
220
494
704
767
972
221
678
714
846
850
222
661
766
853
944
155
223
339
410
651
174
224
660
675
968
85
225
236
369
492
226
428
593
784
826
227
233
371
643
840
45
54
228
528
774
159
229
262
717
775
32
230
522
597
633
231
313
437
939
977
5
232
278
437
469
233
415
519
559
971
122
149
234
508
771
82
135
235
862
931
159
236
387
470
984
237
433
438
519
862
23
238
318
611
867
239
289
452
555
559
240
334
468
481
752
69
241
254
476
598
160
242
368
375
521
97
243
621
646
675
236
244
266
441
651
245
690
766
774
1016
10
246
452
908
1013
177
247
638
666
845
241
248
640
974
1012
94
249
502
763
765
13
59
66
250
437
73
251
261
667
1010
252
271
583
847
1017
253
437
638
973
990
76
87
254
368
871
244
255
300
591
645
256
546
629
750
768
122
257
275
321
326
50
244
258
275
774
122
138
259
613
641
166
260
619
630
991
102
139
261
286
749
262
305
471
675
987
19
263
312
845
931
98
264
394
527
947
100
265
722
879
899
51
253
266
301
319
85
267
379
486
934
268
322
410
497
530
15
134
269
286
962
270
361
385
738
942
30
271
732
864
910
78
157
247
272
318
82
192
273
947
969
274
374
764
909
928
275
326
415
433
841
145
276
407
726
800
277
300
414
436
588
257
278
404
549
950
80
151
279
602
925
280
335
836
848
925
63
101
274
281
553
282
369
421
454
966
228
283
530
631
685
58
284
387
440
492
285
417
565
576
717
140
286
356
681
743
287
448
576
693
732
236
288
758
761
925
289
481
616
758
794
290
335
442
716
874
15
38
291
771
865
7
133
292
344
680
69
293
340
560
864
111
276
294
620
666
295
518
704
799
1012
5
296
374
581
1015
297
333
350
458
593
3
298
316
738
750
45
215
250
299
394
300
461
583
822
826
301
315
532
704
841
53
151
236
302
774
189
303
608
713
732
174
232
295
304
886
168
305
438
533
891
27
69
118
306
971
65
132
307
726
734
281
308
387
711
926
309
405
497
524
606
168
188
310
548
890
113
311
400
584
628
58
204
312
753
967
313
514
534
619
835
46
110
314
385
984
113
119
315
505
756
251
311
316
432
668
317
368
596
623
842
18
80
194
318
1020
319
554
701
904
949
275
299
320
490
774
68
119
321
465
536
57
322
374
477
984
323
529
530
922
987
216
324
494
509
795
52
54
325
394
819
39
158
326
593
1022
10
327
803
880
970
165
226
284
328
870
329
624
848
870
914
218
297
330
576
786
26
221
331
561
777
332
527
529
559
894
241
333
411
445
533
297
334
397
555
716
109
335
367
387
982
336
713
864
876
910
337
470
545
619
821
84
270
338
340
494
199
339
580
683
1020
334
340
365
873
877
143
341
429
589
905
241
341
342
536
868
39
281
343
391
1013
23
67
293
344
842
345
352
610
814
1017
309
346
414
571
997
269
347
460
641
893
97
245
348
952
990
24
349
498
514
584
125
350
464
899
1006
64
123
205
351
887
38
169
352
682
841
168
257
353
480
563
136
157
354
712
724
203
338
355
369
787
279
356
648
688
701
225
357
561
656
815
32
358
729
741
820
14
44
359
627
863
336
360
373
864
1013
49
361
429
663
859
362
391
768
940
945
320
363
477
511
759
267
363
364
843
851
290
365
533
634
684
345
366
624
770
844
367
393
421
444
524
123
125
126
368
737
166
369
468
658
850
2
370
545
623
891
265
371
390
804
820
48
164
372
880
952
196
292
373
587
769
128
374
487
637
974
94
236
375
446
515
216
376
441
856
982
246
276
377
703
760
300
378
396
679
712
135
157
233
327
379
29
380
464
874
930
314
381
772
865
991
83
272
382
464
603
27
28
383
871
982
79
342
384
395
551
293
385
679
857
912
52
198
386
417
759
270
387
459
683
711
19
72
388
511
990
118
389
592
934
986
79
390
429
496
969
282
373
391
815
993
337
392
715
903
999
85
393
464
948
964
48
370
394
505
545
264
395
705
711
737
147
364
396
599
693
161
397
456
464
792
55
325
398
582
855
286
394
399
498
771
78
211
400
648
1022
245
258
388
401
950
317
402
596
776
837
129
221
403
869
988
106
124
272
404
581
225
304
405
421
826
245
406
520
574
839
159
407
914
935
1012
336
366
408
514
759
127
409
460
730
881
331
410
665
710
933
272
350
411
590
637
59
412
457
503
821
60
413
476
677
1001
39
154
414
454
910
174
280
351
415
553
147
361
416
670
928
417
451
492
557
904
26
418
469
733
960
88
127
146
387
419
420
450
475
527
695
421
628
696
928
966
422
555
569
624
629
242
358
414
423
903
28
144
424
848
884
40
160
425
480
860
149
426
571
714
993
142
387
427
460
568
121
428
687
761
991
429
514
768
858
873
52
259
400
430
793
132
411
431
524
624
44
82
372
432
525
29
384
423
433
859
235
309
321
434
742
148
435
640
653
700
436
487
523
634
909
260
296
398
437
828
28
438
561
949
1011
76
115
193
439
882
440
528
671
717
730
144
178
441
541
815
76
92
424
442
679
433
443
764
915
1012
36
444
525
673
884
83
445
620
955
984
173
394
446
450
481
72
76
242
447
454
448
589
675
701
955
90
449
804
840
985
243
317
450
968
1017
88
220
451
826
885
9
237
452
489
683
22
201
405
453
900
454
490
514
645
984
190
344
455
481
769
456
458
465
662
715
457
458
732
853
859
14
296
434
458
904
456
459
465
636
923
50
72
216
460
656
30
247
269
461
741
132
286
462
668
980
270
397
463
719
729
386
464
467
534
688
465
674
802
857
974
60
90
132
466
793
15
435
459
467
657
322
468
589
833
988
310
339
469
717
766
90
470
648
821
883
373
429
471
546
792
238
350
472
801
897
14
334
357
473
689
12
383
471
474
792
67
213
475
887
992
12
173
252
476
583
153
256
477
921
1006
209
324
386
478
501
68
479
598
929
967
285
480
588
798
905
378
399
481
873
1004
54
333
482
660
794
174
483
602
671
873
249
267
484
618
752
20
89
424
485
821
279
486
774
815
862
1
484
487
754
847
17
334
488
525
785
269
285
318
489
798
416
490
605
735
947
321
491
702
713
885
3
237
444
492
720
133
453
493
914
976
15
211
337
494
979
495
535
886
937
1002
324
360
496
506
685
64
215
497
531
617
109
206
498
583
829
47
214
499
733
746
381
399
413
500
821
405
501
693
885
958
201
387
502
702
796
95
503
571
625
808
349
504
824
929
995
241
505
730
922
1000
331
497
506
743
873
76
507
761
766
974
90
246
508
601
946
19
103
222
248
509
12
211
510
707
774
217
219
334
511
845
73
469
512
623
966
63
230
513
835
962
59
327
514
931
1001
6
515
760
861
903
395
516
695
845
853
220
404
517
630
730
333
403
518
671
723
108
175
422
519
948
66
520
553
720
802
383
442
521
575
974
64
332
522
648
849
5
209
523
561
764
88
172
524
982
1012
129
525
613
674
899
126
243
281
526
641
193
527
791
909
1000
68
200
228
467
528
54
306
529
732
872
530
634
638
832
929
55
113
152
439
531
168
405
473
532
631
132
146
533
594
1003
229
285
534
564
664
51
166
390
535
751
263
362
536
754
908
34
360
537
636
834
303
373
538
569
667
393
539
584
764
902
399
404
540
623
935
332
485
537
541
783
204
217
475
542
700
69
543
732
768
1011
274
339
544
764
785
192
226
372
381
545
67
546
577
730
863
385
437
547
564
814
496
548
605
699
795
216
381
527
549
570
274
385
550
645
869
396
469
551
922
926
121
287
325
499
552
257
461
553
711
767
308
434
448
482
554
205
274
306
377
555
147
197
451
556
588
44
557
752
753
915
185
341
558
738
891
157
214
559
588
1012
32
57
560
694
929
67
72
382
561
774
84
122
421
562
833
259
361
526
563
690
373
409
440
564
695
432
565
598
905
985
36
41
69
566
986
191
234
567
821
875
145
568
644
680
763
173
484
569
599
695
84
147
501
570
935
92
311
530
571
735
418
572
706
717
972
111
573
589
727
843
379
525
543
574
914
67
575
593
691
880
348
402
531
576
1009
400
533
577
666
741
95
334
499
578
712
177
230
422
564
579
331
431
580
1002
1017
8
407
581
821
1004
446
574
582
598
935
181
359
583
773
953
199
281
584
829
908
1
310
344
585
741
341
498
586
639
936
48
196
314
434
587
34
100
275
588
891
226
319
373
585
589
123
570
590
636
653
474
539
591
620
696
68
359
592
673
896
346
593
617
784
953
211
231
572
594
874
401
567
595
802
989
1
371
477
596
610
293
597
773
817
885
113
598
667
686
852
458
592
599
627
828
81
429
452
600
976
420
549
572
601
991
91
543
602
868
978
40
308
331
603
916
154
595
604
714
769
34
108
400
605
870
25
409
606
757
776
333
502
607
802
847
212
233
372
608
895
175
609
611
622
990
21
31
54
510
610
222
611
651
670
778
365
506
612
736
842
202
229
241
613
701
28
184
512
614
734
294
615
652
702
966
151
409
616
687
881
24
287
617
1002
1005
145
316
384
618
714
188
505
619
621
895
412
476
620
760
873
20
299
621
628
804
441
550
561
570
622
330
456
623
724
855
424
624
659
684
930
136
303
416
625
923
97
366
626
740
818
25
182
399
588
627
4
152
430
628
774
282
528
629
657
690
47
459
630
694
923
294
349
386
631
740
19
632
672
714
868
342
497
521
633
694
121
614
634
753
937
182
280
493
568
635
144
304
636
836
992
274
342
442
637
959
347
350
415
638
982
90
370
440
639
794
283
346
425
640
976
11
129
245
641
892
242
344
363
642
894
110
581
643
726
950
644
690
705
775
787
270
376
505
645
1010
103
536
646
760
944
25
322
386
647
805
243
591
610
648
728
470
478
649
698
844
160
219
351
650
839
20
67
94
651
985
471
596
652
769
854
81
537
593
653
825
654
656
712
913
988
536
581
655
850
979
322
614
617
653
656
93
346
525
541
657
39
65
311
477
658
362
539
659
788
869
20
360
362
660
672
315
588
661
903
986
47
160
367
457
662
47
280
301
663
742
381
415
531
606
664
114
435
665
732
840
180
363
380
666
996
87
111
661
667
861
80
191
497
504
668
370
669
776
812
979
153
378
454
670
953
307
347
671
678
739
16
70
174
409
672
212
214
293
673
925
105
183
330
674
1021
22
327
341
425
675
86
676
766
898
957
434
470
534
677
757
20
67
515
678
963
30
233
351
595
679
194
396
442
524
680
420
508
636
681
769
27
217
305
546
682
53
222
595
683
721
262
638
684
822
949
15
463
573
685
876
172
613
682
686
980
351
368
510
687
700
251
494
653
686
688
118
466
499
689
818
272
690
967
980
994
79
486
691
834
983
100
250
371
692
831
284
584
602
693
993
347
453
579
581
694
124
692
695
783
872
177
236
546
696
792
196
206
597
697
981
185
471
565
698
807
100
699
793
800
830
77
231
310
620
700
171
532
588
701
783
146
366
557
702
994
404
530
636
685
703
96
141
324
648
704
139
350
397
705
951
171
642
701
706
719
237
423
623
707
862
541
628
708
876
979
84
116
125
544
709
434
636
710
823
993
132
711
802
814
866
699
712
759
827
923
130
420
496
713
756
142
322
466
714
920
454
574
715
977
1012
56
176
485
682
716
123
269
614
717
875
9
42
176
718
826
313
719
778
872
902
398
508
520
672
720
128
157
299
721
895
129
453
694
722
733
501
514
723
782
884
259
553
651
724
763
161
255
411
636
725
25
345
631
726
796
4
44
208
727
898
323
431
680
727
728
211
296
369
729
898
66
204
730
836
1018
206
316
731
844
896
28
72
324
486
732
316
347
397
733
1019
49
124
734
780
849
33
75
91
471
735
334
574
592
665
736
546
578
592
737
934
309
553
738
804
918
137
174
739
756
999
97
374
400
461
740
174
254
377
689
741
59
72
684
716
742
253
665
742
743
791
240
418
744
802
909
174
205
577
745
933
309
329
478
691
746
245
561
621
649
747
37
582
678
748
825
40
227
270
429
749
135
579
738
750
836
279
470
751
772
937
62
215
673
752
804
103
404
631
753
851
169
178
754
878
953
204
699
755
855
952
113
381
486
564
756
246
494
706
757
942
158
308
408
758
936
193
759
882
940
978
233
401
445
541
760
128
721
761
773
805
31
158
236
734
762
130
763
773
917
981
29
645
764
883
934
14
514
765
805
822
78
144
625
766
942
80
232
438
767
886
132
525
625
768
970
98
215
444
610
769
367
451
770
779
954
55
246
771
802
830
329
615
772
786
809
23
533
606
773
917
55
77
648
756
774
207
306
407
579
775
160
642
774
776
938
590
722
756
777
915
2
163
264
512
778
120
276
431
779
847
248
628
780
811
910
302
741
781
799
838
161
243
429
782
966
179
410
729
746
783
88
346
400
708
784
93
600
756
785
903
225
244
412
625
786
5
194
332
785
787
99
390
729
788
1000
0
789
791
991
1005
24
276
359
790
798
32
549
654
791
897
508
708
792
928
973
4
258
307
436
793
711
744
794
1007
1008
136
343
662
795
863
37
132
291
796
809
342
797
829
943
1014
0
88
243
667
798
288
798
799
935
956
107
295
434
764
800
376
660
801
805
969
289
321
369
802
809
162
340
803
870
1016
55
82
160
483
804
278
671
710
805
923
43
178
305
519
806
199
736
807
846
1014
454
694
700
769
808
5
33
72
200
809
238
324
459
810
999
81
89
475
521
811
188
481
575
812
935
12
98
348
430
813
686
814
862
919
1007
123
722
815
820
867
181
470
546
744
816
68
257
448
817
851
80
356
402
818
917
50
360
570
819
1014
151
283
350
527
820
26
82
256
522
821
739
822
879
980
982
110
251
620
632
823
186
371
528
824
901
372
576
684
772
825
251
475
482
612
826
167
344
827
921
988
265
438
559
828
853
162
300
793
796
829
41
156
405
541
830
259
388
588
619
831
165
548
631
832
909
491
595
661
671
833
14
250
486
834
920
102
720
835
846
901
418
539
654
670
836
79
260
646
788
837
41
48
180
427
838
236
312
698
788
839
161
194
293
642
840
422
568
786
841
897
107
319
405
737
842
261
632
708
758
843
28
42
694
844
940
622
734
747
767
845
72
117
120
423
846
134
324
452
542
847
126
253
728
783
848
270
444
580
849
913
326
406
850
925
930
264
381
398
769
851
8
164
189
610
852
170
199
392
429
853
238
638
854
967
989
30
357
407
634
855
337
378
835
856
863
36
190
444
603
857
56
161
399
652
858
375
592
728
859
901
233
271
315
822
860
23
248
454
775
861
38
525
862
916
933
29
453
478
571
863
25
190
336
556
864
332
662
666
865
988
337
477
567
658
866
593
672
847
867
868
280
513
644
846
868
180
201
702
817
869
61
127
203
870
875
315
820
871
917
975
32
231
580
823
872
19
277
660
858
873
610
702
790
874
895
328
606
843
875
985
52
180
729
876
952
216
343
369
877
989
141
275
853
862
878
363
373
434
640
879
112
184
348
460
880
422
815
824
881
940
217
569
716
882
992
88
269
664
728
883
50
626
798
872
884
318
614
885
889
955
449
869
886
888
940
245
390
457
464
887
194
355
470
888
890
23
129
632
871
889
287
355
439
890
999
94
249
320
560
891
161
395
457
590
892
421
517
859
893
1010
728
796
832
894
934
320
405
775
895
1003
422
495
528
896
1012
104
312
336
678
897
186
494
625
878
898
424
557
579
899
927
188
224
235
347
900
241
581
888
901
943
348
593
666
783
902
66
456
903
910
959
215
514
720
766
904
38
364
519
877
905
457
819
836
906
949
241
368
608
817
907
42
421
801
828
908
144
409
909
922
939
118
266
434
694
910
46
712
732
898
911
431
500
554
622
912
100
694
756
800
913
131
431
699
914
935
114
499
675
915
1002
178
315
381
796
916
380
430
437
504
917
175
208
420
555
918
438
626
808
827
919
729
812
816
920
944
231
244
449
556
921
324
355
695
918
922
116
477
531
782
923
355
529
608
830
924
207
212
370
646
925
509
615
630
926
988
41
583
634
684
927
450
682
821
908
928
171
380
586
769
929
661
767
831
859
930
511
773
800
931
1010
106
199
826
932
979
628
748
851
933
961
69
396
663
866
934
182
765
793
867
935
78
654
661
690
936
12
53
82
273
937
472
506
547
721
938
211
366
853
918
939
44
589
705
716
940
106
582
690
909
941
53
147
171
663
942
4
266
465
744
943
100
432
520
919
944
7
196
772
831
945
55
536
781
883
946
207
240
698
947
994
385
546
800
858
948
374
500
549
949
1017
53
461
475
478
950
707
728
757
834
951
430
484
736
750
952
6
639
652
797
953
47
306
313
954
961
345
742
955
960
1008
338
584
694
713
956
155
293
510
733
957
256
267
907
958
1000
192
251
502
590
959
144
336
703
960
983
151
222
265
571
961
114
262
735
818
962
72
99
383
817
963
48
743
822
873
964
58
342
447
857
965
17
612
762
919
966
119
158
232
552
967
359
372
539
611
968
63
183
266
417
969
25
156
765
841
970
88
156
674
866
971
5
147
272
557
972
162
212
391
799
973
301
737
779
845
974
388
551
804
975
1001
357
470
760
771
976
163
196
411
699
977
27
251
716
756
978
568
633
891
928
979
23
222
237
365
980
121
462
507
692
981
221
391
442
982
991
46
523
722
764
983
119
702
804
881
984
99
133
150
216
985
61
473
567
986
999
50
197
953
987
1000
481
550
717
920
988
100
246
397
694
989
301
422
579
637
990
244
422
679
776
991
32
508
519
684
992
308
588
672
941
993
604
711
941
942
994
112
215
509
835
995
291
381
509
564
996
145
630
779
962
997
40
206
333
985
998
282
735
799
892
999
175
592
926
995
1000
85
467
503
952
1001
27
122
599
765
1002
211
265
318
453
1003
684
696
722
946
1004
21
513
544
894
1005
259
725
799
961
1006
38
389
726
831
1007
253
279
635
668
1008
209
625
724
835
1009
100
508
704
997
1010
134
175
223
579
1011
5
23
349
454
1012
179
261
608
666
1013
231
482
622
660
1014
116
549
799
954
1015
395
757
798
870
1016
327
545
644
719
1017
56
60
346
579
1018
177
398
433
838
1019
158
395
579
992
1020
374
520
590
881
1021
214
595
790
967
1022
336
686
980
1009
1023
0.499854
0.951504
0.63721
0.613367
0.300002
0.176735
0.77833
0.507999
0.544535
0.385853
0.130647
0.483527
0.334915
0.06215
0.270021
0.328011
0.661116
0.297412
0.123672
0.17417
0.105257
0.679307
0.875951
0.383471
0.985999
0.023945
0.231146
0.050973
0.560674
0.858802
0.001291
0.63138
0.806756
0.037531
0.796914
0.6219
0.682333
0.66679
0.87605
0.450488
0.117146
0.020903
0.952628
0.563706
0.037575
0.84958
0.747721
0.549833
0.652008
0.77913
0.368227
0.747397
0.672166
0.519232
0.256282
0.795642
0.330621
0.2334
0.102272
0.159539
0.241668
0.715681
0.988312
0.738418
0.112588
0.027559
0.258697
0.371485
0.870419
0.317929
0.602025
0.891795
0.971973
0.121953
0.090477
0.320631
0.6895
0.605335
0.211595
0.449699
0.404265
0.124728
0.574545
0.998759
0.529155
0.443845
0.509117
0.167692
0.019555
0.756712
0.362878
0.704376
0.806391
0.558557
0.336962
0.858774
0.475627
0.286682
0.964804
0.755932
0.814952
0.97991
0.198497
0.097421
0.057867
0.233533
0.638891
0.151573
0.947291
0.276059
0.718624
0.452525
0.432593
0.287283
0.53248
0.290423
0.723431
0.991609
0.867071
0.426369
0.089834
0.586087
0.161339
0.413067
0.908766
0.552059
0.766545
0.916281
0.653869
0.741971
0.095849
0.78529
0.697172
0.849527
0.14355
0.117375
0.851748
0.939112
0.935653
0.302542
0.295632
0.308045
0.822729
0.367475
0.351843
0.550834
0.381818
0.276409
0.831994
0.861518
0.816642
0.38117
0.96312
0.200734
0.096804
0.288631
0.318934
0.484404
0.762886
0.401693
0.684934
0.179457
0.432548
0.300527
0.535225
0.162207
0.784488
0.291082
0.280494
0.964099
0.408723
0.795961
0.908446
0.655643
0.994287
0.056427
0.705693
0.231325
0.910418
0.818473
0.033978
0.232661
0.652578
0.207249
0.326297
0.717204
0.919371
0.36333
0.598694
0.211513
0.417213
0.554791
0.613249
0.02707
0.761769
0.835413
0.912174
0.060228
0.047702
0.669603
0.570826
0.025671
0.884391
0.420074
0.567507
0.061779
0.406729
0.615017
0.713471
0.424185
0.82068
0.416037
0.697791
0.166797
0.857274
0.950045
0.71157
0.256392
0.430401
0.110973
0.080269
0.151634
0.926602
0.448928
0.238945
0.646728
0.839529
0.424681
0.039931
0.548661
0.310436
0.102589
0.142368
0.684247
0.130877
0.502994
0.319632
0.626812
0.528308
0.871836
0.856948
0.257005
0.855675
0.773073
0.279016
0.003876
0.036927
0.073566
0.058023
0.401854
0.769876
0.717227
0.661293
0.583236
0.992254
0.155634
0.623949
0.496597
0.286702
0.927223
0.423289
0.969913
0.593643
0.267317
0.456568
0.49387
0.151172
0.337125
0.911516
0.981032
0.029072
0.14392
0.196482
0.98157
0.327457
0.289194
0.989248
0.527751
0.602596
0.298157
0.695775
0.010346
0.699902
0.356437
0.471328
0.970114
0.563366
0.544183
0.279162
0.221827
0.600106
0.519908
0.856662
0.086747
0.074036
0.998557
0.012799
0.52352
0.660956
0.466448
0.56172
0.922862
0.519446
0.603148
0.300871
0.547779
0.357483
0.547975
0.230658
0.665095
0.551091
0.487628
0.704956
0.948451
0.246172
0.069073
0.834159
0.910805
0.240035
0.768074
0.015031
0.453187
0.392218
0.880145
0.112533
0.852592
0.538767
0.605803
0.374766
0.430343
0.695165
0.777725
0.412804
0.55421
0.324037
0.575743
0.593292
0.770244
0.584176
0.507074
0.740167
0.221302
0.245605
0.051428
0.338379
0.305403
0.79431
0.093401
0.546048
0.387537
0.566726
0.353939
0.370008
0.602375
0.467406
0.1047
0.8388
0.205885
0.106966
0.931312
0.35731
0.428612
0.476013
0.832261
0.756395
0.231197
0.753913
0.95847
0.334302
0.090164
0.104807
0.883109
0.009462
0.12267
0.612988
0.571149
0.004359
0.104784
0.527485
0.131414
0.443204
0.925246
0.89781
0.890659
0.807065
0.382317
0.914394
0.443393
0.504098
0.643081
0.799069
0.268209
0.683963
0.821025
0.557432
0.442627
0.423704
0.070519
0.760102
0.322667
0.815533
0.850223
0.576415
0.386023
0.081033
0.907212
0.668323
0.315667
0.600618
0.235567
0.423049
0.349886
0.883921
0.411149
0.179466
0.96822
0.040009
0.325593
0.942326
0.614709
0.989443
0.157694
0.627029
0.864705
0.526764
0.61973
0.704244
0.422136
0.725089
0.763217
0.386684
0.443262
0.609759
0.144122
0.867307
0.155272
0.511738
0.765238
0.431686
0.147052
0.938284
0.740262
0.567047
0.651894
0.802252
0.423104
0.54133
0.602153
0.575162
0.058549
0.701314
0.897189
0.456656
0.864233
0.409728
0.36029
0.302533
0.671736
0.876939
0.083693
0.013627
0.187325
0.467035
0.105538
0.286802
0.413494
0.978938
0.026161
0.810504
0.698121
0.631702
0.61939
0.444138
0.144005
0.18792
0.652219
0.754648
0.500025
0.430081
0.915998
0.131769
0.406672
0.686478
0.575496
0.420254
0.28419
0.476047
0.518969
0.72506
0.23878
0.63001
0.955774
0.362894
0.326379
0.786449
0.988974
0.828203
0.986416
0.552655
0.190402
0.071938
0.568724
0.502755
0.138443
0.333374
0.176471
0.497432
0.015445
0.792245
0.703995
0.839987
0.117052
0.586559
0.333679
0.979229
0.41117
0.254453
0.572899
0.819201
0.551533
0.198205
0.237979
0.259666
0.348607
0.407196
0.666909
0.802701
0.217059
0.885516
0.316139
0.595423
0.223738
0.143989
0.334798
0.451796
0.746145
0.445743
0.499423
0.171804
0.994427
0.634151
0.651165
0.703454
0.548173
0.315014
0.642848
0.938706
0.527648
0.052756
0.031912
0.85598
0.302273
0.065455
0.908545
0.935552
0.530232
0.027262
0.456219
0.03758
0.806089
0.668635
0.586407
0.561659
0.054997
0.701292
0.982372
0.493074
0.972316
0.20303
0.57763
0.476266
0.771713
0.814581
0.139308
0.593003
0.845513
0.937033
0.766631
0.768139
0.057346
0.801692
0.552851
0.319345
0.910497
0.135902
0.045248
0.874164
0.058813
0.03913
0.289345
0.021547
0.894734
0.094378
0.723342
0.726603
0.125084
0.576546
0.610137
0.871669
0.315609
0.585922
0.523743
0.969171
0.966196
0.642864
0.244353
0.849858
0.172027
0.360088
0.366999
0.568709
0.343792
0.822804
0.662637
0.703185
0.777476
0.386544
0.03788
0.954809
0.701638
0.152688
0.070598
0.520725
0.386718
0.9927
0.506364
0.193118
0.795825
0.482717
0.206592
0.175363
0.157385
0.46173
0.4978
0.503734
0.221235
0.416677
0.103595
0.870489
0.970937
0.852121
0.702711
0.629505
0.996544
0.296204
0.871374
0.11396
0.380029
0.096182
0.214831
0.019093
0.269888
0.014919
0.085015
0.816722
0.264239
0.724506
0.707491
0.63612
0.55524
0.77238
0.318971
0.424777
0.152
0.424128
0.95717
0.215087
0.065214
0.512201
0.330978
0.752554
0.771575
0.659954
0.33708
0.743453
0.973546
0.711101
0.682871
0.040471
0.037545
0.86921
0.306738
0.012105
0.819703
0.527623
0.13441
0.662697
0.73739
0.575381
0.707727
0.715698
0.050303
0.384369
0.281999
0.609328
0.650256
0.927949
0.922021
0.191927
0.130442
0.131826
0.810469
0.312728
0.637783
0.209664
0.660541
0.602134
0.56395
0.04641
0.618567
0.992536
0.11903
0.393373
0.979441
0.41051
0.258886
0.894892
0.478874
0.860808
0.52316
0.907562
0.38134
0.459778
0.654465
0.016276
0.361828
0.017873
0.276467
0.528847
0.218009
0.729786
0.934541
0.918574
0.349152
0.417943
0.910821
0.880318
0.454273
0.802141
0.455501
0.865848
0.067675
0.955636
0.981409
0.440524
0.552088
0.675887
0.043844
0.27915
0.201034
0.764525
0.891538
0.097382
0.638888
0.143551
0.995503
0.192986
0.989251
0.445106
0.813343
0.923197
0.181387
0.477278
0.560164
0.695062
0.466874
0.120038
0.302282
0.836348
0.896511
0.685466
0.123383
0.306772
0.624318
0.807062
0.678014
0.818069
0.709384
0.754644
0.387708
0.430225
0.614837
0.904946
0.895194
0.764542
0.272771
0.737111
0.132211
0.462604
0.886
0.337147
0.765757
0.444315
0.060229
0.980061
0.149059
0.849091
0.873292
0.49741
0.489499
0.684689
0.705376
0.512208
0.172368
0.326114
0.91959
0.427165
0.877505
0.501622
0.932702
0.383822
0.945019
0.986489
0.618587
0.074475
0.605026
0.717373
0.469602
0.579818
0.228431
0.739459
0.548835
0.984965
0.665686
0.984625
0.446367
0.002371
0.340698
0.657363
0.182658
0.118721
0.293427
0.350886
0.21361
0.935861
0.893742
0.513931
0.042542
0.172128
0.251926
0.857105
0.096873
0.561959
0.711218
0.173967
0.738943
0.138745
0.176135
0.109158
0.378087
0.80986
0.392556
0.680016
0.947101
0.026951
0.624622
0.17299
0.048326
0.603111
0.186183
0.22779
0.035706
0.757581
0.977143
0.487422
0.751031
0.857514
0.127803
0.606784
0.811974
0.839964
0.225481
0.632095
0.870623
0.944758
0.464224
0.96978
0.322159
0.511794
0.395495
0.941864
0.363991
0.587788
0.432221
0.210624
0.845283
0.273699
0.34457
0.524344
0.337397
0.357907
0.203387
0.698088
0.589008
0.88299
0.796759
0.516817
0.794773
0.164932
0.833392
0.858775
0.795345
0.47362
0.835365
0.821395
0.842762
0.172243
0.68809
0.947331
0.330511
0.576907
0.335727
0.503383
0.695093
0.681651
0.499317
0.121069
0.849146
0.710659
0.058999
0.929684
0.838831
0.130947
0.43277
0.853336
0.452768
0.143665
0.11153
0.488255
0.180091
0.536077
0.051759
0.033264
0.911194
0.592443
0.819899
0.101115
0.301425
0.243019
0.554405
0.88511
0.776344
0.015689
0.977283
0.718575
0.724674
0.872789
0.305606
0.745791
0.174328
0.458194
0.755581
0.194869
0.237593
0.06245
0.906016
0.180081
0.094039
0.497003
0.060748
0.198519
0.451835
0.70795
0.251992
0.769825
0.669185
0.31975
0.762129
0.79444
0.800608
0.86083
0.929995
0.864374
0.906248
0.073785
0.859532
0.655076
0.638906
0.767532
0.234381
0.50335
0.152172
0.326987
0.498415
0.379827
0.212573
0.620629
0.703728
0.16733
0.399223
0.468499
0.132046
0.958028
0.324825
0.410984
0.677752
0.998847
0.673704
0.293401
0.938896
0.666974
0.937636
0.983625
0.074585
0.227912
0.694442
0.686722
0.234918
0.896146
0.064839
0.103223
0.146841
0.621876
0.382004
0.594843
0.849245
0.316783
0.236202
0.734547
0.478328
0.233587
0.449971
0.05661
0.849006
0.0666
0.61598
0.806044
0.423353
0.817998
0.523923
0.083462
0.075961
0.049238
0.401124
0.355354
0.696654
0.979841
0.882802
0.45497
0.921013
0.590967
0.674564
0.658848
0.986007
0.490306
0.176274
0.265854
0.546043
0.571573
0.101853
0.711467
0.56285
0.963912
0.619136
0.927114
0.845226
0.605387
0.768386
0.35747
0.237644
0.151968
0.113931
0.762596
0.188573
0.79979
0.275138
0.370552
0.044179
0.061002
0.092336
0.494835
0.869198
0.650787
0.678344
0.741399
0.663672
0.652358
0.327945
0.942354
0.972053
0.08462
0.887026
0.733487
0.558657
0.287829
0.560806
0.437242
0.660544
0.056979
0.495484
0.687058
0.869233
0.774252
0.338065
0.556191
0.841147
0.107121
0.099203
0.381632
0.29027
0.930756
0.369627
0.757354
0.312285
0.788025
0.625866
0.656287
0.970599
0.906816
0.315154
0.884039
0.220289
0.742937
0.865555
0.33984
0.786741
0.355676
0.126967
0.205786
0.091207
0.888641
0.565465
0.297555
0.374784
0.730829
0.985618
0.953792
0.539477
0.435275
0.699516
0.711398
0.405883
0.000143
0.270589
0.883421
0.162565
0.888654
0.714009
0.738548
0.144031
0.649725
0.572055
0.560854
0.768924
0.486735
0.908688
0.601
0.038755
0.884821
0.57435
0.30496
0.273897
0.081635
0.472997
0.297155
0.345224
0.169387
0.58055
0.938074
0.602395
0.553645
0.647947
0.751337
0.547668
0.719543
0.77126
0.910854
0.378324
0.948914
0.036831
0.929845
0.481608
0.826483
0.655041
0.975093
0.792557
0.891699
0.213732
0.299256
0.507911
0.33203
0.678077
0.288794
0.459265
0.495004
0.46247
0.044479
0.634016
0.076069
0.732181
0.627905
0.81349
0.646286
0.765819
0.123663
0.579046
0.760502
0.931986
0.840551
0.881366
0.316782
0.851995
0.728066
0.40524
0.524101
0.095447
0.737287
0.79633
0.430775
0.375473
0.984143
0.012028
0.104303
0.952111
0.592573
0.026008
0.792842
0.631337
0.983029
0.668384
0.305138
0.375155
0.125827
0.463504
0.837583
0.40164
0.991
0.079457
0.299982
0.327101
0.235324
0.555046
0.518215
0.144381
0.275772
0.123927
0.124808
0.184996
0.455916
0.851786
0.095073
0.542727
0.152882
0.206757
0.101945
0.93166
0.476772
0.345958
0.844459
0.720432
0.189024
0.391013
0.66958
0.075458
0.659164
0.474301
0.744919
0.689741
0.11664
0.429333
0.33886
0.567542
0.781573
0.342836
0.255059
0.399977
0.519285
0.489571
0.666816
0.872212
0.444842
0.583837
0.171736
0.814104
0.485971
0.173836
0.332735
0.394256
0.17349
0.340218
0.50516
0.389555
0.649687
0.388421
0.399346
0.236122
0.295005
0.24287
0.849395
0.05642
0.370932
0.533453
0.215547
0.320455
0.041649
0.501294
0.370406
0.707692
0.578732
0.894735
0.289328
0.192169
0.459384
0.22208
0.432769
0.980123
0.829715
0.689077
0.50073
0.265716
0.646994
0.554734
0.197604
0.825781
0.176706
0.660766
0.403325
0.825573
0.050262
0.059825
0.168961
0.226999
0.446818
0.922354
0.012524
0.806225
0.463521
0.690433
0.721848
0.184023
0.985665
0.393143
0.226079
0.695504
0.390837
0.497431
0.921505
0.479898
0.207933
0.745296
0.643919
0.4388
0.704567
0.499286
0.121266
0.220705
0.620072
0.479221
0.179453
0.453905
0.203365
0.741947
0.369302
0.946776
0.453603
0.052061
0.794093
0.824907
0.301774
0.967192
0.679908
0.341413
0.332889
0.907415
0.903904
0.213655
0.891283
0.916001
0.040694
0.579881
0.9826
0.462474
0.228581
0.054477
0.125025
0.373388
0.530141
0.543579
0.083501
0.214347
0.859444
0.19084
0.212766
0.433827
0.038343
0.31473
0.331647
0.608026
0.147541
0.85809
0.970114
0.538449
0.930083
0.686818
0.630844
0.753149
0.068798
0.620346
0.946874
0.063325
0.685911
0.271138
0.713061
0.18268
0.428822
0.362059
0.717159
0.554837
0.637371
0.568875
0.023557
0.596259
0.155171
0.572633
0.540952
0.086166
0.893721
0.663361
0.399756
0.556821
0.365166
0.861278
0.734303
0.877089
0.255801
0.745489
0.32071
0.543567
0.576601
0.879488
0.965388
0.056588
0.66679
0.0917
0.72184
0.62195
0.871635
0.818
0.528131
0.214843
0.385956
0.397405
0.2527
0.352593
0.474127
0.336503
0.346783
0.054761
0.297596
0.777157
0.554616
0.219797
0.43855
0.185528
0.377321
0.504715
0.744592
0.374158
0.871311
0.57033
0.317836
0.922645
0.749386
0.065173
0.52639
0.782756
0.172661
0.892366
0.773433
0.66068
0.50672
0.867928
0.723019
0.664205
0.470769
0.796757
0.39466
0.02992
0.42585
0.861123
0.184325
0.854771
0.717778
0.06962
0.242203
0.963566
0.504921
0.481867
0.972444
0.07092
0.768415
0.146153
0.444066
0.985137
0.859053
0.802445
0.627255
0.023428
0.240157
0.200006
0.707737
0.317664
0.377469
0.46078
0.578617
0.620711
0.002103
0.785136
0.889994
0.958464
0.502163
0.158429
0.434354
0.399679
0.165954
0.437209
0.859786
0.149182
0.787502
0.093317
0.371503
0.776397
0.638643
0.798199
0.685993
0.965157
0.973977
0.830317
0.945756
0.742135
0.484978
0.806043
0.480083
0.705139
0.557945
0.435907
0.298386
0.678374
0.857736
0.411217
0.885262
0.911269
0.692639
0.794033
0.298353
0.134259
0.395297
0.072533
0.097771
0.335425
0.948848
0.467977
0.372
0.100026
0.440556
0.316389
0.909716
0.369388
0.696484
0.191661
0.022501
0.018002
0.501992
0.686429
0.861758
0.07058
0.394173
0.96921
0.083652
0.949664
0.076796
0.355366
0.74542
0.030673
0.247208
0.829518
0.478987
0.104965
0.885014
0.011809
0.411643
0.09288
0.096074
0.351007
0.478063
0.443463
0.674817
0.209745
0.955395
0.405689
0.28518
0.825352
0.523824
0.213128
0.474146
0.532335
0.617087
0.110987
0.619561
0.773993
0.728707
0.994503
0.667993
0.033299
0.790912
0.109694
0.352331
0.320319
0.36126
0.147914
0.462959
0.147733
0.662591
0.931348
0.569983
0.460231
0.154214
0.315221
0.755853
0.373765
0.505218
0.502367
0.686539
0.64067
0.713002
0.049061
0.168148
0.246668
0.295451
0.567243
0.717015
0.19829
0.669556
0.74772
0.998807
0.925087
0.215194
0.421309
0.542194
0.282737
0.054524
0.841298
0.509676
0.824706
0.406234
0.356648
0.70355
0.797269
0.616459
0.536392
0.082785
0.51505
0.669734
0.35264
0.053231
0.62266
0.219773
0.82684
0.981
0.569311
0.60637
0.315112
0.818766
0.327475
0.05964
0.773591
0.711028
0.505791
0.750018
0.428236
0.715183
0.939403
0.169259
0.654843
0.365463
0.174607
0.587189
0.444804
0.041557
0.627122
0.797688
0.662604
0.521232
0.121687
0.305719
0.705067
0.311594
0.549381
0.743132
0.429001
0.697011
0.05365
0.077103
0.925905
0.663189
0.379069
0.425195
0.460676
0.676458
0.887191
0.845803
0.162889
0.032909
0.817062
0.396928
0.553698
0.21828
0.701067
0.938141
0.578111
0.899023
0.247231
0.427401
0.948001
0.718462
0.95657
0.508407
0.849616
0.03943
0.08796
0.524085
0.864645
0.423957
0.227999
0.739899
0.396027
0.788743
0.937555
0.845533
0.709831
0.55209
0.757087
0.390471
0.451084
0.323169
0.199403
0.996589
0.223963
0.367729
0.274013
0.914028
0.910821
0.900368
0.17971
0.10069
0.829171
0.004462
0.256835
0.435731
0.637446
0.557581
0.271363
0.455264
0.509717
0.848732
0.041507
0.20375
0.520666
0.486836
0.465352
0.974837
0.389535
0.437818
0.223562
0.654193
0.496966
0.818322
0.430803
0.759973
0.499247
0.211401
0.752974
0.245165
0.681326
0.037167
0.109551
0.140692
0.442536
0.637437
0.58768
0.78558
0.542584
0.214622
0.092175
0.948729
0.786093
0.496811
0.479103
0.559222
0.471203
0.246633
0.796924
0.259727
0.202107
0.179394
0.929966
0.423636
0.904745
0.021585
0.424468
0.305609
0.65639
0.762685
0.968364
0.765513
0.207901
0.941758
0.628426
0.98829
0.417884
0.827912
0.069096
0.289288
0.256439
0.915661
0.376071
0.173833
0.995249
0.078639
0.500844
0.040043
0.309809
0.663062
0.232883
0.488501
0.454914
0.581033
0.25529
0.328806
0.223011
0.474336
0.81121
0.59583
0.472177
0.942399
0.193366
0.008973
0.686282
0.383614
0.511874
0.696802
0.116325
0.681618
0.587323
0.400582
0.157519
0.432419
0.075966
0.483234
0.288393
0.134778
0.907542
0.779644
0.424672
0.387583
0.294511
0.438158
0.173134
0.882438
0.581315
0.764868
0.950678
0.29618
0.760237
0.060039
0.994544
0.395693
0.798769
0.739564
0.519231
0.558709
0.597656
0.521201
0.541415
0.099178
0.201542
0.113137
0.838915
0.69834
0.68083
0.001646
0.728259
0.954731
0.949071
0.03652
0.383083
0.98509
0.387337
0.320264
0.380755
0.840385
0.890682
0.174208
0.40125
0.510095
0.152324
0.452616
0.592989
0.855386
0.961055
0.426427
0.697936
0.04673
0.310299
0.993628
0.327276
0.117696
0.878409
0.399118
0.428112
0.479431
0.734088
0.066796
0.038316
0.198554
0.530155
0.904365
0.103797
0.72705
0.067184
0.077678
0.123199
0.177971
0.459473
0.562077
0.06702
0.93685
0.182957
0.666218
0.81445
0.462273
0.928857
0.91015
0.737477
0.69177
0.383222
0.418613
0.431731
0.866964
0.574898
0.375972
0.818377
0.394181
0.181684
0.97752
0.210212
0.221752
0.668309
0.060537
0.623364
0.135512
0.562714
0.99626
0.946833
0.395769
0.896827
0.709016
0.803909
0.927651
0.186447
0.715558
0.711629
0.042197
0.824369
0.416124
0.273098
0.655091
0.561997
0.164835
0.617769
0.429088
0.314136
0.550492
0.049981
0.38925
0.195309
0.805764
0.296918
0.433638
0.935443
0.750341
0.123214
0.25316
0.748224
0.390855
0.306371
0.65921
0.894129
0.625683
0.527515
0.142931
0.141581
0.716435
0.758858
0.302699
0.581498
0.619805
0.983776
0.612224
0.409892
0.469766
0.033285
0.686004
0.290024
0.066314
0.92343
0.686003
0.802996
0.811616
0.821227
0.556355
0.067094
0.807614
0.131882
0.802383
0.700299
0.236683
0.726021
0.52724
0.242334
0.406802
0.112594
0.689157
0.651213
0.885234
0.238007
0.189628
0.105224
0.620751
0.646698
0.334704
0.810487
0.243363
0.789305
0.98229
0.15108
0.38254
0.254365
0.938774
0.067915
0.588376
0.468341
0.985731
0.606534
0.118895
0.47768
0.017286
0.219788
0.674646
0.138196
0.493419
0.020286
0.792427
0.649012
0.304804
0.137561
0.085982
0.844185
0.971271
0.985094
0.371129
0.395124
0.124109
0.67644
0.04564
0.719358
0.589958
0.277803
0.174403
0.040298
0.150197
0.462522
0.251156
0.488663
0.948317
0.455549
0.536266
0.243253
0.1384
0.890826
0.02845
0.626234
0.102739
0.021143
0.809111
0.638112
0.929723
0.819442
0.012614
0.183122
0.135286
0.242616
0.32414
0.347511
0.529424
0.816806
0.655117
0.729404
0.311119
0.796988
0.903508
0.406561
0.068843
0.637646
0.542376
0.813849
0.228517
0.358956
0.042347
0.749864
0.806071
0.300483
0.030645
0.458798
0.319723
0.717937
0.019544
0.550127
0.056497
0.4885
0.456884
0.652407
0.907961
0.760268
0.351969
0.856506
0.112003
0.63267
0.287597
0.680084
0.592595
0.832967
0.714678
0.751939
0.710095
0.802389
0.757792
0.170108
0.047216
0.573682
0.190577
0.153699
0.563867
0.637295
0.058561
0.01452
0.743266
0.664152
0.376
0.54
0.727937
0.294246
0.958437
0.974264
0.365107
0.632944
0.471483
0.332331
0.340428
0.517124
0.023529
0.949675
0.073919
0.832667
0.798183
0.06324
0.984337
0.554427
0.999173
0.217255
0.794626
0.72
0.684118
0.214465
0.953542
0.425282
0.642587
0.511384
0.878918
0.916891
0.778052
0.802585
0.287463
0.714957
0.306392
0.842021
0.839785
0.863755
0.913998
0.619614
0.99432
0.905089
0.854138
0.840282
0.149089
0.697582
0.726141
0.807668
0.500538
0.019257
0.989757
0.026835
0.59011
0.348617
0.691323
0.406471
0.709195
0.537529
0.931454
0.954419
0.258543
0.400805
0.260342
0.891438
0.691631
0.636295
0.600141
0.338134
0.264418
0.206138
0.498985
0.841346
0.110369
0.499844
0.611399
0.005211
0.118769
0.022718
0.040561
0.06796
0.639872
0.471814
0.012743
0.103063
0.005656
0.149099
0.636816
0.314335
0.584386
0.983
0.190094
0.923377
0.771231
0.732862
0.417741
0.627113
0.263748
0.220047
0.823468
0.741851
0.928147
0.495303
0.186073
0.069781
0.412932
0.727037
0.120159
0.696624
0.940419
0.516332
0.122031
0.49492
0.512399
0.44937
0.639571
0.869248
0.461995
0.316976
0.171318
0.297919
0.531763
0.059233
0.855613
0.841312
0.47127
0.330934
0.289443
0.959227
0.165258
0.165749
0.942552
0.188566
0.320574
0.670748
0.423336
0.667195
0.406913
0.433314
0.551192
0.427513
0.604543
0.338639
0.345955
0.235095
0.694835
0.292822
0.066398
0.518373
0.456345
0.281738
0.97709
0.049764
0.295279
0.932277
0.898124
0.408099
0.680021
0.008907
0.523961
0.496734
0.860661
0.934895
0.858849
0.463061
0.749357
0.4738
0.695536
0.872571
0.79318
0.817495
0.815792
0.681676
0.434341
0.61584
0.837297
0.540137
0.087322
0.12403
0.738083
0.109809
0.941456
0.102183
0.126409
0.306967
0.847157
0.032235
0.227553
0.338188
0.622028
0.913155
0.902306
0.175312
0.962517
0.764285
0.064173
0.611488
0.566963
0.797149
0.431878
0.476033
0.341788
0.299256
0.928217
0.471357
0.656863
0.36443
0.932711
0.787141
0.394592
0.942549
0.094519
0.142249
0.694137
0.950708
0.732745
0.319661
0.001976
0.291803
0.41954
0.098792
0.933867
0.016035
0.864689
0.347311
0.971425
0.023434
0.202705
0.810959
0.831784
0.471171
0.800908
0.265513
0.277637
0.578587
0.429033
0.152629
0.849331
0.976111
0.91925
0.691469
0.559788
0.564549
0.582132
0.003194
0.676891
0.705216
0.509356
0.937224
0.08752
0.44504
0.656929
0.375999
0.531669
0.692882
0.403005
0.758208
0.194872
0.546495
0.821979
0.864773
0.599812
0.539617
0.053432
0.029368
0.192057
0.11572
0.700584
0.389862
0.711071
0.658982
0.370913
0.6077
0.991673
0.700151
0.431117
0.12952
0.840676
0.852619
0.778564
0.155419
0.024267
0.325822
0.849576
0.952801
0.452785
0.377677
0.665053
0.651837
0.021678
0.608637
0.071298
0.088985
0.31128
0.042118
0.817592
0.554109
0.795514
0.274673
0.177281
0.35265
0.578794
0.513952
0.678011
0.368151
0.082323
0.311538
0.774309
0.836711
0.460485
0.341036
0.185342
0.884956
0.873457
0.265042
0.48603
0.774013
0.077559
0.363883
0.279394
0.640408
0.580201
0.988861
0.272179
0.993854
0.252218
0.832275
0.236174
0.696136
0.792485
0.916859
0.650561
0.585293
0.777994
0.121139
0.808556
0.195137
0.938185
0.067421
0.355962
0.66284
0.267193
0.433438
0.240902
0.014819
0.247518
0.514267
0.196559
0.497096
0.81273
0.944615
0.608183
0.277587
0.813058
0.916758
0.385125
0.546699
0.713451
0.334202
0.419583
0.013218
0.15315
0.468406
0.688654
0.038275
0.02797
0.120296
0.489821
0.574973
0.23664
0.503239
0.226687
0.258358
0.952127
0.659157
0.358659
0.640983
0.009827
0.963449
0.105252
0.711915
0.790461
0.479073
0.159357
0.687776
0.731638
0.469491
0.831449
0.295575
0.303194
0.694699
0.452742
0.113889
0.517875
0.793732
0.334282
0.580309
0.459953
0.037737
0.176803
0.270924
0.01083
0.868527
0.014921
0.0261
0.031988
0.615351
0.964792
0.832329
0.208558
0.716804
0.10273
0.141345
0.459238
0.803656
0.614368
0.655082
0.266172
0.302641
0.472939
0.051908
0.028267
0.219507
0.060161
0.4667
0.991084
0.787087
0.895848
0.652996
0.623699
0.60274
0.826104
0.004039
0.576216
0.421264
0.183973
0.79527
0.142682
0.819816
0.093267
0.902473
0.971982
0.889516
0.42844
0.397272
0.423332
0.798059
0.54262
0.218809
0.508469
0.608381
0.579524
0.808005
0.501681
0.616961
0.034449
0.988232
0.986965
0.279811
0.15169
0.95563
0.774631
0.632572
0.156813
0.959164
0.665348
0.640616
0.243522
0.486418
0.330581
0.161584
0.517312
0.005673
0.299371
0.779759
0.866378
0.74856
0.190017
0.249178
0.585445
0.442367
0.26582
0.421669
0.918989
0.144088
0.412796
0.251987
0.830636
0.992749
0.789881
0.533612
0.597307
0.037967
0.160224
0.995012
0.186801
0.724226
0.286668
0.817365
0.362989
0.34376
0.981681
0.539013
0.276742
0.126395
0.518819
0.824054
0.680913
0.226333
0.138124
0.80541
0.779
0.681354
0.885986
0.272929
0.491663
0.08975
0.977563
0.727799
0.420967
0.185455
0.874434
0.87743
0.021836
0.254624
0.109949
0.438925
0.3379
0.60104
0.786942
0.588103
0.216864
0.556473
0.335617
0.393352
0.773057
0.416831
0.676767
0.00351
0.615418
0.628576
0.447244
0.426119
0.258917
0.9959
0.816607
0.815981
0.394206
0.344876
0.068427
0.360648
0.653958
0.854378
0.188241
0.66095
0.894075
0.469431
0.187582
0.527032
0.255524
0.801823
0.733474
0.81837
0.949888
0.698714
0.662345
0.200164
0.428386
0.610268
0.147196
0.224538
0.406409
0.487263
0.790513
0.04047
0.75702
0.564943
0.872016
0.079156
0.839593
0.747559
0.885429
0.075531
0.017536
0.617948
0.81849
0.084237
0.425532
0.892547
0.015069
0.118631
0.247187
0.366657
0.351065
0.478484
0.897547
0.178393
0.003846
0.869236
0.967963
0.958975
0.111824
0.058379
0.059061
0.916766
0.084644
0.698565
0.462154
0.989911
0.894521
0.328433
0.199873
0.221352
0.431048
0.326885
0.099983
0.872
0.246843
0.828777
0.358915
0.074774
0.517409
0.643586
0.350073
0.592775
0.183227
0.976052
0.404788
0.753518
0.934299
0.116977
0.144226
0.699393
0.367891
0.381271
0.539377
0.613643
0.222472
0.37729
0.094693
0.147963
0.429686
0.824345
0.610347
0.282473
0.332783
0.7199
0.688189
0.406549
0.700155
0.672682
0.261581
0.606543
0.320097
0.656056
0.679143
0.70996
0.27459
0.748701
0.127507
0.719222
0.343451
0.196264
0.526939
0.17786
0.996071
0.191966
0.21003
0.839634
0.338528
0.61941
0.470845
0.747883
0.396361
0.046667
0.250748
0.970049
0.099582
0.261474
0.996722
0.035341
0.491139
0.906424
0.188909
0.825986
0.476768
0.131226
0.875788
0.833441
0.229842
0.606578
0.188073
0.759944
0.905352
0.176314
0.601652
0.853413
0.881315
0.734283
0.754657
0.062899
0.556751
0.749647
0.809655
0.701117
0.879128
0.09448
0.510187
0.755098
0.465608
0.063056
0.811024
0.095718
0.393827
0.550808
0.365703
0.119542
0.889505
0.569829
0.594391
0.571155
0.571062
0.52648
0.973575
0.675627
0.406558
0.135793
0.167991
0.311358
0.681777
0.33721
0.512267
0.548149
0.37737
0.829152
0.622635
0.563829
0.45176
0.581824
0.303464
0.054841
0.764043
0.524404
0.299847
0.300863
0.608829
0.854555
0.536045
0.499207
0.280066
0.743718
0.356113
0.791409
0.697335
0.868722
0.04743
0.159111
0.268815
0.412182
0.383679
0.394892
0.287401
0.725024
0.711862
0.751312
0.88634
0.88084
0.993395
0.446932
0.894672
0.030836
0.365992
0.755348
0.135781
0.72769
0.548477
0.459071
0.344454
0.682199
0.792144
0.724004
0.06227
0.154022
0.932548
0.053075
0.857151
0.897545
0.220206
0.901104
0.830839
0.237408
0.942643
0.884064
0.73649
0.883235
0.064745
0.53671
0.542948
0.96856
0.3621
0.779528
0.061911
0.231188
0.817504
0.972892
0.269619
0.47673
0.504263
0.540985
0.44765
0.452244
0.955779
0.458568
0.437709
0.147217
0.981357
0.761827
0.200413
0.990291
0.576882
0.845193
0.917368
0.078502
0.546231
0.116704
0.949184
0.863885
0.347573
0.55358
0.168445
0.724183
0.645091
0.999694
0.13924
0.40108
0.048338
0.806101
0.753952
0.53587
0.846809
0.596529
0.423624
0.880172
0.538412
0.415672
0.424075
0.523828
0.809032
0.701225
0.320863
0.232623
0.901377
0.041082
0.796435
0.98678
0.076184
0.772319
0.988699
0.049526
0.449122
0.177809
0.891755
0.011041
0.814372
0.491
0.205511
0.372973
0.762902
0.778678
0.030051
0.480714
0.557212
0.651689
0.191976
0.636605
0.658427
0.396891
0.262008
0.975389
0.345803
0.163459
0.635614
0.751996
0.876302
0.902438
0.196279
0.845121
0.557897
0.517536
0.265979
0.765616
0.105839
0.761687
0.973263
0.864504
0.707824
0.084332
0.535724
0.739678
0.907306
0.847407
0.761922
0.263621
0.914748
0.994409
0.336059
0.762677
0.205243
0.511579
0.327653
0.771203
0.479349
0.906974
0.755852
0.94856
0.546035
0.808958
0.371685
0.064639
0.781733
0.416849
0.467752
0.916773
0.709116
0.679721
0.44151
0.003144
0.449148
0.397859
0.426311
0.627413
0.682809
0.307837
0.605063
0.483156
0.947076
0.110442
0.222593
0.751366
0.340791
0.280115
0.490748
0.464468
0.966076
0.234468
0.312906
0.330006
0.703356
0.745198
0.188166
0.181296
0.375289
0.989026
0.710216
0.23571
0.467908
0.381236
0.081414
0.366957
0.881333
0.872017
0.617445
0.303332
0.694506
0.840477
0.649452
0.267215
0.613441
0.563639
0.698548
0.613721
0.059443
0.196428
0.05173
0.974567
0.804322
0.904777
0.039881
0.015692
0.691584
0.389475
0.079998
0.91206
0.717321
0.189696
0.246006
0.734364
0.183238
0.687453
0.21585
0.480245
0.288704
0.041558
0.080838
0.909055
0.141332
0.205467
0.717102
0.141841
0.885944
0.1092
0.954697
0.950177
0.747278
0.019885
0.969113
0.668806
0.113974
0.326062
0.252907
0.962964
0.436487
0.747704
0.399178
0.402707
0.596026
0.334877
0.356484
0.58153
0.081843
0.272197
0.984591
0.536002
0.394439
0.403348
0.926989
0.290874
0.311358
0.653398
0.006632
0.451079
0.940387
0.008667
0.4547
0.554311
0.212698
0.741458
0.29148
0.842303
0.769883
0.447877
0.887404
0.55729
0.581702
0.01234
0.045809
0.744037
0.87934
0.535661
0.370714
0.205931
0.34761
0.220915
0.730077
0.848027
0.178664
0.485189
0.39167
0.466098
0.852274
0.012514
0.758797
0.888426
0.391393
0.402201
0.75737
0.207146
0.233617
0.196564
0.563737
0.949352
0.876681
0.034588
0.360372
0.733729
0.352899
0.318372
0.557325
0.731268
0.675221
0.307875
0.484273
0.258595
0.174649
0.473963
0.555131
0.980754
0.403028
0.079425
0.231283
0.238091
0.019474
0.186244
0.327512
0.152837
0.737974
0.552966
0.429536
0.422996
0.108239
0.706799
0.820466
0.99672
0.71297
0.654735
0.218652
0.619981
0.716715
0.210584
0.809514
0.151819
0.891054
0.564893
0.481423
0.817494
0.502735
0.153537
0.119897
0.504303
0.535009
0.419586
0.201706
0.120166
0.335399
0.440504
0.800543
0.57066
0.289845
0.016814
0.479049
0.737655
0.475275
0.203421
0.91514
0.756395
0.263682
0.371746
0.441513
0.66408
0.76365
0.415474
0.438677
0.134484
0.371678
0.390486
0.746293
0.386376
0.105858
0.857034
0.141955
0.471062
0.934727
0.383511
0.566435
0.420859
0.553251
0.779166
0.200891
0.052292
0.459078
0.766717
0.464368
0.148764
0.940129
0.071235
0.819025
0.974306
0.762742
0.198226
0.027969
0.695971
0.92581
0.442788
0.063772
0.923036
0.077628
0.361031
0.080761
0.26527
0.516952
0.748804
0.310494
0.973603
0.366778
0.122961
0.846023
0.054189
0.264012
0.03539
0.015171
0.667139
0.983816
0.348317
0.368686
0.786883
0.639031
0.08346
0.255053
0.72978
0.807383
0.473006
0.642727
0.460786
0.097535
0.642824
0.71704
0.849098
0.295588
0.648719
0.376708
0.714785
0.01687
0.272705
0.562004
0.603499
0.912558
0.787842
0.591644
0.711608
0.71241
0.781456
0.710614
0.281197
0.398528
0.004838
0.92375
0.963578
0.958945
0.264819
0.879991
0.025108
0.185518
0.022797
0.917401
0.980331
0.312462
0.946456
0.097928
0.549603
0.897314
0.841805
0.989908
0.503491
0.750393
0.498198
0.343453
0.4253
0.318439
0.538469
0.94215
0.800191
0.861811
0.897216
0.874756
0.695091
0.941285
0.746764
0.530329
0.526647
0.904655
0.471215
0.141753
0.799971
0.409815
0.82704
0.977458
0.53677
0.533656
0.483258
0.401111
0.563754
0.524723
0.831514
0.263114
0.601796
0.594921
0.093615
0.263889
0.565274
0.658993
0.781237
0.705954
0.45005
0.473224
0.786399
0.605744
0.609376
0.482279
0.846687
0.592219
0.200772
0.386019
0.811828
0.722943
0.615165
0.121953
0.711599
0.326818
0.145516
0.022269
0.26503
0.275534
0.562083
0.046319
0.901497
0.045104
0.645481
0.325893
0.365795
0.273519
0.052741
0.314581
0.702892
0.588068
0.893838
0.618408
0.476678
0.417651
0.153693
0.588255
0.185496
0.972768
0.58674
0.690849
0.287862
0.94014
0.556535
0.74399
0.353601
0.822661
0.589421
0.94622
0.243416
0.608682
0.796038
0.221573
0.830935
0.219405
0.725685
0.399749
0.794118
0.510748
0.834896
0.872907
0.945926
0.097785
0.621209
0.78852
0.157825
0.142286
0.194346
0.02268
0.404071
0.477751
0.939038
0.920725
0.820927
0.43057
0.819736
0.420615
0.421632
0.334086
0.215989
0.027141
0.628509
0.202582
0.150273
0.886787
0.465347
0.720153
0.288145
0.403007
0.279112
0.063325
0.759995
0.431237
0.195313
0.454325
0.465109
0.647841
0.637216
0.949064
0.816642
0.78203
0.148144
0.946984
0.878299
0.187697
0.379374
0.183393
0.199202
0.45027
0.428225
0.75472
0.463894
0.26744
0.211878
0.316718
0.43229
0.599106
0.210308
0.723575
0.44232
0.552146
0.293422
0.926428
0.474451
0.030773
0.525066
0.25585
0.418265
0.048894
0.39564
0.29809
0.436342
0.591999
0.481132
0.312729
0.227391
0.71121
0.36345
0.905541
0.329933
0.264545
0.145721
0.547873
0.492648
0.401699
0.377645
0.16188
0.6581
0.470427
0.685584
0.968194
0.432488
0.658635
0.488333
0.133333
0.414047
0.905515
0.597778
0.055224
0.197487
0.051683
0.367501
0.353885
0.566602
0.092645
0.266876
0.649823
0.071901
0.559181
0.416582
0.057303
0.330143
0.799322
0.82906
0.136578
0.951364
0.957344
0.617995
0.356826
0.983728
0.303068
0.434616
0.114492
0.561207
0.113383
0.039881
0.275471
0.084935
0.143771
0.320055
0.507952
0.094769
0.368517
0.153591
0.509745
0.325745
0.738672
0.620705
0.1109
0.233196
0.877152
0.505785
0.794536
0.468935
0.891116
0.447653
0.225247
0.353234
0.39932
0.966007
0.67625
0.223043
0.444753
0.028766
0.3897
0.634812
0.392289
0.369688
0.154994
0.051835
0.946789
0.158895
0.21721
0.626247
0.892684
0.056608
0.740326
0.483984
0.908076
0.324234
0.726632
0.522026
0.164744
0.59102
0.670197
0.440533
0.918401
0.711476
0.366435
0.12167
0.162894
0.348116
0.869932
0.933516
0.530828
0.790843
0.749676
0.651852
0.452794
0.122188
0.650744
0.101078
0.492592
0.210074
0.427191
0.367929
0.855646
0.380906
0.065913
0.216273
0.474101
0.397049
0.630126
0.979919
0.399211
0.361146
0.563809
0.831664
0.012005
0.030109
0.495754
0.073633
0.654261
0.510597
0.100174
0.795881
0.939096
0.581336
0.672066
0.913439
0.581403
0.905421
0.034654
0.898674
0.906609
0.636818
0.787298
0.35504
0.372243
0.500002
0.9101
0.763943
0.010376
0.886619
0.191188
0.400787
0.471453
0.630229
0.607249
0.069788
0.305092
0.271225
0.769984
0.248503
0.375503
0.140119
0.530025
0.716184
0.964391
0.636334
0.069781
0.420192
0.601205
0.119554
0.455747
0.934422
0.655972
0.182834
0.229915
0.561803
0.260516
0.001484
0.248928
0.818542
0.197522
0.106763
0.996113
0.955882
0.352087
0.628234
0.381101
0.568917
0.449492
0.750229
0.857421
0.635636
0.489162
0.42464
0.771756
0.185985
0.456791
0.41484
0.831125
0.330549
0.192322
0.158877
0.256472
0.776911
0.524058
0.773728
0.919619
0.043197
0.273226
0.038848
0.763102
0.678877
0.749268
0.234072
0.165406
0.162018
0.348237
0.063459
0.326809
0.978316
0.386938
0.631102
0.948564
0.034739
0.80684
0.456406
0.568316
0.809003
0.880452
0.558773
0.16984
0.09611
0.337525
0.453598
0.448865
0.723573
0.03463
0.728232
0.669378
0.241564
0.185081
0.669084
0.258766
0.012051
0.721087
0.681614
0.888542
0.559275
0.912857
0.432509
0.022676
0.478926
0.849108
0.787531
0.399662
0.035777
0.090159
0.943181
0.321278
0.286519
0.518891
0.292381
0.249024
0.547935
0.926671
0.673426
0.073915
0.172832
0.544375
0.544329
0.263679
0.549631
0.37385
0.42506
0.166367
0.753381
0.621787
0.11368
0.897013
0.903712
0.806506
0.123607
0.432223
0.328122
0.009236
0.210534
0.238152
0.170659
0.440092
0.35123
0.665346
0.38821
0.838466
0.759052
0.186188
0.175381
0.50654
0.57676
0.560685
0.712371
0.051608
0.623091
0.694106
0.759166
0.500149
0.315416
0.966488
0.209763
0.095966
0.65054
0.144789
0.311285
0.713731
0.040045
0.580131
0.046619
0.880188
0.232929
0.276002
0.148057
0.68136
0.602631
0.703931
0.159106
0.309432
0.708457
0.693612
0.585215
0.269902
0.649058
0.863851
0.399132
0.337246
0.578677
0.557969
0.305007
0.686752
0.640579
0.986378
0.438391
0.375876
0.442962
0.143738
0.962563
0.139727
0.195634
0.509072
0.633496
0.542723
0.152159
0.456789
0.922092
0.637132
0.811954
0.916565
0.322782
0.558614
0.775019
0.820118
0.265612
0.284406
0.16275
0.511999
0.614385
0.663278
0.75211
0.855518
0.715171
0.384104
0.186704
0.76373
0.017479
0.682011
0.185976
0.756255
0.433931
0.325817
0.035839
0.707207
0.367519
0.365792
0.509996
0.932253
0.887344
0.688158
0.872195
0.261086
0.385558
0.331315
0.005083
0.928765
0.818683
0.472463
0.544607
0.628856
0.45448
0.681274
0.43669
0.311195
0.387275
0.109633
0.769405
0.32047
0.7346
0.242916
0.243339
0.261201
0.921567
0.412954
0.831542
0.995832
0.285105
0.099126
0.794722
0.525687
0.134888
0.513365
0.575552
0.544189
0.962336
0.339087
0.673727
0.437843
0.418448
0.196991
0.200682
0.594481
0.295369
0.061646
0.239453
0.934194
0.153032
0.106701
0.239812
0.850101
0.439972
0.076802
0.842893
0.655149
0.462487
0.796239
0.096927
0.054386
0.116932
0.346687
0.688278
0.858389
0.264332
0.377752
0.420626
0.962057
0.5356
0.458712
0.208754
0.895528
0.256331
0.187279
0.010043
0.690039
0.807221
0.214273
0.88168
0.589995
0.16397
0.632371
0.004234
0.874468
0.541097
0.03873
0.993665
0.926005
0.704335
0.525567
0.069103
0.009606
0.044042
0.740499
0.680327
0.251738
0.837336
0.327244
0.081961
0.527147
0.356328
0.824674
0.011139
0.1981
0.56416
0.736755
0.881357
0.079464
0.695986
0.013199
0.6035
0.776138
0.02755
0.638793
0.630964
0.10387
0.956184
0.967115
0.619119
0.170409
0.989866
0.617642
0.228764
0.630759
0.189024
0.936938
0.900734
0.916893
0.107654
0.626848
0.078504
0.627929
0.377479
0.928043
0.794162
0.531699
0.650744
0.499128
0.666279
0.86625
0.939292
0.04426
0.86732
0.214135
0.025207
0.950307
0.781023
0.299902
0.834426
0.204503
0.90375
0.198335
0.663623
0.258316
0.294628
0.070412
0.129364
0.279519
0.595969
0.227078
0.696746
0.149597
0.940346
0.527723
0.643344
0.895688
0.397596
0.249533
0.398305
0.135533
0.486676
0.114373
0.334065
0.467533
0.287834
0.645943
0.749176
0.254263
0.908864
0.380683
0.454218
0.29671
0.462464
0.633757
0.46966
0.465005
0.601515
0.158519
0.806301
0.875118
0.527499
0.617825
0.489083
0.725393
0.199839
0.212352
0.107067
0.150176
0.246938
0.201093
0.474928
0.041553
0.998462
0.279862
0.904031
0.946428
0.50271
0.437722
0.330456
0.077123
0.673068
0.665924
0.92733
0.569089
0.812985
0.477866
0.076259
0.254477
0.532222
0.871625
0.717448
0.265562
0.81904
0.762995
0.675441
0.304867
0.565915
0.668051
0.201408
0.255517
0.331533
0.474513
0.814565
0.588596
0.121484
0.558235
0.219617
0.142652
0.849342
0.899985
0.826774
0.808376
0.355241
0.10707
0.185712
0.85092
0.774358
0.742615
0.840422
0.562413
0.398142
0.466433
0.532366
0.769467
0.541665
0.572521
0.823978
0.787397
0.174451
0.927065
0.065634
0.073714
0.092868
0.373709
0.367672
0.743671
0.112311
0.621386
0.774433
0.758721
0.790866
0.48014
0.006582
0.970754
0.203065
0.060183
0.147522
0.079196
0.569607
0.142653
0.711599
0.251069
0.895913
0.735133
0.395979
0.32104
0.456855
0.945763
0.751795
0.851364
0.380943
0.649
0.704717
0.804409
0.812422
0.323587
0.714256
0.929315
0.330087
0.569345
0.071111
0.738274
0.587281
0.360452
0.273636
0.416316
0.687982
0.73654
0.267493
0.187751
0.894033
0.730401
0.0493
0.04498
0.39894
0.495569
0.742232
0.647704
0.167275
0.377486
0.372696
0.731618
0.919405
0.189691
0.859502
0.78525
0.739535
0.113081
0.701728
0.065222
0.94015
0.905055
0.980498
0.578469
0.458389
0.482217
0.609966
0.152967
0.453924
0.416671
0.08761
0.560055
0.044064
0.189762
0.891309
0.013375
0.647706
0.921468
0.12021
0.41409
0.917255
0.305461
0.685369
0.032559
0.119539
0.445801
0.325211
0.228815
0.89954
0.409371
0.352256
0.845801
0.317386
0.45996
0.755743
0.823423
0.674636
0.843617
0.31824
0.729008
0.44363
0.692161
0.218552
0.901188
0.488559
0.934063
0.170424
0.61705
0.654506
0.789435
0.784693
0.588498
0.375087
0.430396
0.764728
0.523189
0.068047
0.605222
0.329219
0.032637
0.761832
0.041369
0.708492
0.365741
0.216125
0.640501
0.443335
0.558046
0.815186
0.393893
0.720037
0.935808
0.001897
0.27075
0.877122
0.380074
0.566316
0.042675
0.856242
0.893133
0.584157
0.941824
0.834241
0.112888
0.520877
0.40213
0.03211
0.90391
0.549605
0.708169
0.951542
0.221128
0.168815
0.019158
0.808603
0.63805
0.670301
0.006507
0.703258
0.423233
0.173748
0.498107
0.335696
0.692902
0.544228
0.681127
0.560325
0.649034
0.202806
0.99486
0.288104
0.392798
0.162531
0.32337
0.25461
0.467947
0.455157
0.58016
0.081806
0.499939
0.176025
0.222061
0.760276
0.776413
0.245998
0.980211
0.488648
0.47241
0.278021
0.922583
0.119229
0.920094
0.160438
0.433428
0.041273
0.635745
0.503569
0.968281
0.74088
0.258842
0.332539
0.086364
0.432942
0.62427
0.942847
0.713294
0.859657
0.328485
0.395908
0.192068
0.649106
0.336483
0.958866
0.23212
0.325999
0.878532
0.384534
0.095478
0.339404
0.260252
0.362328
0.060273
0.91321
0.38511
0.852662
0.269055
0.533389
0.943793
0.914082
0.231808
0.957989
0.221411
0.219122
0.373359
0.637033
0.412471
0.388224
0.692347
0.93151
0.89691
0.840857
0.846347
0.616976
0.635828
0.680505
0.798463
0.568976
0.560978
0.523224
0.841686
0.734928
0.478312
0.840933
0.784263
0.414267
0.216204
0.014643
0.226331
0.50172
0.059261
0.403978
0.334299
0.58948
0.245611
0.271636
0.723071
0.274865
0.838272
0.029837
0.22521
0.786288
0.635467
0.250771
0.654771
0.303984
0.145718
0.823978
0.103394
0.163158
0.695259
0.212794
0.903786
0.429082
0.64567
0.64028
0.761443
0.494039
0.468072
0.118779
0.651896
0.310048
0.61335
0.327945
0.852812
0.508813
0.938658
0.034109
0.068496
0.935379
0.920838
0.163142
0.503709
0.06034
0.9805
0.758691
0.226298
0.994927
0.661278
0.597822
0.210822
0.939394
0.353244
0.364777
0.348722
0.631179
0.187973
0.236827
0.953761
0.369829
0.613016
0.080126
0.760313
0.673024
0.138788
0.625669
0.343198
0.929903
0.194703
0.696689
0.257307
0.193837
0.748762
0.459488
0.820748
0.984478
0.827842
0.266801
0.524998
0.198155
0.880756
0.876795
0.660566
0.175801
0.290643
0.597885
0.21673
0.823909
0.085472
0.509127
0.937229
0.718524
0.435287
0.54712
0.479429
0.447227
0.057201
0.402131
0.832877
0.546788
0.675348
0.374518
0.544697
0.36094
0.92885
0.073369
0.8803
0.912638
0.356149
0.690792
0.413509
0.459303
0.77569
0.124726
0.829454
0.243365
0.052969
0.712549
0.178054
0.061724
0.785617
0.400852
0.93462
0.377264
0.914889
0.543825
0.699528
0.626489
0.082629
0.860378
0.041838
0.354419
0.676477
0.585393
0.549904
0.665096
0.593236
0.941373
0.414774
0.84662
0.506239
0.988822
0.2127
0.607312
0.101713
0.289504
0.362267
0.542277
0.3915
0.43712
0.390975
0.881085
0.383829
0.971889
0.089589
0.844431
0.658847
0.896906
0.979502
0.454284
0.677301
0.559166
0.846976
0.75568
0.228571
0.472883
0.544165
0.798545
0.226548
0.270084
0.980297
0.764058
0.237755
0.551485
0.845449
0.237619
0.042679
0.913021
0.085451
0.018568
0.941917
0.052046
0.532131
0.139709
0.637177
0.082215
0.150077
0.579779
0.232223
0.812035
0.719862
0.172116
0.216166
0.173818
0.321562
0.724645
0.317864
0.853616
0.952956
0.497825
0.944812
0.025995
0.160895
0.150061
0.326248
0.058233
0.796307
0.842796
0.918534
0.509615
0.659672
0.164218
0.997974
0.549166
0.883584
0.369061
0.52163
0.271558
0.079204
0.870808
0.501911
0.443965
0.012455
0.895677
0.617783
0.280624
0.43902
0.819551
0.428605
0.401281
0.599665
0.755431
0.238799
0.460154
0.334646
0.978535
0.806925
0.870374
0.898339
0.613448
0.149373
0.987481
0.154962
0.883201
0.495366
0.035344
0.496378
0.175335
0.089669
0.700986
0.869357
0.586031
0.950793
0.736912
0.440906
0.536948
0.355295
0.487284
0.202435
0.6364
0.760334
0.607627
0.65428
0.947107
0.674043
0.996496
0.68872
0.258165
0.697646
0.57875
0.30426
0.711812
0.108172
0.732377
0.194742
0.250945
0.882905
0.411385
0.731339
0.629558
0.780736
0.433538
0.893057
0.031702
0.463286
0.110835
0.366078
0.923662
0.168122
0.595232
0.767505
0.613961
0.792089
0.07733
0.347514
0.359116
0.724082
0.055258
0.453182
0.219562
0.475386
0.483647
0.157393
0.991046
0.756813
0.096796
0.508408
0.754183
0.359419
0.446624
0.666081
0.965769
0.427944
0.925387
0.012629
0.028836
0.82609
0.425971
0.424759
0.643465
0.222005
0.10359
0.852453
0.629786
0.705023
0.214892
0.74836
0.071553
0.707361
0.400925
0.784601
0.449402
0.705142
0.596048
0.387643
0.338175
0.195723
0.910556
0.680014
0.421929
0.067708
0.573346
0.149865
0.715122
0.727698
0.083446
0.577044
0.08509
0.826579
0.626374
0.998276
0.910435
0.069169
0.11362
0.957601
0.115659
0.079442
0.704325
0.20773
0.450202
0.189929
0.875968
0.45057
0.889625
0.988481
0.021696
0.366196
0.679138
0.783015
0.251364
0.092252
0.730648
0.067987
0.91855
0.123063
0.91909
0.768776
0.760333
0.663302
0.12701
0.0942
0.444648
0.178271
0.154216
0.649569
0.415417
0.64935
0.28333
0.296505
0.084662
0.810941
0.074872
0.944632
0.310656
0.896776
0.101157
0.33465
0.488129
0.513983
0.647319
0.198347
0.170834
0.822501
0.248977
0.796989
0.085862
0.244455
0.794709
0.234485
0.315876
0.112419
0.585997
0.952097
0.808261
0.81362
0.749143
0.762925
0.030859
0.038278
0.477055
0.726664
0.588272
0.677204
0.321562
0.708614
0.263786
0.318608
0.484576
0.878813
0.391493
0.375074
0.680745
0.624891
0.942314
0.264808
0.880781
0.729226
0.703711
0.903838
0.16501
0.408848
0.523998
0.662544
0.914104
0.04982
0.733707
0.802053
0.762563
0.484629
0.526005
0.623986
0.158623
0.192103
0.141955
0.944955
0.029878
0.529703
0.759999
0.20123
0.773246
0.852172
0.304166
0.305347
0.756346
0.541114
0.738587
0.26035
0.858847
0.508046
0.352583
0.804556
0.86808
0.856206
0.985262
0.218151
0.07059
0.417401
0.64667
0.681505
0.119911
0.902251
0.393372
0.261874
0.616134
0.146685
0.133214
0.214313
0.741981
0.7861
0.570471
0.109232
0.755349
0.697337
0.593226
0.055545
0.135332
0.787418
0.853103
0.581238
0.752387
0.733854
0.472278
0.475271
0.149203
0.782012
0.375456
0.439499
0.871644
0.008511
0.948876
0.22939
0.241173
0.146008
0.577494
0.097367
0.282211
0.694896
0.66557
0.009748
0.309492
0.111394
0.267741
0.914803
0.069723
0.30363
0.022393
0.77445
0.974286
0.934374
0.779844
0.075834
0.411615
0.515376
0.370612
0.246185
0.553708
0.687565
0.744237
0.677912
0.321795
0.326281
0.5938
0.386399
0.535969
0.648082
0.943209
0.117898
0.210514
0.405887
0.28871
0.680991
0.204326
0.739541
0.575677
0.512499
0.435021
0.190385
0.207843
0.3263
0.312197
0.840457
0.066556
0.408499
0.715219
0.473047
0.692513
0.675159
0.956813
0.023856
0.008793
0.093885
0.099716
0.309402
0.792895
0.029604
0.590329
0.142139
0.540861
0.832709
0.271531
0.353578
0.599903
0.994029
0.265601
0.441435
0.187527
0.597268
0.879981
0.201059
0.195609
0.561213
0.747365
0.469814
0.801322
0.983103
0.958803
0.27414
0.210744
0.34182
0.854009
0.280473
0.394065
0.681064
0.473255
0.978926
0.148419
0.277908
0.70487
0.140775
0.725217
0.306869
0.643787
0.058498
0.885692
0.7289
0.819887
0.028033
0.093321
0.256111
0.897999
0.732147
0.094615
0.540213
0.974048
0.591168
0.417064
0.821651
0.677799
0.265639
0.319215
0.505378
0.837781
0.035695
0.43131
0.055492
0.242455
0.828893
0.658664
0.009287
0.088986
0.820178
0.032593
0.050252
0.862437
0.765572
0.282137
0.653504
0.460483
0.224856
0.978358
0.737131
0.655731
0.137419
0.78417
0.837228
0.53813
0.3121
0.004531
0.473272
0.8589
0.385674
0.090395
0.936882
0.939057
0.746301
0.496956
0.213917
0.319909
0.741489
0.19482
0.038356
0.229311
0.687364
0.455364
0.489189
0.155414
0.729975
0.668945
0.088142
0.572642
0.079129
0.626845
0.441483
0.327541
0.111816
0.435524
0.06273
0.96166
0.308681
0.656218
0.049259
0.666281
0.105551
0.245952
0.445097
0.883262
0.634804
0.071412
0.891935
0.669191
0.081751
0.545579
0.643266
0.516581
0.140517
0.058347
0.432334
0.493339
0.743394
0.004708
0.282996
0.565148
0.848857
0.084078
0.219261
0.916632
0.042352
0.687877
0.706543
0.659443
0.739578
0.92038
0.452702
0.868233
0.09934
0.011901
0.543186
0.236538
0.471401
0.798136
0.306916
0.724554
0.280305
0.146794
0.190568
0.9998
0.541356
0.990588
0.839724
0.971484
0.81184
0.437564
0.34899
0.424252
0.4006
0.941108
0.966194
0.932945
0.518716
0.725176
0.48024
0.405449
0.484993
0.788028
0.558202
0.419443
0.231727
0.165823
0.977673
0.166825
0.868986
0.020512
0.339096
0.879594
0.802094
0.478324
0.339383
0.800732
0.816774
0.674215
0.20675
0.194119
0.171811
0.940629
0.06919
0.636583
0.487585
0.157555
0.469231
0.566861
0.60186
0.245018
0.360847
0.641824
0.068173
0.166846
0.863883
0.67741
0.700584
0.730722
0.985902
0.153227
0.186424
0.108489
0.644782
0.951768
0.084218
0.819804
0.198269
0.772464
0.918554
0.071134
0.102231
0.692354
0.912062
0.956265
0.587243
0.17117
0.805146
0.255738
0.250281
0.020855
0.517137
0.653068
0.579862
0.504636
0.448909
0.543035
0.630303
0.348671
0.620232
0.709556
0.321415
0.089242
0.361464
0.987059
0.309516
0.147149
0.91594
0.524987
0.313398
0.916026
0.067197
0.3954
0.315112
0.223721
0.901128
0.908565
0.203807
0.908019
0.239902
0.349399
0.118945
0.722116
0.956356
0.864825
0.441682
0.657343
0.930152
0.479896
0.784079
0.658182
0.589021
0.576492
0.450622
0.387482
0.95715
0.150948
0.258524
0.979691
0.086314
0.395809
0.700856
0.430076
0.82018
0.391561
0.922442
0.992023
0.243451
0.248168
0.977453
0.379277
0.172967
0.161613
0.640698
0.212768
0.305352
0.060604
0.141062
0.42804
0.726192
0.804615
0.209019
0.418507
0.880509
0.405388
0.345195
0.56253
0.211315
0.342213
0.981397
0.43253
0.213084
0.988528
0.867194
0.613695
0.633458
0.806247
0.843269
0.808248
0.014696
0.841195
0.145395
0.50345
0.241235
0.088946
0.823643
0.704503
0.024348
0.302174
0.419261
0.150386
0.149948
0.294689
0.025545
0.824662
0.248241
0.271036
0.153328
0.009933
0.664499
0.828279
0.071374
0.298463
0.804233
0.620529
0.244759
0.672246
0.482632
0.986695
0.542185
0.223874
0.886403
0.971593
0.812366
0.584986
0.09409
0.066553
0.71347
0.046405
0.989377
0.005374
0.186334
0.108083
0.778738
0.649529
0.527175
0.870646
0.484123
0.862351
0.587236
0.343505
0.138977
0.2605
0.065627
0.288398
0.407141
0.327125
0.685802
0.416034
0.498947
0.600772
0.780722
0.79672
0.323737
0.344492
0.586299
0.934184
0.849518
0.199787
0.669405
0.510356
0.26005
0.339923
0.408841
0.030891
0.866917
0.705965
0.140821
0.324653
0.604168
0.733374
0.609687
0.126255
0.80176
0.687267
0.524406
0.8823
0.704342
0.742106
0.658416
0.174206
0.60196
0.965828
0.673457
0.98053
0.619336
0.919314
0.121476
0.585516
0.487227
0.842989
0.397159
0.004466
0.361913
0.199186
0.69342
0.986415
0.648389
0.56647
0.974594
0.926499
0.886884
0.698216
0.492284
0.254008
0.414027
0.710603
0.559729
0.966919
0.13636
0.251809
0.549838
0.420917
0.418434
0.944449
0.71877
0.368751
0.148344
0.284095
0.350714
0.286164
0.930437
0.916685
0.88039
0.758552
0.64772
0.182849
0.408954
0.786877
0.255476
0.324642
0.081874
0.771452
0.255153
0.333239
0.152655
0.866153
0.212984
0.315961
0.360249
0.977386
0.045344
0.476232
0.037613
0.626136
0.593259
0.997103
0.548622
0.024925
0.142821
0.832504
0.612731
0.852972
0.49837
0.566747
0.911317
0.482028
0.446643
0.098566
0.440005
0.397578
0.356545
0.566796
0.237235
0.900208
0.892046
0.545538
0.576356
0.075869
0.768942
0.486622
0.986343
0.75202
0.328369
0.297637
0.659346
0.189292
0.896499
0.31705
0.911435
0.615824
0.564848
0.125943
0.129632
0.225994
0.2691
0.398823
0.408287
0.467036
0.805341
0.026778
0.664587
0.688169
0.291876
0.403739
0.166769
0.414308
0.04892
0.194661
0.040837
0.755108
0.655432
0.968317
0.796856
0.969979
0.55824
0.217871
0.769957
0.856697
0.029848
0.753207
0.386754
0.573612
0.380899
0.801817
0.600416
0.077323
0.618628
0.289985
0.552205
0.699685
0.330827
0.542928
0.470513
0.697986
0.30104
0.136421
0.38561
0.261204
0.298004
0.015184
0.224226
0.998692
0.491156
0.493744
0.341857
0.585196
0.355894
0.183361
0.602022
0.628112
0.370097
0.466278
0.279575
0.265391
0.284946
0.83204
0.341289
0.997208
0.767064
0.30083
0.045835
0.869575
0.023095
0.105043
0.423422
0.710577
0.96888
0.714001
0.502001
0.018138
0.799144
0.725413
0.506855
0.207685
0.701602
0.80332
0.633082
0.473495
0.091443
0.087141
0.269184
0.841469
0.981074
0.502872
0.618483
0.180697
0.009822
0.642627
0.406358
0.071818
0.458151
0.676896
0.548849
0.631025
0.220957
0.480318
0.813008
0.21845
0.397664
0.5973
0.343414
0.562105
0.688261
0.085375
0.843198
0.667907
0.389426
0.808495
0.294378
0.861303
0.888038
0.712324
0.053513
0.154203
0.348466
0.869122
0.408823
0.407692
0.128344
0.806719
0.692807
0.152343
0.385176
0.252832
0.338661
0.381284
0.446534
0.808937
0.390114
0.589589
0.088898
0.45137
0.955672
0.853682
0.873581
0.303851
0.875974
0.508981
0.202962
0.167598
0.622224
0.830539
0.394586
0.847252
0.925898
0.455641
0.063982
0.086405
0.460678
0.142124
0.510257
0.242816
0.307701
0.011158
0.518338
0.96899
0.126148
0.980351
0.838874
0.726398
0.259273
0.187027
0.286831
0.302658
0.188513
0.677118
0.120638
0.543843
0.239613
0.280775
0.476151
0.023182
0.358633
0.584859
0.200352
0.541749
0.819834
0.88298
0.755369
0.881987
0.075347
0.785074
0.25033
0.373139
0.136989
0.926386
0.994991
0.274285
0.98724
0.747746
0.385374
0.49661
0.922749
0.558575
0.907729
0.21231
0.140621
0.518662
0.23729
0.837049
0.050024
0.060219
0.085142
0.112396
0.904508
0.18926
0.156441
0.868204
0.15934
0.233323
0.485403
0.077443
0.367115
0.318388
0.807712
0.529288
0.849854
0.764331
0.993693
0.478606
0.521908
0.916396
0.185163
0.282533
0.733177
0.891258
0.298879
0.477473
0.925981
0.24626
0.367872
0.975563
0.916433
0.898293
0.314264
0.150202
0.646274
0.243607
0.430232
0.880285
0.981046
0.031988
0.471834
0.34509
0.204739
0.766622
0.818307
0.519603
0.968439
0.437095
0.604496
0.823422
0.871782
0.414418
0.943334
0.675869
0.412515
0.132626
0.20973
0.843016
0.931164
0.800094
0.676011
0.506323
0.332709
0.166821
0.757699
0.533589
0.939104
0.202243
0.133426
0.301289
0.944712
0.709884
0.630611
0.778553
0.158877
0.948093
0.348439
0.529039
0.496863
0.918934
0.702154
0.309812
0.698362
0.172477
0.752969
0.044836
0.776548
0.323963
0.057939
0.76083
0.527325
0.836455
0.963292
0.999366
0.213348
0.902203
0.898687
0.840248
0.79765
0.097294
0.621489
0.052267
0.019302
0.306933
0.096916
0.236603
0.540705
0.648111
0.21157
0.850688
0.681926
0.983472
0.679121
0.757564
0.261614
0.592495
0.469792
0.264787
0.375125
0.591301
0.080241
0.986678
0.060682
0.212284
0.280966
0.874285
0.757956
0.109493
0.720326
0.607999
0.816042
0.986875
0.142562
0.656994
0.143254
0.058448
0.75145
0.669529
0.447097
0.71161
0.103142
0.201646
0.72404
0.368668
0.207524
0.057288
0.393747
0.675689
0.898899
0.905722
0.980846
0.871136
0.232485
0.610395
0.054212
0.077502
0.879706
0.751314
0.7637
0.893753
0.210781
0.441664
0.908808
0.683531
0.482551
0.870007
0.932561
0.880253
0.768244
0.779655
0.176385
0.108795
0.424034
0.284798
0.722388
0.604527
0.674799
0.045645
0.45461
0.8431
0.685314
0.786706
0.905706
0.208157
0.011705
0.03736
0.296318
0.014821
0.605971
0.360432
0.438235
0.212555
0.93031
0.918599
0.958888
0.243217
0.789906
0.067478
0.301752
0.956891
0.563545
0.955362
0.294607
0.328735
0.893488
0.340875
0.577317
0.762864
0.369161
0.058919
0.961509
0.08004
0.265649
0.027398
0.446666
0.594474
0.170613
0.292936
0.586011
0.903605
0.960406
0.063028
0.077662
0.283267
0.626209
0.028753
0.482366
0.21361
0.936749
0.981612
0.155494
0.962151
0.023207
0.997271
0.165368
0.461035
0.964837
0.031739
0.162532
0.190116
0.751876
0.007825
0.800201
0.447248
0.095781
0.860773
0.78686
0.023078
0.987009
0.948384
0.114958
0.490017
0.883064
0.82254
0.29172
0.385633
0.862762
0.788623
0.850144
0.462119
0.772448
0.379508
0.607894
0.639535
0.892214
0.885043
0.475066
0.686498
0.03367
0.188211
0.453278
0.210462
0.709098
0.101517
0.577955
0.063205
0.571531
0.724513
0.690371
0.07629
0.045943
0.022645
0.199138
0.455051
0.883458
0.349147
0.338347
0.600669
0.389314
0.396446
0.400893
0.475679
0.700253
0.334294
0.829102
0.35593
0.457085
0.085459
0.751349
0.980717
0.067863
0.9497
0.704129
0.371987
0.0756
0.948396
0.591303
0.088785
0.684049
0.843849
0.26719
0.089423
0.328117
0.447518
0.344381
0.568566
0.140001
0.41122
0.891685
0.850924
0.873343
0.852387
0.752793
0.291041
0.838883
0.087254
0.74944
0.189254
0.017545
0.356393
0.699528
0.434925
0.941835
0.867446
0.325299
0.173939
0.73666
0.145546
0.810802
0.731047
0.286593
0.718727
0.713864
0.328191
0.867877
0.351748
0.822068
0.310613
0.189198
0.548518
0.08245
0.033359
0.314753
0.159788
0.930837
0.208573
0.176604
0.015502
0.798861
0.729548
0.260966
0.501039
0.280293
0.510088
0.110873
0.08306
0.144595
0.350918
0.89588
0.002137
0.970482
0.47343
0.905347
0.554122
0.146466
0.493283
0.603335
0.006397
0.238894
0.918856
0.635615
0.103187
0.45146
0.122327
0.318817
0.291534
0.3987
0.972462
0.544977
0.591983
0.919146
0.523689
0.468353
0.620206
0.868948
0.972705
0.518913
0.378396
0.963932
0.027607
0.595485
0.852865
0.090805
0.172743
0.758261
0.947716
0.25995
0.215676
0.126345
0.586021
0.434928
0.293051
0.284287
0.285773
0.408427
0.43714
0.154824
0.89751
0.469392
0.20936
0.000828
0.494584
0.901108
0.892323
0.695104
0.439711
0.411124
0.036567
0.699785
0.712878
0.15495
0.740077
0.088207
0.91099
0.510738
0.551274
0.424535
0.660127
0.811643
0.668334
0.901609
0.06132
0.188859
0.567929
0.178586
0.567133
0.739486
0.150295
0.194443
0.661955
0.283109
0.629487
0.928817
0.519918
0.273883
0.080511
0.28954
0.895368
0.058924
0.121736
0.740779
0.140044
0.55291
0.621484
0.239688
0.928999
0.723444
0.533257
0.562093
0.335641
0.478008
0.940854
0.050966
0.682217
0.537517
0.00976
0.614176
0.117414
0.035158
0.745354
0.011046
0.90747
0.931879
0.083106
0.905691
0.138724
0.233428
0.693985
0.423013
0.708739
0.499517
0.795857
0.32667
0.449901
0.109467
0.78829
0.95375
0.801388
0.209944
0.837624
0.196391
0.172916
0.143292
0.906155
0.824744
0.02615
0.962793
0.482176
0.155621
0.705663
0.234003
0.351119
0.238219
0.090731
0.172157
0.28062
0.243987
0.645597
0.09279
0.199508
0.324634
0.743411
0.566107
0.296985
0.427153
0.428927
0.621188
0.635904
0.050484
0.508472
0.076348
0.016603
0.712841
0.507613
0.859634
0.804051
0.91995
0.910291
0.55685
0.679991
0.026791
0.415407
0.599135
0.499858
0.69168
0.276586
0.113855
0.013094
0.725484
0.110236
0.83
0.945937
0.569859
0.297879
0.52711
0.815208
0.600921
0.440019
0.946336
0.835092
0.702939
0.473416
0.376347
0.150317
0.246338
0.507744
0.706693
0.250984
0.846767
0.079255
0.457937
0.668109
0.337485
0.212213
0.666106
0.770223
0.6699
0.79477
0.854935
0.349312
0.021707
0.352598
0.726199
0.626487
0.592681
0.672263
0.396149
0.13965
0.180522
0.019834
0.314356
0.452361
0.750004
0.991982
0.497348
0.34664
0.85429
0.132066
0.513564
0.434824
0.841652
0.383247
0.026252
0.186331
0.799259
0.960154
0.779557
0.926653
0.414251
0.796206
0.372187
0.867179
0.469056
0.364707
0.190506
0.762814
0.663614
0.12717
0.127328
0.594317
0.904624
0.665832
0.048563
0.955555
0.023318
0.100739
0.564671
0.659822
0.333105
0.72396
0.783239
0.275979
0.317142
0.69926
0.107039
0.05519
0.990675
0.177614
0.297523
0.342933
0.951362
0.990931
0.642599
0.091591
0.975493
0.944076
0.739101
0.882739
0.355159
0.302811
0.174555
0.827487
0.439172
0.687119
0.920582
0.920318
0.523544
0.162755
0.339188
0.014206
0.892569
0.702855
0.053352
0.661117
0.74163
0.328835
0.344484
0.257025
0.364225
0.201319
0.489375
0.540516
0.910099
0.733588
0.113057
0.527129
0.609016
0.152775
0.4895
0.985108
0.997299
0.378568
0.473227
0.298543
0.690709
0.885767
0.046276
0.355625
0.581895
0.539049
0.935761
0.185645
0.011773
0.579504
0.05613
0.316597
0.042246
0.283358
0.627633
0.738932
0.354157
0.191235
0.815566
0.598213
0.573189
0.327338
0.930988
0.882159
0.027277
0.734991
0.300163
0.027749
0.522559
0.173535
0.109705
0.620013
0.876853
0.248511
0.943625
0.008551
0.280814
0.062965
0.934604
0.114563
0.312938
0.707474
0.859857
0.686292
0.677008
0.184336
0.819005
0.272923
0.756156
0.964065
0.077254
0.814142
0.653926
0.565205
0.4353
0.408812
0.218741
0.863939
0.974358
0.380438
0.90874
0.4999
0.09645
0.916634
0.321805
0.186484
0.900702
0.818677
0.268475
0.897743
0.962253
0.205153
0.07309
0.83425
0.601473
0.005795
0.986097
0.62596
0.16173
0.248172
0.23709
0.490193
0.545279
0.855307
0.995496
0.244426
0.280755
0.715404
0.452546
0.311013
0.81126
0.474678
0.522049
0.773799
0.58354
0.535673
0.407842
0.616266
0.816097
0.114959
0.095863
0.514452
0.022915
0.083687
0.479254
0.936961
0.927731
0.639737
0.271884
0.861067
0.293378
0.304566
0.543454
0.707591
0.359914
0.444279
0.110951
0.725962
0.728895
0.742777
0.715868
0.471781
0.188081
0.082189
0.719352
0.311217
0.612757
0.410698
0.627009
0.011183
0.422981
0.152311
0.098985
0.605922
0.684697
0.862233
0.855233
0.748782
0.621238
0.62666
0.324596
0.662624
0.252592
0.493978
0.705875
0.127384
0.026102
0.260396
0.42822
0.831196
0.96847
0.968118
0.194552
0.078724
0.978339
0.3802
0.27023
0.757966
0.094788
0.276934
0.64014
0.448212
0.205467
0.903518
0.175279
0.728943
0.568497
0.598003
0.678003
0.440757
0.603317
0.49013
0.762641
0.084138
0.907744
0.425267
0.410035
0.10877
0.881047
0.219485
0.784934
0.139554
0.784701
0.491091
0.140408
0.19356
0.797497
0.99423
0.106564
0.039833
0.811474
0.416439
0.41964
0.562869
0.70664
0.203285
0.312808
0.135137
0.426922
0.507447
0.567028
0.962858
0.223204
0.200692
0.538697
0.256887
0.164137
0.220976
0.700666
0.633559
0.955816
0.57693
0.120449
0.305371
0.027536
0.242009
0.663869
0.46092
0.841142
0.636201
0.235411
0.831178
0.942783
0.279912
0.477351
0.15735
0.707915
0.814127
0.755158
0.598159
0.167475
0.848091
0.454165
0.952492
0.92252
0.314258
0.281226
0.251096
0.479569
0.645637
0.524508
0.727115
0.172489
0.497661
0.109745
0.539911
0.851628
0.796183
0.119418
0.94931
0.80878
0.127254
0.792934
0.545891
0.19947
0.960819
0.590856
0.202895
0.39761
0.135218
0.192481
0.486905
0.675833
0.524042
0.789629
0.328305
0.070558
0.877398
0.862506
0.816872
0.431662
0.341093
0.932509
0.044382
0.577242
0.484667
0.88649
0.05803
0.976089
0.107735
0.597515
0.416269
0.741228
0.885624
0.68792
0.15027
0.999477
0.384008
0.842925
0.46257
0.698228
0.46104
0.532424
0.116185
0.235308
0.660996
0.623571
0.132772
0.990314
0.634274
0.464111
0.797675
0.161699
0.102826
0.689452
0.114017
0.918997
0.501436
0.289949
0.64597
0.366858
0.489389
0.500518
0.125685
0.230654
0.27858
0.671824
0.091964
0.002161
0.429228
0.363976
0.534768
0.970363
0.987508
0.208004
0.086792
0.521112
0.377797
0.684589
0.761806
0.155903
0.040072
0.874868
0.58175
0.935193
0.178824
0.405945
0.331495
0.333242
0.598902
0.141202
0.50575
0.102401
0.48206
0.34582
0.041484
0.341498
0.549072
0.389445
0.865306
0.304624
0.37642
0.237944
0.234054
0.748482
0.073981
0.660905
0.385847
0.415354
0.569376
0.874178
0.000521
0.544118
0.933327
0.043998
0.542777
0.17866
0.825784
0.612079
0.376721
0.3096
0.951645
0.148484
0.346109
0.236657
0.220766
0.286213
0.542813
0.80934
0.312223
0.933044
0.250421
0.578866
0.924817
0.17423
0.520169
0.89588
0.1779
0.388859
0.727581
0.252854
0.711382
0.477946
0.557587
0.200856
0.804036
0.96117
0.105399
0.5011
0.226508
0.66956
0.255169
0.345031
0.471361
0.810654
0.921126
0.696466
0.708121
0.133761
0.325848
0.438952
0.973729
0.116811
0.93268
0.257142
0.229591
0.41301
0.522172
0.436747
0.069651
0.155776
0.329045
0.932466
0.068504
0.106241
0.376186
0.487312
0.222739
0.90351
0.125698
0.151086
0.8344
0.009039
0.908859
0.322792
0.166459
0.998562
0.049658
0.782833
0.24568
0.539023
0.795632
0.254866
0.441474
0.008563
0.401909
0.077642
0.824888
0.2834
0.653915
0.339508
0.85368
0.294446
0.902575
0.880549
0.378069
0.432617
0.647003
0.074599
0.815434
0.194888
0.552288
0.02568
0.368466
0.498071
0.91186
0.654759
0.14226
0.803713
0.977165
0.219821
0.162348
0.287477
0.7281
0.946429
0.818693
0.377434
0.228125
0.179188
0.801137
0.700476
0.794079
0.550107
0.306755
0.136107
0.846937
0.222406
0.262958
0.390573
0.763931
0.766085
0.388141
0.685536
0.70683
0.63119
0.304258
0.788975
0.162456
0.87634
0.824548
0.592603
0.518462
0.350158
0.108309
0.913873
0.497066
0.280289
0.122907
0.79683
0.189509
0.415858
0.409275
0.665322
0.752793
0.747833
0.555325
0.756578
0.059657
0.607396
0.048343
0.699361
0.561216
0.28677
0.270818
0.929008
0.245543
0.061018
0.304991
0.628446
0.914208
0.30542
0.09375
0.488431
0.024068
0.596773
0.180999
0.023967
0.463658
0.484768
0.529787
0.73151
0.908875
0.663398
0.002934
0.832007
0.411503
0.680544
0.535591
0.599679
0.1976
0.748654
0.045716
0.898829
0.572161
0.918016
0.794236
0.479691
0.476094
0.401142
0.928254
0.496823
0.848693
0.245964
0.504915
0.667696
0.972956
0.739783
0.215447
0.209651
0.40858
0.315902
0.30099
0.625472
0.079648
0.667977
0.158009
0.212102
0.602302
0.750922
0.92849
0.324728
0.423416
0.880272
0.831024
0.650269
0.96989
0.981586
0.441803
0.05153
0.040449
0.192755
0.145608
0.969307
0.84255
0.653289
0.43585
0.538889
0.684651
0.691849
0.226101
0.801471
0.971526
0.770589
0.845651
0.470646
0.475377
0.005246
0.698811
0.25931
0.319383
0.628872
0.321672
0.468043
0.897445
0.377204
0.222554
0.752592
0.258357
0.447897
0.490414
0.078103
0.348721
0.280907
0.301
0.539642
0.493932
0.345481
0.256709
0.362025
0.651657
0.458036
0.609027
0.590636
0.25442
0.275909
0.884262
0.923765
0.88338
0.970633
0.881183
0.683053
0.670911
0.651134
0.822297
0.303158
0.237724
0.953664
0.404798
0.457715
0.954667
0.445977
0.976829
0.856489
0.155212
0.824639
0.540538
0.454433
0.082826
0.244326
0.360846
0.335366
0.09579
0.041004
0.965735
0.778119
0.328584
0.39472
0.156407
0.493997
0.59433
0.415304
0.29848
0.444812
0.011753
0.735203
0.033449
0.046208
0.712809
0.51856
0.848628
0.846171
0.673536
0.507121
0.193751
0.745618
0.589759
0.274889
0.201802
0.894646
0.521585
0.687726
0.973714
0.283555
0.870033
0.146473
0.358613
0.563937
0.715178
0.847789
0.724781
0.066143
0.697613
0.020589
0.956675
0.662037
0.612291
0.369101
0.77846
0.195972
0.098934
0.666933
0.027987
0.899932
0.762642
0.713437
0.740816
0.462709
0.77617
0.361893
0.178743
0.230184
0.61001
0.484913
0.028842
0.148501
0.301797
0.512682
0.159622
0.630972
0.232363
0.980078
0.730905
0.712958
0.697439
0.705192
0.338578
0.788173
0.232378
0.716484
0.629017
0.456132
0.938757
0.574911
0.991414
0.621069
0.3157
0.110544
0.515874
0.528102
0.817156
0.811797
0.922903
0.139745
0.289734
0.308645
0.375717
0.520293
0.307566
0.391419
0.137043
0.452024
0.109034
0.176008
0.952166
0.207687
0.255929
0.307197
0.030833
0.480315
0.500085
0.182089
0.977986
0.832638
0.123208
0.222183
0.756398
0.755715
0.749802
0.598726
0.046107
0.417087
0.979539
0.918755
0.588092
0.638853
0.248849
0.350003
0.792759
0.120886
0.352501
0.034585
0.1621
0.165593
0.202513
0.957809
0.930501
0.1524
0.100565
0.491176
0.60781
0.658946
0.062514
0.333254
0.825386
0.756813
0.883609
0.65424
0.826618
0.221568
0.223649
0.249413
0.961848
0.293561
0.543106
0.68056
0.567262
0.259477
0.236801
0.227091
0.319318
0.996504
0.769734
0.290997
0.004946
0.808948
0.52803
0.37242
0.537723
0.670363
0.923552
0.710784
0.904127
0.32468
0.347554
0.705314
0.156696
0.633451
0.72657
0.638796
0.313083
0.656659
0.260993
0.017362
0.987976
0.07326
0.174873
0.820647
0.462126
0.727378
0.486032
0.145808
0.421404
0.013293
0.437951
0.260036
0.261443
0.322319
0.915721
0.400236
0.954359
0.756392
0.812055
0.189084
0.176185
0.012205
0.428872
0.297263
0.161883
0.953429
0.408874
0.251141
0.211971
0.265005
0.943868
0.634655
0.428081
0.505554
0.045041
0.032822
0.748274
0.016628
0.568477
0.806493
0.108156
0.891305
0.254949
0.967673
0.05373
0.460739
0.988671
0.572508
0.072264
0.289642
0.269004
0.605477
0.090258
0.603241
0.148108
0.466322
0.778875
0.413459
0.661661
0.480327
0.582647
0.431015
0.949665
0.62406
0.803876
0.028863
0.188605
0.970143
0.873733
0.765351
0.230264
0.402625
0.452352
0.234669
0.510622
0.986742
0.596011
0.964265
0.907993
0.352481
0.950717
0.943772
0.764663
0.861033
0.326078
0.454961
0.574108
0.740119
0.975461
0.090616
0.924562
0.287785
0.39861
0.440746
0.707848
0.99254
0.842171
0.819678
0.43641
0.331247
0.478637
0.240255
0.61942
0.110834
0.540773
0.061664
0.11629
0.994206
0.784902
0.768339
0.533499
0.170189
0.005042
0.674656
0.524415
0.645931
0.887127
0.463945
0.981421
0.030321
0.01916
0.48959
0.390833
0.441375
0.183878
0.189331
0.618098
0.968254
0.43362
0.38471
0.645277
0.82634
0.271152
0.904309
0.616875
0.804303
0.075452
0.715337
0.983206
0.269193
0.875899
0.424735
0.012537
0.916457
0.736393
0.638039
0.680525
0.876977
0.334625
0.028117
0.637119
0.981052
0.179313
0.820361
0.865933
0.443693
0.755544
0.494288
0.842166
0.986746
0.00641
0.187711
0.972678
0.357381
0.715958
0.47234
0.873594
0.317664
0.767538
0.295418
0.648662
0.61634
0.190219
0.327285
0.140988
0.94344
0.155275
0.67399
0.487443
0.275276
0.665085
0.562726
0.183377
0.482446
0.704303
0.655189
0.450389
0.450935
0.251095
0.15021
0.924233
0.410128
0.543339
0.864578
0.436785
0.269768
0.754982
0.498103
0.42731
0.793152
0.600217
0.825715
0.875643
0.737422
0.926131
0.914169
0.217113
0.555886
0.771388
0.757729
0.086323
0.917102
0.617449
0.899423
0.91965
0.298758
0.470509
0.652499
0.330092
0.601075
0.029498
0.478164
0.25365
0.241355
0.235313
0.000108
0.039144
0.123084
0.543245
0.51482
0.981104
0.777553
0.109691
0.450875
0.648943
0.13725
0.549849
0.519535
0.784693
0.653439
0.44677
0.259047
0.365958
0.083964
0.578088
0.50989
0.813286
0.601713
0.726256
0.955639
0.741791
0.205457
0.707847
0.350068
0.497559
0.697989
0.27514
0.145445
0.701902
0.236282
0.572657
0.345816
0.923947
0.760228
0.681783
0.612686
0.251877
0.980234
0.877283
0.900398
0.714207
0.610614
0.224084
0.559634
0.70055
0.507697
0.513513
0.234685
0.167337
0.865886
0.589123
0.627035
0.215874
0.661034
0.198068
0.535626
0.850068
0.350411
0.200321
0.032563
0.437274
0.431964
0.971342
0.199351
0.0024
0.136123
0.128966
0.427525
0.597349
0.61409
0.905155
0.043503
0.869551
0.759887
0.882066
0.173068
0.839071
0.119979
0.585006
0.997304
0.708267
0.499514
0.497435
0.001348
0.113077
0.87133
0.444651
0.293598
0.988113
0.853324
0.546162
0.728981
0.643005
0.814434
0.207799
0.702125
0.562094
0.607504
0.733041
0.113774
0.57172
0.70432
0.355402
0.95934
0.272151
0.996213
0.671738
0.675378
0.353756
0.049449
0.997108
0.068472
0.847164
0.606973
0.240395
0.837835
0.062201
0.638935
0.154114
0.319286
0.508293
0.004957
0.185836
0.39865
0.966004
0.436016
0.487618
0.122232
0.251956
0.938282
0.987226
0.066072
0.826763
0.749044
0.330889
0.023264
0.088174
0.317389
0.726549
0.270281
0.607452
0.69018
0.398494
0.074457
0.5839
0.462709
0.438921
0.840414
0.653909
0.045869
0.162576
0.804171
0.337786
0.129007
0.595167
0.8035
0.483164
0.563452
0.520126
0.313366
0.351612
0.542325
0.069891
0.474962
0.79879
0.243479
0.800902
0.426058
0.459485
0.602462
0.166261
0.412821
0.806409
0.833556
0.013123
0.579319
0.2302
0.344289
0.494595
0.936607
0.343336
0.983761
0.40829
0.701796
0.194735
0.576969
0.584128
0.076988
0.926762
0.905679
0.284282
0.260235
0.088821
0.325346
0.533339
0.205103
0.748974
0.379579
0.168568
0.634188
0.431125
0.267049
0.075977
0.601516
0.770971
0.758733
0.983837
0.62316
0.25604
0.603
0.473473
0.504772
0.961518
0.230989
0.254436
0.160059
0.498009
0.307623
0.343331
0.99511
0.686508
0.54323
0.527721
0.407311
0.077648
0.368154
0.645724
0.270043
0.470949
0.217431
0.213108
0.20357
0.408546
0.326399
0.551293
0.032427
0.491081
0.939037
0.928637
0.325509
0.585094
0.378086
0.885925
0.657418
0.538922
0.997686
0.012776
0.361256
0.49708
0.883947
0.253107
0.884015
0.70525
0.583745
0.916436
0.443362
0.242014
0.279077
0.611679
0.11688
0.598477
0.732046
0.477548
0.678929
0.301432
0.353006
0.645342
0.171427
0.05888
0.246778
0.057087
0.694785
0.264821
0.520283
0.029053
0.735749
0.620819
0.778991
0.85071
0.081433
0.26895
0.638303
0.078532
0.853603
0.984447
0.699446
0.147997
0.350803
0.98585
0.93482
0.598809
0.55413
0.98744
0.410384
0.603796
0.586246
0.845948
0.364817
0.665078
0.290909
0.158657
0.057353
0.680539
0.360662
0.915822
0.837865
0.921439
0.659324
0.85204
0.505204
0.333697
0.346118
0.599431
0.687433
0.121053
0.279909
0.767249
0.044747
0.481511
0.865298
0.104339
0.246548
0.38557
0.454044
0.525077
0.911625
0.653165
0.110707
0.933514
0.225432
0.634335
0.282893
0.651453
0.970472
0.485283
0.3835
0.1429
0.439835
0.826381
0.050243
0.283426
0.067441
0.073837
0.27643
0.41387
0.136397
0.385415
0.334414
0.237826
0.786065
0.048077
0.456063
0.913536
0.287469
0.816194
0.103252
0.082032
0.713043
0.363029
0.810214
0.046825
0.599459
0.10454
0.248071
0.195605
0.653958
0.800939
0.896977
0.628218
0.327668
0.487538
0.017347
0.983014
0.330461
0.183897
0.499925
0.737184
0.597125
0.786634
0.786067
0.168032
0.427408
0.694835
0.401102
0.040421
0.85799
0.859627
0.749391
0.943306
0.423133
0.245762
0.388347
0.811365
0.865185
0.34056
0.691355
0.38932
0.187189
0.751116
0.652315
0.941793
0.380428
0.491105
0.71064
0.93366
0.648582
0.173399
0.964226
0.225227
0.063065
0.437652
0.418202
0.652481
0.626425
0.889529
0.003992
0.796613
0.89515
0.38832
0.60839
0.642324
0.651512
0.041874
0.062833
0.350638
0.961453
0.01441
0.245882
0.052857
0.337133
0.833123
0.503385
0.103701
0.899569
0.508488
0.316084
0.186246
0.482262
0.111259
0.102682
0.553369
0.427697
0.679599
0.889657
0.094437
0.294782
0.027454
0.437914
0.410264
0.981036
0.616504
0.892913
0.780045
0.841448
0.289204
0.137032
0.403978
0.108761
0.978083
0.704072
0.814779
0.34353
0.121792
0.540061
0.865928
0.809257
0.583564
0.907134
0.89683
0.542755
0.449435
0.423427
0.968051
0.689411
0.273915
0.882656
0.158118
0.31664
0.28139
0.103869
0.421725
0.235876
0.47741
0.222393
0.412732
0.848272
0.878633
0.925494
0.644537
0.405592
0.328517
0.999486
0.962075
0.274978
0.518184
0.416941
0.406485
0.842506
0.698578
0.226528
0.135971
0.374677
0.222054
0.2041
0.001264
0.956042
0.06596
0.992867
0.854021
0.027379
0.576333
0.572845
0.570909
0.759802
0.877959
0.693083
0.646937
0.781554
0.12695
0.550045
0.230284
0.288273
0.232391
0.125829
0.184779
0.669026
0.222884
0.882876
0.080522
0.971484
0.658745
0.169142
0.663585
0.06248
0.255098
0.562347
0.561286
0.419593
0.731468
0.838187
0.009731
0.194354
0.130918
0.07108
0.988826
0.790912
0.437108
0.689194
0.259268
0.565801
0.49851
0.683535
0.582609
0.691796
0.995175
0.673886
0.485297
0.002432
0.793859
0.547311
0.565625
0.343389
0.85005
0.135851
0.049351
0.221745
0.795356
0.580705
0.411622
0.774366
0.249523
0.143053
0.757027
0.797084
0.359593
0.484338
0.916523
0.026086
0.965236
0.468225
0.615259
0.843211
0.125708
0.579495
0.043062
0.470829
0.217064
0.088329
0.974392
0.475791
0.625187
0.989221
0.178692
0.458387
0.958618
0.445337
0.826981
0.689988
0.371859
0.58945
0.406809
0.558458
0.525968
0.811361
0.050965
0.891931
0.305213
0.927538
0.087743
0.557638
0.007224
0.999806
0.255757
0.102504
0.78017
0.674366
0.518923
0.321932
0.545289
0.688121
0.935987
0.833084
0.417034
0.662169
0.75484
0.944983
0.265255
0.735307
0.872262
0.389738
0.874317
0.769915
0.588229
0.63435
0.867742
0.331359
0.615636
0.285036
0.805679
0.816003
0.153197
0.239044
0.383276
0.835161
0.364408
0.519363
0.510296
0.68847
0.138545
0.825313
0.199741
0.643103
0.998778
0.725734
0.114503
0.396618
0.712076
0.400791
0.207374
0.070693
0.983105
0.031372
0.850722
0.027067
0.308438
0.992321
0.915122
0.699818
0.277428
0.43006
0.431223
0.910124
0.617098
0.583986
0.145073
0.15491
0.308096
0.491393
0.424014
0.460875
0.133831
0.076355
0.71239
0.912777
0.278154
0.533651
0.766261
0.550871
0.562566
0.802675
0.702224
0.855141
0.292514
0.814303
0.939165
0.520426
0.326664
0.16901
0.233264
0.452942
0.823201
0.673074
0.705143
0.863977
0.593986
0.266126
0.586934
0.789316
0.755804
0.923951
0.357586
0.991051
0.825943
0.736306
0.022105
0.899294
0.482572
0.083519
0.460845
0.53758
0.061932
0.079944
0.506968
0.105471
0.006296
0.279772
0.133721
0.246865
0.994446
0.899882
0.943112
0.357459
0.61936
0.141545
0.647844
0.908333
0.682936
0.22915
0.818076
0.355419
0.646431
0.517454
0.074735
0.979064
0.028368
0.941904
0.802045
0.091238
0.220981
0.933755
0.557619
0.283736
0.558393
0.675724
0.399144
0.619694
0.338788
0.627299
0.268002
0.59355
0.491531
0.893965
0.998507
0.578855
0.716545
0.548821
0.310066
0.143354
0.591736
0.420606
0.395357
0.087527
0.592411
0.66834
0.138737
0.324126
0.390158
0.625683
0.24066
0.342556
0.252247
0.526801
0.935638
0.179526
0.278568
0.122489
0.893872
0.930098
0.64681
0.588941
0.28137
0.101032
0.821665
0.171537
0.736896
0.306209
0.2248
0.713292
0.9175
0.073077
0.250855
0.754547
0.763939
0.309184
0.011195
0.066062
0.06761
0.837986
0.132676
0.125609
0.4686
0.475958
0.365014
0.753768
0.468027
0.653407
0.648402
0.182931
0.95941
0.019976
0.610644
0.257178
0.403679
0.866128
0.131041
0.865206
0.181411
0.145865
0.613569
0.099308
0.133444
0.727204
0.352724
0.359787
0.366579
0.316155
0.131501
0.185726
0.455446
0.840843
0.906567
0.751446
0.997821
0.134974
0.847585
0.676605
0.447226
0.248796
0.792768
0.487607
0.870839
0.581248
0.100269
0.917046
0.902307
0.980451
0.333019
0.001128
0.017351
0.287057
0.347297
0.546204
0.7238
0.920656
0.107094
0.117999
0.171124
0.667662
0.596772
0.595779
0.210619
0.371577
0.179008
0.222457
0.456774
0.21905
0.468397
0.727673
0.741762
0.739209
0.177273
0.457638
0.338551
0.161922
0.609204
0.019075
0.434386
0.893543
0.385691
0.667727
0.574014
0.955721
0.389792
0.544935
0.041095
0.681948
0.973897
0.388183
0.739269
0.203706
0.539507
0.084507
0.934082
0.076708
0.310422
0.959834
0.881285
0.552333
0.728221
0.913963
0.605689
0.363066
0.777608
0.515725
0.089316
0.371705
0.165754
0.41881
0.904073
0.796498
0.935163
0.925392
0.123705
0.828014
0.359551
0.231515
0.366403
0.721033
0.817663
0.049863
0.733212
0.105985
0.309465
0.979254
0.610141
0.756109
0.953262
0.413646
0.422198
0.336192
0.557101
0.248068
0.308784
0.167593
0.409208
0.5394
0.336359
0.42477
0.221068
0.487529
0.701074
0.159564
0.912905
0.98579
0.532163
0.66069
0.997323
0.647297
0.298301
0.843327
0.467363
0.890494
0.430176
0.325776
0.963353
0.673326
0.677186
0.404335
0.080632
0.579541
0.808699
0.585435
0.720091
0.958731
0.761928
0.694227
0.76934
0.056209
0.300443
0.631582
0.88018
0.037476
0.496619
0.936253
0.66022
0.131731
0.594497
0.715181
0.937604
0.332085
0.250812
0.618283
0.502496
0.723477
0.964724
0.440174
0.16864
0.720596
0.419017
0.181658
0.700802
0.110739
0.927257
0.537284
0.21727
0.123057
0.053687
0.491862
0.004246
0.257111
0.705842
0.236217
0.438282
0.120073
0.737366
0.727266
0.40915
0.722827
0.567207
0.432433
0.806131
0.949133
0.111715
0.487675
0.34034
0.606262
0.185538
0.96645
0.554378
0.888384
0.405394
0.622877
0.313606
0.431325
0.250407
0.913012
0.441298
0.083236
0.503658
0.938081
0.991174
0.877507
0.797733
0.437521
0.001395
0.864474
0.446741
0.192872
0.836082
0.754863
0.991348
0.50348
0.922676
0.20281
0.082306
0.91644
0.555564
0.339458
0.56823
0.752036
0.757156
0.066075
0.608729
0.479861
0.583731
0.854254
0.928822
0.060534
0.37063
0.09411
0.648256
0.115904
0.816756
0.137488
0.445629
0.600458
0.551143
0.066813
0.258635
0.259951
0.944701
0.273949
0.52287
0.387437
0.095467
0.378237
0.536007
0.549959
0.625215
0.280682
0.768987
0.391777
0.172147
0.257349
0.158618
0.933438
0.512814
0.807107
0.13846
0.12125
0.350096
0.836468
0.942903
0.744762
0.398572
0.516141
0.899661
0.061018
0.138284
0.62133
0.17651
0.571736
0.089839
0.984221
0.137857
0.004971
0.921194
0.653155
0.655676
0.051479
0.18519
0.967944
0.29515
0.256294
0.917003
0.278828
0.451167
0.627121
0.616841
0.365051
0.23733
0.854755
0.410341
0.471812
0.738286
0.209302
0.232762
0.998356
0.706428
0.420736
0.186514
0.434448
0.867748
0.086066
0.60833
0.991655
0.201739
0.696467
0.276999
0.321457
0.481901
0.252213
0.060434
0.504932
0.971712
0.423299
0.288215
0.195011
0.309646
0.969001
0.147395
0.285389
0.152215
0.199417
0.736707
0.049374
0.317352
0.343811
0.324485
0.318538
0.717963
0.034216
0.247315
0.743497
0.506802
0.707632
0.009881
0.007059
0.336907
0.225732
0.062557
0.05999
0.680298
0.386861
0.509608
0.90668
0.970441
0.441022
0.295182
0.105149
0.625018
0.110168
0.143084
0.767565
0.874037
0.956743
0.610359
0.8315
0.040016
0.477204
0.148567
0.932695
0.144141
0.890023
0.465138
0.505968
0.952327
0.453518
0.732577
0.88477
0.231092
0.382923
0.08598
0.003835
0.777537
0.010064
0.961339
0.71653
0.344689
0.487765
0.226599
0.025207
0.480229
0.324793
0.699709
0.068274
0.396416
0.830284
0.499131
0.543693
0.356699
0.076608
0.090246
0.388854
0.00267
0.047109
0.587775
0.556305
0.978521
0.727238
0.949422
0.350643
0.732374
0.05529
0.922886
0.068999
0.501387
0.983758
0.842306
0.842818
0.271272
0.525525
0.498609
0.675253
0.639358
0.090139
0.846907
0.228473
0.436017
0.628553
0.199177
0.520424
0.571931
0.363739
0.934749
0.778308
0.0894
0.393288
0.6271
0.625214
0.52047
0.075875
0.881242
0.540789
0.522247
0.639576
0.082621
0.993382
0.013016
0.466138
0.911155
0.27211
0.239052
0.677278
0.812668
0.653108
0.437414
0.019352
0.948537
0.910693
0.705895
0.729881
0.031121
0.566458
0.785834
0.452978
0.032513
0.604317
0.938081
0.016881
0.713412
0.199804
0.575633
0.988901
0.149362
0.048164
0.160734
0.722212
0.234686
0.735897
0.517743
0.685913
0.146484
0.526814
0.373133
0.74637
0.449098
0.784517
0.188002
0.718356
0.751307
0.671029
0.123206
0.713526
0.152791
0.900436
0.650328
0.380507
0.446308
0.825861
0.262034
0.592021
0.890457
0.354515
0.613007
0.858688
0.947941
0.934603
0.959099
0.915828
0.202791
0.15211
0.735222
0.379914
0.165181
0.250407
0.845414
0.357658
0.186459
0.172326
0.588589
0.85725
0.51843
0.349992
0.003
0.818322
0.279263
0.537587
0.564443
0.359275
0.973507
0.972882
0.068149
0.238382
0.6426
0.884694
0.583963
0.112249
0.44966
0.133103
0.024505
0.822188
0.602705
0.831597
0.950777
0.08114
0.047905
0.58935
0.776672
0.636445
0.833799
0.384635
0.133537
0.234715
0.106675
0.885358
0.141119
0.652845
0.093696
0.59643
0.84479
0.094112
0.570348
0.253623
0.613365
0.105076
0.945703
0.177804
0.634172
0.850296
0.981159
0.400511
0.731817
0.207085
0.546783
0.172823
0.72789
0.366993
0.748983
0.474527
0.112029
0.636272
0.745008
0.425385
0.584179
0.263884
0.146132
0.209271
0.788847
0.326929
0.246961
0.367612
0.709657
0.576426
0.011614
0.812457
0.586415
0.315652
0.11188
0.4512
0.935612
0.916399
0.011691
0.920051
0.291468
0.940732
0.671725
0.265297
0.204416
0.160757
0.582039
0.522809
0.249712
0.379161
0.655912
0.345247
0.712542
0.355367
0.355529
0.387508
0.64534
0.416359
0.972746
0.902374
0.439296
0.067753
0.43472
0.103956
0.46413
0.179123
0.712345
0.947519
0.954455
0.682446
0.586414
0.566049
0.855746
0.232279
0.437481
0.837174
0.910435
0.220916
0.501334
0.435224
0.154816
0.54637
0.459445
0.952795
0.698616
0.247802
0.217515
0.177126
0.496731
0.963294
0.437408
0.971907
0.62576
0.29986
0.165105
0.380364
0.378287
0.464132
0.720724
0.966192
0.368522
0.492716
0.334351
0.670883
0.416145
0.425161
0.118876
0.513377
0.770598
0.672068
0.575298
0.024786
0.9381
0.51984
0.004063
0.29838
0.71645
0.317703
0.786069
0.211641
0.47051
0.691449
0.808728
0.125903
0.438345
0.516346
0.565203
0.917908
0.407197
0.349901
0.248797
0.976124
0.031236
0.21912
0.261147
0.649564
0.653114
0.219555
0.862511
0.967044
0.443824
0.420285
0.209937
0.841543
0.174152
0.303627
0.34997
0.895072
0.951695
0.063209
0.663218
0.395062
0.470137
0.808147
0.60295
0.681812
0.972797
0.857067
0.581579
0.812257
0.796786
0.665921
0.677339
0.212863
0.687609
0.949462
0.704268
0.152488
0.083144
0.226432
0.675612
0.237556
0.00517
0.394305
0.204979
0.2469
0.392569
0.307864
0.999789
0.065557
0.926586
0.934146
0.800019
0.620489
0.128348
0.62247
0.508081
0.525029
0.995156
0.460037
0.092238
0.722546
0.009986
0.260571
0.981911
0.999989
0.08308
0.206144
0.361889
0.945632
0.166868
0.756987
0.675642
0.674736
0.828667
0.848148
0.837974
0.42265
0.313919
0.692403
0.184292
0.308859
0.414562
0.18761
0.499393
0.769244
0.660708
0.038421
0.638347
0.125087
0.943588
0.802368
0.408484
0.564975
0.252731
0.898225
0.543167
0.746952
0.611814
0.089562
0.276742
0.589362
0.719294
0.441994
0.216994
0.133956
0.198097
0.688155
0.598906
0.37932
0.476766
0.509552
0.955223
0.377585
0.911661
0.536649
0.47157
0.013226
0.094301
0.713531
0.347481
0.955314
0.9629
0.061407
0.157548
0.809654
0.170247
0.816266
0.632743
0.753943
0.52744
0.653207
0.665083
0.456511
0.231
0.595069
0.802857
0.72788
0.68158
0.890512
0.193126
0.996136
0.033111
0.159136
0.735883
0.386726
0.001583
0.750008
0.240475
0.707431
0.943851
0.072339
0.468443
0.736848
0.445139
0.009056
0.382567
0.807294
0.954444
0.134075
0.471532
0.203866
0.970316
0.732127
0.270359
0.027958
0.267325
0.943169
0.697478
0.534675
0.808997
0.069464
0.139747
0.148912
0.019933
0.391029
0.585378
0.526567
0.315614
0.520687
0.236173
0.355605
0.095076
0.40447
0.845816
0.071741
0.532358
0.521428
0.663111
0.412647
0.22946
0.078722
0.762608
0.665356
0.221534
0.500894
0.543608
0.359501
0.163721
0.754255
0.691001
0.038031
0.184635
0.953699
0.64953
0.458894
0.622091
0.494658
0.533328
0.209244
0.659275
0.000655
0.304539
0.783901
0.952035
0.942204
0.845416
0.138059
0.57917
0.01471
0.356899
0.906831
0.01028
0.478325
0.146983
0.435728
0.278317
0.390314
0.532938
0.377933
0.040912
0.386815
0.249089
0.38051
0.219324
0.01477
0.378941
0.952219
0.832423
0.792794
0.687115
0.068092
0.143774
0.849961
0.036366
0.407333
0.267526
0.143842
0.849031
0.543644
0.976605
0.189685
0.170026
0.619063
0.413884
0.054446
0.639436
0.373821
0.761579
0.426754
0.686044
0.763562
0.957958
0.208984
0.650527
0.88088
0.667274
0.746867
0.997992
0.56142
0.090114
0.035606
0.875356
0.39985
0.704004
0.563993
0.653977
0.333641
0.740128
0.308205
0.227036
0.317974
0.426773
0.457361
0.112381
0.025951
0.976287
0.587854
0.753419
0.298961
0.980711
0.959284
0.93818
0.404936
0.473747
0.575473
0.579943
0.59406
0.329514
0.972724
0.459363
0.657903
0.752442
0.107549
0.433044
0.108352
0.500801
0.425164
0.575527
0.022141
0.121764
0.291002
0.396145
0.655091
0.937408
0.973335
0.377838
0.632908
0.02554
0.860386
0.513211
0.614716
0.057683
0.639664
0.03833
0.399221
0.108219
0.274621
0.61795
0.725224
0.287962
0.104003
0.774833
0.271272
0.656604
0.404939
0.488931
0.172638
0.288035
0.368772
0.197476
0.614113
0.589322
0.222272
0.487251
0.457774
0.873766
0.605873
0.524606
0.468375
0.284474
0.198531
0.355253
0.613924
0.904584
0.704893
0.473272
0.231149
0.566627
0.739654
0.726711
0.845275
0.064206
0.558971
0.77152
0.967341
0.158597
0.255078
0.519584
0.663879
0.536071
0.687623
0.054935
0.480351
0.783868
0.011973
0.87765
0.092946
0.376873
0.524762
0.122676
0.840366
0.589958
0.823258
0.887853
0.573322
0.857924
0.06386
0.631498
0.43189
0.96157
0.903765
0.148496
0.355453
0.279948
0.358848
0.643319
0.000833
0.434852
0.409376
0.231331
0.861036
0.140306
0.985236
0.602972
0.063937
0.826497
0.343785
0.12959
0.74604
0.35209
0.099085
0.984073
0.732042
0.04975
0.450802
0.782407
0.021927
0.196563
0.238817
0.275373
0.46645
0.24167
0.628066
0.168435
0.135754
0.167897
0.161702
0.53495
0.118669
0.292469
0.624169
0.725768
0.4196
0.805346
0.10444
0.555987
0.950431
0.714721
0.020372
0.713903
0.772536
0.552204
0.973932
0.763463
0.106259
0.421788
0.33785
0.696937
0.990649
0.494522
0.689947
0.22319
0.774658
0.487703
0.885635
0.552025
0.429675
0.450319
0.562604
0.049453
0.240949
0.435204
0.136601
0.350165
0.469329
0.346187
0.505515
0.109504
0.844709
0.2996
0.076964
0.268331
0.378163
0.754186
0.334976
0.473198
0.67602
0.360424
0.432849
0.955062
0.769
0.987962
0.470359
0.293604
0.748917
0.761114
0.125297
0.69287
0.140048
0.681265
0.672152
0.251001
0.440486
0.139839
0.203032
0.314287
0.673752
0.001954
0.898018
0.244559
0.376003
0.343701
0.259996
0.776168
0.721866
0.94712
0.289166
0.324105
0.02225
0.064553
0.966807
0.707915
0.271936
0.700115
0.568637
0.22543
0.70882
0.538734
0.877337
0.071505
0.319013
0.679899
0.441323
0.901562
0.850273
0.670025
0.705061
0.073868
0.320769
0.712428
0.048314
0.387079
0.452518
0.57905
0.390336
0.768694
0.809023
0.755278
0.522645
0.368207
0.822714
0.658094
0.392124
0.366046
0.83092
0.767865
0.561808
0.353101
0.723529
0.50532
0.4107
0.134417
0.114831
0.38477
0.245796
0.596725
0.758157
0.247723
0.490978
0.689008
0.317253
0.536806
0.420128
0.617475
0.360774
0.650086
0.690801
0.355875
0.07933
0.975583
0.944963
0.873016
0.970967
0.071464
0.58873
0.033339
0.910179
0.108247
0.297431
0.453353
0.274418
0.341015
0.418723
0.744104
0.302479
0.631902
0.985182
0.818577
0.984875
0.081376
0.400282
0.485471
0.699241
0.212844
0.234685
0.291631
0.793532
0.210219
0.601374
0.736646
0.304909
0.503978
0.604893
0.450876
0.328757
0.155533
0.491393
0.01467
0.552368
0.563187
0.70618
0.037755
0.062623
0.112606
0.865551
0.470831
0.250309
0.767024
0.676249
0.460441
0.125831
0.913472
0.981827
0.815569
0.03081
0.276042
0.170218
0.63925
0.162187
0.593145
0.095112
0.475021
0.73964
0.471946
0.619819
0.669325
0.203648
0.128934
0.36487
0.933885
0.363338
0.233372
0.48768
0.817587
0.192567
0.994676
0.324141
0.590138
0.697742
0.405861
0.622947
0.722579
0.023016
0.199348
0.333822
0.869433
0.293544
0.149522
0.214435
0.589021
0.19276
0.903715
0.356983
0.000325
0.42731
0.848971
0.147863
0.103103
0.383097
0.18258
0.604248
0.088499
0.572693
0.383839
0.659042
0.662048
0.509621
0.004606
0.404702
0.867291
0.123289
0.033992
0.046816
0.159868
0.214979
0.381875
0.399014
0.482225
0.599747
0.932522
0.880316
0.892734
0.632113
0.65201
0.564097
0.022426
0.604416
0.731164
0.436605
0.253711
0.517472
0.782873
0.655874
0.563286
0.603995
0.844635
0.009923
0.916588
0.620371
0.239953
0.104346
0.668109
0.033624
0.962699
0.768298
0.957963
0.731976
0.26019
0.392704
0.720745
0.407013
0.508781
0.662269
0.679962
0.698545
0.167494
0.965225
0.691389
0.791301
0.022925
0.863794
0.317402
0.879057
0.25124
0.505088
0.856771
0.207468
0.276046
0.136859
0.447625
0.546401
0.617486
0.608808
0.933378
0.0055
0.267442
0.262146
0.428958
0.000624
0.622723
0.695561
0.633564
0.726735
0.084971
0.775342
0.534053
0.388518
0.130116
0.401798
0.431987
0.801205
0.559693
0.644017
0.471866
0.546906
0.005726
0.011462
0.980773
0.455613
0.432424
0.00438
0.124482
0.999006
0.914903
0.060908
0.34731
0.760851
0.595381
0.030076
0.176482
0.054284
0.718334
0.856906
0.457695
0.457542
0.396972
0.291838
0.093965
0.516924
0.149936
0.444822
0.171795
0.059058
0.585752
0.032873
0.884056
0.922254
0.659386
0.321465
0.57667
0.016658
0.528601
0.848034
0.796922
0.277498
0.273443
0.553105
0.035522
0.11371
0.035021
0.268921
0.795197
0.903778
0.175752
0.123835
0.250121
0.41002
0.162674
0.847334
0.05023
0.296792
0.640676
0.055936
0.189348
0.017134
0.390032
0.481594
0.526374
0.77108
0.536213
0.910094
0.194206
0.431475
0.012613
0.09407
0.400866
0.30377
0.642955
0.905639
0.487926
0.295314
0.997517
0.953866
0.924098
0.396888
0.031813
0.588404
0.942978
0.326695
0.823654
0.604904
0.989759
0.771081
0.734423
0.490774
0.920676
0.042932
0.489745
0.477562
0.40627
0.586985
0.71475
0.051391
0.668921
0.110966
0.303363
0.60679
0.339005
0.325874
0.951985
0.134388
0.351506
0.569023
0.57044
0.26281
0.323231
0.533365
0.530513
0.078522
0.51822
0.97547
0.070983
0.627407
0.024275
0.360499
0.128289
0.54837
0.915827
0.623477
0.338563
0.288822
0.384695
0.454689
0.745351
0.528997
0.454256
0.152744
0.272153
0.115381
0.114953
0.435066
0.18531
0.305265
0.558153
0.615904
0.073428
0.284867
0.003229
0.921978
0.252071
0.745738
0.488596
0.326462
0.368822
0.517561
0.176267
0.044946
0.067361
0.831576
0.167215
0.67175
0.375414
0.519695
0.966283
0.728196
0.385247
0.470482
0.835232
0.957337
0.650228
0.413188
0.082128
0.188126
0.81948
0.845059
0.298889
0.438183
0.025157
0.47247
0.651222
0.449614
0.290814
0.796077
0.755856
0.980566
0.651835
0.653161
0.171129
0.960784
0.593694
0.38987
0.39117
0.854028
0.685243
0.779083
0.570922
0.288822
0.113711
0.593148
0.264578
0.152136
0.085693
0.734576
0.988364
0.736316
0.136067
0.560802
0.568554
0.431972
0.72601
0.177554
0.089695
0.850233
0.01962
0.971553
0.653035
0.805607
0.888205
0.081255
0.386239
0.539968
0.536465
0.732132
0.669135
0.570408
0.508171
0.199805
0.537707
0.723074
0.414284
0.264002
0.979961
0.154191
0.412146
0.102501
0.16134
0.28417
0.998684
0.91166
0.566419
0.561587
0.513907
0.366782
0.534111
0.455038
0.393987
0.686485
0.672049
0.041342
0.616161
0.717736
0.826036
0.995889
0.290164
0.068484
0.148347
0.581762
0.165066
0.277767
0.698748
0.794889
0.859686
0.885826
0.299688
0.653897
0.213704
0.081603
0.475883
0.872195
0.783111
0.611796
0.659837
0.92311
0.43639
0.00041
0.828605
0.550772
0.77073
0.004547
0.994711
0.510617
0.970872
0.886946
0.586425
0.757469
0.277567
0.260139
0.656746
0.148769
0.578581
0.023789
0.259937
0.151285
0.335701
0.155552
0.515527
0.87017
0.822279
0.692185
0.819241
0.334965
0.96592
0.60576
0.055847
0.81687
0.530007
0.221827
0.001042
0.093841
0.732149
0.703383
0.525129
0.591395
0.743767
0.1011
0.579143
0.954624
0.540722
0.719825
0.128792
0.661976
0.027225
0.149417
0.711808
0.512633
0.193527
0.059575
0.830507
0.735405
0.216574
0.619052
0.772241
0.847319
0.385826
0.233712
0.452538
0.09272
0.828166
0.458268
0.725701
0.168286
0.1289
0.340086
0.006705
0.212376
0.160021
0.183441
0.686595
0.042372
0.182541
0.787935
0.420345
0.997328
0.868083
0.948317
0.833258
0.977064
0.822668
0.84725
0.056303
0.656422
0.235414
0.538185
0.101945
0.803524
0.521967
0.259184
0.286965
0.121756
0.05638
0.238341
0.198541
0.939097
0.125507
0.134342
0.208365
0.534386
0.952906
0.340295
0.690439
0.957371
0.50599
0.923801
0.231067
0.795712
0.714223
0.771513
0.053172
0.355803
0.531374
0.732952
0.597296
0.330299
0.697404
0.135806
0.238741
0.20897
0.207121
0.003583
0.959995
0.789921
0.112601
0.446159
0.771504
0.610258
0.217648
0.206799
0.547898
0.73906
0.674011
0.405575
0.626692
0.623612
0.005594
0.845532
0.698625
0.010299
0.676997
0.372442
0.241231
0.78648
0.680521
0.307247
0.323327
0.875184
0.916403
0.0237
0.380155
0.947721
0.493631
0.366813
0.724862
0.247859
0.765395
0.72356
0.556168
0.293746
0.355228
0.715625
0.470036
0.671176
0.227369
0.416036
0.461077
0.962079
0.472286
0.572668
0.917733
0.084759
0.913925
0.753668
0.20937
0.760527
0.798538
0.353965
0.656291
0.304603
0.520714
0.3424
0.42924
0.614573
0.463
0.769052
0.447423
0.968688
0.277613
0.846766
0.526767
0.452586
0.045858
0.26581
0.737508
0.948032
0.729246
0.386139
0.497386
0.804586
0.075044
0.346079
0.005537
0.210775
0.468656
0.848555
0.789657
0.258493
0.434963
0.413872
0.498396
0.698765
0.060129
0.740746
0.517861
0.441391
0.39175
0.152627
0.765639
0.555899
0.657203
0.183492
0.641871
0.406101
0.978563
0.347051
0.913009
0.462722
0.713188
0.781771
0.677175
0.445864
0.529863
0.427949
0.818823
0.127404
0.584371
0.414448
0.182753
0.637451
0.750425
0.950738
0.881701
0.220156
0.399088
0.925446
0.44456
0.114954
0.949593
0.491861
0.750299
0.618085
0.676851
0.603525
0.426037
0.507091
0.843019
0.772134
0.564912
0.056987
0.192431
0.538101
0.366546
0.771244
0.419267
0.984368
0.385985
0.651711
0.795967
0.038498
0.038294
0.252663
0.325536
0.680582
0.70536
0.119268
0.97509
0.018737
0.163869
0.066004
0.634373
0.282812
0.358586
0.668973
0.726749
0.725758
0.043652
0.476953
0.127033
0.981961
0.111806
0.444169
0.886328
0.098006
0.002891
0.96235
0.959556
0.412989
0.769228
0.554337
0.278968
0.031055
0.304755
0.806901
0.718201
0.577793
0.825778
0.097179
0.372497
0.467818
0.673255
0.498946
0.857868
0.435233
0.687649
0.172086
0.908782
0.283147
0.500678
0.112945
0.664605
0.173443
0.754735
0.691036
0.113509
0.900057
0.950482
0.087799
0.847822
0.833373
0.928247
0.585035
0.667413
0.10038
0.093446
0.20107
0.525254
0.466128
0.858049
0.154664
0.611541
0.098712
0.47954
0.343542
0.978142
0.704406
0.764893
0.526001
0.154248
0.146855
0.805473
0.861779
0.237912
0.426511
0.064726
0.588088
0.809573
0.26995
0.380621
0.424776
0.032436
0.094033
0.527264
0.262878
0.635884
0.694529
0.111635
0.924237
0.190466
0.523049
0.978534
0.313268
0.916167
0.682613
0.089046
0.648429
0.650398
0.556466
0.167602
0.926142
0.940699
0.671116
0.431343
0.049655
0.800199
0.016416
0.338497
0.991621
0.20737
0.16343
0.196511
0.436803
0.450146
0.593338
0.407061
0.758239
0.461878
0.792393
0.856915
0.679289
0.640474
0.856462
0.29002
0.452775
0.341358
0.131174
0.832587
0.379794
0.245399
0.428186
0.571305
0.478161
0.599329
0.939955
0.517013
0.355494
0.094135
0.05306
0.384998
0.47491
0.503956
0.59234
0.707017
0.838031
0.848024
0.982665
0.544772
0.935431
0.621748
0.013509
0.528469
0.288188
0.600018
0.200283
0.495435
0.636773
0.581187
0.057187
0.676634
0.608215
0.471492
0.183352
0.162135
0.625319
0.966517
0.722659
0.973176
0.373755
0.528429
0.147194
0.135612
0.57763
0.82037
0.011937
0.269855
0.41339
0.349404
0.851437
0.590467
0.147139
0.619629
0.080834
0.707784
0.639621
0.528857
0.460697
0.411714
0.182224
0.783392
0.503205
0.150918
0.526652
0.142977
0.329846
0.276277
0.091663
0.996294
0.882
0.773415
0.402373
0.61888
0.947713
0.92039
0.204407
0.130918
0.023355
0.955539
0.360575
0.020004
0.030002
0.858084
0.371548
0.1994
0.565067
0.635375
0.477259
0.802872
0.367557
0.65344
0.313951
0.222975
0.305576
0.014147
0.446041
0.067504
0.814882
0.65261
0.868234
0.260177
0.588134
0.949303
0.463621
0.753915
0.417695
0.451021
0.406933
0.187665
0.920199
0.114667
0.819873
0.114705
0.582793
0.79003
0.709603
0.639405
0.906116
0.172711
0.350347
0.379796
0.878821
0.557659
0.393237
0.923456
0.581344
0.89163
0.747476
0.701628
0.833393
0.744106
0.893835
0.40794
0.887288
0.937018
0.367689
0.300205
0.25258
0.298617
0.128755
0.98127
0.471031
0.156037
0.222117
0.045261
0.283815
0.194932
0.963516
0.250196
0.249668
0.596014
0.179131
0.177873
0.573066
0.944263
0.707527
0.75335
0.608688
0.90932
0.093096
0.00587
0.362728
0.327133
0.292132
0.936794
0.711861
0.675996
0.21445
0.553345
0.185757
0.068168
0.410119
0.477286
0.879083
0.608245
0.366187
0.537543
0.8682
0.966436
0.896768
0.018261
0.673839
0.520356
0.651312
0.569718
0.061143
0.342922
0.262447
0.797881
0.21475
0.080116
0.96123
0.82867
0.082884
0.804385
0.80637
0.997554
0.712613
0.608214
0.945612
0.9993
0.171105
0.075951
0.897301
0.835896
0.644953
0.458235
0.584937
0.679482
0.762943
0.569623
0.419213
0.416981
0.761392
0.065217
0.424478
0.496046
0.985441
0.536214
0.487719
0.566077
0.714426
0.358155
0.46543
0.240424
0.937131
0.338048
0.519698
0.981694
0.53037
0.447382
0.698088
0.829567
0.239868
0.367344
0.760809
0.398832
0.131421
0.486758
0.489935
0.620466
0.099149
0.706591
0.909067
0.78608
0.812645
0.931023
0.62569
0.484736
0.703198
0.421597
0.733613
0.746061
0.041278
0.073492
0.098464
0.934394
0.327545
0.093744
0.66103
0.791024
0.114669
0.752312
0.396761
0.295514
0.209289
0.665818
0.937852
0.524444
0.637621
0.68671
0.179879
0.957386
0.551245
0.202793
0.954689
0.066733
0.506111
0.299027
0.96395
0.184142
0.163162
0.62379
0.018822
0.427649
0.806073
0.452997
0.834001
0.971257
0.258594
0.467432
0.788113
0.869424
0.455018
0.214409
0.522898
0.056579
0.838854
0.082472
0.462526
0.492801
0.53559
0.903299
0.144558
0.918108
0.772802
0.878233
0.08983
0.214149
0.206679
0.699082
0.843114
0.26402
0.172074
0.151282
0.251197
0.266122
0.152113
0.304597
0.334571
0.124582
0.098944
0.55884
0.561192
0.6784
0.299861
0.605708
0.559609
0.763524
0.530359
0.260806
0.62111
0.028011
0.788085
0.846522
0.811727
0.231932
0.346913
0.09502
0.25295
0.701409
0.33904
0.614673
0.29049
0.219191
0.427999
0.818255
0.195409
0.826876
0.166784
0.30791
0.856642
0.519006
0.317152
0.533146
0.499427
0.644811
0.212353
0.371732
0.563672
0.797824
0.061759
0.43108
0.740914
0.39462
0.438798
0.346561
0.834435
0.788845
0.780851
0.994239
0.013197
0.780985
0.729278
0.152003
0.71485
0.15856
0.572116
0.590628
0.455741
0.215916
0.505865
0.123674
0.997386
0.584659
0.850476
0.267929
0.244318
0.084713
0.899465
0.00224
0.960629
0.134082
0.846083
0.749799
0.754848
0.068302
0.167824
0.168902
0.551218
0.810966
0.074131
0.782374
0.825703
0.025171
0.818429
0.418446
0.201196
0.575156
0.864671
0.371882
0.479334
0.254613
0.097779
0.824342
0.246106
0.963365
0.193043
0.204152
0.792657
0.018342
0.501275
0.293678
0.29639
0.39248
0.196623
0.27883
0.996381
0.215851
0.230525
0.553177
0.615084
0.187468
0.479398
0.698497
0.419589
0.52689
0.903529
0.886684
0.57886
0.140177
0.645043
0.424746
0.740879
0.924867
0.889248
0.689379
0.185999
0.945591
0.592445
0.992918
0.220833
0.565446
0.891931
0.320308
0.710623
0.28911
0.356538
0.541808
0.311359
0.975411
0.75069
0.034003
0.132366
0.172527
0.705719
0.703474
0.67737
0.145942
0.79068
0.627012
0.852991
0.609627
0.246561
0.185879
0.558729
0.813591
0.968568
0.54883
0.113298
0.269514
0.339918
0.215661
0.49152
0.656476
0.126289
0.466806
0.691308
0.026226
0.15848
0.223838
0.854388
0.629211
0.266032
0.558746
0.810164
0.861941
0.122289
0.308036
0.037036
0.142359
0.193062
0.611048
0.144209
0.833661
0.942279
0.339768
0.4999
0.286198
0.275513
0.77221
0.778584
0.878292
0.805286
0.579754
0.769457
0.291643
0.996087
0.65283
0.761161
0.503219
0.719058
0.426434
0.287527
0.348029
0.2769
0.998125
0.224254
0.151673
0.341313
0.475209
0.59941
0.011703
0.884599
0.531487
0.848603
0.642523
0.899724
0.373838
0.91567
0.824793
0.792856
0.658621
0.165435
0.261607
0.209304
0.90864
0.409161
0.755612
0.754507
0.523957
0.994823
0.166926
0.65068
0.375214
0.306318
0.318495
0.443756
0.668584
0.377867
0.315822
0.352529
0.389896
0.284777
0.108849
0.117083
0.108375
0.560767
0.720936
0.051242
0.366568
0.956686
0.247528
0.136334
0.509078
0.957262
0.207668
0.788943
0.465239
0.109148
0.148663
0.651487
0.120625
0.934339
0.854527
0.90866
0.716363
0.687921
0.213882
0.829126
0.685376
0.162747
0.462264
0.852737
0.723041
0.047918
0.216777
0.367991
0.550161
0.635458
0.741994
0.341013
0.560064
0.437227
0.286533
0.91156
0.949605
0.228527
0.999496
0.037489
0.084078
0.408248
0.865705
0.982438
0.770127
0.823051
0.434569
0.049837
0.862961
0.577939
0.860464
0.238204
0.361257
0.907208
0.11394
0.617127
0.858103
0.85302
0.924229
0.365371
0.3312
0.96973
0.270174
0.320225
0.078898
0.586772
0.902506
0.142
0.129461
0.10005
0.125616
0.363531
0.685438
0.649688
0.6555
0.606736
0.292184
0.463337
0.994483
0.704675
0.799708
0.306834
0.145284
0.391478
0.177189
0.840263
0.078192
0.513175
0.662603
0.695602
0.159204
0.217935
0.318625
0.463029
0.714203
0.250616
0.10414
0.184498
0.984666
0.554085
0.896062
0.078858
0.448464
0.142495
0.783364
0.331373
0.541421
0.291772
0.654993
0.359153
0.0816
0.916822
0.171921
0.883677
0.01643
0.751783
0.785151
0.029704
0.59652
0.486769
0.855397
0.996495
0.527764
0.800432
0.208523
0.111437
0.210514
0.215619
0.818716
0.350811
0.594714
0.239947
0.440255
0.49488
0.610089
0.860589
0.242682
0.788884
0.80221
0.486099
0.853544
0.154604
0.356193
0.41326
0.202003
0.780422
0.724409
0.454353
0.991716
0.427485
0.779783
0.85976
0.050849
0.057152
0.003749
0.508106
0.219732
0.093133
0.804233
0.762747
0.471776
0.651752
0.373979
0.339706
0.611612
0.294026
0.974458
0.909607
0.426034
0.006016
0.432935
0.880356
0.406837
0.419368
0.945672
0.957774
0.362771
0.498495
0.647137
0.068435
0.726582
0.018403
0.103827
0.443449
0.009849
0.463447
0.26062
0.395222
0.986631
0.347311
0.214129
0.403716
0.725773
0.921374
0.623334
0.781088
0.039456
0.385488
0.773956
0.573032
0.294629
0.970294
0.122452
0.790935
0.78634
0.856133
0.56053
0.875898
0.312347
0.119939
0.189368
0.675934
0.162167
0.324852
0.57662
0.758197
0.405207
0.835013
0.418701
0.917303
0.915313
0.205686
0.366795
0.174282
0.069843
0.297145
0.529666
0.454644
0.401122
0.024156
0.962455
0.964961
0.712666
0.165387
0.012157
0.048488
0.20447
0.878472
0.205717
0.756616
0.290415
0.565303
0.200088
0.558408
0.03654
0.90894
0.226819
0.831272
0.568218
0.326271
0.094695
0.787037
0.103954
0.359808
0.893812
0.80311
0.249218
0.937387
0.306689
0.80411
0.182219
0.631808
0.270729
0.212888
0.103356
0.851794
0.82277
0.42181
0.222497
0.419015
0.302731
0.435927
0.449788
0.496085
0.384458
0.298476
0.980363
0.572423
0.99237
0.545234
0.125612
0.762906
0.924122
0.998483
0.588297
0.874855
0.40333
0.2561
0.799499
0.719416
0.849886
0.37498
0.878525
0.173187
0.71284
0.946287
0.698231
0.137302
0.640354
0.90881
0.624938
0.550294
0.807804
0.70089
0.947466
0.141556
0.659986
0.20413
0.809657
0.600356
0.544974
0.422693
0.151997
0.558086
0.065245
0.026158
0.830082
0.884709
0.113432
0.479907
0.884234
0.548064
0.21674
0.025618
0.258224
0.375326
0.493094
0.909708
0.553116
0.322805
0.505278
0.144977
0.765356
0.836879
0.808324
0.475031
0.48182
0.594461
0.204298
0.003519
0.282734
0.540793
0.32262
0.09922
0.522285
0.345491
0.047397
0.451624
0.135273
0.43432
0.637478
0.863263
0.726908
0.87127
0.753181
0.97735
0.043387
0.953956
0.435615
0.869976
0.374412
0.026936
0.140188
0.669896
0.030017
0.317519
0.167617
0.328796
0.676776
0.958839
0.809047
0.95451
0.96534
0.976379
0.693731
0.622304
0.406393
0.28415
0.308425
0.831386
0.966183
0.195205
0.935662
0.998172
0.725757
0.961774
0.363227
0.325171
0.593982
0.294947
0.867775
0.738251
0.222811
0.608555
0.253921
0.32396
0.457537
0.123049
0.222046
0.74028
0.843962
0.755711
0.938984
0.562491
0.528975
0.20474
0.347599
0.954064
0.170243
0.093933
0.654072
0.885985
0.834667
0.260105
0.275461
0.53578
0.247045
0.538414
0.930062
0.343871
0.726026
0.105386
0.040278
0.458405
0.183489
0.947302
0.886724
0.281616
0.511779
0.850126
0.331098
0.273743
0.397548
0.706919
0.924397
0.641183
0.078373
0.240302
0.156213
0.994277
0.346733
0.469832
0.212614
0.867713
0.701548
0.158518
0.493973
0.707933
0.891156
0.087793
0.779204
0.357604
0.552241
0.415054
0.112691
0.892771
0.378446
0.35834
0.380901
0.110301
0.547562
0.187899
0.976765
0.099252
0.491388
0.164407
0.051447
0.640781
0.201789
0.493059
0.681219
0.309172
0.191583
0.094631
0.227532
0.043589
0.412434
0.208768
0.221299
0.286949
0.381158
0.926556
0.897788
0.318155
0.244624
0.446966
0.22322
0.498322
0.146222
0.549619
0.761822
0.515965
0.886507
0.209249
0.647945
0.737452
0.98918
0.655533
0.369862
0.8939
0.859934
0.813903
0.366873
0.123753
0.306803
0.897299
0.015873
0.999878
0.465618
0.253441
0.002155
0.669619
0.774449
0.212832
0.065965
0.264573
0.695826
0.554282
0.941349
0.17971
0.334446
0.921641
0.332348
0.203687
0.288547
0.437256
0.483766
0.47177
0.023197
0.827518
0.782318
0.695458
0.734053
0.251996
0.917401
0.494124
0.156225
0.966023
0.052802
0.915769
0.345382
0.539775
0.38966
0.052858
0.256701
0.223565
0.87553
0.525861
0.464195
0.603267
0.442115
0.443312
0.446277
0.914225
0.591414
0.905005
0.330333
0.120678
0.078203
0.142609
0.916445
0.614453
0.78358
0.186847
0.98449
0.06541
0.180442
0.424434
0.186857
0.478228
0.308072
0.767148
0.535618
0.820743
0.259324
0.885499
0.326492
0.954428
0.21906
0.565748
0.172638
0.590946
0.482717
0.470385
0.361369
0.897811
0.578943
0.074753
0.427064
0.857973
0.482116
0.007001
0.532289
0.285755
0.631037
0.373521
0.624295
0.178707
0.721625
0.145917
0.072627
0.559809
0.560659
0.792482
0.301478
0.417215
0.544839
0.766184
0.503805
0.522365
0.119907
0.916479
0.571852
0.312703
0.072742
0.598575
0.941877
0.992892
0.391642
0.144941
0.013975
0.355575
0.1368
0.63205
0.869077
0.330055
0.287435
0.674536
0.422614
0.674368
0.939559
0.193229
0.3248
0.215137
0.823882
0.661986
0.970138
0.051841
0.855125
0.750962
0.595074
0.973314
0.144333
0.954919
0.834955
0.390028
0.82419
0.217047
0.451199
0.946456
0.669553
0.028557
0.102165
0.486961
0.362637
0.695995
0.333544
0.229882
0.541322
0.867277
0.228781
0.079717
0.50014
0.909821
0.461064
0.982996
0.648493
0.597702
0.931329
0.710213
0.613471
0.114448
0.83943
0.969695
0.877678
0.346172
0.052992
0.811176
0.637472
0.817594
0.028781
0.154664
0.063652
0.128126
0.517021
0.867078
0.555653
0.242787
0.423542
0.314024
0.439103
0.723597
0.535927
0.012333
0.188002
0.640917
0.139066
0.52214
0.580991
0.539548
0.834353
0.432756
0.572336
0.933518
0.55079
0.678104
0.396962
0.550747
0.356811
0.59272
0.082353
0.754655
0.238419
0.481691
0.101588
0.309968
0.994676
0.329582
0.698641
0.620282
0.268277
0.390813
0.469855
0.575115
0.81287
0.810327
0.246524
0.715814
0.249572
0.369324
0.439712
0.240011
0.964701
0.189295
0.950981
0.264693
0.765541
0.953216
0.562239
0.90906
0.478032
0.804032
0.040481
0.064944
0.711573
0.953901
0.031927
0.177189
0.075276
0.392296
0.215644
0.451297
0.331203
0.995883
0.30846
0.119475
0.825198
0.732634
0.241522
0.965821
0.258003
0.772613
0.327078
0.856686
0.817654
0.77392
0.212443
0.075279
0.129332
0.760633
0.914358
0.432398
0.463157
0.575815
0.963189
0.134678
0.675399
0.92279
0.402626
0.550759
0.762689
0.15479
0.473561
0.324263
0.948838
0.913008
0.690624
0.051651
0.462344
0.539287
0.615818
0.379125
0.850317
0.586783
0.443433
0.403794
0.80907
0.520009
0.560592
0.669907
0.030859
0.43941
0.519375
0.222009
0.691324
0.810818
0.391635
0.045784
0.292649
0.944068
0.3874
0.727297
0.868834
0.985729
0.54157
0.065214
0.091008
0.200638
0.587604
0.874095
0.643073
0.933858
0.374319
0.379407
0.929864
0.252086
0.01443
0.924353
0.919926
0.690356
0.527381
0.427968
0.157745
0.948193
0.965261
0.528409
0.848221
0.683946
0.194466
0.864933
0.336953
0.265638
0.810096
0.21547
0.163519
0.83122
0.896492
0.063741
0.10563
0.703796
0.627822
0.158822
0.717692
0.840606
0.648667
0.271815
0.540393
0.836926
0.112883
0.190794
0.219032
0.906319
0.69259
0.266212
0.924967
0.837504
0.156189
0.734145
0.48708
0.671324
0.355971
0.701422
0.229106
0.953446
0.165183
0.546179
0.618495
0.172761
0.581775
0.991053
0.357385
0.268093
0.518203
0.035661
0.492783
0.53745
0.78564
0.958502
0.067394
0.533515
0.704203
0.236918
0.924309
0.103763
0.611197
0.402086
0.73333
0.003551
0.883143
0.020322
0.078683
0.565408
0.518643
0.942228
0.474223
0.493972
0.530214
0.532371
0.492217
0.319729
0.841925
0.380616
0.104025
0.828126
0.151812
0.144546
0.462805
0.577565
0.283287
0.650166
0.410391
0.653613
0.887922
0.340643
0.373929
0.464297
0.697082
0.263417
0.946924
0.542511
0.38017
0.788641
0.234283
0.067837
0.030119
0.987027
0.424903
0.523881
0.277114
0.31444
0.606657
0.851771
0.578895
0.054501
0.178316
0.088069
0.128694
0.202827
0.478657
0.832269
0.196364
0.425008
0.098022
0.35687
0.391673
0.274291
0.00767
0.498763
0.732588
0.109153
0.964215
0.754003
0.84468
0.533767
0.297739
0.512675
0.763294
0.872699
0.91208
0.452186
0.645905
0.945796
0.384811
0.165017
0.765211
0.07321
0.308989
0.883095
0.31107
0.306132
0.392866
0.374058
0.196874
0.907149
0.4278
0.572177
0.39643
0.033055
0.045371
0.187412
0.776294
0.720162
0.303199
0.338945
0.368679
0.2958
0.202294
0.431661
0.544194
0.159498
0.428977
0.370606
0.430269
0.199245
0.217533
0.987208
0.741403
0.097437
0.927437
0.67232
0.797714
0.211112
0.816557
0.042277
0.238814
0.278933
0.797061
0.767509
0.045204
0.825356
0.472291
0.365746
0.357362
0.070495
0.655209
0.43586
0.985226
0.877191
0.906723
0.139954
0.423557
0.362152
0.478357
0.343531
0.200115
0.120695
0.368982
0.333248
0.411887
0.077702
0.204227
0.097523
0.492808
0.657853
0.326149
0.549675
0.840847
0.718238
0.658292
0.604582
0.398597
0.938411
0.782688
0.742736
0.201049
0.65243
0.130405
0.340223
0.451339
0.192807
0.30358
0.99795
0.52193
0.268882
0.048863
0.551781
0.594472
0.404762
0.322685
0.794894
0.149789
0.476216
0.727408
0.44539
0.708759
0.717592
0.094872
0.730148
0.694024
0.741105
0.489811
0.464647
0.982085
0.990616
0.738392
0.501967
0.297969
0.736054
0.468289
0.822417
0.23294
0.797164
0.663318
0.088383
0.145167
0.774206
0.996405
0.359178
0.457453
0.358187
0.03737
0.232672
0.162098
0.003852
0.449694
0.130311
0.889783
0.288638
0.565849
0.097698
0.026578
0.286029
0.092323
0.835172
0.399147
0.995146
0.393022
0.713678
0.453707
0.998098
0.968536
0.077347
0.617709
0.20318
0.579155
0.528704
0.523775
0.043289
0.130023
0.561005
0.757031
0.273157
0.28646
0.156092
0.644684
0.617825
0.455151
0.379617
0.37066
0.948377
0.993577
0.810357
0.158389
0.902628
0.785102
0.781271
0.599422
0.970803
0.282225
0.154208
0.810923
0.966467
0.960321
0.67874
0.301002
0.669173
0.891887
0.80663
0.899156
0.350664
0.943103
0.157775
0.734241
0.806312
0.709297
0.413373
0.468765
0.460743
0.798813
0.148483
0.300572
0.787883
0.629484
0.276116
0.11823
0.148506
0.822059
0.374456
0.598075
0.917258
0.557972
0.771051
0.48808
0.194393
0.509174
0.184681
0.709912
0.353845
0.536963
0.776278
0.14463
0.566171
0.718322
0.594162
0.219409
0.833081
0.213112
0.131764
0.108236
0.14657
0.338745
0.513559
0.898348
0.072658
0.211279
0.201241
0.242339
0.371627
0.657218
0.151023
0.211572
0.654945
0.779269
0.548784
0.003924
0.246439
0.464008
0.021548
0.234847
0.34338
0.892476
0.081289
0.654283
0.851835
0.99777
0.674076
0.695347
0.905834
0.795762
0.591634
0.425123
0.632607
0.123787
0.631811
0.767057
0.231148
0.411615
0.226946
0.042772
0.446758
0.990449
0.97008
0.019499
0.543946
0.815907
0.374184
0.819775
0.435645
0.580999
0.486237
0.239921
0.697779
0.617881
0.092057
0.196112
0.211588
0.136945
0.947234
0.084856
0.989921
0.084456
0.382603
0.997778
0.276942
0.904181
0.926393
0.789598
0.609329
0.269831
0.783227
0.911474
0.753055
0.990902
0.742814
0.229173
0.926011
0.260342
0.698379
0.334499
0.512854
0.977845
0.315753
0.820374
0.665693
0.553333
0.211056
0.792861
0.532326
0.05236
0.49393
0.324187
0.426203
0.499273
0.434275
0.715688
0.696204
0.758278
0.751517
0.512456
0.492447
0.741476
0.936356
0.924002
0.724288
0.985148
0.237647
0.728634
0.80731
0.349326
0.323216
0.536772
0.16783
0.854479
0.183523
0.697475
0.291912
0.997905
0.517692
0.279564
0.866128
0.372036
0.438065
0.509089
0.710605
0.684614
0.074045
0.261531
0.5099
0.584738
0.049979
0.148789
0.78424
0.440228
0.350909
0.08784
0.561852
0.679467
0.77932
0.31417
0.398335
0.280421
0.782276
0.038799
0.894857
0.540456
0.846747
0.683315
0.941264
0.293841
0.899043
0.500409
0.864321
0.683768
0.216978
0.492362
0.314237
0.048505
0.558122
0.775067
0.784035
0.703169
0.429949
0.410938
0.293682
0.83319
0.039631
0.731221
0.396749
0.106614
0.273428
0.580789
0.104444
0.025522
0.166639
0.84045
0.728314
0.663571
0.456582
0.575718
0.458881
0.73126
0.307594
0.641796
0.211407
0.627177
0.156615
0.077466
0.947973
0.799041
0.281119
0.148224
0.68408
0.535145
0.200911
0.249508
0.163219
0.85876
0.914196
0.304852
0.266058
0.55571
0.158528
0.745901
0.095752
0.53517
0.901325
0.358252
0.933774
0.767355
0.455935
0.914478
0.756495
0.187941
0.07999
0.255253
0.38398
0.264127
0.582991
0.673123
0.291925
0.792772
0.669146
0.811653
0.90754
0.660641
0.506547
0.755727
0.452212
0.813827
0.443043
0.866767
0.067672
0.496781
0.005071
0.949929
0.936796
0.377358
0.143708
0.7062
0.9402
0.328061
0.868992
0.626034
0.231632
0.209884
0.835079
0.649785
0.365692
0.092517
0.421114
0.320625
0.960527
0.048008
0.989575
0.488824
0.84398
0.299742
0.496624
0.640407
0.907975
0.719098
0.135781
0.526229
0.103461
0.892818
0.768102
0.917375
0.924112
0.455246
0.193584
0.101673
0.792078
0.725565
0.902519
0.446903
0.343492
0.499405
0.966
0.188222
0.475309
0.78108
0.906806
0.187896
0.573492
0.064052
0.424758
0.633185
0.748438
0.250285
0.936444
0.068138
0.436472
0.601917
0.907843
0.495691
0.562705
0.090464
0.556649
0.232861
0.527818
0.717351
0.748126
0.651911
0.776604
0.744508
0.074891
0.670329
0.205474
0.677335
0.695372
0.040423
0.003283
0.224392
0.770813
0.302155
0.113056
0.546377
0.404109
0.76943
0.075031
0.485376
0.282135
0.978731
0.976116
0.013896
0.110073
0.478696
0.970925
0.788745
0.764552
0.4727
0.63369
0.6644
0.996111
0.674107
0.307654
0.709438
0.187467
0.27916
0.456481
0.641297
0.468289
0.371265
0.1512
0.488423
0.860181
0.036456
0.092985
0.203911
0.111252
0.227819
0.945008
0.237481
0.194905
0.088496
0.137396
0.227208
0.938381
0.840413
0.137418
0.698934
0.327054
0.421847
0.199776
0.144676
0.681974
0.121123
0.356501
0.403189
0.256495
0.185886
0.277626
0.385192
0.485153
0.635273
0.67915
0.963609
0.860781
0.218082
0.958455
0.378308
0.038408
0.833285
0.355296
0.471899
0.000695
0.416909
0.192415
0.941921
0.8253
0.705433
0.931224
0.029968
0.322697
0.505528
0.321039
0.580119
0.380911
0.841889
0.306409
0.804612
0.192912
0.679144
0.623156
0.639297
0.3488
0.42899
0.964219
0.044425
0.239759
0.700581
0.251092
0.114927
0.982462
0.556721
0.759146
0.531907
0.200594
0.904395
0.44766
0.205344
0.23143
0.961055
0.951132
0.245798
0.972648
0.905818
0.868439
0.326614
0.885614
0.599842
0.761289
0.330682
0.530515
0.993146
0.119201
0.323067
0.010215
0.169758
0.227213
0.514615
0.971376
0.707234
0.484245
0.362354
0.058528
0.418909
0.253777
0.948388
0.597526
0.811649
0.612322
0.181728
0.026042
0.994918
0.902585
0.766637
0.862118
0.697184
0.874157
0.451887
0.495208
0.742929
0.080671
0.386888
0.451123
0.641631
0.00127
0.041954
0.460487
0.318885
0.788421
0.984649
0.646611
0.057257
0.508832
0.858235
0.892604
0.749195
0.488715
0.977324
0.159561
0.897552
0.430006
0.891289
0.770462
0.621911
0.539349
0.991567
0.872115
0.522451
0.226819
0.412943
0.290617
0.696183
0.113933
0.191244
0.698819
0.941604
0.198334
0.374545
0.760029
0.162134
0.16574
0.019026
0.7268
0.947508
0.181578
0.227739
0.429209
0.546196
0.962706
0.663977
0.778924
0.370994
0.868138
0.605333
0.852452
0.536913
0.562122
0.664577
0.127102
0.95862
0.129572
0.653866
0.096306
0.453494
0.496818
0.050142
0.664182
0.223911
0.354815
0.456123
0.369976
0.032775
0.37886
0.641152
0.750434
0.068929
0.014907
0.976879
0.755176
0.088172
0.652736
0.833294
0.201471
0.420812
0.560095
0.394715
0.250414
0.173343
0.388458
0.569759
0.991812
0.955997
0.405038
0.411938
0.782572
0.570697
0.75271
0.862572
0.191476
0.121911
0.203823
0.811414
0.24392
0.185895
0.971071
0.486158
0.253797
0.341449
0.827943
0.680779
0.548827
0.411295
0.407584
0.233507
0.949828
0.672039
0.14606
0.57242
0.245231
0.215048
0.89281
0.779384
0.842633
0.757419
0.516561
0.837891
0.255758
0.467618
0.313538
0.641964
0.951485
0.217054
0.649134
0.069352
0.060401
0.341802
0.818272
0.572462
0.062593
0.422014
0.477454
0.29344
0.900013
0.270253
0.759689
0.415062
0.284625
0.901408
0.626717
0.594214
0.516478
0.841386
0.323222
0.173113
0.046688
0.686559
0.220413
0.749389
0.772973
0.480205
0.208627
0.460083
0.695165
0.795708
0.560709
0.038284
0.392844
0.718624
0.662727
0.678483
0.48889
0.273627
0.310836
0.987003
0.811686
0.034259
0.197936
0.130177
0.198439
0.191859
0.667931
0.30923
0.34691
0.395945
0.904933
0.773202
0.012158
0.991517
0.160391
0.644622
0.645414
0.969397
0.82789
0.203328
0.606489
0.120232
0.895851
0.589338
0.115481
0.423101
0.341835
0.473522
0.438136
0.074661
0.510042
0.599315
0.668746
0.633167
0.736893
0.462844
0.635216
0.444498
0.999406
0.964431
0.994074
0.464093
0.106401
0.162668
0.558002
0.580042
0.026945
0.140421
0.994494
0.948543
0.970254
0.140727
0.187419
0.235111
0.311808
0.767042
0.164293
0.252286
0.786782
0.879368
0.996706
0.429761
0.409502
0.079416
0.15212
0.308971
0.720448
0.790896
0.162766
0.847881
0.488633
0.717264
0.709152
0.161929
0.695816
0.644138
0.194839
0.903099
0.283759
0.628147
0.815973
0.966089
0.332264
0.498598
0.492362
0.276468
0.348102
0.478576
0.628276
0.918134
0.353425
0.871031
0.511429
0.967753
0.722181
0.774793
0.247834
0.972854
0.220383
0.008324
0.426404
0.207019
0.560693
0.936822
0.771659
0.547245
0.721511
0.139625
0.609639
0.504451
0.643189
0.370426
0.463512
0.200861
0.831224
0.362454
0.050621
0.963236
0.850175
0.824559
0.159981
0.570442
0.682326
0.961067
0.399832
0.188664
0.080205
0.99192
0.388248
0.614053
0.723442
0.196721
0.945521
0.288852
0.70054
0.845576
0.811399
0.758132
0.482999
0.004575
0.070964
0.080521
0.497787
0.012664
0.03419
0.906785
0.390096
0.444328
0.701308
0.292722
0.769229
0.986141
0.743404
0.186716
0.388186
0.619064
0.983258
0.195905
0.299751
0.620996
0.192011
0.953758
0.098558
0.236561
0.1527
0.576093
0.328307
0.513682
0.13242
0.668135
0.825635
0.786014
0.966031
0.510509
0.880006
0.616327
0.227684
0.760261
0.300773
0.380896
0.410964
0.625333
0.761654
0.744106
0.536774
0.052095
0.849453
0.378764
0.741794
0.838678
0.082612
0.421609
0.020323
0.274697
0.947908
0.264579
0.002764
0.908848
0.019175
0.5981
0.474489
0.949858
0.752533
0.850201
0.426347
0.760558
0.370588
0.081974
0.101693
0.098471
0.964632
0.522088
0.898899
0.756132
0.959009
0.368441
0.577789
0.022917
0.905879
0.985383
0.90198
0.160456
0.807738
0.01026
0.951015
0.812236
0.224815
0.64544
0.663349
0.918009
0.411948
0.376569
0.418319
0.846135
0.387088
0.754435
0.934746
0.843837
0.766396
0.870876
0.302464
0.556161
0.709166
0.174173
0.610653
0.883366
0.011645
0.623954
0.212195
0.767042
0.357216
0.321871
0.786246
0.797956
0.215241
0.631736
0.380316
0.045602
0.579794
0.742847
0.392171
0.837353
0.912018
0.456223
0.711865
0.527709
0.195026
0.723811
0.240436
0.422201
0.771742
0.222407
0.511796
0.334338
0.420964
0.445174
0.884744
0.379128
0.953256
0.160769
0.593074
0.845582
0.421887
0.914212
0.826779
0.696073
0.973973
0.184952
0.5981
0.05562
0.494561
0.552452
0.256773
0.646686
0.305358
0.95181
0.653609
0.009335
0.982327
0.501581
0.632977
0.309344
0.891302
0.141432
0.615345
0.847177
0.82598
0.069079
0.220181
0.921892
0.998227
0.032723
0.031009
0.199135
0.060184
0.286697
0.639879
0.272712
0.499247
0.35376
0.640308
0.9526
0.529437
0.73007
0.805412
0.103494
0.21333
0.215828
0.442305
0.66969
0.827093
0.21459
0.144573
0.758851
0.007566
0.196904
0.077435
0.769814
0.103687
0.282402
0.086551
0.081816
0.368062
0.031164
0.456822
0.508333
0.236736
0.163494
0.268465
0.460559
0.501885
0.782573
0.054083
0.732781
0.423203
0.991085
0.32469
0.277398
0.133013
0.438372
0.638992
0.695857
0.318342
0.333599
0.128126
0.855411
0.158713
0.731836
0.194608
0.968566
0.367606
0.189344
0.519564
0.730719
0.539019
0.508921
0.268746
0.053439
0.628575
0.883068
0.530688
0.053467
0.862702
0.899342
0.756038
0.689644
0.022567
0.38504
0.450154
0.129594
0.49706
0.355052
0.118945
0.187869
0.323437
0.598819
0.814581
0.555755
0.168318
0.999247
0.655548
0.373378
0.203597
0.617008
0.882782
0.146405
0.727612
0.975795
0.291855
0.775578
0.952989
0.83259
0.640125
0.554636
0.170976
0.778027
0.388615
0.599996
0.397875
0.449596
0.837613
0.466508
0.492318
0.756697
0.286944
0.302896
0.731349
0.25911
0.727176
0.009716
0.41606
0.904225
0.31193
0.410584
0.733296
0.153088
0.954616
0.837807
0.614364
0.489794
0.519247
0.188281
0.453188
0.632538
0.385332
0.619073
0.989218
0.676462
0.698006
0.64446
0.682274
0.759409
0.1378
0.322216
0.42684
0.39731
0.066707
0.691008
0.182352
0.779077
0.49839
0.164629
0.162508
0.059454
0.071973
0.595593
0.562865
0.714531
0.522163
0.613417
0.655647
0.240545
0.740138
0.79204
0.650337
0.842127
0.224253
0.95839
0.452954
0.844826
0.207137
0.164589
0.072373
0.922252
0.98515
0.460315
0.967212
0.255109
0.147618
0.180255
0.03403
0.003496
0.405311
0.610861
0.932979
0.070508
0.603899
0.090389
0.076896
0.732711
0.232649
0.079999
0.355095
0.382265
0.321935
0.117546
0.576209
0.73863
0.459751
0.792833
0.746359
0.15704
0.141822
0.36048
0.596616
0.100743
0.302827
0.359136
0.400986
0.937833
0.060012
0.593393
0.200082
0.259568
0.514686
0.474365
0.569247
0.551592
0.102336
0.559275
0.759216
0.130881
0.521558
0.989272
0.43788
0.465489
0.029838
0.263414
0.968613
0.923287
0.21457
0.705085
0.955698
0.799641
0.986893
0.524753
0.856094
0.115738
0.714638
0.762947
0.456888
0.98317
0.457435
0.029458
0.495655
0.098829
0.808943
0.012195
0.799888
0.798299
0.78112
0.407739
0.329968
0.841035
0.806945
0.889775
0.982621
0.483077
0.765374
0.948532
0.078398
0.035353
0.18385
0.041775
0.613531
0.455072
0.665236
0.063346
0.428236
0.775374
0.620796
0.213718
0.841869
0.046534
0.168229
0.523442
0.352154
0.833424
0.413086
0.145703
0.025396
0.405178
0.113644
0.896881
0.857951
0.976272
0.191027
0.058697
0.328603
0.280956
0.893717
0.688653
0.492423
0.089077
0.368964
0.134526
0.246421
0.598368
0.264488
0.059201
0.619625
0.358926
0.358654
0.897036
0.261115
0.339882
0.640905
0.860949
0.661091
0.346287
0.446272
0.127581
0.085642
0.183985
0.440293
0.156819
0.020737
0.719586
0.294949
0.334694
0.612718
0.720421
0.52264
0.896686
0.825669
0.444403
0.80227
0.657167
0.420419
0.546709
0.851581
0.558244
0.588723
0.634037
0.669245
0.461988
0.709318
0.181612
0.892379
0.656078
0.068489
0.427849
0.080428
0.214951
0.82607
0.707555
0.630076
0.553476
0.776519
0.622199
0.053745
0.455015
0.740182
0.894856
0.101945
0.459268
0.1257
0.911473
0.580039
0.732859
0.564218
0.666719
0.918528
0.37305
0.498476
0.106215
0.089534
0.35608
0.075867
0.574205
0.863864
0.791676
0.352846
0.03841
0.82985
0.000567
0.724617
0.189795
0.939248
0.846912
0.353929
0.545051
0.839485
0.581603
0.620314
0.531261
0.808433
0.871416
0.11342
0.321756
0.233739
0.866916
0.189187
0.875751
0.812265
0.388067
0.46356
0.793211
0.972309
0.027963
0.196135
0.346783
0.57374
0.368402
0.421283
0.363163
0.573832
0.431733
0.614723
0.53272
0.422668
0.468039
0.006554
0.375317
0.758716
0.322014
0.369158
0.316756
0.818171
0.538558
0.606327
0.002538
0.390641
0.007253
0.651451
0.012357
0.953883
0.250103
0.551225
0.472941
0.612773
0.276591
0.894988
0.177241
0.988185
0.765035
0.559976
0.240745
0.40367
0.280752
0.865637
0.236338
0.493548
0.292246
0.421919
0.235006
0.177791
0.16202
0.370945
0.584049
0.594792
0.401483
0.460188
0.202664
0.925696
0.981906
0.284092
0.34611
0.182717
0.969452
0.885541
0.369432
0.197695
0.88307
0.026497
0.367163
0.210984
0.414311
0.314137
0.512739
0.136973
0.397401
0.191206
0.984522
0.870385
0.02821
0.772733
0.511825
0.556745
0.397858
0.118601
0.010163
0.509116
0.733009
0.972368
0.242684
0.994301
0.176242
0.141095
0.531292
0.749303
0.138698
0.396058
0.551179
0.739196
0.864409
0.450729
0.861457
0.876339
0.145648
0.72932
0.988495
0.557007
0.754316
0.981928
0.468593
0.366073
0.05481
0.928413
0.920242
0.235184
0.631226
0.815379
0.018059
0.972912
0.305699
0.550082
0.930278
0.995525
0.35505
0.575425
0.716384
0.395787
0.256674
0.951041
0.896516
0.035876
0.49519
0.59437
0.554945
0.405765
0.039022
0.823608
0.130386
0.632443
0.873405
0.85326
0.266722
0.128658
0.605076
0.661724
0.929995
0.505968
0.810607
0.676852
0.356433
0.948471
0.924004
0.231136
0.019528
0.215427
0.298376
0.579105
0.934323
0.150441
0.124888
0.813437
0.434783
0.771055
0.83476
0.05079
0.910235
0.453845
0.966299
0.32152
0.996639
0.557232
0.913735
0.224523
0.933088
0.568464
0.741741
0.049994
0.942233
0.875526
0.148371
0.349889
0.932108
0.431787
0.511015
0.884376
0.242864
0.288468
0.232744
0.424031
0.75907
0.008886
0.15711
0.555484
0.301691
0.714888
0.4864
0.998089
0.286519
0.295441
0.762472
0.653423
0.708001
0.460644
0.43139
0.821101
0.455848
0.502152
0.809987
0.524178
0.283753
0.971071
0.467436
0.686444
0.218527
0.498824
0.908513
0.595327
0.338328
0.658468
0.577217
0.652566
0.757842
0.427393
0.318944
0.500957
0.469901
0.595039
0.37964
0.862461
0.625346
0.082018
0.488975
0.144392
0.324086
0.879374
0.205369
0.473608
0.915748
0.925619
0.340906
0.724377
0.797643
0.614481
0.193242
0.745852
0.751008
0.805234
0.958913
0.809991
0.694902
0.238217
0.520086
0.87723
0.811471
0.375441
0.123023
0.443966
0.160702
0.885491
0.323401
0.003948
0.046964
0.027896
0.731415
0.625915
0.912851
0.902005
0.189081
0.364271
0.678227
0.328686
0.282833
0.102816
0.688102
0.393584
0.752541
0.549297
0.931054
0.654249
0.937699
0.853479
0.671763
0.147634
0.055845
0.356997
0.641522
0.859406
0.630108
0.415239
0.324684
0.963905
0.811085
0.337566
0.026651
0.96086
0.67778
0.501369
0.124505
0.315519
0.008367
0.20654
0.833256
0.029931
0.022336
0.514866
0.193336
0.62944
0.088539
0.292781
0.197024
0.941628
0.073909
0.894939
0.162174
0.517496
0.2884
0.892327
0.515342
0.797832
0.58011
0.755658
0.590164
0.402227
0.982633
0.293682
0.016232
0.241722
0.320609
0.883657
0.081202
0.818595
0.038159
0.275661
0.456383
0.698028
0.325604
0.50791
0.236237
0.331139
0.14517
0.691532
0.115537
0.276613
0.546235
0.295004
0.807309
0.143462
0.944295
0.081616
0.192396
0.942112
0.031981
0.305751
0.598537
0.072182
0.472407
0.770009
0.418517
0.981348
0.976005
0.48634
0.99223
0.305939
0.570922
0.684214
0.317801
0.632746
0.824723
0.461604
0.954515
0.20784
0.045723
0.82317
0.429012
0.795301
0.551655
0.368615
0.34163
0.265755
0.065982
0.793037
0.428201
0.703503
0.346088
0.471993
0.730755
0.4926
0.619582
0.298828
0.647292
0.915165
0.438127
0.96608
0.59526
0.890306
0.012509
0.450954
0.034007
0.956197
0.29725
0.470864
0.95927
0.363216
0.658566
0.699693
0.865413
0.733652
0.299305
0.44439
0.60245
0.41962
0.369318
0.832989
0.919264
0.214546
0.489807
0.162852
0.567171
0.383011
0.521613
0.954038
0.256878
0.656872
0.247217
0.50581
0.32383
0.22658
0.465311
0.503146
0.799368
0.454523
0.14696
0.139495
0.681929
0.374949
0.435508
0.078171
0.362784
0.019753
0.798061
0.568632
0.881376
0.370143
0.044539
0.836354
0.792807
0.604939
0.691001
0.638671
0.07356
0.700592
0.743439
0.755032
0.309835
0.533873
0.227449
0.28931
0.036429
0.490004
0.047669
0.219934
0.242627
0.034684
0.86898
0.021858
0.403163
0.52344
0.98396
0.092048
0.609732
0.388496
0.59275
0.531538
0.044942
0.226078
0.416411
0.591469
0.109254
0.385546
0.712795
0.54963
0.798347
0.865415
0.049898
0.874356
0.714896
0.448227
0.891196
0.225791
0.259236
0.943384
0.050813
0.239837
0.598644
0.986223
0.034525
0.800372
0.831765
0.560421
0.176689
0.099978
0.249693
0.37395
0.745531
0.651456
0.468367
0.027235
0.309436
0.59358
0.268103
0.069368
0.399286
0.542296
0.314024
0.740122
0.11546
0.309673
0.820768
0.690062
0.315203
0.261168
0.515444
0.271096
0.871482
0.123954
0.276009
0.98076
0.92346
0.685564
0.541367
0.638809
0.070941
0.975115
0.468552
0.813561
0.47578
0.411216
0.632324
0.156097
0.554436
0.924127
0.341445
0.922587
0.092845
0.956845
0.169692
0.046257
0.108108
0.277517
0.38378
0.890313
0.847381
0.186739
0.14968
0.910145
0.393136
0.916828
0.457071
0.114854
0.006691
0.304601
0.933592
0.872952
0.775837
0.018506
0.466765
0.064336
0.312651
0.873586
0.843911
0.478671
0.827924
0.358371
0.347517
0.949973
0.950792
0.729936
0.207143
0.991015
0.432519
0.745843
0.983505
0.900523
0.690441
0.780775
0.442996
0.96174
0.272285
0.789816
0.567153
0.961951
0.635955
0.999136
0.392012
0.159979
0.673692
0.602754
0.175929
0.584137
0.794494
0.589893
0.818444
0.904336
0.433235
0.573836
0.700091
0.116697
0.907279
0.291352
0.114432
0.892631
0.692404
0.005977
0.028349
0.823744
0.169803
0.554314
0.642125
0.59701
0.321946
0.437345
0.220602
0.190946
0.938559
0.319356
0.561754
0.285529
0.916332
0.394327
0.15146
0.951305
0.054546
0.191212
0.632881
0.821654
0.492071
0.886778
0.073934
0.712899
0.79659
0.087668
0.40102
0.884621
0.339981
0.329449
0.084502
0.373385
0.169532
0.031621
0.286578
0.169672
0.528373
0.584626
0.636386
0.156223
0.643191
0.750146
0.807351
0.266388
0.305913
0.894325
0.921966
0.154478
0.449354
0.924558
0.875271
0.04104
0.595937
0.596273
0.642758
0.683814
0.051606
0.567706
0.138627
0.352276
0.76121
0.802409
0.744294
0.771869
0.841276
0.174022
0.911425
0.409417
0.36463
0.513366
0.402172
0.911641
0.832665
0.747855
0.267117
0.068287
0.277192
0.036257
0.463857
0.262812
0.035674
0.118541
0.840572
0.608191
0.316234
0.927087
0.930721
0.353002
0.832626
0.625088
0.069218
0.048696
0.407472
0.353677
0.386508
0.890361
0.671021
0.049925
0.222549
0.620661
0.640796
0.521894
0.419087
0.174209
0.291461
0.805801
0.665746
0.949916
0.068392
0.608297
0.445796
0.505767
0.256292
0.314168
0.507895
0.874378
0.800892
0.648331
0.425502
0.347606
0.073454
0.894355
0.082002
0.188024
0.871869
0.551206
0.219743
0.272804
0.760213
0.560901
0.80586
0.494283
0.39595
0.106719
0.129227
0.973914
0.617788
0.05966
0.143306
0.497373
0.743385
0.831779
0.482099
0.87108
0.644489
0.340892
0.90967
0.987023
0.386989
0.754796
0.888225
0.464279
0.401776
0.45682
0.035832
0.601448
0.379954
0.735757
0.765589
0.937342
0.304294
0.939716
0.736437
0.444794
0.785713
0.048124
0.693842
0.479442
0.483241
0.518896
0.004813
0.609097
0.84192
0.197638
0.812864
0.180518
0.525657
0.87947
0.171393
0.744205
0.254974
0.142231
0.280133
0.678034
0.53597
0.828955
0.176216
0.666641
0.109157
0.493869
0.448637
0.680608
0.97641
0.427183
0.567614
0.669006
0.916116
0.288939
0.325641
0.122023
0.241119
0.761644
0.707363
0.792997
0.354786
0.813736
0.07444
0.645631
0.647606
0.76831
0.530098
0.863621
0.686956
0.89393
0.186507
0.076162
0.240219
0.026723
0.958796
0.702744
0.640462
0.836923
0.736477
0.895364
0.821447
0.974545
0.717154
0.314678
0.610832
0.284563
0.119853
0.032086
0.611787
0.943682
0.581557
0.483128
0.318396
0.314076
0.526017
0.830907
0.885906
0.750229
0.848829
0.682362
0.15865
0.757701
0.341017
0.031514
0.138518
0.083188
0.480878
0.342494
0.999834
0.99978
0.293622
0.938436
0.489905
0.360037
0.532264
0.579575
0.533736
0.629553
0.148187
0.20028
0.184194
0.535691
0.11958
0.8889
0.577383
0.292203
0.076908
0.463304
0.132461
0.192397
0.576461
0.195765
0.967592
0.019591
0.988435
0.716216
0.664305
0.950661
0.953306
0.717991
0.366854
0.785073
0.133509
0.638893
0.02225
0.511917
0.41443
0.97186
0.362044
0.524376
0.738014
0.3591
0.69855
0.691254
0.057117
0.006072
0.539853
0.641339
0.430936
0.965069
0.683653
0.755246
0.77499
0.802805
0.364343
0.643673
0.516267
0.809638
0.671334
0.805457
0.525854
0.915419
0.920783
0.034162
0.835733
0.552113
0.651522
0.135901
0.568006
0.768005
0.766615
0.974461
0.089839
0.556991
0.128805
0.589601
0.731583
0.340302
0.325546
0.818759
0.948053
0.201663
0.887479
0.491422
0.319207
0.380736
0.44355
0.980512
0.039619
0.743333
0.445167
0.82874
0.689086
0.678444
0.430155
0.481941
0.500197
0.50016
0.196513
0.531483
0.127498
0.526376
0.033508
0.493158
0.545268
0.559768
0.562412
0.774834
0.042823
0.152386
0.687084
0.441811
0.927785
0.323469
0.325645
0.517159
0.380383
0.431268
0.083425
0.422902
0.246385
0.232624
0.672763
0.475626
0.530452
0.571282
0.579525
0.652486
0.035019
0.657005
0.824259
0.65223
0.675051
0.816658
0.474251
0.745529
0.371348
0.798507
0.269439
0.240202
0.473768
0.568442
0.744299
0.037087
0.413357
0.375865
0.851812
0.800833
0.379717
0.833001
0.696244
0.006307
0.933422
0.49252
0.693158
0.477927
0.130481
0.851604
0.503046
0.875543
0.577848
0.549142
0.555427
0.362448
0.833467
0.285153
0.068927
0.735852
0.00147
0.837479
0.395399
0.532723
0.98243
0.286924
0.20186
0.498227
0.64817
0.28328
0.651758
0.592398
0.779691
0.990963
0.223016
0.547025
0.569735
0.162295
0.54476
0.386648
0.438896
0.253226
0.8015
0.256721
0.215951
0.395981
0.704608
0.073919
0.025211
0.807555
0.392726
0.810206
0.95464
0.104673
0.329836
0.198002
0.527775
0.937013
0.843239
0.381035
0.287204
0.718081
0.615538
0.578816
0.529346
0.593428
0.699579
0.894195
0.851605
0.042821
0.901346
0.561082
0.612773
0.627181
0.023613
0.367596
0.340664
0.75787
0.244405
0.57115
0.189613
0.957579
0.410322
0.764644
0.209048
0.691454
0.893564
0.009907
0.980417
0.355523
0.149175
0.09255
0.484444
0.193292
0.734679
0.23797
0.563004
0.988697
0.369245
0.382778
0.608872
0.672376
0.370547
0.05372
0.999624
0.243106
0.475181
0.684135
0.019714
0.180458
0.665686
0.973742
0.310805
0.974805
0.505459
0.256872
0.926431
0.840357
0.203481
0.026779
0.996012
0.651258
0.291691
0.520209
0.760088
0.797723
0.083722
0.886458
0.226365
0.416047
0.300331
0.608697
0.413031
0.181472
0.354584
0.277537
0.479949
0.659578
0.048344
0.423725
0.851385
0.97231
0.378892
0.963435
0.950664
0.545314
0.404732
0.139284
0.002032
0.689679
0.04997
0.556113
0.797849
0.587369
0.220232
0.022464
0.253647
0.161709
0.422291
0.435966
0.783398
0.384897
0.419327
0.767118
0.528719
0.865591
0.297511
0.619586
0.184144
0.477228
0.531581
0.786188
0.303282
0.368144
0.829933
0.156989
0.610592
0.564478
0.151141
0.101365
0.598385
0.20388
0.35845
0.376298
0.208585
0.593861
0.65057
0.397779
0.720273
0.943601
0.130812
0.172332
0.891527
0.894779
0.188675
0.068546
0.57621
0.101977
0.059454
0.328556
0.918381
0.247101
0.417565
0.051796
0.60802
0.302488
0.016258
0.784521
0.441323
0.203002
0.471398
0.581438
0.404549
0.291008
0.96114
0.176032
0.148552
0.717831
0.803097
0.724312
0.060893
0.607181
0.608841
0.983041
0.16264
0.622953
0.64847
0.347423
0.244965
0.471588
0.848711
0.372388
0.751102
0.970118
0.399881
0.02959
0.522198
0.842786
0.40745
0.621613
0.062378
0.739344
0.061879
0.137686
0.08137
0.815609
0.788697
0.730594
0.400849
0.04407
0.014104
0.404572
0.88738
0.913729
0.405191
0.043756
0.396118
0.698535
0.506048
0.217857
0.361602
0.265499
0.741767
0.608087
0.941335
0.239126
0.072453
0.251016
0.056093
0.365505
0.260949
0.157405
0.381736
0.610793
0.206591
0.888792
0.250295
0.756577
0.064363
0.900762
0.187933
0.132687
0.802341
0.621837
0.232436
0.746817
0.457278
0.081667
0.939199
0.890201
0.673133
0.372639
0.453504
0.379193
0.991413
0.59265
0.486622
0.296472
0.211702
0.560677
0.440459
0.172352
0.352848
0.668125
0.177993
0.606843
0.730946
0.568648
0.812515
0.001891
0.181617
0.48768
0.719209
0.609972
0.442005
0.248668
0.3972
0.169919
0.33045
0.752946
0.201633
0.435189
0.707014
0.12181
0.426767
0.824493
0.38809
0.924385
0.35429
0.262782
0.44413
0.021996
0.464983
0.510113
0.415234
0.436885
0.364558
0.079446
0.548617
0.436716
0.691166
0.494008
0.967575
0.462848
0.379167
0.555673
0.81422
0.332294
0.12964
0.292695
0.378468
0.882257
0.333369
0.235988
0.158076
0.583304
0.886927
0.651314
0.45237
0.688433
0.684786
0.858233
0.358242
0.417077
0.017715
0.835627
0.373883
0.452625
0.95272
0.255606
0.572845
0.449752
0.607423
0.950895
0.804713
0.883038
0.268085
0.60233
0.247271
0.757529
0.51778
0.436751
0.66322
0.530544
0.287934
0.975424
0.382508
0.720976
0.549398
0.982915
0.681088
0.933617
0.302566
0.746106
0.671561
0.81339
0.684845
0.570429
0.642608
0.587447
0.523911
0.832003
0.085216
0.941763
0.431205
0.703985
0.704666
0.82428
0.155014
0.092059
0.439065
0.280037
0.889367
0.686644
0.490993
0.513436
0.158307
0.758818
0.088494
0.236346
0.34623
0.10222
0.361225
0.246693
0.595972
0.947833
0.983453
0.132975
0.516608
0.447294
0.603659
0.137638
0.723247
0.14532
0.88525
0.952706
0.195105
0.745897
0.328889
0.842778
0.044023
0.342123
0.994099
0.754865
0.915645
0.710042
0.002555
0.655088
0.471184
0.507917
0.315234
0.116912
0.891295
0.434904
0.599611
0.071002
0.326647
0.706877
0.094109
0.407128
0.022572
0.691132
0.41861
0.511816
0.976223
0.530964
0.048066
0.398993
0.490255
0.763509
0.004766
0.400407
0.55939
0.042395
0.275074
0.289085
0.034473
0.053189
0.214696
0.544694
0.984531
0.178745
0.389543
0.314244
0.798269
0.381779
0.006472
0.49542
0.107197
0.461758
0.571124
0.668107
0.241273
0.407317
0.016596
0.096565
0.15822
0.124154
0.281838
0.726987
0.597687
0.644464
0.692221
0.571443
0.521256
0.946544
0.193238
0.089989
0.646168
0.433176
0.0946
0.019103
0.456756
0.743835
0.939657
0.516514
0.506351
0.702915
0.14276
0.040138
0.019843
0.80724
0.472029
0.094458
0.157653
0.42848
0.021744
0.297655
0.835642
0.491075
0.428692
0.260833
0.021084
0.979586
0.585288
0.554611
0.748443
0.18175
0.789824
0.312718
0.046031
0.373683
0.457756
0.826721
0.339495
0.99612
0.826531
0.925941
0.075957
0.364253
0.294924
0.851344
0.810233
0.023887
0.849293
0.634072
0.653089
0.626587
0.929296
0.453322
0.996944
0.764297
0.920971
0.041964
0.904818
0.922899
0.957004
0.062546
0.773695
0.984285
0.899164
0.971269
0.517912
0.11317
0.780759
0.283515
0.715314
0.203196
0.028027
0.955836
0.798411
0.568539
0.098827
0.93046
0.056573
0.229716
0.694062
0.131504
0.633501
0.330801
0.570268
0.467725
0.176402
0.81134
0.122482
0.450677
0.309691
0.6056
0.058786
0.406204
0.328263
0.492817
0.641416
0.174607
0.403801
0.465124
0.217112
0.501339
0.797573
0.439503
0.716968
0.758996
0.061374
0.234793
0.026648
0.689486
0.991895
0.630365
0.912277
0.022458
0.05008
0.722194
0.23118
0.731057
0.966023
0.343919
0.027989
0.752543
0.415374
0.772548
0.518194
0.795396
0.893493
0.736139
0.26105
0.199428
0.898883
0.81758
0.260993
0.576199
0.992375
0.088497
0.863047
0.591781
0.496831
0.620164
0.755679
0.168764
0.625839
0.801891
0.50347
0.331815
0.775
0.743445
0.594521
0.378054
0.506273
0.629095
0.202519
0.854671
0.09565
0.768384
0.190356
0.829217
0.726395
0.530612
0.451671
0.192877
0.648654
0.544994
0.417037
0.415574
0.105854
0.509524
0.799059
0.511159
0.525534
0.534291
0.582104
0.358235
0.285811
0.423424
0.171574
0.5529
0.668227
0.983754
0.23872
0.086113
0.364541
0.162565
0.247584
0.629195
0.882363
0.808893
0.41152
0.063838
0.627566
0.156929
0.140162
0.961442
0.620518
0.000282
0.12061
0.425528
0.298548
0.015643
0.311017
0.808361
0.246521
0.913961
0.943137
0.024389
0.441821
0.769846
0.324814
0.698051
0.434539
0.755899
0.462632
0.689712
0.458717
0.330479
0.838634
0.742708
0.396163
0.410226
0.289406
0.375064
0.351012
0.123406
0.919145
0.701553
0.119599
0.518176
0.874716
0.757486
0.043702
0.717792
0.609201
0.711391
0.22711
0.53389
0.380712
0.624714
0.988702
0.242991
0.102185
0.678464
0.73852
0.911476
0.761421
0.58038
0.249132
0.846719
0.308544
0.15773
0.360962
0.868898
0.939087
0.41375
0.665407
0.179224
0.192743
0.217798
0.868428
0.98546
0.367857
0.05884
0.659797
0.317324
0.804767
0.896608
0.305481
0.283745
0.020897
0.106068
0.693972
0.549577
0.327161
0.988881
0.153986
0.633352
0.084613
0.537673
0.289094
0.790822
0.090409
0.206707
0.057542
0.549535
0.657669
0.119629
0.757837
0.126774
0.757362
0.007183
0.036028
0.131523
0.884481
0.377295
0.259869
0.030275
0.188589
0.743858
0.849736
0.191094
0.142223
0.097144
0.407561
0.226514
0.196616
0.008143
0.895206
0.743243
0.271422
0.32304
0.017025
0.887321
0.351598
0.91662
0.210157
0.892251
0.129781
0.867058
0.660983
0.352379
0.51783
0.655491
0.305799
0.9539
0.203176
0.098427
0.752526
0.305557
0.552478
0.32482
0.905476
0.012605
0.105497
0.090093
0.573214
0.797423
0.197568
0.75038
0.132697
0.297384
0.687525
0.665143
0.419002
0.93308
0.25975
0.969876
0.31261
0.939681
0.235142
0.689676
0.330939
0.920507
0.064014
0.978169
0.731765
0.526096
0.508988
0.446237
0.674877
0.744801
0.173521
0.790657
0.515372
0.723983
0.380529
0.198041
0.963254
0.097292
0.845711
0.245464
0.000541
0.384241
0.062755
0.396415
0.217123
0.392273
0.175849
0.790531
0.431524
0.864558
0.546581
0.025816
0.825196
0.025665
0.115559
0.437602
0.656949
0.734622
0.395432
0.179737
0.885648
0.073287
0.23134
0.513727
0.385548
0.177808
0.680917
0.348149
0.107789
0.750054
0.153026
0.249327
0.414438
0.9468
0.468246
0.828541
0.078094
0.991844
0.108179
0.35504
0.358048
0.122816
0.059784
0.650815
0.790023
0.62024
0.472361
0.245796
0.408514
0.496017
0.570241
0.996633
0.667702
0.503009
0.997635
0.389939
0.37795
0.831813
0.597276
0.341204
0.865559
0.222562
0.380056
0.005009
0.575415
0.642768
0.193166
0.304439
0.790176
0.770834
0.240946
0.276356
0.78819
0.752614
0.681612
0.383927
0.599346
0.524224
0.381963
0.36198
0.561811
0.373952
0.43207
0.847593
0.201739
0.39451
0.024259
0.952086
0.892024
0.33196
0.263738
0.458159
0.862801
0.843663
0.860971
0.565754
0.138377
0.584987
0.758043
0.823987
0.859025
0.280551
0.841717
0.435329
0.881026
0.049044
0.35289
0.002062
0.108806
0.200759
0.099925
0.519071
0.434273
0.738961
0.549393
0.49708
0.454876
0.968218
0.816389
0.404573
0.020693
0.633557
0.374695
0.350424
0.293569
0.839514
0.956512
0.993071
0.850226
0.683266
0.475823
0.366651
0.697564
0.0009
0.113598
0.559619
0.659833
0.753816
0.656773
0.05511
0.435986
0.267914
0.050965
0.088245
0.09982
0.557736
0.00872
0.314691
0.761868
0.447798
0.080238
0.266046
0.53376
0.828028
0.320101
0.10242
0.292359
0.926938
0.521711
0.603733
0.797502
0.537868
0.496701
0.014437
0.716082
0.305291
0.228454
0.648811
0.919421
0.372097
0.774087
0.546208
0.955446
0.343344
0.168133
0.900482
0.873557
0.208287
0.888171
0.186362
0.935843
0.821542
0.088827
0.706451
0.279587
0.466249
0.796204
0.483771
0.448678
0.425089
0.18627
0.438518
0.759792
0.945632
0.684408
0.040358
0.503674
0.926152
0.057859
0.852945
0.007585
0.75431
0.419161
0.0651
0.759248
0.430536
0.707023
0.671521
0.735345
0.127761
0.964639
0.780151
0.443482
0.569493
0.921805
0.730725
0.674492
0.997181
0.260914
0.862162
0.727321
0.109658
0.76203
0.517839
0.848843
0.644085
0.624348
0.999581
0.6335
0.795305
0.852635
0.880359
0.218863
0.07402
0.5635
0.691909
0.241356
0.181358
0.445887
0.88654
0.2678
0.579824
0.54089
0.254549
0.937412
0.124614
0.609292
0.263507
0.506141
0.946618
0.028443
0.935161
0.148035
0.564924
0.898305
0.408879
0.436185
0.13195
0.640867
0.495811
0.182146
0.21194
0.791084
0.842267
0.663948
0.281345
0.706995
0.810133
0.654478
0.753577
0.57409
0.22906
0.194429
0.948596
0.411727
0.914981
0.190902
0.763778
0.211351
0.110097
0.160722
0.750317
0.196711
0.861882
0.779513
0.694754
0.449134
0.031667
0.772034
0.966126
0.468421
0.326196
0.561048
0.716748
0.399104
0.468776
0.045114
0.141524
0.589238
0.161742
0.27753
0.968406
0.069675
0.198461
0.93591
0.204546
0.526382
0.948614
0.661492
0.908733
0.75261
0.752767
0.344217
0.598079
0.843828
0.375381
0.070829
0.882206
0.85616
0.896364
0.057184
0.912144
0.31824
0.330899
0.591218
0.65352
0.852001
0.230653
0.201589
0.354702
0.65934
0.678173
0.610131
0.615443
0.752882
0.585909
0.403925
0.992116
0.210366
0.290982
0.442773
0.903268
0.659462
0.874634
0.945585
0.313294
0.592398
0.247046
0.945042
0.355361
0.978554
0.221069
0.281437
0.531678
0.028411
0.681824
0.042368
0.424236
0.282684
0.120742
0.336123
0.069084
0.962607
0.718417
0.602405
0.868624
0.799155
0.127095
0.882945
0.177672
0.111211
0.569503
0.140017
0.964809
0.962445
0.156482
0.20122
0.401496
0.135538
0.225377
0.533593
0.744184
0.361002
0.413315
0.686165
0.78645
0.578507
0.695817
0.461612
0.875264
0.580024
0.184825
0.849246
0.299784
0.595642
0.642894
0.87779
0.168869
0.693389
0.118873
0.876931
0.255825
0.855986
0.180692
0.204278
0.953341
0.158512
0.225492
0.293115
0.665805
0.794661
0.167772
0.622627
0.009183
0.102553
0.04334
0.111306
0.735641
0.445105
0.225836
0.258656
0.69497
0.177012
0.623086
0.418418
0.976632
0.290898
0.425312
0.590521
0.945458
0.574291
0.203824
0.609603
0.771595
0.572588
0.425103
0.285135
0.045319
0.059362
0.824493
0.865168
0.328424
0.55842
0.616056
0.318088
0.907766
0.364007
0.623396
0.059937
0.553847
0.695452
0.771381
0.456187
0.009519
0.560722
0.423017
0.713663
0.984333
0.72483
0.844639
0.594866
0.196483
0.874698
0.608347
0.498556
0.156897
0.51472
0.326487
0.617963
0.255395
0.362888
0.621727
0.72455
0.791939
0.885399
0.317183
0.725146
0.530688
0.338878
0.621885
0.796583
0.034182
0.881315
0.058656
0.445665
0.579707
0.432526
0.111745
0.480443
0.890177
0.159343
0.957794
0.849979
0.190895
0.586155
0.696631
0.289669
0.482642
0.338643
0.389634
0.371208
0.691234
0.667121
0.038209
0.499319
0.117056
0.162436
0.484288
0.087508
0.202325
0.266336
0.512306
0.355305
0.38665
0.486104
0.998235
0.109469
0.033008
0.182176
0.417207
0.221425
0.205262
0.679918
0.908023
0.014101
0.42108
0.206782
0.315191
0.633605
0.013946
0.306987
0.435993
0.615443
0.461011
0.661416
0.182581
0.80329
0.245689
0.359447
0.790967
0.578982
0.739858
0.084745
0.775008
0.914473
0.988767
0.32779
0.569664
0.588827
0.664373
0.721995
0.578115
0.418007
0.176382
0.251313
0.538961
0.227016
0.937259
0.188065
0.996148
0.728987
0.285672
0.890506
0.737759
0.63749
0.609111
0.72236
0.400393
0.115571
0.093819
0.268014
0.740209
0.544486
0.741004
0.453956
0.779385
0.773722
0.21245
0.642644
0.346827
7.8e-05
0.414528
0.249515
0.649362
0.169873
0.806465
0.924389
0.785417
0.07282
0.904679
0.23133
0.145981
0.431088
0.67289
0.222401
0.446284
0.209785
0.334218
0.497679
0.329986
0.247829
0.543955
0.714576
0.482226
0.908784
0.80292
0.601722
0.376305
0.783342
0.290609
0.217391
0.417305
0.496158
0.510364
0.383837
0.078783
0.493631
0.920222
0.169022
0.681005
0.128081
0.302146
0.882879
0.294169
0.606627
0.688142
0.819359
0.463604
0.282216
0.658108
0.618213
0.112851
0.487177
0.074793
0.734665
0.322156
0.370047
0.004781
0.923394
0.818505
0.693981
0.161116
0.397295
0.53684
0.453162
0.608705
0.028847
0.546698
0.188264
0.868244
0.092757
0.314643
0.579528
0.827629
0.342866
0.56824
0.828034
0.230121
0.825321
0.554383
0.58154
0.284361
0.025581
0.149526
0.527535
0.97096
0.22118
0.167819
0.004719
0.508709
0.550785
0.320743
0.504634
0.93513
0.068655
0.436537
0.284284
0.708854
0.725566
0.220333
0.395088
0.517932
0.635585
0.271968
0.169083
0.422738
0.017173
0.962741
0.932672
0.103475
0.206175
0.089771
0.035345
0.15419
0.823097
0.725902
0.18388
0.231826
0.660117
0.309527
0.079693
0.583406
0.681728
0.873276
0.965305
0.235904
0.051057
0.580155
0.140859
0.289605
0.745107
0.914975
0.999857
0.339024
0.611054
0.39038
0.711581
0.317273
0.430256
0.572079
0.823226
0.754128
0.414085
0.959831
0.901711
0.837736
0.098903
0.226433
0.34367
0.722831
0.701647
0.297347
0.308136
0.202848
0.063492
0.596432
0.100127
0.012434
0.244208
0.079035
0.817466
0.291762
0.875592
0.754709
0.276345
0.592674
0.354081
0.870321
0.03032
0.914027
0.904153
0.087341
0.061518
0.57075
0.418521
0.15536
0.515025
0.309841
0.119418
0.774057
0.615599
0.952889
0.979927
0.892107
0.078057
0.906034
0.74991
0.486022
0.754295
0.254386
0.54326
0.74984
0.791248
0.271668
0.916054
0.022933
0.996447
0.921801
0.609899
0.689433
0.60332
0.206416
0.712057
0.033099
0.074283
0.262977
0.556275
0.630324
0.057155
0.461563
0.12544
0.05163
0.469278
0.541579
0.83856
0.928885
0.123715
0.047649
0.216103
0.960875
0.273232
0.571965
0.773704
0.313013
0.884352
0.955807
0.314045
0.852319
0.163607
0.686684
0.0098
0.425982
0.565389
0.081195
0.590617
0.849596
0.96912
0.492731
0.912835
0.411937
0.651956
0.430666
0.572539
0.29938
0.713068
0.861257
0.517885
0.423259
0.418428
0.493219
0.181218
0.989532
0.802537
0.168395
0.531955
0.246833
0.848323
0.570653
0.699065
0.119546
0.781765
0.590948
0.483796
0.662317
0.543912
0.075127
0.995969
0.120458
0.585834
0.043238
0.205243
0.749827
0.240177
0.917828
0.189315
0.588646
0.513208
0.64785
0.989088
0.969247
0.501725
0.821243
0.320919
0.390191
0.275647
0.904734
0.988095
0.909373
0.416783
0.449633
0.482637
0.310325
0.728267
0.18584
0.32555
0.742112
0.213813
0.152369
0.134058
0.240669
0.696418
0.706831
0.770629
0.582086
0.688502
0.604286
0.289597
0.74695
0.322589
0.421605
0.194865
0.432629
0.949815
0.024627
0.877437
0.271512
0.678692
0.046301
0.925629
0.620118
0.327582
0.171841
0.40475
0.211038
0.49039
0.435649
0.477179
0.37709
0.113576
0.38207
0.137179
0.287152
0.07554
0.680291
0.724321
0.364354
0.137111
0.244805
0.892776
0.770949
0.167405
0.015534
0.528272
0.414307
0.505734
0.097943
0.626744
0.133732
0.607382
0.991437
0.064131
0.848936
0.512283
0.290394
0.796337
0.729367
0.464123
0.669895
0.218758
0.931978
0.283373
0.667687
0.466612
0.997437
0.064999
0.820683
0.670089
0.369764
0.57755
0.263592
0.995025
0.674265
0.961731
0.659851
0.897817
0.534242
0.867409
0.841676
0.486305
0.25053
0.249638
0.822719
0.594328
0.434438
0.950477
0.630448
0.797513
0.479984
0.484297
0.49985
0.552071
0.61177
0.472743
0.169806
0.057582
0.714596
0.23525
0.46431
0.667806
0.251523
0.71642
0.773779
0.946463
0.936596
0.404443
0.04554
0.74574
0.286595
0.16569
0.539989
0.140407
0.497908
0.822979
0.83503
0.280663
0.707541
0.548224
0.054368
0.999086
0.145654
0.908866
0.008884
0.596006
0.440109
0.800837
0.473714
0.323444
0.365285
0.965659
0.396727
0.477256
0.766579
0.445899
0.912149
0.669339
0.532358
0.895538
0.785306
0.854171
0.516673
0.283084
0.890024
0.211252
0.517324
0.979377
0.34032
0.240509
0.959126
0.206328
0.327771
0.516039
0.680425
0.583746
0.431486
0.394496
0.910774
0.52668
0.817931
0.47921
0.011078
0.760519
0.271703
0.057651
0.073743
0.551539
0.354439
0.178029
0.413726
0.057013
0.560106
0.127967
0.747433
0.98548
0.723636
0.097752
0.277404
0.695276
0.897937
0.826929
0.229946
0.350429
0.862461
0.670721
0.772729
0.527756
0.032809
0.010459
0.494332
0.5701
0.181612
0.03716
0.427177
0.73346
0.248111
0.134435
0.03543
0.076348
0.560484
0.352607
0.376279
0.577534
0.456188
0.885566
0.716527
0.139366
0.992544
0.201142
0.52602
0.808978
0.361678
0.978329
0.012493
0.522443
0.337107
0.95354
0.311681
0.370849
0.885939
0.488648
0.395616
0.463096
0.330434
0.682521
0.076153
0.805028
0.99943
0.69973
0.398748
0.020375
0.14156
0.079277
0.98012
0.60999
0.508404
0.884118
0.795556
0.656721
0.578263
0.481861
0.343388
0.59018
0.299505
0.630359
0.024546
0.729054
0.509187
0.860455
0.098613
0.357259
0.917401
0.443642
0.391389
0.378132
0.464318
0.504491
0.142175
0.65686
0.044902
0.572806
0.590586
0.075195
0.256487
0.194451
0.080123
0.807006
0.306153
0.722579
0.383522
0.407607
0.302717
0.440961
0.202341
0.264827
0.168522
0.238127
0.609759
0.384389
0.669627
0.944114
0.302578
0.204927
0.039853
0.798152
0.103633
0.75132
0.317812
0.868106
0.684536
0.094488
0.372134
0.926262
0.644625
0.894605
0.374987
0.976603
0.913528
0.641669
0.737719
0.637865
0.741666
0.256882
0.330108
0.089489
0.759902
0.265005
0.774205
0.420941
0.600343
0.77131
0.813977
0.123281
0.02911
0.506381
0.334767
0.31042
0.278884
0.904154
0.442786
0.035435
0.341711
0.860364
0.247595
0.587434
0.019071
0.120869
0.500871
0.914628
0.71526
0.832819
0.594865
0.431367
0.977417
0.448409
0.702276
0.98069
0.784056
0.684102
0.398055
0.31281
0.828086
0.088463
0.859155
0.220679
0.813386
0.187846
0.043899
0.009625
0.568938
0.579278
0.036936
0.657835
0.353587
0.310662
0.872246
0.578254
0.820868
0.204196
0.878606
0.564846
0.565197
0.994411
0.116218
0.050686
0.876763
0.609532
0.907649
0.506077
0.751624
0.591533
0.539278
0.218183
0.471188
0.237736
0.263267
0.60105
0.704756
0.120052
0.50689
0.695323
0.681207
0.675726
0.116532
0.438871
0.369906
0.164725
0.353512
0.007626
0.571879
0.110332
0.79019
0.552215
0.675455
0.498312
0.041778
0.206328
0.775584
0.020282
0.011313
0.959059
0.334465
0.1009
0.654266
0.14358
0.246696
0.210388
0.423983
0.862917
0.139761
0.61995
0.323215
0.668237
0.033422
0.87883
0.955807
0.913164
0.411324
0.18939
0.348749
0.053429
0.437768
0.159553
0.709928
0.917686
0.305254
0.653862
0.050633
0.363898
0.73806
0.922926
0.00631
0.092044
0.511132
0.949891
0.789498
0.24108
0.77953
0.26162
0.22592
0.660488
0.359316
0.625464
0.614622
0.844421
0.978687
0.312635
0.156185
0.815524
0.978128
0.856746
0.404438
0.580458
0.068676
0.507531
0.249579
0.084609
0.662049
0.156205
0.796301
0.11124
0.714452
0.713966
0.467841
0.472714
0.818924
0.893633
0.527606
0.244257
0.091356
0.844834
0.652226
0.719397
0.724715
0.209617
0.310539
0.427141
0.317601
0.033311
0.619161
0.024794
0.628546
0.738347
0.378391
0.730789
0.952599
0.071031
0.93844
0.520371
0.274221
0.154357
0.819492
0.972577
0.462491
0.693536
0.343832
0.469128
0.359185
0.579792
0.625372
0.387572
0.503608
0.24676
0.880508
0.810803
0.323486
0.75147
0.430616
0.735865
0.168201
0.401138
0.347233
0.624479
0.203966
0.809271
0.975855
0.371617
0.223046
0.886181
0.492371
0.766626
0.049972
0.568673
0.5489
0.289753
0.527576
0.467665
0.586281
0.824902
0.108791
0.107733
0.470982
0.448599
0.746129
0.173096
0.177717
0.869434
0.936931
0.508018
0.839139
0.134393
0.733179
0.65989
0.679724
0.07156
0.332909
0.996141
0.199283
0.755364
0.920343
0.378111
0.42174
0.891344
0.168557
0.28463
0.41318
0.905467
0.706844
0.375427
0.099163
0.494386
0.738886
0.123139
0.967968
0.968861
0.279801
0.906809
0.675492
0.248277
0.569301
0.90099
0.562414
0.85538
0.96788
0.451574
0.560973
0.574476
0.963414
0.615341
0.148794
0.814026
0.239333
0.977227
0.288229
0.873402
0.191578
0.33502
0.637358
0.439047
0.187343
0.907748
0.222859
0.088348
0.104526
0.805029
0.630626
0.845376
0.073643
0.493906
0.63725
0.175718
0.153389
0.979515
0.099662
0.376746
0.649973
0.986617
0.540834
0.322766
0.157108
0.966577
0.695523
0.334275
0.183089
0.346416
0.613047
0.444031
0.37889
0.426032
0.250642
0.057603
0.1812
0.482114
0.49403
0.590305
0.99838
0.608454
0.29129
0.864969
0.828405
0.657398
0.926617
0.961559
0.439353
0.261942
0.357242
0.489967
0.647793
0.037351
0.656825
0.146819
0.98472
0.228487
0.320527
0.308701
0.811065
0.089984
0.636441
0.011725
0.629223
0.626071
0.915954
0.724107
0.296186
0.29989
0.604001
0.262372
0.163772
0.135963
0.377997
0.833913
0.385163
0.9559
0.72232
0.308452
0.400972
0.315536
0.961644
0.568701
0.606134
0.61894
0.360325
0.034925
0.204308
0.736724
0.481807
0.85797
0.791439
0.129041
0.163221
0.043706
0.918174
0.028423
0.212159
0.514531
0.884734
0.611416
0.910262
0.641488
0.927682
0.904015
0.325695
0.421156
0.587005
0.241443
0.967355
0.573595
0.563643
0.771165
0.541865
0.279058
0.406715
0.967523
0.800376
0.202255
0.805629
0.181187
0.260721
0.796587
0.907152
0.832067
0.423245
0.213869
0.434806
0.729455
0.396455
0.567856
0.803257
0.902782
0.976909
0.867235
0.260013
0.884503
0.317863
0.701294
0.985925
0.822158
0.090884
0.480143
0.424127
0.794349
0.315786
0.157988
0.839744
0.773538
0.891239
0.787482
0.244225
0.904104
0.784005
0.209102
0.116797
0.840919
0.252176
0.548921
0.259494
0.357564
0.198778
0.09145
0.202076
0.364613
0.48492
0.026113
0.854908
0.580654
0.046076
0.041791
0.319614
0.31525
0.869438
0.687765
0.927273
0.719485
0.590082
0.245003
0.320546
0.534119
0.484915
0.437736
0.006492
0.146333
0.618566
0.877063
0.805601
0.816099
0.194785
0.618735
0.77698
0.137093
0.364793
0.10783
0.079732
0.048078
0.063901
0.404648
0.029689
0.06155
0.241166
0.398911
0.867395
0.419214
0.389873
0.365798
0.334792
0.534245
0.353494
0.708233
0.764139
0.099735
0.170895
0.057497
0.748906
0.967082
0.744349
0.306379
0.421087
0.616363
0.265033
0.097826
0.948551
0.926888
0.435405
0.816888
0.081115
0.750752
0.189136
0.326025
0.146523
0.248883
0.506848
0.653155
0.173658
0.251945
0.451151
0.923681
0.686949
0.585327
0.735968
0.912762
0.427635
0.93849
0.44454
0.123847
0.605259
0.67467
0.408756
0.153809
0.617348
0.759403
0.907164
0.571514
0.310216
0.22283
0.26021
0.036563
0.288315
0.052495
0.845776
0.116272
0.03676
0.440295
0.531555
0.308748
0.041554
0.905648
0.529645
0.671765
0.349766
0.630042
0.003789
0.263558
0.613471
0.321399
0.117567
0.099742
0.254694
0.066667
0.664934
0.034913
0.966593
0.974395
0.052322
0.055366
0.409168
0.969959
0.627914
0.251522
0.580992
0.982571
0.536585
0.243178
0.753481
0.915923
0.321945
0.599193
0.796333
0.753029
0.680553
0.63263
0.986889
0.104501
0.21272
0.763013
0.717239
0.776481
0.614152
0.552081
0.792286
0.906303
0.565267
0.237092
0.283871
0.021741
0.264398
0.175598
0.887111
0.047596
0.52456
0.20592
0.730354
0.93323
0.221793
0.6437
0.925872
0.447077
0.394705
0.340122
0.617687
0.647131
0.318839
0.054778
0.170825
0.227591
0.435409
0.643845
0.678058
0.618546
0.101771
0.528002
0.181972
0.1667
0.175507
0.874343
0.977541
0.801797
0.518961
0.079659
0.831772
0.949734
0.460987
0.879394
0.09119
0.928065
0.141516
0.545055
0.802956
0.934218
0.644352
0.505633
0.907037
0.086696
0.651272
0.927591
0.310686
0.228798
0.726957
0.177821
0.359535
0.69102
0.441669
0.188731
0.714738
0.286179
0.19204
0.224327
0.874227
0.636806
0.727688
0.502382
0.632799
0.540777
0.375375
0.911899
0.659226
0.654484
0.555814
0.388537
0.998384
0.35756
0.664478
0.885491
0.671507
0.650003
0.426692
0.015493
0.190099
0.528037
0.022387
0.243477
0.716045
0.19473
0.165487
0.503624
0.444515
0.558809
0.441777
0.227739
0.263875
0.436485
0.482702
0.350269
0.29488
0.802393
0.632454
0.775655
0.953616
0.364941
0.717578
0.7269
0.394121
0.473209
0.038199
0.971846
0.414292
0.537961
0.088801
0.87395
0.963164
0.372918
0.177133
0.679309
0.833847
0.879424
0.294457
0.75661
0.147863
0.202598
0.869248
0.227134
0.191081
0.526595
0.34483
0.70237
0.23982
0.639546
0.1495
0.438817
0.99015
0.458298
0.304949
0.606616
0.194059
0.848139
0.11577
0.453373
0.233011
0.570796
0.646639
0.083089
0.999772
0.788728
0.830136
0.716637
0.096492
0.077895
0.020968
0.217778
0.702447
0.143232
0.706857
0.297192
0.884844
0.147648
0.98549
0.007306
0.627406
0.607366
0.152054
0.832641
0.918635
0.978871
0.303125
0.066648
0.630895
0.838387
0.683825
0.476172
0.301899
0.837663
0.17838
0.4076
0.414035
0.769288
0.310496
0.822414
0.118681
0.961669
0.184871
0.66273
0.587326
0.828817
0.529459
0.499104
0.670521
0.313372
0.567325
0.248814
0.529742
0.376881
0.459097
0.856388
0.071282
0.820156
0.306485
0.088985
0.127113
0.116717
0.398174
0.267444
0.140821
0.180704
0.671455
0.722971
0.439393
0.051207
0.893654
0.686465
0.269641
0.237866
0.137242
0.914159
0.193077
0.779244
0.369189
0.757415
0.06885
0.189152
0.682377
0.611356
0.919047
0.250446
0.582906
0.176682
0.796262
0.203254
0.149263
0.798057
0.843039
0.374914
0.474594
0.127489
0.62153
0.240886
0.303762
0.921625
0.49894
0.742725
0.450938
0.501584
0.507884
0.891708
0.113909
0.338569
0.165878
0.566084
0.281344
0.430399
0.987205
0.254912
0.367574
0.339048
0.926801
0.933737
0.919663
0.945246
0.251272
0.225286
0.612423
0.913586
0.584361
0.732895
0.770462
0.135895
0.147517
0.728813
0.878471
0.529067
0.877276
0.28046
0.900759
0.621948
0.128338
0.324887
0.701818
0.900016
0.372376
0.352978
0.478763
0.364477
0.348605
0.776629
0.280935
0.119153
0.711349
0.973238
0.518361
0.779432
0.279177
0.074996
0.012752
0.69251
0.017678
0.893224
0.859024
0.171414
0.244506
0.104451
0.889798
0.840843
0.441957
0.865439
0.829239
0.852567
0.805808
0.841309
0.286602
0.334126
0.369154
0.369718
0.248911
0.870985
0.556091
0.412562
0.040854
0.987422
0.908845
0.856888
0.749292
0.536158
0.825714
0.173152
0.300019
0.343704
0.433883
0.943445
0.884304
0.008749
0.480702
0.794081
0.716059
0.351043
0.401274
0.606583
0.869468
0.639316
0.887533
0.258224
0.058271
0.84204
0.005404
0.427386
0.543118
0.992873
0.824251
0.729397
0.585604
0.424884
0.688038
0.68035
0.139544
0.319559
0.692772
0.982139
0.60251
0.968086
0.563514
0.520063
0.759071
0.006961
0.004551
0.934532
0.571274
0.061989
0.277855
0.1133
0.643313
0.478422
0.229135
0.939155
0.244836
0.154263
0.876528
0.94157
0.057382
0.441973
0.773832
0.365174
0.691041
0.077604
0.827812
0.839486
0.279271
0.754784
0.875219
0.752173
0.07439
0.301581
0.649669
0.437809
0.704317
0.280476
0.807631
0.927525
0.52176
0.336105
0.768802
0.594024
0.535479
0.651847
0.315899
0.926417
0.786332
0.601941
0.440879
0.881079
0.403511
0.968127
0.760083
0.850586
0.285826
0.219761
0.423419
0.675427
0.494875
0.33507
0.366635
0.478282
0.122117
0.587296
0.525023
0.423778
0.325711
0.885542
0.767453
0.021882
0.813226
0.389059
0.216027
0.074226
0.084546
0.715721
0.441348
0.5977
0.456277
0.879541
0.102801
0.975356
0.917332
0.800344
0.900711
0.040183
0.496695
0.537646
0.545699
0.187595
0.152001
0.874519
0.426427
0.561788
0.337892
0.426862
0.252922
0.200106
0.886448
0.133709
0.546339
0.699295
0.134516
0.463542
0.448157
0.052049
0.840691
0.325624
0.052811
0.463544
0.200264
0.321854
0.946397
0.756654
0.981822
0.579285
0.497985
0.976301
0.854249
0.118304
0.264556
0.046637
0.220231
0.325676
0.978253
0.310809
0.229366
0.017028
0.303964
0.463836
0.58698
0.377929
0.997325
0.36314
0.68745
0.774015
0.936542
0.319536
0.578022
0.201581
0.25012
0.094859
0.087342
0.839834
0.678604
0.541192
0.85404
0.440138
0.925489
0.460352
0.135198
0.965025
0.315693
0.921636
0.334209
0.468936
0.136973
0.463425
0.896612
0.253498
0.050561
0.545013
0.507046
0.262482
0.568397
0.670053
0.153276
0.716653
0.768475
0.936065
0.560488
0.441961
0.843917
0.645374
0.567861
0.766213
0.630724
0.961491
0.628231
0.838574
0.601309
0.925789
0.692284
0.117367
0.099034
0.867738
0.451339
0.66969
0.585344
0.275154
0.40477
0.066131
0.325568
0.911509
0.834701
0.748341
0.45177
0.060145
0.768535
0.745676
0.858217
0.159012
0.502068
0.296434
0.610368
0.808969
0.92313
0.43891
0.06356
0.887671
0.807509
0.023498
0.639872
0.816252
0.48666
0.728388
0.713153
0.889807
0.50679
0.850931
0.895803
0.70203
0.377473
0.259104
0.967133
0.425463
0.540613
0.562025
0.528289
0.041747
0.556443
0.178334
0.574044
0.915458
0.322338
0.575207
0.013867
0.594804
0.961423
0.3388
0.384764
0.328965
0.133291
0.015857
0.141739
0.497717
0.197025
0.506529
0.754926
0.92643
0.034704
0.195774
0.665402
0.524715
0.799367
0.022019
0.466077
0.253432
0.785371
0.770422
0.413752
0.176119
0.964164
0.305118
0.466541
0.618701
0.443352
0.660629
0.761127
0.361871
0.895638
0.248896
0.630078
0.168909
0.760372
0.997137
0.807846
0.729429
0.594282
0.123462
0.452227
0.143181
0.537401
0.550657
0.178939
0.284622
0.283679
0.981999
0.945231
0.24928
0.089626
0.907912
0.427136
0.819048
0.836837
0.503782
0.046875
0.792123
0.3767
0.247934
0.750939
0.087713
0.854684
0.478054
0.925713
0.017354
0.917748
0.70492
0.161402
0.630622
0.445843
0.319695
0.897637
0.754967
0.98676
0.61663
0.742277
0.207895
0.196299
0.614646
0.776551
0.880701
0.688581
0.330447
0.322487
0.911272
0.501757
0.808345
0.003655
0.489286
0.126818
0.602445
0.407251
0.080549
0.421146
0.801601
0.450226
0.005276
0.947594
0.850272
0.408078
0.483524
0.951848
0.016898
0.299964
0.929658
0.837013
0.80451
0.203934
0.410081
0.38845
0.602942
0.715859
0.522745
0.982854
0.904503
0.483703
0.490275
0.867361
0.456677
0.884388
0.071091
0.172327
0.757385
0.526486
0.11013
0.310487
0.360918
0.087145
0.947119
0.500152
0.661271
0.700153
0.503807
0.202197
0.206701
0.209442
0.641286
0.343889
0.736979
0.762122
0.032563
0.353092
0.569914
0.556861
0.199299
0.455985
0.485037
0.809262
0.391219
0.089512
0.562139
0.395057
0.673753
0.918454
0.957693
0.658542
0.493934
0.843294
0.39215
0.076064
0.096775
0.971734
0.842907
0.200413
0.311342
0.599968
0.989188
0.714175
0.773883
0.636809
0.069401
0.451589
0.536386
0.117797
0.377648
0.479302
0.832598
0.582598
0.493624
0.0383
0.224843
0.794214
0.571674
0.165091
0.856715
0.963682
0.045463
0.334951
0.564688
0.539295
0.765828
0.153386
0.649777
0.863115
0.177493
0.617686
0.69704
0.163175
0.14501
0.207852
0.089097
0.158975
0.807279
0.108527
0.28453
0.433137
0.058697
0.401295
0.865612
0.168292
0.74068
0.442222
0.24416
0.117123
0.816237
0.358268
0.17596
0.5732
0.863956
0.4285
0.15805
0.132939
0.599345
0.911214
0.548129
0.396428
0.907493
0.854311
0.872343
0.931349
0.711822
0.600295
0.538556
0.864898
0.584993
0.071318
0.961603
0.958663
0.469442
0.193801
0.629251
0.60593
0.610896
0.688839
0.604367
0.403199
0.945953
0.058057
0.580044
0.944157
0.619453
0.601969
0.771509
0.369912
0.650179
0.560184
0.033394
0.605645
0.941047
0.565777
0.350936
0.48962
0.442096
0.098789
0.92327
0.338593
0.731231
0.05729
0.34248
0.540018
0.060799
0.749804
0.288535
0.847987
0.745055
0.349573
0.736877
0.644978
0.542149
0.751229
0.000554
0.83113
0.166442
0.772001
0.105939
0.880722
0.841715
0.580794
0.93227
0.313616
0.683786
0.690106
0.448726
0.047412
0.66903
0.144869
0.92055
0.873083
0.590289
0.393252
0.335253
0.22094
0.763996
0.685194
0.888978
0.752594
0.757356
0.811177
0.952752
0.785197
0.737946
0.387208
0.359974
0.466587
0.16544
0.760991
0.774801
0.078505
0.014597
0.532028
0.436905
0.86232
0.301288
0.055805
0.69691
0.960883
0.247143
0.548532
0.46158
0.46121
0.179931
0.738152
0.54429
0.942004
0.033428
0.949368
0.983314
0.220108
0.747402
0.541886
0.657037
0.937979
0.396372
0.376324
0.403997
0.876138
0.544352
0.937263
0.405444
0.825686
0.104063
0.953887
0.883299
0.984519
0.225317
0.567727
0.077114
0.963329
0.835518
0.35958
0.660466
0.392454
0.363039
0.596019
0.23643
0.547445
0.833937
0.609984
0.247731
0.731054
0.361394
0.45487
0.601685
0.479403
0.493021
0.089759
0.465679
0.810255
0.803243
0.984448
0.418238
0.752826
0.684046
0.965922
0.775124
0.853947
0.135096
0.64666
0.033309
0.172244
0.675604
0.309946
0.779595
0.246105
0.530004
0.549682
0.329489
0.212736
0.135468
0.122159
0.119809
0.290254
0.726852
0.716455
0.00919
0.801734
0.77575
0.430218
0.476842
0.793466
0.468391
0.307069
0.05524
0.221396
0.583528
0.691394
0.391245
0.488181
0.965017
0.232803
0.839062
0.934872
0.642944
0.222755
0.436112
0.374478
0.235392
0.72625
0.799773
0.784392
0.258368
0.725652
0.462121
0.329782
0.722375
0.237106
0.665388
0.339257
0.286579
0.065125
0.889596
0.439783
0.35246
0.643126
0.633276
0.356454
0.137384
0.056219
0.129493
0.008502
0.165146
0.103463
0.067785
0.408348
0.372162
0.599014
0.995794
0.649
0.239571
0.998897
0.079693
0.645778
0.817045
0.498736
0.861427
0.342606
0.790516
0.140037
0.140086
0.856028
0.021305
0.979513
0.660455
0.464009
0.647227
0.777746
0.216758
0.419475
0.329622
0.617893
0.177902
0.175193
0.552819
0.120396
0.863173
0.181229
0.210942
0.529878
0.83998
0.256477
0.114978
0.687772
0.669024
0.58612
0.489526
0.83798
0.253393
0.152413
0.18178
0.217213
0.808502
0.549205
0.894686
0.868303
0.952207
0.722874
0.419827
0.704166
0.112365
0.833683
0.021581
0.091154
0.961781
0.459113
0.406441
0.7491
0.289245
0.292573
0.725607
0.445219
0.308761
0.956164
0.87468
0.709309
0.943654
0.47086
0.804719
0.790621
0.209416
0.697015
0.336992
0.366548
0.406083
0.766375
0.221832
0.267875
0.599718
0.753171
0.732038
0.726012
0.316538
0.452347
0.286707
0.77234
0.957983
0.281345
0.562659
0.619759
0.060039
0.665851
0.58052
0.118696
0.069635
0.835478
0.646907
0.194722
0.769332
0.382745
0.806306
0.804876
0.650808
0.409775
0.657666
0.262968
0.735853
0.018568
0.069017
0.947007
0.948313
0.223985
0.518375
0.177708
0.343086
0.064186
0.342465
0.49875
0.122448
0.053064
0.732382
0.316803
0.334456
0.401452
0.466658
0.673624
0.01166
0.768098
0.393398
0.823268
0.168439
0.944172
0.960987
0.434012
0.493273
0.020842
0.838555
0.557209
0.058516
0.942498
0.392594
0.194931
0.963446
0.105466
0.137821
0.675653
0.487734
0.951435
0.581626
0.249522
0.53521
0.190506
0.085625
0.466851
0.397121
0.075747
0.99543
0.251575
0.4721
0.599118
0.147486
0.745755
0.2386
0.232815
0.959446
0.42583
0.372803
0.975031
0.530848
0.695369
0.269769
0.965841
0.396657
0.839857
0.110739
0.578819
0.027554
0.009021
0.29214
0.204272
0.959774
0.673053
0.114837
0.959211
0.908944
0.736482
0.12966
0.640805
0.938444
0.26139
0.095353
0.592961
0.031382
0.113375
0.456436
0.406597
0.74834
0.137111
0.07212
0.794988
0.752337
0.128287
0.840828
0.627924
0.637079
0.042985
0.377305
0.409112
0.300785
0.085305
0.030698
0.164701
0.505631
0.519113
0.651162
0.799554
0.326846
0.592514
0.943987
0.57123
0.480895
0.753795
0.273672
0.395662
0.747433
0.936055
0.889196
0.431224
0.612422
0.450271
0.935014
0.755157
0.208219
0.954692
0.868925
0.771683
0.341547
0.867276
0.73714
0.037709
0.916298
0.878791
0.889509
0.793165
0.80196
0.699931
0.859145
0.768751
0.794569
0.989032
0.898512
0.331845
0.81143
0.816759
0.061
0.086586
0.558761
0.423129
0.409365
0.065866
0.537512
0.713372
0.044631
0.266737
0.907958
0.108879
0.110414
0.685247
0.292589
0.661265
0.292259
0.280984
0.620891
0.560066
0.687287
0.860664
0.87935
0.960415
0.08968
0.241734
0.509509
0.703674
0.288516
0.794242
0.636767
0.87262
0.449858
0.581341
0.974718
0.051909
0.101937
0.155547
0.379341
0.041781
0.048866
0.063014
0.894717
0.631238
0.917166
0.137617
0.42845
0.132958
0.065889
0.693465
0.55097
0.728711
0.354811
0.858569
0.967879
0.622197
0.510714
0.653364
0.880355
0.89819
0.440421
0.286908
0.806134
0.147278
0.6101
0.430596
0.08118
0.826201
0.218304
0.737686
0.701482
0.271383
0.946989
0.755816
0.678029
0.451129
0.344352
0.152759
0.660095
0.303418
0.916511
0.820806
0.739968
0.444457
0.049213
0.253928
0.489443
0.992388
0.114111
0.016934
0.999038
0.988305
0.675577
0.204805
0.647509
0.306771
0.427425
0.853597
0.730878
0.953861
0.242667
0.00975
0.450055
0.831987
0.466205
0.022928
0.338959
0.289006
0.86708
0.130184
0.857776
0.086447
0.79888
0.748326
0.621052
0.505085
0.152707
0.755615
0.672853
0.500081
0.805992
0.309124
0.163852
0.110697
0.089105
0.674105
0.224107
0.566768
0.288856
0.978765
0.562059
0.193329
0.646839
0.790484
0.189666
0.578216
0.151165
0.965386
0.002308
0.718377
0.772778
0.808323
0.53397
0.195327
0.546219
0.571528
0.86226
0.025733
0.172105
0.753746
0.212372
0.428128
0.571463
0.894515
0.746038
0.618278
0.470759
0.191721
0.902121
0.086873
0.855161
0.051948
0.645042
0.89528
0.403474
0.411545
0.765459
0.331869
0.972641
0.081426
0.821245
0.873691
0.994518
0.21391
0.882279
0.108549
0.534337
0.80564
0.90986
0.863797
0.907644
0.322588
0.612572
0.100194
0.731005
0.16837
0.495477
0.654006
0.448896
0.330707
0.247442
0.29879
0.901748
0.807367
0.284904
0.834707
0.605039
0.370011
0.400236
0.943235
0.04154
0.227352
0.518943
0.575602
0.571593
0.442671
0.175031
0.019504
0.726468
0.831073
0.703328
0.402933
0.365191
0.907965
0.574437
0.874895
0.596856
0.877219
0.257455
0.283241
0.821888
0.599904
0.789711
0.02367
0.037965
0.921881
0.062865
0.993463
0.458204
0.020454
0.350381
0.609197
0.536215
0.452354
0.808747
0.881903
0.395856
0.751611
0.475966
0.693104
0.444025
0.6358
0.573366
0.305537
0.56639
0.806397
0.469487
0.139135
0.375472
0.939529
0.110563
0.798276
0.349373
0.379366
0.762201
0.931229
0.966115
0.887231
0.878642
0.448046
0.813938
0.511994
0.43812
0.690689
0.069412
0.24747
0.28085
0.614853
0.199143
0.841458
0.306743
0.064647
0.141772
0.784887
0.235191
0.591824
0.999884
0.15991
0.935192
0.890088
0.310955
0.245946
0.643273
0.606017
0.792491
0.588868
0.89612
0.483658
0.268706
0.949388
0.700323
0.248482
0.576281
0.080525
0.088157
0.005409
0.117149
0.36855
0.035904
0.339422
0.009015
0.645493
0.554735
0.578513
0.989181
0.551143
0.977583
0.321211
0.526634
0.0871
0.745475
0.59814
0.672666
0.847914
0.269239
0.663865
0.787623
0.519509
0.858302
0.744245
0.074745
0.602771
0.549834
0.420985
0.91871
0.580579
0.533025
0.486383
0.198803
0.045201
0.201871
0.196641
0.801584
0.493845
0.428899
0.045088
0.764468
0.302429
0.882606
0.888582
0.850547
0.648663
0.450592
0.689606
0.186506
0.206628
0.378853
0.119654
0.038607
0.239065
0.788076
0.779558
0.033839
0.039314
0.063216
0.476288
0.63626
0.100957
0.932844
0.669751
0.939456
0.660665
0.133364
0.82204
0.527251
0.266512
0.442529
0.505006
0.571901
0.788242
0.05586
0.418927
0.646322
0.276987
0.840424
0.98704
0.865798
0.938904
0.768462
0.140127
0.595396
0.940175
0.664402
0.425168
0.886756
0.75694
0.992286
0.324924
0.045172
0.965494
0.730127
0.156759
0.35223
0.821613
0.364778
0.044289
0.758389
0.839988
0.710765
0.801172
0.881865
0.700514
0.826243
0.450408
0.237304
0.221067
0.422437
0.339869
0.959091
0.881809
0.160951
0.704531
0.097915
0.792665
0.715481
0.095285
0.985924
0.713688
0.243303
0.379687
0.397276
0.157404
0.501114
0.128566
0.28336
0.340431
0.704345
0.960719
0.533611
0.89958
0.168449
0.910394
0.412524
0.331964
0.464003
0.828008
0.836349
0.076789
0.904304
0.881189
0.415537
0.756589
0.11566
0.488624
0.015526
0.077091
0.719248
0.374346
0.933555
0.637364
0.038174
0.954699
0.689494
0.136208
0.780483
0.019781
0.019473
0.550586
0.597552
0.552827
0.610924
0.615344
0.58323
0.098785
0.463597
0.781103
0.85213
0.493644
0.347295
0.897062
0.99931
0.677116
0.383776
0.3236
0.754363
0.345482
0.045752
0.713783
0.410876
0.23342
0.139857
0.172022
0.803067
0.417044
0.333247
0.094147
0.038351
0.482998
0.725779
0.140885
0.679718
0.93864
0.955859
0.206947
0.278968
0.846885
0.292278
0.748526
0.503482
0.130705
0.095694
0.187029
0.621297
0.859889
0.202429
0.964643
0.762478
0.139732
0.316753
0.479144
0.595522
0.602839
0.443395
0.161285
0.435187
0.166576
0.430769
0.616622
0.840298
0.376101
0.563531
0.151796
0.713832
0.93927
0.34699
0.548474
0.34182
0.184704
0.967609
0.831109
0.639889
0.075041
0.949643
0.414435
0.159925
0.950663
0.231126
0.654908
0.038597
0.984702
0.036754
0.041249
0.467899
0.980052
0.394868
0.687604
0.792527
0.638263
0.300259
0.107287
0.948369
0.687701
0.467721
0.424446
0.402459
0.96925
0.119208
0.963689
0.504367
0.252444
0.643841
0.90115
0.877872
0.228411
0.077337
0.568499
0.848907
0.278527
0.260329
0.455893
0.018385
0.926131
0.121631
0.050583
0.761587
0.553056
0.81284
0.534603
0.961752
0.130682
0.82207
0.940446
0.565837
0.428393
0.256861
0.658285
0.740216
0.559116
0.810658
0.161847
0.616699
0.27831
0.438709
0.326437
0.722249
0.866354
0.280825
0.937227
0.446742
0.646192
0.210116
0.22862
0.442012
0.052416
0.569182
0.553875
0.236353
0.175059
0.655931
0.890392
0.549358
0.638638
0.852352
0.697067
0.973193
0.199797
0.494613
0.733993
0.088877
0.179513
0.883714
0.238001
0.045797
0.165524
0.054566
0.481136
0.650807
0.962753
0.893359
0.920367
0.12029
0.088549
0.411425
0.751687
0.516714
0.174174
0.906513
0.487287
0.495513
0.765804
0.402323
0.064674
0.519852
0.31462
0.714334
0.455583
0.07831
0.054727
0.15483
0.086434
0.38411
0.780578
0.183838
0.007116
0.98266
0.144929
0.033606
0.357172
0.448064
0.99065
0.663385
0.5184
0.613983
0.379814
0.741533
0.491433
0.071957
0.560956
0.423932
0.294999
0.319818
0.681189
0.899059
0.356668
0.013452
0.238533
0.977933
0.434961
0.873353
0.794837
0.321953
0.079534
0.08456
0.888383
0.363235
0.003948
0.287389
0.848868
0.133975
0.942423
0.558688
0.269888
0.205705
0.179601
0.168318
0.554565
0.949239
0.344474
0.874708
0.86694
0.476482
0.974893
0.538919
0.721391
0.082409
0.963557
0.995108
0.749994
0.584764
0.578991
0.840428
0.351489
0.348977
0.157243
0.351402
0.88006
0.581115
0.158957
0.127497
0.173792
0.921011
0.028775
0.564613
0.905244
0.308909
0.439891
0.663149
0.63162
0.343155
0.296049
0.584388
0.760063
0.214941
0.499542
0.679956
0.309791
0.877988
0.375181
0.220533
0.087334
0.43166
0.957636
0.774755
0.289295
0.365234
0.263285
0.833999
0.644058
0.873972
0.08268
0.673092
0.064518
0.020736
0.61697
0.870585
0.444906
0.761789
0.596747
0.074144
0.55741
0.444726
0.523138
0.954706
0.452528
0.442897
0.144016
0.315898
0.435165
0.797914
0.703845
0.090784
0.984262
0.691895
0.834962
0.983991
0.988249
0.558734
0.726666
0.341501
0.693478
0.837911
0.135228
0.531147
0.240437
0.328533
0.311853
0.066401
0.822862
0.55662
0.281087
0.600473
0.044022
0.31263
0.93164
0.128041
0.274243
0.085995
0.96045
0.171339
0.010635
0.673807
0.205319
0.64363
0.525032
0.47454
0.707839
0.312158
0.427014
0.807618
0.721481
0.920768
0.539164
0.797399
0.593224
0.219958
0.472074
0.167602
0.703985
0.632185
0.022519
0.388015
0.640373
0.450912
0.251685
0.344559
0.583261
0.095994
0.987776
0.597421
0.67982
0.136557
0.573309
0.103064
0.501679
0.372663
0.52744
0.819385
0.20875
0.310772
0.139891
0.234345
0.917016
0.172239
0.741586
0.618807
0.170877
0.410493
0.810707
0.239616
0.415305
0.441662
0.390903
0.279212
0.841281
0.767874
0.694654
0.142484
0.602096
0.004852
0.781493
0.811957
0.109943
0.885037
0.073649
0.711885
0.759843
0.09891
0.683124
0.824304
0.149649
0.640011
0.427595
0.205496
0.054568
0.378355
0.842845
0.738513
0.732511
0.282621
0.315904
0.645219
0.985718
0.874786
0.730344
0.156035
0.30756
0.237793
0.758967
0.825765
0.114339
0.810112
0.781058
0.342258
0.407531
0.133835
0.141264
0.749073
0.283029
0.682176
0.382309
0.317453
0.706563
0.454918
0.420374
0.765985
0.983145
0.10623
0.074833
0.314256
0.548894
0.268355
0.786605
0.680218
0.793017
0.126975
0.310527
0.626058
0.744308
0.959271
0.550113
0.06754
0.158057
0.791459
0.969127
0.993516
0.320782
0.488414
0.166539
0.868025
0.362839
0.468823
0.00332
0.383821
0.607116
0.8283
0.882075
0.567192
0.693984
0.181342
0.131895
0.96531
0.661005
0.759672
0.096974
0.621922
0.930114
0.478151
0.158669
0.398716
0.671161
0.528071
0.79447
0.484886
0.263865
0.150889
0.877815
0.235745
0.91584
0.743235
0.115209
0.246724
0.417212
0.248809
0.996435
0.692184
0.100227
0.945066
0.470062
0.139931
0.937514
0.339192
0.099517
0.516557
0.5525
0.924079
0.159993
0.736088
0.730544
0.71716
0.986361
0.263344
0.745794
0.739938
0.299521
0.76223
0.875987
0.567023
0.927834
0.680143
0.387105
0.786313
0.158035
0.312972
0.185101
0.50069
0.025424
0.981229
0.759668
0.190913
0.910064
0.483918
0.878859
0.070641
0.405693
0.604424
0.758064
0.959925
0.649258
0.394824
0.676141
0.030682
0.182155
0.073631
0.912521
0.234958
0.814161
0.451138
0.085578
0.158857
0.476031
0.991621
0.225715
0.919019
0.832425
0.431641
0.973071
0.582671
0.346891
0.160307
0.947034
0.342968
0.719873
0.832546
0.327306
0.156155
0.020936
0.979974
0.355984
0.163611
0.069039
0.359138
0.410048
0.533698
0.847614
0.911945
0.106631
0.529717
0.199627
0.077845
0.939891
0.301445
0.77992
0.133309
0.382264
0.046085
0.640974
0.604142
0.977355
0.839978
0.062893
0.719071
0.687259
0.532763
0.756822
0.035887
0.036306
0.829
0.921773
0.538244
0.497209
0.469112
0.255445
0.004708
0.529042
0.179165
0.240364
0.755207
0.167101
0.829522
0.112937
0.831431
0.377401
0.276658
0.1357
0.869292
0.613385
0.519455
0.986824
0.303256
0.71415
0.071909
0.545118
0.428739
0.0313
0.943477
0.386179
0.526924
0.967563
0.788507
0.307708
0.285316
0.595948
0.177338
0.30606
0.001206
0.53404
0.916868
0.600353
0.19681
0.549155
0.459775
0.581702
0.681184
0.947765
0.83336
0.406061
0.387696
0.262142
0.300912
0.423084
0.68527
0.912437
0.777623
0.394884
0.764972
0.771818
0.744241
0.182294
0.731059
0.244643
0.167046
0.63472
0.258451
0.784524
0.227859
0.287
0.469635
0.179645
0.211765
0.742159
0.330031
0.646534
0.087173
0.891806
0.349553
0.720469
0.316669
0.799724
0.062642
0.436998
0.432781
0.966782
0.874516
0.187715
0.468735
0.847886
0.452771
0.45418
0.899613
0.559683
0.968359
0.58546
0.362516
0.687963
0.873851
0.494952
0.002358
0.161982
0.983546
0.874717
0.226682
0.809841
0.202298
0.660418
0.061036
0.984705
0.639993
0.070606
0.00659
0.276172
0.458957
0.094623
0.802834
0.011713
0.854233
0.097999
0.210313
0.406819
0.480037
0.364565
0.582705
0.285182
0.796156
0.159944
0.941751
0.664066
0.356928
0.992363
0.824373
0.421035
0.331298
0.073662
0.934161
0.855926
0.89699
0.064798
0.48728
0.265155
0.58215
0.040857
0.557152
0.436933
0.321177
0.976908
0.23199
0.377885
0.596339
0.385799
0.403353
0.973378
0.587553
0.947167
0.179802
0.013922
0.391766
0.772105
0.125581
0.508191
0.114284
0.054572
0.808882
0.314245
0.741487
0.956011
0.40596
0.588329
0.311105
0.492925
0.959087
0.778843
0.547574
0.426426
0.011179
0.134388
0.915731
0.827126
0.554247
0.530486
0.631514
0.745023
0.082113
0.779356
0.298837
0.187563
0.169438
0.952871
0.768898
0.371062
0.627443
0.028755
0.144961
0.998963
0.068644
0.685791
0.771295
0.835328
0.44501
0.208466
0.914651
0.289086
0.460994
0.06209
0.229242
0.312373
0.802291
0.61244
0.806644
0.899639
0.665269
0.458631
0.604992
0.305595
0.702271
0.321778
0.882402
0.997456
0.975488
0.981504
0.357078
0.860056
0.554798
0.845516
0.807193
0.990439
0.790659
0.625995
0.359547
0.424692
0.423554
0.682981
0.361459
0.74637
0.918952
0.547935
0.85945
0.51253
0.258913
0.499226
0.590108
0.556258
0.039771
0.758037
0.838531
0.525808
0.363317
0.182047
0.846146
0.018377
0.41571
0.412054
0.350694
0.353808
0.053372
0.339833
0.248808
0.14956
0.410452
0.697058
0.903586
0.514658
0.82857
0.716488
0.358861
0.751087
0.520113
0.357792
0.423574
0.64436
0.427843
0.44426
0.847393
0.2105
0.953318
0.983936
0.587848
0.964809
0.350045
0.773803
0.744832
0.346679
0.509977
0.195596
0.986429
0.9589
0.044613
0.721465
0.681399
0.421794
0.238976
0.913216
0.109955
0.897276
0.967338
0.344281
0.543968
0.664788
0.027448
0.475759
0.209055
0.156129
0.958299
0.650888
0.244421
0.576328
0.501136
0.755407
0.738535
0.315754
0.713517
0.401817
0.597583
0.056189
0.454543
0.722685
0.723482
0.848243
0.939642
0.336321
0.46435
0.638496
0.835979
0.556983
0.722261
0.90514
0.944163
0.005047
0.946605
0.839493
0.575104
0.155408
0.265406
0.434668
0.948117
0.295032
0.851402
0.566464
0.006404
0.377385
0.912536
0.29445
0.825028
0.700485
0.434909
0.673986
0.710707
0.092119
0.248068
0.669135
0.337742
0.240715
0.243807
0.07764
0.55676
0.526236
0.07582
0.252224
0.093668
0.269896
0.672193
0.527588
0.527113
0.326177
0.214502
0.609496
0.006372
0.618959
0.689466
0.370604
0.548555
0.854853
0.171888
0.043875
0.610918
0.787034
0.785188
0.690348
0.882749
0.774638
0.244314
0.85309
0.479371
0.60874
0.181296
0.540125
0.545056
0.081301
0.893784
0.841961
0.14781
0.518689
0.740036
0.322341
0.759964
0.037454
0.968537
0.785703
0.338645
0.820276
0.078154
0.193391
0.095106
0.382997
0.153445
0.810316
0.293561
0.384503
0.626691
0.259953
0.367689
0.269626
0.866979
0.978049
0.409551
0.521362
0.397487
0.324607
0.296607
0.055514
0.116165
0.104651
0.852409
0.832886
0.59861
0.064894
0.137744
0.015377
0.487371
0.313275
0.504314
0.245454
0.498677
0.474845
0.645395
0.262894
0.13765
0.23356
0.989312
0.82485
0.740595
0.901326
0.030445
0.630123
0.393581
0.735256
0.067844
0.272807
0.696898
0.000977
0.567342
0.435873
0.809323
0.386748
0.690426
0.71229
0.77631
0.953614
0.86439
0.14918
0.234416
0.462275
0.913756
0.20113
0.526256
0.492005
0.610405
0.611159
0.264424
0.329185
0.443415
0.793684
0.857291
0.040473
0.814656
0.429573
0.685458
0.655232
0.147444
0.593364
0.467512
0.072791
0.939692
0.048825
0.750583
0.597667
0.557222
0.598891
0.47349
0.640887
0.933228
0.545772
0.869244
0.188316
0.567848
0.993061
0.528453
0.944767
0.105648
0.85813
0.807283
0.372304
0.537572
0.985693
0.455678
0.790422
0.044174
0.542283
0.015752
0.357643
0.580239
0.185855
0.662026
0.429454
0.444867
0.631339
0.236457
0.129127
0.1845
0.842774
0.115292
0.240303
0.140381
0.430445
0.846656
0.618483
0.657254
0.741696
0.798538
0.59903
0.934739
0.106128
0.017035
0.849152
0.809622
0.895251
0.952292
0.31783
0.508208
0.975886
0.187306
0.207942
0.151941
0.455509
0.743643
0.968417
0.742573
0.532238
0.175599
0.882502
0.030895
0.479802
0.41721
0.840947
0.258281
0.056023
0.701002
0.942176
0.897247
0.184579
0.028296
0.445982
0.61523
0.401195
0.367897
0.465982
0.00849
0.02989
0.943535
0.061427
0.734506
0.607031
0.32896
0.76918
0.896701
0.811988
0.301117
0.937562
0.292751
0.946421
0.722218
0.4162
0.63374
0.026154
0.504921
0.468251
0.699901
0.471563
0.028285
0.466362
0.317403
0.382267
0.432318
0.212838
0.646213
0.090087
0.168569
0.30717
0.283578
0.275448
0.202679
0.496324
0.109097
0.097806
0.055144
0.940418
0.126677
0.423729
0.974887
0.172844
0.667974
0.625454
0.924177
0.648779
0.121301
0.385702
0.273383
0.622246
0.38819
0.550779
0.664472
0.746869
0.208901
0.599129
0.147216
0.076803
0.473199
0.397041
0.135411
0.123051
0.783761
0.012884
0.744805
0.431197
0.352907
0.410054
0.444281
0.658384
0.701123
0.31608
0.111503
0.36073
0.108869
0.635942
0.026075
0.122285
0.883456
0.795954
0.748234
0.322662
0.824322
0.337106
0.459653
0.988196
0.294846
0.060705
0.695091
0.680168
0.602804
0.24531
0.988838
0.167244
0.148139
0.189644
0.113904
0.888884
0.835975
0.063235
0.240491
0.232368
0.60511
0.32846
0.599477
0.359021
0.020229
0.103267
0.352662
0.886082
0.075495
0.806188
0.620096
0.722963
0.955586
0.853403
0.704348
0.571313
0.326341
0.770876
0.943332
0.185019
0.359386
0.532172
0.879309
0.490999
0.77232
0.042533
0.210216
0.79861
0.346436
0.035531
0.529055
0.769765
0.020134
0.478952
0.053985
0.849467
0.221791
0.165808
0.841108
0.394877
0.339528
0.711229
0.660991
0.446395
0.294775
0.435081
0.310237
0.946574
0.925944
0.245693
0.78263
0.141003
0.686679
0.597879
0.310659
0.285442
0.42208
0.94837
0.496556
0.003158
0.782288
0.616784
0.66055
0.420096
0.227466
0.924018
0.578463
0.680026
0.221651
0.490027
0.904943
0.90774
0.184944
0.903896
0.317879
0.190593
0.967872
0.74862
0.015354
0.408322
0.266398
0.41972
0.4083
0.616853
0.365845
0.495619
0.828635
0.394535
0.681307
0.399585
0.947657
0.710169
0.2869
0.034931
0.307163
0.229584
0.56064
0.502039
0.677558
0.069583
0.641791
0.339381
0.315791
0.706047
0.673733
0.643091
0.016925
0.037619
0.054467
0.068084
0.598491
0.27848
0.132339
0.959404
0.460911
0.234942
0.658252
0.771993
0.509658
0.088364
0.5972
0.077414
0.382202
0.148201
0.808978
0.22295
0.39336
0.466692
0.146672
0.921208
0.212414
0.650467
0.901021
0.42502
0.862335
0.919863
0.331737
0.577898
0.15548
0.781587
0.438699
0.528016
0.482588
0.355076
0.504471
0.748928
0.228559
0.053557
0.099443
0.110581
0.46467
0.126919
0.289134
0.555508
0.97571
0.584836
0.873932
0.947255
0.751417
0.290278
0.428423
0.049769
0.019236
0.348837
0.640586
0.889359
0.823405
0.246978
0.250376
0.12424
0.079311
0.028336
0.699256
0.01462
0.330415
0.73821
0.047292
0.06645
0.956937
0.351657
0.978925
0.398025
0.168068
0.108857
0.509168
0.347998
0.413904
0.777497
0.795232
0.517367
0.175436
0.578722
0.003281
0.177427
0.407926
0.555868
0.776055
0.313821
0.068921
0.276422
0.818313
0.688614
0.16282
0.455814
0.295407
0.271351
0.370155
0.675106
0.117154
0.165076
0.161673
0.44481
0.155366
0.934454
0.413966
0.131007
0.296713
0.050512
0.888706
0.420684
0.591403
0.480935
0.095884
0.297102
0.706098
0.656545
0.019958
0.132873
0.637425
0.769547
0.409156
0.682602
0.96627
0.86172
0.731109
0.035655
0.310811
0.000885
0.920572
0.698764
0.805674
0.907507
0.451443
0.482532
0.652364
0.351708
0.903694
0.506043
0.272605
0.08592
0.964211
0.360362
0.348544
0.503104
0.658928
0.206892
0.693303
0.981845
0.660531
0.169259
0.692935
0.056778
0.566016
0.622015
0.8816
0.028579
0.070155
0.874616
0.841926
0.997241
0.867508
0.72856
0.066334
0.714088
0.653862
0.987367
0.19412
0.127855
0.746481
0.453345
0.416619
0.882974
0.707574
0.20943
0.385702
0.350864
0.203417
0.264821
0.309233
0.56549
0.162603
0.970016
0.972125
0.226843
0.039998
0.795699
0.121293
0.824102
0.246415
0.71882
0.015835
0.918458
0.647851
0.441075
0.335558
0.453383
0.702025
0.468233
0.892579
0.687177
0.77173
0.592556
0.113521
0.634218
0.187446
0.645429
0.37942
0.980394
0.760398
0.277045
0.820897
0.809395
0.329423
0.445231
0.067598
0.688314
0.654253
0.421774
0.384978
0.263584
0.805116
0.18088
0.846159
0.174125
0.580438
0.436711
0.366614
0.756247
0.518276
0.295895
0.798875
0.738102
0.610415
0.948384
0.003487
0.234744
0.999738
0.514442
0.055843
0.549572
0.129645
0.859245
0.865122
0.060201
0.914938
0.908514
0.446585
0.612335
0.595566
0.925052
0.860628
0.982178
0.648095
0.482809
0.207471
0.169847
0.105471
0.033402
0.636784
0.228311
0.364464
0.794755
0.018672
0.715181
0.789497
0.641745
0.572575
0.562931
0.714334
0.720567
0.910471
0.685973
0.796054
0.986218
0.559461
0.145657
0.456168
0.257077
0.964913
0.505624
0.243538
0.974603
0.741094
0.958417
0.97022
0.881612
0.131386
0.540548
0.109064
0.960135
0.212705
0.312639
0.279808
0.766254
0.278648
0.128381
0.87894
0.00044
0.275837
0.259082
0.207382
0.60858
0.142335
0.813908
0.932215
0.198048
0.966907
0.969752
0.999739
0.442716
0.898403
0.59877
0.483967
0.454899
0.991449
0.058355
0.615105
0.804854
0.713767
0.467824
0.545315
0.364365
0.935229
0.014782
0.28256
0.222381
0.513129
0.331382
0.87885
0.040781
0.813977
0.066224
0.390571
0.190677
0.437243
0.690992
0.426461
0.733648
0.87595
0.168991
0.907982
0.19532
0.096091
0.61884
0.299076
0.533666
0.339633
0.029274
0.124756
0.940745
0.905502
0.855167
0.322182
0.228995
0.153327
0.939512
0.734434
0.617506
0.914615
0.870422
0.571459
0.027679
0.390072
0.734482
0.937123
0.276692
0.07833
0.02867
0.867705
0.506255
0.946595
0.209394
0.663749
0.780907
0.567473
0.800611
0.394559
0.546844
0.634963
0.987807
0.488038
0.439881
0.727383
0.271541
0.428612
0.596216
0.106282
0.2807
0.006081
0.191432
0.652971
0.767938
0.935806
0.634568
0.605441
0.377779
0.341338
0.61681
0.962027
0.866446
0.643118
0.054124
0.217184
0.748075
0.538099
0.759627
0.306785
0.916082
0.42784
0.106701
0.743007
0.326564
0.315169
0.597024
0.662267
0.016318
0.405548
0.766502
0.12546
0.227717
0.950449
0.173591
0.010918
0.852797
0.184423
0.15775
0.757291
0.382118
0.80988
0.874819
0.391254
0.630896
0.771128
0.269134
0.422076
0.133663
0.591625
0.102274
0.676183
0.204148
0.505237
0.109187
0.313791
0.450754
0.307203
0.237122
0.453115
0.407053
0.628424
0.834257
0.017348
0.44147
0.667466
0.995693
0.085486
0.653772
0.621783
0.635127
0.522361
0.921081
0.282139
0.858035
0.815547
0.453805
0.172247
0.639328
0.114584
0.238194
0.511766
0.588283
0.040923
0.104592
0.520142
0.843851
0.118753
0.615406
0.904629
0.139287
0.582024
0.488791
0.484499
0.537454
0.932401
0.566681
0.582921
0.687363
0.39544
0.90622
0.13336
0.822178
0.378346
0.241318
0.760759
0.742351
0.812061
0.89014
0.759656
0.858738
0.693867
0.383902
0.783739
0.812714
0.649193
0.640038
0.798845
0.323634
0.928489
0.010379
0.881251
0.453209
0.326636
0.895114
0.181609
0.63581
0.937041
0.463373
0.89956
0.865418
0.748996
0.844013
0.444119
0.339666
0.714198
0.909971
0.865046
0.926646
0.483601
0.330579
0.679708
0.747623
0.234572
0.592947
0.043453
0.814187
0.425877
0.568419
0.530806
0.216649
0.257081
0.314546
0.410278
0.710446
0.468368
0.053506
0.838171
0.178904
0.624635
0.522559
0.451479
0.853343
0.121281
0.529915
0.635807
0.826087
0.276905
0.863215
0.050857
0.535066
0.833609
0.784907
0.607908
0.457169
0.263527
0.305176
0.9727
0.593269
0.79262
0.222645
0.579728
0.726216
0.712961
0.097732
0.764293
0.68783
0.088863
0.002349
0.751582
0.283318
0.697269
0.389153
0.073173
0.546051
0.555818
0.466468
0.234022
0.979817
0.961373
0.118606
0.372824
0.007867
0.507869
0.34167
0.217456
0.309479
0.786952
0.679008
0.075514
0.530625
0.129097
0.74774
0.968023
0.009256
0.537601
0.891874
0.401164
0.416798
0.118322
0.094045
0.949453
0.255074
0.956688
0.908362
0.054817
0.474259
0.731642
0.773495
0.298384
0.78441
0.517696
0.051191
0.136115
0.899125
0.420928
0.586527
0.533299
0.404169
0.279911
0.491393
0.666229
0.11796
0.454487
0.908733
0.368322
0.949655
0.500314
0.702786
0.599806
0.526869
0.97117
0.564732
0.689343
0.78983
0.185718
0.991195
0.607827
0.553578
0.896639
0.558834
0.550317
0.473571
0.524932
0.129661
0.328882
0.515796
0.237929
0.192338
0.118619
0.738206
0.349838
0.297515
0.88486
0.644506
0.209729
0.990002
0.97998
0.71199
0.393622
0.418412
0.63151
0.862057
0.722891
0.394016
0.91004
0.932555
0.485289
0.552645
0.705972
0.829618
0.744646
0.796729
0.967434
0.62669
0.182211
0.851183
0.836213
0.745029
0.631347
0.701759
0.289888
0.197426
0.787949
0.254712
0.610716
0.10555
0.952562
0.146256
0.995631
0.5419
0.614348
0.27585
0.175862
0.721336
0.130693
0.339031
0.2505
0.563424
0.113573
0.556407
0.63443
0.623316
0.795642
0.817225
0.51437
0.010093
0.563006
0.134553
0.924771
0.558755
0.072674
0.942414
0.115531
0.304338
0.304276
0.948327
0.095902
0.758765
0.88378
0.68053
0.717063
0.252289
0.140068
0.559514
0.769763
0.610659
0.21817
0.17255
0.117131
0.075388
0.82078
0.894603
0.253769
0.468312
0.696216
0.284809
0.028555
0.446079
0.362061
0.414344
0.536842
0.511141
0.095175
0.288252
0.4516
0.637044
0.921447
0.523517
0.135763
0.618146
0.272982
0.816824
0.864175
0.197648
0.85722
0.037295
0.955896
0.52233
0.042908
0.905294
0.626212
0.765104
0.181664
0.668328
0.441461
0.443075
0.307457
0.021292
0.766147
0.358282
0.990081
0.856752
0.634206
0.371058
0.93262
0.550882
0.944712
0.739077
0.239198
0.797528
0.425793
0.921349
0.444349
0.705162
0.160664
0.186826
0.486464
0.511481
0.924297
0.081897
0.824613
0.883579
0.577515
0.923474
0.136652
0.14737
0.352904
0.13813
0.770672
0.712808
0.533412
0.47235
0.848611
0.544207
0.563305
0.882273
0.931702
0.007675
0.479092
0.63732
0.460049
0.450181
0.224816
0.722366
0.729158
0.790262
0.248608
0.713405
0.964481
0.534505
0.726029
0.587462
0.918862
0.120747
0.459532
0.426423
0.174585
0.337901
0.606969
0.042833
0.110166
0.540906
0.96247
0.978314
0.938686
0.164214
0.998321
0.301204
0.292015
0.16329
0.74228
0.667482
0.96693
0.446644
0.403252
0.010745
0.879972
0.420121
0.013157
0.947577
0.116205
0.301029
0.202118
0.878398
0.732296
0.948952
0.162893
0.917441
0.621595
0.838975
0.907339
0.010882
0.700379
0.624467
0.711804
0.403521
0.251514
0.210526
0.009711
0.737504
0.046687
0.138574
0.169199
0.798722
0.379627
0.325236
0.9324
0.14832
0.478858
0.557961
0.398932
0.534283
0.85785
0.988316
0.963763
0.668516
0.421592
0.374382
0.461549
0.459803
0.690624
0.473822
0.982773
0.101133
0.127622
0.911581
0.303373
0.664345
0.780584
0.818275
0.485578
0.074304
0.199057
0.693817
0.516517
0.224406
0.069013
0.916286
0.478272
0.14466
0.877126
0.477084
0.261618
0.741749
0.063946
0.54681
0.686799
0.872027
0.888571
0.246482
0.930937
0.178009
0.859897
0.329871
0.476475
0.211787
0.592889
0.99426
0.265011
0.168812
0.080411
0.85301
0.232584
0.916096
0.39769
0.747455
0.465161
0.347922
0.041005
0.987578
0.789944
0.393518
0.132949
0.486317
0.036353
0.294928
0.472604
0.239026
0.065613
0.462588
0.491335
0.995136
0.39433
0.55859
0.64219
0.931857
0.222849
0.044175
0.390199
0.395798
0.330155
0.419179
0.87354
0.817999
0.727384
0.995313
0.853444
0.052445
0.322472
0.844241
0.208586
0.284168
0.292596
0.037541
0.965044
0.632534
0.694503
0.068643
0.004884
0.6666
0.871718
0.019106
0.664671
0.84621
0.876794
0.968746
0.536173
0.60358
0.409191
0.875944
0.561447
0.500839
0.534545
0.8344
0.8854
0.058724
0.376266
0.973779
0.450921
0.25886
0.586119
0.136716
0.199075
0.011017
0.282367
0.515101
0.446267
0.501202
0.495807
0.077856
0.480973
0.997734
0.263887
0.665323
0.278799
0.835877
0.126857
0.38937
0.459147
0.142961
0.018049
0.361513
0.399021
0.89485
0.647219
0.939298
0.773379
0.275749
0.049879
0.132693
0.538063
0.90291
0.420938
0.864679
0.510756
0.671224
0.791537
0.885342
0.806794
0.049306
0.808547
0.411179
0.95085
0.516372
0.826831
0.689933
0.467574
0.598442
0.226336
0.270503
0.854807
0.364252
0.187041
0.789715
0.71386
0.911218
0.087021
0.860184
0.588683
0.051664
0.221896
0.892964
0.459553
0.486363
0.624015
0.602692
0.719119
0.363616
0.033143
0.289522
0.524587
0.336236
0.054704
0.305976
0.797143
0.896346
0.220262
0.62495
0.460782
0.731771
0.380113
0.828681
0.905591
0.742453
0.23727
0.581436
0.563074
0.454059
0.183423
0.355314
0.168761
0.35232
0.288622
0.769686
0.663216
0.923695
0.604078
0.710208
0.271845
0.650127
0.663095
0.672865
0.249079
0.068154
0.970332
0.302001
0.66326
0.08858
0.519258
0.450408
0.080749
0.707448
0.133271
0.23769
0.816662
0.131864
0.305365
0.584837
0.959059
0.647515
0.102569
0.932712
0.258317
0.609708
0.675305
0.091768
0.057385
0.321417
0.350782
0.601897
0.009314
0.955114
0.632898
0.6227
0.619593
0.105616
0.823834
0.4614
0.303475
0.860041
0.729892
0.247021
0.805528
0.982656
0.280126
0.004057
0.139849
0.090839
0.148539
0.084656
0.769526
0.447966
0.615968
0.814665
0.897791
0.639222
0.281015
0.983816
0.372486
0.064209
0.213611
0.685331
0.374504
0.345502
0.063038
0.11744
0.021545
0.471298
0.404725
0.52987
0.189464
0.40223
0.002822
0.452253
0.49988
0.230445
0.705559
0.811086
0.950093
0.816621
0.743567
0.945988
0.947349
0.32754
0.77598
0.199504
0.982151
0.647153
0.683496
0.458825
0.374407
0.321901
0.030041
0.153273
0.728283
0.748359
0.462666
0.776576
0.216166
0.360286
0.298924
0.790668
0.648679
0.184495
0.900747
0.065524
0.760027
0.713473
0.874822
0.49562
0.535475
0.681159
0.65932
0.696804
0.083683
0.029992
0.837161
0.388894
0.587897
0.110465
0.749971
0.990685
0.210899
0.285425
0.019803
0.609522
0.895449
0.517154
0.791308
0.820378
0.033212
0.009648
0.697043
0.841573
0.963596
0.855282
0.761221
0.767198
0.940799
0.99638
0.920112
0.458851
0.428052
0.192933
0.714469
0.323553
0.060905
0.982104
0.025589
0.335657
0.456695
0.554398
0.141915
0.640287
0.653718
0.413944
0.413244
0.36382
0.978157
0.172397
0.97695
0.443635
0.397515
0.303439
0.969809
0.479718
0.597334
0.681461
0.347215
0.508721
0.962523
0.794217
0.286878
0.09269
0.968411
0.065772
0.088527
0.066695
0.736347
0.044229
0.786598
0.550714
0.038413
0.895838
0.687418
0.680507
0.763139
0.560483
0.880065
0.815763
0.457864
0.522329
0.79103
0.614309
0.196922
0.352076
0.554922
0.485969
0.412664
0.403734
0.079482
0.520018
0.154988
0.816828
0.034257
0.252881
0.972578
0.465015
0.390184
0.512254
0.88864
0.508116
0.595917
0.404315
0.028732
0.071653
0.657803
0.47484
0.920175
0.7635
0.464896
0.298017
0.999877
0.925612
0.378229
0.128331
0.186798
0.145757
0.528235
0.808206
0.217337
0.768734
0.335843
0.553452
0.656147
0.447982
0.587582
0.819921
0.68898
0.001717
0.062991
0.497406
0.709266
0.543707
0.466066
0.127878
0.89015
0.413721
0.295964
0.515425
0.668653
0.225279
0.568614
0.588894
0.287671
0.898411
0.939398
0.122588
0.81233
0.573789
0.363163
0.245534
0.339575
0.877949
0.67744
0.51094
0.125854
0.57014
0.509127
0.167173
0.608636
0.417902
0.624877
0.813076
0.767731
0.565077
0.048481
0.118831
0.852505
0.932754
0.292262
0.011207
0.496638
0.903915
0.805492
0.945717
0.25605
0.356195
0.324547
0.705713
0.663371
0.825701
0.011739
0.39581
0.23314
0.254029
0.557535
0.605538
0.285888
0.581547
0.2659
0.503788
0.012223
0.1019
0.643657
0.951721
0.336242
0.978561
0.228677
0.993654
0.701657
0.707876
0.120299
0.051384
0.678375
0.800767
0.948422
0.927298
0.007149
0.105156
0.144239
0.030427
0.769419
0.203428
0.080416
0.03291
0.21339
0.456454
0.962098
0.863294
0.9858
0.853835
0.093939
0.971025
0.491746
0.188791
0.788996
0.963729
0.924431
0.630463
0.286762
0.513604
0.177225
0.794337
0.063083
0.804361
0.033877
0.13701
0.775155
0.655461
0.770636
0.158353
0.370832
0.966664
0.609739
0.358502
0.023701
0.068435
0.2363
0.337493
0.372719
0.827774
0.244146
0.181603
0.178863
0.557881
0.188757
0.524423
0.182737
0.346695
0.585807
0.813177
0.561498
0.815039
0.141907
0.212301
0.088811
0.723728
0.107753
0.387406
0.047084
0.429208
0.129146
0.991524
0.748576
0.073925
0.354613
0.269036
0.736617
0.768115
0.058379
0.897822
0.267655
0.24285
0.105181
0.587959
0.410174
0.128719
0.94583
0.569638
0.556567
0.073511
0.522799
0.965787
0.649784
0.616795
0.93363
0.742222
0.879183
0.76685
0.748597
0.217686
0.275648
0.209474
0.055224
0.416066
0.114774
0.240207
0.602327
0.311202
0.98964
0.639852
0.495673
0.349497
0.015931
0.938059
0.032714
0.531335
0.395103
0.722593
0.542782
0.475911
0.972996
0.772918
0.858506
0.861259
0.613885
0.452114
0.636212
0.556424
0.556016
0.758397
0.294724
0.901963
0.625207
0.187606
0.836315
0.664727
0.283569
0.201323
0.674555
0.841757
0.999393
0.806506
0.047526
0.911035
0.899587
0.9093
0.138518
0.811863
0.796582
0.38668
0.95925
0.537947
0.550002
0.552273
0.86423
0.039531
0.611732
0.421649
0.91944
0.316292
0.876533
0.730973
0.561853
0.934499
0.952134
0.563597
0.058356
0.875638
0.7003
0.572856
0.808425
0.795062
0.566152
0.773499
0.848085
0.875943
0.854734
0.694866
0.549773
0.981057
0.733183
0.889853
0.705013
0.266868
0.996643
0.596486
0.866803
0.336822
0.628013
0.896169
0.406835
0.124736
0.826528
0.385179
0.16665
0.112031
0.135759
0.694807
0.528324
0.064835
0.942625
0.868034
0.720942
0.014896
0.952696
0.745606
0.754441
0.879853
0.224964
0.836026
0.080142
0.124778
0.407594
0.087403
0.034648
0.030243
0.54854
0.568158
0.280837
0.541602
0.063706
0.765214
0.618547
0.720283
0.292332
0.951913
0.892854
0.42527
0.180654
0.052704
0.868775
0.179043
0.131319
0.510852
0.33807
0.909313
0.938954
0.345286
0.33425
0.488007
0.518301
0.170233
0.96193
0.279641
0.064358
0.339364
0.130693
0.842229
0.955463
0.170495
0.613928
0.760956
0.533111
0.257536
0.046312
0.350738
0.978471
0.939698
0.060337
0.991277
0.070274
0.110078
0.007105
0.17854
0.096657
0.275211
0.325728
0.722397
0.748222
0.256844
0.426322
0.440084
0.256213
0.828003
0.69964
0.458767
0.817521
0.658658
0.403934
0.70152
0.465372
0.150312
0.184354
0.618381
0.752844
0.088687
0.648218
0.697674
0.768171
0.926156
0.007539
0.124955
0.212689
0.564882
0.708301
0.202707
0.697525
0.374475
0.711884
0.485697
0.081215
0.528492
0.771871
0.131902
0.163488
0.12131
0.538043
0.736722
0.780496
0.961862
0.584247
0.329786
0.848629
0.469737
0.213316
0.312037
0.075451
0.176175
0.945142
0.136079
0.61606
0.054218
0.691551
0.705577
0.868634
0.877254
0.089485
0.705869
0.477031
0.624003
0.700883
0.156783
0.139002
0.946439
0.878352
0.970425
0.900964
0.833369
0.270069
0.001845
0.938599
0.613064
0.988687
0.783786
0.209217
0.105839
0.391624
0.536538
0.950847
0.935069
0.459521
0.900503
0.974867
0.399203
0.032382
0.929195
0.758468
0.407747
0.880464
0.223694
0.106338
0.116778
0.421205
0.612577
0.992447
0.441491
0.97549
0.693528
0.323633
0.737455
0.976326
0.652658
0.549646
0.198609
0.111245
0.597169
0.132256
0.031295
0.147217
0.374472
0.253392
0.200191
0.070728
0.062698
0.160715
0.491655
0.197488
0.064898
0.461737
0.731626
0.507456
0.706133
0.104554
0.595441
0.485333
0.717306
0.815267
0.195252
0.133963
0.483925
0.483988
0.16104
0.197577
0.370613
0.462361
0.954412
0.937557
0.111492
0.528917
0.785573
0.452139
0.041077
0.803658
0.506381
0.931409
0.898802
0.709145
0.66508
0.711613
0.585335
0.33514
0.113429
0.943465
0.430692
0.328711
0.388779
0.478677
0.438228
0.914239
0.099232
0.580498
0.106666
0.561343
0.966208
0.991356
0.989574
0.295307
0.718659
0.052593
0.977842
0.319944
0.707274
0.931357
0.073273
0.548471
0.053928
0.105689
0.159467
0.051029
0.01599
0.337146
0.454968
0.685816
0.402006
0.552872
0.139013
0.424581
0.464686
0.891589
0.833901
0.878449
0.576593
0.919934
0.249317
0.151472
0.124503
0.978938
0.281265
0.942933
0.627816
0.370523
0.764282
0.912684
0.648095
0.87676
0.631945
0.460471
0.334319
0.73166
0.394758
0.217334
0.232665
0.488432
0.715549
0.868777
0.252375
0.379721
0.820733
0.935758
0.118908
0.670769
0.889879
0.359533
0.106334
0.755485
0.18757
0.747303
0.909418
0.258338
0.465368
0.17342
0.690085
0.542198
0.823891
0.399116
0.016577
0.865799
0.844049
0.115013
0.122148
0.698429
0.079069
0.670428
0.70532
0.417211
0.558428
0.189993
0.043068
0.748248
0.571871
0.087354
0.985687
0.090434
0.587739
0.260144
0.995268
0.972536
0.828025
0.569686
0.319948
0.296355
0.670498
0.246668
0.273872
0.920523
0.356995
0.268279
0.696923
0.12978
0.921259
0.404295
0.126114
0.854582
0.256713
0.120103
0.319502
0.713448
0.968299
0.720288
0.146741
0.394072
0.88538
0.309986
0.504384
0.115741
0.485561
0.807824
0.525748
0.484646
0.260219
0.738734
0.367981
0.647023
0.550735
0.418044
0.269089
0.239173
0.005213
0.990004
0.074445
0.904225
0.603971
0.10304
0.131853
0.221831
0.081035
0.052897
0.626793
0.983653
0.160074
0.37394
0.0524
0.44376
0.764313
0.261
0.819055
0.278125
0.118422
0.083798
0.783047
0.82223
0.386821
0.895144
0.186671
0.023792
0.4672
0.878931
0.430106
0.207368
0.895544
0.126597
0.819165
0.489451
0.825495
0.499982
0.033079
0.024625
0.941274
0.509051
0.743845
0.234707
0.535343
0.849055
0.420748
0.613943
0.306951
0.979458
0.042401
0.052755
0.472568
0.101016
0.362887
0.930239
0.810283
0.06429
0.374652
0.565829
0.13924
0.893865
0.406045
0.234044
0.375083
0.589773
0.229363
0.405475
0.560464
0.389237
0.665384
0.513836
0.401233
0.235202
0.141601
0.872273
0.575775
0.146985
0.812054
0.875563
0.959487
0.636764
0.554242
0.192487
0.181003
0.073375
0.801649
0.976561
0.38129
0.879876
0.255324
0.338622
0.706632
0.042885
0.342111
0.011718
0.663076
0.667349
0.052015
0.865522
0.138734
0.890793
0.785453
0.659951
0.772299
0.381737
0.911538
0.801767
0.713805
0.911137
0.840291
0.735365
0.068242
0.501
0.024357
0.408903
0.553977
0.747143
0.723052
0.851319
0.369128
0.141764
0.404772
0.839827
0.937989
0.839251
0.71721
0.989239
0.206331
0.254331
0.995473
0.28596
0.155425
0.098101
0.109081
0.704946
0.022033
0.246036
0.6499
0.977975
0.576059
0.284912
0.930935
0.881898
0.389112
0.68927
0.461864
0.72544
0.421305
0.268154
0.383254
0.660379
0.034599
0.423266
0.385133
0.14385
0.806346
0.622952
0.380492
0.71479
0.340614
0.018442
0.9663
0.991074
0.57544
0.401549
0.455618
0.977427
0.721476
0.495887
0.114546
0.40724
0.836594
0.9874
0.464617
0.325527
0.635505
0.558613
0.818148
0.004106
0.8924
0.409868
0.739874
0.193154
0.350716
0.721358
0.360772
0.258039
0.382078
0.876344
0.644767
0.235301
0.629811
0.540305
0.328846
0.391023
0.778317
0.318493
0.238525
0.062977
0.919859
0.333491
0.599953
0.719922
0.534994
0.684129
0.477217
0.536081
0.143396
0.505219
0.178537
0.381993
0.242119
0.607671
0.634808
0.500883
0.643201
0.576862
0.079299
0.509515
0.847201
0.608755
0.832555
0.852201
0.614509
0.631075
0.916868
0.757699
0.633945
0.643115
0.939335
0.657917
0.34426
0.876399
0.835449
0.600432
0.420877
0.631354
0.897851
0.749996
0.642011
0.502334
0.235885
0.147203
0.842027
0.657437
0.026481
0.833637
0.811621
0.457365
0.625097
0.104483
0.404565
0.041857
0.223221
0.097661
0.160711
0.373
0.430636
0.178094
0.328072
0.877
0.556718
0.81087
0.332356
0.397625
0.382466
0.281924
0.674091
0.391897
0.683363
0.517936
0.531001
0.917249
0.084893
0.028429
0.153947
0.427213
0.464753
0.443683
0.757832
0.430589
0.999868
0.568086
0.008904
0.13372
0.080876
0.011479
0.470053
0.81285
0.782865
0.264466
0.953362
0.21006
0.859849
0.989877
0.868983
0.567747
0.62583
0.44035
0.537409
0.69625
0.902493
0.279799
0.060231
0.369875
0.707045
0.67274
0.683462
0.464211
0.42236
0.756553
0.316879
0.429839
0.609359
0.048721
0.426881
0.107113
0.01228
0.361054
0.164461
0.596881
0.263016
0.794477
0.535651
0.260353
0.978265
0.474787
0.251048
0.010004
0.320229
0.087028
0.391429
0.580466
0.324744
0.502003
0.633827
0.166302
0.722415
0.146299
0.783173
0.81298
0.51098
0.743215
0.040215
0.21084
0.04618
0.653004
0.586357
0.022222
0.361177
0.366933
0.688969
0.203065
0.654145
0.017139
0.57841
0.721489
0.283507
0.974779
0.917974
0.127362
0.791715
0.047406
0.735816
0.57281
0.677644
0.120694
0.826749
0.456388
0.102662
0.932819
0.217147
0.973068
0.883756
0.216223
0.474872
0.945569
0.145035
0.917573
0.97494
0.711175
0.706961
0.886731
0.332299
0.179585
0.246861
0.546164
0.171809
0.162017
0.51456
0.133011
0.732455
0.484163
0.041826
0.069549
0.427459
0.186799
0.575438
0.99309
0.395051
0.094901
0.140377
0.26998
0.626032
0.313044
0.126314
0.226931
0.851392
0.436924
0.186535
0.69745
0.743726
0.772926
0.81724
0.541592
0.157315
0.955738
0.170101
0.40136
0.543102
0.188383
0.900956
0.400085
0.904495
0.787558
0.115718
0.913167
0.797488
0.857568
0.476297
0.754444
0.66683
0.719264
0.824972
0.447736
0.558727
0.903267
0.142595
0.448856
0.997782
0.349144
0.326862
0.58458
0.668665
0.950011
0.483362
0.243451
0.327192
0.424101
0.311308
0.413327
0.606296
0.044576
0.671835
0.668946
0.750279
0.351545
0.088392
0.426313
0.686012
0.90161
0.959363
0.061843
0.736285
0.770784
0.09631
0.585225
0.26789
0.495239
0.852739
0.330538
0.439134
0.239321
0.60649
0.635552
0.84388
0.190578
0.57693
0.730717
0.238251
0.023518
0.619878
0.31616
0.112912
0.939073
0.250552
0.632235
0.690107
0.295355
0.433629
0.472465
0.911928
0.518321
0.754867
0.156832
0.140947
0.432337
0.631991
0.463953
0.374868
0.989918
0.641162
0.400832
0.571335
0.672853
0.15515
0.63161
0.710899
0.875967
0.102036
0.177388
0.115086
0.356203
0.764182
0.551249
0.639289
0.962268
0.102812
0.93577
0.369359
0.671274
0.239572
0.108644
0.478331
0.766679
0.184616
0.875722
0.270739
0.29591
0.335715
0.538993
0.485426
0.483825
0.433793
0.721712
0.15712
0.015487
0.324474
0.931107
0.07904
0.630952
0.131777
0.503838
0.641291
0.094515
0.165976
0.813942
0.162266
0.752804
0.59678
0.171221
0.257163
0.383512
0.953978
0.342048
0.419167
0.086144
0.522969
0.326983
0.681476
0.957689
0.763248
0.439597
0.630993
0.540522
0.477047
0.883495
0.892585
0.841628
0.759346
0.710869
0.346061
0.722101
0.138056
0.882206
0.873276
0.711795
0.382243
0.203312
0.922933
0.696436
0.427315
0.748111
0.070436
0.770654
0.83725
0.633369
0.971955
0.397414
0.496536
0.368104
0.174075
0.71678
0.198469
0.97079
0.939126
0.852474
0.694332
0.06434
0.685008
0.193632
0.334214
0.220252
0.824744
0.88422
0.488137
0.871631
0.237601
0.224668
0.275528
0.625016
0.896237
0.901538
0.259753
0.926257
0.305764
0.282428
0.428455
0.023334
0.125947
0.437481
0.496116
0.719752
0.338641
0.676518
0.266091
0.957032
0.131643
0.715818
0.550067
0.047311
0.897636
0.967869
0.533893
0.459809
0.856206
0.868193
0.882127
0.822256
0.953023
0.898889
0.144499
0.381137
0.3161
0.659713
0.414711
0.01862
0.063486
0.935584
0.547319
0.516529
0.115474
0.403216
0.617082
0.657982
0.917473
0.217738
0.625433
0.443076
0.052639
0.41811
0.410651
0.245029
0.060109
0.293524
0.261647
0.911625
0.508159
0.208751
0.896547
0.205011
0.53095
0.685803
0.632526
0.927913
0.826262
0.924723
0.910099
0.672189
0.666603
0.442438
0.156931
0.650976
0.9104
0.129675
0.039464
0.292676
0.62863
0.105405
0.658418
0.043837
0.681004
0.066089
0.111436
0.338942
0.998028
0.012768
0.942314
0.495942
0.826347
0.936613
0.853487
0.259861
0.684797
0.921998
0.724707
0.419969
0.880963
0.29876
0.921428
0.622474
0.922485
0.174791
0.273394
0.804767
0.256543
0.521428
0.04477
0.753778
0.579761
0.854494
0.729687
0.07227
0.806412
0.93014
0.931688
0.2697
0.167733
0.665246
0.735931
0.607643
0.098063
0.085799
0.6978
0.135585
0.685168
0.525002
0.566942
0.956064
0.751793
0.746214
0.107678
0.907642
0.803041
0.127791
0.132085
0.917384
0.284468
0.011145
0.939259
0.626916
0.890789
0.587517
0.437721
0.489331
0.368317
0.441659
0.679896
0.252864
0.97582
0.180083
0.877481
0.046726
0.289236
0.991171
0.845818
0.568584
0.870253
0.93915
0.165343
0.86038
0.111726
0.228639
0.417317
0.915151
0.624505
0.747015
0.438259
0.935649
0.598523
0.305553
0.42071
0.181673
0.740518
0.216277
0.99688
0.698844
0.270791
0.775367
0.670425
0.1051
0.954948
0.469992
0.269988
0.466056
0.612711
0.325518
0.886984
0.44224
0.752988
0.821183
0.91606
0.690469
0.475464
0.026449
0.527718
0.213761
0.280162
0.294598
0.280638
0.308731
0.249113
0.251091
0.702119
0.311194
0.678848
0.305014
0.421129
0.061383
0.88511
0.689934
0.594349
0.46928
0.217974
0.246319
0.640806
0.949267
0.51029
0.85658
0.956492
0.841726
0.076594
0.97529
0.533016
0.488329
0.619185
0.974627
0.594538
0.821704
0.553568
0.741907
0.205279
0.239834
0.225165
0.246324
0.737929
0.553897
0.576455
0.697318
0.580831
0.68736
0.756215
0.310911
0.832364
0.03381
0.874384
0.181563
0.529824
0.788796
0.672869
0.928544
0.543291
0.945296
0.764458
0.147701
0.791306
0.775155
0.542769
0.317328
0.203613
0.54781
0.899164
0.400547
0.189462
0.235866
0.955443
0.783849
0.818626
0.579228
0.62355
0.248538
0.442744
0.627183
0.054621
0.032853
0.671663
0.074442
0.754109
0.467429
0.605924
0.419912
0.622514
0.493084
0.895282
0.370174
0.234823
0.085096
0.515625
0.615441
0.857131
0.060151
0.137707
0.191911
0.359937
0.660774
0.349425
0.97431
0.370742
0.686048
0.238761
0.490036
0.810115
0.097075
0.841095
0.370287
0.407236
0.921971
0.267007
0.346025
0.500101
0.428956
0.512034
0.636822
0.74142
0.91288
0.54971
0.356924
0.153606
0.253807
0.028127
0.702665
0.480901
0.77984
0.725166
0.345108
0.941259
0.371261
0.066142
0.735244
0.79683
0.199472
0.063912
0.942737
0.068172
0.832708
0.010614
0.423268
0.146778
0.800683
0.720929
0.779464
0.856802
0.761485
0.411966
0.064795
0.206436
0.364914
0.588754
0.636983
0.723578
0.501943
0.962072
0.746592
0.065434
0.273065
0.608605
0.401351
0.957676
0.924224
0.923878
0.238602
0.960347
0.15165
0.562423
0.781072
0.925058
0.450301
0.446535
0.291976
0.786369
0.35736
0.457184
0.356226
0.775102
0.486541
0.213845
0.104916
0.30903
0.153121
0.604454
0.380306
0.233607
0.204996
0.326992
0.28255
0.725163
0.979616
0.444376
0.311144
0.225543
0.846267
0.331774
0.280134
0.220384
0.354834
0.368141
0.093393
0.180258
0.250468
0.096288
0.388929
0.512325
0.598885
0.18936
0.867065
0.888351
0.166227
0.302757
0.501577
0.357615
0.208765
0.061683
0.366307
0.44668
0.511295
0.466078
0.310216
0.4367
0.148469
0.63471
0.591336
0.143523
0.644282
0.779032
0.847129
0.908873
0.82506
0.244676
0.417283
0.702552
0.122357
0.376217
0.512164
0.925367
0.855952
0.320128
0.519065
0.600763
0.707512
0.05698
0.4706
0.028661
0.055329
0.387235
0.257161
0.808081
0.12061
0.636726
0.162176
0.328701
0.080965
0.853492
0.667805
0.33251
0.391672
0.505253
0.376441
0.708554
0.79853
0.595026
0.938861
0.146528
0.750394
0.233714
0.882207
0.640747
0.114055
0.890543
0.348639
0.18347
0.304245
0.352486
0.81108
0.76541
0.198022
0.061623
0.678507
0.091449
0.046831
0.273374
0.716698
0.75959
0.896223
0.749101
0.903236
0.106803
0.217042
0.556392
0.109694
0.860481
0.91926
0.254546
0.462075
0.582326
0.642889
0.79724
0.920988
0.833089
0.339226
0.134696
0.135065
0.300459
0.187076
0.231074
0.08427
0.965006
0.051165
0.159871
0.730592
0.330063
0.229759
0.913532
0.123891
0.641871
0.099565
0.583689
0.577421
0.194902
0.594803
0.209428
0.599066
0.29587
0.438129
0.051529
0.52913
0.807271
0.450729
0.745561
0.168329
0.922482
0.121585
0.427042
0.001332
0.938987
0.429506
0.795169
0.37368
0.532057
0.17506
0.594879
0.816364
0.266126
0.136878
0.772524
0.246884
0.750174
0.141679
0.265388
0.311746
0.296189
0.729554
0.312752
0.185135
0.08129
0.130186
0.736203
0.488316
0.06212
0.034149
0.444758
0.558549
0.304023
0.259735
0.960785
0.522279
0.736334
0.283509
0.527846
0.689235
0.337184
0.30174
0.799969
0.480272
0.393098
0.957929
0.305621
0.488463
0.268892
0.651676
0.454203
0.501715
0.003051
0.788138
0.415519
0.719581
0.831018
0.438628
0.41123
0.788259
0.689101
0.959332
0.313659
0.76791
0.52811
0.911984
0.408251
0.054779
0.38255
0.818857
0.522372
0.472815
0.509784
0.874813
0.125061
0.258295
0.229817
0.860414
0.071879
0.241026
0.839648
0.942002
0.350571
0.250115
0.032004
0.47016
0.074457
0.779511
0.096516
0.965639
0.173348
0.348108
0.816359
0.932891
0.485569
0.75197
0.352332
0.523837
0.745601
0.649533
0.974385
0.160568
0.623392
0.614879
0.73142
0.883497
0.454011
0.185614
0.193525
0.187813
0.957065
0.888796
0.359927
0.182136
0.134131
0.330126
0.831879
0.690754
0.446544
0.996319
0.097004
0.246739
0.004044
0.650081
0.139247
0.998467
0.963363
0.30828
0.492294
0.385668
0.390562
0.944624
0.219426
0.9997
0.125703
0.310587
0.795197
0.509853
0.330546
0.634917
0.154051
0.277108
0.381516
0.1029
0.616064
0.428434
0.92261
0.39167
0.061245
0.653899
0.718705
0.397333
0.757761
0.893798
0.45472
0.563195
0.810516
0.643907
0.434829
0.925715
0.169354
0.381194
0.914493
0.604987
0.23544
0.614108
0.760453
0.136026
0.816432
0.525986
0.656091
0.120906
0.608999
0.987761
0.311953
0.387112
0.798167
0.225197
0.869818
0.188546
0.279847
0.620564
0.385315
0.41926
0.000998
0.013547
0.786397
0.278334
0.968907
0.154667
0.349153
0.844055
0.427409
0.466761
0.94467
0.621821
0.198249
0.153274
0.371095
0.031138
0.607537
0.598664
0.913646
0.983229
0.047727
0.287032
0.260012
0.498155
0.93528
0.119321
0.807475
0.094001
0.274349
0.930794
0.718563
0.227035
0.142563
0.775073
0.146436
0.500335
0.525507
0.641813
0.801185
0.095847
0.970734
0.505965
0.255273
0.471755
0.583583
0.560122
0.233821
0.875635
0.25051
0.217249
0.573855
0.959923
0.996352
0.859788
0.807118
0.246961
0.198185
0.487974
0.558529
0.020974
0.252228
0.958556
0.329415
0.101502
0.057502
0.783895
0.834256
0.883509
0.330706
0.15925
0.237434
0.937197
0.826484
0.533605
0.013438
0.611202
0.19308
0.293215
0.894672
0.902634
0.628986
0.511225
0.262258
0.208138
0.106491
0.490486
0.281898
0.538339
0.800981
0.613337
0.211805
0.928138
0.18296
0.882873
0.127447
0.162557
0.388931
0.302879
0.189223
0.368894
0.659066
0.634871
0.370072
0.028233
0.679703
0.370034
0.65808
0.47143
0.760402
0.964682
0.789736
0.07418
0.316994
0.041927
0.076056
0.091763
0.712958
0.707287
0.155741
0.265392
0.137914
0.857331
0.031272
0.660915
0.017419
0.469828
0.515979
0.737607
0.600943
0.372171
0.495589
0.619516
0.544386
0.736082
0.309719
0.889421
0.760658
0.757649
0.75495
0.129472
0.719975
0.212364
0.625884
0.123081
0.328416
0.073082
0.951915
0.195008
0.625874
0.064813
0.569899
0.004038
0.107063
0.329818
0.497803
0.220823
0.377991
0.074094
0.303669
0.227913
0.416972
0.775647
0.990715
0.082104
0.801576
0.230367
0.021656
0.522684
0.172657
0.803217
0.82842
0.209188
0.385816
0.344696
0.147635
0.466503
0.537683
0.718391
0.361989
0.198464
0.273236
0.769061
0.220422
0.860186
0.302377
0.070206
0.620579
0.341423
0.661616
0.831594
0.963723
0.348775
0.840242
0.092494
0.473657
0.813096
0.372986
0.166976
0.465921
0.886916
0.456397
0.934169
0.046045
0.534149
0.054618
0.484168
0.851039
0.393371
0.688749
0.0311
0.923166
0.083732
0.887423
0.93169
0.299074
0.258535
0.591654
0.23182
0.427829
0.916299
0.107408
0.841607
0.800977
0.440681
0.316285
0.823281
0.220651
0.169092
0.066685
0.912945
0.358888
0.200836
0.069776
0.076267
0.510287
0.053188
0.965124
0.830833
0.782709
0.532689
0.881079
0.381655
0.237628
0.653257
0.715691
0.504179
0.636508
0.768878
0.802012
0.73485
0.298579
0.753308
0.137984
0.4714
0.070838
0.963381
0.055255
0.280119
0.28625
0.02261
0.504009
0.975578
0.884336
0.807112
0.575256
0.654427
0.48819
0.776903
0.000805
0.631388
0.103495
0.896469
0.127089
0.858681
0.580759
0.487486
0.965474
0.57553
0.084954
0.705619
0.606715
0.000266
0.491995
0.896445
0.793748
0.930717
0.008739
0.292649
0.754242
0.222829
0.433627
0.974159
0.999495
0.901175
0.192097
0.393997
0.327768
0.257947
0.019312
0.939052
0.947451
0.001761
0.151057
0.14199
0.387271
0.932063
0.043699
0.693349
0.382168
0.972458
0.163741
0.056173
0.688652
0.909446
0.92327
0.392141
0.073383
0.08281
0.150922
0.217034
0.760176
0.706232
0.318031
0.864666
0.560217
0.730819
0.804878
0.985522
0.465329
0.855604
0.041637
0.096654
0.46321
0.145557
0.137611
0.107082
0.410814
0.670255
0.482875
0.808211
0.697847
0.280838
0.972762
0.911299
0.446282
0.613403
0.763559
0.581066
0.592253
0.301501
0.927791
0.652614
0.522843
0.065029
0.270701
0.956671
0.846841
0.488315
0.664792
0.637797
0.258552
0.174837
0.803017
0.577526
0.319844
0.855731
0.368665
0.970424
0.365758
0.461798
0.206679
0.850847
0.924925
0.170203
0.514998
0.78857
0.248229
0.916105
0.602919
0.909987
0.339919
0.557049
0.277171
0.772599
0.335964
0.881472
0.317759
0.836079
0.195243
0.005457
0.150343
0.491624
0.153124
0.666131
0.590678
0.558557
0.770455
0.369314
0.743023
0.705664
0.337759
0.307473
0.547992
0.134624
0.160214
0.494734
0.995709
0.656489
0.850345
0.570517
0.59356
0.325157
0.857886
0.308326
0.919797
0.487949
0.144117
0.085162
0.306423
0.007094
0.990469
0.431512
0.410445
0.653178
0.550188
0.171867
0.761292
0.356261
0.124719
0.109842
0.688646
0.282214
0.871697
0.961106
0.268035
0.716256
0.293248
0.768921
0.515571
0.867317
0.719822
0.192768
0.814579
0.32103
0.987482
0.760533
0.517209
0.993536
0.247459
0.750751
0.66131
0.751786
0.039749
0.714912
0.654901
0.08719
0.791708
0.265031
0.860121
0.502425
0.777674
0.382887
0.168689
0.34668
0.614616
0.400688
0.609445
0.282637
0.518423
0.908232
0.712298
0.375423
0.311726
0.903356
0.777145
0.537302
0.889338
0.915538
0.198468
0.908316
0.880218
0.193067
0.076512
0.136348
0.22393
0.771389
0.193266
0.06246
0.388543
0.066887
0.1244
0.117164
0.67909
0.477593
0.484089
0.549999
0.494163
0.732101
0.926891
0.748268
0.564294
0.18245
0.976563
0.222541
0.006973
0.232889
0.117525
0.087267
0.841732
0.681059
0.432542
0.588518
0.084425
0.451196
0.649809
0.869593
0.421628
0.261044
0.166987
0.173826
0.371007
0.500728
0.872671
0.642756
0.073625
0.096205
0.656001
0.087444
0.759877
0.315347
0.396825
0.187989
0.490756
0.584121
0.717686
0.166055
0.478342
0.990679
0.357757
0.95115
0.275255
0.621519
0.213385
0.251835
0.88434
0.419507
0.727573
0.335512
0.172041
0.576542
0.121234
0.79939
0.675929
0.3447
0.739264
0.717625
0.160116
0.922176
0.645009
0.969811
0.941225
0.325175
0.588095
0.532686
0.466729
0.770477
0.225237
0.378735
0.146893
0.675751
0.025136
0.17896
0.122997
0.006008
0.808383
0.295125
0.882614
0.253292
0.357847
0.533546
0.367441
0.000488
0.305953
0.928341
0.14505
0.763249
0.443182
0.859909
0.436862
0.775387
0.865009
0.683037
0.891892
0.299696
0.603692
0.885997
0.270519
0.716781
0.053803
0.548619
0.569258
0.075234
0.115612
0.710014
0.001834
0.935874
0.253895
0.688216
0.120546
0.626593
0.387273
0.100844
0.325644
0.922005
0.110352
0.375378
0.582858
0.645387
0.332886
0.373179
0.463817
0.591994
0.254826
0.306379
0.501377
0.348586
0.335578
0.073788
0.426392
0.069242
0.618681
0.869522
0.007337
0.86962
0.369739
0.147416
0.435687
0.062023
0.630744
0.029003
0.62972
0.487336
0.493501
0.227536
0.148099
0.981815
0.578312
0.825685
0.081705
0.767124
0.781074
0.8538
0.144521
0.353155
0.312154
0.061909
0.659609
0.400758
0.333151
0.636034
0.3232
0.798547
0.90463
0.658834
0.965302
0.359957
0.76828
0.141028
0.648307
0.000412
0.22464
0.296097
0.121568
0.414822
0.646255
0.401167
0.109087
0.282333
0.691475
0.580151
0.148223
0.102047
0.814825
0.448675
0.792367
0.766629
0.272232
0.293591
0.283011
0.744377
0.59469
0.948918
0.528512
0.654858
0.682291
0.682371
0.427808
0.990464
0.091748
0.823408
0.158133
0.594103
0.228853
0.991259
0.979074
0.147962
0.694478
0.750965
0.717137
0.924971
0.003491
0.804668
0.211682
0.017248
0.379282
0.098955
0.495044
0.13906
0.530118
0.013049
0.974341
0.799207
0.540139
0.053598
0.078272
0.251732
0.50094
0.402942
0.871359
0.982886
0.092663
0.110275
0.25628
0.681571
0.318118
0.314826
0.651458
0.804018
0.778926
0.162975
0.391483
0.97214
0.400979
0.416954
0.636635
0.826296
0.787256
0.123919
0.107647
0.938415
0.923543
0.81924
0.605025
0.268401
0.409977
0.412907
0.005538
0.577566
0.624167
0.029281
0.176114
0.811227
0.547786
0.430315
0.862978
0.987322
0.932794
0.616336
0.81318
0.165077
0.382552
0.044189
0.16701
0.102645
0.098606
0.581452
0.008075
0.871034
0.860701
0.621894
0.960942
0.556369
0.787006
0.988886
0.617565
0.914311
0.869315
0.174938
0.436324
0.96955
0.805171
0.742007
0.861363
0.204515
0.338564
0.852022
0.129635
0.043599
0.883202
0.146232
0.382792
0.189604
0.873948
0.999547
0.694321
0.869315
0.454781
0.721951
0.664678
0.606313
0.386495
0.696137
0.120944
0.327379
0.37175
0.275526
0.820099
0.584244
0.940537
0.845241
0.767538
0.233261
0.571824
0.412227
0.905937
0.83196
0.713503
0.168038
0.277657
0.268565
0.25827
0.280339
0.543708
0.992649
0.190519
0.183599
0.810142
0.693968
0.776582
0.430383
0.162969
0.488564
0.61472
0.434734
0.692221
0.938942
0.107821
0.052959
0.035064
0.01718
0.38397
0.399871
0.783831
0.5
0.320143
0.120703
0.081967
0.017366
0.718284
0.955016
0.00491
0.451951
0.325532
0.487609
0.708058
0.267197
0.958259
0.575808
0.652773
0.785185
0.415825
0.939951
0.597319
0.858683
0.116037
0.957908
0.727617
0.479048
0.99623
0.678225
0.305404
0.385605
0.695024
0.383806
0.228799
0.685117
0.907345
0.167105
0.356206
0.753923
0.957448
0.839709
0.632388
0.525976
0.775401
0.703301
0.834463
0.105504
0.885427
0.486496
0.222588
0.314235
0.140323
0.480488
0.861009
0.451528
0.869798
0.053763
0.450952
0.085435
0.922603
0.52833
0.319236
0.470654
0.883402
0.330815
0.260324
0.432323
0.060566
0.511775
0.180493
0.698571
0.873459
0.025944
0.781869
0.449741
0.536679
0.908373
0.29705
0.256499
0.943012
0.638914
0.781908
0.885718
0.802265
0.285409
0.011389
0.540271
0.748184
0.312811
0.830093
0.863165
0.789102
0.410585
0.377572
0.454473
0.073033
0.763077
0.483511
0.080481
0.076563
0.205946
0.442668
0.3431
0.314513
0.277719
0.73493
0.234255
0.685365
0.330194
0.518952
0.482872
0.462339
0.856516
0.727477
0.894475
0.510565
0.893653
0.20655
0.661118
0.058847
0.923475
0.933588
0.273484
0.613024
0.094272
0.161139
0.57746
0.529018
0.366927
0.636456
0.956817
0.685098
0.319843
0.85387
0.023323
0.292046
0.071367
0.840093
0.208541
0.702368
0.090309
0.109682
0.15947
0.569594
0.439774
0.829803
0.318365
0.371166
0.777954
0.382565
0.058957
0.942526
0.752418
0.702215
0.467369
0.429013
0.224953
0.023942
0.126563
0.031464
0.947118
0.563624
0.339454
0.539339
0.950963
0.154124
0.256865
0.626588
0.988452
0.76211
0.197712
0.855142
0.979396
0.023256
0.262545
0.377812
0.486233
0.817834
0.970443
0.582076
0.470355
0.026205
0.557897
0.483828
0.093238
0.584676
0.019156
0.350966
0.51604
0.971478
0.093624
0.963024
0.373807
0.157508
0.27781
0.80026
0.688365
0.867335
0.318008
0.548462
0.123829
0.520835
0.011593
0.740299
0.725675
0.357543
0.245644
0.857042
0.766661
0.543896
0.011866
0.534376
0.509906
0.745619
0.33074
0.638506
0.368358
0.176259
0.566
0.289414
0.444984
0.361836
0.888149
0.587331
0.013887
0.9226
0.480182
0.304881
0.025231
0.832651
0.89793
0.85696
0.013476
0.636437
0.819717
0.473653
0.319354
0.844025
0.66267
0.840994
0.298823
0.106651
0.714586
0.602178
0.957975
0.322309
0.805138
0.079656
0.175193
0.201507
0.421554
0.173174
0.42479
0.464507
0.637064
0.802983
0.033547
0.520464
0.373265
0.140288
0.969457
0.970328
0.469297
0.006602
0.971207
0.094247
0.488563
0.609479
0.211801
0.353531
0.324961
0.707452
0.563274
0.48486
0.144812
0.543315
0.051203
0.857237
0.56905
0.592629
0.567832
0.231436
0.229403
0.528604
0.240443
0.432506
0.640782
0.64947
0.166786
0.742178
0.871717
0.409545
0.789028
0.817733
0.46626
0.185184
0.093347
0.997287
0.466121
0.459228
0.535255
0.301259
0.399139
0.530996
0.556943
0.203798
0.159338
0.070624
0.60583
0.476834
0.422444
0.842545
0.877532
0.647863
0.877066
0.41182
0.912334
0.407823
0.569054
0.864506
0.893376
0.99187
0.3019
0.159393
0.908543
0.378688
0.891284
0.391304
0.966958
0.754493
0.41811
0.799692
0.418259
0.461532
0.549596
0.631843
0.974585
0.419851
0.682441
0.871971
0.267406
0.596537
0.724699
0.819732
0.735625
0.522662
0.985681
0.21894
0.358976
0.872422
0.335398
0.836209
0.915538
0.942826
0.628483
0.250219
0.168467
0.285383
0.226855
0.180124
0.138141
0.517855
0.333447
0.421546
0.451885
0.286041
0.84468
0.438097
0.875543
0.472789
0.492867
0.311106
0.3311
0.750683
0.431843
0.270384
0.115625
0.263604
0.575858
0.777521
0.3971
0.555841
0.823683
0.650948
0.946852
0.535647
0.211867
0.814059
0.556961
0.399894
0.729762
0.516578
0.130909
0.002606
0.027023
0.605081
0.782827
0.663238
0.88176
0.175765
0.429496
0.672114
0.631131
0.965827
0.332001
0.594832
0.604785
0.130114
0.663424
0.558077
0.758205
0.739815
0.159865
0.438393
0.942143
0.548321
0.407879
0.836591
0.757502
0.713549
0.348585
0.465206
0.848919
0.647378
0.840488
0.260489
0.09733
0.10589
0.214517
0.696936
0.469277
0.789892
0.168612
0.831342
0.355317
0.514624
0.236868
0.028408
0.377752
0.701159
0.977026
0.54631
0.074367
0.683221
0.397538
0.694162
0.336326
0.406846
0.718573
0.381629
0.591351
0.558358
0.797194
0.196629
0.618191
0.105352
0.669215
0.59316
0.730021
0.576949
0.439063
0.577219
0.085716
0.16848
0.055105
0.955314
0.260073
0.681362
0.098069
0.23705
0.131327
0.378178
0.948996
0.661909
0.674037
0.359573
0.928508
0.824748
0.271341
0.057073
0.236057
0.265803
0.048303
0.960458
0.650112
0.909732
0.03587
0.733578
0.508395
0.105466
0.168554
0.363006
0.636771
0.438005
0.961349
0.313772
0.995339
0.84976
0.833965
0.649479
0.212902
0.071955
0.528859
0.788851
0.075359
0.954091
0.553952
0.030118
0.348649
0.004924
0.195199
0.432881
0.188831
0.96571
0.747692
0.421104
0.506135
0.668984
0.859764
0.56551
0.430839
0.265324
0.678221
0.565091
0.9526
0.764941
0.877267
0.582109
0.942398
0.060867
0.232738
0.982708
0.432238
0.096762
0.854701
0.627349
0.202157
0.71505
0.519732
0.446001
0.983455
0.397758
0.565126
0.026282
0.491635
0.827782
0.125112
0.142551
0.054349
0.736389
0.425954
0.686391
0.070536
0.480405
0.806099
0.200962
0.304152
0.41207
0.951378
0.729046
0.624084
0.927767
0.586533
0.858421
0.135257
0.689719
0.497959
0.690866
0.50386
0.468103
0.894154
0.925853
0.813921
0.315686
0.495727
0.941573
0.447192
0.373633
0.734305
0.867574
0.329249
0.641645
0.780742
0.230826
0.590186
0.005065
0.601329
0.851287
0.078055
0.430774
0.756921
0.157147
0.069524
0.153252
0.810462
0.61148
0.316621
0.186688
0.69408
0.897418
0.258966
0.366842
0.428766
0.535468
0.815314
0.11677
0.075653
0.04601
0.174373
0.936292
0.237621
0.982011
0.525626
0.312605
0.582752
0.9362
0.89613
0.389897
0.265023
0.432002
0.665296
0.528067
0.171658
0.306475
0.950003
0.125497
0.874285
0.176074
0.359473
0.342101
0.213628
0.650117
0.255237
0.827102
0.752129
0.693116
0.482468
0.25434
0.422662
0.958802
0.109244
0.901271
0.008553
0.677227
0.346002
0.728944
0.314643
0.776656
0.318089
0.652793
0.780772
0.847899
0.598533
0.585572
0.341702
0.57371
0.82358
0.608747
0.998716
0.896192
0.626881
0.288366
0.084485
0.804723
0.383568
0.365467
0.001827
0.644937
0.000669
0.65894
0.684392
0.187199
0.709131
0.317803
0.203851
0.703223
0.879239
0.620634
0.134945
0.845694
0.617456
0.129256
0.271399
0.400016
0.904257
0.382557
0.113184
0.078208
0.069357
0.791396
0.677957
0.12757
0.361335
0.968298
0.727232
0.552643
0.342735
0.21298
0.620781
0.667296
0.249813
0.408805
0.687531
0.892435
0.605856
0.55701
0.553664
0.962759
0.58952
0.393093
0.136094
0.971075
0.317322
0.537154
0.228756
0.044435
0.691392
0.230301
0.228625
0.108806
0.916151
0.147904
0.129174
0.052151
0.618498
0.763466
0.743428
0.208538
0.925862
0.585836
0.494152
0.632877
0.23022
0.853298
0.601964
0.129207
0.469826
0.579334
0.756361
0.889344
0.574856
0.693516
0.595836
0.884833
0.323311
0.799766
0.685462
0.982518
0.022902
0.697014
0.724455
0.028093
0.837621
0.764762
0.809669
0.300642
0.483348
0.376002
0.532532
0.491732
0.315818
0.169284
0.682556
0.984847
0.314042
0.152662
0.860767
0.803981
0.355005
0.739625
0.39771
0.356745
0.95194
0.049208
0.509779
0.314337
0.006876
0.893618
0.716087
0.594386
0.396558
0.208276
0.687192
0.818674
0.822394
0.014696
0.5165
0.357865
0.594547
0.726466
0.817095
0.308768
0.945641
0.889058
0.268849
0.830191
0.995315
0.587998
0.232735
0.250176
0.956841
0.072794
0.810303
0.827314
0.614434
0.93864
0.258601
0.913465
0.649022
0.792587
0.433563
0.63845
0.200582
0.887848
0.423735
0.807647
0.183002
0.702643
0.983292
0.757104
0.253866
0.182876
0.649244
0.644573
0.213152
0.877053
0.345578
0.71994
0.099777
0.433885
0.549717
0.335764
0.792092
0.568719
0.614751
0.995816
0.017942
0.963448
0.658119
0.558926
0.996211
0.618965
0.200057
0.820242
0.25823
0.47684
0.39073
0.487113
0.448672
0.153283
0.42225
0.854016
0.818528
0.53339
0.898177
0.876722
0.326409
0.066245
0.963865
0.011677
0.454553
0.752742
0.567807
0.614854
0.682649
0.044049
0.005289
0.593691
0.954582
0.35614
0.966355
0.352597
0.44236
0.730109
0.605372
0.979626
0.925175
0.272335
0.229665
0.656632
0.091876
0.197035
0.64525
0.945056
0.704556
0.101386
0.135777
0.257899
0.640676
0.718707
0.184739
0.115135
0.234601
0.434182
0.442616
0.172808
0.410784
0.846215
0.553231
0.582571
0.603532
0.884345
0.265156
0.28718
0.886788
0.320204
0.568541
0.435773
0.678111
0.622494
0.935077
0.350408
0.719784
0.477425
0.05574
0.23806
0.337466
0.038929
0.305187
0.878883
0.205491
0.128553
0.291674
0.054234
0.550266
0.180085
0.403504
0.496072
0.566945
0.892877
0.928853
0.338058
0.139133
0.702628
0.436064
0.571219
0.614825
0.518145
0.498291
0.265836
0.998363
0.683748
0.321217
0.102427
0.172028
0.91264
0.867202
0.386293
0.626675
0.347554
0.905221
0.752292
0.39589
0.425997
0.322823
0.237076
0.151543
0.471229
0.608405
0.696417
0.633601
0.470386
0.908375
0.991291
0.129115
0.31018
0.363225
0.544009
0.9251
0.527047
0.672014
0.706224
0.546782
0.346472
0.138154
0.114717
0.741293
0.941268
0.997649
0.536192
0.546373
0.221933
0.932833
0.134741
0.627118
0.688968
0.276977
0.264306
0.204261
0.72498
0.982577
0.01161
0.122962
0.656238
0.03049
0.01197
0.316491
0.625694
0.046155
0.505733
0.045293
0.862134
0.202118
0.104097
0.296191
0.455039
0.523652
0.724306
0.441823
0.694065
0.436087
0.920884
0.984388
0.550059
0.058939
0.803835
0.001097
0.616967
0.028707
0.316879
0.338537
0.472969
0.874213
0.254045
0.234379
0.903298
0.477288
0.363489
0.200805
0.285152
0.637552
0.909021
0.536017
0.198018
0.51458
0.719367
0.283201
0.077008
0.527192
0.388812
0.186891
0.151502
0.045335
0.478342
0.366817
0.037369
0.719214
0.286299
0.734342
0.90737
0.157543
0.624871
0.559297
0.193274
0.799387
0.554582
0.792772
0.611298
0.382812
0.699231
0.954569
0.125618
0.110316
0.699939
0.569934
0.776084
0.576419
0.892292
0.619671
0.320105
0.816064
0.933074
0.013666
0.642768
0.18913
0.177441
0.031674
0.43397
0.620762
0.998752
0.440299
0.322123
0.504797
0.592281
0.134095
0.899873
0.981259
0.607123
0.058006
0.378349
0.166775
0.90468
0.62043
0.135384
0.448973
0.076209
0.180012
0.839839
0.47375
0.878504
0.830068
0.836458
0.144471
0.215591
0.416234
0.855645
0.872145
0.865856
0.700766
0.12291
0.894491
0.955354
0.29287
0.170027
0.372552
0.058268
0.609733
0.395999
0.83854
0.900025
0.642011
0.225416
0.191264
0.369883
0.793048
0.822548
0.893666
0.839774
0.745844
0.060044
0.543097
0.55303
0.6682
0.12777
0.647472
0.586406
0.52634
0.869881
0.956482
0.703054
0.495226
0.121808
0.207184
0.284259
0.387387
0.59466
0.882101
0.221133
0.525016
0.340433
0.966284
0.176392
0.075808
0.574556
0.264156
0.991243
0.413691
0.407728
0.99274
0.373436
0.475578
0.70546
0.405282
0.006067
0.643409
0.905133
0.466446
0.739273
0.368782
0.311779
0.65326
0.294624
0.697402
0.949779
0.555862
0.72406
0.19471
0.601633
0.018071
0.90183
0.362254
0.407356
0.544497
0.541265
0.575822
0.86872
0.171379
0.344666
0.409156
0.760924
0.410955
0.673655
0.723895
0.821743
0.020717
0.688973
0.21359
0.923813
0.027332
0.344258
0.987293
0.306435
0.561889
0.500381
0.29518
0.757736
0.400971
0.599374
0.727887
0.676298
0.798446
0.408641
0.170149
0.427103
0.374229
0.467463
0.839785
0.367352
0.888065
0.000515
0.923288
0.129833
0.408671
0.077376
0.913925
0.829926
0.490872
0.3705
0.260877
0.583875
0.653113
0.086258
0.493962
0.337399
0.747953
0.503368
0.992139
0.376754
0.682334
0.940672
0.955002
0.50063
0.294779
0.519378
0.820973
0.222003
0.439333
0.182718
0.433345
0.101106
0.781063
0.630622
0.70742
0.851478
0.730419
0.017608
0.255399
0.023721
0.247176
0.151811
0.232961
0.325307
0.280401
0.734812
0.825238
0.876316
0.81684
0.367182
0.947097
0.934345
0.61128
0.294955
0.764506
0.324881
0.451008
0.261927
0.256643
0.870521
0.79536
0.180851
0.535296
0.685359
0.907283
0.875317
0.963882
0.316289
0.22449
0.291465
0.100471
0.932596
0.699606
0.352328
0.287332
0.444974
0.704517
0.026079
0.239975
0.4185
0.869739
0.906565
0.259891
0.216147
0.412617
0.514176
0.573054
0.384646
0.183992
0.288013
0.376708
0.933666
0.364376
0.834243
0.831329
0.335721
0.612728
0.064474
0.070327
0.185268
0.485989
0.661875
0.844469
0.819409
0.730487
0.136973
0.979968
0.779382
0.852133
0.331324
0.919412
0.916132
0.498905
0.785775
0.969703
0.674152
0.974419
0.408156
0.580632
0.439085
0.565838
0.963667
0.873024
0.10326
0.293481
0.001243
0.102195
0.63264
0.484185
0.635661
0.014872
0.954248
0.912821
0.316537
0.979508
0.795653
0.474977
0.649628
0.182521
0.851187
0.248253
0.641287
0.966796
0.465941
0.169717
0.38214
0.719789
0.221293
0.50541
0.504859
0.830063
0.761001
0.134322
0.627969
0.871144
0.136853
0.165366
0.783156
0.995453
0.922507
0.782773
0.257756
0.879405
0.775766
0.664338
0.373279
0.034161
0.963075
0.398341
0.494996
0.457061
0.835147
0.335457
0.305256
0.234264
0.380216
0.604514
0.653458
0.384288
0.694151
0.734459
0.648472
0.752398
0.387779
0.804994
0.889701
0.039865
0.377215
0.434105
0.377608
0.535694
0.897445
0.247898
0.087512
0.569875
0.353981
0.418237
0.331925
0.784244
0.824255
0.743538
0.465632
0.401138
0.030647
0.990229
0.897707
0.104467
0.241761
0.924051
0.350526
0.871247
0.250647
0.690034
0.827489
0.593188
0.076986
0.208922
0.636543
0.271205
0.424675
0.767284
0.188638
0.601276
0.358806
0.594668
0.921626
0.645189
0.954698
0.99718
0.512106
0.604961
0.625624
0.617826
0.418269
0.208526
0.4762
0.536026
0.469535
0.117902
0.304704
0.4257
0.835027
0.203262
0.569786
0.362521
0.640585
0.469292
0.249449
0.888743
0.305825
0.9471
0.132097
0.21584
0.425398
0.759658
0.783179
0.683122
0.112319
0.36775
0.243583
0.500612
0.374267
0.442563
0.955013
0.727014
0.648729
0.10667
0.058732
0.551337
0.222592
0.091842
0.59242
0.418764
0.725146
0.051436
0.359857
0.77162
0.00201
0.617838
0.462023
0.474592
0.867487
0.640651
0.357763
0.488822
0.92454
0.800911
0.523734
0.412025
0.796338
0.139725
0.977954
0.000955
0.898855
0.684875
0.799481
0.342025
0.903742
0.615727
0.414012
0.124159
0.387781
0.249461
0.786301
0.218293
0.56533
0.791393
0.305184
0.667368
0.55688
0.798003
0.959455
0.013608
0.256007
0.900218
0.166611
0.499937
0.319581
0.603397
0.020413
0.575268
0.928955
0.261636
0.186481
0.409672
0.750909
0.581199
0.905234
0.166986
0.100765
0.057699
0.657608
0.692596
0.086644
0.434689
0.059052
0.66331
0.457411
0.515249
0.999695
0.432154
0.059349
0.974855
0.144831
0.533664
0.051496
0.776133
0.500757
0.294044
0.791206
0.150554
0.668569
0.194952
0.742438
0.043146
0.718819
0.801279
0.228615
0.479232
0.668569
0.003252
0.000183
0.804679
0.226463
0.47814
0.906199
0.256939
0.538383
0.004813
0.308443
0.216951
0.175634
0.315356
0.817613
0.399773
0.577401
0.05406
0.004345
0.556274
0.127772
0.939648
0.740537
0.034396
0.983059
0.027435
0.097055
0.515183
0.223587
0.623347
0.830879
0.872991
0.733703
0.623149
0.725264
0.721856
0.445555
0.232368
0.773188
0.581916
0.91096
0.810597
0.316639
0.980319
0.120756
0.077714
0.086603
0.176762
0.652084
0.125694
0.31913
0.790609
0.320838
0.628341
0.093171
0.243018
0.347577
0.198555
0.058542
0.778126
0.582697
0.362624
0.976463
0.636749
0.052728
0.288257
0.808177
0.132201
0.561942
0.444209
0.56602
0.265835
0.606053
0.141999
0.275274
0.894395
0.031626
0.724794
0.425048
0.187042
0.602336
0.386908
0.367248
0.020984
0.495773
0.171866
0.120693
0.276304
0.238205
0.725296
0.446619
0.443912
0.986083
0.714655
0.891368
0.443657
0.908154
0.356015
0.870998
0.34445
0.721206
0.190559
0.588051
0.985856
0.976195
0.76123
0.797219
0.82973
0.866531
0.850221
0.222442
0.052957
0.698652
0.138291
0.553371
0.750635
0.451884
0.016189
0.297531
0.744891
0.875279
0.156632
0.610585
0.990864
0.208881
0.074839
0.825328
0.776068
0.397486
0.671427
0.574592
0.828323
0.368863
0.528311
0.948154
0.566626
0.547323
0.466695
0.465465
0.399721
0.074465
0.109601
0.872429
0.515656
0.471389
0.980613
0.891852
0.742672
0.907935
0.276649
0.184156
0.879961
0.103573
0.679293
0.355368
0.075658
0.563779
0.28488
0.671266
0.906971
0.519463
0.619211
0.532661
0.387854
0.717883
0.145569
0.61698
0.868224
0.530429
0.357418
0.489721
0.755187
0.914183
0.391973
0.030741
0.313336
0.380012
0.277172
0.290864
0.629412
0.40808
0.946342
0.163187
0.01897
0.395269
0.055027
0.454884
0.115738
0.19913
0.508185
0.363139
0.977889
0.827281
0.802037
0.419275
0.836332
0.299043
0.100543
0.997705
0.740123
0.015215
0.772353
0.402083
0.667527
0.986796
0.537817
0.713798
0.721634
0.350396
0.444025
0.80958
0.553188
0.585239
0.552055
0.943164
0.475113
0.201339
0.707301
0.405146
0.446812
0.064007
0.971391
0.437638
0.840331
0.42978
0.130064
0.977062
0.523602
0.558145
0.791395
0.849543
0.972449
0.561777
0.898853
0.908774
0.918397
0.746892
0.683757
0.868716
0.636311
0.705489
0.243725
0.041388
0.607698
0.648044
0.613968
0.02847
0.569255
0.52462
0.85635
0.653163
0.793041
0.868837
0.079811
0.940402
0.045583
0.406612
0.382997
0.22463
0.286803
0.197598
0.140846
0.338702
0.257325
0.75779
0.646205
0.403545
0.703976
0.088566
0.204596
0.864411
0.070601
0.857552
0.327334
0.158914
0.603325
0.951989
0.757685
0.070035
0.434502
0.84038
0.792645
0.796497
0.329994
0.257832
0.740369
0.783602
0.439073
0.595115
0.911553
0.260942
0.625324
0.14959
0.375201
0.221169
0.940459
0.481606
0.050027
0.486521
0.80877
0.216002
0.311064
0.019482
0.125017
0.207749
0.063709
0.992665
0.80738
0.502004
0.142659
0.507598
0.012851
0.910416
0.894389
0.868477
0.01305
0.473691
0.105991
0.361756
0.641913
0.315615
0.122592
0.417666
0.689084
0.488856
0.782943
0.193661
0.651024
0.425515
0.363385
0.717802
0.215795
0.38342
0.416385
0.697338
0.416258
0.821446
0.263778
0.508641
0.608768
0.183252
0.588813
0.542612
0.111032
0.853485
0.675733
0.284642
0.840527
0.303769
0.043686
0.99974
0.843435
0.977281
0.566504
0.615335
0.613331
0.049402
0.348743
0.225901
0.916189
0.318151
0.886592
0.413523
0.123212
0.351429
0.615904
0.70256
0.65077
0.433465
0.683628
0.164289
0.667118
0.308739
0.866864
0.064303
0.82623
0.908178
0.855985
0.038689
0.749957
0.308989
0.377701
0.169449
0.548232
0.357125
0.071137
0.968653
0.159842
0.616343
0.796225
0.371859
0.032332
0.363864
0.683262
0.527734
0.444747
0.295049
0.822856
0.6959
0.422431
0.604773
0.878995
0.419398
0.868027
0.755945
0.85551
0.208342
0.165184
0.115371
0.892267
0.699823
0.622997
0.75644
0.973788
0.47968
0.962887
0.621415
0.263139
0.071423
0.009177
0.03184
0.127531
0.976955
0.479898
0.291475
0.144351
0.088814
0.248044
0.458039
0.045386
0.458387
0.421533
0.045375
0.345143
0.088339
0.563719
0.831649
0.180837
0.822023
0.55893
0.423199
0.09412
0.478457
0.86978
0.746397
0.011328
0.764796
0.834364
0.860093
0.274293
0.599644
0.248792
0.095856
0.957524
0.291408
0.20237
0.272321
0.488663
0.571403
0.151393
0.239047
0.905265
0.013294
0.698334
0.415974
0.083735
0.228103
0.199562
0.752938
0.301418
0.198282
0.173462
0.921843
0.994521
0.997111
0.873019
0.80226
0.235853
0.611915
0.074129
0.549511
0.166465
0.642483
0.424071
0.720613
0.180583
0.139643
0.055376
0.249794
0.055008
0.154134
0.072506
0.83871
0.49403
0.976172
0.428836
0.783137
0.911075
0.271164
0.046649
0.790949
0.77399
0.296312
0.414278
0.798821
0.470139
0.307307
0.193435
0.589264
0.25211
0.073932
0.274408
0.104485
0.612303
0.951164
0.990962
0.95596
0.677789
0.625757
0.232814
0.884244
0.480456
0.466064
0.199403
0.061136
0.36086
0.273535
0.244169
0.568364
0.619941
0.146532
0.976055
0.455108
0.684211
0.161982
0.623969
0.616901
0.820339
0.811908
0.276043
0.813859
0.94451
0.668583
0.095182
0.314172
0.846086
0.830193
0.041426
0.678198
0.191952
0.846042
0.265583
0.897032
0.249168
0.504376
0.528446
0.930307
0.867384
0.463588
0.391357
0.303101
0.130218
0.869748
0.911627
0.880457
0.837073
0.799463
0.919459
0.573845
0.293968
0.233104
0.353478
0.879305
0.628939
0.085103
0.444927
0.671131
0.918667
0.760104
0.783448
0.532929
0.469462
0.759117
0.208348
0.729712
0.531206
0.735099
0.496895
0.350995
0.248311
0.03055
0.092567
0.860688
0.704869
0.755272
0.968075
0.684537
0.820703
0.07278
0.663246
0.76807
0.068979
0.645134
0.431706
0.738208
0.706374
0.700122
0.401361
0.764616
0.241771
0.991159
0.596906
0.327477
0.234088
0.306981
0.112649
0.839152
0.273272
0.43382
0.747847
0.234425
0.63242
0.199224
0.682104
0.104326
0.076696
0.252776
0.061209
0.424956
0.244738
0.063485
0.184908
0.450173
0.929211
0.142671
0.015212
0.362689
0.931145
0.651726
0.08111
0.274814
0.456026
0.106527
0.971857
0.648144
0.397437
0.987038
0.4217
0.762713
0.554559
0.548259
0.156177
0.051979
0.855575
0.538344
0.197149
0.400987
0.573338
0.619035
0.913173
0.96662
0.511068
0.026971
0.349234
0.218877
0.459879
0.101717
0.874921
0.275518
0.490544
0.376657
0.632732
0.915058
0.045246
0.76114
0.00862
0.817894
0.122092
0.54935
0.005351
0.336738
0.012777
0.817043
0.504319
0.797337
0.748771
0.423074
0.066919
0.726569
0.630008
0.669528
0.174294
0.030071
0.599777
0.803885
0.029873
0.774061
0.266273
0.060968
0.041389
0.171101
0.003959
0.252722
0.127403
0.436372
0.277141
0.71565
0.15803
0.131121
0.529108
0.852745
0.533826
0.429912
0.163007
0.286921
0.102578
0.105212
0.926739
0.437931
0.78351
0.93681
0.962763
0.753798
0.279156
0.099301
0.230408
0.108988
0.306874
0.273569
0.571382
0.405067
0.910628
0.320424
0.838389
0.634348
0.599959
0.411652
0.556429
0.654752
0.809778
0.08944
0.79219
0.034978
0.231921
0.135832
0.094394
0.497623
0.240717
0.532625
0.867125
0.991069
0.610227
0.677506
0.932426
0.953375
0.293721
0.752167
0.85272
0.996905
0.017757
0.345959
0.12423
0.150754
0.233976
0.083121
0.450698
0.416974
0.058569
0.765396
0.351028
0.459414
0.876868
0.699815
0.64881
0.637564
0.043339
0.745845
0.344609
0.292137
0.513849
0.482563
0.710625
0.923042
0.542632
0.850587
0.788479
0.909387
0.799403
0.413902
0.780031
0.180294
0.491669
0.853509
0.149001
0.491412
0.491371
0.430422
0.049984
0.226059
0.783568
0.111272
0.181558
0.653264
0.187365
0.238097
0.314032
0.249785
0.699295
0.809701
0.936869
0.229534
0.623297
0.593596
0.2788
0.964344
0.000561
0.783664
0.157477
0.314855
0.467811
0.121685
0.941613
0.458631
0.860612
0.259176
0.572104
0.052227
0.03863
0.757881
0.129717
0.091001
0.003908
0.385456
0.991745
0.462874
0.077536
0.546474
0.419505
0.479442
0.925138
0.493519
0.874033
0.843894
0.915719
0.315177
0.368427
0.911485
0.932968
0.843157
0.66171
0.848973
0.192489
0.011755
0.868746
0.934499
0.854114
0.808551
0.486028
0.198051
0.921733
0.057974
0.897186
0.830365
0.02142
0.451115
0.084809
0.138288
0.107795
0.078556
0.710776
0.727262
0.894684
0.386606
0.117971
0.416934
0.910037
0.359259
0.398256
0.976647
0.879121
0.772522
0.645403
0.648814
0.225597
0.929807
0.359725
0.588825
0.07209
0.885966
0.208765
0.625603
0.430836
0.041369
0.713277
0.341341
0.843351
0.10146
0.066814
0.2675
0.775071
0.912567
0.681269
0.004914
0.863129
0.924869
0.693763
0.335788
0.675854
0.417223
0.567587
0.395552
0.099059
0.105398
0.991362
0.227139
0.376961
0.62408
0.436355
0.221415
0.217331
0.82364
0.416334
0.408509
0.98247
0.563487
0.447334
0.889481
0.43681
0.199886
0.551225
0.5771
0.331593
0.379436
0.006123
0.105327
0.210528
0.175776
0.292622
0.448215
0.283184
0.099077
0.31507
0.824442
0.619198
0.300738
0.422287
0.209336
0.622154
0.638568
0.388233
0.007971
0.606806
0.333195
0.696463
0.041936
0.957435
0.594331
0.047143
0.094428
0.530001
0.550141
0.413921
0.271531
0.708204
0.293229
0.679354
0.391098
0.244119
0.123888
0.558886
0.498432
0.514381
0.718021
0.460503
0.395117
0.936679
0.817134
0.3559
0.920213
0.341374
0.613535
0.205624
0.807371
0.014843
0.719591
0.845377
0.614212
0.393097
0.646425
0.619398
0.46014
0.556182
0.065711
0.22325
0.806663
0.767004
0.178503
0.820162
0.31734
0.760087
0.407413
0.000273
0.612517
0.963632
0.360399
0.485729
0.489201
0.898304
0.270572
0.390273
0.801521
0.873049
0.580118
0.080471
0.468187
0.283508
0.969651
0.626831
0.028698
0.555086
0.839931
0.572923
0.518656
0.584084
0.67365
0.925529
0.586092
0.495112
0.153961
0.180977
0.828898
0.345968
0.789736
0.945658
0.833674
0.948098
0.287609
0.94111
0.389961
0.689315
0.49618
0.223221
0.186324
0.922742
0.547981
0.026905
0.106012
0.744211
0.907773
0.665924
0.713774
0.22303
0.357576
0.687058
0.127462
0.690991
0.546955
0.418283
0.551593
0.197435
0.035017
0.418548
0.58432
0.817123
0.250743
0.077919
0.327328
0.575136
0.813455
0.636997
0.557314
0.526109
0.040905
0.19633
0.889093
0.942782
0.989041
0.030014
0.485844
0.038991
0.774592
0.781536
0.426163
0.380636
0.335957
0.35256
0.14237
0.471875
0.480789
0.120545
0.851867
0.717664
0.516571
0.117896
0.685155
0.869555
0.084178
0.543868
0.189529
0.833975
0.681309
0.08165
0.792288
0.325865
0.034039
0.404802
0.946651
0.077607
0.261462
0.970978
0.928236
0.941538
0.340075
0.481717
0.011022
0.703127
0.832706
0.832828
0.473023
0.516792
0.92426
0.011811
0.129974
0.849031
0.221232
0.897381
0.601564
0.393112
0.33106
0.778059
0.56679
0.344305
0.589267
0.12627
0.049317
0.60277
0.28543
0.968109
0.883738
0.898352
0.833154
0.907025
0.083476
0.781602
0.189841
0.053044
0.189334
0.746607
0.195518
0.645236
0.197815
0.922755
0.399142
0.100547
0.451431
0.309198
0.718843
0.946468
0.06997
0.599
0.831902
0.668816
0.197438
0.242054
0.030497
0.165374
0.626092
0.070407
0.425612
0.205206
0.869822
0.862866
0.490453
0.424001
0.533353
0.548588
0.256156
0.339924
0.585458
0.349273
0.033549
0.199954
0.378943
0.302481
0.58041
0.810778
0.537288
0.497574
0.729789
0.930997
0.013611
0.46158
0.631209
0.617517
0.994106
0.186657
0.372701
0.157029
0.61139
0.03312
0.370612
0.917382
0.614436
0.566444
0.580465
0.696981
0.184091
0.688361
0.695896
0.386922
0.289702
0.223127
0.803128
0.043705
0.407121
0.30469
0.875363
0.796144
0.518136
0.883438
0.973842
0.496723
0.683053
0.375585
0.571243
0.705089
0.591885
0.049179
0.960128
0.102337
0.428678
0.407367
0.00467
0.460776
0.480675
0.324708
0.540674
0.627642
0.982515
0.89316
0.088793
0.991156
0.295068
0.269787
0.313046
0.096438
0.793051
0.223966
0.290427
0.962032
0.654805
0.408422
0.271992
0.955804
0.393443
0.611045
0.994782
0.496572
0.874368
0.022424
0.220953
0.165642
0.560095
0.369641
0.58136
0.026138
0.710088
0.825893
0.221573
0.025639
0.099332
0.061138
0.50645
0.706354
0.237083
0.105
0.71541
0.631742
0.34268
0.372511
0.696221
0.981803
0.187241
0.939962
0.92126
0.58848
0.738749
0.30913
0.265718
0.22569
0.432388
0.552942
0.374766
0.610357
0.623314
0.665914
0.187045
0.97951
0.241678
0.631062
0.221553
0.701165
0.498191
0.038013
0.72937
0.855568
0.075205
0.206758
0.875925
0.334259
0.227188
0.028134
0.754083
0.573836
0.534073
0.900557
0.16053
0.151917
0.600817
0.301457
0.348865
0.312096
0.964369
0.821634
0.323803
0.773068
0.65656
0.379481
0.342832
0.860924
0.209915
0.431749
0.403437
0.88893
0.488356
0.75471
0.060224
0.2679
0.146101
0.241481
0.622273
0.316475
0.924764
0.49565
0.95269
0.997537
0.904423
0.330082
0.465594
0.181428
0.532014
0.427247
0.048057
0.695516
0.434743
0.598022
0.205587
0.269702
0.881783
0.308015
0.447529
0.144579
0.154643
5.4e-05
0.619789
0.211388
0.71833
0.153753
0.641317
0.619885
0.352731
0.475765
0.14268
0.580176
0.396286
0.977758
0.018419
0.413596
0.595626
0.421232
0.782161
0.986084
0.563912
0.109929
0.762856
0.362507
0.61206
0.307319
0.299989
0.680828
0.012378
0.130117
0.898632
0.124255
0.618886
0.318122
0.225822
0.498879
0.751344
0.217017
0.642947
0.746803
0.922278
0.739228
0.20044
0.22467
0.638969
0.770558
0.860022
0.4298
0.785178
0.037063
0.751715
0.76873
0.490068
0.94552
0.43874
0.836577
0.454575
0.320984
0.266709
0.411328
0.690322
0.724799
0.270378
0.853956
0.896338
0.646597
0.880006
0.146513
0.032765
0.515016
0.131177
0.61215
0.678867
0.022601
0.59899
0.578653
0.466475
0.706682
0.360493
0.784582
0.929116
0.990446
0.619819
0.659312
0.462494
0.079473
0.445692
0.163476
0.967897
0.799503
0.130661
0.444086
0.21339
0.369152
0.305803
0.545158
0.247283
0.633648
0.407087
0.298167
0.357176
0.44501
0.726374
0.049907
0.688772
0.007084
0.080187
0.83755
0.636742
0.866642
0.994837
0.654283
0.478206
0.013782
0.385804
0.650662
0.465627
0.747897
0.816883
0.550276
0.407153
0.442787
0.570169
0.291821
0.519033
0.749227
0.547042
0.881085
0.321233
0.859074
0.863062
0.900694
0.079446
0.361831
0.675021
0.71448
0.628077
0.16924
0.667729
0.167687
0.407102
0.457154
0.966488
0.666936
0.017016
0.71688
0.631062
0.738449
0.515301
0.071048
0.710352
0.979037
0.45365
0.384926
0.471567
0.572877
0.429833
0.489711
0.776716
0.175551
0.653321
0.522185
0.74001
0.13984
0.390373
0.706875
0.883042
0.132239
0.23245
0.875395
0.861044
0.059153
0.874283
0.806241
0.712529
0.454595
0.380973
0.057037
0.0903
0.404714
0.910746
0.10392
0.291106
0.640239
0.624789
0.229639
0.114209
0.810287
0.63003
0.134707
0.67132
0.752033
0.548706
0.084429
0.836252
0.202497
0.234227
0.019517
0.496174
0.045756
0.451484
0.125245
0.062856
0.932423
0.704821
0.446167
0.457351
0.144038
0.138947
0.126456
0.277259
0.036101
0.207534
0.457846
0.553287
0.94629
0.532646
0.545557
0.168335
0.80179
0.234193
0.290929
0.165551
0.553734
0.528803
0.484424
0.936272
0.091957
0.151159
0.512141
0.880759
0.80677
0.199185
0.044166
0.426942
0.16243
0.814503
0.418802
0.303034
0.600907
0.498537
0.764058
0.237225
0.135799
0.339527
0.665756
0.489618
0.458775
0.979473
0.587781
0.912227
0.922243
0.19187
0.143341
0.10106
0.089026
0.402566
0.307705
0.149393
0.96023
0.60465
0.723558
0.370421
0.343969
0.464254
0.42846
0.352414
0.539283
0.321116
0.067705
0.837947
0.117746
0.914357
0.834874
0.969918
0.774078
0.227018
0.888213
0.892036
0.267204
0.932504
0.798829
0.288873
0.823526
0.655779
0.319703
0.288975
0.458436
0.57443
0.273622
0.829478
0.517575
0.389866
0.59462
0.125459
0.551488
0.804633
0.182224
0.277159
0.675281
0.826445
0.891412
0.728238
0.916622
0.036672
0.406968
0.099092
0.881504
0.122458
0.219061
0.443896
0.396801
0.701669
0.787187
0.368685
0.205985
0.970608
0.869749
0.17538
0.325316
0.84301
0.255778
0.882076
0.266381
0.886089
0.56458
0.012282
0.345345
0.833059
0.378949
0.229263
0.362441
0.268473
0.273111
0.2281
0.907412
0.305769
0.224388
0.023795
0.248504
0.892267
0.02058
0.526756
0.876122
0.001325
0.259754
0.766186
0.866308
0.182524
0.646122
0.122396
0.111447
0.676532
0.901352
0.638265
0.196836
0.335308
0.204133
0.719914
0.892655
0.273231
0.295739
0.313991
0.163998
0.324791
0.439992
0.181596
0.554437
0.865649
0.106223
0.652113
0.336598
0.893513
0.781686
0.393677
0.391704
0.323852
0.112523
0.740459
0.59361
0.482888
0.296563
0.403419
0.928643
0.476371
0.75055
0.307217
0.836641
0.444613
0.084609
0.70525
0.919378
0.613412
0.054686
0.996515
0.876442
0.052366
0.289151
0.620485
0.709925
0.740209
0.784068
0.356456
0.036016
0.377977
0.137935
0.841251
0.298793
0.9762
0.402044
0.14204
0.089312
0.639677
0.571265
0.395467
0.022903
0.687858
0.267379
0.413798
0.704799
0.845311
0.653681
0.200747
0.96765
0.775057
0.300894
0.151212
0.342377
0.106165
0.540913
0.635712
0.909107
0.480977
0.185469
0.970109
0.07204
0.102073
0.588803
0.008792
0.953818
0.88708
0.127292
0.02391
0.18411
0.535299
0.120547
0.488934
0.839962
0.008588
0.440466
0.348409
0.013057
0.420756
0.703331
0.516231
0.272568
0.92864
0.095818
0.054128
0.789641
0.887477
0.678427
0.01984
0.344075
0.088471
0.654937
0.09682
0.379479
0.738095
0.80674
0.957322
0.378495
0.458538
0.547848
0.226769
0.667591
0.584824
0.435851
0.808991
0.343143
0.353941
0.908934
0.233905
0.077579
0.837142
0.365945
0.572902
0.388639
0.943458
0.843741
0.959828
0.113166
0.746871
0.067097
0.429109
0.88333
0.571734
0.508814
0.084553
0.016987
0.687428
0.694242
0.600246
0.437675
0.928582
0.183212
0.17995
0.056556
0.929966
0.227833
0.688586
0.979703
0.660907
0.869009
0.084072
0.86481
0.022142
0.609812
0.758797
0.049727
0.916271
0.111143
0.69841
0.673236
0.27586
0.73487
0.027572
0.247999
0.043526
0.890851
0.175957
0.762544
0.069221
0.589361
0.392509
0.727197
0.82674
0.093658
0.114689
0.450399
0.034791
0.307949
0.908658
0.275306
0.433973
0.920688
0.792877
0.887608
0.796022
0.53754
0.159103
0.600953
0.587543
0.078851
0.435548
0.523466
0.554385
0.48363
0.554567
0.28463
0.497263
0.095036
0.154511
0.085038
0.344088
0.05457
0.327867
0.850536
0.894377
0.789949
0.479799
0.401958
0.007168
0.639342
0.075017
0.959098
0.765546
0.732485
0.250069
0.280919
0.875965
0.301642
0.668706
0.708525
0.566896
0.830382
0.799663
0.299255
0.266868
0.85475
0.365054
0.901354
0.049389
0.79612
0.316621
0.35168
0.900116
0.580562
0.037842
0.103356
0.465803
0.924733
0.298284
0.752821
0.980439
0.023054
0.31896
0.993331
0.305891
0.474213
0.782902
0.682393
0.679421
0.473245
0.424346
0.998013
0.884795
0.091174
0.373492
0.709593
0.803635
0.565275
0.899017
0.870007
0.036773
0.886857
0.018733
0.365882
0.629272
0.231806
0.847486
0.161957
0.156171
0.367491
0.190146
0.873292
0.511193
0.44917
0.913401
0.624893
0.759911
0.896806
0.946843
0.187957
0.257117
0.26806
0.739615
0.234453
0.644823
0.172271
0.254406
0.536506
0.03905
0.626505
0.18013
0.190259
0.22489
0.234192
0.748766
0.024846
0.445647
0.028587
0.393117
0.187392
0.975896
0.919965
0.703969
0.581756
0.940801
0.856638
0.601508
0.709916
0.74004
0.658298
0.435507
0.629557
0.405142
0.024697
0.562987
0.880803
0.170377
0.326237
0.82411
0.991717
0.02068
0.832577
0.942265
0.619067
0.992496
0.628526
0.592183
0.968284
0.739035
0.758956
0.358267
0.446212
0.189911
0.86546
0.465567
0.413625
0.392341
0.694613
0.829875
0.936794
0.88063
0.549286
0.383032
0.502245
0.409363
0.27263
0.056409
0.334294
0.322148
0.069592
0.684815
0.46427
0.358469
0.488445
0.588907
0.664102
0.267519
0.404205
0.459155
0.288141
0.041255
0.498099
0.248578
0.529152
0.206396
0.559177
0.558582
0.956402
0.310709
0.294007
0.334948
0.376338
0.188478
0.200573
0.676246
0.435769
0.739009
0.516836
0.474185
0.624563
0.710746
0.306576
0.291752
0.581636
0.063809
0.90598
0.933816
0.363011
0.893318
0.509452
0.486488
0.692815
0.128907
0.92956
0.3213
0.914001
0.550973
0.952771
0.236303
0.040661
0.435806
0.713315
0.396481
0.376431
0.609975
0.29507
0.466528
0.952191
0.810509
0.658703
0.637261
0.488619
0.686647
0.020303
0.15755
0.439213
0.782286
0.179274
0.731136
0.697386
0.647289
0.783909
0.100818
0.83157
0.843033
0.399277
0.880835
0.801986
0.942849
0.95523
0.652878
0.280159
0.854785
0.035647
0.255634
0.505545
0.574947
0.929387
0.62826
0.721618
0.749739
0.12435
0.955956
0.058809
0.592136
0.041287
0.524106
0.577544
0.388913
0.72321
0.144245
0.4719
0.015328
0.032559
0.827695
0.33302
0.900709
0.598857
0.987308
0.794157
0.895599
0.829749
0.235428
0.918318
0.367712
0.959333
0.572799
0.946068
0.287291
0.928054
0.590814
0.917958
0.395705
0.046413
0.989872
0.642575
0.689362
0.659634
0.917946
0.883643
0.484382
0.550396
0.099002
0.450428
0.134807
0.467662
0.05162
0.863702
0.353298
0.648721
0.486892
0.286124
0.286055
0.560693
0.863919
0.008104
0.883608
0.511305
0.594999
0.611273
0.399277
0.458947
0.473219
0.256488
0.992556
0.382604
0.411379
0.738769
0.322257
0.464657
0.534003
0.757914
0.25228
0.742578
0.870494
0.160283
0.931563
0.720723
0.857666
0.51178
0.945123
0.17195
0.841258
0.253604
0.754458
0.52153
0.561772
0.66693
0.936681
0.510707
0.268558
0.937528
0.242221
0.057251
0.277298
0.918656
0.207148
0.532767
0.469679
0.862769
0.151167
0.906773
0.222753
0.261117
0.220647
0.843891
0.92359
0.770638
0.305116
0.026776
0.109278
0.972725
0.00162
0.715387
0.495545
0.892822
0.536753
0.692515
0.645173
0.861832
0.542788
0.616801
0.915407
0.830854
0.32049
0.964137
0.435783
0.374113
0.680184
0.137476
0.953818
0.70526
0.18242
0.195062
0.321298
0.944959
0.710209
0.572123
0.743328
0.730664
0.959239
0.450119
0.607988
0.152565
0.60076
0.253011
0.141381
0.547021
0.862762
0.927042
0.519333
0.228166
0.864942
0.973852
0.631067
0.747633
0.367086
0.425525
0.347912
0.452571
0.370352
0.497982
0.57535
0.280657
0.235207
0.222261
0.462835
0.896681
0.062043
0.761901
0.789915
0.579638
0.402295
0.857216
0.541458
0.553437
0.116251
0.6756
0.204821
0.44108
0.332682
0.955749
0.989931
0.405191
0.570161
0.701515
0.700451
0.802991
0.292705
0.679067
0.997271
0.902944
0.453935
0.14833
0.513121
0.269241
0.152659
0.854601
0.983257
0.347508
0.68797
0.445659
0.275891
0.202739
0.548924
0.970219
0.59452
0.395181
0.706961
0.590473
0.364977
0.647796
0.747636
0.33311
0.597144
0.326486
0.932031
0.300173
0.000603
0.207909
0.135617
0.891925
0.867976
0.786651
0.005078
0.383676
0.059467
0.73583
0.96811
0.934551
0.011128
0.272547
0.722037
0.519327
0.711259
0.882681
0.115781
0.116323
0.650576
0.368973
0.77778
0.242746
0.643514
0.139464
0.306295
0.791288
0.085915
0.573385
0.96099
0.061291
0.474302
0.746017
0.807078
0.876877
0.159824
0.541993
0.290851
0.266039
0.339637
0.814376
0.284618
0.467069
0.020178
0.787302
0.703648
0.290112
0.422401
0.926284
0.157585
0.304565
0.013838
0.327908
0.591867
0.586048
0.582719
0.589301
0.202047
0.485392
0.892158
0.071077
0.155491
0.648346
0.889072
0.133577
0.986454
0.520027
0.530242
0.739567
0.202996
0.943055
0.703039
0.659738
0.822743
0.341146
0.368199
0.34156
0.907218
0.457609
0.711951
0.839633
0.12457
0.031919
0.036188
0.733385
0.4908
0.600048
0.182317
0.498984
0.903638
0.76126
0.000117
0.295112
0.132545
0.552976
0.469965
0.429905
0.015937
0.269145
0.788446
0.454757
0.094488
0.937748
0.139797
0.075959
0.024615
0.398701
0.37798
0.771129
0.921677
0.532669
0.04518
0.884662
0.059741
0.649598
0.544224
0.839363
0.426979
0.854842
0.314238
0.985462
0.704757
0.528631
0.304688
0.042721
0.298959
0.344659
0.472641
0.904976
0.96066
0.026346
0.639546
0.799293
0.331391
0.176709
0.060805
0.473849
0.344366
0.45321
0.20247
0.425713
0.806894
0.358085
0.054949
0.348073
0.83644
0.606171
0.183082
0.670509
0.63767
0.680058
0.904457
0.631737
0.826371
0.193388
0.595852
0.85927
0.759724
0.449075
0.086285
0.288979
0.578535
0.497302
0.081903
0.549742
0.380352
0.403357
0.017571
0.759455
0.807593
0.628731
0.063161
0.939056
0.832631
0.273343
0.955815
0.405193
0.954539
0.914809
0.798248
0.696799
0.314174
0.743226
0.468305
0.877254
0.375642
0.559996
0.259918
0.273131
0.647031
0.424323
0.807024
0.557246
0.294459
0.586754
0.125005
0.319493
0.695002
0.818168
0.780287
0.557927
0.632363
0.893959
0.659145
0.224105
0.361403
0.776591
0.423533
0.077096
0.056143
0.632544
0.363373
0.650463
0.383812
0.916585
0.65136
0.819856
0.747846
0.799516
0.192057
0.714123
0.632068
0.315195
0.534249
0.40284
0.879843
0.086628
0.526652
0.394175
0.88825
0.187643
0.139305
0.463313
0.026137
0.495218
0.580801
0.214134
0.142969
0.812707
0.176526
0.058012
0.04185
0.604855
0.664331
0.165077
0.76555
0.244656
0.371633
0.449855
0.998942
0.430784
0.750897
0.41652
0.704356
0.052685
0.983458
0.054715
0.28635
0.096517
0.168438
0.076636
0.453938
0.893681
0.418763
0.555298
0.687309
0.027926
0.374717
0.122645
0.603106
0.25198
0.525124
0.10258
0.18953
0.999325
0.698472
0.703895
0.833671
0.565436
0.26335
0.728675
0.090005
0.977501
0.133462
0.952132
0.56829
0.349339
0.501854
0.770959
0.066
0.149865
0.60432
0.457683
0.956653
0.19577
0.168527
0.048165
0.019757
0.716028
0.940546
0.070388
0.629989
0.164618
0.018682
0.521356
0.095536
0.849227
0.994162
0.408957
0.501922
0.38554
0.650002
0.623049
0.526608
0.179955
0.187855
0.530669
0.414722
0.569567
0.273506
0.120409
0.605342
0.203243
0.720946
0.048386
0.392997
0.67877
0.505019
0.852553
0.308681
0.70567
0.546871
0.992599
0.134152
0.617495
0.251239
0.316657
0.881792
0.109935
0.652554
0.588934
0.203848
0.255782
0.887282
0.966443
0.670827
0.853058
0.135605
0.527928
0.89082
0.743477
0.273879
0.893271
0.648993
0.929789
0.843797
0.051944
0.763364
0.054371
0.958772
0.948049
0.330371
0.890518
0.22522
0.209709
0.517008
0.373488
0.945576
0.303142
0.151185
0.281786
0.227115
0.994045
0.143068
0.57944
0.686415
0.282976
0.030419
0.392477
0.648007
0.228922
0.210223
0.806916
0.709326
0.692396
0.065699
0.069217
0.543358
0.618863
0.090462
0.482786
0.631498
0.705752
0.726606
0.656611
0.853313
0.040475
0.061248
0.381924
0.013303
0.183087
0.494126
0.518684
0.334988
0.846074
0.693587
0.352282
0.221517
0.988618
0.415162
0.147617
0.44366
0.967744
0.568321
0.087665
0.797933
0.168836
0.073086
0.787448
0.383155
0.544269
0.588664
0.726091
0.443918
0.096342
0.227731
0.647929
0.785259
0.482264
0.325724
0.839502
0.847789
0.730579
0.765431
0.114876
0.586544
0.551915
0.824453
0.034595
0.498741
0.544937
0.087502
0.710067
0.18978
0.612347
0.988902
0.965977
0.596177
0.362013
0.784537
0.507102
0.567938
0.53144
0.729094
0.233394
0.778909
0.808967
0.113157
0.30077
0.208927
0.416906
0.634579
0.157531
0.873772
0.189055
0.52761
0.465732
0.492659
0.767572
0.753342
0.571233
0.171344
0.31774
0.313075
0.422392
0.092401
0.231729
0.861223
0.558197
0.177141
0.881891
0.136968
0.456891
0.106565
0.397985
0.525698
0.924276
0.314723
0.780574
0.486171
0.342835
0.179932
0.961788
0.431509
0.018996
0.164949
0.051189
0.552029
0.919236
0.034443
0.611478
0.286001
0.208398
0.959857
0.874074
0.348779
0.600127
0.41701
0.027302
0.905429
0.737335
0.123726
0.394364
0.158298
0.498102
0.681942
0.35879
0.619489
0.337652
0.00276
0.922727
0.890157
0.373521
0.472612
0.374917
0.846958
0.78389
0.517203
0.591035
0.518161
0.132712
0.612823
0.338774
0.335188
0.732345
0.755855
0.329293
0.476858
0.605342
0.422183
0.843836
0.069057
0.104973
0.692417
0.630469
0.29594
0.238156
0.48552
0.011953
0.169707
0.328128
0.646776
0.966251
0.606355
0.711111
0.652389
0.56813
0.421518
0.626937
0.409281
0.397728
0.353119
0.327912
0.921741
0.153095
0.224561
0.130996
0.018766
0.023845
0.685796
0.69773
0.779163
0.77638
0.746757
0.569764
0.252963
0.442746
0.671241
0.366881
0.49508
0.324454
0.165457
0.996034
0.33891
0.520022
0.033072
0.296214
0.646666
0.573521
0.282526
0.479457
0.182063
0.054811
0.527219
0.406677
0.828049
0.296253
0.476926
0.054707
0.664338
0.319282
0.011033
0.444289
0.844082
0.108043
0.88485
0.093267
0.126442
0.698521
0.350642
0.349345
0.971864
0.138702
0.520428
0.918347
0.864707
0.510564
0.44057
0.244391
0.067897
0.298792
0.954151
0.788423
0.736341
0.490087
0.614336
0.652092
0.17657
0.15597
0.277678
0.15769
0.645928
0.968764
0.917762
0.381993
0.478513
0.104738
0.363157
0.982754
0.615486
0.613934
0.531117
0.140685
0.688522
0.733029
0.58244
0.745393
0.343039
0.701155
0.867314
0.313181
0.484465
0.836128
0.783868
0.976883
0.726218
0.253561
0.571601
0.021192
0.366724
0.609442
0.184145
0.814986
0.042009
0.125729
0.958332
0.106616
0.286372
0.30539
0.177131
0.478781
0.189099
0.566446
0.200798
0.369447
0.027321
0.734743
0.570666
0.478279
0.773306
0.284939
0.340306
0.348353
0.033075
0.719283
0.464337
0.008799
0.791166
0.527384
0.740616
0.661805
0.279604
0.053054
0.841343
0.862314
0.440586
0.820127
0.164192
0.944398
0.13426
0.730004
0.697843
0.69754
0.35491
0.52156
0.745152
0.441634
0.819271
0.087522
0.643476
0.482725
0.605606
0.870952
0.894585
0.010071
0.092077
0.642938
0.435402
0.460262
0.611769
0.917415
0.352288
0.296164
0.819336
0.095168
0.899206
0.947612
0.437939
0.387713
0.566589
0.232862
0.384594
0.491052
0.840123
0.603656
0.498997
0.769099
0.471528
0.032256
0.292066
0.014338
0.949996
0.24645
0.870668
0.390108
0.872185
0.162827
0.160001
0.54146
0.78561
0.379377
0.401813
0.4648
0.497312
0.896968
0.118538
0.98025
0.193897
0.46366
0.273081
0.573468
0.664659
0.605774
0.795434
0.815481
0.893138
0.610296
0.877858
0.831092
0.894728
0.008059
0.983535
0.88395
0.17844
0.181433
0.158854
0.728875
0.277593
0.687892
0.750422
0.575261
0.000753
0.817075
0.625425
0.116235
0.269669
0.283914
0.354152
0.587056
0.975002
0.362074
0.703872
0.712981
0.680189
0.238648
0.946814
0.307067
0.551022
0.696532
0.289612
0.693573
0.126543
0.859325
0.103474
0.295878
0.3815
0.371802
0.548846
0.55086
0.638691
0.79617
0.082136
0.200673
0.165259
0.119088
0.289628
0.141716
0.946017
0.646733
0.642997
0.085096
0.410946
0.515575
0.50151
0.802313
0.231706
0.199601
0.330167
0.853715
0.646835
0.625449
0.125428
0.503644
0.347817
0.633217
0.139684
0.915469
0.150928
0.140859
0.433355
0.155507
0.382053
0.986898
0.160481
0.912751
0.096932
0.827861
0.27579
0.48259
0.087138
0.157312
0.967244
0.897022
0.330916
0.906864
0.71418
0.45879
0.698704
0.094802
0.520673
0.779184
0.03093
0.194774
0.225391
0.88822
0.406678
0.356656
0.246503
0.959794
0.998576
0.272531
0.945514
0.383481
0.909842
0.288698
0.118035
0.205568
0.273468
0.081106
0.313975
0.381836
0.22108
0.351481
0.036897
0.432378
0.717753
0.550235
0.828108
0.545267
0.626475
0.633112
0.665845
0.113287
0.571707
0.337326
0.062125
0.567825
0.020764
0.516471
0.841782
0.971118
0.163533
0.875778
0.457972
0.759705
0.898279
0.100882
0.323997
0.051976
0.92891
0.368997
0.74325
0.046564
0.528121
0.755675
0.413215
0.759669
0.514199
0.650485
0.812008
0.75104
0.675113
0.08778
0.004686
0.577778
0.321148
0.897874
0.827075
0.250126
0.988999
0.408779
0.031198
0.446713
0.850628
0.584995
0.506468
0.670032
0.408897
0.349016
0.814179
0.901698
0.404629
0.10059
0.383106
0.465431
0.5576
0.052486
0.53949
0.463471
0.354135
0.672906
0.199769
0.017033
0.281588
0.777274
0.773386
0.251292
0.385312
0.728034
0.109856
0.629112
0.822256
0.371608
0.760886
0.577446
0.9309
0.589886
0.929221
0.905517
0.753958
0.835682
0.229142
0.930581
0.472607
0.229449
0.52534
0.661637
0.787842
0.466659
0.971314
0.123775
0.578562
0.408377
0.984381
0.959102
0.22557
0.481002
0.607138
0.451962
0.200225
0.427162
0.190084
0.031194
0.01227
0.840985
0.307274
0.743372
0.148817
0.086147
0.06081
0.332926
0.245171
0.270054
0.617735
0.381081
0.64352
0.679125
0.723685
0.281782
0.624402
0.039213
0.334757
0.05898
0.542958
0.499307
0.748227
0.672014
0.3512
0.963354
0.688505
0.661313
0.186569
0.879498
0.639446
0.199374
0.486242
0.095275
0.480307
0.966248
0.712024
0.856681
0.039755
0.750337
0.566942
0.557861
0.197874
0.441029
0.828175
0.860159
0.491054
0.076908
0.374974
0.94113
0.962093
0.884386
0.903412
0.336642
0.505929
0.025209
0.889718
0.033618
0.510421
0.212489
0.952985
0.530892
0.833146
0.912155
0.705015
0.49124
0.819082
0.565372
0.35164
0.019356
0.477339
0.362209
0.449466
0.431394
0.627499
0.048524
0.482668
0.769659
0.233456
0.431493
0.820377
0.883207
0.680324
0.703986
0.255531
0.873255
0.395997
0.677763
0.456462
0.951839
0.939169
0.720554
0.166817
0.092993
0.9019
0.875607
0.699261
0.413629
0.39996
0.685435
0.158284
0.513641
0.145469
0.338821
0.37739
0.60495
0.230021
0.724685
0.957321
0.512671
0.477253
0.513017
0.343603
0.881846
0.148111
0.433551
0.273325
0.819032
0.449774
0.108862
0.098557
0.614706
0.824636
0.495836
0.46484
0.781824
0.460925
0.226229
0.040968
0.223816
0.721802
0.398911
0.881043
0.064022
0.03746
0.940122
0.106496
0.298812
0.390106
0.965073
0.82413
0.546955
0.02501
0.651434
0.191813
0.511306
0.519037
0.962713
0.669447
0.498761
0.43803
0.103538
0.63428
0.622801
0.026919
0.002976
0.479227
0.652301
0.070527
0.937104
0.337063
0.882745
0.907149
0.424978
0.004942
0.337778
0.117865
0.971607
0.109649
0.113838
0.156085
0.873051
0.64853
0.804242
0.677515
0.620178
0.836474
0.913461
0.202768
0.700525
0.431712
0.741923
0.050527
0.642353
0.685013
0.949975
0.662733
0.910804
0.449725
0.566953
0.555587
0.857405
0.67446
0.972349
0.846746
0.811343
0.048662
0.830205
0.118866
0.06601
0.941255
0.656921
0.155329
0.364271
0.24998
0.48935
0.272252
0.667569
0.223894
0.509305
0.576608
0.254737
0.754066
0.739425
0.367287
0.426003
0.345823
0.539021
0.526481
0.538883
0.877047
0.739588
0.723654
0.358769
0.387952
0.535075
0.514938
0.928942
0.97894
0.329805
0.534366
0.405592
0.858494
0.298218
0.121643
0.469157
0.701771
0.948878
0.471212
0.219482
0.348495
0.157708
0.807492
0.782478
0.608158
0.122626
0.29247
0.901642
0.756617
0.37169
0.319277
0.776897
0.053938
0.521769
0.689179
0.082022
0.86149
0.910085
0.316175
0.582242
0.234748
0.154283
0.805565
0.57107
0.578354
0.042965
0.585778
0.564006
0.046533
0.055549
0.347976
0.452842
0.190712
0.464123
0.047191
0.924229
0.981514
0.869877
0.533225
0.44406
0.766608
0.185227
0.558806
0.778327
0.452979
0.969859
0.229362
0.964829
0.506908
0.304006
0.580324
0.652916
0.919532
0.77112
0.673245
0.499413
0.301969
0.003094
0.34504
0.298716
0.371072
0.071667
0.12678
0.048905
0.05708
0.418072
0.81913
0.985172
0.775059
0.952903
0.462343
0.930639
0.163722
0.993494
0.419878
0.011936
0.886282
0.97741
0.867546
0.518983
0.691712
0.19246
0.61603
0.683919
0.434222
0.384133
0.036594
0.190491
0.847426
0.690032
0.134846
0.273183
0.049962
0.461296
0.630689
0.765363
0.781986
0.629729
0.732467
0.161034
0.947094
0.446915
0.396551
0.68678
0.003028
0.277053
0.980162
0.593929
0.872219
0.565353
0.442111
0.245194
0.673828
0.193243
0.700987
0.80487
0.739551
0.471568
0.377957
0.012917
0.126938
0.898698
0.019822
0.28228
0.369983
0.863683
0.56642
0.114213
0.208283
0.585039
0.524931
0.772196
0.9307
0.208975
0.410126
0.943831
0.358197
0.431333
0.444724
0.986284
0.458164
0.177917
0.431233
0.566005
0.355892
0.658503
0.975948
0.08089
0.56315
0.005595
0.428912
0.891385
0.4068
0.324697
0.711593
0.10267
0.762182
0.659547
0.756281
0.238034
0.076465
0.041531
0.690577
0.184194
0.670129
0.876934
0.83906
0.374195
0.295292
0.259115
0.13405
0.808992
0.096203
0.700289
0.912752
0.081603
0.043389
0.982778
0.52315
0.259788
0.386706
0.817068
0.841728
0.388023
0.51053
0.110195
0.120601
0.770446
0.612253
0.296771
0.625651
0.210924
0.108996
0.944236
0.960783
0.740907
0.45753
0.702
0.147781
0.104014
0.317786
0.732075
0.020711
0.220953
0.1373
0.813971
0.343776
0.768546
0.346877
0.812706
0.685006
0.294742
0.657197
0.956959
0.73204
0.939863
0.479224
0.69577
0.582769
0.683862
0.474737
0.584022
0.701739
0.592907
0.932261
0.821925
0.006576
0.395458
0.042497
0.689916
0.323221
0.43019
0.566414
0.379208
0.853833
0.459822
0.433699
0.483499
0.057133
0.784239
0.471473
0.548055
0.650631
0.490877
0.468771
0.290025
0.872693
0.13853
0.187083
0.321506
0.959446
0.901871
0.419554
0.661412
0.094777
0.793876
0.975585
0.278763
0.491878
0.267101
0.98845
0.031813
0.46327
0.895091
0.094991
0.252739
0.316321
0.272182
0.39256
0.599175
0.811742
0.261251
0.52049
0.234789
0.412879
0.445597
0.374917
0.635583
0.861796
0.400421
0.501385
0.960826
0.982669
0.98207
0.328194
0.440625
0.841928
0.915475
0.354184
0.476119
0.43908
0.15643
0.834696
0.552148
0.135877
0.149197
0.582793
0.410349
0.222479
0.040866
0.989161
0.834238
0.737301
0.661997
0.61262
0.014572
0.996154
0.382599
0.676025
0.006526
0.429587
0.533612
0.712281
0.100017
0.420819
0.362208
0.435567
0.020741
0.832149
0.72007
0.975936
0.30092
0.932699
0.602985
0.842192
0.691167
0.57167
0.383041
0.517153
0.185349
0.107994
0.299406
0.924737
0.047303
0.983662
0.548993
0.373553
0.036996
0.144749
0.342577
0.78906
0.280427
0.365884
0.967804
0.384886
0.836965
0.658497
0.93147
0.850511
0.427966
0.54863
0.984853
0.814563
0.763316
0.589869
0.498804
0.80252
0.983085
0.542695
0.961215
0.521749
0.703122
0.976518
0.910742
0.344507
0.813933
0.147303
0.029907
0.737674
0.474867
0.777841
0.955241
0.648753
0.688784
0.425694
0.09527
0.176801
0.408336
0.466878
0.821954
0.507034
0.125946
0.01703
0.667213
0.214585
0.19578
0.391834
0.92956
0.21938
0.895724
0.177422
0.406991
0.27476
0.902906
0.71406
0.669135
0.377163
0.743068
0.495896
0.956444
0.036899
0.027253
0.460498
0.069391
0.246591
0.68033
0.523216
0.210723
0.758196
0.341459
0.297701
0.035577
0.499211
0.458821
0.744914
0.083976
0.132981
0.718029
0.454657
0.466838
0.750479
0.792659
0.32223
0.244915
0.487536
0.047689
0.848622
0.931809
0.368837
0.991329
0.978369
0.516692
0.783288
0.270089
0.29586
0.655881
0.040975
0.150013
0.530923
0.373586
0.844864
0.222172
0.002935
0.944446
0.150197
0.827421
0.144403
0.951207
0.662676
0.897654
0.232322
0.224339
0.980458
0.249631
0.034749
0.128938
0.285085
0.334144
0.804738
0.408709
0.324158
0.668967
0.452833
0.534417
0.425104
0.015815
0.425583
0.352451
0.308675
0.802899
0.374435
0.937636
0.437857
0.499011
0.0084
0.889766
0.674283
0.990497
0.282742
0.248529
0.568725
0.850506
0.50292
0.389626
0.365817
0.185988
0.575267
0.409009
0.596219
0.361612
0.405264
0.721371
0.235577
0.159125
0.444449
0.108148
0.411443
0.524142
0.711317
0.077513
0.568586
0.351248
0.459742
0.879092
0.179904
0.669703
0.312968
0.785623
0.920998
0.804816
0.667953
0.087459
0.568205
0.34982
0.890886
0.298646
0.971862
0.109369
0.325912
0.980448
0.863281
0.775262
0.863769
0.834891
0.12781
0.202239
0.747167
0.197032
0.324157
0.727457
0.515441
0.84398
0.996536
0.27954
0.664183
0.901591
0.126995
0.677125
0.058025
0.12298
0.614816
0.796649
0.913259
0.181254
0.476305
0.233114
0.267393
0.836549
0.393463
0.646895
0.363942
0.223377
0.121217
0.52994
0.754461
0.236523
0.569081
0.003486
0.490922
0.221977
0.163211
0.2533
0.779991
0.246411
0.77285
0.58218
0.365633
0.356653
0.873669
0.530405
0.917617
0.257652
0.856704
0.362169
0.652461
0.36045
0.042249
0.841806
0.991562
0.140626
0.439073
0.720551
0.55123
0.87416
0.015307
0.724539
0.323685
0.764876
0.347972
0.205181
0.323754
0.862396
0.588804
0.895446
0.317054
0.723587
0.546567
0.318045
0.096821
0.913117
0.752261
0.423786
0.480053
0.830661
0.3877
0.580009
0.265247
0.47612
0.552488
0.781214
0.685522
0.502809
0.00478
0.413016
0.941885
0.351311
0.915016
0.467715
0.905602
0.458663
0.628673
0.742701
0.152945
0.89127
0.329391
0.602537
0.717541
0.862153
0.515403
0.911066
0.921141
0.594254
0.182132
0.576597
0.878277
0.619251
0.424269
0.90974
0.691532
0.805379
0.168813
0.125243
0.202535
0.784247
0.189074
0.333686
0.597602
0.710396
0.363891
0.887657
0.187319
0.105654
0.729263
0.125695
0.855953
0.074787
0.358763
0.372317
0.368226
0.702328
0.140257
0.774608
0.746318
0.273186
0.345734
0.7816
0.007627
0.800614
0.215824
0.078484
0.208871
0.275237
0.916607
0.88697
0.381333
0.396159
0.054994
0.03959
0.988259
0.313131
0.91523
0.75953
0.584627
0.437483
0.480928
0.425073
0.04211
0.345302
0.573334
0.446818
0.784615
0.187659
0.760114
0.795635
0.266493
0.453731
0.579825
0.060765
0.552047
0.825414
0.192259
0.048158
0.234196
0.051852
0.994177
0.938803
0.481095
0.387709
0.942172
0.482131
0.753584
0.314821
0.304913
0.809769
0.849517
0.955846
0.354652
0.491159
0.907845
0.752249
0.203481
0.790751
0.621506
0.05052
0.533413
0.95512
0.637898
0.073424
0.821094
0.569946
0.027038
0.144815
0.685414
0.900429
0.153709
0.033152
0.452355
0.809734
0.903075
0.02157
0.357821
0.659106
0.530412
0.020569
0.230679
0.234191
0.288556
0.320875
0.602278
0.543302
0.721293
0.735635
0.531647
0.755369
0.329
0.408182
0.809593
0.38196
0.064175
0.679063
0.642368
0.298287
0.517986
0.15928
0.409196
0.651764
0.770997
0.912322
0.830399
0.315987
0.842114
0.869636
0.037598
0.911124
0.046514
0.310863
0.910751
0.443897
0.56824
0.704958
0.44312
0.40257
0.006033
0.783509
0.54861
0.302597
0.297054
0.709483
0.178134
0.61572
0.589041
0.515912
0.04388
0.110874
0.69373
0.175989
0.94866
0.03558
0.356514
0.94787
0.977115
0.776008
0.622598
0.786739
0.360316
0.49104
0.530195
0.257825
0.609695
0.4257
0.777786
0.101068
0.313176
0.125638
0.700587
0.859262
0.406097
0.122629
0.056143
0.421854
0.623358
0.348314
0.242025
0.453456
0.587658
0.296898
0.45127
0.673149
0.145737
0.12728
0.365594
0.313495
0.602657
0.647936
0.268444
0.403339
0.700703
0.045561
0.29736
0.147539
0.275267
0.158423
0.119018
0.973235
0.763127
0.211531
0.895263
0.103438
0.886663
0.497868
0.345363
0.985841
0.162826
0.166555
0.238493
0.730576
0.765529
0.580037
0.054956
0.954292
0.579817
0.683176
0.746226
0.708773
0.140557
0.48802
0.964075
0.125798
0.896635
0.457401
0.955682
0.728097
0.239227
0.689772
0.157485
0.131449
0.899631
0.315061
0.149315
0.871754
0.436838
0.080076
0.164002
0.999568
0.409581
0.247859
0.282865
0.498811
0.356919
0.109921
0.246359
0.971017
0.649468
0.101102
0.72048
0.655949
0.250664
0.072912
0.447796
0.774883
0.531602
0.884644
0.664122
0.070018
0.794819
0.462887
0.974707
0.518351
0.399991
0.120954
0.290265
0.365592
0.75911
0.390194
0.145524
0.52074
0.857393
0.455343
0.772227
0.489389
0.683862
0.647969
0.879132
0.836755
0.659337
0.320145
0.401742
0.692797
0.513815
0.829358
0.702676
0.248935
0.954046
0.961993
0.958635
0.954105
0.317169
0.676415
0.126338
0.108873
0.070673
0.294372
0.538872
0.987136
0.991473
0.626962
0.02331
0.801797
0.625049
0.18549
0.104753
0.890132
0.879641
0.565567
0.143265
0.790888
0.798308
0.748684
0.638975
0.057448
0.804556
0.781686
0.154357
0.77545
0.607953
0.021133
0.883722
0.666618
0.868132
0.08821
0.314834
0.313378
0.932781
0.536559
0.347825
0.90613
0.333239
0.714345
0.162759
0.059347
0.214467
0.789603
0.609948
0.495194
0.00906
0.142503
0.822168
0.068351
0.354946
0.150608
0.505188
0.142652
0.054083
0.597576
0.68757
0.7993
0.157262
0.936471
0.001352
0.377154
0.348854
0.798113
0.100041
0.692144
0.951649
0.188791
0.233197
0.433392
0.605036
0.989881
0.290048
0.374616
0.273872
0.074725
0.630162
0.285008
0.877688
0.693199
0.448909
0.024398
0.016143
0.722115
0.885369
0.42602
0.963546
0.748793
0.469022
0.659933
0.958964
0.994346
0.108863
0.687654
0.181049
0.835861
0.265208
0.845854
0.938446
0.69062
0.648025
0.69657
0.583741
0.281003
0.274736
0.734944
0.290758
0.215999
0.031154
0.379318
0.352198
0.194943
0.411048
0.651253
0.515323
0.620359
0.096568
0.181899
0.775359
0.088496
0.729243
0.812773
0.99107
0.620155
0.17174
0.200896
0.586926
0.950832
0.745138
0.344012
0.260206
0.749091
0.424764
0.242044
0.928415
0.62645
0.770817
0.714493
0.785386
0.965806
0.426516
0.65606
0.042527
0.596229
0.250587
0.717692
0.688619
0.358485
0.197447
0.82649
0.999171
0.516303
0.127299
0.280217
0.667682
0.437351
0.649133
0.662801
0.70028
0.573311
0.775553
0.899298
0.604304
0.943923
0.411768
0.475071
0.341964
0.9487
0.051521
0.376073
0.459026
0.469061
0.648576
0.839994
0.891266
0.790926
0.995305
0.249236
0.131493
0.486942
0.322359
0.717542
0.499237
0.645992
0.959067
0.007918
0.532584
0.483492
0.716541
0.61149
0.5162
0.741396
0.515758
0.972255
0.893949
0.059045
0.636697
0.887841
0.373359
0.615669
0.992444
0.164048
0.336665
0.209708
0.827497
0.961946
0.034227
0.606122
0.198979
0.683281
0.4515
0.026637
0.714415
0.393808
0.768782
0.356537
0.611543
0.08384
0.906748
0.138082
0.672484
0.568854
0.964766
0.924113
0.35377
0.849191
0.72086
0.493442
0.93427
0.739092
0.69318
0.820975
0.543338
0.618657
0.866762
0.928452
0.118598
0.094564
0.906508
0.071363
0.615662
0.767868
0.296158
0.556777
0.265925
0.427472
0.803849
0.571694
0.515926
0.163501
0.728502
0.462092
0.291864
0.946165
0.177038
0.791948
0.861465
0.315432
0.484031
0.098589
0.016557
0.696589
0.638748
0.260842
0.544789
0.251328
0.735804
0.030256
0.929601
0.494878
0.178514
0.573718
0.940694
0.673383
0.658537
0.950079
0.664092
0.651954
0.909858
0.280272
0.469753
0.340537
0.607903
0.08116
0.579578
0.653274
0.286223
0.394661
0.598531
0.232216
0.232892
0.48718
0.577868
0.758659
0.394299
0.161229
0.526598
0.137012
0.875058
0.2407
0.181842
0.570954
0.111847
0.281503
0.084296
0.509503
0.122465
0.397377
0.443439
0.403917
0.372808
0.276318
0.944703
0.918269
0.956422
0.093699
0.77881
0.526577
0.685658
0.046887
0.836523
0.70595
0.106822
0.698205
0.193696
0.259517
0.144412
0.114343
0.330052
0.498043
0.446919
0.411232
0.585108
0.940263
0.471434
0.342791
0.013462
0.074843
0.584763
0.407654
0.328535
0.010828
0.764505
0.54915
0.045595
0.801167
0.241185
0.519207
0.539076
0.005033
0.42646
0.849544
0.721048
0.7925
0.304671
0.62441
0.137254
0.984632
0.663574
0.375948
0.735919
0.382618
0.059226
0.75009
0.495536
0.253148
0.971209
0.567495
0.648163
0.194428
0.104003
0.936347
0.756233
0.746537
0.894664
0.138261
0.604769
0.093161
0.118934
0.306291
0.359373
0.326112
0.972085
0.638674
0.137996
0.71973
0.521585
0.643878
0.067376
0.304219
0.928408
0.033511
0.338766
0.741407
0.964395
0.70768
0.377476
0.323919
0.317533
0.978816
0.245754
0.395097
0.954038
0.251481
0.87732
0.472811
0.327614
0.858649
0.057824
0.956911
0.949719
0.26852
0.502174
0.094609
0.365838
0.163982
0.574252
0.066357
0.923636
0.582503
0.252765
0.331654
0.861123
0.861579
0.522518
0.826363
0.397759
0.95321
0.865512
0.251951
0.825969
0.497212
0.277403
0.820796
0.056332
0.360304
0.743542
0.030594
0.887504
0.566081
0.677514
0.345686
0.743471
0.697676
0.409424
0.463947
0.082904
0.440254
0.998205
0.145222
0.432786
0.829152
0.449291
0.40311
0.039518
0.188742
0.461029
0.58912
0.417546
0.338906
0.436268
0.419718
0.630575
0.948396
0.487382
0.690814
0.581891
0.185978
0.092072
0.773966
0.51832
0.571597
0.088446
0.655026
0.502764
0.179367
0.472652
0.138725
0.974484
0.810622
0.442946
0.411187
0.530368
0.334457
0.071065
0.804003
0.127065
0.237487
0.706392
0.336019
0.435771
0.815643
0.886712
0.456112
0.841942
0.407104
0.79039
0.303532
0.777074
0.012349
0.209896
0.876839
0.21469
0.832766
0.308303
0.139582
0.309203
0.208197
0.529104
0.880425
0.263755
0.619918
0.814612
0.285461
0.653105
0.072984
0.340995
0.605356
0.217092
0.538069
0.669364
0.148089
0.113322
0.539853
0.053474
0.44302
0.757152
0.843043
0.345449
0.038699
0.671396
0.492513
0.343422
0.643053
0.724922
0.090382
0.812102
0.709828
0.712109
0.297161
0.894934
0.656081
0.802751
0.542956
0.835422
0.453107
0.690656
0.741339
0.050748
0.909183
0.784965
0.572458
0.581997
0.681129
0.564086
0.03852
0.142858
0.197127
0.981431
0.242324
0.279969
0.464554
0.530826
0.269126
0.614199
0.873496
0.216857
0.037044
0.191194
0.815109
0.72872
0.670052
0.776143
0.62667
0.051083
0.672619
0.211424
0.509284
0.926641
0.681333
0.681134
0.875674
0.273067
0.804235
0.323872
0.24547
0.323969
0.89848
0.333374
0.507272
0.489925
0.031847
0.972634
0.935518
0.308869
0.83806
0.382412
0.596944
0.972829
0.938622
0.262713
0.697994
0.568736
0.629615
0.068543
0.039129
0.252163
0.965713
0.365947
0.694737
0.246482
0.110341
0.432087
0.255896
0.670087
0.150984
0.519286
0.847449
0.733994
0.67996
0.413013
0.231749
0.60255
0.430274
0.637316
0.341018
0.929094
0.723331
0.217205
0.279948
0.945639
0.681686
0.088863
0.426205
0.128709
0.095327
0.105824
0.834279
0.860856
0.519424
0.89805
0.085272
0.026826
0.45051
0.581887
0.383915
0.320193
0.078637
0.697407
0.191626
0.373934
0.271816
0.298011
0.882229
0.397115
0.024504
0.701088
0.276568
0.90323
0.670787
0.423623
0.284681
0.053832
0.648854
0.412808
0.934012
0.003113
0.692088
0.509047
0.004632
0.330774
0.75305
0.871458
0.084396
0.785092
0.627922
0.468757
0.545505
0.655468
0.895806
0.313721
0.141846
0.357889
0.228397
0.234691
0.058617
0.399926
0.37121
0.686234
0.794156
0.793201
0.729843
0.163872
0.184812
0.845436
0.462394
0.339974
0.878396
0.043184
0.592576
0.536446
0.679155
0.934887
0.114406
0.067395
0.595047
0.834111
0.713698
0.223499
0.733582
0.946963
0.407104
0.576433
0.449038
0.787426
0.700944
0.504755
0.659954
0.939054
0.871639
0.166862
0.674825
0.170448
0.507682
0.868865
0.50063
0.837605
0.688884
0.633342
0.502783
0.269123
0.440301
0.358167
0.281137
0.271868
0.296383
0.34321
0.422336
0.260364
0.27119
0.723387
0.912637
0.522528
0.867697
0.137356
0.102927
0.240985
0.985995
0.628322
0.299885
0.044954
0.135501
0.687
0.243816
0.098938
0.522677
0.957752
0.048665
0.761002
0.8543
0.313176
0.981824
0.439291
0.080797
0.617949
0.299654
0.044392
0.829524
0.681591
0.309017
0.413497
0.135966
0.195286
0.474778
0.473805
0.178385
0.588154
0.601711
0.712212
0.640795
0.75709
0.382147
0.11218
0.258082
0.795194
0.827328
0.132024
0.000758
0.498256
0.184375
0.846889
0.8031
0.575034
0.71611
0.920514
0.319504
0.663081
0.253069
0.087363
0.457553
0.733114
0.008727
0.767376
0.441284
0.180839
0.633787
0.169904
0.974146
0.54873
0.848591
0.977948
0.453518
0.419689
0.134771
0.985437
0.732028
0.987224
0.026482
0.298493
0.77138
0.989478
0.844057
0.95911
0.442654
0.19179
0.489468
0.389133
0.140797
0.014046
0.831314
0.780488
0.049069
0.084628
0.572049
0.586842
0.657503
0.640307
0.157628
0.849499
0.007993
0.182065
0.424309
0.239268
0.473639
0.304959
0.189538
0.558637
0.74264
0.909579
0.65948
0.191431
0.54116
0.264003
0.142063
0.032403
0.673341
0.103762
0.925496
0.465947
0.121764
0.882987
0.663854
0.751913
0.439623
0.189705
0.390873
0.969944
0.548098
0.909071
0.030675
0.596256
0.733111
0.813849
0.555543
0.46429
0.391171
0.368682
0.661753
0.092273
0.317727
0.413326
0.864899
0.4425
0.665654
0.771788
0.727018
0.693411
0.897544
0.463368
0.029012
0.342275
0.324242
0.254773
0.909236
0.149117
0.240635
0.636677
0.934807
0.00283
0.344932
0.509327
0.048434
0.541735
0.528412
0.846289
0.739638
0.032377
0.692702
0.248965
0.927135
0.5596
0.877942
0.124478
0.471378
0.8709
0.634049
0.842599
0.432113
0.527196
0.134474
0.853393
0.582711
0.703274
0.530204
0.802953
0.832967
0.715151
0.563161
0.200439
0.389264
0.224979
0.915741
0.93378
0.715859
0.200648
0.195231
0.717815
0.867407
0.616672
0.373667
0.35845
0.240855
0.064275
0.719371
0.556287
0.103009
0.992542
0.731034
0.236383
0.075854
0.563767
0.5022
0.128724
0.718175
0.183372
0.554078
0.904897
0.872702
0.268498
0.601847
0.643945
0.061046
0.512657
0.485564
0.433583
0.317013
0.616575
0.280756
0.418543
0.930367
0.317198
0.169829
0.73629
0.756704
0.207923
0.361185
0.411694
0.270327
0.698553
0.609034
0.840017
0.008234
0.986957
0.791037
0.698512
0.04124
0.350524
0.165058
0.120375
0.471574
0.189477
0.424403
0.856582
0.416885
0.390257
0.3616
0.063937
0.806395
0.449012
0.456398
0.081495
0.216103
0.892037
0.267902
0.253385
0.907981
0.498112
0.743928
0.41888
0.121931
0.852514
0.429167
0.408506
0.496221
0.746281
0.070101
0.413744
0.806912
0.837178
0.764827
0.516536
0.630175
0.165279
0.662766
0.885247
0.323267
0.769731
0.798246
0.284923
0.654765
0.486846
0.212166
0.890801
0.519376
0.751746
0.864213
0.985144
0.081071
0.69339
0.008494
0.244942
0.253914
0.912831
0.095136
0.462518
0.676373
0.00433
0.021393
0.339941
0.080414
0.813532
0.909273
0.532793
0.92536
0.078526
0.349623
0.201983
0.394124
0.48545
0.243322
0.436054
0.485224
0.855405
0.754693
0.632879
0.484942
0.875363
0.883101
0.099351
0.630276
0.74346
0.684275
0.352166
0.10672
0.665775
0.158282
0.933245
0.440449
0.665896
0.263415
0.432289
0.63201
0.262102
0.449561
0.901934
0.09494
0.409168
0.553848
0.581459
0.471891
0.383764
0.000847
0.66756
0.477262
0.560942
0.916415
0.838552
0.404588
0.551753
0.981237
0.983152
0.045347
0.095481
0.695827
0.325365
0.71433
0.677845
0.572258
0.025777
0.796998
0.414308
0.373331
0.580571
0.465203
0.325881
0.657574
0.256186
0.982461
0.541517
0.637153
0.188924
0.799675
0.149591
0.526107
0.185927
0.6063
0.453033
0.814
0.691077
0.816319
0.430337
0.969802
0.972173
0.445775
0.775662
0.964909
0.58212
0.782055
0.295409
0.743067
0.868654
0.055231
0.323091
0.368422
0.224837
0.700996
0.019261
0.859225
0.209417
0.660561
0.977098
0.709833
0.288268
0.662038
0.077548
0.59695
0.987918
0.939864
0.413675
0.600805
0.830003
0.15014
0.462846
0.715247
0.501634
0.066492
0.184618
0.827884
0.813182
0.647168
0.679053
0.821777
0.471314
0.980294
0.692367
0.134132
0.657251
0.058164
0.825953
0.812443
0.792281
0.40893
0.911789
0.886742
0.91242
0.267369
0.931049
0.341292
0.392371
0.346042
0.607173
0.142045
0.520106
0.399795
0.604836
0.909245
0.719057
0.325578
0.620727
0.033924
0.294952
0.271213
0.245161
0.248972
0.168411
0.414097
0.991718
0.393571
0.788
0.460403
0.541416
0.928373
0.653643
0.726566
0.447217
0.941393
0.224248
0.798274
0.64987
0.901597
0.925744
0.491857
0.811269
0.108573
0.541754
0.605526
0.69555
0.12275
0.127843
0.495609
0.259404
0.801797
0.860461
0.782015
0.529798
0.46265
0.999922
0.872081
0.625783
0.256041
0.242402
0.193557
0.044397
0.629139
0.785186
0.47423
0.746257
0.880508
0.710885
0.829221
0.765276
0.481766
0.34201
0.751362
0.626349
0.193922
0.670747
0.076293
0.026364
0.966932
0.387206
0.686632
0.177614
0.718246
0.416916
0.819463
0.540545
0.420386
0.652687
0.593232
0.052566
0.843822
0.519734
0.405537
0.422536
0.110293
0.356241
0.06125
0.783859
0.813499
0.44072
0.789911
0.651497
0.46544
0.475532
0.536368
0.601066
0.497431
0.119822
0.581716
0.601435
0.426729
0.850108
0.992235
0.627279
0.317248
0.203421
0.50297
0.371433
0.992144
0.728841
0.930364
0.359348
0.066876
0.069279
0.849427
0.417484
0.305645
0.334682
0.238539
0.864768
0.560741
0.335273
0.712021
0.028355
0.106433
0.903855
0.208841
0.922655
0.586202
0.528893
0.350934
0.247815
0.512358
0.628051
0.853543
0.886381
0.186238
0.157638
0.516782
0.016109
0.898303
0.556893
0.112608
0.177235
0.206529
0.204776
0.63046
0.449612
0.210049
0.497898
0.543524
0.092018
0.12438
0.717923
0.197508
0.81724
0.340129
0.944033
0.708624
0.794503
0.134675
0.776416
0.777218
0.302285
0.515721
0.783431
0.137016
0.830037
0.594249
0.4077
0.167163
0.859835
0.574203
0.333302
0.769093
0.045396
0.407691
0.81481
0.366135
0.155677
0.162846
0.016045
0.3606
0.20994
0.801711
0.265443
0.775151
0.793964
0.871999
0.451346
0.158733
0.978487
0.413121
0.074295
0.211548
0.124709
0.62413
0.003934
0.911364
0.895357
0.618846
0.807049
0.942543
0.427654
0.072545
0.01118
0.721431
0.591473
0.255815
0.674167
0.806969
0.326782
0.290089
0.04337
0.007267
0.50657
0.496378
0.366448
0.641235
0.430517
0.396744
0.172201
0.95559
0.932292
0.879174
0.457024
0.411021
0.638991
0.884694
0.062088
0.456252
0.781728
0.526163
0.50725
0.491821
0.535609
0.206625
0.403256
0.833046
0.417482
0.357831
0.251275
0.242663
0.786339
0.63797
0.522534
0.788264
0.206596
0.3689
0.687219
0.191683
0.16563
0.370603
0.296651
0.135822
0.310571
0.620256
0.235285
0.560041
0.50544
0.344033
0.097369
0.545259
0.884232
0.092138
0.659241
0.277436
0.254535
0.470497
0.897948
0.783179
0.515094
0.281244
0.767248
0.200245
0.146456
0.123737
0.368665
0.515328
0.956963
0.938044
0.376528
0.054511
0.303185
0.815749
0.028762
0.94065
0.525653
0.541379
0.713391
0.377001
0.812558
0.261015
0.050403
0.575075
0.126735
0.189556
0.80025
0.280179
0.201482
0.339842
0.705743
0.861968
0.590759
0.994634
0.974844
0.664786
0.233733
0.841354
0.967911
0.852138
0.174287
0.013036
0.822649
0.7701
0.808306
0.077465
0.019855
0.684221
0.445722
0.900776
0.686575
0.91434
0.271116
0.933806
0.721335
0.695245
0.265954
0.347161
0.494468
0.056876
0.590305
0.923093
0.513781
0.48238
0.659029
0.954737
0.026921
0.770123
0.779973
0.042367
0.663619
0.491892
0.88327
0.498457
0.487334
0.82706
0.183546
0.365278
0.34322
0.590549
0.528094
0.030304
0.701058
0.850129
0.56674
0.473884
0.893733
0.321743
0.755125
0.522888
0.79774
0.42309
0.283619
0.865452
0.362935
0.52899
0.255577
0.962798
0.511257
0.587622
0.437774
0.459194
0.925937
0.269818
0.831945
0.794764
0.229716
0.35803
0.028183
0.401781
0.120077
0.798441
0.332869
0.574046
0.190888
0.715058
0.914553
0.174005
0.910856
0.11977
0.120454
0.600083
0.112516
0.757677
0.729321
0.04506
0.641052
0.866594
0.990808
0.880883
0.919665
0.831274
0.651771
0.81944
0.500618
0.795758
0.834001
0.353483
0.949862
0.945876
0.100539
0.332501
0.409215
0.078761
0.91189
0.712725
0.914733
0.715532
0.520565
0.065083
0.838814
0.214954
0.351833
0.193903
0.981298
0.375039
0.769428
0.30553
0.995034
0.337218
0.994961
0.840149
0.562631
0.600764
0.448102
0.808362
0.055868
0.723859
0.492943
0.453571
0.561587
0.519186
0.105172
0.850357
0.573608
0.621725
0.55324
0.043088
0.507407
0.178849
0.570721
0.119193
0.957466
0.850492
0.177531
0.39808
0.589023
0.842827
0.336407
0.486371
0.020749
0.494319
0.05333
0.016348
0.376562
0.231054
0.61309
0.386327
0.747906
0.061515
0.918958
0.679916
0.071215
0.796091
0.888186
0.260271
0.579628
0.909288
0.26044
0.084589
0.880559
0.874193
0.215075
0.253062
0.450504
0.321914
0.764718
0.516652
0.635167
0.031692
0.319832
0.534565
0.58778
0.326334
0.623021
0.922233
0.992335
0.980386
0.901906
0.761751
0.88181
0.594511
0.556117
0.472331
0.52124
0.209048
0.201596
0.896883
0.805676
0.427777
0.270501
0.430153
0.468969
0.735355
0.916715
0.841737
0.710121
0.512165
0.324621
0.601786
0.580781
0.07144
0.991181
0.056679
0.510983
0.606476
0.47739
0.897997
0.665359
0.089132
0.368624
0.383808
0.925427
0.502977
0.085441
0.958715
0.702311
0.242246
0.809793
0.791043
0.663473
0.782139
0.787691
0.968826
0.239054
0.943303
0.105417
0.201546
0.388671
0.432439
0.248833
0.377605
0.366453
0.386291
0.633005
0.614363
0.916527
0.521017
0.136065
0.90182
0.442955
0.175493
0.6352
0.494664
0.835259
0.451272
0.683205
0.187103
0.093786
0.626927
0.464332
0.799482
0.589254
0.804656
0.904745
0.962918
0.737059
0.104578
0.098428
0.159442
0.486165
0.980459
0.396364
0.237293
0.411447
0.17276
0.047422
0.273216
0.496894
0.297379
0.240726
0.113941
0.139148
0.808199
0.905467
0.771554
0.959145
0.02785
0.1077
0.925427
0.60772
0.417376
0.588056
0.849069
0.516329
0.186429
0.902992
0.225331
0.358023
0.698153
0.952624
0.444332
0.691654
0.972154
0.236637
0.378969
0.317342
0.352757
0.616171
0.374496
0.726781
0.135404
0.482228
0.90785
0.3067
0.806769
0.395393
0.536003
0.989675
0.412231
0.242664
0.681062
0.724569
0.059254
0.854034
0.468879
0.073682
0.334884
0.345036
0.563327
0.838309
0.567606
0.972149
0.41538
0.000404
0.434661
0.392015
0.301679
0.586476
0.539145
0.989288
0.208253
0.709778
0.849801
0.192614
0.469229
0.34115
0.932137
0.890874
0.43577
0.792967
0.02566
0.650504
0.772706
0.341661
0.127482
0.66887
0.158119
0.695502
0.193594
0.731761
0.809047
0.334537
0.411337
0.774547
0.48465
0.664389
0.382366
0.352799
0.437371
0.715076
0.619122
0.874217
0.28099
0.634946
0.175177
0.803544
0.407717
0.349774
0.661275
0.620707
0.166202
0.036912
0.06056
0.431789
0.729069
0.2145
0.382261
0.276915
0.590894
0.740308
0.037551
0.440658
0.358778
0.667752
0.123546
0.872847
0.397686
0.415148
0.715571
0.982891
0.295187
0.187722
0.28287
0.714345
0.780427
0.437572
0.740043
0.824688
0.177315
0.884806
0.42857
0.803896
0.403132
0.517946
0.895413
0.576173
0.274429
0.223416
0.775027
0.834054
0.465207
0.637634
0.541247
0.625296
0.165083
0.343113
0.503123
0.804547
0.135688
0.126694
0.180404
0.771948
0.478761
0.201315
0.200146
0.744834
0.203567
0.694786
0.152304
0.250482
0.126489
0.111535
0.730048
0.775466
0.646755
0.865353
0.599166
0.958327
0.122442
0.404927
0.966143
0.759275
0.840076
0.276629
0.508405
0.950283
0.948155
0.885502
0.51479
0.850523
0.93176
0.337371
0.353835
0.669642
0.793882
0.611059
0.36653
0.145743
0.2789
0.388037
0.094147
0.913473
0.101206
0.326305
0.06215
0.259697
0.058019
0.431045
0.568668
0.264461
0.35583
0.325451
0.930884
0.71385
0.359564
0.888467
0.259551
0.287489
0.792688
0.084654
0.297133
0.271308
0.727544
0.319585
0.049841
0.376675
0.893187
0.275068
0.372614
0.274111
0.113442