1024 4
0
99
492
517
646
1
12
529
546
736
2
69
385
575
723
3
118
419
573
731
4
120
341
393
597
5
73
738
812
909
6
82
517
703
764
7
50
112
176
244
8
68
367
839
854
9
161
165
250
872
10
313
396
443
582
11
433
452
911
959
12
503
559
897
939
13
63
278
673
938
14
193
342
696
783
15
192
391
477
958
16
49
446
528
934
17
93
520
601
864
18
123
441
643
894
19
141
628
807
978
20
362
508
757
992
21
95
110
447
1005
22
29
232
517
997
1
23
185
486
922
24
491
509
519
1022
25
181
613
707
862
26
368
539
703
963
27
213
611
674
783
23
28
136
377
727
29
45
114
665
857
30
318
395
767
1019
31
77
420
656
896
32
482
659
706
744
33
130
445
478
644
19
34
163
390
676
35
171
841
863
904
36
50
70
855
968
10
37
215
419
1007
38
606
680
713
724
39
143
226
342
460
40
79
314
437
906
26
38
41
259
562
42
73
294
959
1017
43
64
135
366
591
44
49
539
643
665
45
321
362
582
1020
9
46
871
888
1003
47
114
404
496
983
48
107
199
659
813
49
249
375
410
1011
50
455
658
689
775
16
51
492
622
772
52
284
436
636
725
53
352
408
554
667
54
256
310
742
751
55
326
559
567
599
31
56
616
638
703
57
504
512
586
673
58
145
283
681
972
59
489
518
700
972
60
171
542
604
620
26
61
780
858
932
3
62
267
562
575
63
85
163
429
770
64
95
390
537
638
65
463
484
995
1007
66
364
381
541
864
67
135
438
489
906
68
150
222
796
901
34
69
165
396
419
70
248
338
436
728
71
590
787
799
891
72
89
478
479
530
73
417
675
921
999
74
287
565
619
930
61
64
75
113
958
76
355
616
640
1004
62
77
206
280
849
78
323
400
644
653
17
79
493
578
703
80
369
620
668
935
81
118
232
612
705
82
573
746
761
779
83
295
772
829
966
84
140
540
545
671
85
277
326
473
844
46
86
120
423
934
87
254
488
833
890
88
91
397
849
856
89
207
459
739
958
82
90
384
453
984
78
91
319
348
450
0
92
269
409
415
93
216
578
929
1003
94
539
662
833
1019
27
47
95
547
834
96
548
560
952
992
97
196
210
233
356
98
118
212
863
873
99
485
691
703
915
45
100
289
485
855
101
466
740
929
961
102
432
850
916
993
103
210
387
579
849
31
61
104
433
739
40
105
178
396
685
106
165
174
553
589
21
107
428
528
797
108
474
738
831
849
109
187
336
904
943
45
74
110
418
853
111
364
824
918
951
112
424
587
696
790
113
376
553
602
1016
49
114
116
199
745
115
168
399
443
622
116
188
206
607
827
40
117
525
689
933
118
328
462
654
989
119
160
568
819
952
10
120
321
542
759
121
478
874
894
959
122
474
534
595
996
62
123
375
598
652
124
452
929
1016
1023
81
125
497
622
832
79
126
299
409
1014
127
397
422
875
972
128
186
305
459
528
129
567
639
847
899
70
130
482
584
960
131
528
866
929
992
132
660
749
893
894
133
207
252
287
731
134
360
906
956
1005
106
135
238
401
598
107
136
197
513
942
36
137
160
335
353
138
207
254
350
912
117
139
588
713
846
107
140
204
357
474
121
141
230
956
1019
142
151
294
309
505
143
331
534
692
880
127
144
347
417
465
9
145
472
538
998
13
146
152
582
840
147
171
282
692
968
53
148
205
495
609
51
88
149
173
350
130
150
435
591
792
151
183
287
664
737
152
271
440
602
913
153
456
855
869
1016
154
181
220
386
869
155
639
717
769
897
156
341
478
485
676
157
249
439
506
646
158
356
669
688
1013
159
322
475
604
742
68
160
195
830
869
161
287
377
577
596
40
161
162
194
524
9
163
280
619
733
126
164
742
937
974
83
165
449
503
814
166
218
558
875
919
149
167
534
696
882
168
224
324
694
763
169
268
300
341
672
43
170
291
359
952
171
337
350
742
818
27
172
630
641
839
12
173
225
393
697
8
174
216
709
776
73
175
347
489
911
176
351
394
704
746
177
273
408
503
969
178
219
340
375
508
179
338
455
832
907
36
180
276
375
951
181
643
670
845
896
152
182
265
493
632
183
365
588
868
1015
184
281
575
680
889
127
185
249
264
315
186
490
771
886
998
145
187
219
436
879
188
459
627
683
696
173
189
259
721
765
190
246
984
1000
1001
191
493
636
743
998
192
208
409
432
933
150
182
193
307
435
145
194
294
874
952
195
400
660
804
819
31
196
396
967
968
69
194
197
359
739
198
433
460
540
727
199
274
287
351
423
20
200
528
737
828
139
201
619
956
1001
85
202
294
298
738
203
298
337
362
545
128
143
204
824
981
139
156
205
639
902
206
211
339
717
986
116
207
488
727
910
178
208
360
516
613
137
209
441
524
928
206
210
434
493
697
211
459
586
696
1022
136
137
212
415
998
80
213
353
441
806
181
214
317
386
456
137
192
214
215
776
21
216
421
826
920
66
217
512
838
922
218
630
656
817
943
73
186
219
463
704
66
220
440
839
1011
221
336
505
884
951
33
125
206
222
288
112
223
428
803
909
86
224
342
964
981
216
225
689
720
1020
22
226
435
659
857
64
227
292
423
727
228
467
479
485
728
229
360
722
824
962
230
259
435
436
650
27
231
427
428
633
232
342
524
883
995
10
233
370
631
746
228
234
896
927
968
235
246
305
723
785
236
245
536
691
736
237
239
600
999
1011
238
447
538
826
930
10
16
239
370
385
240
353
493
595
861
38
45
241
528
798
242
338
351
486
800
143
243
462
532
618
244
487
586
706
798
245
545
622
704
966
74
246
364
473
556
247
506
678
703
871
80
181
248
624
734
3
249
254
333
878
16
126
246
250
415
251
312
701
919
986
76
125
252
742
918
253
255
424
869
990
254
433
617
857
956
255
385
388
664
847
249
256
370
417
765
257
391
555
615
944
212
258
629
913
985
7
30
259
637
932
119
128
260
863
952
261
295
725
762
834
217
262
353
375
705
263
293
452
622
728
264
750
812
845
848
66
265
515
642
658
202
266
287
738
768
261
267
402
454
932
144
268
519
730
1023
130
269
447
614
679
270
491
885
915
919
271
445
818
960
1004
58
272
652
653
749
159
273
458
674
802
164
218
274
583
747
23
203
217
275
460
11
272
276
866
936
184
277
543
651
947
278
466
479
873
989
142
221
279
397
406
190
280
441
686
884
237
281
594
789
865
282
758
883
1000
1011
5
283
500
877
907
99
284
501
593
837
284
285
483
595
746
5
241
286
379
641
240
287
439
626
859
131
200
288
417
992
289
730
744
894
899
266
273
290
824
868
114
291
554
719
952
67
292
468
566
761
293
551
700
777
786
147
294
363
456
949
266
295
809
830
839
216
296
397
602
987
4
234
297
476
498
181
201
298
626
993
20
299
375
731
1014
300
306
429
456
1007
106
301
512
564
599
54
89
302
761
823
29
200
303
466
1010
6
304
320
842
845
269
280
305
413
794
12
107
306
366
871
307
449
646
650
890
48
227
308
387
970
58
186
309
705
936
20
310
537
718
847
311
418
505
585
967
39
63
312
802
837
75
222
313
703
722
126
265
294
314
361
315
359
369
559
809
314
316
504
587
887
211
249
317
332
777
155
286
318
570
683
182
319
503
789
820
81
320
333
609
1013
173
278
321
397
729
97
322
337
750
981
309
323
386
700
701
242
324
568
713
900
11
223
325
654
691
106
124
326
619
1020
34
118
327
700
717
328
481
700
745
806
53
329
706
824
842
104
259
330
480
613
212
331
525
542
995
21
332
425
669
793
106
192
267
333
944
65
319
334
428
622
335
478
590
707
777
213
225
336
413
415
76
176
199
337
879
185
222
338
541
653
85
339
363
561
719
55
340
471
481
605
296
341
554
646
776
25
35
342
756
1022
11
321
343
477
844
344
485
737
841
966
149
345
443
911
936
145
210
346
979
1020
89
171
298
347
672
38
251
292
348
1020
349
357
578
618
949
102
350
434
492
885
24
351
508
891
1019
139
152
352
515
773
20
353
575
717
809
75
354
422
643
961
257
355
698
819
899
151
356
407
828
887
204
357
610
744
891
171
259
358
718
738
35
144
359
560
603
78
229
360
584
817
361
583
907
940
961
362
437
453
620
861
241
363
650
767
825
229
364
639
853
957
365
517
706
863
956
79
248
366
599
830
111
367
651
691
764
116
368
431
489
523
187
332
369
480
873
3
164
370
441
863
371
719
888
920
983
64
278
372
786
798
168
373
569
961
987
246
249
374
507
601
175
375
451
469
916
264
330
376
461
581
201
377
481
748
852
304
378
430
469
752
74
379
539
736
880
380
522
600
954
1011
244
381
515
611
888
375
382
607
699
923
147
274
307
383
505
3
298
384
555
832
152
367
385
415
827
8
386
394
992
1003
28
363
387
600
620
309
385
388
683
840
120
337
389
725
889
312
390
474
840
922
32
38
148
391
900
28
48
226
392
547
393
646
738
798
846
177
230
253
394
898
200
251
395
458
831
111
396
436
641
995
49
164
397
506
851
86
398
639
677
917
264
360
399
662
763
25
195
400
603
976
10
138
401
423
840
4
355
378
402
438
263
403
421
549
665
217
404
670
831
954
35
47
328
405
738
406
453
770
991
1014
407
441
479
602
753
266
268
408
423
879
142
324
358
388
409
108
410
449
543
626
202
303
411
578
676
65
154
412
714
818
374
413
441
474
646
32
412
414
521
831
119
128
415
940
987
96
104
416
564
599
91
95
234
417
834
146
418
543
706
890
132
248
419
436
767
420
530
601
683
832
294
421
515
869
932
340
422
662
665
956
423
568
601
798
901
191
376
424
511
1016
75
123
232
425
702
90
271
286
426
877
80
183
427
927
956
77
197
428
777
1021
163
429
599
751
990
340
347
363
430
696
4
72
431
537
1012
54
204
432
874
1013
343
431
433
894
961
308
434
945
1011
1021
8
435
488
531
989
251
436
726
753
813
193
274
437
517
691
239
438
660
792
929
173
319
439
902
1019
45
135
440
736
937
59
441
772
894
916
305
400
442
458
861
391
421
443
745
801
420
437
444
489
892
183
307
445
767
994
446
460
545
846
884
65
180
447
576
676
280
306
448
683
737
449
530
583
770
908
102
444
450
499
613
85
102
148
451
817
191
349
380
452
648
111
281
453
490
780
235
323
454
468
608
68
95
417
455
746
294
456
557
766
919
229
335
387
457
578
189
458
480
728
855
360
459
576
827
856
76
376
460
465
925
155
399
461
622
986
462
678
755
824
952
29
65
364
463
701
196
289
381
464
759
99
374
465
469
553
4
113
161
201
466
16
170
420
467
903
2
239
259
468
793
36
469
555
675
1006
295
361
371
470
831
132
471
714
725
895
71
98
472
516
892
417
473
680
818
819
197
230
286
474
700
38
120
130
475
910
57
476
520
641
658
454
477
503
740
899
25
165
334
478
1010
415
460
479
731
801
480
756
872
911
1020
203
481
835
864
967
15
97
372
482
983
419
483
537
829
1017
51
386
459
484
943
254
274
485
641
725
1
87
302
486
665
20
487
497
645
1006
177
270
488
618
949
168
489
602
676
753
340
490
813
852
1019
84
111
491
737
845
2
77
114
492
551
93
243
276
409
493
99
494
645
838
862
405
495
634
896
951
99
469
496
754
760
15
170
497
652
728
347
420
467
498
501
60
109
489
499
561
69
191
500
851
974
53
88
501
726
1012
144
254
502
677
979
71
161
374
503
1007
504
523
578
684
786
308
382
505
554
732
170
184
311
506
670
50
180
294
339
507
305
508
909
970
984
68
264
430
509
971
227
338
510
806
916
214
410
458
511
974
386
512
678
733
1021
187
487
513
714
937
403
514
572
740
762
352
417
515
796
951
330
516
529
662
731
352
517
606
767
904
518
590
616
904
1022
415
418
519
553
660
29
81
308
520
615
437
521
536
692
801
148
164
405
522
792
80
132
134
188
523
151
511
524
611
947
86
231
466
525
847
147
158
388
526
606
323
367
444
527
851
146
528
538
724
816
244
510
529
532
584
337
493
530
738
906
80
531
548
739
1018
187
484
532
570
963
94
533
912
928
958
17
396
398
534
690
142
269
425
459
535
86
268
536
715
1021
281
297
537
914
990
123
296
538
781
890
249
284
460
539
616
193
540
703
903
961
45
147
312
442
541
1
20
542
675
998
267
412
530
543
856
90
193
226
544
990
210
520
545
989
1009
121
138
507
546
917
448
547
651
756
950
100
548
639
645
777
64
68
81
541
549
223
550
700
808
928
12
16
551
763
866
68
84
402
552
792
551
553
567
783
924
275
381
429
554
774
206
361
555
961
1018
17
174
315
461
556
296
509
557
889
924
302
558
642
677
822
548
559
568
754
817
249
269
560
662
990
561
819
828
876
977
126
424
562
807
1017
28
64
508
563
776
340
383
412
564
774
285
474
565
660
698
339
566
658
780
893
89
502
567
570
787
304
519
568
647
814
178
218
298
569
710
15
421
570
683
884
240
446
571
643
952
119
153
572
573
1021
153
573
604
711
896
447
574
600
763
909
49
575
707
906
989
520
576
636
849
985
118
142
418
577
824
30
168
497
578
772
164
277
579
624
626
539
580
620
696
817
266
570
581
585
895
162
582
774
784
1013
120
300
392
473
583
234
281
584
640
824
11
133
470
585
667
342
573
586
772
806
292
374
430
505
587
240
359
503
539
588
57
442
530
589
839
218
311
486
590
775
162
578
591
610
906
259
592
676
765
766
593
599
623
699
788
93
149
550
594
797
595
676
764
806
998
165
204
302
408
596
215
446
597
782
880
171
242
598
688
850
152
250
545
599
710
221
570
600
607
934
210
369
413
601
871
52
602
729
851
874
286
291
348
603
921
455
459
500
502
604
248
371
482
605
646
76
92
606
675
795
118
607
674
721
803
278
345
485
608
703
33
204
609
858
984
61
285
485
610
818
316
488
611
731
808
59
230
243
435
612
214
613
818
839
1006
3
141
292
306
614
10
318
344
615
734
278
616
727
745
801
117
430
525
610
617
65
618
703
817
936
2
563
613
619
696
57
620
671
691
947
49
244
508
621
1018
65
211
379
440
622
327
453
623
652
981
357
575
624
661
937
264
345
562
625
1017
429
626
689
698
875
181
190
397
406
627
127
214
549
615
628
57
198
534
629
710
163
299
317
366
630
483
559
631
734
820
90
249
632
709
868
190
240
429
633
941
173
207
634
655
888
172
272
482
635
673
89
595
627
636
984
298
351
637
773
904
204
253
638
807
930
204
447
544
552
639
86
503
524
640
708
316
637
641
930
1014
27
474
642
714
798
241
636
643
771
871
390
391
530
644
654
540
645
800
998
1016
281
493
591
646
840
202
335
647
823
841
8
364
539
648
905
80
112
609
649
833
537
580
600
650
721
99
577
651
693
804
480
652
729
862
929
164
365
612
653
870
288
323
558
654
800
48
543
617
655
675
178
254
656
855
863
407
624
655
657
887
246
519
615
658
781
271
380
385
624
659
60
126
660
907
983
262
451
641
661
915
145
659
662
824
1007
201
275
570
663
834
419
468
507
664
789
65
181
202
665
698
65
666
736
928
958
124
148
183
433
667
446
558
668
710
846
17
520
632
669
779
670
686
801
817
1017
220
240
671
673
985
253
314
523
672
987
649
673
705
774
782
58
674
725
766
991
52
606
675
748
880
94
128
225
431
676
466
520
677
975
977
151
382
430
678
998
89
142
151
556
679
193
245
680
701
905
37
84
267
284
681
162
573
682
827
871
232
304
683
782
815
133
192
684
804
855
399
653
685
856
983
686
722
853
959
968
254
347
635
687
930
303
440
522
591
688
42
504
539
689
823
471
639
690
862
986
12
224
406
691
815
243
249
355
692
710
329
339
527
631
693
178
399
585
694
944
80
262
478
501
695
68
120
430
696
723
289
609
640
697
954
303
387
690
698
900
294
504
528
616
699
258
393
487
661
700
8
486
671
701
1002
222
256
555
632
702
237
703
744
746
753
186
704
749
795
886
121
272
470
705
1001
369
603
606
706
885
181
632
707
906
936
227
274
510
594
708
161
668
709
768
889
685
710
772
884
931
51
65
711
841
940
157
253
621
712
786
244
511
645
712
713
271
714
897
911
1000
113
456
684
715
839
128
276
454
716
742
110
717
753
868
917
453
718
915
940
1005
85
285
644
719
811
640
720
844
847
943
286
406
450
721
747
25
258
565
638
722
194
327
723
766
976
224
310
669
724
945
176
273
725
844
871
187
519
726
731
819
285
405
588
727
827
157
270
589
655
728
44
70
202
529
729
698
730
756
883
985
434
454
731
809
1013
15
34
409
732
974
78
155
555
733
819
260
420
484
637
734
261
410
639
678
735
263
336
510
736
964
122
205
521
737
832
0
284
738
758
840
6
135
219
536
739
162
650
740
916
918
701
741
819
830
850
497
682
683
742
773
79
303
365
743
745
332
517
566
608
744
520
566
745
958
973
439
551
746
949
968
147
335
674
687
747
50
165
224
555
748
57
219
622
655
749
160
481
715
730
750
369
751
775
780
932
74
123
287
434
752
205
232
639
753
881
8
195
420
754
1004
168
451
755
872
924
468
522
667
719
756
75
345
520
690
757
340
367
594
758
814
27
33
360
645
759
32
339
630
739
760
125
258
329
512
761
377
412
535
762
994
80
311
583
763
924
32
61
349
764
988
77
310
765
772
827
213
300
459
463
766
425
487
525
748
767
200
576
768
799
965
359
631
767
769
960
405
436
731
748
770
36
276
691
771
1008
341
772
789
905
984
153
324
736
756
773
279
391
436
640
774
189
326
775
891
983
76
84
528
677
776
289
328
336
604
777
145
436
670
778
863
384
530
779
899
919
321
327
780
804
990
138
371
781
938
983
97
350
481
771
782
90
389
777
783
942
229
462
549
621
784
49
342
363
785
977
277
555
572
612
786
248
535
678
783
787
251
473
636
788
876
223
560
789
794
854
76
85
524
729
790
58
115
317
791
970
412
555
590
792
939
184
315
738
793
950
41
661
794
832
988
89
148
410
795
952
400
433
471
796
990
245
797
888
970
1010
113
636
750
798
988
3
447
687
758
799
16
777
800
988
1019
275
801
824
844
864
59
240
344
802
950
363
384
607
702
803
143
216
255
804
887
200
664
763
805
843
41
396
472
573
806
452
577
641
807
877
4
147
322
753
808
192
627
809
857
928
137
721
810
935
973
35
297
397
811
880
87
107
439
812
881
11
369
529
813
830
33
629
814
878
932
69
541
815
965
977
318
337
478
700
816
211
223
360
395
817
62
467
786
818
895
353
645
721
819
848
31
496
588
665
820
265
473
722
736
821
24
331
383
822
853
325
545
805
823
848
417
607
824
973
1010
1
295
807
825
967
176
492
639
672
826
162
203
231
711
827
284
303
493
828
1012
138
196
781
829
981
76
193
494
830
893
46
355
467
542
831
343
803
832
917
951
172
668
773
833
982
423
530
577
721
834
3
277
589
753
835
387
461
713
836
874
245
526
680
729
837
39
203
290
624
838
145
312
693
839
925
9
562
840
869
967
249
341
794
841
1005
213
478
755
809
842
24
43
46
139
843
41
49
485
844
864
177
204
286
845
920
274
321
591
657
846
37
424
693
820
847
106
334
722
848
882
215
321
604
849
895
32
215
666
850
1019
573
600
851
860
1021
292
827
852
875
932
175
612
681
853
939
201
203
501
854
945
75
117
214
734
855
593
785
786
856
989
59
576
709
857
1010
55
402
578
848
858
11
278
329
858
859
324
860
873
940
1016
183
536
538
786
861
141
321
736
848
862
78
233
470
745
863
196
548
864
981
1012
82
169
230
817
865
7
24
838
866
956
277
473
790
867
981
50
74
637
868
929
278
420
432
554
869
43
553
870
955
961
37
154
379
413
871
273
516
545
872
966
251
278
873
943
957
146
279
635
874
1002
670
798
875
909
1005
53
395
766
802
876
62
521
632
729
877
410
599
878
925
928
58
486
685
858
879
35
394
417
880
1023
206
605
699
743
881
165
258
860
882
996
19
231
494
772
883
2
738
786
884
975
168
398
845
885
935
21
30
43
307
886
89
186
206
357
887
12
28
162
432
888
120
193
264
555
889
295
541
580
597
890
58
370
650
661
891
268
371
397
892
936
164
189
499
712
893
481
492
565
737
894
359
450
670
749
895
128
183
399
784
896
619
802
844
897
1017
356
637
716
731
898
196
384
512
571
899
378
788
794
900
1012
6
114
310
705
901
540
707
771
811
902
19
348
387
521
903
77
133
671
904
978
112
177
506
792
905
158
258
269
877
906
63
306
393
448
907
118
231
448
908
1018
172
217
647
685
909
219
264
683
715
910
106
435
605
879
911
20
204
567
767
912
109
116
711
913
985
132
335
643
914
1016
17
97
677
915
1016
133
165
261
570
916
178
253
404
891
917
196
319
568
858
918
297
321
573
602
919
420
438
600
750
920
73
142
194
809
921
64
384
693
700
922
1
591
680
762
923
379
666
714
915
924
59
279
447
595
925
48
211
740
801
926
83
124
377
927
965
299
548
767
920
928
602
706
798
822
929
115
212
312
838
930
328
457
751
884
931
225
450
831
884
932
66
458
507
596
933
374
556
558
724
934
32
103
165
455
935
30
130
246
646
936
77
209
471
937
1000
56
358
427
896
938
347
757
938
939
1022
79
345
384
817
940
586
778
878
941
951
459
804
890
907
942
82
221
270
851
943
515
600
782
944
947
2
383
720
741
945
206
372
671
677
946
274
401
412
809
947
302
371
471
884
948
43
135
831
839
949
37
364
650
707
950
133
203
458
733
951
23
254
717
952
1008
52
116
462
750
953
136
394
597
679
954
115
151
393
467
955
186
308
794
795
956
227
684
690
868
957
38
283
470
942
958
151
260
624
959
976
185
255
667
785
960
83
256
648
809
961
292
384
691
962
983
835
847
924
963
1019
265
829
916
964
1015
132
207
305
455
965
271
597
624
798
966
386
468
515
967
974
129
485
593
880
968
97
822
852
961
969
184
187
300
481
970
318
421
550
694
971
194
410
748
803
972
394
530
667
779
973
312
354
581
718
974
2
56
263
870
975
47
307
533
932
976
306
445
621
741
977
1
392
485
620
978
145
657
904
914
979
111
212
241
823
980
183
268
632
981
986
248
274
343
499
982
167
686
874
942
983
281
283
302
924
984
92
212
526
944
985
304
334
423
886
986
4
373
689
866
987
73
207
248
892
988
127
808
824
989
1003
249
701
957
990
992
372
383
706
927
991
176
451
505
649
992
101
418
750
977
993
149
288
332
749
994
353
596
905
995
1001
257
399
571
679
996
129
282
419
452
997
60
408
943
969
998
387
624
849
944
999
576
759
769
925
1000
132
249
274
733
1001
199
788
959
1002
1021
1
266
307
952
1003
54
329
809
954
1004
100
616
668
796
1005
107
346
537
763
1006
323
821
965
1007
1010
40
205
347
962
1008
261
303
787
848
1009
171
350
360
620
1010
485
691
751
844
1011
24
124
525
924
1012
330
541
553
611
1013
38
52
559
850
1014
65
164
326
336
1015
582
599
671
889
1016
225
259
716
893
1017
307
319
347
454
1018
646
782
921
941
1019
107
137
526
1016
1020
42
676
779
837
1021
117
180
578
649
1022
79
390
484
516
1023
0.650454
0.786682
0.564987
0.149852
0.191517
0.359827
0.646277
0.671196
0.21142
0.531387
0.170935
0.471968
0.560301
0.120116
0.749489
0.354902
0.062621
0.861792
0.893836
0.718988
0.142642
0.039992
0.772125
0.205792
0.191178
0.025186
0.910866
0.312164
0.915339
0.468487
0.873969
0.395396
0.437409
0.699022
0.401239
0.657758
0.727166
0.651221
0.11953
0.372961
0.461283
0.386778
0.33202
0.930956
0.927237
0.171756
0.835408
0.672093
0.313386
0.330436
0.35756
0.747346
0.477828
0.817111
0.884358
0.447626
0.546713
0.564296
0.452241
0.315685
0.434545
0.306092
0.618378
0.233533
0.353288
0.248759
0.939032
0.086396
0.700529
0.769515
0.1472
0.532509
0.466978
0.282213
0.145633
0.339845
0.384186
0.970466
0.328753
0.091199
0.753524
0.293784
0.203639
0.160664
0.69392
0.246592
0.577078
0.637132
0.829832
0.027988
0.12051
0.53248
0.135662
0.78656
0.048135
0.518113
0.195755
0.723991
0.560696
0.706936
0.126247
0.326593
0.869776
0.878758
0.262659
0.441819
0.503435
0.186586
0.623508
0.219703
0.553104
0.104546
0.721682
0.943686
0.538689
0.119231
0.904218
0.247812
0.05427
0.99239
0.156316
0.156717
0.592666
0.299682
0.201217
0.8242
0.531201
0.426615
0.49272
0.996671
0.311093
0.558278
0.036578
0.695696
0.019466
0.513651
0.173163
0.657127
0.181983
0.73668
0.139746
0.39352
0.437086
0.938598
0.958364
0.722086
0.870578
0.308485
0.46678
0.314149
0.564386
0.767908
0.880764
0.806218
0.511897
0.605592
0.976281
0.046193
0.219621
0.917173
0.885902
0.764302
0.488325
0.624323
0.182635
0.613898
0.268842
0.733343
0.151052
0.483846
0.643932
0.782403
0.079894
0.387979
0.569398
0.604936
0.971118
0.321396
0.622925
0.688882
0.043168
0.415654
0.315356
0.376095
0.43483
0.975664
0.991651
0.854705
0.314118
0.585811
0.186384
0.226472
0.499307
0.02969
0.380327
0.106493
0.908295
0.149967
0.842339
0.752197
0.696343
0.193186
0.029097
0.10761
0.334858
0.68784
0.965751
0.171617
0.475354
0.399532
0.885349
0.947685
0.858214
0.909739
0.284725
0.448876
0.902519
0.118799
0.144269
0.671502
0.435931
0.132025
0.882625
0.269466
0.637517
0.284292
0.546266
0.20166
0.08569
0.407602
0.341616
0.750622
0.230031
0.860992
0.924647
0.258467
0.323068
0.80793
0.068842
0.269114
0.069548
0.651135
0.01775
0.904576
0.086622
0.643883
0.901285
0.035693
0.747657
0.703606
0.439223
0.284977
0.493725
0.720686
0.142163
0.780458
0.227582
0.9691
0.392219
0.44526
0.505095
0.757136
0.682847
0.715098
0.474207
0.533614
0.606761
0.082053
0.982148
0.307624
0.46686
0.529853
0.254094
0.75405
0.868435
0.596144
0.136382
0.158961
0.314387
0.063429
0.821664
0.499151
0.711426
0.684868
0.73944
0.114852
0.070225
0.576626
0.84126
0.178013
0.682201
0.725983
0.306747
0.788309
0.103277
0.519689
0.488912
0.236454
0.167769
0.450959
0.081518
0.566451
0.432163
0.081498
0.402798
0.739927
0.425412
0.231894
0.431583
0.181318
0.58528
0.954267
0.427623
0.944708
0.383557
0.725264
0.643879
0.330489
0.403259
0.196779
0.295843
0.019237
0.525988
0.24658
0.942786
0.892955
0.215126
0.313791
0.077698
0.736198
0.633151
0.615505
0.882697
0.245671
0.732207
0.008792
0.185795
0.994178
0.513769
0.110739
0.011235
0.031951
0.634381
0.564804
0.568525
0.1876
0.933721
0.734674
0.034121
0.31063
0.893155
0.787427
0.536621
0.890944
0.247046
0.79861
0.09312
0.406918
0.528614
0.884354
0.326864
0.464381
0.165535
0.63131
0.420785
0.920572
0.924149
0.154336
0.203139
0.167352
0.180357
0.925437
0.386095
0.361392
0.529209
0.022177
0.304693
0.87343
0.250584
0.91222
0.487838
0.500217
0.985916
0.314141
0.737713
0.070219
0.510558
0.103526
0.620821
0.333193
0.293428
0.912562
0.98877
0.221625
0.675846
0.403167
0.408226
0.278122
0.504442
0.438333
0.753464
0.764009
0.097625
0.53899
0.07893
0.982377
0.271443
0.48076
0.914223
0.788962
0.131418
0.741072
0.456823
0.618487
0.267125
0.957434
0.693999
0.024299
0.550778
0.628975
0.725026
0.169648
0.112471
0.984465
0.40639
0.322876
0.197986
0.62738
0.684577
0.148164
0.286031
0.846469
0.515176
0.799313
0.11319
0.583853
0.929567
0.88933
0.651716
0.638042
0.730174
0.970139
0.366325
0.598562
0.791863
0.222167
0.659106
0.062698
0.697442
0.58319
0.513417
0.624852
0.601934
0.541312
0.613033
0.869562
0.344484
0.923175
0.971867
0.91363
0.836998
0.121988
0.562104
0.950728
0.880551
0.167118
0.047616
0.558515
0.078684
0.417928
0.155288
0.50617
0.783293
0.315516
0.291284
0.61654
0.145102
0.258076
0.717296
0.020046
0.760907
0.058655
0.296767
0.926316
0.283218
0.564272
0.377819
0.544718
0.892585
0.135924
0.239696
0.377539
0.698461
0.997039
0.210273
0.489933
0.697445
0.257663
0.554366
0.764049
0.005908
0.136206
0.688993
0.1037
0.505273
0.515981
0.027455
0.919451
0.146671
0.332568
0.867464
0.504262
0.469384
0.191141
0.025917
0.768441
0.233139
0.879063
0.600254
0.208324
0.479286
0.786106
0.986152
0.190953
0.698095
0.028018
0.167107
0.999956
0.656184
0.067628
0.872172
0.913428
0.213987
0.201993
0.351612
0.095512
0.389118
0.458615
0.108626
0.705958
0.941216
0.194168
0.607276
0.278432
0.948286
0.209338
0.171079
0.299003
0.02136
0.00684
0.037938
0.091421
0.206179
0.726617
0.189313
0.463526
0.826611
0.717796
0.070592
0.973194
0.490731
0.596378
0.719416
0.033421
0.880162
0.367848
0.565996
0.477041
0.903156
0.340465
0.885807
0.870636
0.203855
0.800861
0.511115
0.509476
0.051712
0.817064
0.088394
0.376301
0.733618
0.747635
0.426899
0.880756
0.615152
0.485062
0.097725
0.650302
0.586469
0.520925
0.594981
0.085651
0.725514
0.525598
0.668173
0.935991
0.860812
0.038933
0.785083
0.808632
0.570974
0.560514
0.853108
0.889791
0.390699
0.745845
0.056144
0.27767
0.307479
0.336215
0.203137
0.76436
0.382499
0.83092
0.310096
0.613782
0.124685
0.333557
0.214733
0.280678
0.714985
0.239752
0.07754
0.487677
0.562887
0.134466
0.624348
0.693201
0.999659
0.579401
0.071659
0.375111
0.292307
0.929079
0.060687
0.411172
0.179176
0.872658
0.275485
0.609887
0.856211
0.930728
0.336065
0.661156
0.219414
0.141167
0.671061
0.742726
0.410171
0.902525
0.94917
0.964056
0.173005
0.880487
0.729418
0.736662
0.45995
0.236935
0.014437
0.209245
0.508205
0.908613
0.325455
0.411254
0.018425
0.103064
0.416371
0.441625
0.730984
0.593839
0.109965
0.679079
0.121834
0.867676
0.847881
0.708967
0.990646
0.899258
0.463822
0.546636
0.16334
0.755104
0.065012
0.976246
0.226044
0.649765
0.815514
0.260975
0.045452
0.087977
0.561031
0.145795
0.711182
0.917997
0.572312
0.527678
0.864065
0.947117
0.099804
0.877646
0.781815
0.529857
0.576275
0.918438
0.43129
0.742811
0.893338
0.23306
0.535983
0.527062
0.521115
0.300324
0.111985
0.968216
0.459181
0.13216
0.110191
0.457707
0.797287
0.989306
0.389015
0.747786
0.952165
0.775265
0.442643
0.835805
0.670719
0.384371
0.454313
0.668912
0.859751
0.762685
0.137926
0.894767
0.053925
0.804779
0.002368
0.208579
0.784808
0.853928
0.266539
0.418255
0.070888
0.135322
0.94755
0.018978
0.032436
0.162782
0.384784
0.469069
0.542669
0.60232
0.415598
0.980066
0.45233
0.129257
0.186414
0.139434
0.125163
0.652744
0.677715
0.026882
0.348186
0.167762
0.763605
0.297285
0.105762
0.82966
0.958093
0.961501
0.800118
0.27922
0.480003
0.526131
0.833944
0.529519
0.701716
0.383517
0.008855
0.177895
0.383091
0.550272
0.248261
0.563485
0.238241
0.19847
0.861952
0.232259
0.790682
0.185153
0.709227
0.972539
0.856845
0.704986
0.268206
0.708936
0.272897
0.308495
0.811568
0.231004
0.856542
0.767523
0.412753
0.063197
0.146784
0.132361
0.913825
0.765803
0.624361
0.338467
0.980493
0.521626
0.556351
0.66885
0.363611
0.240304
0.843199
0.660377
0.578731
0.270013
0.289698
0.470859
0.567122
0.864491
0.4942
0.910023
0.994642
0.238752
0.834916
0.294319
0.126282
0.535283
0.563509
0.402614
0.08598
0.120449
0.254998
0.284922
0.836295
0.455984
0.004852
0.117608
0.339413
0.651439
0.96851
0.503574
0.930213
0.323142
0.170963
0.783815
0.736518
0.727069
0.750326
0.706647
0.226739
0.292359
0.337659
0.260267
0.135467
0.908479
0.341987
0.603071
0.37015
0.838976
0.066634
0.77458
0.136351
0.853382
0.402407
0.317821
0.368848
0.444402
0.001769
0.758023
0.21088
0.690947
0.167091
0.673633
0.192891
0.053214
0.209291
0.623048
0.683626
0.555798
0.854624
0.227866
0.895516
0.346474
0.391637
0.612993
0.420565
0.476546
0.646245
0.201085
0.063078
0.1637
0.679804
0.597358
0.469145
0.59576
0.511551
0.857495
0.546017
0.882073
0.782998
0.629497
0.659706
0.713714
0.234217
0.797225
0.878392
0.633504
0.844023
0.257173
0.992895
0.862826
0.779433
0.250508
0.660732
0.615549
0.683103
0.221818
0.728321
0.588954
0.182676
0.751957
0.315588
0.251656
0.061588
0.166129
0.477718
0.283464
0.781657
0.318349
0.131458
0.41114
0.967728
0.886062
0.064074
0.724509
0.058634
0.979594
0.394679
0.489241
0.504952
0.224979
0.932585
0.49995
0.166977
0.944185
0.65018
0.884207
0.428084
0.971801
0.767124
0.675536
0.306377
0.434093
0.006758
0.235556
0.534289
0.743889
0.876714
0.006198
0.966391
0.592473
0.102033
0.03616
0.358552
0.974342
0.023195
0.484406
0.928348
0.135311
0.120237
0.854452
0.590759
0.593014
0.332206
0.690675
0.426545
0.013826
0.696982
0.155282
0.315977
0.781038
0.146983
0.919984
0.033857
0.867665
0.957366
0.722987
0.494743
0.303871
0.067786
0.179695
0.529048
0.121409
0.208418
0.580335
0.838228
0.528201
0.39696
0.068797
0.607308
0.979687
0.319618
0.498403
0.14804
0.588373
0.75835
0.622855
0.421847
0.550967
0.106005
0.589961
0.946354
0.903309
0.504679
0.72529
0.496826
0.675755
0.771063
0.739394
0.232297
0.951921
0.403597
0.747782
0.094229
0.124225
0.0437
0.237578
0.95319
0.522867
0.457892
0.76882
0.276981
0.54947
0.600331
0.838554
0.326724
0.485675
0.368491
0.996474
0.913074
0.628537
0.152358
0.877931
0.702597
0.053942
0.900092
0.870976
0.889005
0.335254
0.409461
0.220804
0.84553
0.891557
0.572731
0.798894
0.978764
0.386638
0.653276
0.592703
0.243187
0.195302
0.104992
0.839736
0.198519
0.178324
0.302525
0.547306
0.58275
0.297109
0.116725
0.410328
0.207358
0.638978
0.563377
0.702085
0.297381
0.936465
0.797998
0.168568
0.09949
0.89505
0.688758
0.498669
0.51781
0.060743
0.612787
0.88446
0.640073
0.916239
0.970116
0.297196
0.373272
0.905652
0.264373
0.443876
0.300098
0.494427
0.420383
0.068681
0.017111
0.499316
0.469428
0.093704
0.594396
0.585047
0.916702
0.241629
0.508266
0.992419
0.512598
0.22955
0.895145
0.792355
0.696225
0.515361
0.123682
0.410425
0.803466
0.626833
0.038857
0.203567
0.194589
0.75856
0.658883
0.757211
0.180403
0.191799
0.960048
0.284352
0.197164
0.192171
0.252391
0.12574
0.672676
0.48507
0.779475
0.145365
0.537855
0.774272
0.072847
0.289507
0.420912
0.765005
0.189451
0.078581
0.711898
0.416984
0.894281
0.708115
0.527727
0.416852
0.590865
0.330923
0.577262
0.19275
0.65909
0.853876
0.412538
0.041317
0.531521
0.584676
0.488618
0.942516
0.961925
0.057363
0.368915
0.992461
0.202739
0.949941
0.740967
0.314251
0.105248
0.577203
0.506073
0.58267
0.627574
0.187476
0.837421
0.088411
0.536744
0.466374
0.496715
0.152359
0.136166
0.24525
0.38678
0.985094
0.684836
0.583445
0.147803
0.951898
0.148712
0.506202
0.299502
0.305225
0.301097
0.953898
0.031074
0.988094
0.958822
0.352683
0.076297
0.372402
0.398264
0.780839
0.607604
0.278074
0.392528
0.526427
0.403782
0.344059
0.345959
0.696471
0.076959
0.918015
0.002867
0.525731
0.319211
0.70188
0.619423
0.427917
0.700395
0.801193
0.779798
0.982465
0.979143
0.71252
0.282893
0.923588
0.347466
0.36977
0.075094
0.573924
0.001033
0.155493
0.817259
0.528511
0.609793
0.939874
0.684452
0.912319
0.558859
0.32176
0.556379
0.223058
0.849888
0.683614
0.452116
0.100816
0.435929
0.478337
0.234739
0.577069
0.96218
0.407722
0.4658
0.95837
0.058754
0.583998
0.268588
0.228212
0.028173
0.67689
0.824694
0.293991
0.723383
0.713346
0.502775
0.379174
0.225788
0.947273
0.895204
0.293149
0.228647
0.606842
0.144609
0.21408
0.228989
0.081073
0.075733
0.888662
0.499005
0.483844
0.662125
0.00756
0.874817
0.51487
0.83152
0.993851
0.516256
0.386119
0.344759
0.205687
0.326443
0.281412
0.151004
0.640297
0.956346
0.982836
0.366759
0.203885
0.255599
0.813981
0.980545
0.881156
0.941318
0.410424
0.434567
0.452609
0.077303
0.678309
0.814627
0.590851
0.190589
0.090682
0.17428
0.194439
0.535697
0.113945
0.340665
0.324758
0.447179
0.523831
0.027222
0.622256
0.91012
0.059371
0.890341
0.560718
0.076472
0.254668
0.718708
0.450893
0.543597
0.662737
0.873442
0.215332
0.894065
0.071192
0.625746
0.4789
0.283171
0.95422
0.603948
0.529509
0.923279
0.475723
0.095487
0.777769
0.700626
0.552194
0.591938
0.660234
0.551346
0.921702
0.795394
0.018064
0.334931
0.037187
0.765169
0.658044
0.135872
0.205397
0.8576
0.452165
0.665458
0.9831
0.01364
0.065792
0.343231
0.046245
0.522159
0.860162
0.537805
0.565334
0.153607
0.688001
0.382683
0.123199
0.872747
0.048106
0.801055
0.856876
0.082629
0.08107
0.961515
0.883207
0.272446
0.38499
0.777383
0.256669
0.911721
0.843491
0.608219
0.36094
0.328564
0.83497
0.641162
0.616806
0.53707
0.336867
0.237224
0.894381
0.63702
0.3258
0.674061
0.20243
0.844427
0.308949
0.644804
0.881277
0.121927
0.77007
0.14275
0.869066
0.559708
0.981158
0.509617
0.022732
0.493828
0.100054
0.278234
0.881709
0.827216
0.477375
0.758417
0.124743
0.2646
0.575469
0.196888
0.974228
0.676498
0.706864
0.567355
0.536712
0.686239
0.911331
0.765656
0.825216
0.515444
0.522721
0.290709
0.777464
0.721002
0.818853
0.752263
0.386364
0.911329
0.431703
0.768215
0.557908
0.188703
0.265878
0.652546
0.287255
0.821332
0.509028
0.732378
0.122705
0.915841
0.417363
0.965266
0.536536
0.033525
0.211721
0.47089
0.807857
0.50417
0.737482
0.130598
0.022326
0.255644
0.429796
0.047511
0.097808
0.628663
0.568272
0.756598
0.260836
0.150868
0.985449
0.485842
0.092748
0.550486
0.662538
0.931516
0.35617
0.518919
0.035374
0.604265
0.27832
0.437034
0.440072
0.786539
0.85591
0.370583
0.109164
0.665911
0.886216
0.273889
0.783003
0.859844
0.770121
0.823525
0.83086
0.84696
0.489331
0.426432
0.474176
0.673904
0.608228
0.258746
0.402889
0.4898
0.400879
0.518922
0.183326
0.779075
0.812216
0.381928
0.981057
0.766781
0.991026
0.599846
0.346179
0.340301
0.133485
0.851655
0.211341
0.594747
0.482924
0.971892
0.10777
0.565126
0.829701
0.568761
0.048531
0.834336
0.083947
0.113901
0.901265
0.925815
0.140917
0.600482
0.703437
0.563864
0.253202
0.452917
0.119407
0.935216
0.444672
0.2166
0.169986
0.081043
0.789733
0.40139
0.8906
0.933369
0.310722
0.472657
0.229292
0.990178
0.129481
0.41925
0.255282
0.09519
0.331195
0.691674
0.896769
0.389619
0.950964
0.25191
0.284502
0.229313
0.502115
0.803683
0.693245
0.887982
0.047323
0.947815
0.832208
0.921702
0.497602
0.340783
0.09927
0.309791
0.327228
0.232553
0.237676
0.482257
0.46684
0.250384
0.34611
0.760059
0.289642
0.577045
0.317842
0.93459
0.172964
0.782544
0.507512
0.637699
0.68221
0.162593
0.173316
0.007034
0.748675
0.740076
0.730562
0.539125
0.157462
0.244892
0.875142
0.282966
0.491259
0.886368
0.335247
0.203411
0.930298
0.237635
0.889921
0.367217
0.951457
0.632667
0.330278
0.407491
0.056879
0.14446
0.311919
0.568251
0.936465
0.623325
0.834357
0.316693
0.154493
0.323125
0.637466
0.000185
0.484061
0.269405
0.662972
0.08431
0.201234
0.966911
0.931894
0.444379
0.236841
0.207176
0.555733
0.235256
0.920994
0.588554
0.670483
0.526249
0.82257
0.625765
0.18819
0.10469
0.131825
0.40497
0.978077
0.967953
0.830249
0.365061
0.365887
0.542191
0.713042
0.758759
0.067118
0.206143
0.531097
0.099983
0.415866
0.550909
0.929224
0.427061
0.275569
0.055517
0.972846
0.172262
0.80245
0.782444
0.336273
0.904204
0.29965
0.868241
0.07315
0.080985
0.847667
0.811348
0.815093
0.703909
0.330842
0.867026
0.826195
0.673765
0.172711
0.545711
0.964291
0.153043
0.559653
0.240993
0.988343
0.110218
0.148137
0.268433
0.350231
0.210925
0.726215
0.802721
0.842355
0.571246
0.161209
0.518041
0.842675
0.08762
0.823793
0.698944
0.978073
0.073142
0.01212
0.556915
0.683054
0.26591
0.71569
0.692684
0.840324
0.20803
0.031302
0.583477
0.255136
0.824738
0.435975
0.432533
0.882885
0.592663
0.872487
0.702342
0.339333
0.612416
0.576424
0.042516
0.897761
0.12893
0.98776
0.364797
0.438465
0.851668
0.529185
0.744707
0.23336
0.439545
0.833622
0.218961
0.133558
0.936984
0.07001
0.68753
0.443828
0.407297
0.217941
0.985626
0.577896
0.931681
0.368142
0.148339
0.827734
0.716071
0.554936
0.704186
0.645269
0.601828
0.050433
0.940672
0.371191
0.193561
0.226076
0.522619
0.456735
0.646862
0.605901
0.513642
0.009022
0.126347
0.630331
0.715878
0.05854
0.882554
0.738641
0.970901
0.58821
0.813039
0.890106
0.852016
0.703521
0.571586
0.4515
0.404712
0.241593
0.888067
0.724052
0.040812
0.378141
0.115494
0.100956
0.350696
0.623093
0.47762
0.210875
0.921192
0.831107
0.572115
0.688683
0.260163
0.684403
0.672617
0.533005
0.367024
0.771396
0.884696
0.800526
0.382037
0.997359
0.496182
0.08002
0.582368
0.166073
0.597147
0.975481
0.474655
0.795105
0.904868
0.877412
0.807135
0.867187
0.87239
0.151682
0.752602
0.502112
0.164416
0.257463
0.939668
0.374922
0.925119
0.627126
0.040559
0.373505
0.08079
0.120467
0.246084
0.259604
0.888008
0.458228
0.63028
0.451634
0.00065
0.502213
0.354635
0.445866
0.728256
0.129819
0.793142
0.091463
0.398636
0.103992
0.05425
0.400666
0.08921
0.149899
0.921016
0.129805
0.502488
0.235073
0.751166
0.979231
0.228207
0.695768
0.75442
0.160777
0.316945
0.378252
0.589823
0.09686
0.620263
0.276161
0.553212
0.735692
0.240891
0.648715
0.214747
0.834967
0.247012
0.000647
0.185078
0.361296
0.368527
0.448051
0.727711
0.901745
0.4362
0.977799
0.048833
0.088125
0.344813
0.760235
0.506037
0.096755
0.452102
0.638099
0.478686
0.76016
0.192312
0.738363
0.757941
0.15282
0.511316
0.626977
0.669816
0.410057
0.380027
0.65776
0.893972
0.748348
0.811108
0.860161
0.450077
0.385554
0.831614
0.212242
0.604793
0.95112
0.636566
0.636718
0.415832
0.957518
0.124181
0.470732
0.387429
0.635392
0.112093
0.677452
0.000767
0.960976
0.579698
0.537296
0.787246
0.2748
0.336767
0.7995
0.847054
0.416912
0.766478
0.915558
0.561579
0.337385
0.203657
0.657254
0.520163
0.109335
0.526155
0.338721
0.886409
0.58802
0.655195
0.470497
0.554128
0.10749
0.207868
0.991198
0.685308
0.645246
0.501083
0.770557
0.090092
0.953917
0.838508
0.250472
0.783423
0.219042
0.571795
0.334378
0.962695
0.872981
0.054249
0.996145
0.804641
0.13514
0.156025
0.571597
0.943929
0.863312
0.376529
0.057724
0.480392
0.987857
0.60681
0.120886
0.415251
0.868722
0.718001
0.944221
0.817305
0.042823
0.280199
0.81888
0.298695
0.208291
0.933007
0.423119
0.051912
0.803281
0.548313
0.032151
0.005554
0.733053
0.828312
0.336724
0.164569
0.738555
0.704009
0.097332
0.802354
0.551958
0.534384
0.20134
0.977682
0.375216
0.987275
0.697159
0.68608
0.953343
0.784557
0.853796
0.47788
0.688425
0.073215
0.53424
0.077816
0.962801
0.925424
0.229077
0.565447
0.54849
0.006457
0.286533
0.519258
0.223274
0.174161
0.632052
0.390801
0.71177
0.890528
0.189011
0.775122
0.43382
0.437985
0.823073
0.553922
0.046089
0.87852
0.527717
0.506434
0.450814
0.662608
0.275449
0.462555
0.876441
0.529308
0.732777
0.758286
0.287251
0.751816
0.638172
0.65996
0.181346
0.91357
0.156017
0.887203
0.345423
0.015301
0.673718
0.106461
0.276779
0.907986
0.352938
0.662982
0.211294
0.013323
0.595196
0.885968
0.591552
0.094364
0.195419
0.559767
0.931869
0.634963
0.544606
0.307721
0.140502
0.223218
0.469186
0.369779
0.033197
0.502934
0.385186
0.69817
0.172312
0.647562
0.740599
0.29406
0.712272
0.969804
0.878518
0.784523
0.80398
0.130965
0.172426
0.445449
0.959655
0.2789
0.236123
0.093597
0.241004
0.475151
0.276331
0.860896
0.919614
0.641618
0.592773
0.099246
0.526572
0.936936
0.645886
0.786777
0.86535
0.85719
0.116052
0.97109
0.81488
0.068893
0.062574
0.980687
0.94082
0.982639
0.797187
0.58973
0.627603
0.385677
0.932361
0.968878
0.389982
0.597662
0.70339
0.459507
0.288704
0.778277
0.743648
0.307267
0.457441
0.086298
0.222018
0.680846
0.471382
0.197325
0.475736
0.724206
0.274595
0.870889
0.145799
0.18968
0.328994
0.957846
0.146664
0.866542
0.498994
0.617135
0.284598
0.462429
0.095067
0.87602
0.29589
0.427926
0.84323
0.784064
0.445225
0.260624
0.743147
0.017459
0.972022
0.702194
0.991203
0.710863
0.603192
0.655377
0.613001
0.897536
0.847704
0.177083
0.998526
0.903231
0.542462
0.542206
0.421594
0.93379
0.349433
0.421451
0.535011
0.4378
0.578543
0.135281
0.531
0.185946
0.782901
0.921258
0.877271
0.213347
0.333014
0.469852
0.648046
0.373543
0.220729
0.812277
0.535993
0.221067
0.851481
0.706662
0.765524
0.513805
0.81519
0.058712
0.877534
0.593233
0.446385
0.046181
0.238506
0.535178
0.445777
0.918905
0.429828
0.673211
0.621111
0.634345
0.836757
0.797277
0.031347
0.825044
0.094521
0.726745
0.462047
0.330016
0.266642
0.453646
0.940896
0.183163
0.3539
0.563806
0.350116
0.499613
0.755905
0.084359
0.163922
0.385352
0.036813
0.72397
0.161962
0.997873
0.278515
0.320463
0.733419
0.295217
0.870187
0.813116
0.983993
0.805983
0.518638
0.701138
0.78051
0.770447
0.03589
0.050894
0.152854
0.623515
0.184491
0.957683
0.060822
0.257295
0.300158
0.300025
0.462006
0.351641
0.04593
0.865056
0.193692
0.159305
0.390771
0.152808
0.3497
0.434508
0.470978
0.179257
0.367494
0.024627
0.724146
0.376441
0.262044
0.936149
0.0997
0.687384
0.954969
0.139909
0.143785
0.255395
0.752056
0.977684
0.459771
0.457239
0.944848
0.974976
0.01618
0.072747
0.885248
0.476325
0.750882
0.666573
0.274134
0.803159
0.22088
0.125825
0.085251
0.920357
0.306659
0.433004
0.980119
0.624896
0.423325
0.471726
0.152744
0.423507
0.121146
0.616468
0.659276
0.606945
0.832738
0.828525
0.716869
0.039782
0.926746
0.089131
0.313539
0.846085
0.817489
0.326987
0.753262
0.654758
0.976937
0.548175
0.380103
0.25819
0.94453
0.744646
0.587448
0.703371
0.498794
0.605882
0.445407
0.952844
0.802409
0.006634
0.697061
0.265243
0.959932
0.535073
0.739529
0.945732
0.580693
0.894499
0.376207
0.450289
0.644738
0.594277
0.52429
0.621371
0.256506
0.306308
0.602991
0.518444
0.252683
0.191999
0.654486
0.958852
0.533375
0.536662
0.060803
0.439727
0.721124
0.936633
0.480041
0.798342
0.636302
0.021409
0.494553
0.94236
0.370732
0.638292
0.19833
0.022148
0.791642
0.52244
0.992074
0.354566
0.808298
0.144641
0.633449
0.385753
0.631773
0.10759
0.459167
0.086261
0.096799
0.798816
0.403125
0.932544
0.860911
0.003557
0.982727
0.417003
0.580386
0.128097
0.856963
0.593136
0.464502
0.762622
0.391669
0.496504
0.842665
0.605424
0.254991
0.188465
0.185659
0.357991
0.858708
0.023425
0.740522
0.661602
0.834123
0.184617
0.662949
0.749605
0.92464
0.844925
0.09791
0.265938
0.842721
0.561247
0.85028
0.751085
0.439773
0.320532
0.16018
0.622078
0.911991
0.688816
0.70272
0.620778
0.669614
0.845397
0.671129
0.459043
0.798618
0.697607
0.4833
0.987045
0.949452
0.640219
0.949336
0.827962
0.575902
0.049364
0.090856
0.779214
0.715586
0.45985
0.728858
0.924793
0.036717
0.993456
0.186329
0.366677
0.183547
0.901454
0.177982
0.96938
0.927793
0.418675
0.56844
0.117147
0.892172
0.229318
0.166189
0.531526
0.741494
0.06668
0.801983
0.76902
0.485053
0.042388
0.507132
0.731243
0.33373
0.516452
0.101597
0.34981
0.074812
0.492091
0.378154
0.208188
0.890649
0.30244
0.151864
0.644176
0.397086
0.993181
0.617023
0.532976
0.257331
0.173654
0.673479
0.323738
0.010774
0.209727
0.881529
0.715862
0.282697
0.375244
0.39052
0.187385
0.475224
0.118683
0.126017
0.160354
0.373302
0.197485
0.060279
0.14647
0.208774
0.698683
0.755762
0.970905
0.105114
0.400922
0.29992
0.26506
0.084527
0.537422
0.523167
0.926518
0.788589
0.861132
0.914871
0.697318
0.07606
0.527141
0.927852
0.806438
0.927449
0.667953
0.251001
0.177267
0.205019
0.201178
0.968261
0.976062
0.504222
0.754212
0.052482
0.507261
0.15109
0.721646
0.661113
0.573436
0.779597
0.783943
0.407018
0.685425
0.126671
0.501521
0.152578
0.020762
0.809661
0.264205
0.334806
0.551367
0.024738
0.628423
0.928404
0.056292
0.853341
0.373044
0.872052
0.259783
0.895864
0.60798
0.909281
0.240041
0.466668
0.456739
0.113905
0.683061
0.221152
0.244676
0.018287
0.691929
0.936019
0.566509
0.99757
0.840901
0.229882
0.557453
0.028292
0.241586
0.368626
0.513743
0.084045
0.586999
0.958438
0.67704
0.317197
0.62852
0.883686
0.618145
0.439324
0.780648
0.255948
0.942336
0.895925
0.789895
0.091742
0.52785
0.445384
0.464506
0.641023
0.271672
0.141224
0.877154
0.184317
0.002355
0.296789
0.763216
0.103119
0.366956
0.238464
0.515905
0.366471
0.428998
0.75658
0.368204
0.692601
0.54253
0.785255
0.335611
0.227342
0.870462
0.124673
0.101237
0.13267
0.371272
0.762512
0.278956
0.197189
0.495725
0.144807
0.549523
0.834661
0.425993
0.192469
0.716157
0.884742
0.043973
0.713617
0.194673
0.76394
0.300913
0.786795
0.928307
0.71405
0.507943
0.8394
0.775581
0.561495
0.05866
0.088781
0.637429
0.680395
0.39087
0.372362
0.858008
0.076345
0.780231
0.972914
0.638045
0.828996
0.621491
0.02567
0.442665
0.579997
0.572004
0.345661
0.104691
0.896066
0.513018
0.132463
0.339655
0.672861
0.429591
0.985228
0.332317
0.472095
0.526145
0.774645
0.062072
0.318806
0.555789
0.365748
0.305228
0.602974
0.949032
0.071887
0.310658
0.722932
0.453129
0.974389
0.558013
0.388797
0.666392
0.967061
0.827618
0.572116
0.28118
0.425193
0.799359
0.379156
0.305333
0.229393
0.005818
0.093598
0.738285
0.32596
0.284051
0.303338
0.922066
0.214335
0.606269
0.356241
0.63962
0.393443
0.987318
0.336307
0.113197
0.271007
0.288535
0.669405
0.892492
0.818878
0.714177
0.936963
0.725741
0.486618
0.697427
0.107813
0.215558
0.486789
0.246024
0.076348
0.459097
0.424443
0.049627
0.467057
0.375294
0.94626
0.829008
0.730924
0.618769
0.699835
0.498833
0.874089
0.570224
0.319816
0.626487
0.165511
0.74043
0.553079
0.738149
0.935777
0.539462
0.915521
0.412847
0.978461
0.515186
0.295318
0.811721
0.859744
0.987398
0.31549
0.689197
0.787216
0.000683
0.802051
0.994567
0.543329
0.279613
0.488192
0.86772
0.056876
0.258161
0.494395
0.552935
0.213155
0.43465
0.450224
0.090284
0.006686
0.330171
0.813546
0.73535
0.963979
0.381748
0.24374
0.42208
0.888386
0.686063
0.384174
0.788207
0.694805
0.37267
0.985085
0.749978
0.427565
0.315785
0.010091
0.705684
0.278207
0.936785
0.42019
0.831419
0.141616
0.77275
0.711831
0.535112
0.64977
0.553677
0.049196
0.456505
0.481704
0.699851
0.339979
0.150131
0.685481
0.313221
0.151652
0.515007
0.383417
0.484835
0.714224
0.076961
0.746222
0.732795
0.236275
0.480964
0.051228
0.500693
0.235862
0.526053
0.842195
0.460048
0.687028
0.11994
0.586385
0.246691
0.067677
0.62498
0.503731
0.330669
0.936643
0.691729
0.142115
0.38663
0.14446
0.523787
0.725706
0.378783
0.69525
0.915818
0.795431
0.542687
0.726365
0.595161
0.250834
0.418026
0.970478
0.374842
0.845731
0.866058
0.061621
0.801711
0.875845
0.633715
0.766809
0.54102
0.432857
0.569679
0.505792
0.344352
0.07921
0.955168
0.816488
0.94808
0.847472
0.586107
0.391513
0.473636
0.188171
0.524814
0.992558
0.709579
0.702524
0.71523
0.353382
0.924893
0.30883
0.255755
0.337613
0.446501
0.390406
0.262136
0.980081
0.754611
0.314465
0.240886
0.677688
0.49397
0.951093
0.746463
0.273314
0.333814
0.382546
0.66887
0.669273
0.101606
0.089671
0.375218
0.47986
0.609815
0.004003
0.417312
0.421761
0.309118
0.33059
0.959901
0.0034
0.568226
0.117897
0.313442
0.916164
0.21798
0.17249
0.271976
0.726255
0.322791
0.102727
0.827003
0.127884
0.936697
0.297941
0.463628
0.819418
0.130278
0.694554
0.979793
0.521063
0.905594
0.787112
0.992564
0.877651
0.488463
0.238956
0.716609
0.435534
0.916748
0.01222
0.006374
0.081841
0.011556
0.33979
0.180392
0.408483
0.385168
0.805707
0.606244
0.098275
0.989299
0.030541
0.268111
0.615581
0.225718
0.22379
0.948205
0.582322
0.913889
0.344803
0.168723
0.133734
0.160128
0.834579
0.933339
0.285011
0.60205
0.620101
0.599246
0.059103
0.894641
0.310445
0.378862
0.657001
0.702446
0.512521
0.521047
0.578238
0.777299
0.430265
0.534551
0.075835
0.776116
0.215513
0.798154
0.352735
0.371621
0.344621
0.742423
0.702066
0.438637
0.264103
0.573969
0.892454
0.597602
0.051532
0.876953
0.984471
0.678128
0.056827
0.971551
0.712853
0.770579
0.784697
0.838984
0.722176
0.184219
0.520667
0.568233
0.096421
0.342166
0.377515
0.897477
0.464865
0.434013
0.302762
0.324778
0.870226
0.956793
0.845439
0.324967
0.858724
0.2685
0.152294
0.127405
0.109819
0.843844
0.270257
0.063685
0.376356
0.531853
0.007071
0.762658
0.836925
0.981966
0.49565
0.893238
0.848308
0.169085
0.224107
0.291364
0.447003
0.438348
0.661175
0.365877
0.698351
0.696266
0.221684
0.124787
0.450738
0.964621
0.266276
0.451029
0.331162
0.731929
0.72892
0.61909
0.2127
0.431667
0.860551
0.050594
0.502865
0.540594
0.559836
0.641722
0.682486
0.0759
0.312263
0.710715
0.474093
0.856386
0.387872
0.489788
0.952315
0.514323
0.695768
0.039923
0.565609
0.692396
0.527939
0.577912
0.02975
0.844308
0.478211
0.066909
0.405215
0.245651
0.948274
0.786895
0.460057
0.653079
0.679597
0.563916
0.285412
0.137151
0.132686
0.166694
0.44823
0.149555
0.444895
0.946271
0.252026
0.140511
0.728854
0.632188
0.546813
0.882296
0.321936
0.643852
0.700174
0.677694
0.523798
0.584656
0.810262
0.701368
0.771169
0.279492
0.00277
0.029853
0.890385
0.258787
0.753086
0.297725
0.07105
0.621842
0.832354
0.407236
0.302238
0.653882
0.374086
0.838948
0.28805
0.199576
0.575783
0.887208
0.52914
0.989214
0.852054
0.954273
0.609278
0.186729
0.9612
0.01283
0.889496
0.808066
0.414244
0.424334
0.348331
0.563301
0.863465
0.31301
0.686933
0.960808
0.355195
0.367527
0.447837
0.29075
0.795878
0.084068
0.984834
0.185203
0.769938
0.297384
0.351115
0.110261
0.783896
0.491487
0.321265
0.937688
0.392998
0.944126
0.857983
0.2396
0.923574
0.908567
0.756538
0.830739
0.485647
0.568539
0.655261
0.125671
0.69394
0.829657
0.142203
0.479498
0.954836
0.604915
0.610808
0.985137
0.230785
0.119738
0.351287
0.685433
0.266418
0.022671
0.753366
0.39874
0.576287
0.207311
0.149061
0.567033
0.532587
0.961957
0.019167
0.719277
0.781161
0.343063
0.991855
0.758229
0.038475
0.277475
0.024912
0.34748
0.043285
0.984446
0.031881
0.326901
0.275785
0.986182
0.698248
0.093108
0.519642
0.645692
0.705763
0.514881
0.871377
0.628259
0.168135
0.327098
0.890161
0.315033
0.267614
0.512017
0.74866
0.354127
0.987957
0.274231
0.267399
0.514992
0.926681
0.844604
0.101911
0.687733
0.447213
0.574796
0.310649
0.352174
0.457747
0.451168
0.678517
0.177505
0.42943
0.572022
0.874336
0.365688
0.791759
0.410829
0.530884
0.674418
0.988834
0.673784
0.373224
0.850721
0.975556
0.555713
0.982811
0.896282
0.649233
0.010308
0.283913
0.93481
0.77832
0.491826
0.165888
0.368272
0.43684
0.072992
0.343298
0.109243
0.421598
0.770141
0.51039
0.98499
0.942
0.11958
0.41124
0.779307
0.30088
0.826175
0.246749
0.880736
0.68547
0.80419
0.473023
0.599976
0.093034
0.632529
0.424136
0.223419
0.962107
0.060525
0.804012
0.64715
0.601198
0.773719
0.423822
0.326992
0.412969
0.704309
0.612368
0.659792
0.867646
0.99164
0.287731
0.98309
0.446515
0.810165
0.768005
0.627603
0.372927
0.931953
0.656167
0.332399
0.766784
0.400136
0.264739
0.904834
0.084067
0.714264
0.200705
0.503913
0.532949
0.772653
0.417637
0.702522
0.815009
0.826095
0.894882
0.063706
0.362493
0.505596
0.901146
0.059472
0.081362
0.556468
0.115244
0.354657
0.795276
0.087875
0.023654
0.181531
0.018408
0.510332
0.411704
0.718524
0.689147
0.599447
0.650684
0.747872
0.739869
0.237719
0.450184
0.806633
0.59268
0.856087
0.50958
0.52613
0.767842
0.839578
0.101601
0.122543
0.858794
0.100804
0.271421
0.79955
0.884383
0.767967
0.498611
0.760459
0.871286
0.283716
0.645364
0.544361
0.278186
0.347845
0.353497
0.029792
0.797011
0.982399
0.175394
0.650883
0.803955
0.499832
0.894738
0.92537
0.68755
0.055679
0.111323
0.571296
0.538761
0.590423
0.838646
0.841261
0.935787
0.452455
0.849972
0.064972
0.946927
0.151696
0.233046
0.054288
0.117361
0.460352
0.066727
0.951821
0.146734
0.449498
0.709308
0.289961
0.451325
0.442517
0.980861
0.269049
0.284262
0.579111
0.15718
0.846864
0.279731
0.975539
0.224725
0.80634
0.94906
0.238121
0.420924
0.397953
0.553628
0.70885
0.27706
0.566706
0.798832
0.043211
0.59003
0.702937
0.875189
0.422162
0.523548
0.243897
0.688537
0.791636
0.461657
0.575198
0.855201
0.786492
0.068165
0.223777
0.423413
0.683314
0.383258
0.875463
0.231902
0.713103
0.177832
0.657561
0.462156
0.544888
0.096111
0.629557
0.111189
0.914675
0.77686
0.233465
0.821288
0.087961
0.204386
0.867614
0.179396
0.242579
0.242967
0.880548
0.335044
0.663026
0.654305
0.47185
0.686275
0.665034
0.011033
0.002812
0.544494
0.182717
0.334484
0.554488
0.022912
0.212834
0.045877
0.720689
0.59289
0.540817
0.850525
0.855321
0.006539
0.886273
0.992939
0.81309
0.062687
0.334675
0.177818
0.799127
0.016351
0.886636
0.420505
0.914968
0.745321
0.311911
0.879155
0.969231
0.746184
0.663665
0.920948
0.038631
0.49186
0.292519
0.475583
0.22462
0.240747
0.344874
0.886455
0.21204
0.613945
0.847265
0.774564
0.118299
0.471505
0.53853
0.704842
0.4331
0.102495
0.856907
0.188563
0.959341
0.676239
0.651989
0.136066
0.22841
0.704472
0.865684
0.588135
0.278833
0.860855
0.112971
0.50589
0.698128
0.68663
0.26187
0.364845
0.231425
0.551684
0.755858
0.575947
0.294204
0.64487
0.083193
0.52161
0.347613
0.279658
0.783722
0.075273
0.360501
0.459424
0.765748
0.90325
0.544517
0.72215
0.402138
0.867432
0.782964
0.395793
0.564037
0.946171
0.061431
0.10746
0.997232
0.931562
0.580209
0.244246
0.821887
0.812863
0.550533
0.501859
0.741913
0.44644
0.793993
0.326472
0.341166
0.611261
0.250347
0.663312
0.49296
0.941317
0.994509
0.9972
0.043515
0.313441
0.149878
0.775287
0.857978
0.502545
0.257021
0.118786
0.286863
0.276556
0.05918
0.967471
0.434206
0.817843
0.045954
0.499307
0.101339
0.313556
0.808166
0.882772
0.006716
0.032483
0.051177
0.704684
0.893019
0.980309
0.453984
0.568971
0.376043
0.661901
0.049401
0.338195
0.832099
0.590474
0.127878
0.219178
0.954819
0.568434
0.065214
0.692331
0.550367
0.432319
0.477767
0.447744
0.325483
0.270059
0.314447
0.039252
0.177548
0.52651
0.713374
0.158615
0.471692
0.946615
0.88505
0.995401
0.596821
0.290019
0.325304
0.244849
0.308674
0.044464
0.791027
0.737829
0.273903
0.203725
0.79188
0.658342
0.019788
0.47004
0.199955
0.794242
0.501274
0.031079
0.09455
0.189548
0.023456
0.177962
0.23853
0.646685
0.121035
0.55397
0.644908
0.791566
0.243333
0.999753
0.035484
0.982507
0.555459
0.476476
0.274598
0.980505
0.329403
0.394249
0.468256
0.184916
0.908397
0.150263
0.108687
0.771623
0.14831
0.339766
0.251239
0.00257
0.69298
0.317587
0.570799
0.538397
0.355586
0.372866
0.850501
0.315092
0.369001
0.198823
0.51815
0.513955
0.184532
0.078003
0.240093
0.754405
0.747568
0.394973
0.420043
0.560754
0.639654
0.482522
0.163152
0.652337
0.200228
0.181332
0.594562
0.475806
0.537982
0.274351
0.860261
0.18712
0.746598
0.273249
0.978146
0.805088
0.211765
0.441624
0.317097
0.956915
0.666089
0.921088
0.575031
0.146917
0.556437
0.316109
0.267069
0.079606
0.973571
0.415288
0.343049
0.115977
0.021233
0.990512
0.361797
0.06916
0.791142
0.912734
0.535478
0.909721
0.322203
0.005269
0.096843
0.880531
0.179463
0.6478
0.466185
0.815185
0.898897
0.914329
0.443385
0.372879
0.822831
0.357911
0.683552
0.901438
0.178922
0.945496
0.04262
0.693911
0.382596
0.497004
0.931821
0.262436
0.205697
0.09627
0.002696
0.464459
0.302375
0.506972
0.767942
0.339613
0.707175
0.284484
0.524502
0.822528
0.972791
0.360772
0.88437
0.782296
0.002584
0.110687
0.464086
0.235236
0.809197
0.633334
0.535357
0.534834
0.277371
0.611057
0.294483
0.400509
0.653073
0.038727
0.510063
0.366983
0.669855
0.69848
0.879431
0.075769
0.950184
0.461415
0.279165
0.296671
0.71864
0.7074
0.55175
0.907896
0.538828
0.561457
0.383088
0.081994
0.495874
0.864184
0.368054
0.447072
0.566747
0.319981
0.710761
0.362084
0.855863
0.875144
0.0011
0.329348
0.815526
0.644453
0.962674
0.036151
0.36142
0.977632
0.104365
0.998857
0.270836
0.531329
0.232885
0.941964
0.222133
0.122222
0.43664
0.125546
0.142665
0.127012
0.652842
0.111997
0.871284
0.352096
0.998975
0.867449
0.325517
0.581596
0.594186
0.006495
0.670887
0.541505
0.097984
0.126523
0.850774
0.122026
0.163776
0.753149
0.839405
0.137835
0.706678
0.32398
0.709612
0.81366
0.396502
0.251811
0.142608
0.550301
0.592265
0.975459
0.126247
0.076039
0.028266
0.227288
0.461789
0.367544
0.007623
0.028521
0.341214
0.090287
0.426928
0.160031
0.90676
0.565281
0.761623
0.959441
0.477869
0.652659
0.76776
0.323878
0.512663
0.581091
0.805811
0.784444
0.214743
0.94841
0.014961
0.508676
0.240909
0.370305
0.169329
0.269922
0.744495
0.341657
0.544641
0.080498
0.364514
0.407551
0.702373
0.828225
0.077214
0.566788
0.897425
0.651395
0.631948
0.782448
0.860506
0.279256
0.107273
0.287013
0.575846
0.332608
0.935785
0.648148
0.483962
0.767082
0.962974
0.170163
0.061137
0.388908
0.444532
0.527795
0.980989
0.592881
0.581068
0.800642
0.725696
0.436216
0.138877
0.628692
0.277931
0.80182
0.9538
0.726915
0.687852
0.945699
0.626875
0.503931
0.805361
0.657981
0.690295
0.846179
0.715734
0.010465
0.22268
0.38827
0.330351
0.449102
0.069806
0.263826
0.779689
0.020879
0.360084
0.647629
0.949632
0.876942
0.765431
0.10407
0.955765
0.197769
0.695207
0.720933
0.746094
0.479683
0.95585
0.966062
0.849855
0.442064
0.399916
0.524053
0.966551
0.114911
0.679617
0.657736
0.543321
0.244575
0.284318
0.003063
0.402519
0.535874
0.240042
0.090572
0.205468
0.757599
0.672822
0.667657
0.485415
0.958623
0.693904
0.279863
0.249872
0.152579
0.810482
0.773986
0.47216
0.139638
0.032923
0.389732
0.517591
0.22941
0.636377
0.846552
0.183356
0.858524
0.585136
0.440719
0.897337
0.926883
0.370425
0.375878
0.572283
0.814971
0.028623
0.119603
0.387304
0.638325
0.101901
0.226669
0.508178
0.164496
0.149047
0.933121
0.704381
0.962313
0.154043
0.62927
0.889117
0.538834
0.888213
0.124515
0.363606
0.283075
0.765242
0.744541
0.18883
0.360815
0.136692
0.085965
0.804727
0.710081
0.909373
0.953626
0.756415
0.986626
0.447349
0.429232
0.511629
0.127038
0.876552
0.065276
0.452935
0.865088
0.421018
0.6496
0.395137
0.441775
0.619938
0.401257
0.62024
0.373737
0.250544
0.949859
0.164159
0.92606
0.696605
0.828392
0.777046
0.465099
0.24593
0.976232
0.098243
0.438512
0.104925
0.231493
0.931071
0.67782
0.34903
0.391663
0.971208
0.537774
0.025457
0.675516
0.533443
0.907085
0.860963
0.169602
0.62497
0.91933
0.059414
0.261086
0.80423
0.442284
0.463156
0.265464
0.805524
0.27019
0.089891
0.973984
0.848369
0.416569
0.19144
0.528359
0.359313
0.762044
0.042405
0.853345
0.358408
0.563246
0.34486
0.851382
0.524826
0.858635
0.011971
0.487282
0.258736
0.875348
0.50026
0.112722
0.805917
0.016205
0.918455
0.567984
0.430283
0.534159
0.168676
0.618815
0.898725
0.736955
0.715459
0.253964
0.448493
0.669694
0.886636
0.921878
0.492683
0.672709
0.277884
0.407927
0.319778
0.301513
0.165435
0.589935
0.643875
0.372919
0.221734
0.347791
0.889905
0.902365
0.658383
0.489871
0.563025
0.041306
0.117987
0.763127
0.050154
0.372543
0.658465
0.956756
0.80995
0.191722
0.195345
0.785161
0.470957
0.224846
0.930265
0.786798
0.445929
0.914426
0.550306
0.01544
0.498252
0.201108
0.754974
0.953937
0.709726
0.301592
0.824064
0.457795
0.810204
0.885543
0.899912
0.642512
0.789049
0.886779
0.613143
0.76798
0.710726
0.599762
0.192273
0.01039
0.74193
0.342151
0.34194
0.588612
0.142619
0.513903
0.459193
0.899531
0.435883
0.38456
0.017956
0.233804
0.444139
0.870624
0.713605
0.382063
0.794862
0.361707
0.471573
0.52972
0.095487
0.034825
0.764239
0.453345
0.619099
0.394971
0.810592
0.134957
0.172272
0.388809
0.891714
0.021338
0.557087
0.499761
0.260954
0.763389
0.113955
0.999023
0.52133
0.318304
0.042401
0.332198
0.175825
0.286311
0.498562
0.230959
0.955489
0.474739
0.188741
0.715432
0.853754
0.455874
0.930666
0.697961
0.920477
0.000771
0.008708
0.776086
0.333804
0.951976
0.152467
0.3278
0.757936
0.022261
0.828599
0.234295
0.368642
0.182649
0.705775
0.696367
0.450805
0.611887
0.186142
0.672953
0.802469
0.185527
0.287287
0.921088
0.846656
0.494761
0.520142
0.672894
0.856749
0.505283
0.146743
0.724373
0.95966
0.197571
0.876792
0.44919
0.200134
0.363855
0.818389
0.742409
0.493121
0.167504
0.55003
0.002289
0.379405
0.046922
0.776978
0.081189
0.74319
0.844032
0.42351
0.937486
0.157314
0.761208
0.890633
0.670788
0.53098
0.766837
0.640013
0.460337
0.985767
0.537978
0.928954
0.574016
0.537433
0.50216
0.518307
0.977907
0.242473
0.469351
0.621328
0.036321
0.397021
0.267931
0.236242
0.060726
0.903651
0.543786
0.437034
0.50027
0.874358
0.007534
0.611919
0.153312
0.694653
0.913847
0.973593
0.871614
0.362993
0.559611
0.756055
0.935589
0.087973
0.139064
0.362495
0.825253
0.269986
0.957014
0.848784
0.643383
0.822104
0.870926
0.085553
0.589413
0.349215
0.946567
0.960385
0.845285
0.720313
0.336903
0.792825
0.749562
0.106039
0.103394
0.094118
0.855862
0.314156
0.503477
0.191156
0.668278
0.243702
0.883383
0.453805
0.925887
0.23015
0.850802
0.149271
0.283065
0.856904
0.684566
0.557505
0.272996
0.406298
0.896108
0.406982
0.04719
0.362916
0.427583
0.478798
0.761104
0.17953
0.231421
0.076163
0.769016
0.871262
0.012131
0.800326
0.66313
0.531959
0.569242
0.75612
0.591632
0.150502
0.740854
0.593648
0.002993
0.401731
0.777711
0.794512
0.583067
0.019795
0.626244
0.582771
0.198661
0.072459
0.800504
0.192615
0.089665
0.650925
0.123169
0.664579
0.162067
0.552468
0.104601
0.461514
0.190456
0.952854
0.030071
0.914365
0.353735
0.464406
0.725893
0.63985
0.857024
0.857814
0.151104
0.199629
0.82719
0.073099
0.693441
0.685034
0.298169
0.207577
0.497096
0.34173
0.265168
0.457321
0.187364
0.914412
0.635143
0.388208
0.787261
0.446648
0.538697
0.592547
0.360369
0.976663
0.375956
0.417147
0.201283
0.425208
0.961831
0.604013
0.508599
0.085131
0.345849
0.661283
0.296119
0.094756
0.921806
0.89689
0.629676
0.853557
0.033433
0.899338
0.640159
0.207069
0.118311
0.666366
0.021111
0.809827
0.562504
0.512613
0.898356
0.046678
0.180902
0.587714
0.570784
0.351696
0.587384
0.796927
0.523609
0.241929
0.802459
0.564438
0.022861
0.144834
0.845752
0.887738
0.196348
0.566636
0.252434
0.907933
0.441938
0.356693
0.455038
0.95086
0.102659
0.864604
0.98138
0.646952
0.242766
0.643362
0.246554
0.42854
0.996495
0.882099
0.947571
0.120763
0.871557
0.10077
0.694298
0.52812
0.217339
0.69043
0.587789
0.191863
0.10973
0.99
0.767365
0.215308
0.977149
0.0014
0.724652
0.786465
0.843085
0.998147
0.502158
0.328709
0.565424
0.152812
0.964754
0.093147
0.528666
0.193983
0.243336
0.247453
0.62165
0.703312
0.15626
0.484977
0.982657
0.133151
0.760698
0.780891
0.835156
0.054951
0.466253
0.874206
0.133693
0.649343
0.199413
0.453022
0.887681
0.55056
0.855952
0.809258
0.399584
0.474558
0.79012
0.344443
0.210193
0.388315
0.196022
0.690953
0.710329
0.085092
0.643808
0.985327
0.038452
0.824239
0.897435
0.180992
0.998971
0.859357
0.524371
0.99142
0.228737
0.295405
0.891669
0.353551
0.721694
0.681798
0.666036
0.422118
0.193555
0.361411
0.222482
0.445054
0.579583
0.199592
0.016637
0.373498
0.839291
0.155536
0.352859
0.16286
0.862433
0.504935
0.171276
0.03999
0.847621
0.901068
0.217877
0.355109
0.962691
0.778922
0.266442
0.240531
0.039797
0.015218
0.998265
0.504847
0.555937
0.325427
0.349338
0.876476
0.522731
0.546326
0.925928
0.655216
0.734238
0.96632
0.077394
0.404828
0.153012
0.023781
0.98303
0.929186
0.334899
0.996123
0.428968
0.304916
0.528675
0.541934
0.234755
0.173165
0.074631
0.127756
0.529829
0.595599
0.98497
0.145881
0.102609
0.631892
0.624573
0.119732
0.676823
0.378497
0.374398
0.156112
0.411598
0.139097
0.830625
0.91049
0.670673
0.200276
0.058962
0.674558
0.102759
0.981238
0.192231
0.338286
0.20417
0.284876
0.021585
0.108321
0.376259
0.287326
0.533944
0.870336
0.376681
0.485617
0.942031
0.093319
0.39395
0.842191
0.887327
0.41225
0.096207
0.35339
0.16033
0.351953
0.149544
0.900263
0.370261
0.991281
0.735349
0.46245
0.531196
0.851954
0.628221
0.453492
0.061243
0.948329
0.736301
0.227123
0.912141
0.948292
0.522324
0.894544
0.939538
0.69745
0.76556
0.55691
0.633155
0.785523
0.621202
0.66985
0.022415
0.475501
0.209174
0.85502
0.494265
0.10661
0.750985
0.064882
0.221497
0.665394
0.760369
0.075305
0.510876
0.554798
0.97796
0.975152
0.73905
0.088492
0.56785
0.078582
0.438336
0.989146
0.617986
0.095372
0.64842
0.179501
0.912353
0.717302
0.58341
0.4961
0.895576
0.872405
0.090148
0.286142
0.720613
0.399004
0.873659
0.785553
0.904859
0.817867
0.7545
0.282589
0.725806
0.688666
0.813478
0.790258
0.400591
0.266842
0.281974
0.044148
0.014867
0.730523
0.992277
0.920536
0.082835
0.899747
0.047035
0.857847
0.499917
0.883941
0.937208
0.14056
0.780829
0.011416
0.464971
0.050391
0.999511
0.285496
0.423935
0.412296
0.048793
0.097236
0.43506
0.656893
0.510874
0.905372
0.858542
0.798811
0.52291
0.244924
0.799857
0.568787
0.500599
0.418742
0.252689
0.582944
0.409915
0.256294
0.088486
0.124323
0.543569
0.288742
0.328757
0.584969
0.971707
0.968033
0.315325
0.436991
0.577278
0.249594
0.436496
0.831925
0.373271
0.572437
0.951887
0.18487
0.396285
0.624351
0.368929
0.513959
0.510488
0.119423
0.270118
0.599469
0.145868
0.058459
0.161873
0.482217
0.752719
0.794724
0.863072
0.865669
0.103083
0.909007
0.707586
0.036963
0.704803
0.714257
0.60121
0.706752
0.465506
0.84198
0.790986
0.537537
0.670333
0.525637
0.754968
0.087448
0.86868
0.642808
0.412855
0.043021
0.760022
0.50934
0.549134
0.365201
0.896852
0.901589
0.843292
0.531305
0.84643
0.598401
0.668547
0.046505
0.919623
0.363452
0.69281
0.815961
0.873462
0.228919
0.780274
0.782815
0.485158
0.635081
0.113306
0.938009
0.51272
0.088178
0.79589
0.903295
0.267173
0.85482
0.867286
0.994683
0.046314
0.96622
0.749645
0.792314
0.880602
0.97635
0.712293
0.847872
0.020927
0.009954
0.247121
0.728385
0.489192
0.824594
0.372465
0.725255
0.627879
0.81233
0.386312
0.676601
0.122825
0.352101
0.405182
0.29119
0.741265
0.398764
0.19199
0.941995
0.037389
0.79544
0.921288
0.613969
0.692162
0.182364
0.151801
0.95132
0.5377
0.960323
0.780545
0.368377
0.791956
0.490304
0.047065
0.514529
0.169715
0.303505
0.400021
0.242127
0.5737
0.039392
0.175201
0.527276
0.136683
0.163222
0.943342
0.748366
0.571471
0.436257
0.035112
0.746093
0.708426
0.498817
0.317389
0.312033
0.05773
0.046082
0.919714
0.363243
0.717114
0.559832
0.514717
0.526435
0.121646
0.209639
0.90301
0.668365
0.840654
0.693073
0.632837
0.306632
0.627168
0.67454
0.589179
0.410961
0.94702
0.66446
0.427123
0.998038
0.04885
0.854215
0.388292
0.557172
0.598206
0.593333
0.172213
0.332343
0.320026
0.600067
0.694439
0.141993
0.789279
0.608873
0.566925
0.182806
0.727915
0.378288
0.076198
0.478127
0.393527
0.901004
0.643071
0.079308
0.91479
0.388683
0.127125
0.070877
0.633351
0.326547
0.934845
0.925687
0.935129
0.802691
0.306881
0.478312
0.499031
0.409341
0.409806
0.420142
0.260411
0.090147
0.307897
0.07108
0.112024
0.753557
0.443738
0.213555
0.392031
0.295622
0.752836
0.170664
0.642545
0.753263
0.864717
0.952351
0.596418
0.810466
0.839761
0.926869
0.325854
0.11787
0.129689
0.791653
0.81639
0.19749
0.444337
0.072351
0.133786
0.58257
0.32061
0.261032
0.146902
0.37818
0.936994
0.867663
0.671216
0.820113
0.572535
0.802884
0.017617
0.087216
0.841681
0.634175
0.227148
0.898735
0.811501
0.895482
0.957868
0.282735
0.621128
0.648271
0.816902
0.521433
0.281845
0.373828
0.825437
0.089503
0.030637
0.134047
0.162462
0.53727
0.09739
0.146612
0.246445
0.477821
0.027811
0.187234
0.847813
0.333095
0.425083
0.938213
0.001877
0.601733
0.551474
0.426954
0.814901
0.226381
0.646072
0.35123
0.351328
0.21035
0.574759
0.774157
0.496572
0.232567
0.1193
0.842607
0.454956
0.275832
0.472002
0.899477
0.738368
0.28738
0.183375
0.093423
0.915405
0.014084
0.787498
0.996405
0.397697
0.429602
0.495495
0.045848
0.319232
0.673156
0.418169
0.048247
0.134601
0.478716
0.881402
0.183198
0.991046
0.843661
0.635877
0.473622
0.764945
0.109414
0.187864
0.429888
0.255715
0.532408
0.762104
0.987575
0.929857
0.230686
0.480639
0.018758
0.250988
0.310053
0.862755
0.713326
0.683449
0.351993
0.645063
0.005084
0.559148
0.641003
0.052156
0.123818
0.500762
0.764549
0.030303
0.821157
0.702391
0.378624
0.169009
0.505006
0.805193
0.210474
0.316493
0.756004
0.285578
0.233215
0.243665
0.508315
0.64102
0.778013
0.831286
0.568886
0.141804
0.772717
0.572835
0.018276
0.453771
0.500809
0.257431
0.821067
0.048689
0.014047
0.594277
0.334399
0.912419
0.52584
0.03635
0.825772
0.509719
0.364468
0.106897
0.512996
0.749767
0.094437
0.869932
0.021317
0.195756
0.228658
0.861768
0.608975
0.937293
0.735523
0.864826
0.066471
0.012882
0.555872
0.630116
0.102588
0.015403
0.667065
0.741246
0.457759
0.134761
0.736106
0.010872
0.90391
0.35899
0.570472
0.668754
0.436154
0.871306
0.521042
0.763797
0.103377
0.741168
0.851846
0.053894
0.81961
0.246187
0.315868
0.301082
0.319143
0.192235
0.371167
0.349876
0.532211
0.340178
0.565694
0.612501
0.310853
0.834675
0.219184
0.080041
0.443449
0.50583
0.572505
0.411227
0.613494
0.091443
0.41345
0.625607
0.480306
0.289509
0.36754
0.470228
0.042328
0.981756
0.916078
0.226173
0.771853
0.707522
0.365925
0.709983
0.238994
0.388823
0.744866
0.494322
0.566274
0.585772
0.820195
0.833403
0.306458
0.606854
0.183922
0.691659
0.134727
0.99402
0.824116
0.630442
0.729201
0.967437
0.92054
0.076218
0.601787
0.339932
0.749547
0.620315
0.340532
0.356589
0.562825
0.016561
0.838642
0.561605
0.922514
0.413986
0.542183
0.450454
0.259513
0.137586
0.303901
0.072201
0.174606
0.311524
0.712546
0.967975
0.908571
0.383261
0.176609
0.972235
0.255938
0.537653
0.246417
0.761935
0.702143
0.124672
0.380084
0.467554
0.028072
0.176236
0.85012
0.542238
0.045473
0.077574
0.398454
0.576695
0.477327
0.83994
0.639547
0.346874
0.155689
0.007452
0.759216
0.182187
0.98027
0.526225
0.337328
0.627213
0.764641
0.961052
0.589004
0.201309
0.539642
0.066669
0.008648
0.808589
0.062923
0.304176
0.163465
0.80313
0.257781
0.54545
0.025984
0.071742
0.786864
0.512983
0.062031
0.947166
0.838583
0.075354
0.37104
0.801188
0.967672
0.792166
0.613607
0.800834
0.112794
0.731793
0.028705
0.986444
0.481835
0.653154
0.556232
0.210054
0.861763
0.68811
0.431422
0.723031
0.583701
0.175233
0.976905
0.387626
0.238544
0.369712
0.763372
0.981101
0.00073
0.804829
0.982625
0.315381
0.625524
0.485736
0.837802
0.450548
0.520573
0.496181
0.994823
0.702703
0.38508
0.145053
0.26099
0.323984
0.288143
0.847341
0.119902
0.153605
0.808193
0.646548
0.719169
0.818435
0.827524
0.708767
0.283183
0.087568
0.866357
0.915298
0.377343
0.850459
0.636791
0.816377
0.063787
0.859495
0.989648
0.449164
0.010011
0.197217
0.020557
0.498776
0.444244
0.016202
0.40833
0.978084
0.400916
0.310037
0.119304
0.324988
0.820175
0.774175
0.569022
0.119749
0.231793
0.924228
0.035049
0.020195
0.681813
0.176574
0.022993
0.464764
0.616093
0.676618
0.19615
0.795028
0.300221
0.52556
0.079447
0.696052
0.458399
0.10438
0.000419
0.997127
0.703308
0.18109
0.116075
0.545937
0.843427
0.735513
0.715681
0.408154
0.576104
0.970017
0.668035
0.486709
0.764526
0.99171
0.509341
0.951556
0.115485
0.56549
0.968488
0.216475
0.734597
0.262515
0.610491
0.43917
0.298737
0.757156
0.649993
0.27907
0.488832
0.949489
0.776356
0.126347
0.791352
0.544743
0.369711
0.069325
0.30454
0.712409
0.205448
0.5751
0.626613
0.257342
0.468174
0.32278
0.245577
0.948072
0.25293
0.799736
0.979933
0.538856
0.282794
0.812884
0.205899
0.108733
0.42127
0.446838
0.133189
0.162147
0.621383
0.863193
0.991492
0.558793
0.848033
0.22294
0.847117
0.957164
0.486665
0.572768
0.298829
0.797762
0.452275
0.121541
0.676996
0.284798
0.405372
0.980132
0.667713
0.743965
0.741966
0.307391
0.934099
0.833519
0.501607
0.531008
0.244732
0.632229
0.165477
0.841225
0.654885
0.477797
0.913187
0.095068
0.913261
0.48035
0.892837
0.788841
0.799022
0.024816
0.195792
0.532923
0.915352
0.459758
0.715852
0.214923
0.007246
0.67374
0.757057
0.781441
0.615266
0.729955
0.011153
0.170587
0.843299
0.9371
0.473244
0.464463
0.667051
0.057299
0.474846
0.596983
0.017035
0.598913
0.054177
0.51484
0.507155
0.479987
0.574567
0.318114
0.372216
0.653963
0.932708
0.360888
0.643114
0.198448
0.523726
0.527077
0.248289
0.720998
0.129523
0.499247
0.938202
0.790978
0.024312
0.22552
0.063536
0.811441
0.069294
0.276255
0.098811
0.277992
0.580339
0.374554
0.020187
0.037634
0.231981
0.258794
0.8824
0.201934
0.328518
0.419146
0.950295
0.424012
0.862199
0.620134
0.50092
0.222334
0.792491
0.73421
0.708726
0.968228
0.618735
0.578921
0.271666
0.42361
0.966242
0.322026
0.499448
0.358018
0.506248
0.238719
0.451838
0.784786
0.741291
0.427989
0.372758
0.568941
0.742263
0.068519
0.364739
0.175222
0.92545
0.854307
0.638555
0.259991
0.42245
0.274637
0.821444
0.914082
0.820865
0.009343
0.035952
0.403962
0.095088
0.843983
0.402951
0.694374
0.154683
0.526998
0.60895
0.670488
0.095408
0.481597
0.553442
0.805004
0.953451
0.192484
0.262319
0.889469
0.889643
0.767947
0.069201
0.946958
0.356453
0.586605
0.428859
0.255774
0.47913
0.362375
0.144164
0.408953
0.097737
0.27589
0.516035
0.485894
0.025497
0.677628
0.381217
0.062891
0.674599
0.72113
0.427617
0.136526
0.711273
0.237328
0.936835
0.797168
0.268927
0.337598
0.709294
0.875799
0.133834
0.150344
0.353055
0.805235
0.347062
0.700965
0.764451
0.109847
0.423454
0.423285
0.636621
0.779374
0.967578
0.474031
0.833362
0.891047
0.206769
0.299829
0.891109
0.973838
0.033895
0.347585
0.781619
0.312665
0.441475
0.557201
0.23496
0.624756
0.521531
0.190867
0.995106
0.605601
0.042648
0.575461
0.207072
0.979072
0.866361
0.698977
0.220606
0.471066
0.115839
0.845339
0.399594
0.224021
0.57844
0.049114
0.639854
0.67949
0.975093
0.326256
0.98531
0.28239
0.008874
0.846225
0.70754
0.442932
0.101553
0.453141
0.268428
0.008865
0.162384
0.136562
0.43268
0.660724
0.219363
0.196454
0.740005
0.032295
0.416274
0.28632
0.776283
0.78218
0.251232
0.921408
0.257757
0.363095
0.221433
0.150538
0.356615
0.172482
0.919054
0.623135
0.480017
0.079158
0.890099
0.55574
0.410177
0.58187
0.071103
0.855444
0.847004
0.967732
0.42854
0.589147
0.498205
0.687112
0.202385
0.184318
0.78389
0.719223
0.348018
0.871216
0.730471
0.476724
0.191934
0.322188
0.292099
0.584367
0.056719
0.807076
0.696223
0.284974
0.99055
0.941387
0.725805
0.538743
0.260139
0.928012
0.807892
0.381167
0.48212
0.571892
0.614681
0.577192
0.802728
0.666404
0.191266
0.405024
0.158394
0.677905
0.483086
0.352696
0.224229
0.180277
0.116223
0.382156
0.928834
0.195528
0.239659
0.125538
0.854648
0.068741
0.471564
0.932199
0.180457
0.334548
0.575922
0.926443
0.600311
0.894605
0.433938
0.760706
0.668596
0.813639
0.703438
0.114607
0.083504
0.345249
0.378322
0.485524
0.110908
0.970846
0.125588
0.264785
0.558775
0.411725
0.577219
0.146305
0.391596
0.176459
0.710406
0.163998
0.434271
0.877571
0.195022
0.364736
0.211736
0.38114
0.169627
0.991915
0.911502
0.645743
0.711077
0.660307
0.785048
0.904102
0.264416
0.687679
0.227852
0.68695
0.543041
0.664157
0.058287
0.911145
0.360637
0.37658
0.259123
0.281277
0.334015
0.260329
0.871558
0.930359
0.72371
0.017915
0.72952
0.723938
0.87697
0.155391
0.620162
0.726738
0.509976
0.950395
0.868184
0.066192
0.281105
0.463301
0.246368
0.142472
0.641246
0.181041
0.240492
0.078595
0.776656
0.437888
0.581563
0.481731
0.442706
0.406366
0.460804
0.438566
0.683
0.225577
0.6
0.835362
0.767323
0.100285
0.805984
0.549757
0.914835
0.896136
0.888682
0.589865
0.607087
0.653662
0.620127
0.551842
0.008342
0.94153
0.173639
0.028484
0.915118
0.480415
0.777552
0.453112
0.15926
0.492924
0.185062
0.18158
0.129783
0.011537
0.704021
0.016931
0.083282
0.123238
0.983933
0.583582
0.889218
0.814412
0.952508
0.204163
0.251338
0.572259
0.59555
0.72829
0.451703
0.429856
0.399931
0.726807
0.939775
0.69388
0.455776
0.024105
0.851281
0.343552
0.747642
0.160284
0.5677
0.021545
0.183575
0.29296
0.64517
0.104098
0.776683
0.191221
0.295224
0.786276
0.876936
0.240846
0.456972
0.842692
0.914145
0.736812
0.521199
0.009382
0.524301
0.978522
0.418721
0.768488
0.160588
0.270724
0.327109
0.265157
0.129486
0.633229
0.430698
0.41553
0.966833
0.450741
0.141663
0.325778
0.080288
0.776488
0.039667
0.922222
0.881392
0.270284
0.994073
0.002586
0.366039
0.339919
0.995629
0.005676
0.218814
0.036331
0.191365
0.606438
0.819796
0.290067
0.090724
0.764883
0.22946
0.634848
0.685579
0.431098
0.548975
0.625752
0.200135
0.865839
0.532117
0.079647
0.100374
0.905393
0.747002
0.497509
0.741804
0.396246
0.859414
0.076401
0.094065
0.033923
0.238762
0.846268
0.478406
0.934863
0.016215
0.112779
0.354337
0.502893
0.55371
0.676891
0.943701
0.408066
0.035394
0.80769
0.977386
0.699569
0.959589
0.326281
0.310516
0.744906
0.769928
0.830368
0.039594
0.232965
0.136939
0.348318
0.082075
0.259745
0.844655
0.70525
0.964065
0.526407
0.672631
0.647387
0.276145
0.185183
0.226043
0.350758
0.093328
0.079289
0.874839
0.389095
0.248648
0.194294
0.678584
0.419463
0.199098
0.139837
0.424085
0.750986
0.674617
0.145893
0.565804
0.445464
0.349098
0.992297
0.461459
0.033572
0.666374
0.095916
0.070091
0.939235
0.198847
0.232147
0.02343
0.445743
0.85873
0.897418
0.89717
0.232904
0.515232
0.652632
0.664449
0.050886
0.231437
0.300834
0.82929
0.819022
0.288301
0.094718
0.083432
0.14683
0.854027
0.260018
0.300873
0.989426
0.499854
0.195095
0.616971
0.650482
0.54136
0.598659
0.960484
0.589566
0.397942
0.953453
0.053609
0.214319
0.070157
0.379238
0.859905
0.698641
0.190071
0.656472
0.666753
0.92488
0.301758
0.918599
0.326369
0.485352
0.116211
0.159104
0.987922
0.711208
0.979987
0.870283
0.66901
0.420562
0.080496
0.092439
0.185594
0.834835
0.405048
0.011682
0.092666
0.37641
0.088419
0.589397
0.158093
0.049588
0.963156
0.792255
0.060492
0.026592
0.643408
0.211891
0.73626
0.084764
0.522172
0.05255
0.710149
0.643144
0.283452
0.740284
0.936028
0.641823
0.236381
0.726929
0.852802
0.040944
0.239244
0.670337
0.700919
0.855414
0.38199
0.096073
0.077401
0.965862
0.570632
0.220772
0.164173
0.314005
0.230529
0.712704
0.096843
0.204032
0.373086
0.318372
0.017819
0.883158
0.224757
0.780623
0.35378
0.913796
0.666777
0.883964
0.900045
0.85938
0.219432
0.886453
0.06179
0.490524
0.57836
0.57816
0.640311
0.423186
0.707816
0.945717
0.249971
0.952313
0.574834
0.327725
0.816557
0.570765
0.591839
0.744173
0.722793
0.70097
0.411826
0.51625
0.706334
0.266978
0.778115
0.097423
0.530233
0.787953
0.592824
0.812164
0.721971
0.934238
0.595883
0.718529
0.473845
0.15685
0.663359
0.970187
0.296353
0.935266
0.964804
0.687014
0.385798
0.396883
0.608833
0.004324
0.51838
0.350352
0.863006
0.832419
0.106787
0.236652
0.261632
0.365732
0.777491
0.170758
0.662933
0.85149
0.749726
0.767301
0.269564
0.439977
0.503901
0.865312
0.10671
0.106202
0.934028
0.580726
0.091239
0.960723
0.304677
0.562731
0.368377
0.963277
0.001991
0.608042
0.40489
0.874082
0.685098
0.692371
0.288898
0.032172
0.204495
0.891638
0.963922
0.759268
0.977491
0.564164
0.777462
0.11503
0.803998
0.211357
0.251887
0.273279
0.023505
0.361689
0.632449
0.303399
0.189905
0.171704
0.168228
0.603835
0.575316
0.722729
0.494985
0.294334
0.67214
0.430094
0.800021
0.362252
0.972187
0.179441
0.324048
0.749678
0.431097
0.488503
0.424013
0.140217
0.23135
0.920941
0.896998
0.546244
0.554624
0.041047
0.029874
0.107299
0.677223
0.242007
0.59934
0.438922
0.7854
0.845642
0.095661
0.147616
0.254762
0.849733
0.873643
0.470696
0.566604
0.344268
0.410974
0.398941
0.69912
0.915098
0.950141
0.497696
0.507333
0.08058
0.562374
0.453649
0.657185
0.018804
0.940746
0.339135
0.167485
0.501906
0.317299
0.124875
0.492601
0.252847
0.865063
0.961134
0.485218
0.286343
0.720698
0.9048
0.824028
0.681607
0.090534
0.553128
0.263587
0.008536
0.474348
0.700095
0.239428
0.412371
0.219774
0.346762
0.237183
0.886427
0.297061
0.736011
0.529171
0.259719
0.413859
0.244909
0.124086
0.095256
0.604597
0.50025
0.566047
0.931936
0.859562
0.054144
0.462556
0.259031
0.961009
0.724633
0.878296
0.585814
0.539877
0.641833
0.683596
0.96199
0.27636
0.475956
0.303973
0.238326
0.530721
0.027315
0.924444
0.469541
0.562564
0.815016
0.699766
0.037559
0.913391
0.395844
0.133533
0.23107
0.540448
0.252878
0.110309
0.747096
0.31976
0.645508
0.778314
0.637436
0.756782
0.092143
0.835184
0.421202
0.696752
0.080649
0.981146
0.340565
0.906286
0.560092
0.440149
0.315254
0.913446
0.135823
0.497312
0.149697
0.803119
0.174925
0.895748
0.728976
0.578175
0.140104
0.438974
0.688461
0.989849
0.093995
0.400302
0.74321
0.107185
0.975321
0.158974
0.661464
0.876416
0.933393
0.451764
0.809743
0.792155
0.91621
0.975996
0.308852
0.487573
0.745449
0.564035
0.706667
0.446025
0.486748
0.081433
0.813295
0.633334
0.98233
0.898251
0.052454
0.648152
0.809423
0.339893
0.219702
0.464492
0.002712
0.570562
0.193232
0.146558
0.1505
0.848093
0.794653
0.56159
0.092482
0.228058
0.853728
0.419289
0.717468
0.201251
0.090579
0.810848
0.990308
0.21397
0.955832
0.018586
0.506522
0.167033
0.116952
0.317644
0.050412
0.689853
0.651834
0.834007
0.915726
0.247082
0.641436
0.341123
0.21652
0.886122
0.126354
0.536146
0.790011
0.064183
0.290573
0.980742
0.33948
0.014821
0.612138
0.477274
0.864015
0.033323
0.903437
0.776654
0.008065
0.640242
0.861139
0.718197
0.297982
0.324915
0.84503
0.522697
0.654601
0.225533
0.02465
0.877591
0.96867
0.376748
0.401867
0.592409
0.892007
0.629334
0.516095
0.597653
0.172455
0.06771
0.442761
0.830359
0.164649
0.403778
0.343158
0.685243
0.420822
0.207129
0.17512
0.605964
0.777664
0.74568
0.394668
0.712143
0.090533
0.978341
0.316364
0.875782
0.673942
0.541323
0.963163
0.350968
0.064553
0.165989
0.456489
0.451604
0.662472
0.599438
0.482377
0.622556
0.47619
0.277392
0.436964
0.592837
0.606837
0.497556
0.64402
0.297363
0.831103
0.99062
0.59419
0.624394
0.872964
0.592115
0.300649
0.83715
0.818441
0.813307
0.962478
0.37984
0.97144
0.638886
0.310563
0.646982
0.10283
0.414232
0.97811
0.49798
0.324122
0.139528
0.182567
0.743795
0.11585
0.179586
0.956086
0.64857
0.801215
0.062477
0.276434
0.897916
0.485319
0.810924
0.362946
0.744803
0.265539
0.405176
0.641779
0.236275
0.755084
0.666553
0.931794
0.367942
0.501608
0.031788
0.320766
0.381268
0.73284
0.550741
0.267763
0.099687
0.98693
0.370215
0.093622
0.374005
0.97988
0.374734
0.798424
0.563598
0.420548
0.434812
0.636252
0.545836
0.031694
0.642687
0.268192
0.315355
0.76188
0.17266
0.115852
0.207722
0.789313
0.951481
0.570926
0.636139
0.829799
0.699481
0.750558
0.047058
0.267196
0.503359
0.216127
0.681344
0.81328
0.062604
0.066741
0.981544
0.048631
0.043594
0.300574
0.72276
0.9892
0.684198
0.780461
0.387474
0.643968
0.573397
0.423593
0.688064
0.066869
0.413846
0.44414
0.437172
0.049187
0.297606
0.160039
0.918106
0.638686
0.921941
0.130699
0.821873
0.262677
0.654926
0.058626
0.777729
0.549255
0.206529
0.230412
0.287943
0.781512
0.467995
0.922823
0.691875
0.856595
0.700192
0.106719
0.273025
0.193629
0.978656
0.506842
0.853984
0.419277
0.746376
0.805043
0.765113
0.469222
0.040426
0.815208
0.512661
0.761599
0.127357
0.843197
0.917482
0.659475
0.518924
0.258255
0.22308
0.487405
0.834594
0.203917
0.729714
0.151273
0.492652
0.618114
0.622579
0.492357
0.9892
0.092808
0.717558
0.523184
0.280169
0.657726
0.548078
0.720183
0.72874
0.204111
0.214659
0.212216
0.343538
0.359501
0.236478
0.022775
0.434478
0.436193
0.092155
0.231777
0.113325
0.474954
0.492401
0.094229
0.372934
0.677331
0.134158
0.441321
0.766403
0.571275
0.093339
0.892168
0.093769
0.662825
0.45731
0.631059
0.122947
0.564916
0.459826
0.742207
0.196701
0.415925
0.810024
0.940322
0.315584
0.12271
0.319763
0.825959
0.126929
0.413408
0.415712
0.838506
0.894561
0.05358
0.605198
0.551916
0.570198
0.152023
0.278089
0.058997
0.350621
0.862132
0.345447
0.2474
0.357584
0.333769
0.041277
0.477963
0.257052
0.24574
0.052819
0.975209
0.112777
0.677268
0.531917
0.927338
0.008666
0.809383
0.80267
0.814127
0.594369
0.061323
0.100188
0.807137
0.737263
0.739709
0.793263
0.953024
0.270769
0.89863
0.82638
0.325817
0.983416
0.803696
0.460292
0.218983
0.294679
0.495383
0.00069
0.091406
0.609372
0.271877
0.065479
0.803321
0.511892
0.491439
0.933383
0.946042
0.644489
0.730135
0.050915
0.428787
0.350922
0.188251
0.237024
0.184045
0.472994
0.446551
0.387285
0.394087
0.358154
0.217703
0.664089
0.164265
0.689155
0.845675
0.670178
0.129841
0.633033
0.963277
0.870689
0.164414
0.675625
0.245599
0.057339
0.298697
0.639758
0.408288
0.844017
0.0125
0.85855
0.24994
0.538594
0.953038
0.584545
0.538703
0.396318
0.795154
0.325361
0.089948
0.811397
0.311885
0.562674
0.168013
0.836225
0.713743
0.132052
0.098532
0.44843
0.019162
0.167906
0.98838
0.290935
0.831804
0.04069
0.222734
0.270349
0.310957
0.577241
0.555399
0.932801
0.046127
0.598128
0.111713
0.43003
0.827933
0.782292
0.434427
0.817493
0.252524
0.139272
0.103995
0.685167
0.725783
0.616597
0.844348
0.734892
0.685344
0.621138
0.692251
0.700587
0.080814
0.909677
0.322917
0.619715
0.83052
0.707658
0.402345
0.261987
0.585189
0.309288
0.352936
0.766024
0.10192
0.873429
0.864455
0.691201
0.712481
0.909908
0.258785
0.951323
0.909721
0.826993
0.182389
0.625771
0.137344
0.574352
0.483606
0.507886
0.467524
0.237386
0.294435
0.239622
0.819302
0.333697
0.883472
0.549383
0.342622
0.071033
0.391945
0.568454
0.772615
0.944146
0.196557
0.621244
0.296647
0.260388
0.270738
0.711164
0.701437
0.230415
0.38797
0.226783
0.002536
0.22999
0.312646
0.699154
0.988762
0.663219
0.211132
0.074877
0.139517
0.722907
0.69959
0.863279
0.629743
0.339799
0.880219
0.177357
0.550029
0.299334
0.584805
0.724969
0.471667
0.064041
0.434131
0.509128
0.292394
0.603981
0.226752
0.249766
0.584733
0.00823
0.865922
0.408198
0.510397
0.387473
0.882131
0.434188
0.088883
0.313729
0.974674
0.562012
0.020685
0.32262
0.246808
0.959529
0.960488
0.139356
0.602831
0.310209
0.117078
0.114246
0.650412
0.924748
0.321941
0.651529
0.287289
0.841062
0.859225
0.479814
0.673914
0.124081
0.124112
0.54503
0.213814
0.972514
0.193919
0.190124
0.107394
0.289687
0.384706
0.714456
0.84769
0.902938
0.515743
0.765572
0.424739
0.433801
0.193477
0.18034
0.020358
0.146608
0.532448
0.889965
0.705875
0.194504
0.284331
0.77202
0.199336
0.341498
0.649854
0.869921
0.067241
0.873133
0.409541
0.391995
0.709721
0.017709
0.558683
0.087366
0.721611
0.712178
0.784092
0.41632
0.142989
0.427937
0.159106
0.312229
0.59647
0.415451
0.744237
0.860287
0.486399
0.803235
0.42523
0.333056
0.923153
0.748349
0.630917
0.161808
0.723632
0.288669
0.747967
0.357065
0.501074
0.896422
0.797292
0.529423
0.037462
0.422818
0.846857
0.112386
0.735879
0.96547
0.992218
0.424432
0.924719
0.096117
0.80784
0.06292
0.558756
0.312829
0.020808
0.728104
0.465906
0.040189
0.689277
0.605418
0.261366
0.628121
0.483857
0.20961
0.361368
0.668863
0.561895
0.973741
0.640854
0.412292
0.70264
0.49744
0.987422
0.414692
0.239758
0.557827
0.946043
0.264165
0.824684
0.560905
0.708205
0.101138
0.480377
0.861822
0.330847
0.598835
0.927707
0.493355
0.809407
0.170663
0.885893
0.193619
0.664558
0.228396
0.141543
0.384918
0.648786
0.030203
0.302406
0.354729
0.588152
0.134661
0.840216
0.190343
0.132518
0.975606
0.303972
0.60826
0.110171
0.187756
0.91384
0.557308
0.190059
0.15296
0.389973
0.378751
0.642412
0.435644
0.02274
0.111286
0.199418
0.286733
0.591153
0.189375
0.615986
0.550592
0.386383
0.162003
0.051742
0.822605
0.804273
0.591912
0.126804
0.201347
0.795416
0.134614
0.103891
0.281753
0.313742
0.683259
0.011644
0.603378
0.313759
0.735243
0.094436
0.504907
0.223173
0.614362
0.549897
0.019258
0.396798
0.236353
0.688739
0.608471
0.856731
0.44356
0.756352
0.681211
0.353865
0.03758
0.255168
0.395656
0.452438
0.339892
0.4377
0.405317
0.434405
0.947525
0.142018
0.847544
0.044117
0.456882
0.833424
0.314197
0.050156
0.576846
0.775556
0.669327
0.911869
0.496863
0.120836
0.909633
0.777643
0.123571
0.868753
0.843624
0.252046
0.972014
0.874706
0.833743
0.250732
0.312483
0.05795
0.193256
0.158472
0.053953
0.722942
0.238286
0.738985
0.462476
0.628839
0.532946
0.426558
0.115432
0.364614
0.098572
0.833741
0.720133
0.822418
0.450628
0.578377
0.373654
0.26215
0.272078
0.093319
0.846004
0.231993
0.725944
0.14694
0.22829
0.821574
0.824544
0.437788
0.409301
0.050891
0.263663
0.608352
0.104769
0.87356
0.530977
0.286766
0.859898
0.712115
0.870129
0.137021
0.989726
0.484587
0.703114
0.503049
0.38124
0.690516
0.833584
0.960989
0.659611
0.503615
0.958838
0.721138
0.784893
0.52848
0.091656
0.189386
0.79366
0.081381
0.425716
0.257778
0.771776
0.767264
0.350897
0.471501
0.597742
0.103933
0.659919
0.360755
0.697464
0.204055
0.256334
0.821534
0.597449
0.781736
0.884767
0.323366
0.262114
0.785958
0.873862
0.664161
0.167813
0.052136
0.586877
0.810458
0.651363
0.113153
0.915346
0.979136
0.196795
0.367065
0.180972
0.441993
0.28863
0.758777
0.857155
0.671536
0.331037
0.058851
0.824556
0.926228
0.322798
0.41734
0.157644
0.234302
0.571866
0.179382
0.084602
0.539057
0.200592
0.273314
0.367468
0.279359
0.546325
0.484776
0.945416
0.510257
0.529916
0.780061
0.237513
0.658774
0.411843
0.495755
0.122827
0.487024
0.173297
0.728642
0.27262
0.381407
0.019953
0.207374
0.113526
0.551464
0.613256
0.167365
0.226986
0.891985
0.408508
0.456195
0.340295
0.835757
0.73699
0.569635
0.320613
0.250373
0.416386
0.594573
0.185692
0.958102
0.92024
0.679635
0.306646
0.31473
0.404869
0.459935
0.840119
0.464127
0.810695
0.11403
0.03613
0.344141
0.963386
0.540118
0.235272
0.060819
0.482084
0.099552
0.378499
0.331971
0.657949
0.484006
0.604916
0.624672
0.796326
0.027979
0.214579
0.056556
0.105149
0.082761
0.106687
0.745284
0.199959
0.152854
0.826566
0.029898
0.710141
0.989484
0.30866
0.597588
0.775244
0.335931
0.409943
0.168549
0.440757
0.614375
0.491531
0.158168
0.905671
0.823882
0.222576
0.673552
0.359508
0.883858
0.998087
0.827928
0.863582
0.90505
0.771971
0.561607
0.640088
0.022484
0.255664
0.29967
0.11914
0.843514
0.602979
0.055987
0.02949
0.598118
0.200518
0.895202
0.712062
0.395746
0.073069
0.77174
0.97345
0.985763
0.241734
0.948382
0.693808
0.10011
0.009468
0.026623
0.021143
0.323722
0.776573
0.900431
0.729707
0.060031
0.52419
0.886772
0.109107
0.169992
0.558057
0.146365
0.882586
0.895784
0.700268
0.846578
0.418622
0.558507
0.343659
0.730862
0.175132
0.922987
0.268719
0.147509
0.988492
0.237078
0.942544
0.500965
0.064499
0.115541
0.117736
0.097203
0.765398
0.488427
0.073985
0.26579
0.635707
0.283027
0.106813
0.39974
0.473436
0.680665
0.625137
0.181128
0.133213
0.958949
0.52408
0.742954
0.618593
0.317617
0.856216
0.87631
0.521917
0.934585
0.517801
0.74275
0.479637
0.8492
0.705714
0.138281
0.882066
0.173156
0.825813
0.59685
0.283076
0.772401
0.037713
0.928693
0.500013
0.471529
0.828296
0.728718
0.652453
0.768467
0.837096
0.285865
0.665296
0.070863
0.275353
0.848812
0.662188
0.669642
0.335151
0.953169
0.825056
0.749007
0.561657
0.712968
0.187849
0.197305
0.708377
0.810248
0.333752
0.593586
0.362144
0.416497
0.187034
0.798767
0.391685
0.178822
0.143278
0.371961
0.955744
0.038707
0.135089
0.035704
0.238842
0.435296
0.987426
0.491885
0.776592
0.091074
0.464826
0.7289
0.10137
0.549732
0.946927
0.526088
0.886937
0.453392
0.495604
0.049664
0.312148
0.516918
0.055662
0.32889
0.866745
0.60101
0.625537
0.605131
0.923618
0.846664
0.661367
0.173512
0.744785
0.680217
0.575711
0.844974
0.710294
0.123941
0.883537
0.583093
0.776053
0.471224
0.156273
0.842027
0.394796
0.392233
0.580115
0.133166
0.155619
0.82653
0.920557
0.543573
0.070739
0.665089
0.319695
0.888375
0.227934
0.99573
0.584775
0.145501
0.02582
0.138811
0.510072
0.227533
0.555842
0.21191
0.470819
0.992653
0.548599
0.343752
0.17598
0.212016
0.698427
0.933956
0.179469
0.000864
0.596738
0.81396
0.943712
0.518132
0.151071
0.05873
0.568437
0.101291
0.433551
0.933479
0.865851
0.480598
0.524566
0.144203
0.374162
0.994787
0.634164
0.37828
0.811659
0.11584
0.038518
0.522078
0.434595
0.259224
0.566094
0.014714
0.509641
0.759226
0.864047
0.086148
0.02414
0.875474
0.288509
0.944686
0.847866
0.333601
0.105202
0.964912
0.691411
0.241562
0.69191
0.37567
0.302296
0.469749
0.261645
0.068303
0.566117
0.852672
0.504523
0.502432
0.457272
0.469528
0.154725
0.289167
0.504952
0.017244
0.345489
0.159812
0.738296
0.899173
0.950174
0.412632
0.538996
0.775677
0.344252
0.378977
0.821732
0.819313
0.287377
0.779025
0.511617
0.87143
0.412022
0.392148
0.981959
0.743529
0.234297
0.875032
0.433384
0.450291
0.933571
0.167444
0.204864
0.079342
0.450258
0.385298
0.978266
0.317158
0.561297
0.614902
0.034948
0.988868
0.967635
0.897857
0.575245
0.275904
0.565149
0.538502
0.7907
0.053994
0.465903
0.383765
0.734607
0.581591
0.859691
0.633404
0.282235
0.463861
0.507247
0.552338
0.000899
0.325929
0.376519
0.841295
0.645217
0.047963
0.900024
0.173675
0.108328
0.306378
0.871099
0.049829
0.679679
0.137163
0.127849
0.652527
0.184824
0.36217
0.109781
0.696587
0.217456
0.999054
0.800529
0.178492
0.359535
0.214594
0.039831
0.971885
0.751716
0.198637
0.867703
0.566964
0.379375
0.167283
0.777335
0.303993
0.720521
0.981752
0.255194
0.815976
0.209927
0.464677
0.776708
0.225577
0.628879
0.984544
0.240906
0.614737
0.494291
0.860166
0.041547
0.087112
0.476425
0.059079
0.950613
0.213579
0.279988
0.512765
0.489725
0.8431
0.378796
0.208485
0.915248
0.737416
0.942801
0.313499
0.669726
0.322482
0.375317
0.813344
0.415248
0.241301
0.752997
0.268088
0.04492
0.053442
0.349343
0.06439
0.628555
0.312074
0.271147
0.950836
0.034254
0.29956
0.920307
0.437632
0.642377
0.917663
0.373732
0.092861
0.378665
0.959446
0.323586
0.709353
0.966218
0.220169
0.070893
0.927022
0.27577
0.045933
0.271475
0.624983
0.031783
0.655078
0.98634
0.827235
0.120562
0.970491
0.134208
0.589079
0.31843
0.940838
0.972576
0.451346
0.983331
0.866374
0.156492
0.04439
0.340137
0.262491
0.455752
0.114086
0.589142
0.090509
0.65007
0.579065
0.577973
0.190114
0.593081
0.580745
0.629804
0.035537
0.764907
0.248679
0.093117
0.910824
0.536181
0.889189
0.791892
0.595302
0.423189
0.475446
0.712754
0.063489
0.486686
0.912754
0.697431
0.163791
0.794314
0.649006
0.868579
0.373296
0.499269
0.716972
0.589653
0.66886
0.254577
0.556633
0.480966
0.900262
0.062186
0.755866
0.731595
0.857758
0.948592
0.110165
0.243084
0.719582
0.21603
0.986227
0.223855
0.292009
0.688237
0.458052
0.978646
0.190427
0.312907
0.466942
0.782954
0.534555
0.142
0.799997
0.323028
0.426561
0.340767
0.970979
0.907474
0.458715
0.251962
0.901728
0.093032
0.212521
0.661584
0.984416
0.516922
0.509357
0.914034
0.783167
0.744361
0.958392
0.916967
0.53889
0.941665
0.469268
0.278427
0.207514
0.703646
0.464
0.576364
0.903758
0.39532
0.542024
0.443113
0.923772
0.058538
0.991855
0.136633
0.109518
0.347854
0.181739
0.039994
0.028617
0.811255
0.148498
0.046274
0.410289
0.572353
0.712922
0.494874
0.585513
0.85539
0.997891
0.386932
0.408635
0.762916
0.409609
0.426216
0.368633
0.125576
0.348384
0.236223
0.969852
0.130472
0.302902
0.281525
0.705131
0.197581
0.050792
0.620715
0.943085
0.011707
0.327228
0.311217
0.729489
0.655254
0.689114
0.196344
0.750414
0.231635
0.986964
0.513255
0.836762
0.959133
0.324168
0.973942
0.96783
0.744422
0.722109
0.680892
0.609167
0.412948
0.128968
0.062672
0.147433
0.393135
0.299056
0.179502
0.996914
0.458042
0.033118
0.097572
0.045619
0.430415
0.010165
0.224361
0.022533
0.321279
0.803971
0.907143
0.63415
0.417217
0.979529
0.168722
0.885191
0.77376
0.739031
0.460397
0.68243
0.503641
0.271936
0.69308
0.027763
0.044365
0.056166
0.286089
0.832402
0.481675
0.923174
0.373718
0.325128
0.387072
0.023684
0.194896
0.732582
0.201089
0.531055
0.602959
0.34725
0.981015
0.859575
0.465153
0.193469
0.409288
0.845741
0.897838
0.718668
0.855478
0.78203
0.132619
0.618554
0.495062
0.313601
0.972017
0.822858
0.889308
0.376343
0.112726
0.190164
0.874285
0.677369
0.662077
0.27011
0.276591
0.719886
0.73736
0.414124
0.70969
0.951567
0.38697
0.272629
0.447916
0.302326
0.347282
0.56379
0.266898
0.986113
0.972798
0.212842
0.618744
0.709649
0.28598
0.445553
0.920511
0.953396
0.848491
0.213482
0.187249
0.565165
0.812038
0.386639
0.947934
0.587875
0.890494
0.058589
0.069365
0.0897
0.69419
0.86622
0.95153
0.44318
0.318706
0.311554
0.440198
0.296856
0.254933
0.195289
0.52645
0.585793
0.334327
0.592119
0.938823
0.688713
0.258001
0.24776
0.722672
0.847207
0.884579
0.05687
0.771354
0.044621
0.495384
0.832434
0.408125
0.479734
0.729167
0.377718
0.756662
0.26429
0.279732
0.448701
0.422257
0.047283
0.72746
0.711979
0.321789
0.03143
0.767815
0.973165
0.403762
0.140264
0.347091
0.968776
0.223859
0.055339
0.15513
0.716952
0.570728
0.040306
0.277368
0.991767
0.416459
0.908373
0.326452
0.616408
0.068694
0.792072
0.302302
0.304521
0.738452
0.219956
0.844222
0.664758
0.677217
0.301162
0.620902
0.108407
0.337671
0.822614
0.370489
0.630233
0.921758
0.4607
0.347746
0.396967
0.678299
0.957426
0.062297
0.533661
0.783035
0.725369
0.998863
0.303566
0.069513
0.327894
0.846577
0.267938
0.459268
0.676899
0.258901
0.669985
0.850831
0.849014
0.629001
0.33701
0.896311
0.153997
0.979369
0.76257
0.927774
0.98615
0.824434
0.479937
0.788231
0.338444
0.860196
0.015279
0.583423
0.418627
0.275757
0.876108
0.278831
0.112782
0.41022
0.269427
0.608117
0.244772
0.986427
0.724884
0.914202
0.300156
0.56032
0.805523
0.649939
0.432783
0.948071
0.88929
0.744038
0.566679
0.465452
0.817594
0.424091
0.047631
0.642154
0.209326
0.227364
0.942643
0.992862
0.087051
0.957295
0.913044
0.822165
0.84646
0.181756
0.806384
0.836818
0.569558
0.057998
0.826258
0.341869
0.653566
0.108766
0.967927
0.402161
0.067673
0.297737
0.523487
0.355551
0.059128
0.309188
0.558501
0.524807
0.470784
0.582383
0.131992
0.497854
0.690677
0.070443
0.373644
0.055162
0.864788
0.590463
0.094052
0.678575
0.859825
0.994684
0.182257
0.284251
0.363199
0.51386
0.219203
0.111088
0.116959
0.025192
0.027278
0.873541
0.658927
0.676879
0.906584
0.08699
0.27112
0.858817
0.591463
0.15106
0.601224
0.550214
0.51219
0.09602
0.022181
0.837409
0.089271
0.489334
0.764992
0.341801
0.719277
0.067823
0.145046
0.778789
0.25483
0.218176
0.478781
0.631842
0.158308
0.621281
0.145727
0.171535
0.205709
0.454897
0.246787
0.65901
0.234298
0.967904
0.760813
0.719406
0.810759
0.597516
0.760472
0.869045
0.033256
0.371171
0.551296
0.005413
0.586577
0.867839
0.308206
0.350403
0.331625
0.599655
0.746789
0.405554
0.222578
0.153547
0.725782
0.631306
0.018529
0.163179
0.033053
0.844305
0.365765
0.975775
0.164762
0.271151
0.195283
0.606656
0.959801
0.075758
0.50538
0.337129
0.19903
0.984605
0.457006
0.355262
0.309545
0.319864
0.997242
0.757547
0.893808
0.715592
0.473538
0.797819
0.894825
0.39114
0.515135
0.006274
0.241862
0.064995
0.183109
0.84465
0.711055
0.767536
0.378997
0.044919
0.691739
0.388644
0.209168
0.842163
0.492712
0.050287
0.903721
0.627664
0.816395
0.288467
0.668065
0.204082
0.850179
0.414605
0.878776
0.741888
0.972238
0.643559
0.792559
0.567293
0.674758
0.270472
0.190205
0.253819
0.361922
0.979558
0.583961
0.765229
0.951151
0.798945
0.157246
0.149832
0.441581
0.669247
0.807506
0.621757
0.128141
0.460971
0.356727
0.641679
0.102939
0.112062
0.202254
0.130071
0.527754
0.204815
0.354648
0.945172
0.123342
0.601769
0.038471
0.256037
0.993549
0.479781
0.600731
0.716295
0.723283
0.514622
0.5431
0.423197
0.923088
0.465598
0.741892
0.042265
0.76302
0.907931
0.202017
0.299646
0.9364
0.307979
0.58109
0.106223
0.7317
0.373437
0.407943
0.495298
0.83339
0.881559
0.963632
0.289755
0.738681
0.84436
0.400438
0.868492
0.301865
0.676038
0.286574
0.8465
0.973659
0.802982
0.80685
0.134774
0.644031
0.995461
0.956175
0.723992
0.295837
0.505152
0.282407
0.039318
0.098087
0.502662
0.571332
0.480849
0.790433
0.627977
0.229283
0.284482
0.022053
0.509272
0.924208
0.070009
0.900027
0.044948
0.652678
0.711431
0.557559
0.285313
0.391668
0.392608
0.360173
0.617079
0.206328
0.597976
0.860403
0.920744
0.968878
0.682103
0.901383
0.530299
0.58422
0.099088
0.054545
0.222058
0.980195
0.484077
0.429832
0.752227
0.733854
0.969115
0.80125
0.806276
0.668071
0.626972
0.178111
0.287882
0.579403
0.738098
0.551914
0.973981
0.742901
0.573656
0.815679
0.494617
0.980375
0.635019
0.704723
0.520759
0.807004
0.250103
0.344982
0.843523
0.624478
0.245209
0.452524
0.942253
0.150077
0.450539
0.318494
0.455162
0.926737
0.951015
0.128728
0.534185
0.116617
0.718423
0.475486
0.368652
0.385785
0.344801
0.631484
0.407425
0.195664
0.139914
0.09308
0.880244
0.19116
0.510778
0.740927
0.932925
0.69944
0.2639
0.83785
0.532982
0.029505
0.19943
0.232844
0.247404
0.869919
0.403608
0.881194
0.955706
0.814388
0.101863
0.366501
0.417523
0.349028
0.256146
0.64632
0.723814
0.659944
0.490661
0.039184
0.230766
0.223535
0.799734
0.608942
0.848139
0.308415
0.418098
0.370334
0.542263
0.17041
0.311806
0.078159
0.269284
0.947223
0.950702
0.418731
0.941746
0.572301
0.275274
0.666642
0.572775
0.154792
0.92619
0.689796
0.341742
0.952181
0.127638
0.866072
0.121632
0.039631
0.682742
0.221764
0.285855
0.524092
0.009346
0.797951
0.743346
0.943525
0.823443
0.56848
0.990157
0.343062
0.048168
0.823103
0.133958
0.353369
0.35418
0.929645
0.305976
0.339039
0.2027
0.569365
0.740626
0.029338
0.274119
0.016419
0.781172
0.966351
0.655103
0.722736
0.200617
0.874511
0.45251
0.36958
0.233201
0.833514
0.622375
0.895801
0.847711
0.942605
0.744512
0.978364
0.545488
0.739394
0.053541
0.577464
0.942805
0.091301
0.45543
0.248951
0.166022
0.124204
0.445063
0.747734
0.037601
0.681937
0.88025
0.195466
0.823477
0.097085
0.005643
0.43247
0.991623
0.235807
0.899851
0.485771
0.55541
0.520453
0.211775
0.465745
0.516748
0.298723
0.307315
0.441568
0.180572
0.520433
0.440096
0.449461
0.869645
0.764362
0.271404
0.190643
0.375152
0.772075
0.938792
0.780702
0.041768
0.313188
0.131592
0.912765
0.130493
0.899772
0.838067
0.473721
0.306098
0.460407
0.153429
0.150062
0.024137
0.127179
0.526067
0.832742
0.861143
0.798612
0.901827
0.303198
0.552801
0.563632
0.937179
0.336416
0.433064
0.577233
0.492232
0.270829
0.460624
0.865442
0.453276
0.439202
0.758279
0.656603
0.484462
0.82879
0.981585
0.093234
0.502216
0.897933
0.050994
0.231443
0.925954
0.044184
0.526828
0.008707
0.054658
0.873503
0.38564
0.805336
0.795869
0.45593
0.143424
0.952918
0.009276
0.755022
0.423115
0.818194
0.915571
0.796534
0.019047
0.123157
0.768188
0.8433
0.053866
0.74224
0.114071
0.38144
0.922157
0.306704
0.01742
0.284021
0.604627
0.12381
0.780078
0.444054
0.503953
0.811621
0.021076
0.954581
0.156086
0.558835
0.813116
0.29731
0.691804
0.203695
0.036029
0.181883
0.312163
0.867072
0.813373
0.55957
0.967626
0.218549
0.081748
0.129611
0.66882
0.38506
0.758649
0.445124
0.305924
0.919225
0.476141
0.092676
0.688619
0.59093
0.807659
0.946321
0.490345
0.144967
0.692192
0.85503
0.045152
0.235289
0.895186
0.802021
0.636882
0.436715
0.488509
0.5261
0.062934
0.403996
0.490464
0.863207
0.962822
0.450533
0.893293
0.233093
0.952942
0.093458
0.085967
0.220723
0.993982
0.447336
0.097259
0.881366
0.702435
0.409407
0.680282
0.237103
0.63623
0.025039
0.120207
0.591971
0.694838
0.969331
0.924763
0.527483
0.388178
0.553339
0.081745
0.325945
0.199322
0.281509
0.335903
0.077407
0.112616
0.125483
0.617169
0.744101
0.990161
0.602392
0.442158
0.999469
0.4841
0.423872
0.443775
0.277743
0.08952
0.898923
0.600691
0.460271
0.880963
0.496101
0.685752
0.029821
0.696673
0.039198
0.467523
0.817812
0.352336
0.949728
0.196809
0.472662
0.426799
0.343924
0.051284
0.581651
0.336621
0.134643
0.922178
0.094317
0.310996
0.920224
0.905154
0.553941
0.132918
0.553337
0.103726
0.954895
0.274859
0.455013
0.689097
0.317023
0.202664
0.692906
0.173792
0.400732
0.44276
0.411831
0.808816
0.405857
0.942096
0.080305
0.060417
0.580773
0.75245
0.671149
0.42888
0.82062
0.438557
0.248883
0.708947
0.393425
0.557669
0.752338
0.310915
0.216639
0.512569
0.877933
0.310933
0.608149
0.511754
0.269292
0.408831
0.321774
0.926323
0.041344
0.337577
0.111808
0.98767
0.496043
0.490994
0.623496
0.828158
0.294632
0.133047
0.270457
0.451843
0.638056
0.925634
0.525225
0.655031
0.556921
0.28041
0.841642
0.236018
0.468902
0.034599
0.537305
0.934051
0.731297
0.496625
0.239934
0.052653
0.145271
0.946477
0.363359
0.265808
0.040609
0.157509
0.733279
0.108702
0.647983
0.971038
0.537282
0.920835
0.316499
0.515245
0.436034
0.421219
0.342531
0.476767
0.537821
0.6094
0.069239
0.461925
0.052126
0.712042
0.445334
0.950948
0.915696
0.505028
0.96496
0.741773
0.443203
0.14799
0.033404
0.201488
0.398335
0.554251
0.55742
0.843391
0.498982
0.657511
0.687232
0.528621
0.23581
0.374511
0.95781
0.741937
0.30599
0.401528
0.33715
0.835127
0.507098
0.880339
0.493893
0.752099
0.33448
0.083284
0.362189
0.105631
0.279409
0.791912
0.920868
0.897646
0.381724
0.784546
0.397244
0.160076
0.044462
0.979392
0.93595
0.457629
0.377815
0.422293
0.197018
0.703589
0.121371
0.42073
0.238902
0.430986
0.589075
0.915089
0.373711
0.124097
0.863638
0.775399
0.516165
0.823664
0.699192
0.557755
0.875896
0.243576
0.914319
0.939291
0.534987
0.47416
0.410743
0.263521
0.806281
0.622705
0.112931
0.605996
0.701926
0.147437
0.736851
0.576133
0.637247
0.033502
0.207991
0.430963
0.285598
0.429367
0.159387
0.916327
0.786064
0.176439
0.137196
0.057126
0.179442
0.951239
0.08205
0.357121
0.784725
0.988905
0.613508
0.293646
0.17324
0.883336
0.007757
0.622077
0.352698
0.804258
0.959213
0.409889
0.873387
0.571262
0.974244
0.997824
0.826966
0.786601
0.166674
0.706231
0.650127
0.56187
0.278444
0.519427
0.04657
0.276844
0.940716
0.573781
0.29928
0.546152
0.991639
0.186349
0.243425
0.946274
0.743807
0.016494
0.281991
0.881544
0.916267
0.307711
0.809265
0.826935
0.024481
0.582715
0.017404
0.603517
0.226344
0.797569
0.905688
0.266978
0.38373
0.866632
0.59607
0.724307
0.6968
0.491561
0.568226
0.890179
0.642527
0.752862
0.533298
0.881172
0.687035
0.949959
0.564058
0.908592
0.83386
0.533773
0.892261
0.388151
0.777691
0.611771
0.198548
0.177638
0.842046
0.275532
0.590574
0.975747
0.675069
0.578562
0.809576
0.570177
0.181088
0.751158
0.130706
0.739391
0.256418
0.756855
0.826366
0.937625
0.792135
0.618578
0.628876
0.033768
0.446333
0.742849
0.153408
0.615568
0.48191
0.577275
0.8225
0.465301
0.849992
0.217507
0.842458
0.79199
0.231022
0.520828
0.776785
0.910935
0.51315
0.54174
0.051735
0.838546
0.420449
0.049659
0.627663
0.314669
0.970709
0.187809
0.731036
0.154436
0.612498
0.593369
0.699604
0.33864
0.878367
0.529158
0.048977
0.15915
0.543792
0.023756
0.789127
0.684586
0.227968
0.65784
0.131556
0.493029
0.927751
0.803274
0.519399
0.533649
0.040554
0.03282
0.27859
0.505366
0.964052
0.137349
0.670277
0.404902
0.951372
0.872174
0.572301
0.698184
0.816075
0.171772
0.972497
0.961712
0.379085
0.01028
0.334608
0.767821
0.717915
0.368531
0.580889
0.317034
0.791636
0.300616
0.890647
0.35144
0.499899
0.961891
0.844476
0.809681
0.211374
0.3699
0.16348
0.930905
0.661121
0.870683
0.138281
0.499037
0.096196
0.393811
0.836332
0.931014
0.662518
0.037732
0.948533
0.072239
0.949264
0.909902
0.801758
0.114125
0.174365
0.45856
0.173215
0.740485
0.675178
0.600838
0.652439
0.848492
0.283659
0.339724
0.840857
0.319554
0.4536
0.262734
0.643194
0.068439
0.671623
0.851956
0.256468
0.641219
0.903178
0.323682
0.918326
0.334694
0.323426
0.18309
0.605432
0.576769
0.09595
0.160342
0.204767
0.402219
0.497351
0.053427
0.124993
0.247362
0.525737
0.881566
0.625655
0.312469
0.884778
0.07354
0.816119
0.871417
0.894931
0.905789
0.501574
0.646575
0.321266
0.46192
0.351024
0.118493
0.684044
0.052311
0.188386
0.137063
0.139519
0.776398
0.63551
0.980991
0.793879
0.152457
0.200656
0.180159
0.399057
0.134298
0.56253
0.874644
0.808389
0.550244
0.809577
0.627009
0.267605
0.026215
0.445866
0.732087
0.922309
0.690474
0.5335
0.853805
0.889804
0.471784
0.872693
0.362145
0.300759
0.567272
0.512722
0.225984
0.116115
0.988376
0.848467
0.794446
0.095199
0.722398
0.304414
0.715556
0.279303
0.307768
0.442523
0.527653
0.369963
0.626696
0.257868
0.812093
0.682121
0.239957
0.373941
0.273772
0.089578
0.093682
0.209435
0.76211
0.71486
0.210835
0.578083
0.486117
0.693952
0.573728
0.748118
0.468035
0.858677
0.882515
0.312707
0.367175
0.900738
0.102579
0.907435
0.583609
0.193445
0.582925
0.061411
0.122205
0.772505
0.505399
0.732068
0.855433
0.300862
0.656748
0.315081
0.681556
0.132861
0.439496
0.882494
0.682922
0.463716
0.850289
0.924029
0.598719
0.723764
0.562562
0.250511
0.547747
0.578177
0.26195
0.478719
0.124631
0.040869
0.825695
0.065607
0.295033
0.709602
0.534072
0.184172
0.328341
0.606943
0.953296
0.505864
0.765307
0.307478
0.14431
0.864474
0.949794
0.250232
0.856956
0.110717
0.23327
0.17603
0.139829
0.709252
0.871157
0.879845
0.088804
0.114386
0.955474
0.343399
0.908625
0.156455
0.545313
0.981454
0.376777
0.580754
0.412387
0.438898
0.274942
0.087079
0.722905
0.642335
0.093068
0.581599
0.873696
0.167739
0.268816
0.064091
0.581356
0.257013
0.293644
0.441534
0.999307
0.661663
0.911302
0.107191
0.959491
0.030552
0.087827
0.001745
0.074869
0.431026
0.060501
0.963855
0.368917
0.032662
0.255158
0.266806
0.216963
0.539752
0.86233
0.853061
0.429957
0.902328
0.708641
0.575856
0.336615
0.122362
0.002887
0.11432
0.860665
0.126299
0.356052
0.61983
0.836286
0.040191
0.553091
0.200849
0.647572
0.266291
0.887206
0.776341
0.300343
0.935891
0.483628
0.854233
0.68843
0.789191
0.457914
0.619103
0.605611
0.539373
0.560926
0.114817
0.460459
0.56011
0.697121
0.005857
0.61634
0.383128
0.777765
0.972399
0.305182
0.75956
0.631426
0.094182
0.774492
0.611289
0.429401
0.712527
0.289125
0.590058
0.27407
0.801829
0.302991
0.775975
0.305323
0.963175
0.079866
0.01005
0.379895
0.911011
0.420213
0.554463
0.522314
0.088771
0.88241
0.528261
0.712247
0.058586
0.559355
0.557168
0.195081
0.264758
0.748968
0.929181
0.973209
0.678394
0.461009
0.901189
0.783934
0.406039
0.589724
0.484131
0.591798
0.506252
0.038828
0.269458
0.603926
0.719853
0.477183
0.078882
0.222824
0.020256
0.249022
0.05517
0.077927
0.800052
0.585784
0.538876
0.861798
0.044745
0.699809
0.874867
0.168329
0.12336
0.704701
0.92664
0.131277
0.774526
0.9713
0.784753
0.559079
0.164452
0.835716
0.310912
0.545046
0.365854
0.392017
0.931657
0.903152
0.85811
0.49486
0.232999
0.566894
0.955687
0.837575
0.517454
0.555129
0.31291
0.398032
0.278348
0.621971
0.779287
0.478471
0.239801
0.380594
0.049097
0.321188
0.662654
0.184447
0.131583
0.503552
0.503147
0.950976
0.094472
0.354823
0.280679
0.42961
0.921772
0.54705
0.754655
0.680716
0.570563
0.737525
0.317813
0.814016
0.565928
0.990488
0.832368
0.747698
0.899561
0.368412
0.696239
0.509112
0.265764
0.71373
0.387313
0.263293
0.032505
0.40371
0.60988
0.861322
0.038299
0.419087
0.838584
0.599888
0.891485
0.879264
0.638255
0.102545
0.972775
0.35903
0.004768
0.615027
0.195421
0.238812
0.374372
0.650459
0.888401
0.240133
0.731345
0.62006
0.857512
0.779832
0.250317
0.572384
0.036697
0.547844
0.494658
0.500326
0.072928
0.49099
0.573647
0.889261
0.400466
0.820488
0.41722
0.045617
0.235495
0.026659
0.166541
0.067926
0.645654
0.100031
0.396487
0.548473
0.869494
0.391097
0.895365
0.167095
0.342399
0.065225
0.823403
0.146737
0.507875
0.934577
0.789661
0.839346
0.517728
0.816456
0.827681
0.443455
0.556416
0.862449
0.846008
0.835682
0.50533
0.830647
0.11303
0.733635
0.494939
0.678144
0.314195
0.11599
0.72406
0.796808
0.095912
0.523295
0.852203
0.803774
0.039277
0.771595
0.733903
0.932505
0.870606
0.545228
0.704651
0.127283
0.852659
0.078971
0.128299
0.92477
0.72669
0.268968
0.382894
0.189023
0.526108
0.722293
0.69
0.709795
0.696333
0.469755
0.63896
0.540291
0.009719
0.423386
0.941639
0.245876
0.946301
0.534382
0.372604
0.808285
0.61822
0.912341
0.621709
0.898588
0.895238
0.341618
0.943738
0.517719
0.427819
0.290571
0.254337
0.361405
0.90921
0.826594
0.220065
0.467778
0.540432
0.797099
0.472609
0.893457
0.24324
0.186135
0.99174
0.756608
0.042289
0.380328
0.924845
0.012259
0.556102
0.769951
0.232129
0.908309
0.459146
0.297866
0.934187
0.95367
0.945654
0.251757
0.978845
0.053747
0.402467
0.56774
0.711067
0.616672
0.239082
0.390617
0.676666
0.057347
0.799271
0.450877
0.012137
0.157656
0.803461
0.511345
0.481378
0.724511
0.630834
0.472282
0.231867
0.292208
0.838325
0.226224
0.528168
0.886664
0.851674
0.676482
0.123557
0.221997
0.55123
0.751234
0.756724
0.795674
0.208689
0.886994
0.649765
0.289399
0.045077
0.35835
0.278186
0.46738
0.038494
0.256955
0.084437
0.034449
0.632901
0.365534
0.725443
0.348088
0.177842
0.004532
0.331677
0.927042
0.063441
0.043356
0.106061
0.165295
0.931862
0.544725
0.454787
0.69846
0.82338
0.748049
0.13213
0.165691
0.921273
0.822914
0.892527
0.943413
0.605543
0.514465
0.396845
0.021924
0.748142
0.376107
0.80421
0.096053
0.86934
0.609699
0.904925
0.595882
0.121845
0.900003
0.994859
0.760904
0.20291
0.088756
0.629297
0.45285
0.416823
0.236443
0.612915
0.47767
0.791428
0.328795
0.107963
0.064227
0.785058
0.73075
0.90865
0.666614
0.480619
0.289148
0.285514
0.332446
0.606347
0.511199
0.308752
0.323889
0.398584
0.285005
0.512994
0.112409
0.794417
0.728808
0.421034
0.916983
0.788927
0.849855
0.751539
0.070185
0.566431
0.29337
0.399461
0.844908
0.951663
0.605429
0.642835
0.716219
0.529216
0.321242
0.657155
0.676235
0.270467
0.79204
0.862893
0.091858
0.264405
0.654722
0.670183
0.956803
0.090306
0.666236
0.568473
0.505231
0.160333
0.331594
0.485967
0.872327
0.566081
0.125457
0.511608
0.641648
0.061336
0.819206
0.904557
0.304604
0.989335
0.459738
0.333601
0.427346
0.332653
0.403444
0.758898
0.420074
0.676549
0.948645
0.467445
0.577075
0.112215
0.593013
0.592641
0.176216
0.72569
0.709906
0.372275
0.609829
0.621054
0.960386
0.339411
0.089033
0.490115
0.520035
0.696459
0.363145
0.542705
0.372919
0.713856
0.372884
0.358365
0.148791
0.710365
0.165566
0.781868
0.033147
0.710815
0.710906
0.289062
0.777643
0.115445
0.176178
0.959359
0.713344
0.632358
0.539788
0.201151
0.982285
0.601767
0.820724
0.595311
0.862126
0.212727
0.102442
0.393173
0.256685
0.403098
0.954547
0.245117
0.530459
0.318934
0.426801
0.963302
0.872059
0.820455
0.758998
0.757619
0.295316
0.692255
0.841426
0.406194
0.814341
0.646103
0.373443
0.300915
0.577832
0.19959
0.139579
0.828182
0.706057
0.055923
0.817828
0.384256
0.288068
0.896681
0.837763
0.111591
0.01579
0.310792
0.143064
0.821177
0.040189
0.777405
0.917253
0.822008
0.570377
0.478971
0.244334
0.396262
0.659869
0.356496
0.738159
0.640151
0.458193
0.61802
0.2841
0.827984
0.247283
0.096408
0.551837
0.885792
0.639442
0.531275
0.576073
0.396591
0.947437
0.624913
0.834504
0.759802
0.668849
0.124434
0.007779
0.815664
0.496861
0.486377
0.806145
0.527783
0.116547
0.236491
0.377628
0.700051
0.432682
0.538116
0.174417
0.637254
0.027002
0.728959
0.03772
0.785684
0.192723
0.849992
0.136615
0.475035
0.589199
0.740733
0.847561
0.28914
0.43541
0.343926
0.439581
0.755612
0.334255
0.757346
0.103816
0.805414
0.226114
0.461179
0.602302
0.229108
0.500725
0.890155
0.61513
0.821108
0.805756
0.564222
0.63518
0.51691
0.940955
0.805925
0.013029
0.207689
0.88108
0.532937
0.082115
0.546921
0.611856
0.627243
0.415977
0.964786
0.450467
0.905197
0.554731
0.408099
0.682503
0.236157
0.585688
0.32399
0.499988
0.29404
0.051177
0.99728
0.166237
0.23552
0.084974
0.319349
0.998613
0.404188
0.271272
0.229035
0.853554
0.489652
0.891441
0.729852
0.192523
0.081428
0.78118
0.926381
0.127614
0.495576
0.081898
0.989106
0.124439
0.381681
0.46854
0.29851
0.393898
0.501306
0.046062
0.403957
0.65147
0.158384
0.417583
0.038658
0.40496
0.309007
0.697272
0.9958
0.737788
0.297571
0.37299
0.359778
0.012655
0.454335
0.271089
0.473104
0.947906
0.130081
0.746866
0.604449
0.013107
0.38153
0.271474
0.853679
0.775354
0.180204
0.331255
0.341848
0.733737
0.039216
0.67492
0.048008
0.819977
0.014158
0.043056
0.298136
0.228302
0.382824
0.31465
0.794046
0.913784
0.901088
0.010315
0.984464
0.441854
0.46801
0.710449
0.714691
0.900392
0.493593
0.519889
0.322565
0.45422
0.231325
0.097688
0.211516
0.644336
0.309442
0.829169
0.466119
0.273234
0.312393
0.014971
0.493433
0.265341
0.73061
0.708154
0.104138
0.215949
0.570249
0.244231
0.259555
0.081874
0.747516
0.506738
0.141401
0.968615
0.429727
0.664795
0.294103
0.857703
0.273305
0.709731
0.546395
0.41548
0.973668
0.893961
0.297826
0.403548
0.829736
0.924274
0.868629
0.586644
0.961595
0.6741
0.485613
0.052143
0.596629
0.188248
0.817298
0.223795
0.644944
0.843261
0.622902
0.336426
0.373274
0.454536
0.022233
0.91836
0.127832
0.36473
0.596787
0.976274
0.750465
0.421681
0.879342
0.992431
0.120347
0.162851
0.96987
0.840226
0.656093
0.566821
0.464914
0.979954
0.795536
0.640341
0.581451
0.703074
0.566324
0.19328
0.241161
0.930024
0.619938
0.503965
0.64322
0.401505
0.233155
0.687283
0.203089
0.43237
0.338104
0.881759
0.33873
0.646545
0.881193
0.798088
0.249481
0.562367
0.384371
0.780396
0.558635
0.700092
0.109707
0.157436
0.695288
0.629837
0.666295
0.375032
0.085261
0.101934
0.064491
0.988024
0.158676
0.233445
0.599721
0.939826
0.039914
0.918032
0.424212
0.795128
0.46983
0.631801
0.83573
0.952538
0.494005
0.924501
0.316981
0.368956
0.78741
0.681974
0.489442
0.94329
0.575945
0.020234
0.809248
0.829714
0.00034
0.002565
0.585642
0.992927
0.77768
0.689759
0.493763
0.966339
0.668052
0.005395
0.991068
0.873623
0.769741
0.5298
0.631673
0.66816
0.370671
0.76834
0.47227
0.209754
0.417431
0.282514
0.906551
0.742425
0.396166
0.070013
0.611866
0.163431
0.453686
0.377091
0.123228
0.68895
0.036121
0.798724
0.475521
0.302476
0.157249
0.80252
0.376706
0.180264
0.042645
0.835973
0.288107
0.49436
0.033432
0.547471
0.422609
0.142853
0.374482
0.189646
0.052947
0.847343
0.691202
0.292629
0.585241
0.509243
0.803096
0.72436
0.277511
0.310079
0.306228
0.686531
0.509559
0.373494
0.759965
0.399055
0.252487
0.714988
0.480148
0.967123
0.158031
0.721372
0.088561
0.56506
0.95864
0.479171
0.433279
0.852193
0.325199
0.082298
0.533957
0.95037
0.378821
0.878244
0.444579
0.932059
0.161509
0.438354
0.498452
0.697798
0.355977
0.486753
0.393875
0.748636
0.407254
0.00899
0.807276
0.422685
0.998636
0.176277
0.512015
0.317388
0.368795
0.066863
0.263856
0.745055
0.199744
0.423673
0.884935
0.45392
0.626967
0.967166
0.229194
0.3199
0.85149
0.441143
0.441708
0.411589
0.166985
0.000814
0.134117
0.210145
0.061847
0.053636
0.753054
0.890353
0.079744
0.40345
0.865178
0.232449
0.057082
0.69577
0.694782
0.692588
0.544281
0.846528
0.082621
0.966633
0.432738
0.579505
0.810988
0.894232
0.533216
0.217585
0.889968
0.633343
0.979774
0.782692
0.882585
0.750244
0.60218
0.448498
0.832438
0.23536
0.892695
0.13125
0.334191
0.127973
0.376752
0.119092
0.131166
0.67343
0.598659
0.355823
0.446785
0.680874
0.304012
0.27514
0.209833
0.418008
0.567288
0.893195
0.140486
0.354225
0.3808
0.067119
0.803035
0.923192
0.22987
0.154104
0.29152
0.562867
0.676876
0.697419
0.910072
0.664519
0.198438
0.353868
0.26481
0.501397
0.479611
0.409238
0.340254
0.065611
0.512045
0.697623
0.419264
0.699659
0.364414
0.148285
0.53728
0.606266
0.13262
0.381198
0.71622
0.361117
0.154296
0.333048
0.785088
0.379541
0.351512
0.276206
0.525192
0.95415
0.416569
0.943324
0.376643
0.033616
0.031761
0.565453
0.332457
0.452089
0.480281
0.229842
0.703975
0.640838
0.582564
0.387677
0.432425
0.951323
0.462653
0.734736
0.420349
0.327393
0.352454
0.172418
0.463332
0.82876
0.534835
0.108491
0.378104
0.171667
0.142992
0.641489
0.436217
0.137751
0.436716
0.277859
0.519974
0.148303
0.75835
0.327153
0.730433
0.800271
0.879366
0.675166
0.079341
0.670965
0.18743
0.621656
0.417625
0.622137
0.790075
0.484841
0.437892
0.965983
0.930268
0.330075
0.168216
0.756058
0.65686
0.837896
0.669099
0.30917
0.026538
0.013572
0.284058
0.655754
0.302237
0.974399
0.780099
0.017447
0.209362
0.395166
0.656137
0.639587
0.15465
0.064497
0.872687
0.571792
0.511341
0.18699
0.692978
0.42886
0.392492
0.306345
0.844237
0.851531
0.093165
0.020802
0.287541
0.005262
0.407365
0.009036
0.343057
0.038547
0.644695
0.71305
0.457638
0.031043
0.283638
0.27351
0.458165
0.74185
0.082139
0.903166
0.345344
0.717716
0.423931
0.382386
0.939
0.222831
0.561522
0.026678
0.0657
0.574591
0.472258
0.385423
0.437863
0.700678
0.727645
0.592735
0.512603
0.042853
0.751559
0.615674
0.07341
0.3689
0.176372
0.99043
0.649716
0.735976
0.732751
0.262671
0.524439
0.156875
0.514819
0.351459
0.299336
0.47553
0.416236
0.384096
0.323809
0.062788
0.414061
0.973144
0.36807
0.719232
0.278959
0.683045
0.397082
0.962167
0.259401
0.298826
0.002649
0.876754
0.379979
0.506481
0.229294
0.991758
0.217069
0.209464
0.941854
0.569619
0.413012
0.462087
0.769965
0.528029
0.457312
0.119822
0.349847
0.936475
0.574869
0.541866
0.856662
0.375447
0.284037
0.724489
0.344141
0.030742
0.136806
0.17212
0.522732
0.281059
0.508608
0.936293
0.858254
0.689125
0.591875
0.760842
0.450403
0.145078
0.539348
0.828648
0.508676
0.858371
0.156962
0.754556
0.27026
0.302054
0.067064
0.378438
0.166623
0.383166
0.755557
0.439927
0.397227
0.817441
0.392154
0.330571
0.369265
0.004746
0.399896
0.380668
0.439132
0.122509
0.511223
0.02744
0.293712
0.334161
0.247856
0.684161
0.588714
0.293088
0.015626
0.286366
0.325664
0.334882
0.980727
0.474264
0.509142
0.344951
0.663345
0.482575
0.971227
0.628808
0.112224
0.35519
0.356652
0.78518
0.510491
0.77645
0.048469
0.86245
0.68815
0.040965
0.190475
0.645259
0.225472
0.496827
0.870176
0.810107
0.961692
0.059688
0.716679
0.370644
0.56907
0.522672
0.406004
0.42096
0.063798
0.102754
0.956444
0.566107
0.994475
0.555287
0.028067
0.564274
0.945885
0.233908
0.441673
0.532555
0.212848
0.838674
0.919819
0.34963
0.31784
0.745284
0.024949
0.863176
0.336523
0.449345
0.202963
0.613807
0.199975
0.114294
0.051256
0.116373
0.481841
0.214574
0.081456
0.268996
0.087442
0.685392
0.798133
0.717895
0.547911
0.344448
0.599795
0.536573
0.91156
0.010308
0.650108
0.958033
0.49664
0.421098
0.733813
0.156622
0.488433
0.063701
0.079615
0.878055
0.514249
0.739195
0.97609
0.022873
0.115067
0.481832
0.46659
0.952819
0.022637
0.750044
0.236716
0.646123
0.810603
0.942979
0.189126
0.242412
0.336037
0.205786
0.633072
0.225436
0.296715
0.021846
0.303077
0.963574
0.126566
0.065162
0.62663
0.395695
0.113615
0.964378
0.515779
0.389148
0.247241
0.276983
0.199482
0.530419
0.978543
0.815659
0.121164
0.934013
0.87264
0.514713
0.787768
0.440308
0.681548
0.026013
0.787539
0.618131
0.879309
0.150639
0.444567
0.944212
0.39092
0.667271
0.897787
0.78326
0.495989
0.984645
0.305158
0.033891
0.736789
0.357993
0.373947
0.828413
0.858793
0.575324
0.265376
0.717431
0.915264
0.429768
0.969533
0.611389
0.792569
0.967786
0.679348
0.555235
0.605732
0.06605
0.481353
0.576901
0.95251
0.641884
0.664271
0.412361
0.64142
0.325794
0.064401
0.388215
0.474362
0.409047
0.563044
0.426576
0.145218
0.984194
0.346479
0.614758
0.520484
0.853545
0.763495
0.829396
0.874332
0.551266
0.489732
0.615622
0.623754
0.263409
0.542227
0.213136
0.190381
0.425627
0.33615
0.338041
0.883804
0.831216
0.770176
0.228646
0.012577
0.756225
0.522281
0.416996
0.064652
0.809486
0.01429
0.487416
0.624597
0.245563
0.790218
0.457947
0.461992
0.23068
0.867332
0.549022
0.08234
0.421829
0.307546
0.213308
0.568676
0.930488
0.025161
0.392574
0.939099
0.323701
0.070729
0.969211
0.739639
0.51938
0.943612
0.671954
0.168456
0.473292
0.485336
0.703795
0.238776
0.179119
0.094364
0.379108
0.766653
0.518485
0.648635
0.765827
0.738255
0.008301
0.272922
0.819579
0.928027
0.506833
0.801185
0.110855
0.094118
0.076738
0.77891
0.34364
0.651713
0.901943
0.611016
0.705772
0.009501
0.570327
0.551596
0.302231
0.488327
0.193601
0.337135
0.404543
0.880054
0.238271
0.267475
0.591395
0.817454
0.596324
0.15307
0.47026
0.785897
0.885727
0.70447
0.747198
0.218485
0.180735
0.183908
0.541406
0.32829
0.4522
0.2824
0.447779
0.70281
0.872657
0.585611
0.055322
0.118341
0.818214
0.985424
0.864081
0.418231
0.735706
0.120903
0.224978
0.346724
0.266451
0.833959
0.799123
0.477745
0.040096
0.629682
0.929864
0.037947
0.845136
0.329536
0.403445
0.57796
0.402301
0.259001
0.509458
0.85764
0.916878
0.677256
0.046276
0.920752
0.854838
0.974279
0.418352
0.623314
0.006526
0.334022
0.341369
0.352775
0.774454
0.816371
0.962662
0.50418
0.743672
0.239134
0.289049
0.629709
0.993643
0.70889
0.797944
0.909802
0.614119
0.878997
0.455197
0.687378
0.111735
0.535784
0.985397
0.126143
0.660986
0.563912
0.96289
0.142812
0.370917
0.848978
0.93115
0.143037
0.028151
0.437465
0.52024
0.013985
0.331632
0.214533
0.901476
0.541119
0.287266
0.92932
0.805855
0.275758
0.638046
0.706586
0.595857
0.162642
0.260289
0.891873
0.36102
0.81347
0.640227
0.036557
0.281381
0.304579
0.454915
0.701376
0.325453
0.779216
0.495746
0.803293
0.228705
0.163752
0.372638
0.421653
0.52647
0.346372
0.244227
0.71278
0.805258
0.041014
0.285395
0.824675
0.302693
0.161361
0.314743
0.552058
0.161477
0.380593
0.677522
0.006457
0.862561
0.487559
0.23921
0.001196
0.213443
0.716656
0.979701
0.83376
0.427566
0.053298
0.711656
0.600634
0.882602
0.916111
0.206945
0.311323
0.445053
0.650507
0.48243
0.745376
0.08996
0.274119
0.874315
0.153439
0.82029
0.646101
0.252138
0.317009
0.306873
0.376574
0.509516
0.01644
0.315202
0.325901
0.948514
0.276411
0.705149
0.499311
0.933173
0.955455
0.366865
0.817318
0.721564
0.352406
0.457018
0.621706
0.309064
0.853946
0.407783
0.162795
0.565953
0.685213
0.234179
0.513634
0.768161
0.537306
0.584957
0.13906
0.919133
0.397216
0.481622
0.932027
0.544119
0.604691
0.424051
0.502134
0.663228
0.029997
0.806098
0.260266
0.069166
0.734356
0.186672
0.847059
0.976018
0.604543
0.872786
0.58711
0.205943
0.963949
0.260069
0.549143
0.308479
0.143128
0.379563
0.331472
0.455942
0.431796
0.232388
0.927079
0.813144
0.790108
0.911535
0.911111
0.070023
0.706068
0.140001
0.164332
0.26127
0.018222
0.072008
0.88651
0.242571
0.177642
0.807214
0.146389
0.234136
0.334886
0.415276
0.849226
0.108878
0.243867
0.796554
0.700612
0.159362
0.442471
0.715689
0.3797
0.958475
0.281839
0.977008
0.112469
0.969947
0.260137
0.901724
0.498165
0.473751
0.788503
0.954568
0.581472
0.205922
0.811435
0.731702
0.471505
0.534507
0.495125
0.435773
0.858919
0.187741
0.843249
0.690982
0.956655
0.805193
0.892466
0.393447
0.247957
0.848348
0.74905
0.636901
0.739309
0.961992
0.433768
0.385945
0.440069
0.243465
0.241135
0.431531
0.666981
0.907267
0.31247
0.946575
0.117937
0.829246
0.84262
0.7298
0.262644
0.192672
0.473285
0.964671
0.500754
0.024767
0.183345
0.986273
0.322031
0.6576
0.662256
0.079976
0.473814
0.53479
0.543519
0.600328
0.192391
0.109791
0.211459
0.854467
0.47328
0.963686
0.578018
0.251431
0.242476
0.761108
0.965981
0.003845
0.530691
0.714961
0.652127
0.360229
0.862151
0.872848
0.552328
0.111826
0.474958
0.973835
0.890095
0.531174
0.12588
0.631749
0.294514
0.210639
0.283061
0.522155
0.703699
0.451523
0.688401
0.048977
0.537747
0.781928
0.213488
0.7834
0.667237
0.649566
0.67228
0.647815
0.510561
0.037909
0.746071
0.470484
0.445386
0.023053
0.202296
0.026873
0.486184
0.122463
0.628696
0.860706
0.210331
0.94934
0.33924
0.54004
0.754669
0.919363
0.944597
0.176002
0.05171
0.113053
0.547524
0.189391
0.14186
0.507452
0.221052
0.370671
0.563913
0.879246
0.097944
0.805128
0.56688
0.062142
0.060176
0.309382
0.53012
0.917229
0.89941
0.482583
0.323407
0.299132
0.848988
0.216794
0.165101
0.687191
0.970298
0.42357
0.439833
0.456178
0.95217
0.021162
0.499719
0.476815
0.886606
0.744324
0.332573
0.950617
0.696142
0.311161
0.445433
0.005733
0.143941
0.465385
0.347411
0.236038
0.07547
0.475558
0.660586
0.325601
0.512365
0.997109
0.303345
0.490959
0.862055
0.733764
0.854825
0.070893
0.099823
0.832143
0.411139
0.620977
0.171679
0.526673
0.057012
0.668332
0.462143
0.925335
0.958804
0.299357
0.146561
0.250669
0.2424
0.574939
0.480015
0.918744
0.063809
0.600364
0.780972
0.662365
0.738668
0.274827
0.992927
0.309094
0.344764
0.409181
0.457885
0.754074
0.212497
0.951767
0.372377
0.565594
0.175303
0.683502
0.167411
0.598676
0.906589
0.5393
0.887181
0.322946
0.500186
0.293248
0.225716
0.965682
0.571301
0.469164
0.111669
0.813502
0.8434
0.154037
0.477325
0.0833
0.115781
0.950723
0.265815
0.819952
0.589989
0.637012
0.26629
0.028797
0.775385
0.163697
0.026432
0.551386
0.438945
0.121651
0.107693
0.366514
0.59021
0.60088
0.59468
0.576218
0.706257
0.238312
0.674565
0.362776
0.202696
0.408372
0.52766
0.855576
0.184185
0.574006
0.379816
0.493014
0.986251
0.960223
0.881819
0.017997
0.0121
0.310418
0.935929
0.398816
0.455978
0.130211
0.841165
0.580895
0.088041
0.492276
0.650984
0.362215
0.220922
0.468633
0.528711
0.304792
0.497462
0.664646
0.808651
0.080239
0.79226
0.047206
0.982128
0.934306
0.538545
0.650567
0.470763
0.611118
0.442554
0.333433
0.208089
0.207871
0.546497
0.672209
0.935119
0.528656
0.635873
0.890483
0.038067
0.275201
0.142503
0.967179
0.585544
0.449131
0.349612
0.558369
0.10452
0.260979
0.946489
0.294866
0.384737
0.617413
0.911448
0.377873
0.210824
0.63763
0.299489
0.414667
0.316543
0.43545
0.925501
0.785864
0.275825
0.435903
0.164766
0.308998
0.760875
0.42338
0.305061
0.8061
0.416967
0.426431
0.778393
0.583024
0.787646
0.611004
0.512721
0.88265
0.163597
0.755109
0.767742
0.757873
0.755051
0.53068
0.332886
0.909026
0.025347
0.271876
0.083425
0.659885
0.593778
0.662298
0.836601
0.9474
0.579087
0.887152
0.668684
0.718872
0.074984
0.013462
0.79056
0.959124
0.962406
0.206577
0.437269
0.742134
0.902875
0.616954
0.053962
0.601377
0.26539
0.279721
0.855707
0.661996
0.669126
0.706068
0.631199
0.246335
0.504761
0.977613
0.35756
0.484635
0.991262
0.847892
0.258456
0.856115
0.852948
0.750171
0.098822
0.781272
0.179346
0.619069
0.594973
0.308608
0.095691
0.230256
0.49812
0.605636
0.829564
0.914585
0.423653
0.681446
0.563536
0.852639
0.992545
0.490915
0.737485
0.751181
0.218325
0.146003
0.914349
0.265914
0.971604
0.276123
0.958614
0.378821
0.803717
0.728903
0.81767
0.851199
0.182359
0.548975
0.191079
0.826804
0.952132
0.92718
0.250207
0.058702
0.674939
0.169172
0.401522
0.294967
0.611328
0.03333
0.921716
0.891652
0.485674
0.962457
0.88331
0.982743
0.786245
0.059342
0.838345
0.49918
0.574436
0.629441
0.976955
0.616771
0.615381
0.777565
0.7635
0.402991
0.048335
0.143664
0.243819
0.269009
0.514141
0.718164
0.855152
0.564593
0.8448
0.72701
0.355458
0.973373
0.846357
0.641324
0.996096
0.535426
0.137227
0.597627
0.354587
0.807962
0.427631
0.269422
0.919394
0.600731
0.070724
0.813936
0.75854
0.197303
0.920441
0.620831
0.102467
0.080691
0.405134
0.894059
0.723803
0.650689
0.459434
0.482573
0.152016
0.403194
0.676483
0.246418
0.608393
0.777058
0.876662
0.564418
0.528156
0.597392
0.988038
0.284746
0.83403
0.651078
0.835562
0.052571
0.398874
0.135327
0.939235
0.270515
0.395114
0.373123
0.868044
0.346726
0.447321
0.571601
0.704525
0.301364
0.506126
0.044523
0.091009
0.625026
0.028165
0.749421
0.171999
0.941926
0.892149
0.622678
0.017774
0.856644
0.056013
0.74789
0.561891
0.494311
0.339698
0.222456
0.266504
0.558636
0.884577
0.573764
0.283054
0.950308
0.182817
0.592963
0.144228
0.385438
0.578331
0.110853
0.876855
0.127684
0.239397
0.729378
0.160349
0.254801
0.302256
0.940926
0.459733
0.541275
0.771693
0.315023
0.459015
0.50535
0.222271
0.048075
0.383999
0.730205
0.833761
0.75931
0.373961
0.177578
0.183474
0.738104
0.825838
0.8899
0.729704
0.759383
0.398527
0.652708
0.322876
0.738329
0.754252
0.888723
0.195741
0.368681
0.518272
0.235685
0.058796
0.54577
0.203859
0.197566
0.982309
0.066494
0.026526
0.526354
0.039178
0.782954
0.915386
0.334979
0.255555
0.013465
0.02617
0.710365
0.412506
0.315151
0.02726
0.240522
0.220635
0.086593
0.763614
0.525475
0.990678
0.107316
0.404529
0.569007
0.241719
0.040181
0.302521
0.787476
0.254227
0.017579
0.982298
0.397608
0.135178
0.203942
0.487738
0.835985
0.776774
0.587777
0.428735
0.241586
0.908947
0.583637
0.949851
0.251113
0.641632
0.587733
0.66764
0.452017
0.472793
0.4973
0.67618
0.679885
0.669415
0.310543
0.363962
0.024558
0.351017
0.010851
0.252165
0.490803
0.558728
0.706881
0.431689
0.999327
0.573016
0.168026
0.363535
0.092344
0.31788
0.870083
0.340835
0.151527
0.778387
0.678861
0.930192
0.541921
0.956849
0.353513
0.849532
0.249928
0.410399
0.274127
0.223888
0.26204
0.915622
0.909085
0.599002
0.539981
0.751871
0.608275
0.110788
0.42611
0.40033
0.033041
0.767532
0.571549
0.806737
0.744525
0.779944
0.344074
0.165576
0.179248
0.949946
0.646023
0.951156
0.60469
0.293434
0.256357
0.82302
0.450829
0.317616
0.854489
0.324201
0.015843
0.625622
0.285259
0.846091
0.912639
0.861878
0.557841
0.589987
0.595103
0.464825
0.794401
0.325275
0.57406
0.101151
0.366796
0.372425
0.695917
0.025088
0.051009
0.752463
0.600827
0.929887
0.389698
0.243275
0.339778
0.533681
0.666902
0.644148
0.790404
0.44034
0.776908
0.325932
0.693253
0.992605
0.414444
0.330295
0.075965
0.150254
0.807788
0.45408
0.065427
0.635961
0.001746
0.485431
0.863188
0.378979
0.513505
0.175584
0.707024
0.551882
0.810656
0.886459
0.825799
0.883661
0.132368
0.323577
0.670156
0.715892
0.638718
0.476783
0.70855
0.592976
0.915423
0.543369
0.350772
0.821269
0.169875
0.736026
0.44643
0.476782
0.995638
0.652828
0.348469
0.503608
0.07478
0.678327
0.834306
0.230308
0.497302
0.982529
0.288006
0.137239
0.973888
0.263035
0.611627
0.1954
0.594404
0.432528
0.485346
0.158791
0.580407
0.860692
0.610421
0.062288
0.274356
0.369097
0.404796
0.260939
0.598629
0.455431
0.969864
0.002328
0.840174
0.569588
0.307987
0.138296
0.126141
0.661952
0.900926
0.650054
0.538798
0.164694
0.783191
0.690243
0.462275
0.060796
0.825422
0.758478
0.073737
0.373628
0.763088
0.887496
0.158936
0.710403
0.621069
0.366027
0.473697
0.764858
0.773583
0.907712
0.606967
0.474526
0.601771
0.526462
0.49085
0.657907
0.265225
0.803333
0.366856
0.739785
0.251568
0.436657
0.505562
0.290941
0.086925
0.290124
0.412808
0.467099
0.558459
0.337857
0.935101
0.334331
0.891508
0.518053
0.134026
0.878606
0.084266
0.032033
0.000564
0.147735
0.655088
0.239363
0.768325
0.358941
0.885186
0.599121
0.76603
0.670844
0.226528
0.670125
0.097432
0.970092
0.761575
0.418973
0.749899
0.052187
0.378931
0.524234
0.812497
0.460225
0.965846
0.946802
0.894787
0.439317
0.491437
0.325192
0.230787
0.823639
0.831333
0.563751
0.118646
0.895111
0.672435
0.17349
0.499672
0.161553
0.579505
0.881924
0.87967
0.419885
0.288443
0.982702
0.917422
0.697083
0.151543
0.509671
0.171772
0.557531
0.048752
0.209764
0.371578
0.061098
0.177724
0.805338
0.29279
0.083286
0.775766
0.021837
0.314249
0.958962
0.795545
0.861906
0.752825
0.621822
0.870434
0.885342
0.412635
0.889746
0.810761
0.961318
0.598205
0.121257
0.690646
0.561954
0.976685
0.061729
0.837359
0.314282
0.989523
0.567592
0.886941
0.434297
0.402893
0.569785
0.45587
0.140963
0.694836
0.037393
0.937127
0.437503
0.558082
0.132908
0.137422
0.999288
0.705144
0.929135
0.844869
0.750892
0.76488
0.079012
0.366669
0.217319
0.923739
0.977759
0.42749
0.293377
0.584276
0.369799
0.707678
0.580296
0.592148
0.188811
0.14617
0.885314
0.941069
0.186519
0.883043
0.870427
0.230432
0.845082
0.281476
0.220372
0.659593
0.185794
0.656022
0.861064
0.80218
0.561992
0.88598
0.8355
0.648459
0.554706
0.892839
0.841591
0.384486
0.353226
0.258457
0.350376
0.838847
0.144816
0.26172
0.423489
0.749311
0.651798
0.724981
0.000903
0.30185
0.234154
0.520546
0.188229
0.895583
0.439574
0.13237
0.010093
0.850882
0.879712
0.145632
0.534869
0.932973
0.913941
0.607542
0.544721
0.56644
0.411594
0.05733
0.020875
0.461491
0.698115
0.70325
0.185402
0.769611
0.796203
0.731587
0.507026
0.451541
0.88311
0.649577
0.455267
0.542112
0.745936
0.851421
0.765995
0.751283
0.305495
0.157357
0.612323
0.825586
0.069706
0.376682
0.83381
0.188683
0.424169
0.691896
0.091192
0.664757
0.15507
0.387678
0.536493
0.369259
0.109753
0.721503
0.246812
0.321279
0.274292
0.287804
0.553164
0.18161
0.349513
0.570759
0.340537
0.948736
0.886643
0.824636
0.16443
0.093382
0.851476
0.75174
0.036054
0.535863
0.951527
0.742891
0.078106
0.591939
0.274908
0.179095
0.410164
0.33853
0.239949
0.071975
0.695788
0.114942
0.691253
0.336732
0.435571
0.134678
0.160402
0.899302
0.049576
0.893083
0.876176
0.186882
0.594206
0.441465
0.473581
0.869873
0.689878
0.632041
0.286635
0.304389
0.328212
0.685467
0.14069
0.899588
0.2287
0.732598
0.080957
0.812379
0.640341
0.267136
0.391593
0.394638
0.746807
0.309525
0.538856
0.899546
0.984415
0.955358
0.21624
0.309151
0.319997
0.789357
0.922709
0.03572
0.349396
0.151276
0.571434
0.820515
0.050671
0.685238
0.976964
0.355566
0.723287
0.020272
0.889226
0.049736
0.789826
0.267716
0.929729
0.957863
0.598197
0.291591
0.1066
0.034533
0.648595
0.537594
0.356855
0.651742
0.135733
0.798586
0.388207
0.572477
0.754956
0.436373
0.306195
0.472607
0.215092
0.310035
0.883032
0.09753
0.084941
0.182573
0.592895
0.239712
0.677684
0.368155
0.715033
0.582876
0.335137
0.055141
0.354374
0.481641
0.977321
0.947669
0.917979
0.250204
0.711872
0.316217
0.133047
0.899108
0.147373
0.351968
0.203223
0.566617
0.367977
0.072416
0.286073
0.005155
0.144748
0.247595
0.445179
0.967293
0.678915
0.994344
0.283464
0.996065
0.678727
0.899023
0.60257
0.09606
0.21983
0.514434
0.161622
0.164147
0.012208
0.986776
0.359819
0.279263
0.484822
0.861915
0.959463
0.558693
0.859552
0.104297
0.989615
0.771499
0.859861
0.280003
0.647165
0.257612
0.687996
0.81909
0.247508
0.749322
0.303796
0.811538
0.404385
0.253972
0.573485
0.382525
0.007366
0.422138
0.271731
0.536522
0.738818
0.608745
0.585035
0.476373
0.041553
0.345311
0.695588
0.255649
0.79501
0.683462
0.920762
0.556523
0.474032
0.620121
0.550819
0.881706
0.354456
0.870673
0.354256
0.35399
0.625143
0.561987
0.369677
0.977005
0.239666
0.712708
0.121089
0.444864
0.411473
0.047185
0.104318
0.873076
0.845824
0.199167
0.418262
0.147968
0.97607
0.305799
0.295679
0.894368
0.874271
0.137484
0.433174
0.194665
0.831246
0.985853
0.051212
0.236193
0.247693
0.087722
0.784035
0.521257
0.941478
0.197402
0.313517
0.62685
0.165207
0.017683
0.09533
0.425469
0.981096
0.832052
0.635701
0.992398
0.704762
0.751906
0.739132
0.42146
0.830438
0.348395
0.82548
0.95559
0.977909
0.378324
0.495285
0.768381
0.079802
0.181313
0.370749
0.503068
0.723301
0.820214
0.32443
0.634516
0.16574
0.859685
0.84813
0.804179
0.348092
0.30982
0.077292
0.987519
0.350209
0.120861
0.617102
0.883489
0.572533
0.063742
0.931651
0.491796
0.611323
0.442629
0.033422
0.892259
0.143603
0.591147
0.565849
0.827572
0.353778
0.207161
0.955509
0.545158
0.490185
0.886577
0.480974
0.227361
0.795152
0.922066
0.086255
0.328003
0.10574
0.969361
0.005685
0.689419
0.650697
0.955748
0.051003
0.986008
0.785222
0.325893
0.54723
0.136775
0.729633
0.448943
0.797774
0.969481
0.224188
0.431156
0.129716
0.386495
0.064022
0.102664
0.95
0.361776
0.275101
0.734709
0.347212
0.129552
0.792044
0.78557
0.176355
0.6992
0.927659
0.064349
0.934972
0.477565
0.057127
0.658894
0.191231
0.869677
0.691768
0.934317
0.517986
0.202847
0.692147
0.36479
0.378798
0.778856
0.987547
0.910605
0.000453
0.643714
0.270156
0.717123
0.928482
0.178684
0.469969
0.882882
0.350569
0.769507
0.232822
0.647003
0.949209
0.968975
0.660135
0.216359
0.589016
0.773867
0.097861
0.070466
0.244436
0.16349
0.463132
0.978989
0.660992
0.407804
0.783917
0.196792
0.878152
0.070326
0.865412
0.03625
0.935897
0.524417
0.046426
0.476603
0.370162
0.035545
0.368469
0.18944
0.622432
0.561153
0.823216
0.195986
0.350204
0.966162
0.05706
0.719473
0.603072
0.482646
0.674134
0.983976
0.143568
0.653073
0.19583
0.06872
0.891451
0.734624
0.619387
0.437374
0.277827
0.571712
0.015632
0.562826
0.004433
0.432124
0.466049
0.780317
0.619536
0.747751
0.125236
0.75105
0.663645
0.04427
0.422359
0.860794
0.072401
0.16772
0.899733
0.653912
0.845565
0.119809
0.942321
0.79848
0.272423
0.182431
0.680798
0.632862
0.988965
0.059388
0.923596
0.84967
0.734999
0.610046
0.62154
0.346528
0.009492
0.173789
0.503854
0.266034
0.849332
0.730533
0.033116
0.412628
0.023413
0.176548
0.069652
0.821725
0.367435
0.206831
0.223597
0.414299
0.942076
0.174707
0.256817
0.013984
0.928557
0.747109
0.828767
0.659066
0.036839
0.055499
0.114194
0.743147
0.517539
0.6592
0.197907
0.6617
0.058521
0.575612
0.024738
0.938735
0.680899
0.963023
0.269504
0.636761
0.586716
0.491974
0.602078
0.971741
0.702162
0.417035
0.744194
0.257544
0.748247
0.824317
0.900413
0.199803
0.839554
0.740777
0.404763
0.395892
0.409342
0.767929
0.731874
0.690539
0.261446
0.495864
0.177598
0.770041
0.717347
0.818253
0.727827
0.860221
0.987209
0.713668
0.529485
0.407337
0.607136
0.912067
0.757167
0.394655
0.939232
0.028876
0.912106
0.761998
0.00096
0.53939
0.806963
0.240906
0.487423
0.997989
0.562049
0.411085
0.260872
0.222019
0.084727
0.025541
0.932806
0.111485
0.753139
0.654703
0.828796
0.02198
0.711589
0.077464
0.191378
0.934408
0.31149
0.716174
0.808638
0.8976
0.955828
0.135572
0.872304
0.138669
0.463575
0.331374
0.158815
0.850203
0.950444
0.626896
0.161557
0.807348
0.726555
0.576425
0.516399
0.657018
0.923385
0.033507
0.963677
0.854869
0.999481
0.065845
0.449285
0.113593
0.495206
0.296942
0.592688
0.777657
0.808197
0.334053
0.075785
0.858161
0.188033
0.660896
0.407518
0.03874
0.533748
0.097632
0.352617
0.666354
0.054822
0.795241
0.104884
0.473538
0.978253
0.535304
0.809067
0.804208
0.809478
0.323753
0.804369
0.247738
0.740954
0.968472
0.898157
0.656813
0.701338
0.958738
0.577993
0.781631
8.9e-05
0.920952
0.475186
0.379819
0.396215
0.116512
0.301809
0.34226
0.032294
0.982682
0.389916
0.945853
0.036373
0.70193
0.881516
0.413406
0.821747
0.478993
0.918587
0.203017
0.845947
0.022993
0.677158
0.505985
0.615112
0.403668
0.60313
0.741906
0.751073
0.936513
0.858158
0.780277
0.754807
0.684621
0.979733
0.014114
0.811519
0.477947
0.567453
0.906242
0.111156
0.652769
0.571931
0.275965
0.49091
0.153504
0.380505
0.948913
0.273512
0.068724
0.862825
0.633342
0.880378
0.545222
0.255136
0.829771
0.711876
0.236995
0.30018
0.352707
0.515536
0.733065
0.036306
0.608126
0.099614
0.805562
0.160715
0.079994
0.386466
0.40816
0.510412
0.905172
0.026895
0.940887
0.769693
0.031217
0.859523
0.37447
0.779437
0.370451
0.745189
0.342491
0.260867
0.614049
0.753618
0.170448
0.170552
0.460439
0.071885
0.432935
0.276219
0.083889
0.764471
0.644614
0.061137
0.895137
0.744473
0.810573
0.198867
0.961382
0.813057
0.862073
0.045699
0.486474
0.357904
0.622073
0.198155
0.090997
0.285917
0.937058
0.042055
0.809415
0.613354
0.240348
0.808218
0.004125
0.141447
0.930789
0.105942
0.014718
0.60254
0.7839
0.473128
0.921576
0.41304
0.652584
0.870159
0.893138
0.903222
0.0076
0.187512
0.899238
0.375437
0.075879
0.729879
0.133005
0.89527
0.467011
0.973548
0.921449
0.02733
0.016384
0.207655
0.055587
0.68723
0.372842
0.023308
0.897612
0.219304
0.802326
0.879322
0.201014
0.791728
0.621563
0.02501
0.521137
0.394948
0.544607
0.389694
0.179208
0.758006
0.598237
0.880209
0.178594
0.630673
0.999484
0.246065
0.339361
0.289197
0.335374
0.724321
0.662687
0.788763
0.056389
0.112894
0.825744
0.863842
0.2583
0.966145
0.71677
0.806133
0.680677
0.189176
0.579133
0.027388
0.933322
0.629234
0.427595
0.819012
0.781005
0.407087
0.642638
0.292675
0.771776
0.687572
0.322084
0.181953
0.341098
0.750574
0.815513
0.452438
0.22316
0.378399
0.438038
0.400539
0.281758
0.301513
0.932698
0.346986
0.978453
0.284489
0.742647
0.376233
0.303003
0.260899
0.79305
0.373191
0.061271
0.683488
0.032022
0.969633
0.712451
0.670642
0.750014
0.976294
0.468321
0.707878
0.735909
0.413616
0.791151
0.776001
0.631982
0.048033
0.815972
0.963106
0.597282
0.011093
0.140885
0.613433
0.163416
0.004343
0.935368
0.393154
0.535536
0.31163
0.35569
0.022162
0.841392
0.139883
0.77253
0.805374
0.073517
0.269899
0.463402
0.685546
0.69032
0.008374
0.677001
0.122122
0.150742
0.319227
0.882682
0.490513
0.027657
0.976209
0.717165
0.300301
0.001969
0.1301
0.524038
0.082143
0.52698
0.894144
0.204257
0.818661
0.95827
0.861524
0.045517
0.360674
0.170745
0.171197
0.246155
0.929309
0.96887
0.350279
0.624993
0.339445
0.244315
0.50326
0.44385
0.972094
0.776689
0.608636
0.047891
0.434866
0.48106
0.504616
0.758462
0.636641
0.377977
0.561485
0.304824
0.549511
0.989216
0.203932
0.640471
0.465643
0.981611
0.453015
0.095067
0.659064
0.44296
0.977815
0.750256
0.196979
0.324075
0.146457
0.680405
0.752952
0.519864
0.62751
0.674046
0.823644
0.620633
0.607755
0.852313
0.640342
0.39301
0.241771
0.52184
0.430006
0.936307
0.737418
0.766123
0.276941
0.846678
0.970199
0.917138
0.950033
0.799951
0.570592
0.798625
0.49866
0.350037
0.776823
0.290644
0.935124
0.822555
0.264199
0.88702
0.269318
0.106997
0.803301
0.086319
0.876869
0.508792
0.120192
0.419998
0.335245
0.863593
0.120636
0.984812
0.170116
0.884606
0.190736
0.950585
0.212111
0.580178
0.681405
0.684971
0.715061
0.831117
0.759618
0.962005
0.941197
0.517809
0.70568
0.472271
0.440887
0.633556
0.444455
0.937873
0.813903
0.571309
0.203756
0.832395
0.428539
0.627084
0.059998
0.94585
0.840054
0.618838
0.995503
0.720341
0.560908
0.984991
0.597947
0.76405
0.421468
0.229022
0.976934
0.361571
0.478808
0.650318
0.090526
0.784285
0.493068
0.18256
0.770592
0.226965
0.771458
0.983414
0.532109
0.917394
0.149342
0.601095
0.951283
0.898406
0.368314
0.34779
0.467877
0.888364
0.178341
0.90764
0.575467
0.201182
0.901788
0.384433
0.533898
0.905611
0.184215
0.364955
0.415118
0.298223
0.884687
0.799825
0.147665
0.545366
0.666197
0.649636
0.691789
0.293365
0.085431
0.950867
0.192764
0.809943
0.465217
0.376873
0.249559
0.772599
0.901092
0.235117
0.414934
0.887856
0.169142
0.874064
0.272361
0.699749
0.763047
0.02585
0.221124
0.300588
0.185827
0.389107
0.513323
0.903125
0.07612
0.149235
0.149156
0.255605
0.614317
0.390202
0.421808
0.612014
0.045962
0.236219
0.551087
0.982893
0.35926
0.919502
0.346225
0.756098
0.985951
0.69355
0.403902
0.176944
0.265355
0.579667
0.021619
0.894718
0.045037
0.428775
0.533676
0.00299
0.331404
0.653351
0.42455
0.607235
0.751837
0.565646
0.336395
0.31902
0.997427
0.487091
0.797451
0.22425
0.967317
0.989856
0.956737
0.238443
0.224975
0.088893
0.798837
0.483525
0.411769
0.301263
0.765473
0.237146
0.380983
0.036064
0.707439
0.102113
0.726575
0.82468
0.772207
0.18209
0.154722
0.730399
0.037071
0.464836
0.686253
0.755622
0.883509
0.099501
0.266546
0.079237
0.342863
0.33176
0.835978
0.47298
0.109161
0.786242
0.890703
0.391974
0.001183
0.520664
0.706208
0.625998
0.379731
0.139181
0.721692
0.089085
0.600137
0.138855
0.110582
0.914424
0.834431
0.931648
0.023383
0.4332
0.332315
0.455623
0.865729
0.335866
0.297807
0.708868
0.79679
0.987586
0.608835
0.809075
0.617929
0.369497
0.797216
0.85937
0.273225
0.414125
0.160267
0.617903
0.840085
0.498462
0.755186
0.66302
0.561879
0.65589
0.852249
0.019678
0.331563
0.74886
0.639819
0.500933
0.832805
0.581014
0.189295
0.377031
0.397472
0.579398
0.751451
0.912759
0.486662
0.637061
0.676086
0.454966
0.029632
0.732374
0.976765
0.019341
0.900621
0.682657
0.639051
0.412322
0.65797
0.310918
0.500833
0.476829
0.554355
0.528618
0.792115
0.0939
0.063982
0.722804
0.424291
0.629463
0.687811
0.221531
0.886882
0.960993
0.154985
0.80441
0.72224
0.180087
0.413298
0.658638
0.929664
0.474706
0.325542
0.47112
0.32792
0.844565
0.925096
0.438495
0.906143
0.26038
0.876542
0.605785
0.894831
0.328709
0.484467
0.954724
0.942378
0.328492
0.028204
0.682659
0.243785
0.605619
0.39612
0.146365
0.396147
0.833228
0.663692
0.323232
0.264918
0.810107
0.045717
0.491024
0.520335
0.106075
0.708671
0.854965
0.907807
0.605298
0.277201
0.832983
0.687353
0.081816
0.55591
0.02802
0.633448
0.941487
0.818061
0.988787
0.75125
0.774293
0.630795
0.374548
0.378274
0.64354
0.999583
0.076665
0.385786
0.419566
0.75527
0.510647
0.696956
0.10756
0.213597
0.802235
0.080359
0.369661
0.669237
0.427216
0.601236
0.782948
0.568956
0.625457
0.033011
0.337637
0.617724
0.850674
0.976687
0.526593
0.608017
0.020721
0.440919
0.849464
0.15849
0.222612
0.569648
0.225132
0.809412
0.682762
0.177041
0.14851
0.299341
0.356179
0.479393
0.900876
0.638944
0.796614
0.729739
0.706803
0.279869
0.036145
0.941952
0.208126
0.61388
0.82721
0.786989
0.318976
0.391845
0.093481
0.634833
0.458741
0.499362
0.550527
0.291366
0.33082
0.686274
0.821785
0.151119
0.75677
0.9335
0.836822
0.387755
0.608286
0.480684
0.336327
0.470848
0.203196
0.199847
0.361466
0.571697
0.092828
0.821564
0.458188
0.10093
0.590703
0.060319
0.092578
0.461715
0.949232
0.461545
0.607546
0.778821
0.54406
0.46715
0.179771
0.889808
0.95495
0.870941
0.142668
0.276016
0.252473
0.321647
0.302908
0.564273
0.835942
0.181121
0.390334
0.649724
0.943972
0.922592
0.232703
0.66478
0.549849
0.190318
0.003947
0.551191
0.647509
0.806927
0.532714
0.702332
0.701301
0.26811
0.216068
0.105805
0.750385
0.145622
0.531975
0.31588
0.594933
0.0312
0.725333
0.827683
0.665185
0.432691
0.835195
0.212877
0.611703
0.396769
0.452689
0.896563
0.283956
0.501238
0.473446
0.551755
0.712677
0.065584
0.346777
0.781339
0.063886
0.18711
0.689876
0.734163
0.726919
0.677141
0.992662
0.224751
0.103424
0.39867
0.066395
0.863221
0.084161
0.82023
0.170678
0.540874
0.052436
0.351198
0.612396
0.177855
0.570433
0.216078
0.270469
0.997829
0.163363
0.308576
0.455944
0.465844
0.155448
0.485808
0.960521
0.061433
0.53778
0.642353
0.008579
0.113901
0.580475
0.198441
0.066309
0.88883
0.941003
0.944953
0.452292
0.880449
0.943663
0.402881
0.182692
0.824842
0.226988
0.135495
0.824123
0.908617
0.288566
0.921696
0.50011
0.806647
0.341516
0.201514
0.361165
0.977015
0.630379
0.04862
0.724425
0.196596
0.183552
0.659108
0.605356
0.234481
0.804889
0.419805
0.190153
0.934199
0.308898
0.016441
0.690709
0.862546
0.007268
0.850015
0.925782
0.61008
0.866409
0.853811
0.325953
0.284565
0.299604
0.176122
0.776483
0.461374
0.973542
0.3229
0.029398
0.341628
0.764443
0.483099
0.494224
0.966127
0.052987
0.442848
0.329123
0.546733
0.050925
0.60573
0.768909
0.48873
0.740997
0.488686
0.298815
0.537032
0.508515
0.466439
0.118786
0.305897
0.668449
0.802114
0.112769
0.032503
0.415368
0.722879
0.71549
0.491152
0.795834
0.508895
0.308656
0.426307
0.653537
0.740121
0.85696
0.104187
0.979766
0.854649
0.484398
0.186189
0.345595
0.145028
0.319349
0.97095
0.701654
0.22497
0.191459
0.216635
0.044482
0.814792
0.922785
0.825773
0.408855
0.887278
0.389667
0.67452
0.646452
0.566868
0.460996
0.880165
0.295141
0.424557
0.29945
0.545097
0.360448
0.293291
0.996854
0.082819
0.502108
0.305975
0.766514
0.485126
0.830055
0.920079
0.55084
0.547985
0.70206
0.942382
0.804754
0.148602
0.775619
0.493473
0.139518
0.195879
0.865712
0.250213
0.502705
0.199306
0.513721
0.10526
0.520991
0.993707
0.933048
0.802088
0.699365
0.171442
0.22172
0.166545
0.843827
0.031149
0.85576
0.574704
0.51365
0.76586
0.629247
0.447198
0.125145
0.09101
0.656762
0.380882
0.695523
0.645041
0.935056
0.344082
0.896343
0.49684
0.378614
0.500311
0.412841
0.299738
0.490375
0.192951
0.007967
0.375336
0.452783
0.318611
0.17623
0.18127
0.392703
0.070761
0.895053
0.585626
0.001304
0.233639
0.861699
0.479123
0.835547
0.022282
0.915051
0.17326
0.6981
0.83912
0.172352
0.546751
0.504114
0.503642
0.50624
0.60643
0.075339
0.442863
0.307675
0.90934
0.317982
0.715866
0.711446
0.317737
0.308587
0.456013
0.883384
0.954571
0.220659
0.804837
0.202013
0.175776
0.980172
0.259205
0.966513
0.111673
0.228639
0.75309
0.784102
0.12084
0.17955
0.512331
0.918977
0.815138
0.446816
0.43517
0.603848
0.246486
0.220657
0.51626
0.759995
0.283959
0.488416
0.647141
0.703399
0.763497
0.903847
0.741481
0.672489
0.557746
0.906051
0.434762
0.371564
0.084985
0.42621
0.947619
0.786117
0.013694
0.883874
0.484247
0.341084
0.476269
0.908233
0.379784
0.700966
0.742201
0.128933
0.555637
0.792469
0.698269
0.255273
0.685202
0.921552
0.683868
0.15973
0.123258
0.890272
0.849805
0.684752
0.802152
0.723591
0.16503
0.24081
0.493411
0.608551
0.610746
0.621905
0.479479
0.702523
0.137188
0.847459
0.613133
0.67161
0.599761
0.301596
0.134108
0.264738
0.358388
0.077708
0.020979
0.286903
0.628103
0.748217
0.242593
0.787312
0.950305
0.025866
0.763593
0.241381
0.172875
0.127061
0.626965
0.852516
0.546993
0.851528
0.264873
0.314403
0.060083
0.385744
0.857814
0.031294
0.52332
0.664609
0.434114
0.482611
0.117869
0.433865
0.39779
0.187374
0.660826
0.821789
0.734198
0.333262
0.814879
0.484991
0.363774
0.532736
0.310217
0.419718
0.254863
0.923877
0.368587
0.131708
0.985862
0.974121
0.269932
0.309579
0.270533
0.918944
0.947521
0.348397
0.550203
0.964041
0.695648
0.311734
0.256149
0.539037
0.487631
0.370072
0.03744
0.096931
0.562271
0.179924
0.882827
0.747268
0.896569
0.219392
0.495546
0.669955
0.137582
0.486027
0.523717
0.497385
0.160336
0.489049
0.454889
0.88419
0.873982
0.516281
0.397358
0.501594
0.170677
0.939614
0.696008
0.632068
0.613388
0.538502
0.605026
0.724307
0.892133
0.784424
0.61963
0.651189
0.583664
0.159074
0.394348
0.606858
0.074332
0.359386
0.879076
0.773812
0.295272
0.186322
0.291681
0.282808
0.256691
0.735503
0.336412
0.638185
0.077805
0.583886
0.607643
0.093999
0.202169
0.400937
0.977728
0.393533
0.406485
0.440464
0.267184
0.016391
0.026986
0.111371
0.154905
0.244486
0.426471
0.40189
0.069924
0.446724
0.29487
0.673269
0.443177
0.265561
0.244966
0.115967
0.563437
0.790484
0.06764
0.65194
0.447547
0.118791
0.114648
0.036125
0.685058
0.520047
0.704574
0.367994
0.981949
0.494745
0.133305
0.905085
0.630948
0.112327
0.453057
0.590726
0.59889
0.797115
0.696453
0.018902
0.398515
0.974861
0.956695
0.062233
0.353173
0.854787
0.451411
0.125153
0.235676
0.334873
0.072093
0.193474
0.569634
0.057589
0.67812
0.739378
0.817957
0.354527
0.606376
0.537691
0.220711
0.234874
0.334384
0.664285
0.375564
0.308674
0.572054
0.043052
0.706949
0.586486
0.991592
0.080399
0.498124
0.714035
0.430699
0.390745
0.700912
0.687993
0.611979
0.880966
0.290656
0.906039
0.773044
0.041782
0.370563
0.984115
0.788709
0.350316
0.322307
0.874099
0.44135
0.332978
0.557812
0.766474
0.40856
0.100666
0.840205
0.644121
0.210893
0.892083
0.533284
0.361514
0.446465
0.029613
0.020945
0.951775
0.16875
0.289612
0.477026
0.958858
0.719224
0.081908
0.824959
0.122553
0.242402
0.053511
0.161906
0.140743
0.873596
0.510924
0.832786
0.38653
0.450365
0.524587
0.502431
0.086907
0.807076
0.137523
0.706786
0.423229
0.685448
0.16893
0.310891
0.775972
0.59152
0.162071
0.107769
0.959432
0.77921
0.888373
0.528315
0.995067
0.342469
0.429779
0.794708
0.103238
0.028812
0.190501
0.20747
0.043714
0.019302
0.733594
0.007923
0.81488
0.24987
0.505698
0.855361
0.014375
0.425722
0.097695
0.222741
0.549621
0.910263
0.372763
0.575964
0.369065
0.67932
0.038459
0.310032
0.92382
0.845351
0.408754
0.04032
0.995641
0.802997
0.167616
0.707747
0.899043
0.089704
0.956697
0.709221
0.708912
0.857358
0.903297
0.262212
0.964953
0.280978
0.171528
0.851026
0.476307
0.823437
0.554882
0.228021
0.63628
0.416168
0.15316
0.908619
0.313291
0.95543
0.546294
0.884993
0.196871
0.551514
0.37609
0.370059
0.277406
0.300301
0.183214
0.475137
0.286277
0.758646
0.019724
0.159953
0.06742
0.325873
0.718498
0.517973
0.928556
0.614741
0.922127
0.532685
0.080327
0.611178
0.25351
0.579471
0.584374
0.215826
0.519491
0.010025
0.705457
0.222575
0.898509
0.894441
0.46907
0.029689
0.419164
0.621212
0.994855
0.687409
0.707034
0.203367
0.114904
0.308248
0.692741
0.176838
0.558716
0.228347
0.002889
0.230741
0.958059
0.936477
0.201664
0.704136
0.521765
0.307108
0.826666
0.648924
0.604538
0.908674
0.458166
0.367261
0.566212
0.086209
0.646483
0.932586
0.450954
0.669046
0.781184
0.149008
0.589578
0.753879
0.864467
0.747907
0.249526
0.830849
0.601757
0.88996
0.827628
0.356445
0.657554
0.500491
0.92066
0.547146
0.181041
0.889899
0.551604
0.384007
0.084528
0.419852
0.541921
0.415219
0.194416
0.499659
0.145238
0.60286
0.549667
0.431099
0.633319
0.983831
0.753418
0.348345
0.25494
0.893294
0.016917
0.944476
0.410051
0.151827
0.319952
0.739738
0.457787
0.063088
0.81806
0.317528
0.528712
0.957716
0.349142
0.350575
0.795893
0.752507
0.915588
0.145172
0.53668
0.238901
0.779359
0.674227
0.445588
0.963658
0.795984
0.375623
0.628511
0.283695
0.254341
0.453277
0.741399
0.286706
0.674463
0.060711
0.531993
0.545861
0.602938
0.756031
0.931572
0.059545
0.535843
0.574217
0.01427
0.706236
0.56109
0.767027
0.509259
0.233703
0.33142
0.154132
0.118782
0.098544
0.926034
0.42204
0.101308
0.101612
0.989812
0.888276
0.658567
0.438669
0.148524
0.795902
0.769929
0.974181
0.321517
0.55782
0.73424
0.163529
0.557681
0.812512
0.308253
0.394306
0.406125
0.801828
0.491655
0.564986
0.711916
0.589925
0.18108
0.20606
0.526645
0.150563
0.335266
0.961485
0.503867
0.466145
0.08948
0.533524
0.524897
0.777641
0.252731
0.963052
0.914565
0.405389
0.74643
0.306272
0.268162
0.064496
0.04903
0.773617
0.172217
0.026673
0.693685
0.634342
0.916834
0.837308
0.568945
0.962334
0.311146
0.52258
0.917506
0.323198
0.335212
0.279328
0.966445
0.117716
0.87326
0.487975
0.751574
0.345008
0.18554
0.926161
0.213514
0.283282
0.745895
0.881264
0.47007
0.870199
0.278894
0.070364
0.216074
0.480361
0.146343
0.789021
0.975813
0.315784
0.915684
0.414948
0.608622
0.332995
0.659322
0.812509
0.328158
0.779743
0.303786
0.214553
0.004486
0.884736
0.557988
0.142177
0.173177
0.333223
0.627971
0.077489
0.686302
0.222188
0.695507
0.482275
0.864884
0.112129
0.585953
0.809242
0.510207
0.696759
0.790252
0.418889
0.053172
0.800093
0.530188
0.700524
0.763999
0.234519
0.885116
0.532308
0.608929
0.600226
0.227359
0.959982
0.835154
0.277607
0.447728
0.279361
0.419063
0.245632
0.946478
0.425873
0.238971
0.120663
0.177392
0.163392
0.857775
0.600593
0.989521
0.990856
0.13552
0.197216
0.276658
0.594737
0.471816
0.621813
0.546083
0.344835
0.114288
0.565773
0.22956
0.163535
0.069626
0.669224
0.422076
0.465609
0.277808
0.29842
0.974753
0.076769
0.4452
0.910924
0.278595
0.560796
0.864092
0.09361
0.690921
0.818483
0.785092
0.908562
0.502672
0.79076
0.279356
0.760271
0.943672
0.764943
0.17263
0.486781
0.106985
0.742203
0.200869
0.615373
0.984276
0.720893
0.24253
0.561784
0.420864
0.648822
0.663345
0.854314
0.172862
0.548751
0.187236
0.72069
0.138243
0.860279
0.467824
0.413236
0.394753
0.239352
0.940982
0.251306
0.602469
0.173064
0.533942
0.771966
0.801928
0.815478
0.474383
0.971763
0.053331
0.929232
0.528176
0.809898
0.558528
0.760655
0.431215
0.085558
0.155575
0.032694
0.998096
0.445425
0.70901
0.943499
0.698404
0.464564
0.014875
0.348215
0.380502
0.088579
0.404656
0.423548
0.145612
0.372481
0.242298
0.007828
0.785996
0.989565
0.452895
0.961677
0.928149
0.859182
0.959277
0.594438
0.85506
0.094954
0.643559
0.290453
0.373439
0.864352
0.868441
0.903425
0.160913
0.46905
0.19011
0.654485
0.699864
0.441348
0.308157
0.67183
0.759134
0.06837
0.844058
0.991695
0.853567
0.726074
0.351351
0.137324
0.738325
0.599093
0.752869
0.397019
0.282286
0.593633
0.156291
0.716043
0.526914
0.81579
0.475429
0.389403
0.072867
0.872114
0.401459
0.8474
0.975106
0.332579
0.800849
0.352921
0.503867
0.539645
0.751013
0.282481
0.77093
0.189181
0.153076
0.11101
0.682061
0.55425
0.853968
0.898643
0.113588
0.066954
0.085095
0.761506
0.008745
0.714211
0.687879
0.671166
0.324407
0.8147
0.328692
0.215638
0.161962
0.234236
0.386501
0.18682
0.719361
0.934025
0.250532
0.19295
0.63099
0.697242
0.329758
0.086648
0.575885
0.609641
0.629556
0.009177
0.421902
0.444135
0.276797
0.957016
0.325846
0.13045
0.89508
0.157299
0.264245
0.468601
0.361054
0.755343
0.39643
0.594048
0.945357
0.47696
0.087841
0.324387
0.212362
0.749447
0.321275
0.428663
0.672691
0.157866
0.022757
0.394365
0.236287
0.714779
0.344184
0.141672
0.129244
0.130188
0.435006
0.441792
0.732369
0.180902
0.82091
0.517454
0.0552
0.950609
0.303558
0.748121
0.206011
0.454747
0.385374
0.049025
0.385918
0.419893
0.186314
0.377358
0.123013
0.990382
0.847322
0.737917
0.256896
0.135274
0.498665
0.036845
0.483792
0.753917
0.050837
0.306774
0.400969
0.032992
0.503312
0.344463
0.125446
0.145448
0.025648
0.535334
0.781338
0.874329
0.030829
0.226344
0.779654
0.802902
0.932072
0.648138
0.551978
0.886691
0.113918
0.262184
0.804326
0.708052
0.684884
0.930671
0.024517
0.223567
0.187505
0.385006
0.256062
0.557342
0.601699
0.934449
0.6575
0.519065
0.445387
0.438589
0.125211
0.644063
0.423595
0.635986
0.731058
0.848483
0.304628
0.357935
0.782679
0.925855
0.570264
0.503165
0.179429
0.174312
0.026953
0.091754
0.50685
0.329157
0.965853
0.06193
0.819132
0.448265
0.984809
0.515085
0.330732
0.683755
0.874455
0.502761
0.091617
0.855109
0.098449
0.786793
0.116529
0.526271
0.477543
0.252086
0.698674
0.840075
0.619748
0.824569
0.444831
0.34269
0.338551
0.510929
0.664773
0.738891
0.824512
0.814415
0.741714
0.496489
0.099673
0.478499
0.062114
0.471436
0.996549
0.087807
0.885447
0.195748
0.094258
0.840542
0.98171
0.478603
0.903817
0.460518
0.58746
0.206425
0.983126
0.295739
0.951754
0.764308
0.309612
0.312638
0.418168
0.206297
0.631275
0.788007
0.314134
0.726729
0.557981
0.826933
0.920654
0.988057
0.042193
0.448204
0.19487
0.370177
0.402668
0.076508
0.939365
0.608771
0.244979
0.741363
0.715738
0.428223
0.170293
0.852577
0.707236
0.758443
0.425664
0.223756
0.248423
0.383336
0.244901
0.952096
0.422322
0.192893
0.854934
0.183828
0.483993
0.515226
0.119146
0.426119
0.210539
0.064754
0.804046
0.535681
0.082297
0.397295
0.641253
0.383775
0.295184
0.655716
0.399302
0.865277
0.658755
0.644045
0.262021
0.936866
0.464446
0.726203
0.549107
0.551754
0.377951
0.944322
0.962507
0.505914
0.78851
0.329496
0.201833
0.677816
0.423387
0.035711
0.678718
0.39654
0.148919
0.460957
0.423367
0.396784
0.953584
0.872444
0.931025
0.045391
0.160869
0.974623
0.863664
0.825205
0.023237
0.74348
0.542255
0.306903
0.24449
0.175127
0.885789
0.589974
0.928527
0.541086
0.273652
0.030089
0.233254
0.914659
0.52482
0.602758
0.513135
0.80862
0.384672
0.615331
0.713887
0.132469
0.854047
0.180008
0.531241
0.227887
0.362363
0.235698
0.228477
0.3599
0.206293
0.500149
0.990605
0.97956
0.176528
0.976494
0.754788
0.913131
0.890549
0.076834
0.649124
0.775348
0.307787
0.14812
0.507188
0.605014
0.493715
0.798604
0.929257
0.323818
0.386
0.589121
0.84431
0.551744
0.349462
0.036299
0.052092
0.202149
0.847957
0.997645
0.963123
0.704364
0.953325
0.532862
0.629879
0.151399
0.242255
0.92359
0.686748
0.379942
0.727118
0.032124
0.300857
0.036936
0.094659
0.878287
0.784603
0.000705
0.857674
0.652292
0.086648
0.148059
0.209047
0.590126
0.66104
0.33562
0.540759
0.065343
0.228009
0.448995
0.936035
0.581243
0.701851
0.315953
0.232193
0.077768
0.532782
0.223862
0.356071
0.573491
0.674448
0.676924
0.214341
0.631062
0.590078
0.062044
0.335059
0.091549
0.300414
0.063096
0.801284
0.044121
0.450797
0.117281
0.370568
0.289629
0.868358
0.167265
0.560413
0.374454
0.939102
0.98046
0.146112
0.480803
0.088285
0.410138
0.170953
0.9742
0.884187
0.409706
0.949933
0.57629
0.293423
0.178117
0.83055
0.877086
0.514783
0.672298
0.015821
0.258125
0.843356
0.864092
0.68072
0.516274
0.415753
0.621245
0.678613
0.851002
0.043516
0.967513
0.520202
0.487829
0.737496
0.507754
0.451016
0.14423
0.732734
0.962811
0.283075
0.767795
0.411473
0.540019
0.794055
0.425272
0.553507
0.094626
0.518467
0.279618
0.590493
0.103251
0.306114
0.67933
0.638058
0.994257
0.6183
0.935137
0.8261
0.247545
0.293046
0.146564
0.009714
0.867583
0.027636
0.33646
0.499531
0.300036
0.51054
0.360426
0.738842
0.271567
0.790671
0.82119
0.622827
0.027616
0.002033
0.456213
0.424006
0.775276
0.976448
0.822698
0.346395
0.076958
0.910696
0.423696
0.806253
0.186382
0.063215
0.598824
0.884185
0.285441
0.264883
0.249246
0.133764
0.539197
0.847478
0.855378
0.39134
0.504524
0.53215
0.107462
0.578985
0.417513
0.493612
0.374775
0.576904
0.021422
0.315972
0.985191
0.523238
0.907842
0.084967
0.057701
0.487253
0.439264
0.367365
0.689867
0.429775
0.896858
0.355271
0.922918
0.568383
0.707106
0.744835
0.850683
0.276427
0.022736
0.609412
0.449244
0.484371
0.045386
0.922504
0.013463
0.033823
0.927483
0.996345
0.344624
0.159731
0.312204
0.036905
0.651694
0.842233
0.665078
0.998725
0.793457
0.452263
0.70132
0.137455
0.876689
0.960918
0.759457
0.104915
0.063168
0.059901
0.46683
0.382531
0.443477
0.349908
0.380259
0.685877
0.911408
0.018817
0.228256
0.686253
0.80877
0.291795
0.193987
0.60645
0.238443
0.92501
0.798739
0.149301
0.983034
0.10467
0.619067
0.313414
0.469235
0.950559
0.678668
0.511995
0.397266
0.806256
0.738546
0.119673
0.523509
0.768444
0.126532
0.604492
0.70515
0.917057
0.561637
0.219892
0.643256
0.382324
0.313804
0.105
0.210429
0.861134
0.601154
0.530886
0.09488
0.973657
0.949458
0.168246
0.310996
0.476082
0.895025
0.262055
0.780154
0.640464
0.796962
0.948831
0.646542
0.632302
0.805428
0.726753
0.325198
0.32588
0.432906
0.974837
0.767286
0.972908
0.685835
0.898725
0.029602
0.735837
0.193463
0.076134
0.089131
0.091288
0.832726
0.562421
0.024256
0.990908
0.386449
0.503625
0.077161
0.679034
0.897831
0.992725
0.752092
0.443242
0.567064
0.41314
0.863733
0.946928
0.183849
0.069212
0.817197
0.053007
0.112671
0.744342
0.951583
0.078733
0.849028
0.926378
0.874309
0.536286
0.362078
0.298801
0.707833
0.68777
0.632999
0.888375
0.183689
0.255469
0.411132
0.107763
0.513957
0.596695
0.906264
0.330007
0.764992
0.042219
0.287617
0.675213
0.322028
0.303041
0.065612
0.574935
0.655851
0.22453
0.756502
0.553208
0.032609
0.050039
0.356958
0.467938
0.301891
0.007164
0.621623
0.291535
0.597018
0.510407
0.241649
0.574512
0.126131
0.123649
0.665812
0.740504
0.008005
0.378928
0.797345
0.610366
0.544936
0.843356
0.697062
0.962829
0.441451
0.626435
0.281743
0.989667
0.270231
0.919362
0.980757
0.238384
0.508331
0.142032
0.554005
0.377269
0.283302
0.051513
0.972498
0.128881
0.2986
0.404935
0.01362
0.065494
0.53336
0.026513
0.784618
0.552072
0.390641
0.103825
0.239356
0.106139
0.81154
0.253926
0.285762
0.596504
0.836917
0.484126
0.020304
0.46746
0.341871
0.676863
0.489883
0.580166
0.537214
0.231021
0.265151
0.475895
0.593048
0.182806
0.766081
0.027429
0.131402
0.066751
0.582998
0.230046
0.884844
0.439157
0.666011
0.04136
0.259706
0.099731
0.066347
0.767892
0.309137
0.306966
0.282022
0.540517
0.667341
0.077128
0.864346
0.146094
0.087226
0.810003
0.292328
0.397123
0.349514
0.30885
0.410809
0.327645
0.655223
0.297114
0.997389
0.319902
0.370887
0.287235
0.390899
0.058308
0.86347
0.92252
0.320583
0.428908
0.702268
0.384722
0.424016
0.447773
0.30428
0.456876
0.568548
0.871347
0.366163
0.749112
0.819114
0.819106
0.950414
0.640544
0.661444
0.760641
0.275233
0.55052
0.697597
0.477958
0.361658
0.387519
0.372226
0.644134
0.318912
0.881556
0.895251
0.304768
0.024657
0.358768
0.111793
0.125895
0.734748
0.15936
0.66777
0.646314
0.016724
0.237778
0.475552
0.716261
0.885317
0.083489
0.897445
0.064367
0.872008
0.978705
0.123299
0.567506
0.566887
0.045886
0.964412
0.195138
0.107617
0.495255
0.805972
0.2554
0.635694
0.968737
0.131313
0.71548
0.884861
0.225346
0.829618
0.113271
0.771077
0.616562
0.132893
0.287034
0.311826
0.339031
0.017186
0.826512
0.15407
0.899361
0.242621
0.135796
0.749101
0.504157
0.691336
0.062534
0.47722
0.729196
0.84679
0.574212
0.222351
0.355981
0.243919
0.281725
0.018021
0.329119
0.013069
0.872494
0.376066
0.140318
0.003405
0.663951
0.66653
0.057658
0.607477
0.807537
0.249022
0.683202
0.916386
0.066713
0.306057
0.754017
0.671873
0.512684
0.768655
0.502277
0.841858
0.698754
0.23693
0.197673
0.576455
0.279494
0.640738
0.975595
0.826682
0.343694
0.661942
0.249905
0.890946
0.720133
0.087427
0.977385
0.121051
0.782474
0.682388
0.15745
0.727815
0.851146
0.475902
0.680301
0.582287
0.146084
0.958861
0.517824
0.961507
0.860228
0.371963
0.062539
0.078014
0.230711
0.100571
0.288142
0.702831
0.215443
0.513422
0.689684
0.626431
0.544853
0.443617
0.802007
0.567005
0.764658
0.004199
0.942288
0.915703
0.850589
0.584687
0.85525
0.219723
0.332099
0.212405
0.457232
0.409307
0.682083
0.620257
0.081741
0.826124
0.587967
0.174725
0.224015
0.732583
0.018874
0.246837
0.090562
0.637598
0.259134
0.969902
0.509883
0.927616
0.022961
0.330844
0.095278
0.597958
0.812153
0.613415
0.209609
0.871481
0.469155
0.904092
0.830115
0.424187
0.862384
0.607203
0.919801
0.973957
0.790244
0.606557
0.010472
0.991857
0.822276
0.577032
0.571841
0.953322
0.338309
0.68616
0.221801
0.66365
0.893462
0.192434
0.232473
0.858244
0.043975
0.144777
0.094507
0.440017
0.038
0.39331
0.11299
0.392041
0.178871
0.636608
0.411923
0.797402
0.056583
0.027087
0.065517
0.299829
0.025077
0.842194
0.955934
0.233399
0.40131
0.033046
0.394198
0.982198
0.043294
0.022888
0.45113
0.867722
0.877498
0.602053
0.404933
0.432478
0.93497
0.281166
0.788137
0.78232
0.14945
0.433307
0.000541
0.480395
0.688024
0.740096
0.446274
0.924983
0.309598
0.688569
0.068545
0.611296
0.425793
0.423921
0.445597
0.59773
0.632495
0.008924
0.438865
0.424478
0.6657
0.629871
0.635825
0.310535
0.737002
0.433584
0.527414
0.682789
0.821794
0.144534
0.081972
0.054955
0.323799
0.918964
0.49446
0.950431
0.766993
0.959131
0.407483
0.572928
0.659517
0.986963
0.213555
0.967417
0.720208
0.319799
0.574889
0.835782
0.004744
0.748096
0.256944
0.913868
0.70078
0.00693
0.217187
0.836277
0.982971
0.659902
0.928247
0.492057
0.408551
0.127701
0.733085
0.296682
0.411265
0.307685
0.520277
0.136795
0.84216
0.079031
0.983477
0.741183
0.296056
0.685043
0.387194
0.037858
0.512389
0.646398
0.877248
0.206674
0.914391
0.423269
0.938153
0.606686
0.497578
0.957008
0.00383
0.984636
0.148747
0.882949
0.183919
0.122358
0.619204
0.581623
0.982127
0.228524
0.735577
0.769142
0.271093
0.170551
0.875702
0.911435
0.180496
0.24635
0.986945
0.563
0.186297
0.088937
0.20574
0.209266
0.516277
0.631646
0.199567
0.913916
0.672745
0.430663
0.687071
0.319041
0.891302
0.271486
0.854311
0.299162
0.661299
0.56718
0.337308
0.128873
0.735455
0.480867
0.46515
0.194364
0.285684
0.738938
0.228464
0.117231
0.83595
0.083526
0.474808
0.524074
0.016487
0.488452
0.71442
0.977803
0.533668
0.522593
0.772069
0.819779
0.481548
0.335932
0.954948
0.227924
0.3576
0.160321
0.194265
0.921521
0.592427
0.966121
0.840349
0.046337
0.30294
0.186996
0.031224
0.191234
0.946229
0.373212
0.380498
0.27677
0.650974
0.386009
0.717458
0.373259
0.779323
0.624534
0.456008
0.297168
0.955106
0.864306
0.361908
0.323005
0.372457
0.499127
0.693838
0.493721
0.393022
0.524186
0.929874
0.881848
0.731958
0.100066
0.611821
0.321894
0.542442
0.296145
0.204915
0.823888
0.280198
0.486412
0.53942
0.956714
0.948453
0.853892
0.150672
0.957433
0.768221
0.815455
0.806572
0.245978
0.490386
0.476473
0.358934
0.231232
0.305909
0.595402
0.220678
0.168619
0.286362
0.93122
0.351577
0.52845
0.940364
0.819748
0.27732
0.455479
0.416205
0.655396
0.443322
0.779688
0.49225
0.271439
0.664001
0.887389
0.313691
0.470756
0.450327
0.894443
0.862425
0.4846
0.739463
0.24872
0.124025
0.334022
0.122971
0.651308
0.432431
0.244961
0.811437
0.846779
0.938611
0.477656
0.922458
0.793855
0.922228
0.28791
0.163488
0.056457
0.888051
0.602298
0.018396
0.890356
0.503033
0.763395
0.512039
0.903364
0.364112
0.605343
0.869498
0.724511
0.197348
0.489653
0.323097
0.372018
0.795444
0.407111
0.155465
0.354475
0.00155
0.943083
0.276652
0.131338
0.644585
0.264657
0.102296
0.887045
0.410603
0.482342
0.766177
0.295665
0.128174
0.502262
0.683775
0.629523
0.510212
0.000706
0.626903
0.513762
0.99498
0.71738
0.828124
0.168654
0.57843
0.940493
0.563109
0.251657
0.365187
0.384481
0.202567
0.188795
0.934381
0.32488
0.67602
0.691964
0.952218
0.658708
0.240451
0.982028
0.723015
0.149405
0.534156
0.166236
0.97299
0.247499
0.357726
0.745073
0.035107
0.574611
0.16089
0.310685
0.099617
0.223687
0.307473
0.466201
0.835057
0.931164
0.962879
0.547267
0.109815
0.204929
0.15057
0.98457
0.453209
0.697582
0.097905
0.472613
0.959589
0.178457
0.052037
0.651918
0.444426
0.723504
0.399688
0.730571
0.656809
0.086668
0.272893
0.162178
0.776393
0.925073
0.233825
0.810589
0.1895
0.368994
0.869474
0.267273
0.865447
0.39627
0.855909
0.930776
0.13398
0.423158
0.198859
0.923572
0.287055
0.537818
0.565669
0.956247
0.672194
0.077299
0.581276
0.809497
0.591082
0.800294
0.039681
0.156304
0.326923
0.658597
0.859518
0.443852
0.007732
0.240431
0.459237
0.004796
0.128059
0.779685
0.091085
0.599353
0.138064
0.935161
0.858112
0.356051
0.339108
0.386055
0.782004
0.509385
0.95827
0.375065
0.173727
0.764634
0.476349
0.858847
0.619637
0.483209
0.868507
0.360164
0.660875
0.54396
0.982978
0.336184
0.776088
0.977691
0.693908
0.849783
0.658448
0.461835
0.609214
0.11106
0.793858
0.889642
0.234837
0.63946
0.192551
0.068731
0.168166
0.267423
0.413221
0.596455
0.327284
0.313463
0.347541
0.62561
0.621542
0.857363
0.519985
0.635589
0.448053
0.0042
0.258568
0.893193
0.757008
0.344605
0.2725
0.59976
0.009735
0.948977
0.78992
0.862203
0.017022
0.383384
0.689894
0.054114
0.936924
0.17654
0.244869
0.162144
0.268518
0.83727
0.529923
0.742555
0.709561
0.169128
0.271069
0.62383
0.890737
0.423162
0.142668
0.238505
0.198424
0.973827
0.732776
0.094099
0.225304
0.330686
0.542322
0.70845
0.227
0.441466
0.608085
0.044553
0.300065
0.052436
0.280609
0.333386
0.293333
0.500697
0.904245
0.214772
0.695776
0.296823
0.163997
0.394545
0.078819
0.191553
0.653678
0.993848
0.239269
0.577433
0.514733
0.898206
0.477515
0.173369
0.868509
0.09041
0.658913
0.634293
0.023077
0.581691
0.237424
0.057601
0.065091
0.323636
0.731034
0.021588
0.869603
0.365947
0.099644
0.581922
0.235203
0.462676
0.731399
0.250526
0.847152
0.279599
0.919078
0.584368
0.627864
0.080282
0.468943
0.313794
0.29449
0.178257
0.905015
0.563552
0.862856
0.321815
0.530741
0.72306
0.387739
0.586317
0.013617
0.084981
0.316263
0.015227
0.766179
0.465457
0.851882
0.60612
0.229886
0.858202
0.236895
0.251067
0.249135
0.928904
0.382467
0.942819
0.89002
0.006703
0.307115
0.770698
0.417317
0.001009
0.11511
0.175322
0.97637
0.263337
0.505521
0.714509
0.703015
0.142412
0.202442
0.493743
0.035173
0.17632
0.882941
0.468921
0.473809
0.252747
0.686933
0.112542
0.901411
0.426213
0.577014
0.738503
0.899417
0.895137
0.631442
0.503476
0.885664
0.592584
0.755906
0.90874
0.843076
0.612608
0.487282
0.354931
0.105304
0.791986
0.600864
0.344975
0.750726
0.810797
0.552898
0.959544
0.742226
0.312789
0.479488
0.563519
0.051875
0.67325
0.582473
0.823055
0.624353
0.679965
0.067705
0.19715
0.595787
0.45864
0.349421
0.225583
0.197977
0.857542
0.717243
0.155294
0.54643
0.773048
0.234817
0.460583
0.134482
0.533649
0.689322
0.317347
0.181981
0.418387
0.404185
0.619475
0.679607
0.438352
0.65153
0.614402
0.991798
0.729532
0.426179
0.18854
0.998945
0.501664
0.091986
0.908981
0.611961
0.553629
0.311879
0.605936
0.16932
0.722763
0.078043
0.154153
0.909328
0.109569
0.282347
0.836382
0.014995
0.0035
0.869349
0.575982
0.841098
0.914286
0.869749
0.31708
0.116903
0.474142
0.537202
0.335618
0.733035
0.947546
0.377863
0.723531
0.537705
0.884335
0.349797
0.640997
0.581739
0.571309
0.171139
0.92061
0.888705
0.642218
0.572946
0.551294
0.852018
0.728972
0.565284
0.391394
0.360291
0.51431
0.333515
0.994241
0.442127
0.638577
0.774205
0.453761
0.617463
0.175916
0.797779
0.521134
0.669167
0.54568
0.582101
0.340818
0.880823
0.294562
0.720782
0.783266
0.372776
0.93682
0.250873
0.322535
0.001816
0.809623
0.344827
0.44079
0.828541
0.135801
0.877226
0.895029
0.65611
0.829515
0.863729
0.240567
0.585169
0.952109
0.801323
0.77988
0.796394
0.568783
0.817056
0.713591
0.796673
0.371386
0.564755
0.89015
0.914494
0.293729
0.677231
0.082162
0.805101
0.914149
0.515247
0.222453
0.763646
0.169059
0.169078
0.724713
0.151792
0.787423
0.084475
0.114959
0.61405
0.374419
0.259795
0.737629
0.921868
0.608435
0.366591
0.396228
0.315521
0.511599
0.784089
0.110376
0.852266
0.741953
0.056751
0.067981
0.221357
0.252084
0.840318
0.636398
0.936576
0.700009
0.664741
0.271646
0.613454
0.050998
0.652745
0.417788
0.272619
0.401678
0.878084
0.638252
0.547191
0.687158
0.872137
0.459853
0.306912
0.269135
0.689645
0.885083
0.619138
0.266256
0.997361
0.556623
0.314225
0.09884
0.133923
0.388731
0.724667
0.712117
0.253828
0.188985
0.974079
0.358347
0.064333
0.552138
0.089711
0.459184
0.363405
0.262338
0.488313
0.181254
0.686954
0.812874
0.248804
0.893733
0.498721
0.801016
0.47082
0.935054
0.93668
0.001636
0.259431
0.996903
0.845234
0.374043
0.872423
0.057043
0.252952
0.487671
0.979248
0.778209
0.316045
0.783737
0.385022
0.732187
0.286282
0.181936
0.043918
0.314938
0.304411
0.029536
0.520167
0.199279
0.624096
0.574977
0.247275
0.910245
0.51786
0.587918
0.326204
0.040726
0.480414
0.341686
0.218091
0.196555
0.623444
0.296053
0.302108
0.081826
0.290655
0.000531
0.474829
0.406045
0.08173
0.067294
0.706056
0.364531
0.963348
0.415611
0.67476
0.410048
0.786363
0.025089
0.310691
0.994784
0.696381
0.953666
0.618427
0.06718
0.929838
0.096419
0.037231
0.019623
0.61626
0.19704
0.782084
0.225652
0.678842
0.120505
0.827112
0.204092
0.70832
0.312535
0.132948
0.976793
0.536128
0.317033
0.431097
0.630956
0.863583
0.440013
0.313021
0.445537
0.903178
0.346203
0.037145
0.070412
0.903331
0.885301
0.540058
0.339133
0.571192
0.871
0.765462
0.55964
0.335099
0.503391
0.91066
0.914421
0.203964
0.131699
0.796634
0.601318
0.978071
0.525585
0.420105
0.692964
0.70367
0.084578
0.421245
0.155032
0.855768
0.407422
0.096949
0.050203
0.006672
0.405201
0.256396
0.930414
0.55711
0.705499
0.31106
0.613082
0.243648
0.469373
0.169315
0.835718
0.945767
0.546403
0.762235
0.359597
0.22852
0.042964
0.879037
0.638715
0.206323
0.38551
0.499686
0.903342
0.718193
0.944742
0.695326
0.172212
0.808778
0.023011
0.285017
0.876374
0.973468
0.478847
0.999059
0.817164
0.399359
0.164618
0.319222
0.83118
0.075835
0.640885
0.974847
0.588148
0.896778
0.637445
0.417089
0.031728
0.672088
0.0963
0.653245
0.109242
0.960349
0.207423
0.383042
0.121627
0.962314
0.897456
0.216609
0.286147
0.361047
0.966767
0.137215
0.794808
0.964457
0.495035
0.16225
0.969461
0.859258
0.456486
0.072448
0.112163
0.410147
0.125103
0.184
0.879308
0.701104
0.48842
0.318844
0.868843
0.665243
0.961361
0.122525
0.789492
0.888052
0.71181
0.623147
0.862354
0.777934
0.938676
0.770231
0.757625
0.91567
0.595826
0.337026
0.102511
0.017864
0.786669
0.751025
0.845323
0.279212
0.893794
0.051248
0.357141
0.422873
0.501262
0.617952
0.258893
0.265386
0.42151
0.670302
0.513139
0.444104
0.44597
0.910016
0.571635
0.281508
0.395306
0.423162
0.263353
0.210378
0.527351
0.952025
0.90151
0.94284
0.041736
0.30723
0.77769
0.621966
0.675563
0.528545
0.484312
0.283553
0.323102
0.708301
0.468401
0.754413
0.828978
0.140964
0.553284
0.394454
0.61247
0.020206
0.897483
0.299018
0.53319
0.066146
0.207319
0.348607
0.705921
0.974068
0.513782
0.871449
0.10497
0.808613
0.438586
0.694881
0.245813
0.160857
0.453527
0.991328
0.744503
0.998411
0.981979
0.398666
0.094274
0.9632
0.929382
0.273331
0.053743
0.682296
0.664814
0.233316
0.397308
0.301903
0.331728
0.385255
0.005638
0.877286
0.488305
0.579479
0.151077
0.785037
0.986886
0.084164
0.742833
0.380469
0.983398
0.190143
0.208318
0.095533
0.772972
0.830253
0.93884
0.606392
0.969832
0.605606
0.72232
0.885754
0.96712
0.207872
0.48566
0.597673
0.234912
0.504497
0.752505
0.171901
0.28107
0.517017
0.905974
0.244098
0.406833
0.12056
0.445253
0.453525
0.754258
0.57834
0.919065
0.39627
0.463852
0.529398
0.296278
0.650766
0.489253
0.074482
0.265764
0.949491
0.314856
0.391005
0.187168
0.358069
0.368831
0.591792
0.166896
0.756123
0.265875
0.347022
0.193157
0.749243
0.252232
0.27581
0.232031
0.477688
0.849363
0.346903
0.406222
0.123831
0.354549
0.425241
0.70613
0.270875
0.12765
0.807073
0.258795
0.402718
0.275531
0.1942
0.946754
0.865327
0.393821
0.053957
0.383051
0.028367
0.655588
0.520248
0.018137
0.780255
0.834244
0.201912
0.745455
0.737549
0.86974
0.148429
0.049518
0.119915
0.198332
0.808648
0.750791
0.83254
0.609439
0.354537
0.579731
0.077125
0.344364
0.75547
0.799597
0.779742
0.850084
0.489861
0.365969
0.40567
0.968269
0.763828
0.3924
0.646997
0.722917
0.349889
0.392306
0.249072
0.986262
0.114983
0.248544
0.304283
0.192935
0.681938
0.191165
0.142009
0.956238
0.694061
0.748659
0.68392
0.974898
0.656216
0.891747
0.40143
0.407912
0.676692
0.375368
0.489612
0.755
0.367889
0.209248
0.014036
0.164901
0.489195
0.935258
0.93464
0.72529
0.64673
0.190126
0.702886
0.65035
0.613839
0.447237
0.567346
0.435622
0.478896
0.798932
0.211793
0.921572
0.836039
0.792472
0.049898
0.404809
0.493892
0.515747
0.310088
0.893495
0.49895
0.130155
0.387156
0.523238
0.903084
0.811501
0.687739
0.459857
0.581004
0.655776
0.730115
0.403411
0.882544
0.816164
0.744607
0.655731
0.06643
0.655403
0.985812
0.171941
0.342706
0.084143
0.927865
0.349788
0.941206
0.928483
0.598808
0.591429
0.194338
0.58629
0.635624
0.439669
0.034378
0.195731
0.197141
0.29576
0.764915
0.487176
0.692815
0.158336
0.005075
0.280599
0.19418
0.893875
0.224832
0.736966
0.913882
0.747272
0.89501
0.785842
0.551178
0.362766
0.568084
0.165567
0.115366
0.333934
0.452657
0.532616
0.616435
0.889105
0.676006
0.15584
0.603944
0.633503
0.21086
0.174299
0.119072
0.511383
0.130023
0.52588
0.508918
0.004562
0.073774
0.872207
0.862339
0.16744
0.617269
0.931425
0.107757
0.142523
0.174478
0.782423
0.920174
0.684644
0.988785
0.861251
0.046018
0.205357
0.127132
0.11071
0.878237
0.783554
0.336569
0.599864
0.542619
0.113267
0.181583
0.901771
0.891445
0.605925
0.748305
0.341762
0.668136
0.730615
0.626607
0.315466
0.630745
0.393816
0.098457
0.797235
0.948772
0.307064
0.464368
0.079421
0.102092
0.890088
0.385886
0.552761
0.612161
0.969065
0.83115
0.541657
0.838451
0.318712
0.251202
0.43142
0.840612
0.298538
0.180377
0.705854
0.319368
0.096863
0.733679
0.211733
0.408142
0.141754
0.736116
0.626052
0.497982
0.158081
0.14404
0.292505
0.9407
0.23436
0.823319
0.855683
0.409473
0.329553
0.713522
0.159043
0.90206
0.856337
0.720435
0.402786
0.227644
0.663353
0.302825
0.525173
0.006576
0.650139
0.65482
0.996235
0.794431
0.940451
0.253614
0.847797
0.688673
0.382154
0.414226
0.220462
0.695452
0.035485
0.878784
0.18168
0.147255
0.825794
0.281813
0.149759
0.828291
0.284359
0.084819
0.566739
0.731199
0.354404
0.430872
0.837118
0.042167
0.827349
0.036335
0.423169
0.700823
0.608278
0.713935
0.140098
0.751497
0.070961
0.462819
0.553107
0.973107
0.794457
0.700593
0.298242
0.17101
0.988254
0.767884
0.046295
0.810667
0.541858
0.518459
0.400631
0.410572
0.084804
0.018915
0.899308
0.182532
0.63471
0.343459
0.216626
0.899769
0.7912
0.523163
0.994297
0.799649
0.24436
0.198979
0.416597
0.483864
0.405156
0.37018
0.550028
0.830093
0.25737
0.495474
0.897301
0.613072
0.828878
0.897128
0.655999
0.864377
0.954205
0.794691
0.356414
0.135369
0.289237
0.331251
0.383875
0.378291
0.958604
0.635665
0.950459
0.005153
0.936699
0.589449
0.250324
0.162414
0.351928
0.311725
0.757065
0.054855
0.817979
0.433424
0.477682
0.077381
0.087096
0.820928
0.550691
0.698946
0.394797
0.593697
0.230728
0.781552
0.304789
0.128583
0.032024
0.993705
0.451037
0.236089
0.77695
0.926383
0.828358
0.589933
0.355963
0.541167
0.059725
0.907285
0.75365
0.916017
0.377601
0.079645
0.35349
0.731858
0.08465
0.695453
0.465105
0.10987
0.050393
0.462159
0.749107
0.403723
0.610489
0.017624
0.935465
0.360528
0.159751
0.327658
0.94007
0.080281
0.564051
0.50461
0.22723
0.461339
0.883031
0.50439
0.285671
0.300996
0.248787
0.198508
0.526113
0.527957
0.751376
0.486957
0.354267
0.518726
0.568614
0.882178
0.75499
0.83079
0.553409
0.357359
0.219014
0.205952
0.20488
0.65317
0.868052
0.582839
0.900069
0.942318
0.440268
0.367606
0.524728
0.0669
0.5816
0.492962
0.999444
0.624487
0.508861
0.575256
0.840259
0.826713
0.598356
0.789519
0.883604
0.223726
0.315708
0.901701
0.500719
0.93949
0.096131
0.205924
0.168653
0.06661
0.626466
0.381409
0.449414
0.198689
0.383358
0.157044
0.634348
0.945097
0.169454
0.132042
0.980747
0.426466
0.426738
0.59914
0.818932
0.026724
0.862145
0.344685
0.986682
0.413695
0.586706
0.908484
0.709268
0.960665
0.324537
0.998429
0.96672
0.358207
0.606638
0.800217
0.54929
0.982194
0.946054
0.822592
0.047843
0.163984
0.214843
0.275323
0.900892
0.49677
0.043604
0.161402
0.649285
0.909626
0.595027
0.863643
0.359125
0.542559
0.775951
0.280192
0.913649
0.852993
0.768308
0.870367
0.199411
0.278854
0.992164
0.281821
0.67274
0.71774
0.983749
0.624603
0.252408
0.751899
0.998286
0.343906
0.749524
0.360123
0.454355
0.835864
0.879465
0.629763
0.87666
0.523849
0.609277
0.206796
0.680856
0.971034
0.519719
0.330016
0.234104
0.26334
0.590985
0.613891
0.858327
0.872479
0.361959
0.975943
0.923785
0.836874
0.995928
0.33196
0.572215
0.562405
0.135225
0.025924
0.030802
0.488473
0.248494
0.160587
0.688448
0.953628
0.218155
0.176777
0.821552
0.803139
0.621356
0.179845
0.364037
0.273984
0.545772
0.474689
0.306599
0.648869
0.380533
0.162985
0.251846
0.740511
0.659654
0.958352
0.069588
0.451365
0.584882
0.462739
0.690945
0.222362
0.840561
0.422155
0.647243
0.77948
0.894257
0.48213
0.109486
0.987136
0.93798
0.560328
0.919592
0.717517
0.60638
0.648594
0.463622
0.0927
0.536862
0.620151
0.256273
0.125572
0.148659
0.533673
0.075162
0.261982
0.467116
0.095339
0.193107
0.832563
0.427555
0.599239
0.052465
0.593363
0.658075
0.424569
0.61828
0.733052
0.150965
0.1343
0.984025
0.826316
0.858774
0.301237
0.541269
0.598294
0.55435
0.286806
0.267599
0.465577
0.082054
0.265293
0.08682
0.567634
0.529611
0.678265
0.25331
0.486607
0.368994
0.294646
0.67294
0.227139
0.214042
0.888341
0.695329
0.678476
0.692227
0.454678
0.674185
0.504195
0.955125
0.282681
0.212755
0.714761
0.906042
0.915896
0.308641
0.502632
0.339399
0.865261
0.682861
0.101072
0.937601
0.32402
0.654107
0.221317
0.757328
0.4433
0.504668
0.877576
0.824357
0.719055
0.890783
0.299296
0.340878
0.993038
0.259436
0.99909
0.906309
0.294667
0.380542
0.67751
0.598165
0.593883
0.180179
0.721337
0.028956
0.866413
0.877315
0.336635
0.698232
0.559536
0.681508
0.678808
0.737732
0.394801
0.84599
0.913093
0.225348
0.978594
0.607997
0.779155
0.524226
0.538011
0.509916
0.342985
0.708001
0.965306
0.678377
0.145214
0.720974
0.735071
0.604747
0.800791
0.074479
0.022263
0.186103
0.270279
0.390561
0.592303
0.102873
0.506881
0.210162
0.508734
0.60214
0.072887
0.449356
0.957823
0.164137
0.101928
0.817386
0.825423
0.488573
0.225422
0.683016
0.880325
0.390953
0.36192
0.750213
0.927073
0.532985
0.561913
0.168446
0.647781
0.471345
0.17092
0.87717
0.297006
0.255454
0.996842
0.936974
0.291458
0.481783
0.130001
0.546516
0.577964
0.245946
0.224721
0.432754
0.7297
0.837293
0.178855
0.233827
0.140847
0.632724
0.913289
0.843444
0.290474
0.242013
0.994198
0.033531
0.818609
0.090627
0.249763
0.604938
0.758262
0.17365
0.591936
0.642348
0.629153
0.328607
0.578059
0.470922
0.908988
0.475907
0.548562
0.492445
0.349843
0.921853
0.405291
0.728578
0.768182
0.235643
0.156464
0.93089
0.492904
0.030671
0.010564
0.510031
0.353596
0.147443
0.839823
0.387759
0.45064
0.122942
0.155356
0.649537
0.278921
0.060812
0.333624
0.237112
0.580552
0.722497
0.37998
0.920782
0.178707
0.394453
0.172007
0.850763
0.482619
0.164252
0.632733
0.832884
0.364649
0.322973
0.16677
0.489747
0.380183
0.707512
0.517609
0.341763
0.602068
0.966712
0.599967
0.094096
0.422834
0.944873
0.676295
0.411858
0.105057
0.082717
0.138309
0.117027
0.982218
0.051449
0.415342
0.045584
0.470021
0.740122
0.325715
0.569248
0.969353
0.081672
0.911049
0.29049
0.261538
0.182052
0.251899
0.247263
0.182345
0.963406
0.805917
0.760063
0.513093
0.881157
0.699448
0.089533
0.478004
0.790499
0.573913
0.323067
0.07012
0.134679
0.052106
0.479277
0.180075
0.562837
0.205816
0.138997
0.046662
0.155629
0.611788
0.135314
0.124067
0.186667
0.328898
0.844688
0.637438
0.030565
0.910027
0.487138
0.610698
0.72985
0.632461
0.623146
0.349905
0.608673
0.817942
0.559373
0.672659
0.091718
0.775039
0.371783
0.726952
0.432194
0.01105
0.004655
0.218214
0.539667
0.202895
0.680517
0.645212
0.437938
0.597647
0.994532
0.784282
0.754791
0.710741
0.660744
0.642288
0.940057
0.493759
0.582815
0.377594
0.326514
0.168711
0.764002
0.246348
0.784987
0.452594
0.592861
0.193256
0.598353
0.245979
0.260155
0.640688
0.993777
0.113652
0.189278
0.10323
0.857945
0.889885
0.828257
0.272654
0.191131
0.405317
0.237755
0.999381
0.55256
0.430536
0.86621
0.043894
0.237651
0.927719
0.661432
0.363614
0.163908
0.037654
0.561505
0.306503
0.593206
0.982731
0.497668
0.767581
0.577702
0.975692
0.770756
0.178831
0.912096
0.427901
0.764018
0.347326
0.006883
0.592512
0.730594
0.12244
0.189081
0.692007
0.597746
0.383624
0.791841
0.113485
0.661738
0.78955
0.81097
0.226065
0.219308
0.717994
0.405744
0.723477
0.669519
0.911809
0.69695
0.81124
0.435178
0.9024
0.836932
0.944379
0.110571
0.756236
0.572837
0.787422
0.307418
0.693431
0.825958
0.962135
0.004859
0.727721
0.35936
0.633686
0.502876
0.832407
0.675507
0.797312
0.935966
0.09312
0.221709
0.788617
0.256386
0.673955
0.515469
0.264773
0.977208
0.33116
0.894442
0.012953
0.465146
0.405292
0.390625
0.16907
0.02578
0.783028
0.877183
0.267893
0.985356
0.779394
0.35147
0.517817
0.148532
0.108665
0.367541
0.388812
0.714263
0.877424
0.888153
0.348315
0.969298
0.846169
0.847447
0.332628
0.653314
0.807404
0.035989
0.690919
0.93294
0.268687
0.996079
0.428335
0.411784
0.821237
0.126815
0.529551
0.517181
0.986706
0.026165
0.922416
0.993343
0.727042
0.05359
0.956919
0.863368
0.467605
0.0022
0.483111
0.295426
0.211575
0.774386
0.935503
0.194823
0.756177
0.501344
0.735422
0.286021
0.870705
0.719567
0.882376
0.086521
0.018511
0.077111
0.818915
0.529506
0.88883
0.948816
0.920848
0.488165
0.591051
0.30166
0.634892
0.200787
0.337198
0.247696
0.29215
0.0465
0.15601
0.031629
0.164996
0.054672
0.930231
0.055434
0.815022
0.791275
0.526514
0.044009
0.28315
0.070263
0.238242
0.11316
0.244842
0.786677
0.036437
0.896798
0.323312
0.077549
0.548803
0.963521
0.949714
0.477315
0.604146
0.082759
0.021507
0.740531
0.420112
0.769391
0.034087
0.569262
0.982294
0.817685
0.858023
0.453608
0.236726
0.235662
0.23775
0.647849
0.555149
0.259175
0.893777
0.669318
0.226799
0.511066
0.337896
0.303318
0.149549
0.836017
0.357112
0.019365
0.985978
0.705573
0.706095
0.39779
0.77253
0.370906
0.292644
0.495962
0.218092
0.728975
0.32597
0.722052
0.941907
0.457699
0.188753
0.457041
0.365624
0.357814
0.300451
0.149952
0.683902
0.062766
0.668074
0.923889
0.44472
0.645988
0.237006
0.935672
0.503996
0.685245
0.542905
0.499733
0.421017
0.510874
0.135594
0.31522
0.034465
0.808441
0.813583
0.961657
0.480907
0.389354
0.294317
0.854402
0.723958
0.691878
0.689255
0.72228
0.193327
0.249097
0.366725
0.999917
0.044984
0.761983
0.360246
0.331416
0.040352
0.350723
0.698904
0.207702
0.507815
0.219318
0.481031
0.542433
0.211865
0.794985
0.406901
0.150944
0.514262
0.920997
0.168932
0.085884
0.05271
0.903887
0.63848
0.655337
0.551678
0.638905
0.266158
0.855973
0.298733
0.646388
0.143146
0.376666
0.585325
0.89205
0.819284
0.474955
0.328342
0.99828
0.180961
0.624552
0.476125
0.62849
0.694797
0.977862
0.242249
0.64665
0.274374
0.821313
0.029395
0.228171
0.546007
0.661696
0.400514
0.443892
0.902787
0.940569
0.196588
0.928259
0.611504
0.219852
0.676992
0.509754
0.039039
0.714533
0.570518
0.39877
0.101397
0.74456
0.724251
0.342277
0.9951
0.162761
0.027532
0.567536
0.33993
0.22926
0.715152
0.616431
0.017716
0.920616
0.601526
0.212983
0.611754
0.183318
0.911632
0.200202
0.212861
0.318785
0.687916
0.796422
0.492686
0.934897
0.877762
0.191012
0.770081
0.245973
0.347608
0.18943
0.259142
0.4078
0.062258
0.352841
0.61608
0.100671
0.444757
0.210468
0.098722
0.899341
0.621353
0.136648
0.593095
0.206049
0.946818
0.562933
0.909345
0.524773
0.318031
0.443383
0.657666
0.916183
0.68173
0.882756
0.904506
0.595198
0.577137
0.489378
0.181873
0.011334
0.474119
0.53417
0.224026
0.141198
0.458647
0.262926
0.380598
0.649967
0.162949
0.704944
0.306023
0.41041
0.664135
0.133503
0.415413
0.561088
0.240251
0.501165
0.471497
0.089264
0.422862
0.767405
0.596286
0.658691
0.2885
0.798248
0.559711
0.8393
0.384095
0.897949
0.096993
0.668007
0.653101
0.413123
0.673267
0.762434
0.786699
0.583741
0.140467
0.247086
0.436417
0.624177
0.497228
0.502516
0.877208
0.307471
0.491984
0.565562
0.31451
0.44904
0.403343
0.174418
0.842058
0.284446
0.018231
0.461734
0.230694
0.667298
0.701342
0.725064
0.902564
0.116467
0.110347
0.828635
0.754761
0.010247
0.694182
0.80532
0.97322
0.635174
0.241017
0.828793
0.666305
0.858946
0.602391
0.600403
0.616963
0.281958
0.370956
0.702452
0.635093
0.955299
0.670808
0.795158
0.338597
0.325849
0.397126
0.45285
0.690284
0.246558
0.546468
0.842684
0.60551
0.573355
0.533594
0.397799
0.46377
0.587247
0.806824
0.618701
0.778366
0.270348
0.471942
0.749532
0.060802
0.29611
0.943031
0.879697
0.185797
0.200416
0.846957
0.363296
0.189938
0.719216
0.379849
0.556351
0.686379
0.304558
0.852596
0.588975
0.260556
0.823185
0.693926
0.37544
0.353156
0.648867
0.67026
0.39462
0.713259
0.653249
0.589914
0.521027
0.023902
0.688633
0.741055
0.669435
0.233243
0.115119
0.531963
0.450842
0.743118
0.972423
0.11265
0.786753
0.002835
0.969255
0.860964
0.31631
0.01474
0.840677
0.285867
0.092935
0.778309
0.157711
0.981835
0.663994
0.81976
0.08775
0.497241
0.491888
0.476945
0.175642
0.498599
0.295415
0.306855
0.150289
0.919627
0.373053
0.232406
0.619398
0.158162
0.802556
0.595415
0.323468
0.882869
0.004094
0.113401
0.673075
0.330213
0.221045
0.573065
0.300787
0.499536
0.330023
0.109338
0.33229
0.065916
0.541438
0.093796
0.957358
0.111234
0.410889
0.011634
0.674171
0.310532
0.982046
0.206464
0.860718
0.746084
0.261681
0.334923
0.397003
0.307112
0.424021
0.525532
0.291344
0.837081
0.702455
0.626702
0.348047
0.693694
0.861552
0.754172
0.970203
0.73347
0.274861
0.964063
0.719346
0.538804
0.80496
0.981593
0.253244
0.192969
0.602482
0.191933
0.368732
0.122595
0.232355
0.19629
0.65039
0.465415
0.231717
0.116723
0.971429
0.066312
0.82026
0.851224
0.289097
0.401857
0.217627
0.083898
0.90927
0.213546
0.72028
0.614954
0.314628
0.45291
0.699569
0.422016
0.071424
0.044518
0.58312
0.95906
0.823747
0.177815
0.165428
0.177496
0.232134
0.526199
0.90787
0.833433
0.951684
0.903679
0.980677
0.33706
0.15903
0.780641
0.441762
0.117823
0.12769
0.682163
0.70303
0.196447
0.528787
0.502699
0.973268
0.447447
0.644392
0.905317
0.000148
0.138953
0.827326
0.11995
0.396228
0.409957
0.852277
0.102851
0.059374
0.990004
0.596501
0.462149
0.363179
0.262693
0.171659
0.75515
0.9983
0.954035
0.53332
0.889852
0.536057
0.049257
0.840079
0.956466
0.462506
0.420339
0.50888
0.589606
0.800562
0.526535
0.537994
0.577853
0.529847
0.955524
0.233287
0.593607
0.117009
0.609952
0.604786
0.415224
0.92051
0.612532
0.554195
0.260387
0.120145
0.980574
0.76834
0.224012
0.907973
0.129357
0.967663
0.538856
0.896865
0.684009
0.291749
0.275521
0.540434
0.082114
0.064564
0.57291
0.447544
0.069924
0.075373
0.890199
0.244034
0.643471
0.908038
0.853138
0.723837
0.751188
0.691081
0.171534
0.180974
0.79952
0.988299
0.406192
0.162964
0.90455
0.10555
0.120523
0.474015
0.644146
0.033859
0.886479
0.205375
0.249807
0.885837
0.742412
0.86305
0.123857
0.245693
0.330917
0.439733
0.379121
0.744128
0.546876
0.713912
0.888509
0.109472
0.680555
0.127461
0.605124
0.59735
0.640594
0.108947
0.355986
0.054088
0.456277
0.225436
0.751765
0.358465
0.532324
0.896048
0.423835
0.148987
0.462801
0.33283
0.97589
0.874325
0.480749
0.001831
0.352959
0.466372
0.646504
0.621894
0.335844
0.322258
0.743037
0.893468
0.030964
0.227114
0.359383
0.579336
0.236212
0.373042
0.21568
0.500822
0.532288
0.329733
0.862892
0.119472
0.433892
0.137309
0.793042
0.007468
0.509912
0.906634
0.771142
0.882887
0.486047
0.083313
0.425575
0.504501
0.061392
0.699697
0.832559
0.892878
0.793882
0.639964
0.877802
0.66988
0.183843
0.909368
0.604564
0.456888
0.412421
0.389809
0.159848
0.883692
0.160875
0.390172
0.763484
0.600186
0.908985
0.757762
0.514442
0.531126
0.355338
0.264537
0.955826
0.120189
0.618292
0.640929
0.636338
0.546731
0.877782
0.996305
0.837149
0.314604
0.33355
0.157462
0.370032
0.860966
0.98882
0.176325
0.676063
0.411075
0.615719
0.901496
0.042869
0.767277
0.625079
0.067161
0.320189
0.144782
0.689062
0.206514
0.340134
0.38397
0.283356
0.412957
0.258443
0.282462
0.006699
0.608032
0.147559
0.108138
0.683128
0.423994
0.609484
0.527935
0.56881
0.892232
0.149519
0.714883
0.006526
0.220404
0.451406
0.61946
0.17466
0.199523
0.036365
0.584514
0.644071
0.333271
0.325434
0.88526
0.783899
0.755338
0.625263
0.326603
0.665748
0.976751
0.547821
0.81975
0.405376
0.341586
0.855996
0.140281
0.131105
0.98357
0.461741
0.163911
0.25568
0.906711
0.505398
0.930235
0.860007
0.466156
0.811161
0.865164
0.947139
0.941791
0.797696
0.349718
0.649373
0.576609
0.453156
0.450401
0.913137
0.676484
0.07522
0.402469
0.723002
0.614221
0.822033
0.463552
0.755829
0.207658
0.377486
0.27163
0.770994
0.135347
0.934222
0.952902
0.680599
0.92983
0.762437
0.658507
0.782973
0.270544
0.930849
0.696419
0.756899
0.019356
0.428019
0.185437
0.200173
0.013935
0.293052
0.437322
0.497479
0.998861
0.231699
0.10736
0.595729
0.649888
0.331857
0.293672
0.823391
0.02537
0.849546
0.447504
0.624645
0.986847
0.550811
0.627959
0.798344
0.107985
0.738954
0.989804
0.655066
0.277329
0.488436
0.905048
0.951285
0.890747
0.525762
0.745455
0.434312
0.2402
0.741282
0.237964
0.587306
0.639035
0.840216
0.640298
0.120411
0.201904
0.683389
0.890095
0.665216
0.373981
0.951052
0.106005
0.07528
0.12683
0.451297
0.671971
0.891697
0.349229
0.731159
0.750515
0.630068
0.336993
0.208008
0.955528
0.777063
0.212112
0.772635
0.26852
0.602478
0.952781
0.335869
0.098481
0.833141
0.909769
0.262617
0.695426
0.058564
0.369751
0.50261
0.422393
0.417208
0.268071
0.870276
0.428183
0.359713
0.180393
0.040347
0.379991
0.860539
0.284276
0.031655
0.133076
0.284704
0.163422
0.826247
0.653287
0.750482
0.043944
0.525153
0.78944
0.821162
0.303096
0.255546
0.688778
0.370424
0.282245
0.221473
0.341068
0.960647
0.777892
0.326825
0.394309
0.263992
0.686637
0.896428
0.788664
0.418135
0.395989
0.414825
0.439653
0.152513
0.11733
0.158011
0.403738
0.260652
0.21068
0.425423
0.289264
0.050045
0.628537
0.407769
0.335814
0.917712
0.207408
0.574315
0.742538
0.780032
0.588505
0.39521
0.433785
0.306432
0.622721
0.824387
0.936727
0.399441
0.883905
0.133369
0.232295
0.605703
0.443485
0.639962
0.812849
0.864397
0.941532
0.461787
0.48845
0.466397
0.673031
0.038251
0.819638
0.162544
0.484186
0.050151
0.741756
0.828178
0.934012
0.186784
0.562148
0.604525
0.386959
0.451174
0.524306
0.392489
0.095155
0.942127
0.734523
0.280417
0.043586
0.612091
0.803766
0.588097
0.96181
0.423255
0.304413
0.938173
0.068028
0.837886
0.738263
0.339907
0.344511
0.769045
0.82055
0.432432
0.305364
0.576864
0.261492
0.778517
0.423304
0.936552
0.766409
0.625447
0.844667
0.013753
0.991333
0.129076
0.859391
0.742261
0.104808
0.859625
0.22054
0.003377
0.741127
0.414657
0.998581
0.368452
0.1085
0.935787
0.428973
0.906776
0.357112
0.986919
0.780678
0.481874
0.782538
0.502023
0.243066
0.723439
0.467293
0.93501
0.862723
0.261518
0.906921
0.955841
0.293843
0.480325
0.236576
0.151035
0.141314
0.582672
0.49192
0.419241
0.808789
0.855227
0.816637
0.57194
0.64663
0.263615
0.431602
0.410232
0.77605
0.519773
0.336855
0.795828
0.648239
0.168748
0.536704
0.477141
0.077902
0.180619
0.296431
0.304611
0.636318
0.555014
0.375821
0.503872
0.558015
0.847345
0.151577
0.701265
0.332909
0.289002
0.048029
0.994541
0.263945
0.41867
0.603488
0.90251
0.420623
0.851501
0.380193
0.586016
0.983495
0.458694
0.557456
0.854893
0.791071
0.435797
0.44063
0.054171
0.622127
0.597509
0.095527
0.594245
0.904264
0.079833
0.755027
0.701873
0.494441
0.194125
0.188955
0.468723
0.453513
0.047608
0.275703
0.504781
0.183634
0.075359
0.912976
0.668983
0.252394
0.85278
0.353954
0.919394
0.438795
0.155529
0.610445
0.654898
0.936439
0.008308
0.328556
0.934622
0.38815
0.316049
0.461505
0.94488
0.278808
0.073175
0.886822
0.192651
0.71524
0.026735
0.10462
0.444761
0.112296
0.910522
0.951067
0.830804
0.014866
0.918516
0.034556
0.131776
0.638348
0.989974
0.395436
0.647523
0.5187
0.545491
0.592233
0.183653
0.470908
0.79836
0.252805
0.683
0.045383
0.70473
0.62191
0.858336
0.398286
0.123623
0.337788
0.150752
0.307078
0.604884
0.183861
0.411722
0.576738
0.371323
0.992102
0.190334
0.503823
0.806449
0.445403
0.931109
0.964049
0.668304
0.637335
0.357671
0.051199
0.186494
0.41534
0.996274
0.040144
0.375705
0.417161
0.931774
0.829893
0.187851
0.789399
0.113676
0.59559
0.757814
0.938615
0.848936
0.800959
0.372983
0.53398
0.808276
0.948966
0.12288
0.510611
0.749719
0.742791
0.370904
0.97046
0.021197
0.60901
0.755992
0.347856
0.838753
0.470581
0.606769
0.740944
0.210139
0.946509
0.986844
0.258125
0.721747
0.232983
0.409078
0.853448
0.214935
0.028325
0.960454
0.206338
0.336776
0.49662
0.612297
0.731438
0.143562
0.946122
0.651006
0.140833
0.003775
0.907496
0.286608
0.945432
0.626138
0.010456
0.449073
0.809704
0.060782
0.090051
0.732816
0.005541
0.893922
0.293888
0.204932
0.687582
0.34377
0.400791
0.247869
0.364518
0.858626
0.103626
0.218285
0.006009
0.963966
0.191108
0.253003
0.46225
0.003689
0.480739
0.946966
0.740443
0.268121
0.069815
0.556657
0.439586
0.794148
0.169915
0.161573
0.061557
0.155053
0.045055
0.320335
0.552265
0.824034
0.534526
0.410413
0.969878
0.881124
0.621727
0.627369
0.129161
0.517313
0.19551
0.723438
0.306434
0.652199
0.016558
0.912894
0.564614
0.588289
0.018411
0.494352
0.179409
0.202364
0.737909
0.716397
0.184659
0.600447
0.457998
0.466823
0.343956
0.290666
0.850516
0.037735
0.804541
0.585906
0.844275
0.036619
0.756387
0.429169
0.410715
0.80758
0.117812
0.365009
0.530927
0.739524
0.684656
0.428501
0.890198
0.010359
0.82466
0.518451
0.1472
0.565642
0.083329
0.880487
0.753172
0.042219
0.089037
0.231108
0.37656
0.999158
0.558066
0.430125
0.562815
0.890947
0.021032
0.628653
0.373695
0.534392
0.777914
0.775503
0.58198
0.87258
0.320482
0.388884
0.320866
0.890296
0.431079
0.241981
0.607846
0.415612
0.875314
0.140684
0.803629
0.55381
0.90051
0.790607
0.049207
0.44074
0.649282
0.847105
0.832301
0.005171
0.814771
0.511393
0.846098
0.823085
0.004793
0.259109
0.466795
0.200492
0.165291
0.840284
0.357053
0.582676
0.003768
0.142927
0.272422
0.290135
0.227505
0.077751
0.808191
0.201373
0.804871
0.307307
0.262315
0.322953
0.250163
0.682764
0.839823
0.655969
0.132409
0.311742
0.882766
0.581411
0.018326
0.090595
0.884424
0.323506
0.559202
0.994508
0.301196
0.812895
0.10609
0.913
0.708355
0.126319
0.23053
0.734273
0.100949
0.254226
0.073988
0.763014
0.405932
0.150337
0.619116
0.883713
0.95098
0.957899
0.890486
0.347446
0.043052
0.353939
0.484266
0.627427
0.949939
0.582813
0.830814
0.67899
0.023722
0.299071
0.756262
0.564341
0.911911
0.325592
0.336542
0.896002
0.726131
0.930524
0.234939
0.961999
0.227538
0.06715
0.187393
0.696946
0.340748
0.547689
0.906602
0.727195
0.123593
0.108615
0.786237
0.494408
0.154043
0.244634
0.59988
0.613304
0.832791
0.05921
0.096173
0.905124
0.635094
0.923623
0.393821
0.299541
0.285161
0.526247
0.984275
0.206601
0.167277
0.069869
0.663732
0.931508
0.530082
0.124146
0.912536
0.085925
0.624649
0.830213
0.731455
0.431548
0.39285
0.382849
0.44715
0.067853
0.523458
0.63896
0.879951
0.763685
0.228131
0.689146
0.87128
0.789303
0.356783
0.35047
0.874667
0.690273
0.708603
0.809892
0.674166
0.049091
0.378426
0.900423
0.781297
0.196039
0.449686
0.609258
0.548677
0.600553
0.259479
0.29071
0.591069
0.307426
0.278513
0.687087
0.070614
0.258117
0.751453
0.085869
0.264676
0.208955
0.197997
0.517159
0.440182
0.795142
0.093906
0.887495
0.803647
0.338416
0.840297
0.189774
0.111924
0.121064
0.068221
0.964893
0.542673
0.823802
0.857451
0.385886
0.54107
0.464026
0.709285
0.142264
0.998998
0.756605
0.554308
0.378267
0.267355
0.550009
0.013041
0.045989
0.351095
0.203097
0.943154
0.724181
0.608582
0.963553
0.28689
0.889538
0.439055
0.280217
0.469451
0.194334
0.791127
0.355836
0.212071
0.958799
0.892155
0.595567
0.597439
0.252611
0.0614
0.40685
0.426512
0.789182
0.529242
0.204835
0.612022
0.52922
0.414228
0.886675
0.203522
0.612037
0.986068
0.257596
0.025903
0.402682
0.82788
0.658186
0.065615
0.586746
0.753901
0.508029
0.192613
0.462609
0.449164
0.287216
0.692685
0.41877
0.755366
0.648982
0.027333
0.089191
0.311778
0.747678
0.926916
0.393344
0.21684
0.557628
0.425665
0.382265
0.35772
0.633868
0.072767
0.243975
0.848362
0.761439
0.203504
0.794276
0.255056
0.607631
0.184325
0.552153
0.522624
0.753641
0.3972
0.016484
0.314955
0.619652
0.774766
0.320909
0.998084
0.990035
0.432253
0.142991
0.739302
0.809782
0.406501
0.597849
0.011449
0.348619
0.535938
0.52703
0.235915
0.804514
0.811972
0.989634
0.139032
0.791246
0.295351
0.427925
0.941971
0.31558
0.512294
0.585494
0.232608
0.294344
0.618671
0.223992
0.291891
0.909915
0.547096
0.728514
0.47455
0.108764
0.874344
0.814198
0.558708
0.4965
0.486378
0.314177
0.190527
0.357777
0.31966
0.503908
0.134948
0.723227
0.488158
0.692375
0.703156
0.849223
0.681678
0.427955
0.059571
0.623077
0.709308
0.93321
0.167954
0.401193
0.827863
0.196764
0.86696
0.11008
0.580288
0.896208
0.20452
0.501745
0.37286
0.65391
0.622437
0.85673
0.787067
0.429082
0.559628
0.503318
0.662298
0.20873
0.800672
0.45103
0.949911
0.552315
0.864013
0.91226
0.891044
0.947505
0.315426
0.607186
0.57066
0.633899
0.216391
0.745645
0.981426
0.871265
0.206318
0.925826
0.170811
0.532902
0.788585
0.929097
0.296711
0.520839
0.372143
0.329133
0.343766
0.895536
0.676484
0.812146
0.200607
0.018881
0.309814
0.784702
0.11586
0.554184
0.375684
0.276343
0.106994
0.127691
0.847509
0.164273
0.624367
0.498469
0.964395
0.422065
0.179555
0.505697
0.572379
0.113371
0.801626
0.612496
0.94754
0.720051
0.421016
0.108391
0.12531
0.296622
0.649647
0.230214
0.491803
0.001065
0.652566
0.514278
0.699799
0.583874
0.654361
0.899842
0.276164
0.3656
0.693118
0.375446
0.048325
0.095442
0.670437
0.039993
0.466749
0.763721
0.732072
0.165096
0.778905
0.784771
0.384194
0.816616
0.22559
0.611561
0.119028
0.62259
0.549164
0.223505
0.890511
0.484956
0.002154
0.925029
0.136809
0.252991
0.009903
0.55917
0.600993
0.04788
0.666021
0.644807
0.653719
0.015809
0.750832
0.994516
0.673034
0.745558
0.495494
0.147741
0.153138
0.239842
0.052946
0.41656
0.240038
0.751687
0.462208
0.218523
0.556597
0.014427
0.655925
0.069502
0.378822
0.012984
0.621871
0.143572
0.124947
0.174575
0.759899
0.161775
0.962944
0.145205
0.720848
0.925148
0.333273
0.354812
0.466918
0.76418
0.318494
0.372088
0.242668
0.113628
0.695083
0.72469
0.65199
0.336198
0.947249
0.775207
0.076199
0.814222
0.985365
0.791504
0.368565
0.363924
0.120906
0.381143
0.104275
0.89016
0.246049
0.748625
0.772002
0.073033
0.345352
0.400642
0.023617
0.209655
0.983932
0.436748
0.928094
0.3629
0.980124
0.917116
0.394653
0.487841
0.506213
0.148163
0.299561
0.011003
0.859266
0.515089
0.483792
0.124995
0.998116
0.185544
0.488889
0.221982
0.882511
0.415235
0.696452
0.322027
0.69129
0.686622
0.575939
0.033443
0.858082
0.84669
0.023712
0.734962
0.419305
0.530933
0.857727
0.506274
0.732206
0.56665
0.916085
0.100817
0.335946
0.505795
0.744437
0.257139
0.039356
0.554373
0.030756
0.978566
0.581528
0.926316
0.833891
0.287462
0.020585
0.438064
0.900911
0.038385
0.711591
0.537697
0.50606
0.476361
0.665414
0.008966
0.910676
0.856368
0.638799
0.710621
0.838992
0.279897
0.458126
0.726212
0.909063
0.185025
0.007979
0.011871
0.292954
0.657988
0.001887
0.228578
0.169784
0.798929
0.845053
0.417639
0.243845
0.45036
0.69636
0.951037
0.672541
0.614959
0.798266
0.392913
0.625287
0.962679
0.105704
0.861947
0.496562
0.74193
0.570197
0.40122
0.355896
0.735946
0.656611
0.41269
0.373793
0.54911
0.352833
0.898872
0.245707
0.919752
0.535966
0.131807
0.828042
0.769535
0.09435
0.117255
0.590501
0.034215
0.025632
0.587802
0.352177
0.200993
0.00409
0.445842
0.59462
0.394235
0.585516
0.441437
0.262333
0.063676
0.462673
0.681896
0.655506
0.851281
0.489069
0.516329
0.142005
0.638603
0.044416
0.065244
0.857011
0.97924
0.171726
0.048437
0.860413
0.121829
0.757963
0.989424
0.93274
0.673897
0.285197
0.478952
0.992707
0.488329
0.796521
0.507517
0.542873
0.728572
0.528148
0.111437
0.65161
0.038917
0.313868
0.076492
0.385511
0.51223
0.52564
0.974187
0.811205
0.892642
0.428716
0.565426
0.624627
0.148697
0.473758
0.62649
0.170173
0.836804
0.515184
0.726614
0.543279
0.802023
0.268862
0.691604
0.543443
0.183006
0.397738
0.838483
0.104121
0.708878
0.180871
0.609123
0.164023
0.935686
0.517597
0.101834
0.781096
0.041541
0.120109
0.167575
0.03973
0.447959
0.297472
0.15298
0.665159
0.50347
0.643106
0.730921
0.680313
0.814771
0.35032
0.813038
0.758512
0.371542
0.199255
0.535335
0.802253
0.578184
0.540684
0.959788
0.595386
0.939809
0.085284
0.208973
0.488102
0.351655
0.28223
0.662759
0.785024
0.034322
0.568245
0.529219
0.858763
0.108268
0.267179
0.425891
0.161287
0.078893
0.915693
0.132203
0.147445
0.85024
0.488069
0.53741
0.117623
0.835911
0.499818
0.563288
0.011966
0.258235
0.648224
0.734038
0.806793
0.089847
0.715934
0.03531
0.966547
0.458998
0.632225
0.39493
0.449138
0.090059
0.235345
0.617162
0.281468
0.634513
0.304177
0.317814
0.763508
0.480329
0.526183
0.380401
0.766131
0.257646
0.621659
0.659036
0.828989
0.249254
0.585109
0.934674
0.931095
0.007861
0.218558
0.044696
0.856879
0.81755
0.276097
0.312297
0.16941
0.214906
0.415067
0.708973
0.748088
0.718821
0.609017
0.828124
0.47068
0.427668
0.985742
0.921304
0.33598
0.426702
0.909952
0.250555
0.878677
0.53406
0.972462
0.673253
0.399579
0.495536
0.613156
0.22747
0.278391
0.184275
0.976373
0.306761
0.42434
0.85128
0.385316
0.768773
0.163293
0.063412
0.611947
0.572822
0.649983
0.004967
0.524182
0.556402
0.821036
0.677621
0.039255
0.11426
0.431641
0.309732
0.377778
0.944037
0.088074
0.079708
0.395071
0.943172
0.609453
0.247132
0.237405
0.341509
0.628746
0.169579
0.94537
0.446042
0.279197
0.103263
0.914551
0.302641
0.519857
0.634821
0.132066
0.04233
0.963277
0.370372
0.425897
0.979715
0.465628
0.681875
0.799323
0.625891
0.935422
0.155878
0.050634
0.622579
0.432765
0.060286
0.143377
0.451013
0.916954
0.791588
0.263668
0.303265
0.141892
0.569912
0.477484
0.125481
0.556289
0.264613
0.05061
0.348173
0.15861
0.698867
0.619448
0.294474
0.847109
0.927133
0.227125
0.217644
0.106209
0.95786
0.539601
0.950765
0.251635
0.584887
0.521157
0.14065
0.729185
0.234972
0.686079
0.394812
0.431264
0.060404
0.658434
0.663137
0.042941
0.17358
0.723176
0.558057
0.266497
0.536252
0.238943
0.039356
0.305699
0.075978
0.606488
0.124832
0.727878
0.032806
0.726952
0.619404
0.411651
0.695955
0.217592
0.331551
0.038275
0.57637
0.291213
0.293307
0.427004
0.812044
0.101773
0.624601
0.618299
0.114042
0.467714
0.134085
0.292512
0.872864
0.077668
0.047998
0.767129
0.956983
0.640783
0.499776
0.947678
0.257306
0.711933
0.268159
0.293197
0.113349
0.75264
0.00992
0.383707
0.637812
0.913966
0.196379
0.181875
0.344803
0.701567
0.812784
0.583215
0.89912
0.223434
0.674906
0.777626
0.719999
0.158792
0.825652
0.892333
0.813909
0.257569
0.597578
0.407651
0.397598
0.34541
0.392405
0.874227
0.747847
0.032257
0.252151
0.248814
0.581312
0.288961
0.570832
0.626481
0.002822
0.142814
0.366774
0.403836
0.356879
0.844396
0.282501
0.364725
0.784695
0.281448
0.187288
0.148066
0.44722
0.427423
0.47411
0.477328
0.24875
0.499267
0.351407
0.830577
0.535698
0.073388
0.918661
0.460886
0.5944
0.147552
0.268817
0.215486
0.357853
0.717437
0.872991
0.75324
0.819083
0.50184
0.435152
0.511851
0.352687
0.693128
0.075695
0.29824
0.179212
0.857096
0.010232
0.557408
0.145756
0.860211
0.840226
0.75168
0.968233
0.661708
0.416455
0.797884
0.765467
0.302821
0.206152
0.726803
0.517151
0.363662
0.431741
0.866681
0.960487
0.398355
0.643178
0.783358
0.205179
0.373302
0.541783
0.538344
0.72142
0.263083
0.809078
0.584041
0.983711
0.795746
0.871941
0.06737
0.535764
0.138804
0.911013
0.055989
0.171223
0.55725
0.740888
0.934079
0.330958
0.355445
0.209193
0.25149
0.937787
0.716375
0.475922
0.142231
0.350611
0.165299
0.759601
0.940817
0.024818
0.217378
0.29954
0.363552
0.207708
0.432098
0.802352
0.070696
0.509444
0.712741
0.187489
0.726572
0.163671
0.096712
0.75382
0.59315
0.759307
0.254482
0.405452
0.619003
0.112834
0.188407
0.266089
0.90367
0.430827
0.664123
0.398124
0.88591
0.312485
0.236814
0.284073
0.223653
0.308031
0.70955
0.128532
0.205963
0.150706
0.862886
0.470647
0.753545
0.409376
0.169048
0.788957
0.342598
0.963519
0.587418
0.232233
0.977728
0.495225
0.991028
0.272502
0.124175
0.907279
0.484628
0.537562
0.957881
0.915819
0.61397
0.642584
0.134933
0.123438
0.909331
0.860078
0.247717
0.234904
0.697543
0.263478
0.78791
0.022941
0.369514
0.369759
0.078393
0.711989
0.311987
0.622986
0.838861
0.722554
0.18236
0.534588
0.124764
0.638651
0.020451
0.891784
0.881998
0.799246
0.132684
0.96542
0.824249
0.280924
0.001858
0.647243
0.787764
0.069374
0.771929
0.120913
0.572589
0.389553
0.811813
0.797499
0.386989
0.560559
0.640226
0.523459
0.862046
0.902534
0.483741
0.914915
0.857809
0.977215
0.397963
0.879481
0.173006
0.894322
0.251917
0.777072
0.011875
0.028305
0.027236
0.820196
0.786031
0.405599
0.684561
0.477975
0.66467
0.421727
0.15308
0.084464
0.144511
0.419213
0.80831
0.111032
0.842865
0.470641
0.048902
0.627703
0.052859
0.258189
0.178942
0.288853
0.180085
0.289872
0.805732
0.771136
0.683109
0.004823
0.168698
0.273293
0.577211
0.1986
0.211774
0.348613
0.904057
0.353321
0.47853
0.712401
0.422594
0.832603
0.122123
0.819362
0.929314
0.506011
0.287599
0.834329
0.850114
0.991243
0.750145
0.258412
0.833252
0.956259
0.709243
0.345245
0.623177
0.298671
0.925865
0.114958
0.114627
0.160137
0.643516
0.091922
0.832666
0.664313
0.551163
0.953873
0.599177
0.802748
0.218226
0.820959
0.426828
0.884475
0.279044
0.983048
0.390039
0.458816
0.026925
0.159283
0.206847
0.333188
0.124007
0.250296
0.539642
0.755363
0.042472
0.744855
0.060858
0.129071
0.437752
0.52033
0.041877
0.333862
0.33646
0.770658
0.435163
0.620978
0.270539
0.239463
0.502785
0.358866
0.717726
0.111164
0.688959
0.663896
0.922409
0.104339
0.974998
0.05726
0.424003
0.421468
0.042823
0.993867
0.59011
0.413279
0.3271
0.533625
0.510172
0.443616
0.492577
0.19999
0.305688
0.479203
0.021539
0.077019
0.924629
0.776994
0.355373
0.882635
0.787162
0.520297
0.95254
0.992308
0.127398
0.691658
0.929883
0.094494
0.622478
0.707686
0.640727
0.985762
0.700636
0.828907
0.754267
0.581221
0.866811
0.655363
0.508286
0.004793
0.907731
0.652482
0.413152
0.848173
0.875197
0.738498
0.646689
0.986627
0.601212
0.462037
0.225228
0.966629
0.461788
0.890316
0.573695
0.956367
0.651091
0.165739
0.942112
0.812347
0.093331
0.237746
0.614539
0.346153
0.279524
0.367754
0.268424
0.018793
0.403642
0.983079
0.697844
0.13615
0.948814
0.711148
0.882549
0.732523
0.264316
0.75918
0.987993
0.698119
0.754061
0.485783
0.543917
0.98108
0.674039
0.760916
0.465913
0.842605
0.445739
0.435033
0.706532
0.15114
0.246966
0.010812
0.265197
0.507414
0.229484
0.480214
0.758638
0.381025
0.612501
0.503496
0.54078
0.201054
0.989813
0.160894
0.806325
0.544283
0.069898
0.023883
0.724458
0.305881
0.973314
0.167006
0.068926
0.398964
0.24112
0.039226
0.62309
0.562284
0.916933
0.393873
0.575844
0.975367
0.777824
0.256279
0.957981
0.142174
0.46021
0.153908
0.330239
0.752491
0.74235
0.589252
0.246903
0.038788
0.439735
0.994928
0.937223
0.285295
0.049724
0.217999
0.597345
0.265589
0.09937
0.59294
0.076098
0.801207
0.024156
0.284465
0.226677
0.310959
0.136712
0.399809
0.441308
0.458997
0.010126
0.71838
0.227592
0.646194
0.358061
0.894477
0.882568
0.624461
0.240433
0.213729
0.140741
0.942773
0.614708
0.818959
0.985783
0.657056
0.627181
0.429168
0.074573
0.01061
0.924206
0.712257
0.926823
0.030164
0.495089
0.597183
0.125545
0.764972
0.801212
0.493612
0.822751
0.925918
0.865704
0.410928
0.730908
0.22708
0.557109
0.153617
0.480603
0.963518
0.797926
0.630385
0.855107
0.653427
0.2263
0.113484
0.723423
0.486447
0.978973
0.806397
0.383637
0.9968
0.354885
0.844524
0.590585
0.462919
0.610034
0.81561
0.03579
0.358946
0.099051
0.352964
0.942084
0.416872
0.51003
0.144408
0.506717
0.557019
0.76678
0.450879
0.769299
0.332098
0.540228
0.304172
0.697252
0.813904
0.906291
0.342481
0.016659
0.505939
0.983439
0.459433
0.562553
0.90287
0.60169
0.03658
0.395019
0.404051
0.720032
0.618857
0.797436
0.15631
0.330905
0.424365
0.135246
0.505956
0.176261
0.179222
0.983244
0.759371
0.565622
0.260814
0.7772
0.07433
0.992588
0.207525
0.145024
0.483237
0.851029
0.206528
0.353648
0.544599
0.881569
0.141733
2e-05
0.243183
0.357211
0.167019
0.610127
0.105279
0.587984
0.202476
0.902359
0.494062
0.004845
0.587337
0.044689
0.50909
0.434655
0.312047
0.94583
0.939467
0.516628
0.677293
0.510498
0.874829
0.986113
0.839681
0.098159
0.838639
0.125436
0.245324
0.284707
0.0235
0.034439
0.163709
0.983048
0.048449
0.538607
0.508418
0.252924
0.386719
0.725567
0.541775
0.4283
0.656012
0.326482
0.320792
0.471582
0.513914
0.986014
0.638692
0.874505
0.156351
0.520051
0.941604
0.49793
0.099095
0.074288
0.659948
0.949811
0.221585
0.568361
0.868826
0.663256
0.848543
0.28413
0.643831
0.886721
0.97257
0.257969
0.368021
0.209848
0.227337
0.539789
0.00561
0.189314
0.555658
0.182839
0.922521
0.086871
0.312417
0.684576
0.590904
0.348801
0.203627
0.022018
0.583257
0.873003
0.628784
0.443737
0.005706
0.940989
0.120787
0.552185
0.336013
0.418779
0.369443
0.283755
0.410221
0.715855
0.919319
0.001133
0.737826
0.429059
0.88142
0.971162
0.1633
0.996718
0.869928
0.798193
0.072072
0.395186
0.150602
0.759495
0.931849
0.966236
0.555809
0.070073
0.929191
0.201315
0.372733
0.103927
0.626156
0.496139
0.741569
0.057086
0.98399
0.957861
0.633719
0.37553
0.462806
0.772596
0.808792
0.91207
0.507777
0.719225
0.485058
0.632595
0.248154
0.229682
0.723721
0.677086
0.438886
0.520026
0.320943
0.243447
0.839226
0.549835
0.012726
0.468218
0.987773
0.467747
0.540587
0.854147
0.615044
0.916103
0.671869
0.418157
0.486746
0.402344
0.273555
0.983627
0.693655
0.305302
0.091196
0.553922
0.392135
0.165303
0.533937
0.627728
0.411708
0.365794
0.963888
0.235645
0.993788
0.705621
0.321801
0.215755
0.728583
0.496196
0.595011
0.338643
0.81479
0.758194
0.552334
0.005458
0.962405
0.981015
0.671989
0.325496
0.94113
0.754843
0.341479
0.153989
0.218523
0.480117
0.824722
0.333431
0.674621
0.508506
0.463183
0.118488
0.703982
0.187864
0.389186
0.412606
0.378828
0.685026
0.377451
0.301382
0.131669
0.704372
0.87187
0.208592
0.336417
0.704601
0.050347
0.732925
0.064715
0.84007
0.091437
0.981984
0.054516
0.598562
0.560499
0.983962
0.158233
0.125558
0.034134
0.828745
0.998562
0.641997
0.110871
0.713275
0.591954
0.158878
0.807228
0.064595
0.427245
0.201641
0.565524
0.910952
0.808125
0.908081
0.895329
0.94557
0.197313
0.25265
0.418937
0.337871
0.759065
0.516922
0.657859
0.102304
0.654448
0.080161
0.691924
0.475171
0.498016
0.369151
0.113754
0.310656
0.275661
0.345018
0.244334
0.606688
0.165124
0.502076
0.77226
0.032165
0.373975
0.992884
0.696718
0.361442
0.626861
0.434907
0.610784
0.882892
0.204142
0.043241
0.153638
0.29627
0.329984
0.121014
0.40731
0.704526
0.2247
0.693576
0.578187
0.486012
0.756995
0.558562
0.472139
0.441721
0.957062
0.04661
0.064691
0.150071
0.832882
0.106599
0.045817
0.245027
0.014477
0.896521
0.103463
0.078569
0.399322
0.966153
0.876482
0.721931
0.33776
0.119357
0.51916
0.045252
0.680007
0.816257
0.487255
0.444605
0.758069
0.19545
0.181018
0.132689
0.189752
0.219848
0.331369
0.083638
0.557646
0.803053
0.755002
0.870353
0.342952
0.670765
0.772114
0.021506
0.881785
0.667154
0.592589
0.652709
0.815056
0.383837
0.381972
0.365886
0.825199
0.99722
0.863407
0.928263
0.518792
0.148228
0.815193
0.449397
0.362133
0.417531
0.613019
0.272384
0.000604
0.506169
0.790182
0.173705
0.976391
0.347646
0.786518
0.423702
0.548719
0.805254
0.891002
0.678607
0.507929
0.618052
0.459112
0.716864
0.155989
0.54965
0.434255
0.96516
0.225725
0.495209
0.974133
0.765266
0.42807
0.32819
0.765306
0.640037
0.608232
0.436356
0.601205
0.949135
0.305258
0.34789
0.545791
0.680407
0.37213
0.723293
0.958494
0.173977
0.173649
0.61265
0.414916
0.891156
0.599426
0.442986
0.573108
0.475065
0.718918
0.484924
0.212329
0.838926
0.216004
0.046403
0.223396
0.6043
0.631111
0.264259
0.969752
0.755361
0.138861
0.166709
0.139478
0.9987
0.738429
0.993546
0.17652
0.433598
0.225718
0.182036
0.008387
0.160776
0.837655
0.686381
0.362986
0.981331
0.239066
0.194772
0.227666
0.217258
0.276352
0.986899
0.404247
0.551627
0.489396
0.776661
0.126373
0.984006
0.512592
0.521416
0.563108
0.835087
0.696243
0.548975
0.674726
0.963545
0.401078
0.840012
0.871372
0.095123
0.069561
0.217246
0.768175
0.736501
0.883248
0.898474
0.029852
0.390571
0.511684
0.586686
0.426147
0.310797
0.864613
0.117078
0.757596
0.866119
0.157688
0.439004
0.146572
0.954662
0.957255
0.09747
0.621088
0.330757
0.208862
0.47309
0.180539
0.576352
0.28633
0.152262
0.733805
0.449162
0.806277
0.246969
0.60932
0.147429
0.25712
0.579088
0.443578
0.143249
0.037161
0.215687
0.810512
0.919076
0.4839
0.671895
0.691796
0.466629
0.216417
0.95874
0.046792
0.159452
0.853597
0.04418
0.299053
0.770215
0.215174
0.452683
0.970401
0.371034
0.970268
0.759718
0.426482
0.319792
0.281268
0.765798
0.053216
0.909845
0.268738
0.293612
0.921855
0.815191
0.016312
0.677875
0.5593
0.083671
0.097496
0.778908
0.677563
0.730344
0.130394
0.82097
0.512981
0.508578
0.635272
0.914931
0.215049
0.719409
0.512494
0.352146
0.557212
0.880393
0.895916
0.825679
0.560667
0.583212
0.105382
0.977488
0.059969
0.360652
0.631001
0.190395
0.862694
0.728345
0.099211
0.009163
0.168664
0.004327
0.10495
0.221529
0.730106
0.464537
0.841054
0.09915
0.843709
0.279493
0.565318
0.835854
0.995826
0.068093
0.288464
0.924717
0.550694
0.207969
0.693329
0.862379
0.043125
0.008193
0.40695
0.727705
0.357329
0.145541
0.939346
0.689945
0.201074
0.860259
0.498085
0.260705
0.13422
0.248609
0.852984
0.146845
0.872473
0.445826
0.07206
0.190143
0.490667
0.888617
0.423842
0.018197
0.107881
0.383677
0.807763
0.261317
0.044781
0.218593
0.850655
0.354167
0.741885
0.646799
0.120238
0.649626
0.594542
0.560895
0.159469
0.094649
0.41956
0.536758
0.585634
0.705218
0.072553
0.025383
0.299305
0.666927
0.317455
0.679114
0.336689
0.055368
0.038839
0.331979
0.80468
0.799941
0.95578
0.443664
0.314579
0.961411
0.571437
0.802159
0.091874
0.609346
0.028722
0.447804
0.04589
0.290476
0.065956
0.621221
0.662987
0.537565
0.004461
0.737727
0.505391
0.381625
0.89868
0.302842
0.99264
0.093976
0.9657
0.051969
0.271816
0.51034
0.338138
0.508672
0.428107
0.316158
0.648286
0.896761
0.860731
0.146607
0.525288
0.079204
0.604243
0.665575
0.394631
0.474132
0.317754
0.847591
0.071526
0.234086
0.122345
0.556776
0.804738
0.795122
0.191319
0.818114
0.196084
0.359822
0.2102
0.563275
0.94933
0.058041
0.204952
0.479439
0.738183
0.183989
0.34482
0.627145
0.105175
0.258602
0.608824
0.538356
0.178266
0.763666
0.734192
0.623194
0.346929
0.013125
0.905625
0.508559
0.745865
0.110008
0.687892
0.474879
0.036772
0.342052
0.331288
0.127555
0.259388
0.166925
0.594593
0.347333
0.388166
0.080313
0.11646
0.205281
0.002937
0.278737
0.849794
0.467985
0.044328
0.269904
0.438045
0.343444
0.217398
0.516201
0.876448
0.094906
0.339466
0.90531
0.524028
0.621602
0.012507
0.673629
0.505321
0.6971
0.885156
0.509545
0.943994
0.071252
0.367473
0.621681
0.077952
0.488491
0.848359
0.024986
0.528693
0.84075
0.9477
0.05972
0.914146
0.876576
0.109166
0.299927
0.943076
0.079139
0.097498
0.895863
0.766361
0.000261
0.628882
0.457124
0.229283
0.300483
0.535479
0.685513
0.924913
0.803294
0.239501
0.025692
0.066085
0.790775
0.05815
0.917269
0.046571
0.112528
0.349296
0.137129
0.508708
0.44519
0.454048
0.138077
0.963708
0.358169
0.961909
0.774434
0.203615
0.94658
0.290625
0.30225
0.95828
0.742083
0.276294
0.360493
0.382283
0.419494
0.077074
0.183531
0.223396
0.921392
0.698481
0.650631
0.856364
0.05832
0.233981
0.554552
0.289524
0.272847
0.035881
0.039667
0.906822
0.524192
0.730225
0.72897
0.31297
0.745678
0.989712
0.191576
0.391963
0.93322
0.257625
0.450296
0.198518
0.991201
0.711992
0.878361
0.361757
0.945111
0.845989
0.060249
0.582586
0.055568
0.453081
0.203363
0.567438
0.565212
0.842821
0.273342
0.285343
0.961197
0.636517
0.954512
0.110935
0.820823
0.389138
0.592615
0.567538
0.3735
0.127321
0.643418
0.512295
0.907175
0.140353
0.722941
0.009903
0.397706
0.786666
0.777763
0.710124
0.880104
0.073752
0.126003
0.276459
0.397933
0.53067
0.812967
0.353316
0.348648
0.073119
0.226666
0.248185
0.557104
0.637083
0.097079
0.406075
0.745414
0.773691
0.277464
0.250092
0.450966
0.997126
0.085146
0.209878
0.471641
0.666175
0.527635
0.998614
0.376932
0.836908
0.11893
0.690377
0.906766
0.035888
0.25223
0.840973
0.006123
0.459984
0.919961
0.785963
0.739385
0.788525
0.316324
0.360283
0.736728
0.08203
0.183282
0.579348
0.334699
0.757178
0.996612
0.993488
0.085607
0.099765
0.606613
0.250434
0.280067
0.593211
0.125419
0.255289
0.341352
0.196346
0.787564
0.617783
0.714597
0.145368
0.473393
0.725639
0.144331
0.09464
0.49921
0.095912
0.92423
0.749485
0.863988
0.46985
0.560917
0.204807
0.068998
0.486521
0.757797
0.193949
0.248987
0.904773
0.012931
0.940226
0.264653
0.418622
0.626203
0.133896
0.768572
0.621233
0.509036
0.422682
0.764442
0.740171
0.735277
0.131614
0.727319
0.474413
0.916248
0.688908
0.880791
0.590018
0.301947
0.931258
0.410516
0.741409
0.782082
0.113242
0.762915
0.056646
0.531456
0.337677
0.260557
0.365818
0.781708
0.802638
0.774802
0.37484
0.587352
0.575845
0.099799
0.831077
0.788171
0.248509
0.733241
0.690468
0.206103
0.250042
0.207014
0.130179
0.390866
0.522423
0.273756
0.306473
0.37578
0.337414
0.043388
0.349607
0.951915
0.209938
0.701962
0.878944
0.259969
0.57033
0.361679
0.156312
0.925182
0.526905
0.978552
0.771261
0.956427
0.029679
0.221746
0.479807
0.299311
0.836687
0.943403
0.724464
0.307911
0.644523
0.331194
0.114761
0.333205
0.338064
0.714786
0.741102
0.049949
0.70877
0.560666
0.863544
0.132513
0.798025
0.930351
0.979821
0.023857
0.609168
0.300504
0.036044
0.046717
0.478583
0.635467
0.438509
0.200081
0.322736
0.482065
0.842435
0.473012
0.172748
0.698352
0.036978
0.872096
0.891604
0.38696
0.699473
0.766653
0.645353
0.324514
0.438599
0.414988
0.606172
0.088313
0.620257
0.816601
0.038583
0.482636
0.988142
0.310747
0.425051
0.934989
0.507697
0.483942
0.021594
0.437492
0.576283
0.936361
0.387642
0.527562
0.909093
0.090081
0.513895
0.461674
0.296672
0.761934
0.699356
0.631803
0.839063
0.103428
0.350889
0.880715
0.823956
0.391322
0.60168
0.34958
0.266657
0.182884
0.674255
0.408878
0.076552
0.2739
0.699141
0.729111
0.044274
0.296656
0.758278
0.942531
0.650564
0.645837
0.942707
0.579305
0.114779
0.113601
0.369909
0.373406
0.225472
0.200584
0.206963
0.936151
0.944814
0.767965
0.468026
0.684637
0.721495
0.957967
0.486834
0.512522
0.314248
0.099702
0.37686
0.941903
0.421636
0.728194
0.180052
0.856501
0.23267
0.607275
0.670912
0.08016
0.007264
0.815763
0.338769
0.557806
0.705338
0.539833
0.777374
0.673189
0.798129
0.754889
0.732255
0.165877
0.17302
0.624896
0.472383
0.789628
0.644957
0.895045
0.526452
0.570392
0.452378
0.852501
0.524792
0.973322
0.110858
0.738047
0.984677
0.225558
0.446883
0.805469
0.56578
0.668642
0.54039
0.442478
0.606923
0.47044
0.274382
0.529667
0.440799
0.961907
0.621606
0.488055
0.54347
0.551115
0.237697
0.872526
0.765178
0.840872
0.398032
0.753393
0.672123
0.207439
0.848688
0.292035
0.668434
0.596002
0.606559
0.340962
0.747722
0.818113
0.112131
0.610143
0.352559
0.529902
0.00929
0.701586
0.808355
0.55662
0.811422
0.650522
0.735794
0.762868
0.299608
0.702627
0.694717
0.288161
0.755378
0.401596
0.082574
0.10415
0.389285
0.389893
0.434892
0.625127
0.362449
0.123174
0.137997
0.900961
0.063613
0.638436
0.020954
0.135543
0.049189
0.626925
0.185923
0.823684
0.735885
0.978996
0.697135
0.639949
0.073787
0.308174
0.982364
0.426076
0.07052
0.175894
0.183472
0.872055
0.851875
0.707178
0.076468
0.13069
0.097399
0.130469
0.620192
0.997991
0.444247
0.223676
0.469985
0.050099
0.57006
0.466765
0.402218
0.73699
0.824586
0.569571
0.938622
0.852808
0.787643
0.403527
0.202149
0.785886
0.312822
0.613281
0.588303
0.28315
0.167789
0.707055
0.890289
0.740759
0.818826
0.52188
0.313856
0.321242
0.079354
0.614892
0.326448
0.252037
0.503283
0.232347
0.534126
0.326005
0.494996
0.53121
0.357667
0.242956
0.137688
0.965528
0.47551
0.984851
0.481543
0.620631
0.587498
0.203385
0.351438
0.041411
0.967937
0.306363
0.919434
0.253854
0.699323
0.334124
0.940895
0.331094
0.957327
0.585948
0.29243
0.258284
0.039666
0.819306
0.233747
0.449627
0.957133
0.649365
0.199843
0.335775
0.260503
0.509413
0.986143
0.736428
0.935176
0.97995
0.651342
0.261695
0.664776
0.346509
0.607131
0.145632
0.052711
0.299473
0.087261
0.899642
0.831633
0.461954
0.655842
0.771416
0.708887
0.037912
0.557255
0.864112
0.124198
0.473766
0.114808
0.176277
0.078622
0.720937
0.177949
0.051919
0.132264
0.312338
0.62255
0.50276
0.661706
0.85809
0.865688
0.630784
0.532532
0.223296
0.402906
0.851592
0.347782
0.998563
0.738201
0.252801
0.434824
0.419544
0.789295
0.526052
0.747473
0.615184
0.53089
0.376803
0.205612
0.067745
0.093339
0.438827
0.376809
0.599242
0.93401
0.418518
0.012743
0.102892
0.298126
0.491396
0.824726
0.247827
0.054021
0.31443
0.841814
0.16872
0.645594
0.094047
0.131503
0.768352
0.380546
0.453159
0.358303
0.497887
0.22106
0.192429
0.424221
0.281089
0.141044
0.150476
0.05024
0.02673
0.491004
0.782533
0.478213
0.268566
0.081673
0.368148
0.512564
0.958496
0.435139
0.87286
0.200608
0.082063
0.537098
0.005613
0.94197
0.719513
0.783412
0.966447
0.923257
0.566187
0.553494
0.953479
0.322518
0.848585
0.004977
0.190165
0.943014
0.242735
0.331035
0.665444
0.075897
0.857137
0.435376
0.167115
0.513498
0.164095
0.885862
0.947576
0.596642
0.741658
0.721389
0.507374
0.180459
0.928013
0.688852
0.390712
0.807297
0.969893
0.612923
0.563062
0.033031
0.945352
0.545572
0.165134
0.95419
0.506557
0.221372
0.308701
0.713244
0.96605
0.250973
0.311508
0.648593
0.310242
0.332289
0.464611
0.052135
0.767275
0.560394
0.839979
0.056663
0.335531
0.322346
0.243865
0.70053
0.843165
0.852328
0.286549
0.62889
0.943476
0.485253
0.895391
0.941811
0.668405
0.604529
0.36741
0.108748
0.70517
0.25876
0.488463
0.579068
0.185873
0.051557
0.539507
0.248625
0.929991
0.149099
0.881734
0.515732
0.486311
0.060255
0.770143
0.783915
0.063642
0.38169
0.607954
0.793676
0.756828
0.485991
0.190543
0.244555
0.570733
0.610182
0.028847
0.971585
0.646664
0.786975
0.961036
0.968321
0.868944
0.054231
0.001525
0.564536
0.054834
0.907081
0.053726
0.792125
0.8819
0.343515
0.744127
0.471199
0.373032
0.499458
0.203411
0.599565
0.94322
0.316535
0.030759
0.99026
0.435376
0.576344
0.622065
0.60345
0.721161
0.872125
0.627956
0.901386
0.32481
0.137858
0.263924
0.6781
0.69682
0.08793
0.025222
0.893299
0.398338
0.411597
0.940942
0.651423
0.269985
0.84899
0.763731
0.185695
0.805597
0.01715
0.731642
0.384019
0.930086
0.764381
0.628002
0.275377
0.415493
0.389501
0.661475
0.064568
0.702062
0.173406
0.937476
0.58877
0.041275
0.926343
0.608131
0.254331
0.340011
0.118864
0.453681
0.461264
0.675939
0.087541
0.829729
0.850024
0.466387
0.755649
0.7562
0.374857
0.588835
0.718358
0.208935
0.098899
0.347357
0.393658
0.272626
0.767684
0.785904
0.874362
0.197268
0.558489
0.643609
0.366189
0.635612
0.809747
0.431378
0.994394
0.769188
0.01162
0.884232
0.521281
0.510415
0.833324
0.499771
0.637096
0.514768
0.243498
0.251642
0.10007
0.345571
0.182429
0.810686
0.109691
0.926737
0.832188
0.72798
0.322312
0.195118
0.049937
0.537579
0.579721
0.63773
0.605291
0.995443
0.632697
0.096024
0.522902
0.29526
0.6123
0.628469
0.6764
0.829598
0.013565
0.730375
0.21122
0.25135
0.320652
0.555644
0.150521
0.982952
0.220362
0.668615
0.846161
0.925718
0.935094
0.546746
0.592417
0.953476
0.090263
0.9216
0.92075
0.032475
0.31494
0.610728
0.942383
0.392836
0.559047
0.22955
0.928061
0.13448
0.217891
0.228602
0.681302
0.140597
0.073853
0.109813
0.607528
0.569758
0.243486
0.150563
0.047317
0.204153
0.762873
0.312324
0.223457
0.043057
0.839817
0.341629
0.478629
0.952862
0.427059
0.449549
0.61004
0.883015
0.158082
0.158359
0.23639
0.037413
0.403252
0.36705
0.021866
0.546152
0.718667
0.267721
0.928444
0.122691
0.94278
0.823244
0.824603
0.188569
0.930442
0.434074
0.67285
0.836642
0.556908
0.531088
0.487152
0.200503
0.644626
0.32018
0.175828
0.70971
0.301527
0.007052
0.145929
0.482396
0.3066
0.447982
0.699469
0.332772
0.705286
0.079965
0.810012
0.941177
0.540151
0.90505
0.934873
0.721319
0.429059
0.508165
0.622545
0.301946
0.990039
0.082152
0.308114
0.951468
0.05737
0.044089
0.66954
0.274742
0.619526
0.701232
0.129352
0.771443
0.209796
0.726773
0.047374
0.107648
0.470995
0.406859
0.980265
0.84881
0.702764
0.153842
0.068624
0.609574
0.900755
0.621597
0.633744
0.366308
0.5219
0.840006
0.954564
0.835172
0.331711
0.512908
0.842426
0.628478
0.151027
0.302827
0.732878
0.707761
0.750311
0.228151
0.911882
0.504322
0.721224
0.055545
0.612698
0.081044
0.130872
0.972438
0.534868
0.060165
0.487574
0.745332
0.688259
0.796947
0.829276
0.436833
0.518296
0.512595
0.049809
0.197518
0.469602
0.771966
0.390938
0.951554
0.717224
0.259392
0.033852
0.957432
0.818995
0.954959
0.709188
0.703048
0.441776
0.015681
0.091358
0.324934
0.762588
0.34399
0.571087
0.818789
0.693817
0.927021
0.125698
0.501309
0.744351
0.88981
0.373816
0.83247
0.366107
0.806109
0.408321
0.454647
0.179749
0.907099
0.405676
0.840399
0.566883
0.043045
0.8662
0.182715
0.416596
0.262387
0.496694
0.670961
0.641903
0.846989
0.590102
0.787496
0.404185
0.511297
0.482847
0.250818
0.61594
0.546591
0.769388
0.906176
0.091887
0.848273
0.240868
0.322002
0.918481
0.803051
0.406699
0.023489
0.647026
0.770446
0.514565
0.209033
0.255224
0.786772
0.229319
0.482885
0.078055
0.025062
0.607393
0.310594
0.427933
0.411848
0.048768
0.421661
0.413813
0.706389
0.491919
0.178039
0.378067
0.375816
0.992754
0.942601
0.520879
0.508067
0.379208
0.521137
0.938822
0.021894
0.51771
0.631029
0.287078
0.481981
0.814193
0.329087
0.292844
0.143774
0.126997
0.401826
0.245993
0.727054
0.870452
0.864413
0.225709
0.725091
0.710745
0.279021
0.37713
0.756882
0.594368
0.679743
0.610768
0.466575
0.299653
0.169337
0.81345
0.637927
0.785986
0.269517
0.35442
0.846958
0.093913
0.394231
0.619987
0.802152
0.90147
0.426546
0.212523
0.204139
0.783845
0.941993
0.022157
0.460042
0.537407
0.333608
0.794333
0.353547
0.709942
0.31956
0.964977
0.773145
0.814576
0.25086
0.995275
0.907001
0.360931
0.542493
0.994963
0.504831
0.917997
0.778156
0.045141
0.473216
0.143976
0.894293
0.115257
0.150958
0.247816
0.600023
0.966798
0.691697
0.004612
0.748633
0.725549
0.271148
0.105173
0.727409
0.371059
0.826851
0.463993
0.964955
0.454995
0.917691
0.604778
0.375557
0.170589
0.298774
0.473089
0.21889
0.816269
0.115824
0.777739
0.187909
0.362441
0.630825
0.599424
0.689794
0.650552
0.591624
0.09619
0.790741
0.002928
0.927886
0.101412
0.512079
0.015299
0.645276
0.173149
0.783689
0.797999
0.961573
0.53902
0.155185
0.48406
0.06403
0.357988
0.184913
0.52385
0.314916
0.981276
0.012733
0.321123
0.678654
0.004187
0.546047
0.730354
0.063287
0.494589
0.205447
0.712376
0.729124
0.215126
0.901646
0.340833
0.907828
0.472545
0.8933
0.435351
0.842676
0.410488
0.357272
0.962178
0.777077
0.171733
0.517214
0.240755
0.290918
0.66283
0.533429
0.650282
0.778333
0.809825
0.124044
0.761568
0.893924
0.409159
0.612003
0.652645
0.044514
0.989286
0.871775
0.566802
0.7957
0.195779
0.473782
0.457401
0.186174
0.840078
0.449532
0.882522
0.65398
0.938031
0.215476
0.129577
0.447844
0.57264
0.442087
0.423061
0.313288
0.490051
0.758409
0.580786
0.688187
0.2919
0.333847
0.080874
0.393459
0.633622
0.446498
0.360876
0.749634
0.63563
0.423124
0.063167
0.774106
0.89522
0.270801
0.701246
0.084215
0.234046
0.163993
0.645693
0.855821
0.431941
0.7971
0.948991
0.00107
0.176054
0.52665
0.025575
0.705643
0.372043
0.362653
0.981706
0.769044
0.231643
0.925666
0.852355
0.856957
0.223102
0.884666
0.279055
0.672222
0.71211
0.306867
0.167109
0.937107
0.455893
0.295936
0.574602
0.925637
0.182314
0.035232
0.234518
0.023634
0.400429
0.711722
0.766063
0.877947
0.62576
0.91914
0.218313
0.882342
0.70219
0.172259
0.315193
0.107561
0.13381
0.960785
0.192665
0.956301
0.637946
0.189782
0.087253
0.819341
0.225276
0.567632
0.851681
0.577886
0.389369
0.765359
0.080466
0.25883
0.769481
0.80972
0.696951
0.167931
0.041304
0.625329
0.464218
0.394133
0.718999
0.660772
0.917844
0.150628
0.257685
0.097811
0.516258
0.616102
0.428325
0.242611
0.238265
0.965252
0.141141
0.269902
0.990503
0.984129
0.330745
0.945158
0.557437
0.241201
0.435982
0.485021
0.842592
0.89057
0.090593
0.893252
0.792652
0.331043
0.511089
0.397585
0.508445
0.218711
0.12014
0.944171
0.099131
0.336084
0.851553
0.203916
0.115126
0.455581
0.136362
0.65087
0.004583
0.741843
0.971641
0.021905
0.497306
0.860155
0.523842
0.483149
0.910791
0.377577
0.058429
0.467791
0.839012
0.035539
0.17081
0.427809
0.845513
0.713166
0.902255
0.962409
0.404979
0.529915
0.694015
0.778642
0.551811
0.801447
0.389154
0.22106
0.582046
0.605529
0.816406
0.212155
0.479012
0.075686
0.307812
0.06728
0.591693
0.256276
0.397553
0.180967
0.708325
0.334679
0.343441
0.899288
0.135266
0.957726
0.228637
0.175101
0.548443
0.246469
0.695137
0.679882
0.079984
0.711596
0.630324
0.806589
0.537491
0.709187
0.150113
0.707098
0.138938
0.603781
0.977944
0.067349
0.702434
0.578867
0.465675
0.519333
0.421802
0.3404
0.679148
0.004931
0.933325
0.142984
0.12826
0.213097
0.457881
0.320712
0.312728
0.047814
0.165428
0.850257
0.577858
0.596788
0.12404
0.684823
0.339033
0.241506
0.447811
0.414824
0.936672
0.689918
0.541322
0.490986
0.339104
0.338814
0.698948
0.895661
0.315818
0.949372
0.287572
0.099916
0.956008
0.642823
0.698904
0.716434
0.80131
0.779252
0.695549
0.970378
0.690281
0.302153
0.612089
0.066517
0.075255
0.167986
0.76129
0.501385
0.791083
0.757288
0.196093
0.327135
0.089561
0.781044
0.872052
0.27496
0.100949
0.32898
0.309196
0.484321
0.220108
0.523356
0.368932
0.221631
0.678733
0.492627
0.123773
0.89468
0.435805
0.610117
0.558821
0.061921
0.234079
0.274723
0.222756
0.380275
0.978899
0.244541
0.317737
0.507172
0.843204
0.946226
0.46597
0.201381
0.217575
0.728928
0.131224
0.60967
0.659921
0.642319
0.980088
0.300592
0.936795
0.092319
0.592108
0.629066
0.932537
0.28143
0.026392
0.209997
0.187486
0.299611
0.386221
0.218883
0.670616
0.61726
0.170818
0.367057
0.906113
0.185189
0.748312
0.838918
0.926906
0.082094
0.622478
0.442591
0.943844
0.078849
0.007629
0.098998
0.320784
0.84121
0.771842
0.197749
0.020906
0.780725
0.819095
0.430802
0.235051
0.591834
0.733434
0.005731
0.863214
0.119023
0.384774
0.153719
0.125131
0.240511
0.694253
0.961875
0.991873
0.16518
0.209354
0.147371
0.816185
0.843545
0.045495
0.40144
0.201733
0.987773
0.649934
0.170738
0.653438
0.533504
0.986077
0.041176
0.533006
0.003233
0.092734
0.253499
0.042209
0.039136
0.705108
0.073232
0.536631
0.686777
0.048394
0.405519
0.691447
0.071705
0.077121
0.561502
0.203124
0.783577
0.335407
0.961549
0.406863
0.051932
0.212282
0.856506
0.717638
0.785258
0.901233
0.327478
0.082895
0.919966
0.715108
0.594933
0.684718
0.002933
0.590478
0.260517
0.214211
0.13296
0.308217
0.458967
0.740204
0.145377
0.689616
0.139744
0.619949
0.09708
0.074805
0.276568
0.851428
0.852968
0.653451
0.259326
0.157389
0.333608
0.928582
0.320724
0.160819
0.676194
0.80802
0.137687
0.636162
0.960267
0.300157
0.184852
0.672573
0.10193
0.368124
0.996812
0.419755
0.002416
0.958449
0.649273
0.713358
0.61359
0.474057
0.727311
0.280172
0.890942
0.66753
0.28673
0.031636
0.438827
0.259157
0.21729
0.546738
0.156051
0.490829
0.251669
0.009481
0.042392
0.206465
0.670778
0.450829
0.324183
0.973168
0.430433
0.595925
0.986037
0.766039
0.347037
0.248411
0.372227
0.447958
0.510202
0.203275
0.110233
0.165548
0.294565
0.442013
0.727835
0.962126
0.13329
0.750088
0.548115
0.947382
0.798746
0.770245
0.473569
0.408243
0.855794
0.122557
0.06253
0.181887
0.456733
0.615632
0.601339
0.260537
0.691523
0.11866
0.392482
0.320442
0.536626
0.285181
0.254837
0.751626
0.133546
0.849063
0.126039
0.334807
0.633048
0.552668
0.797718
0.970514
0.354407
0.865455
0.287332
0.999439
0.64793
0.695305
0.021789
0.948895
0.937479
0.785339
0.091709
0.414657
0.170433
0.801308
0.18602
0.812404
0.719676
0.610874
0.126417
0.263321
0.502436
0.463205
0.277996
0.881697
0.251629
0.169403
0.081821
0.867054
0.714625
0.062863
0.23149
0.640914
0.250447
0.144245
0.85672
0.685656
0.381137
0.008542
0.058345
0.308582
0.480651
0.519186
0.907033
0.051428
0.385619
0.289533
0.254698
0.295484
0.507366
0.814242
0.315677
0.781605
0.544012
0.017805
0.864604
0.032743
0.881247
0.806387
0.531873
0.585929
0.47867
0.983791
0.143757
0.277483
0.547755
0.076796
0.128071
0.977232
0.053678
0.833025
0.502481
0.380099
0.756562
0.208633
0.384749
0.979226
0.103759
0.210903
0.378273
0.397522
0.779779
0.298688
0.101458
0.931248
0.248104
0.876277
0.016246
0.345172
0.067534
0.713823
0.314928
0.669949
0.548052
0.391262
0.035333
0.451707
0.513649
0.071141
0.737678
0.601896
0.513767
0.248841
0.567661
0.435337
0.206071
0.70621
0.364061
0.103325
0.552469
0.621877
0.975041
0.658081
0.344723
0.591415
0.931507
0.686385
0.369689
0.557188
0.177251
0.674369
0.955753
0.293375
0.343678
0.870484
0.982843
0.608541
0.876602
0.816258
0.543078
0.778731
0.293911
0.612817
0.075146
0.035679
0.741645
0.884852
0.483881
0.968016
0.088818
0.698575
0.485668
0.195117
0.957378
0.818665
0.842014
0.989502
0.647331
0.173294
0.102847
0.214949
0.556622
0.545396
0.280862
0.771463
0.516792
0.940789
0.952855
0.724196
0.374901
0.172615
0.658188
0.041789
0.398405
0.070499
0.678768
0.369268
0.856436
0.575545
0.657364
0.743665
0.130694
0.03676
0.65185
0.981352
0.61945
0.965998
0.994146
0.329189
0.638523
0.765602
0.538447
0.424124
0.681452
0.220351
0.213309
0.085692
0.85482
0.173034
0.248109
0.978561
0.133537
0.123362
0.638998
0.921017
0.647159
0.426923
0.373094
0.121845
0.004889
0.87187
0.535209
0.082572
0.956416
0.212522
0.413995
0.166444
0.796075
0.941889
0.67903
0.156849
0.87434
0.787209
0.809409
0.616601
0.853251
0.654793
0.796062
0.21876
0.430476
0.841145
0.324127
0.230507
0.486708
0.701649
0.686695
0.860741
0.889534
0.522861
0.701912
0.144679
0.182416
0.151097
0.09863
0.242091
0.410472
0.008155
0.264593
0.191992
0.976171
0.712312
0.008295
0.125945
0.669387
0.736414
0.802954
0.877521
0.560828
0.532336
0.478553
0.403654
0.721335
0.699597
0.715777
0.867547
0.311305
0.359707
0.100831
0.142533
0.786959
0.190731
0.674776
0.191768
0.392158
0.858256
0.89418
0.951685
0.289367
0.992299
0.273773
0.553828
0.015432
0.575342
0.643016
0.498795
0.976838
0.046824
0.632948
0.739441
0.950259
0.962175
0.878394
0.889003
0.847851
0.507214
0.392834
0.025991
0.377661
0.614286
0.49053
0.554008
0.530342
0.313599
0.742188
0.593592
0.195885
0.207175
0.720985
0.957888
0.004711
0.218515
0.854552
0.018173
0.138574
0.945055
0.28405
0.710461
0.959635
0.460459
0.148372
0.430151
0.104609
0.784472
0.794283
0.913648
0.147723
0.570447
0.702235
0.824691
0.131546
0.441819
0.833954
0.148706
0.100812
0.653783
0.579739
0.21793
0.652235
0.838681
0.299522
0.528959
0.35715
0.432477
0.064986
0.627049
0.229598
0.378889
0.865511
0.436854
0.125989
0.458418
0.52802
0.7335
0.238017
0.686305
0.170757
0.063703
0.886127
0.108986
0.674287
0.804263
0.266405
0.852163
0.470836
0.128877
0.315299
0.249516
0.135406
0.629254
0.792851
0.810887
0.366374
0.164414
0.821766
0.379275
0.139596
0.807672
0.703059
0.429676
0.232582
0.803492
0.123213
0.793328
0.269334
0.754337
0.515984
0.834584
0.423197
0.989191
0.897975
0.252162
0.83929
0.070019
0.391437
0.311736
0.629595
0.382535
0.325722
0.24182
0.906022
0.849007
0.382462
0.948405
0.260917
0.066088
0.168627
0.241302
0.006523
0.404193
0.289859
0.57422
0.174546
0.313258
0.18533
0.442634
0.335567
0.849366
0.103766
0.288105
0.802261
0.122095
0.471968
0.254851
0.178395
0.019867
0.373324
0.872262
0.189075
0.196862
0.295392
0.224531
0.163471
0.49745
0.628777
0.875598
0.290092
0.580606
0.568752
0.349032
0.887096
0.640038
0.901135
0.72007
0.320697
0.420292
0.943469
0.761344
0.52557
0.90754
0.968192
0.97809
0.230028
0.463826
0.713582
0.058665
0.403317
0.949748
0.695596
0.087586
0.225666
0.021152
0.926343
0.604386
0.397319
0.341726
0.85002
0.159359
0.224018
0.092866
0.636091
0.873176
0.625827
0.731508
0.196302
0.610702
0.35698
0.874273
0.914438
0.250596
0.514449
0.686826
0.737355
0.676103
0.918183
0.201937
0.212491
0.081754
0.160434
0.797395
0.788885
0.580491
0.096939
0.227403
0.803977
0.746466
0.527679
0.9852
0.179045
0.096663
0.105207
0.820738
0.009398
0.230969
0.196755
0.834526
0.79123
0.735552
0.022005
0.907769
0.545751
0.920276
0.341252
0.76418
0.373058
0.496895
0.818386
0.742974
0.381409
0.358993
0.88035
0.625594
0.959596
0.860066
0.531187
0.502504
0.059195
0.383429
0.590237
0.63415
0.185475
0.604418
0.784955
0.842632
0.091721
0.456487
0.213144
0.241364
0.347794
0.934677
0.460077
0.366841
0.198161
0.003986
0.351138
0.12703
0.918463
0.688442
0.753272
0.119445
0.534007
0.302955
0.778899
0.46438
0.863679
0.169603
0.56551
0.907066
0.343767
0.42282
0.079687
0.086198
0.504035
0.596825
0.197032
0.660722
0.301126
0.855257
0.404052
0.468351
0.12916
0.243029
0.206203
0.536971
0.563938
0.0416
0.316913
0.80375
0.310894
0.400519
0.17445
0.499229
0.5244
0.002395
0.728098
0.008761
0.307544
0.617813
0.815217
0.486241
0.036681
0.906492
0.720025
0.133648
0.845595
0.075436
0.039033
0.751599
0.069129
0.178873
0.963816
0.511267
0.502048
0.414017
0.204458
0.324032
0.336319
0.749211
0.062476
0.103389
0.899779
0.424427
0.988311
0.736414
0.552934
0.778675
0.978958
0.319432
0.222116
0.654885
0.994496
0.862769
0.25236
0.78691
0.830124
0.181411
0.816885
0.006915
0.292903
0.334328
0.080733
0.689729
0.886385
0.069664
0.464857
0.307394
0.608949
0.827373
0.34727
0.67709
0.77985
0.037411
0.464966
0.515014
0.743151
0.395182
0.863139
0.134449
0.867402
0.476263
0.594275
0.797761
0.356682
0.144403
0.337804
0.040005
0.056732
0.229899
0.440281
0.633985
0.945694
0.049498
0.596186
0.507377
0.885761
0.817011
0.842146
0.76885
0.611627
0.930377
0.880833
0.280376
0.038489
0.743634
0.635494
0.179391
0.114157
0.842508
0.620622
0.317421
0.325449
0.402485
0.580031
0.142955
0.024915
0.131113
0.787001
0.981515
0.510813
0.143993
0.651416
0.938047
0.454362
0.279814
0.109055
0.708785
0.062983
0.224506
0.953497
0.327934
0.048528
0.102178
0.934315
0.406051
0.84694
0.909495
0.847792
0.565383
0.33328
0.584155
0.966685
0.203893
0.353512
0.341585
0.797437
0.600349
0.680701
0.092416
0.543736
0.454527
0.253733
0.532177
0.302584
0.949121
0.153747
0.670288
0.409826
0.155518
0.166423
0.685313
0.063225
0.406478
0.345968
0.43595
0.288123
0.16307
0.574437
0.9783
0.616881
0.450867
0.127243
0.660257
0.995854
0.046715
0.272059
0.554424
0.390348
0.227636
0.801224
0.296985
0.220632
0.890888
0.706688
0.219511
0.450099
0.690083
0.816715
0.288434
0.037896
0.351777
0.47089
0.251525
0.126748
0.957871
0.565831
0.31491
0.731588
0.014264
0.008259
0.569075
0.747622
0.208616
0.618813
0.984593
0.206294
0.660485
0.436153
0.107592
0.171393
0.15765
0.8832
0.944153
0.013716
0.584699
0.432239
0.294074
0.598515
0.897591
0.527771
0.216038
0.456219
0.600407
0.232706
0.409014
0.075086
0.999598
0.304984
0.940045
0.838982
0.434107
0.455761
0.951994
0.064936
0.761716
0.601004
0.168527
0.231735
0.693067
0.839111
0.026343
0.106413
0.110309
0.686628
0.877893
0.685187
0.694152
0.198033
0.835521
0.05301
0.780652
0.358109
0.416974
0.802949
0.375863
0.989296
0.639216
0.529249
0.437369
0.119323
0.418459
0.827073
0.409322
0.155145
0.074639
0.75577
0.054942
0.764852
0.691503
0.812719
0.291957
0.084069
0.669635
0.99349
0.894985
0.419161
0.417827
0.147127
0.680066
0.16838
0.129643
0.60123
0.210947
0.290574
0.064673
0.253608
0.660499
0.888845
0.415154
0.760369
0.574706
0.262086
0.374116
0.382889
0.998973
0.008635
0.747928
0.593511
0.880425
0.491315
0.190265
0.675303
0.011723
0.096195
0.276349
0.902278
0.470304
0.228501
0.615659
0.798559
0.841751
0.65531
0.500439
0.775535
0.28044
0.816367
0.459534
0.516894
0.458521
0.590674
0.717897
0.39015
0.404801
0.24469
0.684298
0.24549
0.504846
0.349883
0.324221
0.119413
0.722282
0.772929
0.329692
0.655517
0.67382
0.352443
0.176394
0.710997
0.288418
0.593188
0.004491
0.199143
0.532395
0.037036
0.886699
0.263358
0.995135
0.875229
0.326228
0.285474
0.354473
0.972165
0.068959
0.552258
0.37302
0.286509
0.950939
0.682171
0.114603
0.396754
0.362599
0.028338
0.78114
0.655733
0.970384
0.560422
0.930349
0.441009
0.73758
0.509288
0.097416
0.582257
0.45215
0.121252
0.296176
0.242337
0.585173
0.969305
0.193843
0.407807
0.326417
0.92398
0.336011
0.917918
0.399431
0.828295
0.584188
0.747196
0.072791
0.920228
0.324826
0.440749
0.509376
0.664897
0.609711
0.955115
0.152643
0.825532
0.641884
0.275126
0.481022
0.384223
0.867993
0.299675
0.275729
0.928116
0.526409
0.608184
0.872208
0.200896
0.180761
0.958606
0.324286
0.87799
0.10001
0.696937
0.213036
0.141591
0.140776
0.461188
0.318718
0.745927
0.664325
0.078718
0.776165
0.340393
0.090233
0.309271
0.689318
0.351251
0.605331
0.88369
0.853095
0.110519
0.017286
0.456341
0.536373
0.586473
0.943607
0.468588
0.431085
0.625627
0.628074
0.460983
0.02765
0.883796
0.551804
0.948788
0.859475
0.982337
0.62876
0.882798
0.859582
0.819921
0.184703
0.428621
0.561649
0.573732
0.514735
0.4604
0.651914
0.28367
0.987198
0.419866
0.51709
0.272033
0.891967
0.485849
0.387564
0.815854
0.908326
0.56284
0.400846
0.175481
0.044021
0.530008
0.670087
0.011132
0.012334
0.579189
0.772843
0.562818
0.58843
0.078906
0.057294
0.588671
0.392588
0.410064
0.338559
0.788855
0.230668
0.755304
0.541051
0.864256
0.297876
0.510222
0.019028
0.635017
0.431509
0.102452
0.733516
0.77029
0.308292
0.4107
0.693157
0.223818
0.018385
0.750179
0.720558
0.049731
0.920759
0.712401
0.768058
0.349889
0.094479
0.19566
0.279131
0.769812
0.739023
0.126427
0.98826
0.444629
0.453354
0.801742
0.520186
0.855352
0.313165
0.281695
0.981408
0.584622
0.498683
0.516459
0.376563
0.235452
0.340423
0.001401
0.713591
0.839465
0.075147
0.425615
0.655201
0.528452
0.457185
0.372318
0.466645
0.363206
0.5742
0.387538
0.300609
0.280268
0.476282
0.278424
0.506191
0.627238
0.803485
0.747487
0.888418
0.073852
0.884457
0.001981
0.893646
0.246591
0.958177
0.470108
0.690528
0.615416
0.678768
0.188042
0.869763
0.954222
0.911525
0.859174
0.631605
0.43368
0.462865
0.879691
0.144314
0.466414
0.759437
0.119454
0.19963
0.259634
0.320997
0.762869
0.149566
0.748519
0.285318
0.520246
0.125694
0.641659
0.430499
0.27003
0.808858
0.418889
0.428913
0.206272
0.196642
0.905402
0.411396
0.20437
0.32524
0.812846
0.460439
0.760958
0.71574
0.284319
0.648907
0.200836
0.223732
0.795573
0.808874
0.292992
0.903392
0.965132
0.997242
0.06808
0.255112
0.457623
0.204805
0.476694
0.822785
0.661477
0.429888
0.196914
0.826903
0.301206
0.91276
0.224707
0.006819
0.68998
0.05885
0.347264
0.248795
0.758092
0.766443
0.068362
0.296148
0.215638
0.538739
0.767809
0.995887
0.16992
0.235298
0.528724
0.56445
0.67013
0.942482
0.809552
0.580249
0.127536
0.765799
0.599197
0.639892
0.311281
0.731215
0.833834
0.533882
0.528633
0.91339
0.468567
0.603207
0.375967
0.958742
0.613434
0.630748
0.652426
0.540899
0.344877
0.670708
0.194509
0.497279
0.287756
0.452036
0.334518
0.670473
0.219759
0.78544
0.569295
0.579866
0.302235
0.876497
0.83249
0.932909
0.531131
0.870856
0.626246
0.61952
0.820867
0.552919
0.266146
0.003018
0.288369
0.026541
0.671792
0.275696
0.053395
0.913377
0.597694
0.603414
0.693521
0.024284
0.722032
0.163897
0.546297
0.961894
0.225893
0.860215
0.096947
0.4608
0.451209
0.635547
0.138263
0.449426
0.707946
0.801867
0.612255
0.846662
0.740344
0.144161
0.003187
0.285009
0.83391
0.436121
0.46731
0.393641
0.874403
0.330114
0.384861
0.541475
0.504539
0.097813
0.092119
0.144797
0.235393
0.801705
0.133737
0.100538
0.751864
0.81818
0.290947
0.364025
0.021681
0.543023
0.887315
0.210472
0.293168
0.921732
0.846038
0.214278
0.561736
0.556568
0.672881
0.647394
0.53099
0.640729
0.568997
0.360919
0.323476
0.609905
0.265607
0.196148
0.863102
0.702393
0.414494
0.576036
0.14309
0.368106
0.632646
0.725854
0.496846
0.730084
0.874096
0.846545
0.241682
0.838184
0.223073
0.839691
0.500227
0.659227
0.41354
0.908075
0.225641
0.674048
0.898272
0.500183
0.885696
0.088987
0.458455
0.18931
0.930667
0.894058
0.548855
0.52771
0.513693
0.791243
0.873961
0.244261
0.93487
0.559985
0.646271
0.542278
0.765716
0.659384
0.304296
0.943161
0.524852
0.658267
0.206125
0.387296
0.180368
0.069485
0.059522
0.017325
0.498239
0.475702
0.082063
0.067285
0.734053
0.019286
0.966976
0.664084
0.69613
0.536061
0.145894
0.724162
0.059587
0.173361
0.732586
0.510888
0.485672
0.535313
0.772451
0.62037
0.275045
0.88899
0.111214
0.082823
0.875202
0.919887
0.383001
0.353532
0.879423
0.94161
0.645952
0.574559
0.142689
0.969174
0.912198
0.469713
0.338446
0.71792
0.229499
0.970551
0.264765
0.432928
0.442135
0.59101
0.021075
0.249726
0.63524
0.60824
0.2338
0.507567
0.291949
0.843019
0.756607
0.269326
0.371222
0.390103
0.266882
0.674759
0.98049
0.8152
0.358789
0.693864
0.051272
0.357302
0.9797
0.804102
0.27632
0.214504
0.574542
0.949654
0.486096
0.679729
0.782413
0.265851
0.128178
0.465784
0.653653
0.785825
0.142186
0.184408
0.250988
0.439256
0.507302
0.382114
0.46045
0.13086
0.597949
0.945736
0.849882
0.237158
0.421626
0.763159
0.385411
0.423719
0.074881
0.128279
0.957985
0.992007
0.389453
0.857121
0.784065
0.32881
0.937088
0.459326
0.667126
0.768617
0.232472
0.670395
0.334598
0.732362
0.99045
0.482329
0.832211
0.030887
0.047596
0.944175
0.512081
0.571221
0.077418
0.285494
0.189534
0.24957
0.877788
0.132006
0.263113
0.031585
0.010566
0.872734
0.837147
0.431101
0.72139
0.464049
0.387123
0.868997
0.15775
0.573467
0.524874
0.123843
0.119403
0.594569
0.269445
0.691524
0.753164
0.641457
0.442879
0.353535
0.634481
0.609335
0.207235
0.102262
0.485772
0.810356
0.875733
0.433922
0.429925
0.499347
0.473552
0.478174
0.649159
0.732664
4e-05
0.577558
0.89534
0.144004
0.619466
0.629759
0.043889
0.801995
0.316972
0.187252
0.125763
0.384332
0.894429
0.165844
0.594204
0.9232
0.572972
0.540597
0.690575
0.314982
0.480811
0.344815
0.236434
0.095155
0.429442
0.088944
0.302543
0.047418
0.768559
0.292066
0.132192
0.702084
0.405167
0.45304
0.029161
0.556312
0.622112
0.341879
0.959667
0.780989
0.494979
0.557031
0.113846
0.077201
0.303997
0.803205
0.888396
0.544399
0.348052
0.289396
0.634357
0.142012
0.206221
0.056272
0.179055
0.428452
0.649777
0.495792
0.636015
0.372397
0.558841
0.154245
0.48219
0.142656
0.148015
0.531924
0.590323
0.589507
0.768615
0.448137
0.106051
0.665326
0.284758
0.852318
0.596764
0.145861
0.226359
0.591303
0.383863
0.856465
0.24877
0.739721
0.084991
0.936808
0.039793
0.623877
0.674678
0.287431
0.619576
0.717571
0.073281
0.593237
0.556254
0.514427
0.680767
0.28721
0.297276
0.760752
0.959872
0.67195
0.77678
0.630102
0.407028
0.001707
0.239289
0.487284
0.050204
0.083626
0.328318
0.627286
0.982983
0.75754
0.981906
0.925137
0.812399
0.305953
0.812848
0.777721
0.01465
0.989325
0.158644
0.100166
0.376659
0.705187
0.022156
0.999669
0.159533
0.896487
0.371063
0.000749
0.103938
0.317823
0.039975
0.51247
0.830097
0.258264
0.870022
0.859407
0.269991
0.703036
0.002252
0.254191
0.278714
0.142914
0.460843
0.565008
0.555065
0.466626
0.953155
0.06029
0.924279
0.213413
0.243059
0.049473
0.013264
0.917083
0.093318
0.498093
0.380957
0.496872
0.104702
0.588741
0.42728
0.09827
0.408015
0.615107
0.491896
0.129476
0.345871
0.163514
0.803153
0.163036
0.608454
0.892525
0.182596
0.915802
0.670394
0.78586
0.538799
0.375704
0.546008
0.069675
0.245439
0.120058
0.21378
0.025662
0.697735
0.095578
0.689935
0.536502
0.169168
0.176435
0.382781
0.543965
0.027889
0.114577
0.261807
0.834661
0.583087
0.054383
0.387499
0.386158
0.935994
0.894726
0.148071
0.288634
0.741347
0.82506
0.159278
0.002648
0.615507
0.523283
0.779506
0.917591
0.204388
0.661938
0.804487
0.087652
0.756405
0.583506
0.945694
0.141048
0.871699
0.281487
0.008839
0.701965
0.550179
0.754325
0.362402
0.285207
0.942133
0.757073
0.24419
0.738762
0.11511
0.462795
0.706033
0.181169
0.732006
0.301634
0.552298
0.440576
0.082652
0.198554
0.081226
0.003311
0.084339
0.228545
0.185021
0.168817
0.974114
0.319692
0.218556
0.024944
0.629572
0.197371
0.820427
0.486609
0.091345
0.84396
0.414187
0.874669
0.717503
0.09843
0.485448
0.996019
0.538861
0.594341
0.139509
0.502679
0.844061
0.501251
0.491454
0.218246
0.150984
0.494608
0.068802
0.110543
0.330342
0.886024
0.333953
0.802238
0.087518
0.443652
0.847174
0.972329
0.655019
0.345945
0.023365
0.137857
0.282436
0.881688
0.019564
0.016987
0.327227
0.900688
0.352304
0.336316
0.290984
0.569391
0.38478
0.964282
0.920241
0.039356
0.048153
0.215859
0.811254
0.376329
0.344274
0.577457
0.069454
0.531537
0.024327
0.543429
0.326082
0.652306
0.497196
0.795297
0.666308
0.581603
0.291965
0.295626
0.332163
0.101051
0.3547
0.100033
0.303955
0.457374
0.126125
0.614694
0.200056
0.534686
0.655198
0.966349
0.410445
0.990252
0.840107
0.777136
0.120557
0.793376
0.776558
0.819489
0.461925
0.510931
0.100183
0.05805
0.751972
0.430588
0.332785
0.503302
0.277895
0.426989
0.916798
0.925595
0.968595
0.520498
0.649895
0.626601
0.471626
0.238488
0.675168
0.112337
0.320381
0.911695
0.300456
0.727169
0.011005
0.691432
0.967322
0.260237
0.993212
0.63272
0.751845
0.217654
0.466925
0.263713
0.03004
0.561178
0.320457
0.524448
0.648741
0.116621
0.941105
0.80324
0.354728
0.313256
0.883927
0.128265
0.535179
0.6847
0.079038
0.815554
0.177031
0.234751
0.814271
0.072736
0.807183
0.619535
0.253279
0.065242
0.187046
0.123083
0.201593
0.372967
0.686847
0.131662
0.066122
0.30344
0.232965
0.64903
0.806384
0.494751
0.611201
0.932413
0.970089
0.256929
0.140836
0.842935
0.017284
0.107684
0.569998
0.342453
0.534619
0.835328
0.350442
0.970272
0.879858
0.802956
0.009459
0.086861
0.607959
0.079359
0.133368
0.196411
0.197122
0.804595
0.809839
0.217165
0.242436
0.332513
0.881957
0.929307
0.312519
0.052558
0.779174
0.192453
0.233913
0.235164
0.963723
0.045723
0.276824
0.339527
0.61718
0.856432
0.801521
0.100643
0.057557
0.73111
0.086721
0.602911
0.320868
0.482822
0.197513
0.707717
0.559536
0.923048
0.966848
0.544747
0.142687
0.038297
0.826375
0.022866
0.316802
0.483859
0.15189
0.034521
0.368206
0.78176
0.09275
0.668363
0.071377
0.197439
0.807124
0.705204
0.449025
0.970985
0.461351
0.96155
0.754993
0.528215
0.785416
0.498362
0.369864
0.246669
0.209333
0.019118
0.959253
0.516497
0.72535
0.849241
0.606773
0.236358
0.612518
0.124617
0.008035
0.758859
0.694198
0.097279
0.985446
0.606586
0.086731
0.525063
0.379251
0.946347
0.100183
0.784806
0.499865
0.791741
0.216542
0.309055
0.770123
0.039561
0.725715
0.33406
0.727966
0.691536
0.921732
0.15775
0.142352
0.136878
0.867728
0.972558
0.207335
0.517623
0.645628
0.123185
0.238287
0.958805
0.36184
0.935494
0.944519
0.972619
0.161936
0.820127
0.58975
0.386241
0.628246
0.665269
0.147653
0.303562
0.729618
0.156927
0.229501
0.960067
0.549844
0.982602
0.033358
0.623114
0.195556
0.527003
0.847765
0.606993
0.2768
0.947077
0.887538
0.470247
0.186676
0.927743
0.941461
0.038668
0.688906
0.944309
0.807676
0.811229
0.594735
0.970882
0.61574
0.452857
0.837121
0.099974
0.501605
0.790111
0.303417
0.563536
0.895933
0.044064
0.90917
0.926133
0.536656
0.100348
0.884096
0.808213
0.958188
0.487661
0.245178
0.775713
0.320626
0.798266
0.438776
0.504225
0.53133
0.005996
0.465081
0.732172
0.098947
0.934544
0.646752
0.544402
0.553192
0.146756
0.384594
0.372032
0.882776
0.868793
0.083838
0.9202
0.153906
0.810456
0.720397
0.497174
0.394528
0.599416
0.684506
0.630751
0.031544
0.80902
0.874329
0.059649
0.077264
0.79302
0.696405
0.153436
0.474972
0.190294
0.119068
0.4376
0.663283
0.908342
0.43092
0.195538
0.553554
0.156805
0.258861
0.322256
0.270025
0.180886
0.433379
0.550976
0.038418
0.833561
0.452141
0.742027
0.345389
0.636865
0.886348
0.627759
0.917788
0.021756
0.510063
0.567122
0.162008
0.809952
0.334086
0.641429
0.813752
0.435525
0.154566
0.685807
0.437033
0.562144
0.174561
0.759236
0.476558
0.684332
0.15885
0.907531
0.554536
0.136777
0.890952
0.574108
0.97679
0.30039
0.658305
0.631065
0.783552
0.71998
0.880288
0.55623
0.08839
0.192351
0.807378
0.542747
0.371983
0.916982
0.797057
0.743439
0.57898
0.501216
0.772159
0.098408
0.160416
0.251278
0.765223
0.016214
0.475835
0.363821
0.360555
0.384023
0.516751
0.88611
0.821527
0.249229
0.092742
0.057167
0.082182
0.407974
0.008075
0.308267
0.83546
0.520788
0.956477
0.99597
0.915263
0.381825
0.744621
0.300481
0.330906
0.850333
0.143308
0.971396
0.954933
0.498789
0.841224
0.464397
0.405162
0.348439
0.77612
0.725315
0.152846
0.025768
0.991641
0.768405
0.349586
0.406073
0.164732
0.364363
0.354991
0.21402
0.720116
0.10037
0.056792
0.760254
0.150043
0.659072
0.715155
0.427975
0.325251
0.646755
0.122903
0.327951
0.608782
0.682984
0.635894
0.00565
0.556766
0.925447
0.141024
0.200093
0.102432
0.914931
0.845165
0.333618
0.832211
0.0624
0.193099
0.517992
0.101337
0.813906
0.470006
0.508771
0.719954
0.859342
0.90191
0.974152
0.819726
0.297412
0.695061
0.518721
0.19531
0.873909
0.401876
0.557783
0.019761
0.287304
0.47783
0.216816
0.885745
0.111767
0.976512
0.03032
0.49815
0.309198
0.203337
0.705002
0.632505
0.463705
0.303585
0.587256
0.421999
0.554046
0.749376
0.542323
0.064882
0.657407
0.070276
0.198346
0.444422
0.98949
0.229222
0.186792
0.553529
0.467757
0.305749
0.168758
0.620658
0.616532
0.307555
0.294809
0.46735
0.637001
0.799493
0.504759
0.359841
0.804409
0.708997
0.558431
0.642237
0.839097
0.170423
0.810722
0.088766
0.810695
0.343447
0.023702
0.821593
0.667622
0.057357
0.403237
0.832894
0.356274
0.91767
0.226808
0.143208
0.348233
0.598373
0.133095
0.742537
0.365112
0.886616
0.235035
0.208713
0.551939
0.581631
0.467706
0.261419
0.68819
0.681392
0.634337
0.781825
0.603005
0.228766
0.263983
0.28403
0.48694
0.203048
0.289657
0.62498
0.202881
0.222865
0.196126
0.216602
0.67675
0.800799
0.518355
0.8678
0.510913
0.75
0.102123
0.397852
0.687687
0.921543
0.975958
0.378104
0.609031
0.794316
0.717926
0.287887
0.919011
0.037045
0.811032
0.39327
0.661852
0.382706
0.750666
0.344125
0.81342
0.48858
0.072515
0.546236
0.428213
0.489509
0.15302
0.055765
0.275353
0.476042
0.174681
0.75916
0.493904
0.029277
0.862551
0.498334
0.472778
0.304103
0.638702
0.784309
0.234084
0.385339
0.403537
0.42799
0.753028
0.477258
0.352368
0.306867
0.037695
0.439629
0.296355
0.090141
0.644757
0.411008
0.569548
0.84835
0.758257
0.954814
0.960755
0.179219
0.637289
0.608399
0.652203
0.322845
0.80343
0.17085
0.84261
0.290682
0.950323
0.521816
0.100712
0.801755
0.7816
0.673504
0.707282
0.887712
0.925048
0.301157
0.699765
0.549346
0.275148
0.230044
0.410537
0.165669
0.550539
0.901526
0.406364
0.995191
0.79741
0.899398
0.261051
0.805676
0.259297
0.800283
0.279575
0.9451
0.793264
0.328837
0.203058
0.924385
0.02836
0.627073
0.478342
0.628238
0.828754
0.196831
0.232259
0.371117
0.430011
0.269168
0.587006
0.261658
0.190842
0.278938
0.268136
0.593292
0.157634
0.264097
0.261658
0.378185
0.906794
0.171057
0.968062
0.534601
0.508165
0.30985
0.192683
0.083523
0.913342
0.140202
0.935372
0.917106
0.372877
0.794961
0.249995
0.368377
0.557904
0.669424
0.061544
0.428588
0.965726
0.646573
0.147118
0.622457
0.597957
0.576164
0.161187
0.287377
0.183488
0.257814
0.138174
0.13457
0.623668
0.963134
0.380045
0.602104
0.743882
0.173612
0.366119
0.547906
0.185701
0.787532
0.538485
0.992072
0.700699
0.878599
0.887601
0.702838
0.442883
0.474953
0.405531
0.657479
0.720701
0.020346
0.75879
0.577858
0.698229
0.729385
0.731686
0.729707
0.330342
0.794471
0.857018
0.724881
0.002401
0.176111
0.019164
0.09834
0.035333
0.942283
0.516379
0.846643
0.148884
0.708073
0.416374
0.00012
0.821223
0.27033
0.313202
0.658868
0.970158
0.866676
0.297243
0.246013
0.343653
0.156952
0.429241
0.538414
0.648849
0.869477
0.058302
0.28012
0.850651
0.477146
0.635489
0.353192
0.263168
0.501059
0.4025
0.946259
0.03727
0.026605
0.090552
0.612849
0.866508
0.007344
0.326441
0.254075
0.578699
0.870507
0.013668
0.02772
0.773494
0.866975
0.170475
0.694664
0.126862
0.053091
0.497962
0.045888
0.208057
0.857742
0.751051
0.949124
0.677617
0.442062
0.533393
0.632226
0.842872
0.378239
0.210449
0.64842
0.150503
0.124817
0.614021
0.825658
0.850819
0.12382
0.350698
0.002088
0.277533
0.204689
0.942296
0.187566
0.59067
0.4343
0.114141
0.490096
0.268307
0.235098
0.615431
0.799737
0.618047
0.67168
0.196442
0.075427
0.352933
0.859122
0.350902
0.134138
0.3334
0.461159
0.279247
0.261456
0.511578
0.66433
0.729757
0.976483
0.028942
0.263713
0.55231
0.815577
0.276931
0.604854
0.930405
0.085113
0.788048
0.027682
0.047239
0.297251
0.888009
0.256855
0.9103
0.314168
0.335254
0.253869
0.44311
0.879324
0.061945
0.474712
0.000304
0.87443
0.432907
0.97637
0.034824
0.525987
0.712815
0.723263
0.060778
0.469973
0.207592
0.386963
0.438589
0.125546
0.769788
0.189207
0.442712
0.120053
0.7646
0.410437
0.784448
0.976115
0.90016
0.167398
0.92545
0.279377
0.23438
0.121969
0.171135
0.47729
0.256127
0.485432
0.129148
0.215736
0.213419
0.233623
0.744174
0.942613
0.128437
0.354604
0.100691
0.775259
0.80173
0.070457
0.652308
0.18103
0.799451
0.308118
0.376178
0.197336
0.833072
0.4418
0.406433
0.774451
0.530346
0.091085
0.991168
0.183634
0.804802
0.766098
0.459374
0.029164
0.973377
0.267662
0.49026
0.351639
0.098204
0.679041
0.618694
0.195546
0.894174
0.226355
0.224149
0.008457
0.095457
0.859786
0.932196
0.469832
0.515115
0.77877
0.773189
0.912694
0.967086
0.142187
0.729541
0.578158
0.846128
0.621133
0.470435
0.750514
0.780231
0.970451
0.875666
0.368566
0.949964
0.808065
0.236217
0.021839
0.814025
0.726235
0.639899
0.127668
0.906134
0.218739
0.686651
0.894146
0.742988
0.961228
0.24329
0.116879
0.124604
0.129876
0.533475
0.609345
0.294207
0.884002
0.008779
0.410351
0.270227
0.131582
0.955571
0.961595
0.898784
0.299732
0.816964
0.686242
0.476883
0.182758
0.86319
0.309575
0.668193
0.002165
0.823291
0.834272
0.658496
0.178763
0.83881
0.529967
0.54128
0.400638
0.734486
0.144281
0.516767
0.753171
0.430592
0.069986
0.988082
0.898428
0.537989
0.722287
0.623108
0.619575
0.164858
0.556774
0.788397
0.99936
0.631737
0.217571
0.835728
0.197121
0.049991
0.531463
0.795067
0.03917
0.133084
0.775321
0.013851
0.505652
0.446788
0.931007
0.196877
0.417527
0.224096
0.209928
0.190949
0.46919
0.891442
0.074243
0.355747
0.700005
0.854197
0.24057
0.521667
0.059741
0.736167
0.910379
0.536179
0.864264
0.870094
0.30339
0.979062
0.561819
0.429492
0.814884
0.420323
0.658387
0.100638
0.700309
0.021705
0.220351
0.438022
0.841253
0.123555
0.272665
0.883504
0.019642
0.891088
0.41426
0.561159
0.054528
0.272335
0.758367
0.632046
0.473983
0.291881
0.284069
0.189863
0.724213
0.880831
0.10858
0.944038
0.679325
0.503019
0.587702
0.76176
0.388223
0.034482
0.580952
0.080443
0.849372
0.479103
0.751494
0.038586
0.799585
0.072116
0.600237
0.027706
0.197295
0.541805
0.048743
0.720045
0.120099
0.437538
0.911118
0.852567
0.958704
0.952435
0.744631
0.574649
0.859754
0.499931
0.970214
0.727895
0.641925
0.771514
0.427848
0.372878
0.141249
0.980106
0.13821
0.90969
0.018701
0.249299
0.637138
0.496191
0.947943
0.141165
0.627412
0.633165
0.6722
0.319002
0.175504
0.069833
0.440116
0.517346
0.544555
0.891614
0.747422
0.237108
0.47196
0.044541
0.545168
0.510064
0.561765
0.569049
0.503793
0.669243
0.000584
0.329122
0.067192
0.731383
0.737674
0.213658
0.486319
0.998172
0.816057
0.035438
0.086465
0.770879
0.516528
0.129887
0.911443
0.013561
0.478542
0.463654
0.192097
0.506365
0.025277
0.587402
0.331579
0.903853
0.501835
0.924754
0.053554
0.039108
0.812034
0.482658
0.210957
0.986769
0.090161
0.116833
0.732134
0.854463
0.982652
0.167524
0.557701
0.263639
0.095278
0.794642
0.453697
0.768657
0.891087
0.36614
0.241155
0.197809
0.597327
0.250836
0.095491
0.674643
0.47853
0.812404
0.44307
0.092539
0.748387
0.535331
0.006235
0.124377
0.693532
0.006669
0.973134
0.336599
0.214631
0.75662
0.075025
0.076886
0.269313
0.706254
0.073236
0.844271
0.250616
0.021437
0.452715
0.219158
0.856629
0.470502
0.403089
0.633886
0.28824
0.679001
0.136454
0.851634
0.971403
0.006227
0.106565
0.570573
0.262171
0.966754
0.052829
0.909722
0.613536
0.884277
0.824687
0.136822
0.318333
0.789722
0.20054
0.808847
0.02265
0.485311
0.245077
0.332506
0.759919
0.385504
0.409477
0.912941
0.992778
0.003193
0.807593
0.37811
0.300873
0.814606
0.625675
0.945675
0.026275
0.346126
0.727918
0.289274
0.785209
0.325546
0.44008
0.736019
0.842153
0.475012
0.759219
0.076847
0.955527
0.347137
0.827394
0.828478
0.480529
0.578907
0.576988
0.020374
0.766444
0.724525
0.059661
0.922853
0.603293
0.199664
0.562421
0.73757
0.875509
0.232977
0.660446
0.741093
0.195013
0.199783
0.822614
0.647474
0.880624
0.024457
0.995784
0.763125
0.816064
0.481253
0.457353
0.209362
0.474128
0.055884
0.191532
0.03046
0.245911
0.59171
0.939328
0.863131
0.325887
0.394236
0.914717
0.266179
0.513792
0.881518
0.280342
0.720846
0.274105
0.258719
0.649918
0.877421
0.052837
0.55603
0.48067
0.906253
0.64057
0.045304
0.873509
0.763142
0.468568
0.500325
0.132237
0.410331
0.313268
0.684954
0.615374
0.45467
0.779731
0.502345
0.542394
0.270668
0.434732
0.941017
0.076601
0.276901
0.055656
0.291529
0.526532
0.578938
0.396275
0.796508
0.652425
0.785051
0.94491
0.266794
0.497072
0.540995
0.947301
0.002645
0.344353
0.10063
0.885343
0.050052
0.055206
0.233471
0.549628
0.149988
0.302252
0.983714
0.92066
0.543223
0.983301
0.126358
0.360243
0.475057
0.585121
0.836141
0.91489
0.694468
0.593653
0.734294
0.242875
0.266672
0.468805
0.248672
0.656649
0.64981
0.122019
0.363795
0.423178
0.841855
0.111619
0.087711
0.526959
0.721135
0.129643
0.604676
0.715288
0.901882
0.338492
0.453382
0.72592
0.678178
0.092601
0.081526
0.002554
0.242371
0.326898
0.742828
0.89583
0.03732
0.143338
0.317984
0.357296
0.163615
0.409424
0.224377
0.107684
0.586335
0.231939
0.320671
0.501644
0.171808
0.067268
0.382454
0.921481
0.133094
0.882004
0.626845
0.724468
0.401214
0.214474
0.802149
0.970738
0.250548
0.855291
0.02444
0.418214
0.730103
0.621775
0.694181
0.447763
0.623996
0.075878
0.093192
0.525484
0.446853
0.574929
0.565538
0.430018
0.165846
0.012137
0.548783
0.074751
0.624788
0.755793
0.513442
0.216237
0.719317
0.596797
0.319359
0.637804
0.486567
0.388214
0.407382
0.600273
0.886136
0.164285
0.03556
0.636542
0.917324
0.667058
0.899924
0.860309
0.051295
0.38924
0.694482
0.803456
0.142272
0.94764
0.591061
0.332702
0.147019
0.90394
0.486292
0.176112
0.868189
0.084668
0.901016
0.344573
0.00569
0.269965
0.599384
0.968738
0.326563
0.88774
0.637301
0.192391
0.583251
0.313679
0.19061
0.14225
0.162115
0.008368
0.47075
0.772444
0.953815
0.735999
0.630129
0.075414
0.945587
0.247116
0.891406
0.287525
0.768946
0.515
0.784592
0.059354
0.077106
0.375563
0.367217
0.014597
0.887856
0.173929
0.370056
0.651716
0.073397
0.28191
0.153894
0.971186
0.412047
0.428139
0.876505
0.840531
0.459596
0.264398
0.774424
0.795544
0.733107
0.014631
0.586012
0.842085
0.219511
0.3134
0.635638
0.064855
0.543981
0.785085
0.528401
0.784806
0.134048
0.381145
0.563461
0.658771
0.478169
0.000305
0.544951
0.920489
0.130392
0.637732
0.649077
0.525836
0.455894
0.139752
0.252314
0.516703
0.958507
0.42665
0.328846
0.461383
0.451997
0.297102
0.189498
0.83563
0.476017
0.023252
0.97603
0.374291
0.468244
0.290278
0.836817
0.186693
0.625551
0.710878
0.731604
0.310281
0.588856
0.075935
0.804869
0.51089
0.543086
0.121105
0.846375
0.337979
0.430482
0.923231
0.198174
0.543594
0.119323
0.046293
0.382987
0.869451
0.788772
0.533336
0.072611
0.379474
0.3721
0.243391
0.052462
0.332647
0.455914
0.609177
0.315808
0.584856
0.435874
0.977189
0.535344
0.033824
0.213176
0.688914
0.749012
0.979692
0.853193
0.494488
0.566031
0.808974
0.014596
0.771848
0.922187
0.843187
0.01304
0.767457
0.163164
0.874829
0.7612
0.388463
0.452348
0.442292
0.34772
0.38783
0.620902
0.964064
0.576842
0.558991
0.478839
0.21338
0.651056
0.660548
0.831366
0.997215
0.007947
0.211846
0.270747
0.937338
0.716312
0.994315
0.83492
0.857962
0.109576
0.319831
0.926922
0.318153
0.677364
0.391308
0.254102
0.632762
0.987942
0.616652
0.532176
0.061241
0.106397
0.186469
0.144454
0.033023
0.759121
0.246963
0.612938
0.051415
0.078871
0.869588
0.801235
0.468509
0.656855
0.419786
0.416751
0.827919
0.925851
0.803097
0.634821
0.232408
0.084767
0.370247
0.776237
0.818958
0.383902
0.773709
0.050445
0.206826
0.741514
0.787862
0.106437
0.298924
0.271931
0.940177
0.467045
0.378545
0.123069
0.124211
0.585482
0.751141
0.18553
0.391836
0.932057
0.895987
0.217536
0.371348
0.013893
0.537528
0.750309
0.145444
0.676037
0.62839
0.086211
0.566181
0.568755
0.376049
0.118585
0.286699
0.233458
0.747917
0.976149
0.471773
0.376041
0.829167
0.905297
0.041772
0.650685
0.377673
0.185163
0.998343
0.891486
0.974872
0.810968
0.912738
0.658782
0.785405
0.650373
0.661855
0.461428
0.769737
0.885484
0.465931
0.78056
0.193761
0.338121
0.568198
0.44803
0.298155
0.888884
0.182453
0.963126
0.708182
0.938676
0.256763
0.640886
0.669044
0.995135
0.20353
0.968434
0.30374
0.789927
0.204804
0.277611
0.113947
0.360661
0.219001
0.644326
0.413509
0.81902
0.388127
0.00983
0.128561
0.994467
0.451016
0.209739
0.132035
0.089052
0.897427
0.571196
0.965453
0.97498
0.041227
0.34343
0.223222
0.615335
0.418471
0.051805
0.721776
0.258455
0.670656
0.765886
0.043469
0.830948
0.381555
0.567443
0.083274
0.950692
0.345456
0.211641
0.398501
0.566489
0.137388
0.089676
0.923461
0.148279
0.604003
0.781927
0.207473
0.43092
0.330919
0.109995
0.133833
0.525107
0.981146
0.272619
0.093905
0.223179
0.342292
0.630304
0.953584
0.528587
0.131343
0.400529
0.234278
0.95703
0.233904
0.314473
0.70289
0.931374
0.225023
0.427815
0.579055
0.096006
0.021052
0.177867
0.303204
0.369628
0.821351
0.597583
0.439936
0.470061
0.795772
0.218421
0.504035
0.219385
0.645455
0.192705
0.716805
0.833925
0.170893
0.094569
0.031046
0.522561
0.47784
0.908305
0.869485
0.379681
0.694561
0.588923
0.271245
0.512669
0.662175
0.526815
0.401406
0.597991
0.005053
0.118242
0.873413
0.824366
0.231549
0.841936
0.30937
0.736145
0.024201
0.266061
0.010541
0.040202
0.506587
0.139969
0.341058
0.813683
0.701827
0.607764
0.944113
0.427578
0.645069
0.76137
0.823882
0.430949
0.440913
0.969534
0.77993
0.383313
0.30599
0.970313
0.537382
0.701197
0.130773
0.444397
0.273641
0.949541
0.766088
0.2081
0.556926
0.162879
0.851125
0.6409
0.799875
0.107905
0.113777
0.236624
0.948575
0.206725
0.729411
0.36902
0.174164
0.31377
0.785089
0.551577
0.711269
0.240294
0.675915
0.187456
0.820391
0.190135
0.936327
0.917461
0.897842
0.689162
0.328006
0.926415
0.262976
0.165733
0.129369
0.17366
0.148693
0.574725
0.951659
0.744048
0.796517
0.70889
0.798857
0.156954
0.289408
0.573345
0.26418
0.036566
0.073451
0.557328
0.371818
0.195957
0.727831
0.027875
0.324473
0.784194
0.310391
0.303601
0.339683
0.204266
0.022509
0.967053
0.658207
0.371639
0.648806
0.961949
0.646621
0.355993
0.663349
0.592644
0.930827
0.319481
0.82783
0.587281
0.064739
0.293976
0.166756
0.346531
0.574186
0.147465
0.36195
0.785665
0.846553
0.459165
0.093837
0.782648
0.735449
0.950115
0.381815
0.893796
0.362031
0.555562
0.867383
0.274998
0.983672
0.416645
0.39752
0.780865
0.948107
0.064382
0.164622
0.810754
0.178754
0.537611
0.092429
0.787304
0.426419
0.357848
0.50779
0.407078
0.305931
0.823473
0.552604
0.27148
0.549122
0.648574
0.439835
0.928973
0.749069
0.063325
0.672733
0.169761
0.085792
0.904999
0.935378
0.675553
0.114694
0.380441
0.201488
0.137631
0.137397
0.062142
0.666737
0.245747
0.036731
0.2916
0.727141
0.159372
0.385806
0.75909
0.333848
0.48124
0.604647
0.88974
0.209045
0.174024
0.896801
0.114584
0.922977
0.096278
0.172285
0.576626
0.547816
0.05909
0.89005
0.096632
0.007322
0.52248
0.90221
0.579838
0.471836
0.898169
0.468088
0.157932
0.483537
0.736142
0.819507
0.874254
0.939691
0.919774
0.361111
0.378351
0.478958
0.328984
0.454072
0.144458
0.440101
0.388161
0.104728
0.679736
0.042551
0.591574
0.082341
0.432242
0.547284
0.155649
0.474306
0.816307
0.428342
0.763394
0.626118
0.813125
0.949682
0.078999
0.031154
0.941587
0.721431
0.304026
0.248658
0.206879
0.404381
0.100626
0.741949
0.110485
0.154694
0.098631
0.42338
0.155065
0.831234
0.078577
0.213177
0.477317
0.923268
0.597118
0.077885
0.430674
0.02132
0.582826
0.757082
0.784449
0.531424
0.156933
0.153065
0.459036
0.692213
0.20867
0.367286
0.561446
0.518451
0.275679
0.117007
0.587152
0.101328
0.717319
0.831973
0.397931
0.838337
0.103877
0.43597
0.658515
0.168456
0.448404
0.208883
0.942694
0.839934
0.150808
0.489441
0.294518
0.405966
0.946552
0.917775
0.408492
0.894926
0.602976
0.347036
0.241745
0.128734
0.354006
0.88038
0.398257
0.01171
0.879828
0.726945
0.295943
0.920454
0.269282
0.023038
0.948884
0.355781
0.911162
0.362944
0.30877
0.053845
0.737803
0.105132
0.806066
0.333094
0.368591
0.097025
0.684003
0.667616
0.649054
0.015034
0.163812
0.433807
0.815333
0.792191
0.63587
0.16598
0.968113
0.768697
0.364939
0.799998
0.215842
0.697054
0.49825
0.873361
0.567478
0.744246
0.525944
0.06927
0.052929
0.765562
0.965543
0.815596
0.704349
0.323735
0.32506
0.420775
0.479552
0.968874
0.752697
0.740176
0.479049
0.025101
0.489762
0.011894
0.459289
0.885822
0.492576
0.193549
0.279556
0.266852
0.659579
0.835356
0.108121
0.674833
0.355121
0.727009
0.965522
0.031854
0.510432
0.849875
0.979398
0.674527
0.584119
0.68633
0.591261
0.176702
0.517599
0.700163
0.815174
0.339833
0.562809
0.975865
0.022278
0.101544
0.957075
0.753083
0.902048
0.708904
0.431328
0.510964
0.960435
0.044881
0.985809
0.909261
0.531693
0.45031
0.430918
0.634915
0.86795
0.218708
0.186941
0.23833
0.246175
0.562012
5e-06
0.758613
0.224867
0.501684
0.464457
0.287755
0.580969
0.168034
0.076631
0.532553
0.652141
0.078072
0.022925
0.566011
0.656154
0.206288
0.62084
0.622498
0.469006
0.53494
0.306285
0.653321
0.357183
0.35271
0.594785
0.689619
0.641696
0.618294
0.500864
0.063378
0.917159
0.235143
0.132472
0.508023
0.202571
0.132939
0.456336
0.235414
0.076603
0.762202
0.684215
0.672614
0.131831
0.438355
0.02733
0.546739
0.792499
0.827057
0.80722
0.302008
0.624236
0.330519
0.79178
0.133588
0.564908
0.874421
0.547495
0.067193
0.171197
0.590336
0.061186
0.637338
0.640659
0.152308
0.030736
0.328752
0.321321
0.878427
0.954414
0.776847
0.238461
0.306578
0.47725
0.288372
0.488771
0.115645
0.983674
0.076273
0.821887
0.203965
0.957858
0.383995
0.214927
0.341736
0.487751
0.032338
0.974037
0.115812
0.481207
0.827483
0.902291
0.409815
0.42951
0.604059
0.768558
0.177166
0.00729
0.445629
0.050822
0.930433
0.683141
0.016217
0.627924
0.066156
0.887281
0.880552
0.63696
0.077878
0.857591
0.25361
0.413387
0.089161
0.886737
0.648435
0.240896
0.004916
0.771389
0.281076
0.801999
0.583442
0.629702
0.859503
0.865948
0.660034
0.676696
0.036112
0.337159
0.467991
0.55724
0.759827
0.171174
0.945876
0.180482
0.954527
0.445363
0.550753
0.252343
0.093164
0.724534
0.495524
0.671243
0.48524
0.932984
0.506199
0.742095
0.240948
0.841874
0.668919
0.599882
0.861841
0.342172
0.831901
0.118302
0.711413
0.722776
0.853838
0.650858
0.814639
0.35149
0.924073
0.138757
0.604838
0.042585
0.569398
0.852227
0.159946
0.375008
0.208479
0.015919
0.656809
0.565437
0.729248
0.618643
0.536949
0.307885
0.518093
0.277821
0.352563
0.828446
0.053779
0.923484
0.316541
0.853284
0.959666
0.617653
0.101522
0.333056
0.943532
0.207066
0.174206
0.747152
0.531755
0.299739
0.709113
0.98311
0.384428
0.205872
0.514244
0.240055
0.031036
0.578562
0.147293
0.394255
0.139306
0.358121
0.902152
0.582319
0.624342
0.201798
0.262352
0.145749
0.488277
0.644667
0.579779
0.140468
0.118628
0.66958
0.586991
0.988829
0.782513
0.480168
0.814148
0.184614
0.757908
0.60902
0.258129
0.493008
0.289919
0.831402
0.65617
0.361111
0.54232
0.456867
0.646409
0.072207
0.390268
0.505536
0.909291
0.684427
0.390403
0.698545
0.521623
0.219934
0.281469
0.92363
0.239261
0.075936
0.070331
0.25684
0.830495
0.205028
0.450224
0.347504
0.373606
0.703149
0.981212
0.749232
0.06418
0.589492
0.163611
0.494912
0.377491
0.962474
0.103819
0.601251
0.273357
0.179901
0.850471
0.536199
0.693431
0.543787
0.482461
0.449097
0.751269
0.763112
0.032369
0.905243
0.994
0.634935
0.899258
0.852187
0.913352
0.894982
0.036932
0.272982
0.384059
0.076311
0.851942
0.528401
0.594253
0.042857
0.088557
0.092579
0.314138
0.965179
0.610627
0.404059
0.371447
0.84842
0.010975
0.928123
0.058639
0.51713
0.686467
0.882561
0.590431
0.983406
0.453327
0.848328
0.08759
0.627238
0.6451
0.40475
0.806457
0.339773
0.094252
0.147282
0.228974
0.559921
0.50838
0.045322
0.707321
0.049495
0.150316
0.327239
0.16808
0.313905
0.226674
0.35768
0.741342
0.654894
0.909468
0.819621
0.716512
0.254473
0.969995
0.429146
0.759294
0.930666
0.719736
0.158872
0.900766
0.631216
0.346122
0.50997
0.801032
0.166992
0.072206
0.65696
0.674882
0.2807
0.890938
0.038785
0.161216
0.842636
0.94904
0.338188
0.750139
0.616848
0.097945
0.698
0.989564
0.79851
0.858399
0.90723
0.703545
0.54959
0.05847
0.046221
0.954723
0.35359
0.755684
0.487234
0.847723
0.869726
0.943561
0.345536
0.03222
0.743342
0.7942
0.615154
0.629995
0.38734
0.102433
0.890539
0.28578
0.572605
0.678528
0.763568
0.177637
0.196868
0.066195
0.218919
0.080905
0.702717
0.566213
0.596352
0.180176
0.796413
0.2625
0.218122
0.046438
0.265542
0.379853
0.728939
0.757225
0.778854
0.8289
0.848401
0.160065
0.913654
0.874271
0.951236
0.764664
0.190874
0.307409
0.810227
0.385271
0.669716
0.924877
0.719801
0.477406
0.526998
0.83377
0.455334
0.263465
0.999629
0.233737
0.412992
0.084968
0.789648
0.330682
0.705633
0.043829
0.637217
0.342675
0.053633
0.741985
0.442004
0.014005
0.213123
0.153863
0.574704
0.083862
0.192746
0.500874
0.431667
0.916195
0.908781
0.896251
0.774469
0.253479
0.444382
0.028959
0.738815
0.087488
0.78941
0.51724
0.269967
0.503737
0.588518
0.425523
0.574027
0.184741
0.684222
0.200285
0.128068
0.012862
0.690354
0.882107
0.693176
0.14299
0.743772
0.830898
0.267235
0.898458
0.805318
0.116638
0.609545
0.161627
0.616958
0.357151
0.893695
0.412208
0.563705
0.756485
0.268348
0.411464
0.997043
0.096688
0.388797
0.398496
0.873128
0.841193
0.143553
0.212989
0.369873
0.472687
0.011823
0.048288
0.328875
0.113075
0.185358
0.195235
0.047034
0.798582
0.492182
0.97785
0.632727
0.856673
0.00351
0.284398
0.15432
0.994944
0.238992
0.268375
0.856001
0.573228
0.968965
0.833457
0.797005
0.736456
0.663832
0.837087
0.185816
0.272294
0.05368
0.471077
0.247698
0.760211
0.698295
0.248854
0.526433
0.60268
0.929024
0.287947
0.455066
0.01027
0.357367
0.826702
0.562164
0.026642
0.578053
0.864231
0.853658
0.053261
0.082193
0.767246
0.586713
0.593996
0.479437
0.506772
0.875368
0.286645
0.337104
0.648039
0.731601
0.773094
0.827185
0.371044
0.694363
0.955452
0.138389
0.911915
0.147722
0.009337
0.132038
0.356983
0.572789
0.78844
0.499381
0.152235
0.306116
0.658497
0.021718
0.662563
0.874497
0.410868
0.676346
0.21745
0.385132
0.978118
0.069524
0.236068
0.864315
0.537855
0.735839
0.936036
0.795865
0.810436
0.190541
0.450131
0.185882
0.675203
0.777267
0.21014
0.171943
0.137566
0.845941
0.540966
0.695451
0.833864
0.731793
0.408237
0.069931
0.402019
0.649308
0.233053
0.463124
0.525273
0.229848
0.163461
0.799182
0.569585
0.227671
0.042792
0.824521
0.554481
0.104797
0.573772
0.166427
0.903693
0.824952
0.53074
0.05917
0.511327
0.925492
0.401079
0.239283
0.034864
0.71831
0.160951
0.192304
0.001307
0.716079
0.690981
0.318886
0.935327
0.074995
0.155762
0.503072
0.523155
0.606881
0.278142
0.268951
0.298695
0.610041
0.582285
0.950666
0.280207
0.395983
0.781084
0.628725
0.139732
0.483508
0.027785
0.608836
0.762842
0.859953
0.140038
0.575671
0.405022
0.762672
0.719313
0.361542
0.446103
0.546844
0.784078
0.380394
0.853235
0.391072
0.343094
0.162654
0.613033
0.524668
0.922067
0.597066
0.364515
0.785943
0.75784
0.475862
0.465464
0.099918
0.390658
0.296063
0.191918
0.371555
0.133475
0.11104
0.819607
0.671669
0.352788
0.3131
0.870767
0.971095
0.866608
0.279664
0.277039
0.282234
0.343996
0.654103
0.361797
0.01842
0.753479
0.89435
0.753422
0.550463
0.281041
0.265406
0.512689
0.097314
0.103116
0.243157
0.615672
0.860041
0.465742
0.59671
0.652349
0.414766
0.874232
0.064029
0.59867
0.324181
0.105469
0.215317
0.520017
0.82972
0.098138
0.152226
0.210244
0.975291
0.935724
0.283402
0.303758
0.523183
0.361635
0.31145
0.038256
0.145916
0.904308
0.463951
0.870664
0.605557
0.805068
0.11194
0.450944
0.080088
0.899585
0.370659
0.003991
0.404671
0.434511
0.218905
0.631612
0.612422
0.683382
0.862248
0.239958
0.768625
0.827224
0.918195
0.40726
0.887685
0.7899
0.823709
0.94561
0.438595
0.470107
0.558527
0.724699
0.243252
0.760585
0.083431
0.542947
0.419271
0.919584
0.558691
0.429862
0.720312
0.743602
0.057325
0.262877
0.427456
0.467399
0.443016
0.576675
0.108229
0.493496
0.510979
0.538691
0.365414
0.384159
0.03125
0.547649
0.108864
0.689061
0.091357
0.943869
0.942348
0.712471
0.609294
0.856284
0.150034
0.756345
0.0018
0.175934
0.623689
0.937783
0.013097
0.179529
0.544813
0.123859
0.777298
0.326486
0.196596
0.691412
0.4442
0.245232
0.615137
0.543523
0.535088
0.168433
0.995081
0.129326
0.490653
0.072346
0.78631
0.838092
0.468999
0.120954
0.044462
0.816657
0.803641
0.526492
0.914032
0.679929
0.281471
0.700658
0.473562
0.721238
0.451622
0.192615
0.627463
0.11124
0.139359
0.15823
0.151017
0.338051
0.888471
0.085561
0.861952
0.053298
0.436615
0.075138
0.811417
0.397094
0.471531
0.024942
0.648362
0.724828
0.809419
0.869474
0.964348
0.874253
0.752609
0.661596
0.450722
0.049555
0.839828
0.005574
0.88858
0.63113
0.993976
0.617458
0.496988
0.076497
0.420008
0.356328
0.7505
0.877072
0.574761
0.436661
0.96631
0.137621
0.854188
0.975472
0.532335
0.243719
0.43901
0.973914
0.158773
0.98696
0.678189
0.94798
0.557371
0.546017
0.174834
0.253274
0.868364
0.463952
0.869576
0.147076
0.916865
0.444405
0.216242
0.308165
0.389843
0.055989
0.458787
0.634828
0.516722
0.484863
0.324795
0.464487
0.861617
0.6861
0.781054
0.524301
0.688117
0.042515
0.827393
0.907589
0.597416
0.735114
0.392165
0.778612
0.248095
0.526442
0.699928
0.650553
0.989853
0.923914
0.641354
0.728815
0.203835
0.487099
0.206871
0.380681
0.742338
0.261541
0.600234
0.829994
0.218507
0.211348
0.985508
0.762961
0.454126
0.127472
0.401062
0.861019
0.83289
0.529292
0.890685
0.487506
0.080485
0.496749
0.551754
0.680311
0.552595
0.494011
0.369813
0.827961
0.922603
0.834234
0.81756
0.13086
0.855443
0.490547
0.120124
0.660515
0.614258
0.455091
0.442131
0.971678
0.733642
0.856637
0.459469
0.372279
0.182772
0.710896
0.772714
0.281867
0.163901
0.910305
0.963969
0.371864
0.283567
0.142326
0.511778
0.657381
0.75747
0.517438
0.922198
0.196512
0.179151
0.91849
0.703378
0.437166
0.495935
0.916653
0.628085
0.7468
0.877265
0.645828
0.771687
0.544314
0.533103
0.405366
0.492086
0.968926
0.799043
0.356235
0.902147
0.905071
0.826867
0.156771
0.518462
0.166924
0.216137
0.453594
0.049367
0.751511
0.404017
0.871643
0.787539
0.819748
0.360477
0.749719
0.341904
0.306428
0.430803
0.396802
0.108714
0.225566
0.163817
0.804466
0.989193
0.352125
0.853811
0.00182
0.461606
0.378451
0.783776
0.55644
0.38139
0.077273
0.397367
0.347757
0.926126
0.17306
0.92514
0.370283
0.700248
0.198005
0.462141
0.010247
0.264198
0.68807
0.659325
0.708146
0.327968
0.207416
0.411248
0.471564
0.524593
0.230955
0.167637
0.896231
0.277888
0.860566
0.827086
0.347801
0.109359
0.47998
0.416377
0.48728
0.411556
0.69591
0.486043
0.107063
0.858052
0.525484
0.726867
0.322797
0.556232
0.183741
0.070353
0.082931
0.438878
0.639738
0.475172
0.044021
0.99774
0.041695
0.124838
0.346621
0.902917
0.412712
0.401564
0.530899
0.881073
0.149469
0.568888
0.748262
0.397137
0.684103
0.040735
0.855926
0.810211
0.95025
0.987064
0.234789
0.41779
0.680111
0.693896
0.160154
0.815955
0.680634
0.041405
0.379506
0.645006
0.927837
0.462382
0.815816
0.403226
0.324754
0.886196
0.993601
0.035968
0.648396
0.815684
0.984798
0.01855
0.131068
0.690184
0.511807
0.702999
0.786221
0.094808
0.188546
0.651027
0.990851
0.330033
0.593594
0.086433
0.607067
0.781912
0.18733
0.445477
0.854445
0.281953
0.924939
0.74677
0.863645
0.31684
0.923149
0.869599
0.805991
0.628782
0.285193
0.354957
0.792803
0.528505
0.67774
0.30044
0.654283
0.913699
0.299504
0.336193
0.467735
0.019992
0.892499
0.779785
0.041029
0.886307
0.128872
0.110529
0.125799
0.113123
0.216763
0.905206
0.787236
0.679335
0.349768
0.430999
0.354551
0.159727
0.961975
0.544498
0.762764
0.519869
0.964947
0.951831
0.271473
0.877761
0.385506
0.475341
0.541929
0.184649
0.45218
0.531945
0.7474
0.018792
0.363592
0.125585
0.323684
0.383978
0.591666
0.196572
0.182843
0.595551
0.246916
0.474976
0.162285
0.453469
0.300948
0.389875
0.091865
0.83309
0.270829
0.002698
0.085513
0.554765
0.820394
0.268991
0.550428
0.243957
0.633796
0.351059
0.199235
0.226968
0.81336
0.874011
0.624617
0.334362
0.429661
0.259716
0.379464
0.670263
0.249727
0.34129
0.756365
0.052872
0.763253
0.102616
0.38564
0.251725
0.70492
0.116176
0.587723
0.443926
0.625276
0.376367
0.672811
0.147128
0.818331
0.390762
0.795754
0.677223
0.526076
0.658327
0.565733
0.930266
0.351826
0.162201
0.942515
0.338151
0.641201
0.477798
0.509204
0.949333
0.332804
0.73226
0.42674
0.290173
0.112883
0.502637
0.940718
0.920412
0.454776
0.836729
0.723391
0.059006
0.304483
0.521742
0.918106
0.412248
0.635992
0.194084
0.497692
0.695854
0.547487
0.005867
0.427007
0.786993
0.547912
0.280267
0.570191
0.09811
0.107314
0.662539
0.120027
0.78556
0.301448
0.601178
0.719305
0.976052
0.50479
0.278587
0.553007
0.356954
0.787272
0.299893
0.713685
0.08332
0.787288
0.375688
0.161116
0.228603
0.270444
0.721342
0.321878
0.013297
0.463806
0.194664
0.402907
0.120107
0.348328
0.619433
0.946464
0.679265
0.961157
0.202493
0.78245
0.079124
0.528943
0.477987
0.097002
0.700991
0.919338
0.45896
0.434746
0.561447
0.847125
0.425646
0.769094
0.329665
0.805629
0.280202
0.683707
0.741892
0.934055
0.015438
0.052084
0.987861
0.738149
0.673837
0.786715
0.585167
0.20742
0.829728
0.677899
0.045628
0.931087
0.465165
0.90328
0.167896
0.696299
0.508421
0.69269
0.089477
0.455568
0.114484
0.497441
0.929793
0.007783
0.222349
0.016894
0.423705
0.847741
0.431752
0.463204
0.640331
0.358975
0.461247
0.912571
0.605033
0.40502
0.821699
0.217649
0.509376
0.11524
0.268792
0.037047
0.602175
0.754765
0.897711
0.095991
0.936892
0.847365
0.261781
0.689861
0.321968
0.673084
0.913276
0.070764
0.312349
0.200907
0.384262
0.956395
0.116059
0.853389
0.404216
0.657311
0.80421
0.491349
0.120883
0.227732
0.664179
0.201703
0.892254
0.130527
0.036967
0.398206
0.453335
0.254415
0.076762
0.003262
0.6057
0.396222
0.557661
0.21362
0.429074
0.166449
0.362337
0.723871
0.61831
0.900319
0.908899
0.49375
0.696782
0.086756
0.581883
0.441508
0.692868
0.625954
0.758919
0.818438
0.02988
0.480622
0.815496
0.856768
0.999106
0.754469
0.372529
0.401949
0.263226
0.024728
0.079106
0.473023
0.100956
0.984833
0.833953
0.381068
0.782333
0.778139
0.407253
0.771685
0.905709
0.029935
0.370862
0.951332
0.052903
0.558121
0.064778
0.232916
0.589788
0.37428
0.83797
0.748957
0.024162
0.123778
0.198485
0.241652
0.351876
0.849317
0.639354
0.099301
0.494119
0.924726
0.184505
0.937227
0.688545
0.441996
0.985445
0.791586
0.208354
0.324585
0.959302
0.233074
0.197995
0.850171
0.769255
0.242932
0.534587
0.625004
0.017943
0.757601
0.995832
0.763192
0.449463
0.762411
0.951266
0.664039
0.197471
0.969785
0.667404
0.48417
0.775863
0.1217
0.880922
0.887898
0.084674
0.522764
0.115154
0.402637
0.023888
0.371807
0.333521
0.580502
0.247157
0.213618
0.913027
0.308999
0.087945
0.666613
0.587796
0.513585
0.145589
0.398827
0.848801
0.601033
0.244276
0.421803
0.972385
0.300936
0.582179
0.128618
0.18818
0.173076
0.376946
0.972609
0.667486
0.897247
0.584679
0.69169
0.953064
0.734207
0.608504
0.896699
0.113621
0.268052
0.111114
0.607678
0.764373
0.216821
0.42197
0.43394
0.031839
0.048578
0.34868
0.145506
0.51918
0.739545
0.075228
0.861581
0.416284
0.188369
0.022292
0.01455
0.093981
0.413634
0.027756
0.353217
0.985569
0.994717
0.432621
0.693915
0.562262
0.731071
0.340768
0.555803
0.62482
0.939541
0.332503
0.091761
0.310808
0.057641
0.558896
0.556459
0.614739
0.416921
0.598064
0.283327
0.715143
0.763932
0.850433
0.241084
0.740732
0.420352
0.385259
0.847737
0.634743
0.025841
0.478892
0.556408
0.976952
0.89045
0.928577
0.329459
0.266424
0.449341
0.201345
0.163991
0.582452
0.143064
0.23917
0.227966
0.183727
0.186972
0.134022
0.056539
0.725564
0.102452
0.985215
0.033556
0.736087
0.000591
0.308172
0.609428
0.222147
0.22782
0.698823
0.624765
0.206912
0.100567
0.252985
0.664476
0.498797
0.715469
0.988576
0.058549
0.399587
0.125256
0.074825
0.989958
0.004832
0.260767
0.476431
0.904247
0.626987
0.527773
0.233912
0.431588
0.9222
0.122559
0.36967
0.979655
0.480179
0.789816
0.174309
0.12134
0.793268
0.919158
0.366145
0.331802
0.222422
0.848696
0.045382
0.265456
0.85166
0.646256
0.137116
0.493591
0.61756
0.202556
0.3812
0.521554
0.843868
0.760489
0.363422
0.060103
0.158332
0.353063
0.348057
0.825595
0.580908
0.206352
0.69655
0.324743
0.591856
0.102868
0.142898
0.207294
0.517745
0.185766
0.094184
0.222051
0.372501
0.542414
0.169343
0.34885
0.630977
0.193748
0.595345
0.802369
0.322356
0.050666
0.151211
0.722287
0.107656
0.01192
0.68122
0.010842
0.561004
0.846922
0.511296
0.681843
0.69109
0.624996
0.856207
0.191547
0.934626
0.68774
0.545859
0.244895
0.534183
0.621577
0.531081
0.90816
0.153756
0.041979
0.848615
0.938278
0.59393
0.41748
0.279189
0.276165
0.636949
0.421094
0.245564
0.965338
0.336078
0.45346
0.707694
0.074448
0.720134
0.951881
0.760394
0.06428
0.591451
0.279806
0.251967
0.794323
0.270533
0.192896
0.509584
0.480184
0.457604
0.617911
0.240245
0.94346
0.387159
0.133961
0.984894
0.362812
0.015054
0.068139
0.047492
0.307847
0.967199
0.644331
0.529154
0.067191
0.252007
0.553408
0.550515
0.218337
0.774168
0.811692
0.378088
0.120864
0.49865
0.983934
0.711814
0.709755
0.804861
0.493467
0.527889
0.988583
0.536168
0.477536
0.689814
0.088225
0.294002
0.699225
0.422941
0.654342
0.138161
0.820885
0.40598
0.871162
0.117206
0.279766
0.916689
0.593774
0.873542
0.792779
0.249432
0.837727
0.829121
0.419921
0.48484
0.395523
0.287864
0.056924
0.688119
0.421009
0.649118
0.292108
0.473239
0.686782
0.023508
0.999464
0.04858
0.075899
0.141926
0.666562
0.576128
0.087418
0.594411
0.906705
0.314693
0.73875
0.121151
0.456074
0.174388
0.907341
0.805645
0.344886
0.677794
0.207325
0.226007
0.474271
0.380872
0.452013
0.110803
0.849042
0.826605
0.010911
0.38362
0.091141
0.339634
0.193508
0.752614
0.957878
0.287303
0.161023
0.837308
0.226001
0.700119
0.524321
0.645523
0.681271
0.79852
0.125444
0.413775
0.761055
0.427044
0.089194
0.261112
0.906976
0.471349
0.173735
0.563671
0.927893
0.259701
0.545652
0.034499
0.5518
0.259074
0.153767
0.34734
0.426096
0.659211
0.096062
0.551919
0.532709
0.621381
0.422718
0.121901
0.581391
0.852486
0.087535
0.892703
0.61117
0.597224
0.900743
0.213399
0.782145
0.349303
0.837316
0.288823
0.879597
0.662447
0.687856
0.187822
0.3492
0.852561
0.636508
0.269299
0.880928
0.416067
0.733221
0.306288
0.639482
0.159535
0.976329
0.010175
0.461119
0.216756
0.93338
0.739344
0.338409
0.959149
0.930932
0.787132
0.349069
0.505726
0.475744
0.513704
0.429155
0.687057
0.278725
0.121374
0.835437
0.679984
0.374918
0.816249
0.897948
0.501532
0.431939
0.06085
0.843766
0.241084
0.266908
0.153902
0.261757
0.022466
0.618606
0.251136
0.359902
0.259232
0.269696
0.5122
0.69285
0.39615
0.947348
0.408944
0.231896
0.082335
0.207392
0.584329
0.322393
0.365174
0.17952
0.281759
0.161713
0.975761
0.879279
0.019882
0.870524
0.475288
0.785907
0.180274
0.712477
0.635871
0.704874
0.583747
0.096236
0.377425
0.573855
0.350767
0.632613
0.616141
0.939087
0.322477
0.391839
0.535471
0.303038
0.110813
0.396009
0.761117
0.987608
0.987207
0.656673
0.966095
0.920257
0.212457
0.626446
0.312479
0.298674
0.464007
0.151786
0.391308
0.164363
0.695213
0.062704
0.056105
0.886744
0.280239
0.271532
0.465101
0.667071
0.810247
0.224057
0.603646
0.998995
0.683438
0.222298
0.847052
0.353829
0.863989
0.143335
0.274001
0.077159
0.459299
0.970594
0.747845
0.228129
0.148106
0.00799
0.708708
0.529802
0.691849
0.589558
0.56188
0.727251
0.14266
0.875133
0.471021
0.344577
0.054217
0.291375
0.702644
0.675327
0.92083
0.13904
0.576044
0.951695
0.602248
0.778471
0.953963
0.85937
0.486825
0.946204
0.071762
0.895716
0.253686
0.332714
0.650557
0.760681
0.688922
0.084789
0.994319
0.857026
0.108613
0.199113
0.88493
0.168403
0.844758
0.47833
0.381415
0.212136
0.704935
0.023856
0.199065
0.733565
0.847321
0.345464
0.960535
0.609915
0.080974
0.274308
0.016364
0.583409
0.177699
0.690742
0.88634
0.320054
0.423864
0.506319
0.71969
0.151638
0.738292
0.222331
0.674301
0.287253
0.832835
0.758935
0.921238
0.974299
0.737186
0.439084
0.147158
0.068743
0.630374
0.912523
0.669078
0.280882
0.169397
0.574241
0.466618
0.44388
0.457616
0.762294
0.383095
0.018219
0.965906
0.904806
0.20906
0.263106
0.124435
0.901924
0.714696
0.165623
0.340615
0.365989
0.93536
0.666643
0.640502
0.421715
0.40683
0.432546
0.413494
0.910747
0.734868
0.440323
0.781049
0.542697
0.865023
0.143949
0.865364
0.45396
0.158882
0.829643
0.993585
0.398418
0.132639
0.270384
0.502567
0.8354
0.866329
0.940251
0.038961
0.296835
0.56082
0.936637
0.698374
0.484901
0.047815
0.961689
0.600449
0.262694
0.389902
0.03082
0.050745
0.079616
0.404254
0.323643
0.515773
0.590552
0.748897
0.645588
0.483303
0.373344
0.350024
0.744396
0.801228
0.753948
0.767887
0.725154
0.971774
0.023992
0.848202
0.467922
0.183108
0.670037
0.51791
0.943497
0.368716
0.24892
0.439616
0.571609
0.544762
0.652685
0.515441
0.932108
0.434787
0.288537
0.936626
0.217128
0.218213
0.140234
0.633684
0.990348
0.795767
0.380662
0.782525
0.98545
0.090705
0.883392
0.174145
0.710145
0.621821
0.502081
0.224102
0.001453
0.577258
0.459859
0.614396
0.65623
0.1568
0.130508
0.790973
0.462359
0.886056
0.785396
0.482275
0.607017
0.53202
0.0111
0.48387
0.373117
0.913574
0.637613
0.757083
0.029658
0.030548
0.911026
0.134926
0.866481
0.221727
0.307005
0.583622
0.003824
0.633086
0.766493
0.470559
0.728443
0.153762
0.282474
0.317626
0.246437
0.925797
0.858489
0.407286
0.625339
0.627484
0.619545
0.86192
0.159914
0.140619
0.262196
0.124188
0.049353
0.08523
0.655431
0.967081
0.596206
0.744565
0.258119
0.023154
0.412641
0.416571
0.9198
0.551436
0.763714
0.451801
0.083373
0.270949
0.04861
0.167489
0.66743
0.097601
0.898351
0.230071
0.799206
0.252308
0.30302
0.608427
0.996146
0.780085
0.039246
0.872947
0.53148
0.890609
0.379344
0.329974
0.027241
0.79236
0.958759
0.323183
0.352737
0.596852
0.022037
0.250627
0.291431
0.448086
0.544179
0.187363
0.947927
0.736878
0.278893
0.666596
0.31219
0.436639
0.728635
0.101818
0.807103
0.203642
0.262646
0.933249
0.313749
0.857918
0.835534
0.667549
0.309512
0.485052
0.375006
0.835644
0.975128
0.744029
0.013364
0.229949
0.097527
0.682425
0.247881
0.667806
0.282235
0.556225
0.832476
0.15338
0.622145
0.996696
0.453423
0.352672
0.708702
0.986647
0.4024
0.563664
0.606589
0.090448
0.882826
0.373337
0.421713
0.340948
0.10956
0.222235
0.966751
0.863572
0.587273
0.081656
0.397204
0.437475
0.238459
0.335041
0.396268
0.502929
0.561445
0.38781
0.192232
0.524136
0.8219
0.266387
0.517449
0.438463
0.056451
0.515365
0.478172
0.52459
0.281466
0.933532
0.823994
0.325389
0.641892
0.777566
0.157331
0.970918
0.213575
0.676338
0.958401
0.909663
0.629674
0.000897
0.238408
0.420571
0.412471
0.445008
0.72931
0.945692
0.377153
0.530769
0.139109
0.405494
0.27636
0.799011
0.746449
0.742544
0.78685
0.162306
0.533893
0.547882
0.200175
0.157693
0.347091
0.945446
0.623595
0.186142
0.452065
0.270041
0.055706
0.798433
0.710598
0.155948
0.450111
0.259295
0.857226
0.108513
0.480146
0.526997
0.326867
0.26986
0.400034
0.768204
0.967569
0.128479
0.406391
0.54623
0.366918
0.200092
0.541376
0.788391
0.559744
0.701675
0.029429
0.081638
0.994198
0.72481
0.477826
0.206976
0.461637
0.800858
0.869809
0.272108
0.690129
0.7585
0.401573
0.701901
0.989756
0.330591
0.283277
0.612401
0.046749
0.025027
0.35674
0.395952
0.675959
0.72132
0.40787
0.580794
0.967382
0.40035
0.554982
0.196654
0.952819
0.834375
0.738858
0.687924
0.301606
0.40136
0.675421
0.053472
0.712072
0.720777
0.064325
0.704974
0.343114
0.310217
0.064087
0.492735
0.435488
0.730172
0.679357
0.607065
0.399576
0.360725
0.882933
0.250683
0.644598
0.966229
0.803358
0.1417
0.690294
0.670119
0.193545
0.392773
0.645711
0.439148
0.756784
0.138769
0.340054
0.26628
0.144022
0.187624
0.98245
0.470536
0.032672
0.530077
0.982499
0.626017
0.016915
0.850692
0.067675
0.974625
0.141872
0.450743
0.598279
0.38693
0.251049
0.694595
0.576536
0.826924
0.766618
0.756762
0.85673
0.017168
0.120058
0.001377
0.628107
0.138629
0.162675
0.470506
0.215566
0.357336
0.648284
0.974399
0.585732
0.653444
0.836208
0.052325
0.574144
0.012946
0.724843
0.165103
0.772626
0.970637
0.546218
0.107113
0.905261
0.92376
0.25161
0.635128
0.075315
0.439324
0.637259
0.817801
0.252143
0.041565
0.077883
0.625891
0.410677
0.053447
0.534414
0.848617
0.232875
0.612243
0.544783
0.373443
0.413244
0.763157
0.275841
0.535762
0.666406
0.463098
0.710697
0.809122
0.279945
0.309943
0.739556
0.640126
0.132807
0.867662
0.14657
0.645944
0.919869
0.413932
0.522392
0.853941
0.982525
0.173494
0.239444
0.008138
0.97981
0.302689
0.025473
0.645214
0.612588
0.437323
0.18101
0.71839
0.569048
0.34869
0.10538
0.275626
0.354546
0.710446
0.941408
0.596996
0.240895
0.929099
0.281001
0.149917
0.36246
0.865642
0.818336
0.49335
0.266286
0.522866
0.103552
0.348674
0.978477
0.520093
0.217155
0.616631
0.557212
0.498383
0.797071
0.853479
0.444689
0.671688
0.562185
0.667679
0.500703
0.990315
0.275317
0.836973
0.372545
0.030104
0.983218
0.686677
0.876865
0.60926
0.815228
0.803533
0.414332
0.494637
0.082413
0.691456
0.022313
0.297562
0.321117
0.166485
0.388047
0.374042
0.775019
0.574109
0.708721
0.597832
0.399818
0.941113
0.800657
0.463687
0.586486
0.071113
0.822881
0.152041
0.37908
0.058628
0.156781
0.617648
0.022703
0.199254
0.671064
0.972032
0.520017
0.573051
0.372306
0.818137
0.878302
0.708382
0.762674
0.162714
0.064421
0.519228
0.446297
0.06136
0.934575
0.23484
0.097582
0.217533
0.316852
0.495465
0.203629
0.187019
0.398893
0.463564
0.954517
0.808241
0.063938
0.580426
0.158675
0.049005
0.457632
0.38957
0.534434
0.826624
0.422779
0.916037
0.091843
0.63715
0.230097
0.017248
0.175472
0.39598
0.169956
0.612348
0.871038
0.352101
0.526196
0.187724
0.102877
0.688171
0.406286
0.395038
0.276133
0.269057
0.310683
0.659427
0.603542
0.679304
0.748674
0.072985
0.713143
0.377617
0.947151
0.178619
0.529575
0.888198
0.599839
0.050396
0.743616
0.571972
0.799824
0.386925
0.725619
0.212837
0.518114
0.93502
0.558969
0.740818
0.916681
0.490998
0.687719
0.855682
0.947607
0.893893
0.836614
0.362541
0.133765
0.835881
0.918114
0.306701
0.894218
0.645408
0.477784
0.620911
0.389125
0.4844
0.265985
0.780382
0.168847
0.568162
0.389833
0.414121
0.419496
0.635239
0.715697
0.103424
0.72621
0.882981
0.930125
0.490033
0.718742
0.183997
0.359702
0.124506
0.163424
0.251328
0.156833
0.413834
0.456232
0.525881
0.354952
0.436534
0.734948
0.50273
0.852214
0.713033
0.073278
0.52096
0.643759
0.658544
0.227236
0.843542
0.752871
0.37513
0.400231
0.799196
0.372552
0.085837
0.104426
0.009019
0.748173
0.413988
0.011634
0.449257
0.007485
0.249283
0.973178
0.914082
0.206118
0.585382
0.206702
0.928799
0.907393
0.812825
0.704232
0.226819
0.736752
0.424271
0.651856
0.020726
0.600736
0.469827
0.329544
0.040924
0.215073
0.972764
0.864466
0.726584
0.610533
0.60422
0.408713
0.546276
0.104946
0.782382
0.135298
0.911813
0.162887
0.933176
0.379984
0.771566
0.120711
0.561744
0.969239
0.711828
0.587495
0.656429
0.731705
0.506544
0.319032
0.244083
0.167184
0.030763
0.471716
0.949069
0.426135
0.135059
0.396263
0.310535
0.217661
0.592438
0.825681
0.880413
0.283728
0.231091
0.068668
0.562039
0.355799
0.376058
0.774997
0.037494
0.565509
0.911499
0.660782
0.417329
0.33766
0.027158
0.007191
0.990644
0.83125
0.623012
0.764652
0.028505
0.091887
0.873827
0.484688
0.889975
0.541116
0.232975
0.852894
0.258634
0.798507
0.350012
0.473261
0.784235
0.359081
0.543189
0.281508
0.471594
0.556494
0.854456
0.156624
0.526058
0.603464
0.023995
0.346426
0.586381
0.62612
0.893298
0.50701
0.309273
0.00129
0.458008
0.425123
0.880168
0.144221
0.066953
0.670702
0.568627
0.742733
0.838546
0.76778
0.291396
0.020036
0.585091
0.793662
0.710383
0.95877
0.426433
0.294767
0.630374
0.871757
0.758693
0.177494
0.405197
0.91751
0.272066
0.181179
0.039875
0.997255
0.214822
0.07382
0.436183
0.354121
0.075026
0.371396
0.500138
0.600044
0.188138
0.260532
0.871465
0.28541
0.423558
0.73074
0.25644
0.722385
0.681343
0.843435
0.176504
0.13257
0.22699
0.634153
0.67178
0.854002
0.521768
0.324773
0.919211
0.569496
0.695266
0.042231
0.088785
0.637896
0.764482
0.259203
0.249233
0.554316
0.177326
0.734704
0.423163
0.186748
0.458926
0.672635
0.29753
0.35986
0.43432
0.294842
0.684084
0.868334
0.834243
0.829748
0.331587
0.851945
0.394599
0.857566
0.239247
0.53639
0.389959
0.428241
0.348932
0.287802
0.81576
0.259755
0.15465
0.131126
0.137413
0.334244
0.244479
0.3941
0.460846
0.315013
0.449018
0.792371
0.278608
0.707664
0.979585
0.227443
0.334669
0.342081
0.151849
0.377169
0.54633
0.777075
0.632229
0.270617
0.193323
0.247886
0.649271
0.983879
0.250951
0.989022
0.332044
0.680421
0.302496
0.654453
0.918329
0.091277
0.474775
0.053117
0.038191
0.095894
0.112959
0.166927
0.458032
0.247343
0.544807
0.470239
0.548205
0.25551
0.760752
0.902847
0.874012
0.100269
0.430377
0.315203
0.293098
0.31633
0.435926
0.31912
0.129522
0.214789
0.368784
0.42734
0.743956
0.220809
0.243428
0.520952
0.474077
0.591249
0.485257
0.680503
0.913549
0.658333
0.040614
0.132825
0.177733
0.832398
0.220373
0.729953
0.005946
0.965745
0.436647
0.548101
0.297485
0.711237
0.839537
0.823184
0.84873
0.68664
0.689802
0.07922
0.443237
0.521184
0.944444
0.873331
0.088175
0.589047
0.34426
0.34758
0.2602
0.607902
0.03313
0.440208
0.545615
0.429463
0.15043
0.450043
0.553895
0.93425
0.095712
0.309097
0.802104
0.708856
0.559563
0.728108
0.541495
0.766122
0.634207
0.336099
0.607464
0.150497
0.79667
0.95325
0.732971
0.46363
0.517156
0.382626
0.271396
0.757249
0.403987
0.745849
0.096153
0.070676
0.131141
0.241291
0.675693
0.575431
0.875021
0.402253
0.528243
0.529029
0.359546
0.888277
0.073677
0.621696
0.004275
0.053859
0.430016
0.223368
0.273117
0.220451
0.241492
0.673608
0.092539
0.373146
0.039471
0.849916
0.634933
0.691724
0.512989
0.77076
0.97279
0.121539
0.00875
0.460716
0.26546
0.361081
0.576863
0.187878
0.494481
0.642381
0.873212
0.440616
0.046113
0.385916
0.132066
0.596669
0.772037
0.269062
0.685427
0.158314
0.030089
0.007338
0.424972
0.130369
0.725134
0.000129
0.485642
0.583593
0.833277
0.977414
0.517003
0.580135
0.879224
0.340512
0.591264
0.440081
0.5405
0.886818
0.104805
0.035242
0.826288
0.857209
0.558956
0.564704
0.347806
0.224886
0.165202
0.329233
0.27306
0.132959
0.115355
0.994558
0.526888
0.678402
0.203114
0.906107
0.861714
0.581995
0.170578
0.351972
0.599109
0.193617
0.293341
0.793268
0.512101
0.594705
0.934618
0.963078
0.342263
0.532793
0.889901
0.686033
0.326775
0.087961
0.457481
0.081935
0.960686
0.716392
0.820968
0.445636
0.243398
0.787096
0.653996
0.771913
0.937827
0.307916
0.045888
0.154798
0.831195
0.082997
0.540544
0.808552
0.247176
0.769476
0.683405
0.746326
0.661719
0.007125
0.33364
0.090128
0.48414
0.018112
0.911376
0.351871
0.398812
0.388522
0.421051
0.751745
0.189336
0.543943
0.532775
0.819256
0.847706
0.010552
0.663483
0.574748
0.530402
0.818739
0.690041
0.486061
0.838927
0.031937
0.12639
0.344747
0.996984
0.815824
0.484453
0.66564
0.514146
0.811466
0.741089
0.480484
0.705549
0.975304
0.832884
0.455655
0.229113
0.483398
0.496463
0.971646
0.724856
0.158358
0.15327
0.804968
0.998061
0.453395
0.80746
0.008324
0.826445
0.107983
0.287349
0.62146
0.587109
0.730999
0.83842
0.697002
0.253569
0.366265
0.294032
0.68134
0.074238
0.98335
0.151765
0.398803
0.181676
0.32929
0.507708
0.639788
0.44763
0.236378
0.825887
0.665162
0.19275
0.248357
0.490005
0.328278
0.923453
0.342434
0.56536
0.238884
0.819739
0.442245
0.796075
0.298456
0.085822
0.037894
0.384532
0.232431
0.416868
0.515847
0.566289
0.599406
0.269114
0.795004
0.440689
0.512035
0.145513
0.039652
0.447255
0.978901
0.585891
0.98445
0.803342
0.295616
0.520103
0.94429
0.840152
0.620996
0.959689
0.151701
0.4082
0.143329
0.717796
0.194388
0.192014
0.061622
0.664491
0.54724
0.855074
0.995598
0.81067
0.382507
0.87688
0.41499
0.305663
0.565513
0.601926
0.321357
0.732065
0.863372
0.665522
0.239169
0.034983
0.574707
0.215568
0.678755
0.444755
0.304296
0.094246
0.29152
0.24286
0.977694
0.630659
0.396626
0.695483
0.481498
0.277837
0.383244
0.403036
0.335674
0.292637
0.242857
0.264602
0.721283
0.380859
0.480002
0.319073
0.722988
0.452005
0.483439
0.083624
0.768808
0.042847
0.639824
0.322514
0.255663
0.481001
0.959762
0.626026
0.231174
0.779537
0.390718
0.445154
0.288732
0.456353
0.595414
0.321638
0.068145
0.382694
0.178275
0.205803
0.996488
0.803161
0.621414
0.540635
0.372877
0.765803
0.417801
0.828722
0.2519
0.628082
0.880876
0.136281
0.247725
0.575669
0.881787
0.561688
0.919132
0.718647
0.438235
0.636655
0.890289
0.818888
0.211063
0.617158
0.325745
0.224547
0.995466
0.96485
0.19959
0.416388
0.911316
0.283543
0.890971
0.366778
0.048628
0.413849
0.65333
0.779095
0.126509
0.702188
0.889772
0.591877
0.305762
0.481995
0.560202
0.645833
0.508213
0.385875
0.083404
0.944973
0.895037
0.218085
0.096382
0.333748
0.141254
0.851208
0.237215
0.815389
0.918169
0.991831
0.146339
0.963574
0.648041
0.512001
0.149001
0.704554
0.438639
0.194448
0.769664
0.364895
0.422889
0.125877
0.602102
0.491278
0.910741
0.477145
0.691909
0.243367
0.167987
0.216595
0.969691
0.823928
0.820595
0.608584
0.021524
0.33373
0.218401
0.020506
0.877729
0.452604
0.629615
0.888924
0.161925
0.66501
0.750058
0.636835
0.429964
0.045635
0.939209
0.939166
0.371081
0.31209
0.240483
0.905661
0.750803
0.377746
0.967896
0.142314
0.60769
0.104352
0.682531
0.590375
0.57437
0.425653
0.722404
0.479329
0.319126
0.490163
0.006123
0.701132
0.249396
0.044495
0.496398
0.552997
0.461512
0.630851
0.639931
0.900306
0.578439
0.877227
0.207192
0.02605
0.582337
0.585819
0.458254
0.390095
0.120719
0.469942
0.254817
0.718132
0.091887
0.39753
0.025671
0.07818
0.659036
0.976524
0.382095
0.024861
0.157694
0.835274
0.095289
0.656474
0.344398
0.501351
0.790885
0.523693
0.735092
0.452473
0.881218
0.159715
0.277279
0.06453
0.826539
0.098327
0.559149
0.567015
0.976844
0.181987
0.034658
0.834116
0.227304
0.981856
0.39522
0.422687
0.408617
0.393415
0.51844
0.391308
0.195658
0.620563
0.818438
0.980211
0.730605
0.55326
0.093268
0.822833
0.783047
0.957404
0.966387
0.908205
0.396753
0.972239
0.370261
0.84543
0.260381
0.458392
0.56239
0.534468
0.937803
0.154066
0.254963
0.385837
0.556959
0.389692
0.352305
0.227244
0.937068
0.550236
0.052329
0.326982
0.299905
0.746517
0.973248
0.211568
0.676714
0.331234
0.382132
0.383464
0.751536
0.775366
0.665055
0.457844
0.275226
0.664442
0.811354
0.567401
0.476955
0.234063
0.543841
0.094165
0.117918
0.394778
0.871067
0.222053
0.727767
0.83037
0.073751
0.420873
0.120753
0.350591
0.923798
0.964573
0.552287
0.351501
0.036998
0.431069
0.659112
0.914386
0.899828
0.494876
0.920066
0.000307
0.240889
0.485018
0.74511
0.683418
0.731632
0.862477
0.268937
0.527927
0.678347
0.362313
0.329393
0.534657
0.91904
0.215806
0.555442
0.478874
0.268188
0.127625
0.55066
0.848222
0.954135
0.757138
0.530134
0.581866
0.643773
0.610668
0.027126
0.299515
0.59778
0.447343
0.989862
0.052975
0.04156
0.591433
0.937596
0.631412
0.500128
0.967595
0.078412
0.580115
0.343607
0.333324
0.211497
0.325654
0.509263
0.889999
0.11074
0.62868
0.866245
0.552546
0.958312
0.123205
0.464899
0.743607
0.07417
0.917539
0.632895
0.848357
0.798767
0.492797
0.395095
0.682543
0.252041
0.18304
0.204136
0.715831
0.160938
0.312113
0.429616
0.980259
0.673219
0.944251
0.677277
0.657004
0.74554
0.532649
0.335141
0.08486
0.324484
0.434865
0.628967
0.259069
0.556067
0.173684
0.189625
0.301028
0.989436
0.20977
0.479317
0.558809
0.202032
0.218536
0.478337
0.254461
0.406378
0.038366
0.704505
0.866931
0.421575
0.856069
0.189707
0.810541
0.508739
0.316649
0.434381
0.288022
0.827352
0.7547
0.996064
0.113045
0.554284
0.49386
0.646576
0.16161
0.355229
0.924119
0.563285
0.193727
0.134968
0.647708
0.551593
0.808714
0.309061
0.831061
0.427863
0.015647
0.560241
0.617021
0.99973
0.721963
0.341751
0.284812
0.89771
0.686626
0.596726
0.717929
0.410659
0.035321
0.088195
0.528976
0.36909
0.774177
0.075752
0.877789
0.301323
0.88757
0.721511
0.568025
0.135647
0.664975
0.01701
0.824853
0.161073
0.60808
0.301106
0.553011
0.576304
0.2609
0.931386
0.039984
0.499175
0.753818
0.026641
0.043318
0.188118
0.965768
0.927536
0.057517
0.056875
0.270836
0.752939
0.372412
0.462654
0.188741
0.511399
0.865719
0.733865
0.840259
0.295887
0.375109
0.211371
0.533793
0.826954
0.291666
0.313678
0.226484
0.92586
0.068151
0.307
0.316101
0.777114
0.868769
0.221406
0.946936
0.750013
0.333705
0.684942
0.266429
0.109903
0.594583
0.563565
0.829695
0.332349
0.254912
0.451151
0.088782
0.51109
0.249285
0.339669
0.320946
0.17447
0.065002
0.014912
0.789604
0.980784
0.613559
0.555856
0.530467
0.915788
0.20624
0.156098
0.016049
0.938329
0.961113
0.218487
0.836034
0.591337
0.869593
0.937325
0.318715
0.654251
0.941001
0.995586
0.588721
0.487967
0.968469
0.889642
0.989945
0.625503
0.284267
0.647245
0.786016
0.118108
0.033731
0.651104
0.39203
0.30665
0.759847
0.521423
0.371467
0.751236
0.412344
0.980187
0.352017
0.695425
0.389053
0.356804
0.398612
0.895532
0.95168
0.610241
0.594296
0.688341
0.216593
0.423672
0.807131
0.791506
0.531223
0.021471
0.891008
0.834444
0.48528
0.43944
0.028885
0.523322
0.231511
0.456439
0.007
0.274517
0.715557
0.484161
0.503247
0.41235
0.776378
0.676178
0.12568
0.222017
0.011743
0.564811
0.169143
0.782961
0.501844
0.089584
0.145584
0.982016
0.120663
0.506487
0.7126
0.637786
0.994934
0.718648
0.279165
0.445741
0.974173
0.405285
0.168986
0.411767
0.530322
0.240965
0.562946
0.054009
0.31279
0.622292
0.486145
0.280222
0.142316
0.209313
0.022879
0.482278
0.827259
0.824609
0.292384
0.607808
0.321681
0.830145
0.575734
0.072925
0.432658
0.019534
0.006115
0.33248
0.66769
0.755265
0.051005
0.257063
0.919113
0.08032
0.769727
0.437654
0.948928
0.561775
0.524868
0.880447
0.599553
0.747346
0.415762
0.843511
0.5785
0.270099
0.610069
0.737742
0.875258
0.38295
0.846183
0.469226
0.481108
0.762524
0.053707
0.778019
0.917843
0.416259
0.001529
0.10256
0.362044
0.872987
0.005694
0.300552
0.766234
0.550651
0.054759
0.530776
0.320384
0.396802
0.627939
0.24538
0.656353
0.712496
0.877553
0.541436
0.932948
0.827387
0.008184
0.418636
0.52955
0.637794
0.551242
0.129483
0.665372
0.315938
0.53206
0.806258
0.645503
0.199499
0.578896
0.470092
0.491265
0.837907
0.115254
0.916599
0.033067
0.484155
0.991453
0.717817
0.468922
0.951968
0.826665
0.984877
0.209596
0.355041
0.147987
0.06257
0.266028
0.334576
0.752436
0.318596
0.236775
0.311278
0.658317
0.212096
0.325179
0.391036
0.309325
0.895326
0.620508
0.868832
0.14523
0.616175
0.083949
0.98075
0.56943
0.3144
0.250101
0.855918
0.408649
0.409924
0.430457
0.363962
0.873913
0.342676
0.911351
0.21431
0.174835
0.000332
0.129321
0.665186
0.921514
0.223181
0.233314
0.100404
0.585949
0.259724
0.742834
0.740687
0.610251
0.145623
0.156557
0.90216
0.465906
0.091028
0.80336
0.386955
0.786554
0.92536
0.190922
0.86998
0.190636
0.721614
0.758317
0.818377
0.097895
0.174206
0.967855
0.128805
0.776035
0.943165
0.175495
0.483101
0.577785
0.650044
0.538204
0.981873
0.115248
0.830898
0.725393
0.994647
0.000331
0.589825
0.103902
0.617124
0.3919
0.073394
0.400803
0.379677
0.367659
0.824542
0.162992
0.497347
0.479938
0.158228
0.23602
0.568799
0.120581
0.34689
0.104114
0.727379
0.764085
0.851161
0.484637
0.115146
0.981115
0.399774
0.85937
0.813432
0.975068
0.277556
0.086043
0.553162
0.382591
0.970792
0.256113
0.152402
0.035351
0.998532
0.805619
0.259811
0.121923
0.01662
0.68353
0.374379
0.183576
0.235746
0.338981
0.61643
0.435091
0.60733
0.117844
0.528792
0.997122
0.927993
0.043079
0.287942
0.833035
0.014442
0.806957
0.67622
0.019308
0.146256
0.572231
0.571093
0.185226
0.923406
0.96152
0.799068
0.863506
0.986948
0.187312
0.11149
0.895885
0.462503
0.422626
0.264788
0.971194
0.791369
0.937721
0.624329
0.559382
0.044446
0.63297
0.069241
0.93783
0.623126
0.465877
0.244535
0.773818
0.867992
0.413414
0.776407
0.989877
0.662348
0.163497
0.607333
0.053646
0.244614
0.303576
0.076569
0.503689
0.151502
0.014885
0.342061
0.835921
0.228698
0.662747
0.12398
0.733358
0.86186
0.609806
0.056872
0.830488
0.115891
0.764571
0.812537
0.196863
0.68533
0.437612
0.534237
0.341657
0.104738
0.665494
0.966448
0.339719
0.209399
0.428333
0.534362
0.726349
0.666987
0.325839
0.984546
0.108344
0.813002
0.959674
0.010921
0.904238
0.197167
0.536154
0.752619
0.597433
0.951123
0.698112
0.197112
0.33612
0.315751
0.438691
0.755599
0.130309
0.603786
0.518216
0.716104
0.129117
0.563004
0.337569
0.512878
0.100015
0.18953
0.103015
0.162616
0.625502
0.690347
0.933588
0.581325
0.617743
0.255503
0.517548
0.804904
0.425933
0.09074
0.598393
0.872398
0.113123
0.888522
0.90296
0.579385
0.150455
0.763688
0.327073
0.406494
0.297334
0.114799
0.23837
0.714848
0.06324
0.915399
0.731581
0.43089
0.332708
0.981865
0.28969
0.04021
0.067802
0.559898
0.866339
0.416305
0.220621
0.963623
0.00349
0.640898
0.820482
0.97935
0.193782
0.921535
0.080128
0.262289
0.420531
0.055275
0.234552
0.703042
0.180356
0.566475
0.690319
0.59938
0.310091
0.023622
0.005805
0.239234
0.881022
0.250188
0.631058
0.150633
0.859116
0.199117
0.457606
0.721718
0.020233
0.847204
0.494136
0.707466
0.001799
0.245678
0.399256
0.015901
0.484838
0.902946
0.168279
0.478807
0.398271
0.755454
0.856675
0.082515
0.551715
0.940047
0.067753
0.110507
0.722718
0.745208
0.692368
0.659218
0.195627
0.367992
0.330957
0.731474
0.218062
0.667053
0.212868
0.859864
0.558023
0.448106
0.772827
0.061764
0.82519
0.87773
0.132012
0.312279
0.393362
0.925019
0.931137
0.27642
0.226174
0.207518
0.467408
0.329414
0.78902
0.133586
0.279016
0.200114
0.953606
0.028081
0.971548
0.394234