1024 4
0
190
419
457
604
1
244
307
317
540
2
479
510
606
671
3
40
163
857
963
4
406
616
725
739
5
263
324
621
887
6
190
332
453
695
7
165
377
617
634
8
219
247
739
817
9
345
495
949
981
10
382
693
759
945
11
304
425
652
765
12
38
201
805
923
13
91
630
770
892
14
26
333
434
635
15
123
139
454
913
2
11
16
129
600
17
47
217
765
807
17
18
372
412
633
19
52
340
853
878
20
105
136
312
378
21
239
251
441
918
11
22
130
453
526
23
242
433
479
794
24
145
780
781
785
25
116
335
380
425
26
477
652
969
973
27
240
289
315
1019
28
434
491
730
793
29
466
585
701
907
30
217
292
441
741
31
154
367
646
725
32
44
199
912
988
33
413
701
890
1011
34
92
203
381
658
32
35
206
475
1008
36
424
444
594
748
37
665
674
763
866
38
91
356
410
936
39
737
917
935
952
40
342
638
641
805
41
54
760
802
845
33
42
104
852
1015
36
43
354
493
556
44
222
606
790
869
29
45
504
752
926
37
46
270
274
479
47
413
629
662
797
48
103
354
678
771
49
154
550
560
992
50
338
392
418
794
51
762
808
1000
1011
52
330
649
957
968
30
53
402
419
698
54
375
635
737
849
55
797
832
882
1004
56
237
322
580
1001
57
198
226
354
559
58
82
335
650
916
12
59
560
652
738
60
250
429
770
795
61
263
618
961
970
62
77
111
139
824
63
189
207
620
710
64
102
171
716
858
48
65
301
418
828
66
167
393
636
972
67
130
413
760
916
68
102
240
671
710
69
94
189
708
848
70
338
609
904
944
71
144
180
708
940
72
186
404
716
778
73
402
429
783
878
42
74
324
414
1021
75
486
883
915
976
53
76
225
554
1021
77
663
799
896
957
78
478
800
897
939
49
79
164
350
938
80
280
384
811
846
81
97
493
614
938
82
273
542
636
778
83
202
720
729
784
84
174
237
584
998
85
250
279
313
360
40
86
307
984
1021
87
316
554
630
954
88
272
485
799
894
89
269
394
488
679
90
571
589
595
709
91
202
289
326
840
8
92
224
689
854
45
93
321
325
720
94
167
478
488
820
95
457
544
871
872
96
136
319
647
713
92
97
517
598
643
95
98
155
317
583
99
138
254
507
588
100
308
414
420
749
2
101
533
677
873
102
380
486
492
631
103
150
427
562
772
28
104
152
192
257
39
105
186
267
590
10
13
27
106
439
1
25
107
720
884
108
210
239
610
849
35
60
109
710
988
110
296
403
452
993
111
468
674
682
981
112
176
375
474
814
0
110
113
178
610
68
114
768
801
879
115
203
567
746
969
116
143
280
469
887
117
362
441
841
951
118
190
204
651
966
119
214
277
510
807
120
180
454
840
980
121
325
397
795
952
122
321
652
858
1016
40
123
490
613
853
57
124
476
588
662
125
158
266
299
528
126
164
516
676
964
22
127
325
511
808
62
128
338
447
632
129
151
185
670
763
35
130
399
650
749
131
228
782
917
966
112
132
162
892
907
133
162
169
343
479
134
137
295
614
959
109
135
179
357
905
136
363
427
550
970
137
139
591
844
904
138
194
393
470
492
139
239
432
453
551
140
307
565
865
909
141
203
273
477
735
79
99
125
142
174
143
742
779
799
891
46
96
144
690
949
145
190
373
616
643
103
146
543
746
864
147
193
245
581
773
148
159
268
290
515
149
357
395
450
856
37
150
645
780
939
151
250
411
482
1016
138
152
509
649
904
132
153
164
266
473
154
650
660
728
959
155
250
321
968
997
156
168
202
513
802
157
179
601
815
855
91
158
514
629
957
153
159
679
759
788
116
138
160
309
984
50
161
650
706
859
23
118
162
506
521
133
163
552
720
807
164
507
551
804
828
165
475
636
641
916
166
241
623
933
960
167
183
266
290
451
5
24
168
465
1012
111
168
169
547
954
170
468
572
684
1020
171
515
772
784
1003
172
261
374
563
912
137
173
179
208
643
174
213
744
859
958
175
238
257
686
838
101
176
541
683
778
177
425
623
806
1014
178
246
264
449
810
130
179
461
760
1021
123
180
328
763
790
181
569
907
969
1004
182
207
209
522
813
110
183
273
574
914
160
184
548
833
1000
185
324
452
651
959
80
186
239
503
508
52
137
187
516
721
188
194
579
599
851
189
357
633
769
793
190
196
447
658
789
191
590
807
933
965
72
192
240
318
732
84
193
238
560
580
194
349
687
728
987
57
73
195
560
697
48
196
356
440
506
177
197
236
772
792
198
348
424
536
625
199
243
517
555
988
47
154
195
200
212
170
201
216
264
896
198
202
293
340
922
125
169
203
492
843
22
45
193
204
550
14
205
293
756
809
66
206
223
782
983
207
227
380
696
733
37
208
243
792
904
94
199
209
342
708
210
352
558
843
948
211
341
748
925
990
212
553
664
666
764
213
393
643
716
958
214
261
350
412
958
157
178
191
215
335
112
200
216
350
858
83
217
366
611
1019
218
221
362
765
958
111
219
427
615
896
220
309
321
710
911
123
165
221
631
898
222
320
568
589
746
223
378
392
996
1005
141
224
365
515
970
87
90
202
225
833
226
479
616
686
740
67
177
227
645
939
228
599
603
754
1015
229
239
256
639
876
97
230
470
706
937
112
147
231
264
684
232
380
735
740
799
27
221
233
337
661
234
676
723
811
854
122
235
778
800
956
4
6
236
583
841
112
115
210
237
429
96
238
526
640
685
83
210
239
311
763
130
229
240
363
760
34
241
433
458
923
137
242
584
838
917
154
243
308
783
853
244
247
410
472
479
26
213
245
362
658
246
247
418
424
468
247
260
365
651
689
157
248
352
658
874
249
490
827
831
1010
160
250
509
554
660
251
370
705
750
947
4
252
316
698
928
16
249
253
309
921
60
174
254
819
1020
229
255
388
756
803
21
256
329
387
1002
211
257
599
755
885
258
416
459
596
672
259
344
374
976
978
150
260
510
731
850
261
267
828
926
940
84
87
251
262
968
263
287
435
624
776
11
71
264
626
635
211
265
462
516
857
161
188
223
266
969
267
315
428
625
1017
227
268
793
879
884
269
302
422
700
808
270
488
517
860
1015
31
271
279
464
903
212
272
544
634
909
273
598
773
909
993
135
274
374
471
580
136
264
275
370
629
276
338
550
785
940
277
658
904
971
1019
278
295
391
519
554
278
279
284
447
619
280
313
550
719
765
178
281
522
772
947
92
173
282
673
884
283
534
767
791
993
222
284
296
770
881
285
481
546
856
959
252
258
286
551
706
7
287
330
646
1017
221
232
288
832
904
35
120
157
289
696
171
275
290
711
859
272
291
370
774
837
1
292
690
707
811
3
191
293
841
845
294
586
683
860
919
10
74
295
456
875
296
469
483
900
929
23
297
787
1005
1008
157
298
563
890
927
1
299
444
476
537
5
300
350
765
795
98
301
558
644
1023
8
123
302
622
757
83
303
392
498
912
304
340
416
695
759
13
305
681
765
981
149
243
306
753
882
193
245
251
307
959
87
146
308
316
922
309
422
450
559
746
310
573
742
778
791
311
453
504
806
920
106
251
312
416
537
146
313
504
575
971
69
171
314
969
970
315
561
693
902
925
195
316
572
767
1007
314
317
626
843
873
96
294
318
551
770
319
327
480
490
557
46
320
496
996
1003
198
204
321
628
912
79
278
309
322
937
119
171
323
518
781
200
324
726
741
882
75
325
366
602
878
114
115
326
523
1017
156
289
327
431
749
101
170
328
348
455
290
329
705
794
863
13
330
737
806
868
55
331
509
584
901
159
332
540
586
941
71
84
333
503
726
26
334
649
799
914
181
326
335
640
826
210
223
336
633
877
60
326
337
458
473
110
338
589
956
1014
191
194
339
463
798
340
375
739
825
989
341
369
462
557
880
152
280
342
629
824
343
456
556
926
944
225
344
757
815
854
30
345
492
581
982
7
346
457
464
1003
347
789
837
933
975
50
128
194
348
737
349
441
676
705
875
150
350
750
786
967
69
351
523
534
656
255
352
528
651
771
66
89
249
353
630
32
41
333
354
621
118
355
377
443
886
221
356
671
728
897
240
357
466
649
1003
354
358
450
652
826
26
212
359
683
863
71
156
346
360
597
148
172
361
810
979
38
362
433
758
883
82
124
363
540
902
20
147
364
855
908
56
195
261
365
525
366
485
716
782
814
341
367
680
813
837
49
107
368
412
707
325
369
547
650
836
221
370
379
768
771
117
180
371
605
714
261
372
485
547
960
99
359
373
448
921
43
55
167
374
460
57
375
649
873
1013
160
376
782
865
913
1
21
370
377
785
194
378
569
649
893
120
379
718
869
968
97
380
715
855
945
198
381
423
629
937
75
80
212
382
976
40
291
383
664
984
215
384
428
481
1003
11
385
407
798
866
42
207
386
519
732
189
387
572
822
940
324
332
388
509
524
10
307
389
605
969
64
111
390
837
969
377
391
556
874
904
333
392
426
514
616
343
370
393
827
915
177
370
377
394
706
287
395
512
654
958
396
536
878
894
1021
126
397
433
886
1006
398
408
441
676
967
170
399
429
775
975
140
226
400
656
899
285
348
401
624
1003
246
402
483
738
788
382
403
453
582
659
160
186
294
404
545
8
397
405
541
641
105
177
292
406
838
407
732
765
801
848
76
244
288
408
609
210
282
409
495
836
410
426
563
650
707
16
411
641
890
916
109
289
412
475
839
350
368
377
381
413
414
416
439
849
861
263
286
415
762
789
110
416
508
629
702
2
386
417
433
829
185
418
510
669
671
8
156
419
648
742
0
3
390
420
797
39
120
421
535
671
77
137
422
784
951
286
306
423
539
833
1
21
251
424
828
28
186
425
499
632
314
415
426
435
787
219
235
427
815
999
0
428
653
759
800
22
429
465
647
949
287
306
430
455
699
204
409
431
704
792
265
432
674
736
923
1
286
433
622
662
171
366
434
474
791
118
232
435
895
997
21
29
321
343
436
118
195
380
437
729
64
200
438
780
821
425
439
469
631
835
191
216
256
346
440
53
441
473
762
905
157
291
314
442
954
443
471
541
632
884
97
444
454
506
569
129
174
302
445
749
96
446
588
638
846
76
447
464
534
904
404
448
632
668
829
52
449
512
540
680
18
111
376
450
843
52
345
415
451
972
250
452
610
771
1000
380
453
676
757
808
254
454
647
673
907
455
573
580
621
834
250
456
698
984
993
239
241
312
319
457
110
130
458
710
773
117
122
266
459
500
44
105
167
460
986
84
345
461
539
744
147
462
598
730
818
148
339
463
701
958
6
148
336
464
817
76
134
301
465
847
160
264
466
479
736
273
372
416
459
467
115
283
428
468
549
80
469
607
653
667
470
471
536
574
1002
181
243
471
760
812
6
177
251
472
851
74
146
473
663
972
114
289
474
630
755
15
475
620
699
950
240
322
476
519
730
32
297
390
477
761
357
458
478
556
566
479
540
832
881
924
103
480
626
762
891
42
481
489
743
859
466
482
567
637
910
17
297
483
493
680
232
255
484
808
1016
189
307
485
706
896
47
277
342
486
716
224
302
487
574
755
36
355
384
488
793
53
161
297
489
620
277
447
490
883
993
256
421
491
535
578
348
453
472
492
495
237
247
493
671
937
14
103
294
422
494
32
453
495
786
816
21
477
496
639
929
360
497
528
544
805
291
498
679
714
782
255
331
499
898
904
500
509
658
964
1003
265
382
501
695
810
353
502
552
814
927
503
577
595
726
941
22
330
504
857
883
227
397
505
752
823
162
261
506
555
769
46
219
274
297
507
333
352
508
583
885
102
509
596
603
909
510
535
647
706
976
92
511
639
896
925
23
165
463
512
775
113
120
269
513
586
2
98
180
514
623
6
101
356
515
774
516
578
616
881
952
218
450
517
630
800
217
492
518
746
839
8
422
519
675
980
3
163
239
520
955
196
521
842
848
959
32
451
522
673
707
373
523
675
683
956
153
370
524
770
1018
35
90
265
525
740
185
345
526
792
933
65
527
662
773
922
204
528
571
792
1005
386
529
545
626
736
91
530
558
832
939
194
531
754
927
1004
228
532
587
674
1013
213
353
533
620
649
2
79
309
534
838
264
381
486
526
535
28
93
385
536
721
321
354
537
541
807
73
118
508
538
917
51
59
155
539
741
190
426
540
554
674
127
131
265
541
898
159
307
542
589
739
382
451
532
543
843
192
429
499
544
694
111
121
545
703
930
178
182
546
795
824
266
505
547
815
974
80
548
755
815
974
184
269
401
449
549
83
312
349
550
730
242
358
484
551
719
198
522
552
627
989
358
436
553
639
694
1
105
554
743
772
165
243
520
555
939
4
556
563
658
784
255
355
495
550
557
558
603
652
701
930
68
293
457
559
572
237
560
798
868
881
479
507
552
561
874
71
117
179
399
562
271
563
701
755
868
289
338
511
564
957
10
153
398
565
687
92
328
566
592
849
161
374
469
567
917
228
268
291
470
568
125
172
173
500
569
142
234
345
570
966
361
452
504
560
571
119
286
572
591
765
187
228
270
521
573
15
279
285
574
892
575
621
658
773
1001
219
270
341
528
576
350
577
591
879
894
132
210
578
833
962
193
571
579
719
752
399
571
580
589
940
9
232
581
865
876
136
582
630
677
872
364
494
583
632
914
47
98
327
328
584
153
188
585
742
903
186
297
497
586
716
267
586
587
674
952
177
495
588
699
848
0
94
158
367
589
173
590
624
712
759
169
463
591
778
800
168
381
592
782
1010
227
593
698
930
1010
23
58
62
452
594
463
559
567
595
839
59
87
95
472
596
92
316
597
902
911
481
555
598
599
880
52
383
595
599
898
80
600
727
867
1000
378
476
549
601
675
242
305
602
610
680
387
560
603
685
688
44
299
604
615
616
121
134
535
605
722
88
541
604
606
912
63
340
606
607
761
36
212
467
472
608
36
67
344
355
609
67
387
610
843
884
209
428
611
824
892
123
462
471
537
612
360
532
613
779
807
67
259
606
614
960
429
615
657
866
942
201
592
616
913
980
28
103
214
363
617
9
170
618
782
867
57
281
619
892
948
123
620
665
705
942
393
418
420
621
663
147
622
628
855
987
162
623
753
926
968
403
624
880
945
1008
72
270
625
664
841
101
154
316
510
626
30
366
612
627
997
55
408
628
757
894
268
320
629
852
936
83
432
630
906
992
631
859
889
910
1022
71
171
263
632
858
126
633
733
957
1017
213
251
485
634
744
75
178
635
662
869
636
639
815
816
985
61
146
276
637
1023
72
266
297
362
638
303
590
639
974
1001
602
640
776
834
995
147
522
564
641
860
198
230
359
503
642
269
417
498
643
675
364
369
497
644
940
99
164
619
645
778
14
83
350
547
646
487
647
665
764
945
285
354
457
629
648
171
202
602
621
649
221
236
355
401
650
6
53
67
187
651
27
192
251
610
652
453
521
530
653
949
205
557
604
654
998
611
655
685
936
973
176
351
656
678
919
135
368
402
490
657
95
287
658
706
852
659
786
817
937
945
99
129
660
754
809
57
526
661
989
991
87
158
662
902
1000
3
663
735
745
842
262
326
413
664
976
364
636
639
665
679
3
40
130
393
666
49
553
667
832
906
91
668
822
980
1018
104
435
543
669
880
29
182
311
522
670
382
539
643
671
735
397
406
672
833
932
238
283
595
673
958
195
556
674
862
867
64
77
510
675
736
191
443
676
695
778
284
327
347
658
677
362
522
678
972
1006
51
679
780
885
987
680
800
818
868
888
681
816
860
861
883
467
535
546
682
746
330
595
654
683
936
340
684
734
749
966
258
492
531
685
774
185
275
537
686
736
8
11
220
687
803
76
251
688
785
1023
503
560
689
737
777
106
466
478
608
690
10
143
164
462
691
40
271
692
835
973
37
333
341
648
693
164
383
694
879
904
55
591
604
695
735
25
335
696
884
896
252
649
697
768
782
99
375
394
633
698
230
305
699
849
960
12
27
700
830
953
306
448
515
701
889
187
348
457
702
928
2
88
349
703
751
205
226
302
704
902
358
478
618
705
727
120
503
538
551
706
596
707
714
778
990
20
145
358
708
850
54
111
709
726
908
201
225
391
710
848
80
258
286
706
711
324
692
712
887
938
82
299
334
363
713
246
570
714
808
943
319
347
715
731
793
69
357
482
631
716
82
577
717
800
882
86
288
497
718
844
171
302
719
724
860
127
638
720
723
954
287
699
702
721
930
95
135
722
887
1011
119
528
550
638
723
9
138
214
267
724
0
472
651
725
862
327
620
726
855
877
19
152
649
727
815
125
135
165
728
948
160
308
309
729
1014
13
293
431
730
894
174
237
731
743
840
265
660
732
843
945
284
376
437
498
733
111
305
433
734
841
160
184
244
344
735
169
234
736
737
831
237
294
353
480
737
388
738
890
919
1018
146
426
522
739
761
76
369
679
740
1008
18
30
96
227
741
19
381
580
742
885
62
293
497
743
809
25
75
642
744
753
383
452
745
940
945
38
69
121
422
746
20
232
375
463
747
134
263
283
353
748
89
332
597
749
860
257
470
513
750
807
147
409
422
751
973
135
334
350
752
884
61
753
904
913
1022
31
457
605
754
898
124
409
507
755
962
176
286
756
978
999
114
151
272
728
757
125
361
699
758
912
0
677
745
759
793
42
448
646
760
770
56
495
578
761
873
109
213
762
857
936
361
689
763
780
904
87
764
808
815
832
228
759
765
955
961
484
624
640
766
996
145
499
767
874
886
279
435
563
568
768
81
472
701
726
769
341
407
648
678
770
688
750
771
900
1009
392
451
721
728
772
255
671
770
773
884
451
681
718
774
901
12
496
775
925
972
477
692
776
789
875
77
396
777
845
964
205
244
641
734
778
415
456
641
710
779
183
231
746
780
848
62
246
665
781
849
97
268
309
782
879
46
306
736
782
783
80
142
437
742
784
164
358
591
720
785
188
229
537
786
1020
9
320
379
787
823
482
593
638
788
1015
475
789
821
867
884
166
167
390
790
864
1
297
731
791
809
371
665
792
793
860
45
505
793
953
1015
224
542
552
794
867
37
236
523
795
847
57
84
99
796
839
330
551
797
926
991
505
578
580
742
798
179
395
543
799
823
421
723
765
800
859
592
670
801
828
881
29
185
313
329
802
457
505
585
803
990
36
92
273
679
804
626
705
805
894
988
483
806
829
887
919
153
160
205
807
926
285
341
464
808
908
26
221
232
256
809
33
109
204
288
810
205
277
464
734
811
433
583
656
713
812
313
415
516
813
914
270
300
307
814
834
166
406
554
815
938
392
490
816
903
1008
355
392
748
817
851
21
143
217
459
818
343
358
819
975
994
68
408
820
912
944
251
510
670
821
944
197
253
627
732
822
118
310
540
810
823
409
422
797
824
986
31
293
663
685
825
0
118
459
596
826
205
323
827
879
1019
242
273
286
828
963
229
446
786
829
878
34
335
418
830
920
188
578
597
831
921
71
390
586
644
832
132
609
667
833
869
45
651
753
834
908
351
459
528
698
835
346
373
654
760
836
62
233
327
837
924
201
288
838
892
1021
61
141
317
620
839
301
382
520
689
840
493
601
608
709
841
281
388
406
634
842
84
333
455
734
843
47
94
335
659
844
116
126
845
919
995
454
560
561
846
1003
167
619
638
847
873
297
313
465
769
848
48
276
583
849
970
517
689
692
850
855
585
637
665
765
851
158
445
852
881
920
533
818
853
944
999
119
850
854
931
1003
183
448
801
855
893
159
405
531
698
856
462
636
758
780
857
136
404
504
523
858
118
679
687
811
859
169
258
669
860
980
201
456
805
861
908
155
363
803
805
862
267
413
517
662
863
65
566
838
864
887
43
657
744
865
963
223
528
763
866
883
96
446
448
652
867
200
243
811
868
954
208
869
892
940
1017
54
581
594
870
963
511
634
776
871
950
410
473
648
773
872
29
547
668
873
981
36
51
517
845
874
473
601
701
875
937
266
651
686
746
876
78
501
850
877
929
22
388
716
873
878
51
59
606
630
879
162
249
366
880
957
96
196
209
881
921
146
752
818
882
908
11
367
403
883
994
94
458
636
729
884
123
208
885
954
1009
80
155
886
939
960
144
476
887
910
911
103
153
370
554
888
314
337
605
889
990
206
412
598
883
890
367
402
460
743
891
114
171
721
892
903
7
57
676
835
893
431
729
773
894
895
126
496
793
895
967
42
137
160
241
896
140
231
505
714
897
141
309
353
718
898
315
431
870
899
985
101
372
732
900
951
66
142
400
767
901
2
76
172
445
902
100
503
760
826
903
14
462
675
820
904
90
181
188
343
905
160
265
577
781
906
241
433
708
907
941
230
352
534
908
1005
76
204
761
909
1020
519
599
861
910
1012
8
204
278
858
911
477
708
709
912
989
163
552
913
919
964
24
33
199
891
914
31
576
652
864
915
6
254
453
916
972
146
689
784
917
941
203
289
407
780
918
131
136
149
919
1021
33
268
434
475
920
374
688
723
906
921
105
341
484
776
922
307
400
482
870
923
21
44
101
924
1001
668
690
925
929
987
127
129
216
926
954
341
453
560
870
927
229
309
433
635
928
43
143
594
598
929
4
156
448
459
930
61
213
298
873
931
246
342
506
714
932
198
597
650
933
1011
371
828
841
902
934
111
117
265
290
935
493
548
634
719
936
28
41
220
937
989
157
307
549
917
938
40
148
339
605
939
22
278
312
611
940
99
524
614
735
941
49
510
732
942
984
290
414
727
874
943
265
313
356
816
944
76
287
345
777
945
490
656
805
821
946
128
403
485
822
947
338
422
530
822
948
19
202
272
437
949
193
433
500
873
950
58
794
819
870
951
87
252
683
848
952
605
953
958
977
1023
122
159
162
893
954
201
458
573
586
955
685
742
956
978
1021
579
584
771
957
1010
166
399
677
684
958
464
511
903
931
959
40
69
527
602
960
193
677
790
942
961
111
311
407
639
962
365
867
887
946
963
592
752
771
882
964
545
627
701
775
965
24
164
422
516
966
121
231
301
718
967
0
88
219
748
968
235
345
361
648
969
273
443
481
949
970
561
838
912
916
971
180
245
563
644
972
122
278
524
726
973
286
608
974
980
1010
7
261
508
948
975
39
124
915
975
976
396
541
622
977
1001
230
331
624
654
978
65
207
510
979
1023
33
859
898
980
1019
99
133
538
959
981
532
642
735
945
982
227
572
704
747
983
93
104
675
779
984
288
444
771
972
985
78
351
711
947
986
185
242
422
696
987
176
187
494
922
988
199
625
778
807
989
2
28
585
850
990
394
419
509
991
1003
175
260
724
992
993
462
604
646
744
993
480
518
894
988
994
618
649
773
964
995
447
546
585
854
996
47
564
603
742
997
373
679
868
885
998
149
224
398
636
999
23
434
583
686
1000
43
620
848
953
1001
621
632
803
876
1002
90
103
399
1003
1018
220
308
404
784
1004
431
761
804
908
1005
593
595
653
856
1006
226
261
421
599
1007
74
720
842
954
1008
0
424
431
945
1009
249
286
804
899
1010
74
180
837
878
1011
0
202
479
988
1012
98
586
670
858
1013
10
188
594
954
1014
123
381
407
798
1015
183
374
539
803
1016
430
544
759
1005
1017
97
136
420
977
1018
19
156
278
603
1019
415
424
593
907
1020
97
182
650
795
1021
337
396
673
809
1022
96
315
469
802
1023
0.636639
0.945262
0.770865
0.967163
0.281462
0.654394
0.552106
0.331424
0.023951
0.037739
0.723268
0.608895
0.802065
0.78712
0.261259
0.353112
0.682098
0.446882
0.160609
0.009333
0.224719
0.92551
0.936536
0.391154
0.181174
0.019106
0.363981
0.267323
0.177619
0.008197
0.388562
0.50529
0.66703
0.464249
0.29588
0.067925
0.949184
0.792323
0.819084
0.080719
0.348884
0.540968
0.989189
0.507248
0.820046
0.83431
0.898869
0.451364
0.257444
0.817516
0.882845
0.325523
0.200729
0.662491
0.720231
0.290348
0.702104
0.38351
0.288627
0.428315
0.50529
0.31554
0.455303
0.86288
0.165946
0.682184
0.481657
0.860784
0.526275
0.748952
0.689861
0.834614
0.194668
0.280993
0.114352
0.199243
0.740527
0.276609
0.825819
0.215847
0.250452
0.371682
0.991581
0.597829
0.666006
0.628861
0.176488
0.134791
0.231733
0.996926
0.662725
0.431565
0.184144
0.310483
0.841039
0.089763
0.668185
0.130875
0.775793
0.632497
0.421561
0.921337
0.328776
0.006539
0.834721
0.872239
0.935108
0.36945
0.300926
0.657694
0.535975
0.767918
0.557934
0.782122
0.837173
0.61538
0.143527
0.340662
0.577015
0.08735
0.841201
0.803543
0.791471
0.871383
0.930529
0.93625
0.876416
0.477635
0.967709
0.383483
0.297427
0.530221
0.386411
0.240394
0.947822
0.722364
0.009201
0.907458
0.53778
0.72085
0.415065
0.561115
0.868225
0.87953
0.237803
0.948468
0.847773
0.772105
0.485008
0.088665
0.545362
0.413781
0.389779
0.837243
0.61831
0.441782
0.588653
0.746388
0.317637
0.127764
0.208179
0.05733
0.806934
0.13562
0.200291
0.401198
0.481014
0.436539
0.261276
0.817827
0.023639
0.330957
0.70184
0.194728
0.124251
0.34124
0.138031
0.499502
0.607641
0.803457
0.579408
0.596089
0.667218
0.192931
0.527526
0.045909
0.217136
0.96228
0.536392
0.110626
0.147391
0.582565
0.295326
0.318516
0.116836
0.047023
0.208745
0.235858
0.166432
0.341267
0.551264
0.647644
0.485311
0.661844
0.076976
0.360842
0.744367
0.062501
0.31633
0.883606
0.235884
0.262113
0.248909
0.759433
0.791394
0.350656
0.477829
0.628521
0.299906
0.937808
0.796059
0.756904
0.045889
0.685695
0.578189
0.565282
0.9405
0.721604
0.69768
0.076532
0.965633
0.021547
0.145289
0.781076
0.994976
0.528536
0.900637
0.497479
0.632698
0.108349
0.387559
0.149557
0.312621
0.388909
0.11468
0.836964
0.982945
0.47161
0.218069
0.630516
0.139016
0.707948
0.350231
0.677767
0.547329
0.989578
0.958807
0.958456
0.440353
0.786581
0.912875
0.39451
0.812754
0.550243
0.791154
0.328718
0.579305
0.481786
0.474792
0.085343
0.625593
0.192166
0.126854
0.31326
0.210667
0.043254
0.338447
0.939772
0.906448
0.239342
0.612265
0.130668
0.484717
0.414866
0.553067
0.504604
0.619529
0.205306
0.737536
0.350051
0.14242
0.462211
0.820718
0.593842
0.750481
0.888173
0.794145
0.845451
0.619082
0.019085
0.460078
0.975606
0.783544
0.468769
0.77375
0.986372
0.348908
0.152857
0.649353
0.285178
0.110604
0.464118
0.608576
0.027702
0.071537
0.719921
0.772543
0.579514
0.59459
0.881208
0.498194
0.765708
0.556472
0.410189
0.097149
0.604087
0.320882
0.248442
0.585132
0.02898
0.92552
0.348486
0.776861
0.856505
0.567553
0.53628
0.114275
0.954191
0.922736
0.231477
0.535344
0.27666
0.574203
0.164757
0.928686
0.722837
0.414362
0.184055
0.981504
0.45719
0.924184
0.852058
0.175376
0.499584
0.073669
0.606202
0.864912
0.135051
0.10503
0.599883
0.92666
0.082622
0.590975
0.807966
0.647665
0.178222
0.509797
0.495168
0.561383
0.363074
0.825226
0.068581
0.093651
0.765969
0.622805
0.957914
0.188865
0.098038
0.964799
0.859384
0.40204
0.862145
0.844642
0.112914
0.357735
0.526718
0.181766
0.875555
0.638217
0.274877
0.581304
0.381162
0.497292
0.517242
0.602715
0.884656
0.627029
0.366409
0.969315
0.041716
0.81995
0.659998
0.867264
0.3409
0.46357
0.08704
0.262839
0.601407
0.385271
0.358386
0.110605
0.219004
0.087495
0.157594
0.947725
0.574068
0.768642
0.073434
0.381286
0.107095
0.253897
0.471818
0.099648
0.571738
0.355771
0.345489
0.586223
0.597556
0.747906
0.344075
0.593951
0.261513
0.669604
0.793565
0.099906
0.812224
0.307621
0.361999
0.840189
0.743693
0.349226
0.609582
0.874175
0.365426
0.647828
0.33036
0.144538
0.663479
0.235924
0.201829
0.810602
0.039627
0.455124
0.65299
0.627343
0.695395
0.867001
0.054091
0.158854
0.261968
0.497413
0.523198
0.531619
0.828767
0.887567
0.630399
0.686075
0.854533
0.276767
0.612277
0.087605
0.62865
0.963878
0.183435
0.486067
0.742386
0.445159
0.44296
0.747404
0.680293
0.198608
0.106802
0.733829
0.901622
0.48885
0.450096
0.276743
0.31258
0.402557
0.091865
0.9477
0.212048
0.126746
0.994187
0.854527
0.040672
0.181814
0.403497
0.263913
0.218816
0.630788
0.908984
0.404619
0.396312
0.3696
0.190142
0.865844
0.49916
0.108397
0.511255
0.849277
0.426931
0.617827
0.402021
0.830121
0.616302
0.681983
0.056576
0.183207
0.74886
0.109768
0.340952
0.919605
0.119856
0.91036
0.08707
0.542731
0.157284
0.67462
0.787483
0.674086
0.785394
0.207568
0.88186
0.662144
0.021134
0.071852
0.896391
0.657794
0.764859
0.600207
0.954947
0.007919
0.465771
0.411824
0.804332
0.511839
0.415173
0.480187
0.102364
0.334779
0.69884
0.83342
0.848113
0.693285
0.549107
0.078159
0.067414
0.179327
0.827977
0.603175
0.795749
0.231326
0.835914
0.339752
0.69127
0.922812
0.656722
0.028307
0.476068
0.65551
0.285011
0.638415
0.413925
0.735198
0.458018
0.691491
0.490751
0.593939
0.186354
0.991113
0.466753
0.506151
0.955152
0.03756
0.952568
0.783685
0.07097
0.278276
0.672365
0.884684
0.618983
0.544294
0.971384
0.438094
0.795173
0.362016
0.923956
0.657634
0.040832
0.653256
0.062778
0.627809
0.437123
0.80455
0.648714
0.643845
0.310024
0.883941
0.697024
0.5869
0.801434
0.761985
0.000655
0.405786
0.380665
0.838021
0.202711
0.161981
0.194261
0.120606
0.975153
0.921988
0.405676
0.300589
0.443325
0.369056
0.102786
0.625793
0.271788
0.267199
0.346996
0.440101
0.527616
0.657051
0.566642
0.842016
0.169241
0.929533
0.517571
0.486388
0.226483
0.216297
0.747672
0.671028
0.286034
0.450922
0.521698
0.713795
0.330821
0.333336
0.905756
0.565507
0.545404
0.444922
0.698037
0.519431
0.059192
0.967707
0.845109
0.273255
0.646123
0.420628
0.761152
0.088201
0.411132
0.698587
0.657353
0.255816
0.134809
0.556111
0.615272
0.522865
0.218601
0.28642
0.443456
0.099223
0.55219
0.387633
0.92923
0.948593
0.257178
0.972868
0.823871
0.521505
0.903038
0.204981
0.959462
0.194001
0.861405
0.92281
0.879344
0.731019
0.430027
0.741333
0.235817
0.995879
0.709673
0.109576
0.954361
0.95767
0.221777
0.04042
0.730208
0.706144
0.638062
0.301362
0.49462
0.641972
0.931701
0.479826
0.927572
0.11067
0.21543
0.163315
0.962865
0.651603
0.710888
0.114517
0.870088
0.5608
0.237541
0.949831
0.31234
0.6573
0.654447
0.003298
0.393367
0.692065
0.511361
0.878721
0.849062
0.459733
0.145389
0.571103
0.852382
0.318962
0.258617
0.014484
0.164539
0.763876
0.446939
0.569813
0.274459
0.439521
0.432858
0.973117
0.06015
0.329499
0.471477
0.325694
0.67955
0.372224
0.349382
0.91083
0.783231
0.860098
0.683327
0.140199
0.583514
0.102073
0.864985
0.230121
0.483887
0.907252
0.407286
0.849132
0.183452
0.578656
0.166282
0.260697
0.3272
0.695134
0.693475
0.870935
0.075919
0.247405
0.854719
0.010176
0.616729
0.004841
0.087204
0.039268
0.530683
0.225072
0.221279
0.390745
0.534618
0.514596
0.863291
0.901034
0.01888
0.052962
0.731753
0.108845
0.358815
0.050952
0.820926
0.193936
0.839661
0.166537
0.863105
0.712086
0.155983
0.432252
0.00309
0.235445
0.21493
0.87465
0.700705
0.030221
0.118439
0.039734
0.523762
0.560334
0.025223
0.280594
0.830003
0.930955
0.325172
0.420724
0.667217
0.073297
0.564256
0.040521
0.70837
0.928885
0.884086
0.759653
0.607902
0.677337
0.548237
0.046818
0.714084
0.407472
0.515003
0.717158
0.755206
0.089151
0.516156
0.201001
0.503658
0.39816
0.294774
0.067052
0.372888
0.644685
0.319311
0.469304
0.342477
0.226348
0.275828
0.625418
0.189295
0.100554
0.101829
0.653622
0.535334
0.44192
0.04352
0.095098
0.274352
0.358653
0.474759
0.256245
0.42511
0.117479
0.603107
0.914824
0.282156
0.231214
0.157124
0.982541
0.370247
0.107666
0.861855
0.515343
0.185061
0.119883
0.939847
0.702489
0.620216
0.889451
0.734667
0.795837
0.591673
0.074296
0.656971
0.399927
0.833897
0.269627
0.884316
0.042342
0.749933
0.727915
0.276024
0.281993
0.391417
0.223711
0.596324
0.799651
0.218886
0.46416
0.136034
0.314425
0.321043
0.208079
0.986557
0.410313
0.474141
0.990463
0.037272
0.053546
0.575255
0.554479
0.288928
0.304277
0.676193
0.798163
0.418972
0.163482
0.140416
0.307617
0.434112
0.475778
0.735864
0.849971
0.441128
0.259806
0.53317
0.966329
0.369268
0.914273
0.489927
0.230633
0.422524
0.532358
0.975499
0.38999
0.692553
0.420206
0.03816
0.954661
0.288772
0.348733
0.187318
0.094466
0.845656
0.760571
0.865625
0.955998
0.487862
0.061844
0.937416
0.408206
0.078629
0.556907
0.221744
0.165905
0.532241
0.225057
0.210613
0.392342
0.322924
0.467734
0.406266
0.777612
0.51452
0.709255
0.471939
0.273207
0.35423
0.476068
0.170571
0.313419
0.367642
0.431749
0.554621
0.661902
0.168056
0.394485
0.88867
0.28731
0.301677
0.466156
0.40297
0.692873
0.197966
0.711061
0.369872
0.931635
0.177385
0.441355
0.838765
0.355226
0.543798
0.726012
0.472657
0.914162
0.174656
0.531652
0.39445
0.700744
0.950987
0.057793
0.234091
0.832333
0.908935
0.397313
0.914972
0.747433
0.479127
0.365257
0.354861
0.931725
0.074871
0.440773
0.695946
0.300243
0.169335
0.611606
0.217551
0.987585
0.899729
0.17247
0.416973
0.796563
0.624014
0.559532
0.879964
0.136467
0.116613
0.617105
0.413317
0.121104
0.514412
0.778766
0.084603
0.884028
0.369219
0.863357
0.646464
0.635587
0.010615
0.866105
0.497396
0.915666
0.253967
0.997726
0.762711
0.137641
0.196101
0.893992
0.521392
0.575028
0.843351
0.75162
0.636532
0.96586
0.653406
0.64959
0.41344
0.22948
0.553305
0.543511
0.164738
0.267168
0.346142
0.403839
0.277306
0.440337
0.019383
0.64106
0.93735
0.612931
0.349117
0.453454
0.731081
0.248396
0.495682
0.086416
0.454508
0.20724
0.835189
0.481641
0.853887
0.602234
0.582926
0.650054
0.883598
0.079357
0.775806
0.218401
0.519172
0.370468
0.060096
0.643482
0.660352
0.262561
0.794208
0.244625
0.493509
0.87205
0.835276
0.389151
0.534306
0.375004
0.942548
0.278814
0.031969
0.884841
0.721912
0.499059
0.481073
0.672746
0.008156
0.998005
0.731369
0.067394
0.807699
0.575536
0.528916
0.268894
0.136089
0.352996
0.440059
0.581731
0.514842
0.655877
0.785804
0.735808
0.013093
0.784167
0.219062
0.947857
0.941178
0.803586
0.571197
0.338354
0.234881
0.246936
0.682139
0.419997
0.408431
0.115557
0.021306
0.002813
0.787812
0.819217
0.530354
0.558922
0.164958
0.568349
0.694329
0.845119
0.296035
0.434609
0.333431
0.968081
0.636569
0.94049
0.689495
0.282394
0.574177
0.938832
0.006289
0.488825
0.646249
0.223225
0.159084
0.583133
0.617584
0.937349
0.239936
0.262494
0.990403
0.738048
0.42264
0.52525
0.453354
0.322424
0.021564
0.893176
0.990987
0.863332
0.388506
0.776752
0.393107
0.502801
0.667849
0.111507
0.417205
0.538945
0.392664
0.115725
0.850845
0.327549
0.526493
0.22892
0.24026
0.399138
0.066813
0.218699
0.920285
0.525362
0.876624
0.753108
0.512622
0.778985
0.929742
0.439465
0.233071
0.110092
0.613482
0.073933
0.126538
0.393693
0.001239
0.584871
0.368739
0.499438
0.164653
0.618091
0.427413
0.879851
0.64176
0.185229
0.807952
0.887922
0.718676
0.924458
0.712532
0.660564
0.673443
0.394518
0.264046
0.961485
0.912798
0.189461
0.465813
0.739951
0.661579
0.112362
0.234871
0.137067
0.882096
0.280557
0.516616
0.189522
0.275021
0.479225
0.591929
0.427166
0.613905
0.009323
0.924976
0.484292
0.335695
0.796694
0.008349
0.663557
0.017121
0.6617
0.242957
0.746621
0.934116
0.541815
0.375024
0.804261
0.566013
0.802956
0.929204
0.529348
0.526722
0.492311
0.949531
0.643772
0.752182
0.796706
0.092531
0.390904
0.636321
0.507433
0.001607
0.088021
0.995328
0.709107
0.628065
0.876815
0.182759
0.04322
0.110563
0.120862
0.431946
0.566123
0.723081
0.122983
0.284818
0.239647
0.691762
0.929064
0.426617
0.22953
0.968431
0.39876
0.833953
0.701631
0.931169
0.096581
0.586269
0.280194
0.44837
0.727894
0.879495
0.666343
0.202954
0.969993
0.444471
0.875558
0.485425
0.893471
0.853767
0.001526
0.721186
0.715512
0.656077
0.779167
0.611331
0.719763
0.971087
0.879122
0.719502
0.386849
0.575669
0.264641
0.094642
0.561373
0.931307
0.661527
0.534439
0.344093
0.635395
0.251293
0.188539
0.204924
0.675293
0.162332
0.894541
0.563369
0.194311
0.503989
0.685121
0.699896
0.329953
0.279026
0.662839
0.820933
0.296291
0.822236
0.140243
0.443524
0.549244
0.735768
0.653917
0.979799
0.617729
0.457887
0.85169
0.346617
0.90661
0.242189
0.622952
0.622892
0.554749
0.868018
0.628399
0.452391
0.929786
0.837034
0.928422
0.995364
0.982593
0.680699
0.582431
0.906973
0.163332
0.659926
0.533414
0.580952
0.398786
0.859749
0.496235
0.73868
0.064901
0.195681
0.053148
0.566298
0.093445
0.97392
0.959426
0.865269
0.000483
0.871246
0.900093
0.900896
0.322646
0.17037
0.082875
0.119752
0.13217
0.39119
0.922599
0.037327
0.667941
0.288418
0.928374
0.825019
0.142055
0.732965
0.63002
0.153034
0.143136
0.175263
0.841484
0.418286
0.004194
0.916867
0.026851
0.427478
0.306586
0.246614
0.789596
0.629859
0.899555
0.928713
0.7642
0.77095
0.113742
0.737536
0.709886
0.628772
0.328415
0.670821
0.882229
0.058461
0.573074
0.094737
0.997489
0.745516
0.081959
0.012767
0.510174
0.733244
0.003613
0.927662
0.6653
0.571506
0.3308
0.87045
0.214308
0.991936
0.490849
0.422049
0.622789
0.342205
0.460231
0.385224
0.529101
0.965988
0.837924
0.695184
0.497841
0.63322
0.687668
0.782219
0.869384
0.759097
0.10209
0.213559
0.927827
0.145754
0.198205
0.469373
0.993601
0.122626
0.250179
0.243309
0.617078
0.958893
0.129356
0.591436
0.633841
0.409886
0.863834
0.115746
0.52312
0.294898
0.874675
0.595439
0.032514
0.223068
0.025249
0.785416
0.447526
0.208061
0.524733
0.773597
0.105117
0.73428
0.454116
0.466191
0.892038
0.66235
0.626638
0.457844
0.580815
0.579595
0.1784
0.164576
0.658067
0.38893
0.718796
0.377045
0.419338
0.984845
0.641868
0.134425
0.044194
0.876008
0.030984
0.874566
0.174604
0.101011
0.10675
0.352201
0.520534
0.66702
0.388008
0.323419
0.192084
0.616832
0.989088
0.756005
0.732465
0.950073
0.764815
0.012839
0.130909
0.630746
0.235217
0.794126
0.275998
0.877804
0.591451
0.747294
0.853501
0.521298
0.779642
0.430268
0.127528
0.729284
0.412944
0.351173
0.177803
0.603076
0.639034
0.746991
0.333204
0.617854
0.901216
0.827375
0.308206
0.281453
0.83449
0.315839
0.865357
0.856432
0.487992
0.678411
0.385873
0.893789
0.307323
0.166241
0.934706
0.592769
0.201386
0.147987
0.957793
0.322573
0.424741
0.950748
0.698059
0.193596
0.323554
0.07644
0.343588
0.562022
0.147446
0.755946
0.704399
0.059692
0.632701
0.060959
0.16951
0.739224
0.424634
0.68515
0.481152
0.928562
0.692536
0.684048
0.203644
0.307898
0.715313
0.018684
0.789923
0.224621
0.645225
0.543501
0.910873
0.209987
0.353895
0.848659
0.898706
0.163693
0.334852
0.338988
0.091567
0.148658
0.809682
0.136058
0.552931
0.286935
0.254717
0.66642
0.131647
0.833965
0.179877
0.642522
0.809393
0.68232
0.348099
0.831265
0.0519
0.646654
0.122473
0.854984
0.651662
0.255817
0.110663
0.546209
0.731372
0.762757
0.729709
0.129719
0.25776
0.196541
0.876425
0.169666
0.471223
0.180589
0.931634
0.56551
0.324601
0.720771
0.82618
0.527247
0.516918
0.67522
0.32938
0.891505
0.84686
0.569148
0.19258
0.020382
0.861524
0.945772
0.508337
0.560675
0.120429
0.804276
0.700131
0.373707
0.935743
0.805331
0.966745
0.365854
0.555312
0.374403
0.434234
0.870628
0.089532
0.034382
0.81035
0.820179
0.756647
0.730075
0.154559
0.910603
0.468349
0.560166
0.996321
0.083076
0.797011
0.882847
0.516939
0.575137
0.292262
0.068699
0.069802
0.689614
0.44058
0.001887
0.465098
0.35155
0.926091
0.367676
0.612295
0.003019
0.38688
0.932614
0.276666
0.910926
0.304775
0.7101
0.628788
0.121379
0.700026
0.88118
0.304413
0.719151
0.772596
0.470284
0.30881
0.239124
0.428901
0.91027
0.048184
0.837798
0.435325
0.417697
0.578378
0.998216
0.943952
0.079073
0.96509
0.236001
0.406148
0.830609
0.237141
0.908939
0.92647
0.192856
0.803263
0.089375
0.267593
0.442825
0.248433
0.692856
0.615518
0.658497
0.721277
0.743819
0.594498
0.283156
0.714715
0.339276
0.636657
0.599489
0.494068
0.008204
0.058714
0.830603
0.183441
0.681757
0.139449
0.083767
0.516474
0.996362
0.025114
0.644717
0.465077
0.376728
0.049684
0.428639
0.764642
0.697915
0.365864
0.705789
0.540436
0.774955
0.423761
0.005031
0.580758
0.616122
0.425603
0.241175
0.619388
0.725035
0.060016
0.719936
0.140041
0.29973
0.587582
0.709826
0.499487
0.278703
0.307499
0.803606
0.992832
0.942537
0.158279
0.91902
0.182926
0.789406
0.837286
0.221206
0.162103
0.266003
0.389363
0.20637
0.074303
0.002617
0.244895
0.114802
0.290205
0.440953
0.865325
0.065514
0.842898
0.560295
0.403416
0.215743
0.232795
0.154968
0.732344
0.584542
0.290778
0.991391
0.01604
0.950937
0.947435
0.561324
0.038937
0.830427
0.360883
0.503011
0.472889
0.765448
0.761344
0.512612
0.742585
0.181634
0.18222
0.496491
0.281271
0.231222
0.117153
0.78685
0.285191
0.028369
0.43724
0.135271
0.176048
0.156698
0.615469
0.818129
0.188051
0.875903
0.94456
0.500318
0.226636
0.497972
0.741992
0.124706
0.694488
0.663456
0.327653
0.721424
0.887995
0.722347
0.082774
0.604557
0.222504
0.330458
0.699919
0.20752
0.041525
0.568738
0.821928
0.674767
0.04551
0.373484
0.967759
0.062352
0.127111
0.267053
0.767238
0.527085
0.878516
0.012354
0.152176
0.569273
0.287497
0.69369
0.791519
0.286606
0.714721
0.545265
0.804489
0.853927
0.409556
0.270705
0.957324
0.207945
0.840062
0.996502
0.526644
0.220442
0.927255
0.497354
0.710488
0.439104
0.278065
0.461175
0.064292
0.094382
0.476477
0.759705
0.816739
0.136322
0.334576
0.89392
0.34434
0.361072
0.98386
0.47119
0.122237
0.296999
0.963388
0.195348
0.70291
0.416506
0.394684
0.854783
0.61164
0.351283
0.839202
0.251529
0.411048
0.958438
0.634705
0.790906
0.135149
0.243475
0.681471
0.210251
0.682866
0.172656
0.661334
0.74833
0.389576
0.44626
0.044144
0.788664
0.711194
0.257242
0.794338
0.593266
0.075357
0.113018
0.692285
0.809039
0.505191
0.820994
0.470382
0.081744
0.118584
0.007873
0.716198
0.361945
0.986751
0.603588
0.055916
0.236303
0.595184
0.493887
0.397389
0.416105
0.74169
0.156657
0.710673
0.936934
0.32572
0.6961
0.056495
0.576208
0.614002
0.222617
0.001437
0.859941
0.567323
0.537949
0.650934
0.503116
0.005638
0.181562
0.098667
0.566389
0.173162
0.772165
0.969234
0.665293
0.405998
0.000491
0.745178
0.549152
0.711905
0.008489
0.532027
0.759387
0.1464
0.825017
0.846535
0.554166
0.817567
0.129265
0.986324
0.997703
0.078046
0.728949
0.087217
0.38952
0.578742
0.424428
0.655011
0.158471
0.524967
0.37507
0.905033
0.862977
0.955919
0.848413
0.571321
0.32275
0.873876
0.408111
0.385289
0.685505
0.372682
0.122349
0.693894
0.592118
0.068749
0.494796
0.112497
0.346754
0.55361
0.766755
0.514986
0.527402
0.093689
0.666705
0.444327
0.174621
0.317999
0.11025
0.023349
0.127579
0.355735
0.314919
0.362705
0.961203
0.335035
0.110842
0.066017
0.29294
0.912529
0.616429
0.53646
0.743271
0.093409
0.598504
0.398257
0.18714
0.211119
0.818173
0.998004
0.592894
0.108103
0.321842
0.27481
0.551813
0.270686
0.490904
0.63984
0.336343
0.412671
0.596822
0.159471
0.291942
0.109172
0.833861
0.077058
0.090598
0.445487
0.757939
0.286313
0.984069
0.898607
0.712589
0.355903
0.584292
0.749343
0.175071
0.397021
0.539799
0.16929
0.229627
0.54181
0.233034
0.391608
0.459053
0.285623
0.404467
0.133537
0.403596
0.980703
0.865263
0.16284
0.671641
0.525555
0.806626
0.728559
0.91091
0.158396
0.286844
0.789088
0.443088
0.798104
0.716927
0.479455
0.451434
0.963786
0.012934
0.734712
0.370893
0.389621
0.384186
0.769336
0.2347
0.121164
0.241789
0.123773
0.478234
0.369755
0.280103
0.42184
0.783615
0.48472
0.384397
0.952468
0.142921
0.87707
0.738123
0.909324
0.268884
0.566704
0.858507
0.301907
0.878806
0.407758
0.3797
0.334305
0.268863
0.621764
0.845053
0.962446
0.416087
0.675162
0.749617
0.92103
0.126761
0.873315
0.27192
0.183566
0.088581
0.655941
0.493045
0.862096
0.644876
0.068243
0.624983
0.534824
0.168838
0.746087
0.468279
0.06432
0.772832
0.031664
0.596071
0.732043
0.455174
0.942628
0.737218
0.338246
0.25794
0.004795
0.294469
0.390165
0.059759
0.347088
0.781036
0.637738
0.433085
0.314968
0.786605
0.441122
0.459097
0.383804
0.928782
0.544475
0.648261
0.785993
0.411496
0.589885
0.777578
0.728466
0.679153
0.740379
0.781453
0.166745
0.305023
0.939313
0.517321
0.111031
0.935148
0.784161
0.662548
0.914155
0.131693
0.578845
0.974875
0.218745
0.243774
0.448436
0.810693
0.611912
0.81385
0.933314
0.984312
0.702443
0.179481
0.509445
0.818078
0.755204
0.855568
0.888106
0.908548
0.593632
0.755633
0.558932
0.366149
0.980524
0.390664
0.109786
0.193254
0.117609
0.937987
0.052104
0.994832
0.040107
0.893213
0.46152
0.400319
0.421337
0.683562
0.815901
0.746943
0.954217
0.01613
0.34698
0.37521
0.914046
0.479727
0.405776
0.79545
0.42155
0.060739
0.050425
0.348173
0.37736
0.352338
0.205962
0.371224
0.902936
0.633098
0.171611
0.850501
0.153493
0.12763
0.971203
0.384895
0.790882
0.30539
0.089747
0.989487
0.294185
0.034826
0.718413
0.364373
0.587184
0.523753
0.37733
0.353305
0.89464
0.58767
0.557877
0.406748
0.945517
0.153088
0.225059
0.572627
0.01405
0.604947
0.697537
0.40673
0.441359
0.130988
0.332028
0.310225
0.379755
0.252011
0.489915
0.098983
0.315356
0.674071
0.135966
0.289623
0.411195
0.902483
0.884306
0.995844
0.240736
0.318468
0.790301
0.711998
0.884964
0.565282
0.772525
0.702615
0.701493
0.3863
0.650966
0.450037
0.304681
0.522798
0.484029
0.427302
0.712694
0.098329
0.00457
0.294196
0.736812
0.609582
0.875832
0.563349
0.704335
0.69462
0.251004
0.095117
0.014738
0.296455
0.445558
0.137351
0.581208
0.021353
0.809035
0.276256
0.08756
0.389348
0.728897
0.451965
0.153427
0.626415
0.12454
0.158539
0.918781
0.486641
0.597794
0.311591
0.125195
0.994387
0.8545
0.919944
0.811757
0.635465
0.911919
0.170666
0.063917
0.164604
0.961088
0.313255
0.669648
0.293071
0.810886
0.444856
0.748534
0.638963
0.154514
0.200915
0.231235
0.09807
0.734314
0.01894
0.337948
0.827338
0.351574
0.172255
0.776709
0.192196
0.30921
0.106334
0.689817
0.006872
0.874693
0.298121
0.565207
0.467454
0.525492
0.305366
0.075912
0.335
0.531115
0.651036
0.011356
0.832885
0.191222
0.513876
0.844054
0.461744
0.457551
0.716692
0.983639
0.890366
0.945918
0.164767
0.786343
0.079864
0.047661
0.429677
0.142643
0.063694
0.379105
0.053846
0.050926
0.628979
0.899611
0.383972
0.003149
0.044182
0.200973
0.331914
0.395231
0.5663
0.713434
0.221304
0.848811
0.241995
0.765154
0.228763
0.405528
0.85528
0.048048
0.754048
0.043434
0.159034
0.120321
0.505143
0.440851
0.083555
0.043425
0.850663
0.814806
0.909657
0.533704
0.807465
0.607203
0.739161
0.645591
0.603772
0.459229
0.485928
0.699976
0.483484
0.646976
0.807298
0.847247
0.789965
0.046131
0.913842
0.166875
0.981025
0.678457
0.874151
0.600432
0.523217
0.318908
0.945563
0.906408
0.5773
0.879291
0.711567
0.342507
0.244187
0.478113
0.084614
0.280237
0.138199
0.569936
0.557254
0.472875
0.083262
0.967713
0.388865
0.616544
0.411942
0.633645
0.333982
0.311955
0.73849
0.697029
0.351743
0.845385
0.298692
0.737051
0.220835
0.755047
0.017975
0.568936
0.642991
0.280243
0.933697
0.050121
0.799899
0.777019
0.847564
0.262711
0.656658
0.730552
0.923666
0.478386
0.57418
0.221771
0.386502
0.688274
0.891999
0.776799
0.820824
0.454989
0.204364
0.081198
0.857894
0.066582
0.030171
0.24657
0.549293
0.244058
0.95188
0.384151
0.527287
0.518705
0.603569
0.05626
0.63182
0.476785
0.558295
0.21255
0.59405
0.665769
0.816356
0.779919
0.087343
0.909092
0.38694
0.286872
0.001368
0.872696
0.782341
0.076256
0.740186
0.953953
0.38894
0.394346
0.634745
0.158795
0.080614
0.004631
0.982919
0.690267
0.435595
0.44533
0.468225
0.237379
0.017951
0.326435
0.971485
0.765105
0.435026
0.164035
0.947749
0.883
0.655479
0.475324
0.860884
0.350244
0.710759
0.80022
0.820883
0.767269
0.651265
0.324449
0.351233
0.034026
0.415007
0.017111
0.748346
0.218227
0.624305
0.291851
0.304381
0.922023
0.815751
0.284527
0.901177
0.693602
0.677848
0.953797
0.56519
0.480317
0.891391
0.280172
0.917786
0.821307
0.986306
0.149917
0.956338
0.44284
0.601267
0.882181
0.850386
0.772708
0.678417
0.971688
0.536134
0.015391
0.834206
0.190081
0.240877
0.505349
0.735869
0.405724
0.110487
0.677348
0.786564
0.507074
0.547821
0.358501
0.559363
0.146577
0.661096
0.797086
0.361326
0.402766
0.036919
0.449629
0.73414
0.53428
0.61109
0.842462
0.258979
0.225793
0.74862
0.581662
0.257467
0.125781
0.940798
0.026463
0.442282
0.022863
0.668323
0.073374
0.563
0.615414
0.030721
0.734926
0.480448
0.089088
0.520353
0.559483
0.54332
0.893266
0.999818
0.010547
0.647351
0.101648
0.39081
0.525147
0.660681
0.149205
0.493492
0.996363
0.586718
0.124507
0.017146
0.708546
0.071024
0.894375
0.804932
0.148261
0.722102
0.970316
0.789673
0.009622
0.918547
0.216922
0.929304
0.534528
0.571205
0.652205
0.310694
0.7173
0.252374
0.473968
0.721467
0.39185
0.412383
0.915553
0.804491
0.714077
0.854039
0.275432
0.768834
0.733888
0.429609
0.34495
0.559894
0.560882
0.603804
0.377447
0.468337
0.230721
0.178887
0.549321
0.418587
0.409223
0.642988
0.804671
0.305149
0.510171
0.421054
0.840682
0.310677
0.737123
0.679927
0.209985
0.613879
0.717704
0.241506
0.29168
0.303407
0.173141
0.497529
0.005704
0.627121
0.292676
0.525217
0.175516
0.289462
0.801469
0.087926
0.651233
0.996343
0.437497
0.586134
0.67396
0.648516
0.243058
0.652273
0.61765
0.285961
0.235979
0.031522
0.579035
0.967217
0.982082
0.953468
0.099265
0.37661
0.53387
0.594198
0.988142
0.147188
0.631394
0.462244
0.398252
0.022856
0.426986
0.738853
0.725738
0.315414
0.357969
0.485152
0.978866
0.367431
0.938395
0.166767
0.739474
0.087449
0.302602
0.532871
0.370633
0.382645
0.133039
0.89011
0.565053
0.130096
0.070914
0.305112
0.003815
0.47908
0.959917
0.605894
0.345182
0.780724
0.348431
0.781837
0.634881
0.866488
0.877622
0.014206
0.480885
0.400484
0.590336
0.524956
0.459317
0.634454
0.371487
0.009375
0.832432
0.522349
0.459424
0.729009
0.182961
0.993071
0.38676
0.937254
0.774861
0.681786
0.404969
0.486245
0.316492
0.792998
0.37894
0.438007
0.565091
0.665528
0.310993
0.900533
0.566641
0.492661
0.199938
0.091145
0.165399
0.454326
0.566139
0.996306
0.990494
0.703441
0.326588
0.66159
0.647529
0.915083
0.358303
0.362555
0.191858
0.404859
0.967039
0.956883
0.15671
0.112349
0.549338
0.557376
0.326657
0.009543
0.422027
0.066251
0.294452
0.972147
0.995317
0.821083
0.567657
0.205293
0.414478
0.725612
0.13703
0.381665
0.386061
0.837075
0.182339
0.666224
0.776453
0.347836
0.35522
0.705944
0.189867
0.210158
0.459498
0.647453
0.110409
0.910625
0.782355
0.569086
0.110857
0.058251
0.052206
0.440604
0.944544
0.498403
0.720891
0.648242
0.36444
0.530892
0.921287
0.157796
0.814424
0.861727
0.27459
0.416139
0.578572
0.49786
0.672904
0.594731
0.601588
0.327725
0.189008
0.478704
0.259825
0.461601
0.687259
0.011294
0.438033
0.602035
0.688843
0.839298
0.865442
0.487088
0.719956
0.368985
0.368949
0.392387
0.923132
0.360315
0.622621
0.224956
0.519509
0.794107
0.443252
0.05078
0.938554
0.705573
0.956764
0.2219
0.217753
0.790576
0.961267
0.703448
0.262529
0.935387
0.441252
0.689064
0.549119
0.953353
0.268802
0.094146
0.721547
0.816562
0.327511
0.131977
0.33538
0.678284
0.24647
0.185432
0.73309
0.567312
0.296384
0.241685
0.484326
0.07426
0.780799
0.706956
0.964432
0.975124
0.346653
0.035907
0.156274
0.729916
0.974808
0.267338
0.020322
0.145375
0.132246
0.998705
0.134489
0.602564
0.740681
0.407095
0.576935
0.658809
0.018553
0.521718
0.183484
0.930341
0.774918
0.011918
0.041307
0.211957
0.210472
0.741097
0.260163
0.936175
0.014855
0.30507
0.943587
0.103869
0.619677
0.540373
0.455017
0.508711
0.857365
0.329243
0.897643
0.582431
0.613011
0.209955
0.198348
0.443671
0.576429
0.104206
0.470928
0.227871
0.911931
0.792365
0.911439
0.558943
0.480373
0.116811
0.532105
0.248591
0.352879
0.60408
0.446644
0.506524
0.863625
0.286791
0.807304
0.676948
0.547897
0.903097
0.918072
0.935392
0.201882
0.587248
0.810742
0.049027
0.708185
0.490552
0.658902
0.21273
0.465946
0.37305
0.818605
0.194529
0.54258
0.827643
0.838716
0.040748
0.216909
0.054908
0.779346
0.671847
0.07984
0.875017
0.975545
0.800903
0.605934
0.572877
0.27989
0.548169
0.374284
0.085504
0.285937
0.843037
0.327028
0.657069
0.342531
0.367734
0.083383
0.159968
0.279235
0.844525
0.93674
0.791359
0.679135
0.218661
0.821933
0.406132
0.1475
0.647678
0.662478
0.319768
0.544668
0.394973
0.836973
0.717867
0.612498
0.441958
0.419122
0.968077
0.266722
0.882502
0.160959
0.112742
0.298381
0.640298
0.174837
0.806359
0.674316
0.617703
0.639064
0.455037
0.047822
0.509257
0.565015
0.028698
0.871301
0.497437
0.42012
0.468742
0.524228
0.617965
0.674928
0.344042
0.047932
0.831945
0.949396
0.398349
0.718628
0.935407
0.588759
0.45314
0.435293
0.432652
0.674513
0.155423
0.90144
0.684188
0.705659
0.642518
0.779639
0.968748
0.246635
0.705508
0.343454
0.900178
0.73531
0.957772
0.582286
0.531425
0.283261
0.081974
0.185667
0.994439
0.896949
0.34326
0.370535
0.766638
0.677291
0.880336
0.349384
0.587936
0.231196
0.001482
0.236349
0.049016
0.212909
0.985342
0.218193
0.519483
0.62129
0.036893
0.258193
0.588523
0.152141
0.904644
0.697934
0.362077
0.801417
0.527958
0.897656
0.569238
0.257912
0.708103
0.187773
0.970699
0.70888
0.641662
0.657645
0.526354
0.240481
0.083469
0.897964
0.417607
0.085851
0.995845
0.393361
0.81492
0.870698
0.126557
0.845034
0.145718
0.78712
0.646221
0.481617
0.419909
0.998925
0.25395
0.836294
0.146868
0.615505
0.549315
0.400836
0.846592
0.919032
0.635217
0.203991
0.849231
0.334371
0.764178
0.568903
0.547877
0.823264
0.677159
0.653513
0.952634
0.460509
0.996812
0.556944
0.420039
0.54948
0.050932
0.02304
0.645698
0.991774
0.349135
0.137855
0.555143
0.119783
0.598191
0.707058
0.693045
0.021784
0.689409
0.866386
0.230136
0.703292
0.103414
0.652519
0.138779
0.497025
0.803338
0.74074
0.79486
0.553685
0.692653
0.115293
0.529672
0.7661
0.363965
0.002038
0.607344
0.995179
0.333566
0.684834
0.175903
0.032308
0.224541
0.840887
0.516468
0.40009
0.291581
0.214222
0.93112
0.60496
0.886336
0.414954
0.241138
0.304775
0.591469
0.932267
0.67199
0.304253
0.360465
0.959714
0.140853
0.908718
0.885362
0.467035
0.057986
0.182371
0.551565
0.147926
0.78305
0.97974
0.532257
0.785748
0.857264
0.642023
0.502548
0.612663
0.365344
0.182134
0.452836
0.146564
0.871572
0.188136
0.939341
0.990661
0.306932
0.916488
0.2414
0.406013
0.666086
0.360328
0.375362
0.911909
0.543325
0.417953
0.625513
0.765181
0.197759
0.356253
0.273506
0.99105
0.570524
0.619304
0.469866
0.965143
0.620349
0.725291
0.682498
0.832078
0.462518
0.005781
0.600018
0.867711
0.731844
0.065096
0.885331
0.45601
0.134004
0.448155
0.33163
0.282734
0.003636
0.749316
0.664063
0.805215
0.467435
0.334363
0.552923
0.147816
0.14615
0.362677
0.484461
0.706611
0.905338
0.50822
0.694355
0.082357
0.507065
0.023359
0.386957
0.737437
0.422533
0.446372
0.702619
0.685333
0.866378
0.71021
0.380153
0.560227
0.14014
0.075668
0.017643
0.685962
0.279524
0.323032
0.918234
0.674951
0.870852
0.419376
0.046637
0.941622
0.776484
0.844953
0.115481
0.012035
0.411572
0.515919
0.017424
0.618142
0.118009
0.393267
0.953738
0.233734
0.954103
0.95947
0.585631
0.199358
0.819903
0.320006
0.768038
0.815586
0.302811
0.525641
0.614315
0.654166
0.707021
0.154062
0.093307
0.471151
0.203404
0.80836
0.138911
0.576235
0.951915
0.223475
0.491651
0.548599
0.72288
0.277267
0.947128
0.846561
0.133052
0.52313
0.215472
0.889774
0.379233
0.882392
0.997987
0.845159
0.402238
0.924595
0.421679
0.611203
0.954692
0.117144
0.074238
0.589757
0.751748
0.690789
0.873278
0.046569
0.675179
0.756275
0.376227
0.060969
0.751802
0.393368
0.444034
0.250581
0.010242
0.363133
0.734252
0.479616
0.94728
0.184011
0.215825
0.549338
0.39841
0.916852
0.67605
0.447192
0.062608
0.247154
0.50906
0.466686
0.432255
0.182013
0.765841
0.786913
0.443373
0.253775
0.255825
0.099365
0.020579
0.221415
0.697961
0.647264
0.568724
0.709163
0.62704
0.269426
0.37313
0.245251
0.231391
0.091021
0.735815
0.022635
0.013697
0.885951
0.75606
0.018712
0.443363
0.670408
0.794101
0.300052
0.134915
0.016864
0.691701
0.321791
0.594736
0.10458
0.766074
0.389737
0.32749
0.714981
0.258892
0.59804
0.80183
0.527123
0.778103
0.508662
0.711974
0.149007
0.097341
0.04234
0.811243
0.206434
0.989748
0.010781
0.123484
0.0607
0.512958
0.980393
0.722351
0.743649
0.935112
0.506415
0.117578
0.482135
0.773995
0.67666
0.239327
0.411538
0.150005
0.070796
0.845534
0.680121
0.639655
0.07576
0.215289
0.717409
0.765502
0.51477
0.086864
0.829678
0.967399
0.798042
0.296598
0.357846
0.600599
0.426516
0.608363
0.521791
0.222401
0.305399
0.798769
0.96446
0.214036
0.269059
0.606419
0.894901
0.819216
0.207965
0.290034
0.923744
0.873033
0.552282
0.444136
0.405673
0.009609
0.277374
0.946149
0.534269
0.663604
0.752307
0.319891
0.594638
0.772682
0.050277
0.927649
0.433308
0.331225
0.904083
0.794679
0.911546
0.155097
0.092763
0.130931
0.082515
0.12598
0.392303
0.943677
0.001159
0.014137
0.878708
0.625091
0.50534
0.299083
0.576866
0.849553
0.487837
0.214368
0.999069
0.514248
0.392204
0.28323
0.345816
0.390205
0.446212
0.185597
0.375534
0.934417
0.679798
0.415123
0.736356
0.176608
0.708265
0.878208
0.084819
0.423809
0.950936
0.489496
0.840423
0.893363
0.799723
0.39944
0.298445
0.882734
0.655044
0.732543
0.24965
0.63986
0.704518
0.200098
0.23053
0.835701
0.71442
0.913515
0.666936
0.059635
0.717855
0.926472
0.252018
0.562776
0.584233
0.544356
0.613028
0.050167
0.700675
0.619607
0.696401
0.172962
0.204038
0.405795
0.804132
0.305613
0.297322
0.3089
0.230662
0.267838
0.315414
0.631153
0.476436
0.110898
0.572561
0.530867
0.467405
0.113091
0.776825
0.964386
0.454841
0.225455
0.663416
0.385233
0.028052
0.63597
0.970886
0.248105
0.259374
0.072218
0.307222
0.139683
0.108934
0.339955
0.12422
0.916979
0.582192
0.62638
0.526117
0.664659
0.98245
0.941792
0.4914
0.04859
0.741234
0.089517
0.913999
0.899268
0.841497
0.823161
0.803595
0.258426
0.229845
0.589892
0.698959
0.003919
0.140072
0.279876
0.205786
0.731741
0.050269
0.921786
0.644475
0.688029
0.319274
0.367107
0.284699
0.780724
0.952412
0.032663
0.471603
0.355107
0.086936
0.495167
0.926158
0.964265
0.417079
0.844124
0.568616
0.981161
0.556998
0.071458
0.811398
0.530797
0.007229
0.971325
0.036131
0.847118
0.843855
0.552118
0.798932
0.514495
0.376846
0.065392
0.132257
0.263003
0.090586
0.015865
0.355826
0.783595
0.831077
0.019892
0.968459
0.174403
0.821603
0.715496
0.754188
0.200561
0.133924
0.456735
0.957392
0.14469
0.267564
0.855813
0.043093
0.590092
0.275609
0.747012
0.083981
0.056914
0.035736
0.503324
0.947228
0.494614
0.051372
0.635928
0.372117
0.383173
0.729603
0.520379
0.690304
0.482735
0.870559
0.027754
0.206682
0.678278
0.917493
0.220181
0.180687
0.943263
0.862074
0.622422
0.452644
0.626536
0.482899
0.954782
0.058349
0.756462
0.339735
0.469724
0.297565
0.121687
0.965234
0.021427
0.09817
0.679212
0.74043
0.109701
0.923241
0.752931
0.746911
0.709846
0.416926
0.055192
0.181806
0.956216
0.776587
0.230468
0.739038
0.617108
0.66389
0.485367
0.090221
0.547172
0.698026
0.366255
0.625037
0.095309
0.13762
0.637945
0.476546
0.940805
0.482111
0.67509
0.815379
0.366067
0.468682
0.163886
0.231758
0.750812
0.388135
0.49095
0.057151
0.909502
0.236694
0.970474
0.563264
0.645457
0.405292
0.189555
0.571675
0.261375
0.901178
0.887717
0.641357
0.716971
0.289699
0.993281
0.477992
0.661876
0.792968
0.815908
0.111254
0.428654
0.519407
0.038742
0.756658
0.366859
0.345989
0.175932
0.313852
0.128536
0.039886
0.125737
0.749726
0.136203
0.40006
0.426604
0.777606
0.339675
0.02739
0.33573
0.792845
0.282445
0.933705
0.629784
0.334029
0.743292
0.042001
0.186713
0.813896
0.535135
0.9617
0.674093
0.92444
0.378149
0.228573
0.882212
0.613601
0.98883
0.097924
0.955596
0.490094
0.797805
0.193533
0.197559
0.633471
0.982198
0.243425
0.613581
0.735744
0.561934
0.178586
0.25468
0.578552
0.183847
0.526817
0.289053
0.997077
0.349667
0.109295
0.37807
0.351296
0.070697
0.783256
0.14003
0.201174
0.008059
0.852479
0.881734
0.466627
0.760597
0.811226
0.841751
0.115475
0.442242
0.365147
0.669124
0.352199
0.515494
0.420044
0.35958
0.996545
0.743934
0.395788
0.422871
0.986933
0.01542
0.088232
0.67337
0.592478
0.571433
0.210518
0.012116
0.706587
0.187092
0.709507
0.496
0.635192
0.071559
0.978257
0.607793
0.485526
0.088496
0.337993
0.614052
0.242315
0.349721
0.116508
0.873699
0.521292
0.021515
0.565935
0.811601
0.59024
0.55581
0.350736
0.192992
0.664318
0.36865
0.800504
0.569704
0.442801
0.462894
0.844163
0.044121
0.948594
0.94196
0.770685
0.385828
0.530207
0.19948
0.982816
0.32688
0.996013
0.748828
0.45853
0.403117
0.58304
0.858333
0.355715
0.478968
0.63394
0.726936
0.202445
0.077554
0.73301
0.280126
0.170459
0.53406
0.863525
0.487075
0.714273
0.642649
0.251355
0.696522
0.465463
0.982622
0.384439
0.970895
0.739212
0.919708
0.105328
0.683256
0.646667
0.323151
0.577233
0.702366
0.080698
0.929457
0.07599
0.471664
0.471613
0.252847
0.772921
0.193073
0.523303
0.199957
0.15766
0.884431
0.260425
0.38262
0.821605
0.681033
0.44859
0.097577
0.726213
0.843149
0.293718
0.59802
0.938816
0.320278
0.669763
0.235051
0.114229
0.13552
0.127595
0.055044
0.604192
0.131137
0.157977
0.235309
0.221601
0.353656
0.616263
0.639334
0.727485
0.349319
0.767403
0.851973
0.200536
0.754453
0.133966
0.754731
0.31182
0.629696
0.657921
0.245895
0.871782
0.680783
0.873592
0.164319
0.578496
0.963938
0.826029
0.781473
0.555119
0.676464
0.202826
0.331348
0.779413
0.217547
0.209643
0.243362
0.723185
0.054078
0.645265
0.514166
0.5908
0.776181
0.597719
0.478483
0.049729
0.27456
0.903847
0.899952
0.725556
0.997931
0.193432
0.911879
0.125816
0.585132
0.931367
0.019122
0.574453
0.391815
0.042639
0.831928
0.433305
0.590147
0.706462
0.595859
0.447794
0.406169
0.80342
0.051875
0.99868
0.77969
0.985208
0.080804
0.752602
0.565543
0.660277
0.788448
0.74269
0.062154
0.14421
0.419898
0.469977
0.272239
0.538945
0.49907
0.349399
0.172093
0.522167
0.420271
0.137849
0.676464
0.323035
0.301916
0.466699
0.030308
0.196253
0.363348
0.315573
0.127306
0.465005
0.441775
0.286806
0.762726
0.241524
0.859392
0.332594
0.625937
0.873646
0.164677
0.573545
0.419094
0.181438
0.808839
0.529797
0.742779
0.466243
0.401116
0.017876
0.331914
0.79145
0.583729
0.447869
0.447191
0.626197
0.064946
0.683794
0.645917
0.627604
0.885008
0.483975
0.558
0.651059
0.951417
0.6687
0.737954
0.775915
0.880761
0.947969
0.88478
0.358256
0.82851
0.115205
0.691969
0.361968
0.348673
0.29336
0.655989
0.886961
0.504704
0.310459
0.789797
0.81642
0.827618
0.79444
0.268239
0.714062
0.77851
0.187928
0.316055
0.096081
0.917403
0.76571
0.259384
0.885783
0.37766
0.596133
0.509573
0.636389
0.786838
0.761304
0.42198
0.187619
0.551094
0.53052
0.224595
0.116959
0.224573
0.287558
0.319068
0.524341
0.828221
0.834768
0.285485
0.01366
0.141425
0.856616
0.572041
0.306028
0.64819
0.331557
0.810468
0.482633
0.482333
0.826236
0.353266
0.60139
0.479193
0.509582
0.575974
0.337653
0.322365
0.345693
0.942812
0.012913
0.190048
0.371058
0.211663
0.639362
0.491977
0.944996
0.145617
0.02242
0.626827
0.882516
0.539389
0.205111
0.793764
0.214559
0.867735
0.403152
0.474345
0.141378
0.674097
0.589721
0.510021
0.065268
0.455684
0.946592
0.137772
0.406232
0.962118
0.638751
0.968843
0.668139
0.797074
0.40211
0.603664
0.104889
0.229268
0.068676
0.275281
0.317147
0.337815
0.26875
0.757897
0.914133
0.846396
0.879719
0.050494
0.214348
0.642514
0.601221
0.994159
0.244761
0.038276
0.859819
0.442738
0.531003
0.099765
0.741791
0.307745
0.360074
0.628286
0.066577
0.929209
0.966542
0.155577
0.570024
0.303116
0.561764
0.044327
0.780305
0.056307
0.684456
0.642881
0.634607
0.465935
0.249615
0.383666
0.141056
0.731651
0.971639
0.436752
0.970191
0.190829
0.013352
0.45126
0.191809
0.353636
0.068858
0.401957
0.891308
0.26594
0.651279
0.518319
0.386778
0.257695
0.022438
0.858649
0.597472
0.264207
0.486929
0.188239
0.0631
0.45306
0.243697
0.414536
0.702839
0.487805
0.24038
0.061562
0.233521
0.293412
0.282848
0.362244
0.389278
0.382058
0.333483
0.137787
0.572812
0.230151
0.539769
0.408375
0.099425
0.288291
0.740601
0.081874
0.200928
0.257304
0.466439
0.103501
0.945779
0.490582
0.362129
0.959254
0.901788
0.691245
0.87731
0.428377
0.281413
0.436983
0.960152
0.914648
0.496584
0.80071
0.023867
0.732061
0.551817
0.8573
0.294087
0.301308
0.028163
0.494427
0.542774
0.721223
0.534906
0.785821
0.167357
0.599618
0.60345
0.805121
0.075338
0.850544
0.30687
0.384911
0.204371
0.465399
0.448195
0.89829
0.738119
0.667724
0.585524
0.413236
0.767326
0.629337
0.872777
0.270414
0.312037
0.847275
0.670651
0.48672
0.755213
0.426038
0.819108
0.511412
0.56354
0.322703
0.928843
0.088425
0.153935
0.680847
0.227016
0.241727
0.032886
0.810574
0.004055
0.138631
0.210585
0.762167
0.385569
0.944257
0.995549
0.897394
0.906977
0.694679
0.730295
0.400902
0.180356
0.408249
0.684192
0.146688
0.624392
0.327584
0.664336
0.729495
0.998581
0.938001
0.404913
0.305624
0.609552
0.089647
0.072306
0.938603
0.950396
0.482731
0.245446
0.777239
0.232405
0.562586
0.826413
0.15155
0.401896
0.587986
0.545271
0.052218
0.324166
0.257901
0.841277
0.072646
0.436775
0.966237
0.980983
0.429366
0.345876
0.089871
0.84725
0.937112
0.848378
0.042135
0.882958
0.978495
0.252974
0.995616
0.077068
0.323716
0.281206
0.757762
0.787093
0.701446
0.575425
0.152585
0.741635
0.552704
0.547658
0.24897
0.319678
0.810696
0.012301
0.166004
0.926934
0.139547
0.323127
0.095559
0.985245
0.32328
0.640049
0.609305
0.833472
0.490676
0.112845
0.513161
0.216462
0.22119
0.23346
0.388061
0.396734
0.875812
0.327319
0.974259
0.91804
0.404299
0.884498
0.733002
0.632623
0.73477
0.026829
0.430532
0.98627
0.879047
0.741831
0.01621
0.316922
0.435187
0.006806
0.17747
0.290546
0.987138
0.275339
0.75138
0.228857
0.8339
0.495413
0.193847
0.562001
0.663714
0.92507
0.811354
0.000148
0.550444
0.803867
0.591047
0.644708
0.573136
0.333071
0.407144
0.524483
0.546599
0.074322
0.249827
0.413781
0.457706
0.104202
0.24203
0.104887
0.379975
0.311606
0.675467
0.862456
0.141409
0.152391
0.382276
0.357856
0.925155
0.28928
0.133317
0.591374
0.232311
0.44815
0.239134
0.333084
0.641268
0.169644
0.17395
0.974896
0.653831
0.629077
0.087077
0.084843
0.681469
0.22009
0.233516
0.223608
0.93958
0.442122
0.194147
0.045566
0.883737
0.322525
0.209427
0.12437
0.98322
0.855917
0.2361
0.583458
0.328831
0.017134
0.539274
0.477947
0.307991
0.811722
0.516259
0.226939
0.778484
0.557965
0.005667
0.607725
0.394466
0.10212
0.767702
0.222667
0.976861
0.020183
0.56777
0.60907
0.233918
0.563025
0.922754
0.575712
0.911175
0.208255
0.078271
0.358358
0.765443
0.164863
0.311439
0.848459
0.824701
0.220931
0.702572
0.351259
0.079778
0.137346
0.925994
0.077562
0.83427
0.102477
0.462339
0.582339
0.192162
0.598944
0.637678
0.555121
0.174931
0.154256
0.917431
0.634424
0.422626
0.456241
0.859453
0.247271
0.049345
0.828128
0.097866
0.629886
0.396941
0.146305
0.600912
0.927694
0.923924
0.59788
0.681518
0.205741
0.601966
0.949515
0.763749
0.526301
0.980522
0.277923
0.409964
0.002835
0.554487
0.221073
0.881587
0.43146
0.784408
0.292302
0.688002
0.843748
0.612909
0.717219
0.580076
0.386871
0.84003
0.088079
0.818643
0.950045
0.184991
0.825797
0.252687
0.37581
0.711595
0.087179
0.757914
0.573948
0.408143
0.096613
0.955412
0.190125
0.665571
0.268536
0.051497
0.015643
0.465689
0.333959
0.052293
0.974661
0.384712
0.138722
0.433758
0.935754
0.629595
0.306034
0.579595
0.934258
0.218117
0.757338
0.891074
0.923434
0.729298
0.266621
0.626355
0.89555
0.933846
0.126313
0.841339
0.204154
0.266426
0.091831
0.960577
0.210354
0.915251
0.959976
0.497536
0.992535
0.668858
0.198664
0.684354
0.274463
0.514527
0.587339
0.930322
0.785859
0.134909
0.779189
0.583998
0.414995
0.134834
0.370435
0.611756
0.898
0.711802
0.611299
0.457971
0.049905
0.6978
0.784298
0.631095
0.63979
0.21032
0.08368
0.464491
0.201596
0.940152
0.498041
0.777339
0.088958
0.255913
0.148669
0.560547
0.267801
0.368188
0.434748
0.936251
0.181345
0.764474
0.956834
0.022071
0.479699
0.007122
0.664791
0.578409
0.409732
0.802805
0.385201
0.991415
0.321456
0.540975
0.682153
0.08019
0.022877
0.224587
0.379944
0.68456
0.902901
0.670925
0.828277
0.027025
0.495974
0.974019
0.650269
0.556172
0.480273
0.080264
0.407457
0.541024
0.436509
0.217569
0.965833
0.884974
0.204242
0.248542
0.106668
0.856131
0.724017
0.253441
0.302915
0.001177
0.887525
0.888835
0.755857
0.603532
0.193025
0.691633
0.100196
0.92569
0.893177
0.586225
0.371275
0.409434
0.318987
0.376043
0.289499
0.224907
0.211747
0.360191
0.764517
0.2783
0.040342
0.690487
0.165837
0.258702
0.555855
0.505961
0.102792
0.598523
0.528039
0.344395
0.717763
0.743135
0.929056
0.653104
0.51552
0.886078
0.809945
0.748674
0.284003
0.932031
0.442918
0.439286
0.861529
0.965373
0.556291
0.24965
0.810917
0.395523
0.868645
0.368072
0.345414
0.621517
0.296737
0.387843
0.540701
0.492192
0.581857
0.676919
0.655867
0.487715
0.357042
0.738995
0.357446
0.06081
0.267325
0.66575
0.966386
0.975063
0.84425
0.637075
0.935449
0.20289
0.911109
0.243017
0.393298
0.529834
0.706722
0.327698
0.497153
0.340087
0.074783
0.790365
0.191396
0.968317
0.812853
0.673908
0.916393
0.286203
0.019183
0.861388
0.262369
0.622724
0.794035
0.78305
0.214668
0.271307
0.715072
0.478479
0.169943
0.06594
0.902755
0.107206
0.85313
0.71382
0.412693
0.515445
0.147513
0.895408
0.326223
0.387303
0.557096
0.79237
0.432555
0.15244
0.564339
0.012453
0.375103
0.048515
0.063278
0.762735
0.754026
0.17843
0.680619
0.696195
0.859439
0.071922
0.464308
0.544284
0.978077
0.553955
0.852894
0.595417
0.048521
0.437597
0.371303
0.92628
0.619262
0.220297
0.921806
0.178263
0.720236
0.10129
0.99481
0.575699
0.350165
0.927268
0.826589
0.066539
0.089961
0.889572
0.150321
0.807007
0.249361
0.591371
0.248435
0.715192
0.844659
0.43714
0.442285
0.619078
0.053032
0.902153
0.738575
0.760967
0.715287
0.082439
0.075997
0.297056
0.84141
0.742709
0.369586
0.530066
0.395382
0.394759
0.909788
0.331149
0.91338
0.318399
0.116979
0.805595
0.804133
0.816267
0.857159
0.154852
0.647915
0.204851
0.397568
0.520812
0.30051
0.376344
0.55348
0.360113
0.623901
0.678598
0.700271
0.876851
0.643538
0.106637
0.768057
0.683343
0.749107
0.898185
0.47102
0.616456
0.362912
0.120316
0.541534
0.86114
0.760126
0.186182
0.588206
0.521704
0.936964
0.128513
0.137957
0.233537
0.128978
0.032746
0.908891
0.078234
0.986435
0.867718
0.315447
0.763657
0.755458
0.240497
0.307302
0.068064
0.756761
0.963019
0.258814
0.946248
0.573525
0.540016
0.010632
0.368869
0.294814
0.393001
0.170393
0.985912
0.326592
0.198518
0.76493
0.311864
0.158167
0.590132
0.110031
0.892152
0.10668
0.862967
0.127553
0.322963
0.071026
0.519807
0.167477
0.642169
0.00641
0.644046
0.08855
0.330196
0.491293
0.620799
0.309274
0.285642
0.713664
0.045075
0.468588
0.9758
0.378624
0.17111
0.638704
0.944212
0.296866
0.933104
0.310998
0.218773
0.13075
0.601124
0.196204
0.595618
0.939988
0.443157
0.385731
0.982639
0.625552
0.90581
0.014622
0.200316
0.927848
0.436245
0.736488
0.076683
0.219464
0.856389
0.605487
0.595081
0.009318
0.451183
0.54987
0.869836
0.846541
0.440344
0.375062
0.179672
0.822545
0.532736
0.872005
0.227135
0.537783
0.489565
0.317256
0.038015
0.854361
0.636878
0.631957
0.785854
0.606369
0.080827
0.869057
0.232824
0.656099
0.016943
0.320925
0.059725
0.364957
0.269714
0.586076
0.684796
0.229629
0.901748
0.553102
0.473774
0.207219
0.689592
0.555832
0.958758
0.401867
0.391872
0.711886
0.464938
0.649748
0.940488
0.377784
0.625151
0.536269
0.678278
0.069547
0.824982
0.962176
0.840528
0.8701
0.981165
0.037354
0.054805
0.093623
0.226543
0.571659
0.314169
0.062353
0.242425
0.296624
0.602105
0.342477
0.585881
0.874791
0.628746
0.273459
0.056154
0.609725
0.25288
0.597238
0.692285
0.755986
0.196477
0.042684
0.481839
0.845485
0.13052
0.623775
0.740472
0.248266
0.404735
0.777105
0.172287
0.158073
0.863676
0.293109
0.377909
0.831268
0.004211
0.107429
0.999554
0.392583
0.167624
0.348939
0.054167
0.436486
0.952291
0.701343
0.291153
0.973507
0.991345
0.699245
0.112492
0.87042
0.283163
0.061419
0.209891
0.906365
0.479066
0.185316
0.031169
0.186305
0.568954
0.277149
0.33064
0.463595
0.171224
0.638793
0.124807
0.835714
0.854824
0.460545
0.214312
0.874307
0.462562
0.443692
0.399202
0.304048
0.927867
0.133361
0.954049
0.833473
0.948437
0.524366
0.439744
0.593643
0.076707
0.938945
0.273015
0.021725
0.505659
0.35137
0.062271
0.466517
0.505235
0.200639
0.251394
0.42807
0.730209
0.115494
0.703556
0.564886
0.673205
0.002086
0.603905
0.079662
0.518305
0.865275
0.120547
0.112922
0.546821
0.491919
0.520932
0.254442
0.162922
0.304669
0.674136
0.25567
0.017148
0.75067
0.36857
0.935397
0.485528
0.982022
0.554769
0.394011
0.281942
0.739794
0.914271
0.791202
0.063585
0.898271
0.810308
0.736188
0.312222
0.897066
0.908984
0.829001
0.483072
0.149993
0.198274
0.15092
0.038608
0.18671
0.332294
0.597068
0.442038
0.281063
0.146101
0.351752
0.123484
0.137282
0.670191
0.853294
0.192186
0.71341
0.367645
0.579109
0.234419
0.894927
0.189343
0.532338
0.638388
0.452527
0.004596
0.807982
0.361912
0.066966
0.94103
0.117711
0.082904
0.320597
0.653318
0.898874
0.20399
0.091966
0.450011
0.753947
0.383592
0.254976
0.920248
0.701471
0.954658
0.091036
0.806418
0.755261
0.757884
0.593606
0.312193
0.292649
0.134578
0.947293
0.869052
0.507156
0.481367
0.31922
0.031897
0.614205
0.04392
0.784761
0.449277
0.329349
0.902381
0.013938
0.374363
0.879921
0.977383
0.148107
0.996057
0.784297
0.79413
0.031666
0.7295
0.907138
0.150769
0.89146
0.49253
0.607512
0.016264
0.060507
0.829938
0.204908
0.348752
0.203466
0.546555
0.761802
0.014018
0.876091
0.561567
0.027749
0.756865
0.468016
0.342352
0.197804
0.816195
0.616705
0.905891
0.730181
0.679353
0.175726
0.899982
0.083908
0.040608
0.621335
0.167336
0.669284
0.210117
0.74558
0.907792
0.48447
0.668072
0.447435
0.043038
0.635012
0.361718
0.648308
0.916952
0.326008
0.178093
0.767799
0.867908
0.853732
0.387863
0.32628
0.513602
0.374384
0.397291
0.877359
0.065209
0.978571
0.734144
0.003569
0.314219
0.291662
0.419311
0.899864
0.046515
0.636892
0.756045
0.518306
0.094283
0.897203
0.227009
0.6441
0.427413
0.319073
0.672222
0.167732
0.4704
0.318071
0.526286
0.043907
0.089505
0.677411
0.589683
0.998785
0.906296
0.527508
0.303115
0.912211
0.312319
0.475508
0.225396
0.661024
0.965329
0.359207
0.599889
0.985775
0.312946
0.41017
0.120825
0.16059
0.782629
0.130167
0.781963
0.176288
0.870085
0.420723
0.484637
0.065765
0.528003
0.422867
0.187248
0.545561
0.904937
0.678529
0.264825
0.928617
0.006296
0.162334
0.003675
0.975661
0.031604
0.472173
0.815858
0.691937
0.515526
0.890007
0.085021
0.952709
0.368482
0.514642
0.515572
0.159708
0.112131
0.009541
0.180871
0.53405
0.795423
0.864413
0.246828
0.222706
0.896819
0.262475
0.202836
0.145172
0.444622
0.964743
0.947379
0.373426
0.568078
0.612333
0.802236
0.832199
0.829075
0.013523
0.247638
0.52024
0.723789
0.242177
0.018271
0.185157
0.112968
0.992988
0.332844
0.734511
0.999922
0.221671
0.175025
0.448041
0.37137
0.951724
0.526591
0.036492
0.113327
0.97596
0.012127
0.378903
0.181042
0.307573
0.873559
0.384015
0.908677
0.511327
0.559147
0.924533
0.276135
0.601251
0.718441
0.197513
0.212894
0.474753
0.305466
0.771923
0.832521
0.296288
0.144542
0.938849
0.513483
0.56779
0.176433
0.253184
0.432055
0.330603
0.224962
0.434124
0.829478
0.647954
0.206695
0.650083
0.204516
0.164702
0.518682
0.746194
0.199057
0.069559
0.451416
0.002723
0.074109
0.677248
0.564482
0.269655
0.41777
0.754346
0.81393
0.599539
0.853882
0.003842
0.319423
0.538625
0.44924
0.564971
0.950496
0.427235
0.228957
0.875921
0.726645
0.207354
0.940982
0.861901
0.651251
0.038298
0.636807
0.95644
0.377015
0.902905
0.931892
0.157843
0.76945
0.291327
0.746917
0.147974
0.089833
0.842494
0.813317
0.204797
0.763006
0.294491
0.191947
0.609484
0.539082
0.512127
0.674354
0.223875
0.619716
0.130645
0.198647
0.998083
0.657559
0.978575
0.554424
0.047884
0.117802
0.846578
0.778972
0.369756
0.020963
0.276051
0.807999
0.775443
0.778133
0.695099
0.853232
0.263511
0.853192
0.878864
0.176963
0.65839
0.864537
0.354101
0.43794
0.657823
0.055671
0.144694
0.039916
0.976988
0.86271
0.757669
0.484277
0.643437
0.273307
0.905848
0.425068
0.927771
0.817468
0.768822
0.577462
0.852135
0.346993
0.902297
0.581429
0.857933
0.871786
0.4893
0.127171
0.182905
0.481342
0.234944
0.144209
0.38027
0.799312
0.809234
0.171584
0.057546
0.148191
0.90082
0.121018
0.468528
0.165091
0.217093
0.585585
0.828745
0.669915
0.28585
0.958103
0.132637
0.271889
0.087344
0.063217
0.551326
0.681481
0.095182
0.756185
0.928849
0.109442
0.190087
0.79728
0.253098
0.107076
0.770972
0.356236
0.447378
0.152618
0.220846
0.485822
0.650956
0.15545
0.668245
0.80244
0.251019
0.890572
0.881577
0.598286
0.092942
0.651646
0.78799
0.145265
0.656632
0.306754
0.689658
0.75423
0.922961
0.530376
0.707869
0.330338
0.253304
0.546475
0.192112
0.970421
0.026496
0.30903
0.770138
0.5114
0.071758
0.931541
0.356606
0.888269
0.366978
0.346797
0.347432
0.328448
0.290417
0.824961
0.502206
0.149672
0.152961
0.560578
0.384152
0.991841
0.401771
0.116323
0.243585
0.031125
0.358766
0.982794
0.091793
0.636441
0.296708
0.455085
0.515306
0.144385
0.175367
0.717629
0.680539
0.407416
0.099587
0.113854
0.417577
0.003699
0.079625
0.624055
0.733927
0.883
0.776571
0.367874
0.563475
0.49617
0.578283
0.107012
0.95825
0.434928
0.940122
0.836215
0.511945
0.89525
0.97524
0.069048
0.841933
0.96607
0.758133
0.615242
0.404336
0.452623
0.458448
0.03332
0.081575
0.058409
0.857801
0.455201
0.549486
0.137666
0.327915
0.37848
0.913323
0.476923
0.617325
0.092177
0.551673
0.54889
0.604805
0.229525
0.277473
0.321455
0.283474
0.689014
0.097455
0.10026
0.590674
0.381266
0.370735
0.911405
0.219449
0.210835
0.328217
0.966494
0.524174
0.256004
0.987203
0.792713
0.592013
0.040569
0.044573
0.139836
0.752229
0.948275
0.867342
0.523273
0.2363
0.011925
0.575225
0.415556
0.124988
0.932418
0.379413
0.612464
0.61344
0.633289
0.591831
0.792984
0.201009
0.732426
0.53792
0.272822
0.785661
0.40708
0.636347
0.301861
0.158238
0.027352
0.550404
0.602526
0.912513
0.979666
0.373484
0.079979
0.770813
0.805273
0.650773
0.803794
0.020481
0.767291
0.050597
0.095525
0.596673
0.253959
0.828835
0.703611
0.302122
0.797628
0.609978
0.55679
0.231225
0.443609
0.42445
0.751089
0.812101
0.664308
0.092609
0.453204
0.315865
0.968295
0.039675
0.144087
0.358714
0.78084
0.470081
0.446456
0.698891
0.163396
0.015727
0.245366
0.079464
0.009353
0.362527
0.177164
0.837189
0.451846
0.151025
0.063694
0.156878
0.741726
0.07157
0.15085
0.182171
0.166351
0.165558
0.52132
0.769834
0.45204
0.774707
0.912197
0.705306
0.980698
0.910392
0.174183
0.334009
0.736737
0.172628
0.88105
0.162319
0.258763
0.003396
0.290305
0.843441
0.061462
0.689114
0.582895
0.890768
0.529832
0.628612
0.439692
0.948954
0.643565
0.425741
0.958495
0.504898
0.980812
0.362333
0.29357
0.070945
0.363886
0.404552
0.579902
0.977923
0.120334
0.256784
0.981367
0.848867
0.527987
0.507845
0.865241
0.655288
0.715236
0.928394
0.816469
0.64126
0.641792
0.632801
0.878338
0.657544
0.280918
0.028497
0.573397
0.964715
0.334242
0.373363
0.768781
0.012374
0.86577
0.453332
0.303108
0.889237
0.9908
0.529353
0.812828
0.183095
0.886622
0.177417
0.679843
0.820755
0.145871
0.784384
0.898464
0.015097
0.488101
0.020484
0.423418
0.019817
0.219434
0.267906
0.470216
0.624761
0.006994
0.776038
0.1446
0.903776
0.946356
0.424935
0.772297
0.49217
0.44128
0.93794
0.811867
0.712329
0.843116
0.581383
0.010872
0.890122
0.761566
0.52394
0.792701
0.408528
0.010353
0.471594
0.107871
0.28373
0.420427
0.71178
0.906139
0.102734
0.732264
0.030349
0.318109
0.604484
0.102016
0.028229
0.362614
0.106854
0.105651
0.364057
0.88014
0.612774
0.711175
0.531408
0.899513
0.677647
0.075395
0.463864
0.953431
0.924783
0.117428
0.529772
0.335932
0.591986
0.808931
0.542114
0.576093
0.401183
0.111769
0.150187
0.981071
0.711938
0.833229
0.344285
0.738808
0.027172
0.719301
0.326344
0.036488
0.698969
0.703117
0.185273
0.372321
0.517512
0.617886
0.095789
0.960991
0.187232
0.543029
0.574473
0.488626
0.630732
0.692894
0.710894
0.663051
0.945142
0.315693
0.522325
0.113306
0.608574
0.399358
0.197079
0.260316
0.562014
0.784174
0.662716
0.666754
0.841448
0.468774
0.078215
0.664141
0.731356
0.432157
0.535293
0.715362
0.229394
0.081261
0.869323
0.024652
0.895554
0.122278
0.398667
0.991349
0.017967
0.094988
0.452085
0.344393
0.234082
0.683369
0.247773
0.07854
0.981981
0.770026
0.586117
0.09193
0.745025
0.944543
0.149518
0.853227
0.521241
0.091286
0.241861
0.065544
0.794369
0.079016
0.645021
0.571859
0.720348
0.045168
0.922825
0.211668
0.312978
0.799752
0.075173
0.930107
0.723751
0.127314
0.557242
0.277629
0.546522
0.427081
0.935246
0.77399
0.369492
0.049369
0.637178
0.667096
0.671962
0.341515
0.18823
0.880497
0.118172
0.370219
0.375055
0.029766
0.394157
0.445415
0.184818
0.004969
0.759656
0.93605
0.031085
0.154363
0.520444
0.069301
0.659021
0.351932
0.492502
0.996534
0.072059
0.792158
0.388417
0.415294
0.750381
0.102968
0.394759
0.584453
0.484693
0.788479
0.395095
0.423374
0.134848
0.49816
0.74506
0.222828
0.280915
0.091806
0.82867
0.217957
0.716524
0.7171
0.756718
0.168711
0.535669
0.145162
0.753126
0.127888
0.605632
0.330479
0.5467
0.765891
0.096542
0.737657
0.792854
0.878176
0.304138
0.773536
0.323274
0.941114
0.70542
0.273596
0.515736
0.48151
0.584584
0.860263
0.141514
0.82405
0.893514
0.046101
0.957732
0.736658
0.82763
0.356196
0.011304
0.019962
0.565152
0.917057
0.542495
0.607359
0.782257
0.599983
0.723085
0.907584
0.97303
0.986054
0.450156
0.008901
0.272753
0.245542
0.430977
0.468341
0.999401
0.879684
0.266417
0.286133
0.574676
0.941858
0.527536
0.526613
0.043038
0.217644
0.732324
0.77196
0.7703
0.851272
0.113433
0.162174
0.993244
0.767391
0.8185
0.60763
0.803929
0.696554
0.386803
0.034442
0.25795
0.440425
0.7458
0.041107
0.603633
0.086071
0.677989
0.604914
0.515418
0.595936
0.879601
0.346942
0.348051
0.434746
0.99818
0.716441
0.500203
0.949297
0.035753
0.476341
0.740308
0.605238
0.185512
0.066525
0.900418
0.014867
0.523061
0.250178
0.216408
0.33098
0.112659
0.624134
0.071236
0.996361
0.545207
0.959767
0.585679
0.366907
0.183885
0.471765
0.191347
0.436823
0.574595
0.113147
0.516774
0.399289
0.244481
0.606993
0.301071
0.53324
0.774443
0.372657
0.331245
0.289766
0.284011
0.640628
0.337932
0.323935
0.178741
0.926127
0.931625
0.51772
0.035986
0.549198
0.157012
0.842019
0.227443
0.839991
0.033758
0.398003
0.298759
0.884434
0.299498
0.342547
0.763311
0.374688
0.79214
0.493024
0.271016
0.88982
0.868261
0.397374
0.097944
0.832936
0.165696
0.977922
0.030231
0.543816
0.578301
0.343875
0.513845
0.806028
0.327511
0.804069
0.708131
0.917352
0.98982
0.568432
0.325587
0.058527
0.142975
0.530208
0.136112
0.025319
0.314753
0.319001
0.766659
0.549352
0.805448
0.728318
0.890939
0.947514
0.731984
0.998055
0.351643
0.117736
0.415677
0.694084
0.309402
0.627322
0.40518
0.944626
0.444632
0.102627
0.493752
0.609994
0.945587
0.090208
0.084263
0.63557
0.278546
0.021936
0.120901
0.592056
0.345985
0.619179
0.729633
0.301533
0.18018
0.238348
0.284407
0.467224
0.988805
0.187576
0.67161
0.223607
0.665422
0.582091
0.611063
0.203699
0.202065
0.141858
0.074809
0.001818
0.058912
0.191402
0.846976
0.748865
0.389794
0.122719
0.174321
0.114717
0.126203
0.595512
0.790492
0.264695
0.149425
0.082716
0.91507
0.090624
0.869167
0.944697
0.380306
0.594523
0.929754
0.289229
0.417887
0.536837
0.005691
0.094382
0.890362
0.597026
0.896939
0.563355
0.593617
0.584362
0.332955
0.446966
0.132417
0.484549
0.357977
0.179658
0.766649
0.034141
0.457356
0.940653
0.655095
0.224017
0.989817
0.830995
0.315555
0.051141
0.37784
0.89643
0.810072
0.677198
0.316114
0.455515
0.68136
0.403248
0.403381
0.341747
0.686134
0.483355
0.337856
0.082046
0.773326
0.610539
0.94658
0.278151
0.257304
0.234348
0.271738
0.281919
0.556938
0.831772
0.743527
0.870922
0.700011
0.186924
0.030962
0.731218
0.664925
0.807981
0.114812
0.020868
0.402981
0.784622
0.311075
0.251091
0.38435
0.700982
0.810367
0.550305
0.015881
0.683537
0.18365
0.32757
0.70507
0.801718
0.316512
0.365113
0.747612
0.009979
0.719243
0.28678
0.037217
0.74421
0.301612
0.973865
0.692345
0.779066
0.074798
0.676949
0.510193
0.731911
0.522534
0.580496
0.727129
0.337576
0.744694
0.468261
0.786983
0.894098
0.485618
0.710876
0.408163
0.172066
0.975156
0.488046
0.618404
0.835124
0.837595
0.304834
0.798229
0.181143
0.195352
0.872112
0.61972
0.180233
0.066263
0.591198
0.144376
0.478358
0.017079
0.217152
0.674274
0.84472
0.092355
0.440464
0.896297
0.670965
0.643542
0.505234
0.098216
0.799236
0.765348
0.624226
0.42595
0.536737
0.457646
0.574904
0.890638
0.790328
0.687929
0.970899
0.48181
0.847789
0.464361
0.462359
0.303144
0.831027
0.972568
0.135576
0.42366
0.901194
0.887239
0.681611
0.717566
0.553704
0.520088
0.679409
0.906992
0.831323
0.385347
0.220889
0.026217
0.746275
0.256947
0.398323
0.33555
0.898226
0.165775
0.871295
0.365791
0.876064
0.117484
0.938366
0.464088
0.960321
0.953433
0.472848
0.925122
0.055577
0.310942
0.061388
0.292654
0.7509
0.995946
0.353058
0.260504
0.268051
0.987957
0.906397
0.991074
0.931411
0.07265
0.465189
0.325444
0.241974
0.50742
0.573821
0.578655
0.642803
0.854564
0.073361
0.433783
0.564934
0.827172
0.422772
0.902133
0.603938
0.080843
0.877055
0.649589
0.314162
0.511197
0.588762
0.108055
0.494472
0.420566
0.833679
0.587836
0.197677
0.236594
0.517772
0.851911
0.720564
0.760208
0.544571
0.377055
0.598268
0.111918
0.505477
0.796963
0.450249
0.745262
0.029151
0.699085
0.294334
0.552373
0.600816
0.024155
0.942338
0.533733
0.646593
0.987937
0.201252
0.943321
0.710777
0.843407
0.037795
0.157194
0.885127
0.393896
0.584175
0.877811
0.9779
0.217055
0.893069
0.531723
0.180933
0.209833
0.649407
0.817764
0.494693
0.512062
0.982254
0.451258
0.345683
0.136276
0.245828
0.224478
0.008498
0.115088
0.116293
0.661978
0.639435
0.159793
0.930172
0.394058
0.942552
0.343754
0.507133
0.081652
0.203384
0.598089
0.290665
0.673621
0.210352
0.98887
0.67783
0.475777
0.773757
0.593
0.0947
0.298941
0.045641
0.793668
0.137972
0.654622
0.225153
0.031991
0.323873
0.30418
0.568414
0.747874
0.244543
0.960618
0.472611
0.369507
0.923916
0.431171
0.794327
0.734945
0.968764
0.791607
0.778958
0.937423
0.667279
0.724166
0.631734
0.786776
0.283269
0.615206
0.907866
0.47883
0.941272
0.034438
0.452424
0.746896
0.704336
0.194733
0.327911
0.1229
0.032679
0.810514
0.401519
0.750285
0.362156
0.942642
0.531937
0.027948
0.055382
0.577849
0.584101
0.671904
0.710743
0.499967
0.183121
0.582795
0.700064
0.828072
0.95548
0.6363
0.596733
0.522759
0.388994
0.905548
0.796245
0.851046
0.805384
0.423634
0.62981
0.149831
0.41833
0.821159
0.520874
0.697668
0.918153
0.933223
0.453845
0.313589
0.418409
0.689278
0.90806
0.278438
0.246823
0.4592
0.12039
0.019068
0.897661
0.454151
0.12621
0.699464
0.769506
0.923124
0.831562
0.7438
0.186493
0.396022
0.053616
0.327392
0.311722
0.837832
0.514674
0.163992
0.624755
0.478162
0.488097
0.304139
0.701077
0.406529
0.698673
0.47968
0.823681
0.939236
0.03094
0.047146
0.981834
0.390681
0.164992
0.6432
0.983953
0.775533
0.58596
0.517439
0.556666
0.955324
0.950361
0.831619
0.308298
0.94575
0.978959
0.021374
0.037324
0.841621
0.337198
0.60179
0.925874
0.062775
0.050956
0.495989
0.81977
0.833671
0.972011
0.907049
0.902722
0.873715
0.489146
0.8176
0.430036
0.998794
0.170461
0.914827
0.553194
0.190628
0.814882
0.282004
0.268402
0.996525
0.840782
0.606238
0.434338
0.460883
0.095056
0.986965
0.272203
0.11427
0.75558
0.704216
0.960286
0.904905
0.854856
0.613034
0.549508
0.00579
0.058435
0.665382
0.590891
0.637258
0.141583
0.471792
0.654045
0.248446
0.755505
0.986455
0.245721
0.558835
0.474515
0.54368
0.130108
0.919311
0.254335
0.677005
0.065407
0.377344
0.286096
0.019954
0.465665
0.016576
0.956577
0.976957
0.466385
0.631703
0.247068
0.339858
0.530867
0.788999
0.631343
0.870071
0.194976
0.645932
0.622984
0.10698
0.410381
0.655894
0.36411
0.413317
0.291259
0.702422
0.827438
0.185518
0.010632
0.744324
0.676245
0.30186
0.644588
0.844881
0.263403
0.052264
0.385003
0.381714
0.524302
0.503468
0.367895
0.055868
0.389599
0.048386
0.269641
0.693144
0.91583
0.299338
0.733183
0.457394
0.163521
0.363088
0.346682
0.712139
0.305896
0.3342
0.748764
0.102651
0.232156
0.44933
0.942091
0.530976
0.928173
0.705799
0.128055
0.581926
0.12349
0.640904
0.22225
0.830022
0.519459
0.757739
0.112115
0.691425
0.008259
0.572206
0.611716
0.540209
0.486897
0.507199
0.612674
0.24464
0.270949
0.336855
0.762101
0.974446
0.138308
0.343582
0.434871
0.006873
0.825668
0.606653
0.699862
0.915088
0.25746
0.058183
0.867497
0.119873
0.387456
0.943209
0.168186
0.721596
0.136784
0.382144
0.448594
0.762656
0.010269
0.919088
0.294544
0.133018
0.993465
0.643275
0.076358
0.834878
0.63806
0.101509
0.106008
0.015077
0.734005
0.558945
0.47358
0.10677
0.46797
0.914729
0.90439
0.353632
0.387276
0.311731
0.560686
0.604939
0.036085
0.814123
0.850044
0.9075
0.126939
0.631147
0.697802
0.758864
0.705232
0.687696
0.299315
0.653555
0.137627
0.083951
0.098876
0.792684
0.786329
0.612512
0.040795
0.142728
0.308316
0.359368
0.316631
0.494901
0.626683
0.194545
0.906358
0.467538
0.41456
0.625713
0.421893
0.127948
0.596822
0.654957
0.846103
0.782784
0.340571
0.699954
0.707935
0.738019
0.066071
0.732197
0.514467
0.68909
0.994597
0.128628
0.072586
0.486909
0.491213
0.417976
0.551518
0.956887
0.812273
0.171814
0.916943
0.443158
0.08868
0.19259
0.800098
0.893213
0.79674
0.268381
0.380043
0.253712
0.247263
0.004938
0.15958
0.502302
0.290746
0.40838
0.41682
0.412417
0.303104
0.395454
0.563287
0.05449
0.639449
0.781065
0.932532
0.377803
0.917876
0.960503
0.033524
0.955734
0.9804
0.197759
0.873605
0.818856
0.356171
0.564735
0.666362
0.559414
0.677644
0.551686
0.841429
0.738659
0.708603
0.524546
0.41729
0.133937
0.603634
0.559923
0.54057
0.443266
0.485648
0.942496
0.25412
0.914927
0.865933
0.478593
0.769278
0.988103
0.390444
0.702547
0.255862
0.44322
0.08948
0.034162
0.423686
0.765802
0.450616
0.804282
0.418463
0.678599
0.772942
0.717249
0.685173
0.869756
0.745662
0.321487
0.888297
0.922366
0.415667
0.445737
0.763872
0.762159
0.3131
0.669432
0.024935
0.064039
0.21404
0.124931
0.284296
0.332589
0.969931
0.159435
0.410476
0.383468
0.479078
0.407286
0.440215
0.597411
0.218169
0.703758
0.758016
0.032291
0.131738
0.778646
0.781692
0.477319
0.116452
0.188919
0.953625
0.194713
0.394108
0.155363
0.652974
0.917716
0.414194
0.769799
0.612007
0.380304
0.073736
0.507251
0.384073
0.218466
0.415191
0.924372
0.101171
0.566914
0.998031
0.877283
0.8484
0.576056
0.715144
0.228242
0.793111
0.646543
0.216343
0.482067
0.971439
0.261405
0.343532
0.646517
0.167847
0.577147
0.121072
0.718613
0.454757
0.798211
0.019193
0.335533
0.392624
0.602219
0.35998
0.022958
0.815952
0.652223
0.689052
0.684347
0.499082
0.136335
0.191532
0.581032
0.73377
0.379707
0.457642
0.997159
0.883125
0.366163
0.541067
0.842549
0.927579
0.872377
0.61633
0.956815
0.216404
0.46996
0.706489
0.939691
0.896002
0.412403
0.21957
0.97263
0.54129
0.235985
0.80401
0.498511
0.020454
0.515525
0.570711
0.537672
0.726142
0.985255
0.241114
0.202314
0.455857
0.353107
0.531706
0.639348
0.096117
0.732443
0.991523
0.769772
0.891651
0.584117
0.48356
0.245429
0.057999
0.007084
0.663119
0.879174
0.380069
0.91549
0.796222
0.195891
0.176514
0.389562
0.315552
0.754453
0.211754
0.105177
0.542351
0.378119
0.318695
0.777076
0.265651
0.423748
0.08503
0.601677
0.094848
0.759509
0.96289
0.773857
0.749035
0.855052
0.61976
0.944787
0.55701
0.324977
0.657255
0.108546
0.130081
0.881182
0.99144
0.641397
0.302644
0.577083
0.926471
0.807848
0.629449
0.131333
0.111246
0.119286
0.209829
0.635394
0.985373
0.566317
0.958372
0.327072
0.41978
0.826894
0.452334
0.829993
0.36102
0.320531
0.665817
0.348267
0.847996
0.421448
0.699482
0.430449
0.429397
0.377364
0.78901
0.273665
0.800784
0.997823
0.168024
0.903924
0.468935
0.202338
0.45997
0.59219
0.178782
0.59953
0.017459
0.128743
0.048552
0.142159
0.493927
0.608349
0.39185
0.274136
0.244128
0.957965
0.859701
0.771427
0.620406
0.330498
0.506547
0.892035
0.758552
0.931825
0.570999
0.933361
0.817672
0.245817
0.676291
0.157496
0.882089
0.05326
0.651858
0.810057
0.117451
0.757577
0.722797
0.802586
0.407585
0.556268
0.882102
0.485597
0.147333
0.77328
0.909653
0.199067
0.927662
0.945944
0.27508
0.786946
0.647209
0.129202
0.456277
0.28221
0.15331
0.229624
0.423867
0.362422
0.706873
0.472213
0.970562
0.582834
0.080395
0.835981
0.875658
0.032941
0.623791
0.809543
0.150084
0.855467
0.745839
0.451615
0.289477
0.923502
0.99781
0.763932
0.032918
0.949615
0.575158
0.35276
0.034512
0.174099
0.191475
0.956862
0.764521
0.155805
0.540554
0.640011
0.845923
0.327282
0.609072
0.751231
0.366296
0.273149
0.694121
0.184056
0.70556
0.153094
0.361316
0.175543
0.585949
0.214596
0.867016
0.908673
0.971703
0.221018
0.980378
0.912456
0.842794
0.859213
0.151065
0.044393
0.134673
0.387522
0.046672
0.449709
0.820514
0.456232
0.792542
0.725829
0.274759
0.249019
0.129596
0.548131
0.34451
0.680866
0.358652
0.353769
0.405093
0.593499
0.436019
0.544558
0.1718
0.526874
0.600596
0.656426
0.918653
0.059288
0.474475
0.930639
0.900361
0.524009
0.102957
0.064277
0.589696
0.78296
0.927975
0.537412
0.217964
0.771295
0.451548
0.748258
0.008771
0.751279
0.771741
0.515547
0.621174
0.853936
0.812942
0.828009
0.18411
0.374802
0.57356
0.714364
0.984742
0.48131
0.397583
0.449224
0.727661
0.708267
0.090593
0.966385
0.180214
0.635112
0.400413
0.864083
0.656862
0.461072
0.897652
0.891252
0.710551
0.151285
0.455956
0.618087
0.896182
0.988062
0.757883
0.367297
0.215424
0.626678
0.685434
0.661199
0.241126
0.718554
0.78666
0.740704
0.503773
0.299202
0.829016
0.230705
0.121857
0.787244
0.104977
0.577117
0.4083
0.396177
0.809598
0.665005
0.063245
0.435136
0.510035
0.053176
0.170504
0.320266
0.51892
0.920737
0.89816
0.847844
0.12134
0.080078
0.275874
0.361486
0.413108
0.207241
0.077849
0.214983
0.854698
0.668439
0.287378
0.165459
0.749434
0.988176
0.523607
0.976616
0.552432
0.377779
0.073984
0.966834
0.408056
0.131132
0.572956
0.403578
0.452567
0.237248
0.598951
0.76484
0.874184
0.95511
0.821784
0.19111
0.327616
0.564875
0.499899
0.776166
0.319197
0.891685
0.54252
0.687815
0.331839
0.107872
0.366023
0.656121
0.655488
0.6655
0.428929
0.669145
0.404868
0.907095
0.318059
0.468548
0.635806
0.059902
0.749865
0.478068
0.954425
0.583077
0.843364
0.522365
0.960212
0.897506
0.251547
0.603479
0.758131
0.627611
0.437069
0.881886
0.195957
0.748596
0.273369
0.045379
0.00366
0.211607
0.362816
0.764394
0.231763
0.836541
0.351153
0.495074
0.051753
0.427978
0.198615
0.505247
0.640696
0.924543
0.122866
0.818911
0.949017
0.271532
0.576384
0.930024
0.395968
0.132641
0.696232
0.79109
0.273233
0.306831
0.211707
0.132962
0.951847
0.009828
0.707364
0.81355
0.140624
0.47641
0.677572
0.785543
0.895326
0.089005
0.454765
0.54822
0.46881
0.683061
0.996611
0.514852
0.264898
0.133437
0.435243
0.077119
0.419104
0.933337
0.384521
0.842637
0.184645
0.295876
0.260152
0.186747
0.981282
0.125091
0.848197
0.718001
0.245702
0.309468
0.05905
0.981332
0.112784
0.56516
0.056067
0.729635
0.762025
0.39248
0.216061
0.735046
0.99296
0.928596
0.121876
0.317611
0.501837
0.951968
0.950792
0.395497
0.129742
0.740032
0.852167
0.562636
0.397718
0.710019
0.919741
0.553565
0.052576
0.962697
0.302342
0.987023
0.062766
0.837524
0.180455
0.750128
0.099617
0.406337
0.607609
0.916804
0.655787
0.506137
0.436149
0.537919
0.771189
0.210699
0.254092
0.671278
0.678271
0.538286
0.452837
0.76676
0.489273
0.851117
0.089604
0.074615
0.356616
0.024518
0.181938
0.963854
0.906529
0.95744
0.273967
0.443803
0.73216
0.310224
0.060103
0.873523
0.004038
0.528611
0.718607
0.240521
0.23382
0.127647
0.288108
0.114118
0.84794
0.235183
0.928759
0.22704
0.857808
0.832434
0.381095
0.683571
0.563603
0.972376
0.804326
0.109673
0.163167
0.902842
0.977401
0.465832
0.144904
0.177946
0.257569
0.336888
0.452116
0.040732
0.975215
0.192449
0.438002
0.271154
0.407445
0.411148
0.701986
0.223806
0.12083
0.82505
0.290192
0.226272
0.787594
0.965021
0.524215
0.506137
0.078934
0.114553
0.281136
0.36734
0.191565
0.258519
0.650686
0.099548
0.126663
0.26423
0.615325
0.149024
0.260008
0.173299
0.511446
0.696888
0.1555
0.177104
0.266464
0.481388
0.831977
0.923915
0.759138
0.417125
0.75188
0.771053
0.432218
0.5925
0.045514
0.223596
0.710468
0.60216
0.385689
0.951218
0.268609
0.765185
0.734333
0.538003
0.311554
0.215137
0.50559
0.107396
0.394096
0.016903
0.042083
0.756036
0.015611
0.095149
0.602893
0.283105
0.052481
0.89768
0.585974
0.510418
0.903759
0.70629
0.553903
0.633086
0.056249
0.174609
0.218601
0.507759
0.122954
0.714249
0.984217
0.364696
0.831278
0.241974
0.34039
0.49858
0.200303
0.150304
0.812073
0.733165
0.520122
0.518102
0.009089
0.678273
0.041773
0.562207
0.297891
0.38562
0.072982
0.26662
0.216547
0.908966
0.957403
0.851502
0.489157
0.889398
0.728524
0.946125
0.178324
0.745194
0.541224
0.427006
0.397342
0.737862
0.007997
0.534595
0.807156
0.884267
0.595985
0.898987
0.788285
0.117834
0.726251
0.099269
0.374224
0.947905
0.240085
0.536081
0.929041
0.334216
0.298827
0.060964
0.51004
0.625009
0.499958
0.301476
0.889939
0.420881
0.17624
0.826002
0.010372
0.817058
0.484718
0.32859
0.293266
0.508887
0.201894
0.948456
0.837183
0.719662
0.622105
0.600584
0.119897
0.064978
0.194547
0.021309
0.316027
0.213352
0.442848
0.452532
0.962854
0.34707
0.640731
0.958541
0.181325
0.626148
0.606341
0.823302
0.158884
0.817971
0.13845
0.217227
0.6065
0.857042
0.732694
0.628712
0.346738
0.194415
0.740814
0.474149
0.030993
0.7016
0.686857
0.895471
0.993098
0.877442
0.814084
0.595389
0.583864
0.923458
0.102377
0.727894
0.164105
0.71826
0.226148
0.290743
0.441231
0.048699
0.462413
0.22816
0.165751
0.968365
0.781856
0.804082
0.68972
0.819209
0.885391
0.33173
0.271503
0.739235
0.204376
0.333373
0.257567
0.992757
0.653099
0.450206
0.57128
0.148138
0.253913
0.63713
0.299338
0.93866
0.35582
0.800527
0.411752
0.307949
0.591482
0.125666
0.638876
0.581468
0.075523
0.052669
0.893357
0.981363
0.693051
0.438557
0.757787
0.395923
0.23003
0.484004
0.589095
0.522459
0.289582
0.895063
0.344206
0.132459
0.689637
0.370395
0.323223
0.650948
0.947321
0.717484
0.305203
0.531217
0.841919
0.134025
0.537656
0.285366
0.390025
0.923588
0.559161
0.305322
0.117249
0.455969
0.296577
0.388563
0.314432
0.376894
0.222954
0.921727
0.265917
0.699875
0.05042
0.242147
0.456623
0.014414
0.447678
0.026469
0.291167
0.471402
0.796004
0.850019
0.390305
0.530949
0.729888
0.415645
0.515419
0.930491
0.501301
0.345794
0.564711
0.294344
0.502888
0.91031
0.56763
0.795181
0.256726
0.31192
0.916827
0.835887
0.612719
0.01654
0.367932
0.851465
0.804727
0.479635
0.826532
0.24855
0.358196
0.571906
0.159806
0.572565
0.777164
0.485058
0.18483
0.135267
0.070474
0.979285
0.070057
0.473273
0.376857
0.677321
0.573241
0.448361
0.305757
0.169042
0.373124
0.823355
0.114699
0.928408
0.91989
0.289916
0.344059
0.569769
0.454472
0.493059
0.411716
0.235861
0.538682
0.706247
0.332148
0.528102
0.835872
0.572769
0.439049
0.401121
0.512191
0.694048
0.983382
0.063102
0.286243
0.686852
0.759541
0.506183
0.933346
0.89194
0.906386
0.541126
0.592934
0.042921
0.468518
0.924244
0.270371
0.221083
0.98248
0.937115
0.002102
0.064246
0.987948
0.413847
0.258056
0.745378
0.311353
0.442033
0.440758
0.940836
0.959543
0.762081
0.629022
0.016445
0.155263
0.597618
0.72975
0.954114
0.248011
0.476147
0.330851
0.183947
0.507531
0.477519
0.751792
0.688195
0.317476
0.405305
0.960135
0.295022
0.81501
0.167351
0.75881
0.829077
0.50554
0.603965
0.595106
0.80079
0.626289
0.481334
0.269552
0.278435
0.997066
0.36272
0.844227
0.793356
0.797868
0.112807
0.886426
0.262104
0.850577
0.398369
0.358436
0.860857
0.718124
0.36574
0.628988
0.283743
0.277285
0.21209
0.787327
0.312613
0.729262
0.074588
0.058596
0.281861
0.039974
0.462024
0.37517
0.731856
0.918017
0.354884
0.152556
0.740926
0.477981
0.001036
0.422103
0.369657
0.064859
0.086207
0.745781
0.1501
0.631308
0.899332
0.022835
0.330337
0.554082
0.598375
0.881248
0.312266
0.099785
0.899329
0.900224
0.033997
0.608957
0.939446
0.657233
0.707885
0.163705
0.84433
0.832255
0.109851
0.362548
0.280876
0.658974
0.428553
0.769484
0.232685
0.183637
0.648591
0.788544
0.744841
0.928459
0.250406
0.821584
0.943223
0.103389
0.950549
0.290418
0.193404
0.248598
0.298227
0.883549
0.369632
0.862521
0.108294
0.134936
0.065492
0.572621
0.91229
0.97261
0.11474
0.246317
0.659019
0.96501
0.337721
0.958382
0.472418
0.296335
0.608748
0.557947
0.585592
0.036495
0.298169
0.092726
0.274221
0.202049
0.525518
0.545092
0.000103
0.805196
0.342907
0.469157
0.135642
0.460031
0.113076
0.899285
0.370221
0.434641
0.656848
0.830394
0.450732
0.016628
0.480347
0.398482
0.003886
0.427648
0.517827
0.35037
0.000451
0.728592
0.043707
0.036487
0.86243
0.121135
0.441599
0.59354
0.259209
0.320191
0.100336
0.924724
0.68564
0.348253
0.674169
0.274783
0.721083
0.21882
0.583402
0.065413
0.192962
0.026409
0.359177
0.99106
0.264417
0.672373
0.392555
0.306342
0.5864
0.094526
0.034074
0.207541
0.494175
0.217561
0.363307
0.50422
0.286504
0.458838
0.349961
0.110635
0.961342
0.730863
0.709561
0.937591
0.428839
0.364329
0.139136
0.402248
0.812722
0.580294
0.283706
0.417541
0.185085
0.224707
0.621971
0.752608
0.582999
0.169532
0.94973
0.615445
0.6116
0.2969
0.434736
0.464175
0.17529
0.182563
0.471222
0.110748
0.527638
0.675747
0.577352
0.705917
0.443456
0.321645
0.575286
0.172478
0.400927
0.105064
0.029882
0.550365
0.403314
0.836291
0.303129
0.847778
0.381386
0.452156
0.859048
0.284734
0.489843
0.615899
0.599706
0.38501
0.894528
0.686164
0.630641
0.562635
0.381122
0.071845
0.125607
0.969752
0.766247
0.518977
0.748417
0.85922
0.383146
0.400672
0.584136
0.707785
0.422371
0.606469
0.449771
0.284191
0.914943
0.207986
0.741699
0.606428
0.91801
0.765013
0.391419
0.710889
0.270759
0.832556
0.488317
0.185375
0.938211
0.556876
0.914996
0.700178
0.923354
0.406617
0.805904
0.282396
0.979422
0.040751
0.484255
0.807811
0.500673
0.653379
0.274385
0.038849
0.989738
0.525311
0.994183
0.947954
0.991136
0.72474
0.000173
0.457245
0.568265
0.075133
0.911679
0.457218
0.520894
0.556219
0.108484
0.774494
0.948069
0.054364
0.189333
0.983964
0.746135
0.584335
0.166392
0.064395
0.085138
0.906001
0.834832
0.889645
0.048981
0.278216
0.76848
0.554163
0.934257
0.449372
0.908692
0.657207
0.447497
0.702036
0.346842
0.483873
0.652336
0.946393
0.135643
0.21919
0.193544
0.87693
0.506714
0.957424
0.187892
0.076948
0.256925
0.98128
0.960913
0.025493
0.954623
0.667573
0.382299
0.944191
0.622975
0.578035
0.379356
0.41799
0.580844
0.110552
0.379766
0.574579
0.937236
0.978638
0.611013
0.06564
0.122754
0.401651
0.898986
0.464331
0.590077
0.783754
0.326245
0.872645
0.872281
0.748982
0.620908
0.61781
0.915185
0.010511
0.046609
0.213879
0.500322
0.815771
0.211323
0.721133
0.023684
0.012583
0.281936
0.908687
0.712524
0.771709
0.235565
0.289863
0.843502
0.111559
0.986499
0.366679
0.103447
0.319336
0.165234
0.813603
0.554997
0.390388
0.212251
0.774415
0.20637
0.497481
0.510825
0.343353
0.266853
0.753664
0.491817
0.995404
0.080512
0.657701
0.907884
0.542539
0.25441
0.693129
0.774334
0.679358
0.840111
0.288826
0.603947
0.757676
0.639924
0.566118
0.260823
0.314559
0.070161
0.749313
0.29773
0.921668
0.873585
0.81551
0.179068
0.071644
0.819162
0.116276
0.166982
0.451353
0.407127
0.449487
0.709597
0.736276
0.134271
0.68965
0.375824
0.912318
0.238913
0.390106
0.741489
0.382294
0.011417
0.101836
0.934206
0.945633
0.195867
0.138062
0.18074
0.152646
0.620178
0.862725
0.619303
0.351166
0.086327
0.536124
0.557302
0.218575
0.678317
0.376121
0.570061
0.807333
0.965092
0.140587
0.764884
0.762707
0.507644
0.301028
0.033004
0.975619
0.285551
0.353658
0.134116
0.298239
0.05397
0.446425
0.512622
0.444824
0.559047
0.539173
0.329907
0.639426
0.177653
0.593932
0.381186
0.521054
0.188197
0.092867
0.581974
0.659253
0.193452
0.862165
0.171678
0.917599
0.388863
0.861557
0.988025
0.550004
0.389513
0.380372
0.176494
0.861099
0.699006
0.983446
0.789289
0.95553
0.477902
0.782561
0.870716
0.874112
0.882373
0.417517
0.692695
0.785166
0.41328
0.254919
0.358369
0.423042
0.965024
0.623363
0.478118
0.286759
0.631087
0.975163
0.879833
0.358186
0.965887
0.026805
0.355616
0.206313
0.618901
0.679833
0.273732
0.740554
0.125909
0.449333
0.990972
0.854366
0.506336
0.892821
0.056683
0.03009
0.548574
0.786202
0.887373
0.432069
0.858017
0.391866
0.005276
0.901978
0.211061
0.068001
0.822676
0.90901
0.672733
0.132644
0.170108
0.781692
0.373065
0.03187
0.8855
0.303902
0.422523
0.768503
0.415809
0.897513
0.260848
0.711128
0.854292
0.689874
0.423442
0.058969
0.193823
0.154269
0.724815
0.416638
0.626129
0.154365
0.253332
0.766251
0.304309
0.739417
0.861876
0.424408
0.17356
0.728933
0.614535
0.509764
0.289897
0.383224
0.922687
0.556041
0.004987
0.734159
0.515449
0.309905
0.232005
0.72162
0.998645
0.211359
0.626288
0.692054
0.377916
0.571816
0.891256
0.279568
0.140068
0.569415
0.961695
0.706177
0.049645
0.378181
0.508251
0.727888
0.758165
0.443908
0.993212
0.319226
0.573729
0.340048
0.520199
0.478394
0.449337
0.022357
0.112094
0.257059
0.17759
0.371652
0.511318
0.315626
0.1378
0.715188
0.905645
0.100023
0.84538
0.637083
0.838604
0.434945
0.554955
0.990983
0.145669
0.657357
0.646575
0.682947
0.223411
0.21759
0.684112
0.545379
0.851
0.024577
0.789373
0.398678
0.307427
0.696232
0.530875
0.436319
0.052553
0.5023
0.539764
0.261929
0.044571
0.472336
0.093503
0.720249
0.99825
0.920896
0.973126
0.845243
0.406552
0.268704
0.992224
0.815179
0.758385
0.882024
0.998369
0.029752
0.862009
0.890905
0.188813
0.286559
0.036577
0.652544
0.31504
0.217114
0.854983
0.392929
0.383686
0.623996
0.353066
0.764819
0.537571
0.689577
0.302111
0.780862
0.031325
0.817375
0.6069
0.442017
0.350329
0.809723
0.571292
0.327698
0.746661
0.477928
0.952941
0.655036
0.504919
0.535496
0.874197
0.711826
0.614028
0.387059
0.666459
0.831792
0.036064
0.834608
0.036709
0.207488
0.902639
0.781648
0.748802
0.176664
0.4127
0.397294
0.211554
0.5102
0.993056
0.914538
0.218726
0.87921
0.924149
0.228381
0.155476
0.405295
0.799874
0.478771
0.887004
0.653553
0.631717
0.992889
0.530251
0.62931
0.693981
0.798823
0.118454
0.739167
0.721152
0.477281
0.142961
0.128912
0.080709
0.77021
0.933168
0.494913
0.711043
0.998568
0.079599
0.24377
0.382204
0.897532
0.306605
0.812663
0.624586
0.848022
0.693722
0.905685
0.269656
0.5607
0.442041
0.829044
0.961889
0.9634
0.171871
0.8205
0.604659
0.844249
0.782014
0.623826
0.843113
0.100087
0.885924
0.706795
0.253711
0.551144
0.834718
0.233927
0.365738
0.974438
0.656453
0.929691
0.775891
0.130593
0.460327
0.180247
0.282514
0.075433
0.357502
0.270949
0.170643
0.15585
0.390282
0.91474
0.306186
0.767695
0.836294
0.259644
0.535094
0.679517
0.034466
0.513353
0.128042
0.50251
0.437436
0.735389
0.301094
0.095639
0.388049
0.644665
0.238517
0.731969
0.127807
0.266036
0.1886
0.805676
0.03376
0.983181
0.826146
0.38518
0.564123
0.664941
0.052863
0.60417
0.905875
0.489625
0.067889
0.625339
0.169999
0.24947
0.945368
0.085497
0.079666
0.347738
0.750247
0.353506
0.679916
0.344933
0.922227
0.884653
0.598956
0.862117
0.964651
0.770476
0.122644
0.717478
0.461705
0.013176
0.975089
0.365718
0.742571
0.922302
0.577426
0.895549
0.486908
0.120336
0.353899
0.439882
0.608489
0.809907
0.653171
0.109574
0.877674
0.330423
0.476397
0.730069
0.604076
0.597871
0.751968
0.415764
0.363734
0.395301
0.746089
0.751394
0.928629
0.434627
0.276819
0.138829
0.253215
0.602774
0.483994
0.776329
0.175643
0.749324
0.256556
0.580545
0.663432
0.302424
0.353741
0.091694
0.083599
0.166073
0.242964
0.078894
0.979222
0.538576
0.187539
0.078999
0.761286
0.805671
0.327333
0.713354
0.355772
0.467863
0.605347
0.958897
0.675986
0.968179
0.154307
0.071193
0.671489
0.903514
0.25199
0.804741
0.178274
0.600333
0.262774
0.895589
0.019118
0.835308
0.525096
0.14754
0.511904
0.470333
0.448797
0.33989
0.059776
0.293969
0.793112
0.710093
0.837221
0.580498
0.720483
0.387607
0.317846
0.588451
0.561011
0.82212
0.406763
0.405593
0.754743
0.950684
0.517797
0.50564
0.892118
0.377611
0.102084
0.64373
0.302916
0.619524
0.820637
0.543609
0.223587
0.649612
0.965653
0.327305
0.737516
0.674453
0.582781
0.872513
0.663028
0.229859
0.043351
0.851716
0.605834
0.312137
0.850071
0.778666
0.52951
0.101513
0.06021
0.410614
0.753785
0.932392
0.171982
0.487239
0.201433
0.04652
0.739428
0.117462
0.48759
0.300705
0.872807
0.874615
0.883997
0.539846
0.406069
0.295916
0.123534
0.566384
0.397013
0.076765
0.989966
0.915428
0.472285
0.862816
0.915948
0.887088
0.079809
0.090204
0.270818
0.964122
0.878955
0.827834
0.025838
0.819191
0.894852
0.110178
0.937889
0.81583
0.726597
0.341285
0.059812
0.77114
0.119946
0.581165
0.667452
0.342695
0.768806
0.64732
0.886521
0.031383
0.528669
0.384235
0.639789
0.275939
0.402991
0.086547
0.351867
0.293168
0.774515
0.073755
0.53911
0.00999
0.863308
0.614437
0.851281
0.127784
0.875386
0.28548
0.468817
0.75557
0.379253
0.237579
0.217592
0.319955
0.802173
0.188872
0.633159
0.894081
0.969671
0.875254
0.249643
0.363933
0.813992
0.359258
0.947645
0.249471
0.014272
0.859547
0.69994
0.810832
0.250931
0.056091
0.104861
0.499935
0.023397
0.832658
0.656508
0.884733
0.144838
0.649302
0.59265
0.910472
0.607779
0.77741
0.22018
0.377436
0.852208
0.880836
0.966409
0.219874
0.415678
0.622922
0.505569
0.531132
0.290465
0.100391
0.656193
0.659946
0.170233
0.629899
0.03204
0.756738
0.627713
0.974012
0.960687
0.896933
0.370786
0.457803
0.57458
0.566878
0.26007
0.014986
0.370627
0.487086
0.073566
0.468271
0.85835
0.590793
0.519084
0.446707
0.624134
0.563254
0.328688
0.960533
0.577457
0.470343
0.432123
0.957272
0.307961
0.53604
0.833946
0.215886
0.396843
0.401631
0.797652
0.02287
0.259734
0.252872
0.133794
0.980901
0.957688
0.136955
0.590648
0.444101
0.262646
0.144088
0.67002
0.753199
0.091084
0.937358
0.291538
0.397595
0.293623
0.358797
0.910113
0.290512
0.221197
0.099675
0.167461
0.094748
0.048698
0.807668
0.502618
0.768857
0.655506
0.384093
0.398424
0.710791
0.272636
0.977719
0.938457
0.841531
0.776541
0.493064
0.812107
0.054425
0.265127
0.263099
0.902071
0.872285
0.935493
0.66766
0.329662
0.223391
0.719064
0.984741
0.469417
0.663799
0.119284
0.680336
0.246732
0.258756
0.331065
0.457255
0.9463
0.688362
0.726283
0.420505
0.044348
0.811231
0.161869
0.960166
0.367772
0.582645
0.668949
0.337666
0.79609
0.285514
0.714706
0.165673
0.035406
0.772707
0.541397
0.93006
0.071426
0.142182
0.421475
0.472515
0.501431
0.389054
0.863412
0.567518
0.514755
0.671029
0.575219
0.527223
0.756864
0.32148
0.140634
0.952825
0.066232
0.766875
0.136395
0.735646
0.164459
0.461838
0.412887
0.799712
0.621762
0.332611
0.527719
0.773276
0.713483
0.773785
0.667846
0.949779
0.007155
0.442689
0.82472
0.629376
0.402849
0.978878
0.529175
0.002989
0.062326
0.880517
0.04806
0.949165
0.742165
0.710125
0.063726
0.600879
0.52879
0.243814
0.389778
0.728694
0.379882
0.368476
0.345724
0.802555
0.683611
0.955498
0.139894
0.79456
0.887648
0.170976
0.253386
0.959335
0.651157
0.442854
0.503071
0.19047
0.986907
0.326989
0.08154
0.182542
0.267625
0.826859
0.208169
0.181721
0.16244
0.521626
0.143565
0.893812
0.440866
0.119954
0.599853
0.963107
0.304124
0.395726
0.537311
0.015824
0.982284
0.262399
0.636838
0.065728
0.940113
0.662307
0.172429
0.758238
0.911919
0.041872
0.517342
0.21084
0.680533
0.271716
0.234383
0.883783
0.759361
0.434516
0.256965
0.295891
0.524467
0.707938
0.953236
0.736013
0.833955
0.770322
0.008308
0.591786
0.842951
0.92458
0.637782
0.781174
0.523978
0.818396
0.229029
0.33179
0.378284
0.228727
0.205454
0.907213
0.61859
0.8343
0.500524
0.488955
0.621393
0.807123
0.116231
0.831882
0.938435
0.629062
0.202298
0.640035
0.579912
0.052456
0.596243
0.398742
0.801427
0.469575
0.844722
0.172464
0.954625
0.675373
0.424244
0.724339
0.381481
0.304986
0.905674
0.581554
0.340513
0.41637
0.589655
0.582317
0.221882
0.702681
0.760533
0.032024
0.692775
0.658803
0.190274
0.13268
0.746587
0.603181
0.61379
0.870525
0.665625
0.43321
0.484242
0.602476
0.758585
0.772829
0.50046
0.812336
0.001135
0.209459
0.994695
0.998238
0.574855
0.093004
0.314548
0.859486
0.407898
0.378444
0.777456
0.675208
0.963275
0.241955
0.954215
0.378975
0.059284
0.410163
0.446171
0.51441
0.591333
0.461476
0.687321
0.895823
0.005313
0.551046
0.592848
0.320634
0.912439
0.908641
0.386824
0.545688
0.6754
0.406694
0.807884
0.716794
0.695146
0.306741
0.883258
0.385924
0.662433
0.132076
0.033971
0.908176
0.747772
0.996139
0.737925
0.322048
0.711829
0.642797
0.783487
0.668358
0.36008
0.20925
0.3901
0.46697
0.1394
0.304675
0.389199
0.825353
0.01807
0.208475
0.352585
0.828883
0.63594
0.857036
0.449114
0.244865
0.781778
0.997981
0.483823
0.926915
0.979354
0.997862
0.643904
0.530671
0.910643
0.198415
0.187735
0.945042
0.308211
0.344499
0.132439
0.034829
0.358845
0.290953
0.729449
0.560099
0.002351
0.840696
0.196498
0.013453
0.393741
0.953933
0.186632
0.9719
0.733046
0.375313
0.424959
0.900576
0.718303
0.790369
0.274857
0.996762
0.303821
0.163313
0.798188
0.861459
0.248334
0.863082
0.240355
0.190475
0.550627
0.107412
0.31568
0.26448
0.504775
0.695919
0.196401
0.740296
0.702915
0.201316
0.568265
0.815219
0.985657
0.83303
0.944804
0.458912
0.776163
0.798661
0.71799
0.374135
0.768602
0.302623
0.645544
0.755422
0.864586
0.809377
0.986796
0.234369
0.53397
0.007627
0.545867
0.489837
0.964838
0.962939
0.43921
0.173484
0.335424
0.69421
0.669523
0.728081
0.21583
0.187309
0.63276
0.154841
0.600236
0.201397
0.664911
0.948006
0.478338
0.583486
0.353225
0.793263
0.260385
0.475876
0.71738
0.476846
0.934946
0.851357
0.414935
0.323699
0.46662
0.743702
0.857384
0.30764
0.699799
0.562655
0.868538
0.415855
0.258932
0.885351
0.618572
0.28778
0.053766
0.849897
0.579431
0.425998
0.097239
0.957164
0.813145
0.254001
0.414845
0.358134
0.286044
0.835587
0.399827
0.678296
0.792417
0.987112
0.045258
0.395952
0.620476
0.743923
0.251039
0.764612
0.326117
0.868757
0.886019
0.551996
0.25528
0.645233
0.066594
0.911975
0.479057
0.491645
0.112833
0.633853
0.168215
0.239976
0.776848
0.643025
0.833158
0.547838
0.379712
0.672408
0.689057
0.209812
0.38375
0.422663
0.759902
0.804795
0.163853
0.838711
0.969027
0.872706
0.025014
0.257847
0.798485
0.042832
0.792826
0.728507
0.905446
0.302048
0.645347
0.014742
0.337774
0.3764
0.601019
0.641193
0.413088
0.389916
0.81511
0.360073
0.571699
0.02415
0.807718
0.35322
0.282185
0.136992
0.442154
0.225187
0.980975
0.188994
0.431881
0.065742
0.575253
0.362625
0.194048
0.877025
0.121843
0.784319
0.588285
0.785225
0.109836
0.181626
0.331169
0.803782
0.779317
0.108365
0.975578
0.448816
0.990572
0.540922
0.33523
0.291232
0.201475
0.242781
0.212534
0.743105
0.254867
0.414817
0.330342
0.714939
0.844544
0.39138
0.44341
0.964774
0.880642
0.033082
0.380496
0.079845
0.606254
0.873999
0.056588
0.625373
0.252278
0.784657
0.047576
0.014761
0.593485
0.926067
0.953159
0.514607
0.807958
0.562972
0.274509
0.037327
0.138417
0.084397
0.503229
0.775373
0.158288
0.274849
0.850214
0.594569
0.830991
0.457337
0.61441
0.669148
0.425924
0.548766
0.027077
0.020901
0.540799
0.323821
0.110004
0.577957
0.725933
0.977363
0.223542
0.639584
0.029381
0.342599
0.085287
0.992924
0.675981
0.997075
0.836405
0.14836
0.430394
0.515294
0.573193
0.332291
0.023941
0.134374
0.294434
0.755609
0.206332
0.565955
0.416113
0.670017
0.86976
0.597492
0.795218
0.968385
0.735714
0.761631
0.277882
0.944331
0.956697
0.729643
0.648199
0.224834
0.700438
0.992633
0.025352
0.383567
0.774046
0.509359
0.977252
0.670025
0.14944
0.390354
0.760962
0.146865
0.83329
0.406287
0.298877
0.277129
0.050154
0.201843
0.748848
0.38313
0.751928
0.961828
0.56685
0.119613
0.288537
0.946867
0.914109
0.068938
0.987665
0.551567
0.373003
0.457183
0.318022
0.363831
0.037455
0.291257
0.236309
0.344742
0.844892
0.426606
0.328757
0.774917
0.966611
0.738732
0.576105
0.723649
0.044613
0.949809
0.459432
0.008006
0.317931
0.376345
0.736018
0.409063
0.6008
0.24963
0.409371
0.495515
0.511638
0.860261
0.441298
0.730477
0.110435
0.90532
0.781846
0.266648
0.037442
0.417986
0.460421
0.612894
0.76266
0.028306
0.849583
0.504844
0.653538
0.321843
0.952785
0.089209
0.546704
0.805461
0.992722
0.269299
0.013422
0.931202
0.141211
0.790319
0.107475
0.964727
0.724036
0.342539
0.956857
0.163423
0.414947
0.700237
0.766817
0.756549
0.387781
0.295897
0.956289
0.837514
0.58115
0.445819
0.374699
0.01346
0.524591
0.666173
0.697499
0.980974
0.83216
0.687152
0.552184
0.22308
0.727964
0.041273
0.908447
0.805385
0.940134
0.28027
0.319985
0.615922
0.886073
0.77763
0.46394
0.188083
0.112315
0.072494
0.38726
0.492339
0.658512
0.917007
0.572981
0.82687
0.479059
0.324463
0.017356
0.147162
0.501255
0.450344
0.654726
0.147306
0.844137
0.767618
0.21251
0.360791
0.270934
0.651972
0.918746
0.112375
0.440995
0.166246
0.396748
0.3468
0.57711
0.234718
0.271019
0.882957
0.404456
0.072555
0.389549
0.907112
0.75017
0.607281
0.156254
0.226653
0.850857
0.476197
0.820271
0.567062
0.635755
0.536832
0.694136
0.724668
0.619104
0.413689
0.420727
0.180866
0.671003
0.957006
0.402792
0.035933
0.853343
0.760661
0.061196
0.524241
0.346013
0.102893
0.495957
0.814437
0.670781
0.479125
0.800001
0.647812
0.314657
0.468259
0.165448
0.554368
0.462011
0.874572
0.556426
0.522931
0.930479
0.113824
0.606525
0.784827
0.972078
0.039996
0.935515
0.414098
0.746821
0.127378
0.005521
0.77524
0.614439
0.24665
0.886832
0.778719
0.853744
0.579067
0.01495
0.468827
0.628
0.532849
0.149295
0.246691
0.624082
0.818328
0.255962
0.392299
0.693994
0.41104
0.475526
0.189198
0.013323
0.467845
0.251965
0.57886
0.264094
0.711745
0.020008
0.131228
0.576506
0.587583
0.637881
0.263457
0.421712
0.748045
0.900756
0.357482
0.470705
0.745285
0.817291
0.840213
0.858128
0.138505
0.020629
0.791379
0.476542
0.489367
0.879272
0.29381
0.959047
0.406771
0.276413
0.817279
0.878083
0.707311
0.270326
0.50222
0.208178
0.884083
0.694115
0.623807
0.4105
0.576122
0.534996
0.537287
0.804125
0.052312
0.48855
0.244136
0.404817
0.434998
0.51277
0.384084
0.589834
0.01877
0.977839
0.413886
0.020252
0.02359
0.317375
0.555367
0.964659
0.204872
0.632538
0.339417
0.284365
0.465548
0.774006
0.670767
0.590909
0.679052
0.928877
0.532918
0.670655
0.04894
0.059884
0.912585
0.415078
0.290905
0.112188
0.384996
0.652869
0.668739
0.211773
0.339753
0.450402
0.297113
0.723703
0.2873
0.524341
0.714151
0.431377
0.397797
0.534986
0.630828
0.076961
0.081331
0.000739
0.730703
0.631243
0.570114
0.153595
0.290317
0.307332
0.762146
0.628381
0.249993
0.431529
0.473153
0.36223
0.853074
0.941429
0.757574
0.634293
0.637661
0.319918
0.494473
0.172125
0.044166
0.301697
0.608094
0.44624
0.409083
0.277524
0.132058
0.351089
0.3053
0.183352
0.876046
0.979284
0.157456
0.393729
0.402258
0.434072
0.967687
0.031005
0.656317
0.248614
0.421957
0.859064
0.057713
0.936935
0.357062
0.610969
0.75522
0.437373
0.333895
0.226134
0.404966
0.302061
0.954122
0.997349
0.665043
0.166114
0.402304
0.140647
0.116939
0.003335
0.715205
0.756752
0.425539
0.475493
0.168714
0.833457
0.893026
0.484328
0.858611
0.856746
0.419183
0.328353
0.106034
0.261258
0.536915
0.88542
0.289632
0.911831
0.427279
0.705698
0.124989
0.549892
0.414543
0.909037
0.069957
0.186825
0.813841
0.878505
0.015223
0.100675
0.310783
0.547017
0.701649
0.60674
0.513687
0.076562
0.339726
0.760537
0.441033
0.147966
0.021806
0.606715
0.927615
0.332147
0.120391
0.528798
0.611521
0.472096
0.169798
0.615492
0.496826
0.910817
0.001801
0.313899
0.641597
0.336313
0.04093
0.808507
0.376202
0.223106
0.581841
0.279438
0.171459
0.519562
0.833135
0.530371
0.672661
0.607215
0.297975
0.372477
0.941096
0.073021
0.247032
0.317415
0.167387
0.134923
0.103173
0.384371
0.297341
0.482112
0.876008
0.503548
0.143081
0.205637
0.753906
0.278558
0.906648
0.648588
0.565029
0.651078
0.448186
0.187203
0.534689
0.014348
0.611558
0.650734
0.650824
0.812721
0.536869
0.10654
0.996895
0.352891
0.59166
0.21278
0.17603
0.858103
0.21702
0.671704
0.268424
0.278723
0.699121
0.691587
0.169259
0.66165
0.389279
0.343231
0.542334
0.534151
0.824424
0.073566
0.25141
0.813592
0.524968
0.899296
0.769296
0.17517
0.290907
0.694565
0.557587
0.851909
0.197553
0.636571
0.883025
0.612619
0.399406
0.427895
0.251511
0.947892
0.247439
0.132851
0.65995
0.432529
0.64293
0.508156
0.74016
0.233159
0.802189
0.574644
0.764001
0.41367
0.45853
0.339288
0.568689
0.077833
0.92613
0.239106
0.918244
0.328802
0.129633
0.175326
0.835508
0.090806
0.761857
0.47028
0.037175
0.965403
0.405265
0.291603
0.102733
0.944259
0.711354
0.053236
0.347081
0.165101
0.633756
0.132476
0.504025
0.66651
0.588304
0.528737
0.076307
0.924877
0.767027
0.912652
0.631843
0.650964
0.516144
0.246931
0.552685
0.740219
0.414025
0.276898
0.221016
0.017283
0.499527
0.842564
0.80504
0.358689
0.036705
0.094175
0.209907
0.753942
0.310461
0.788683
0.547784
0.478304
0.776376
0.154339
0.845452
0.030494
0.368392
0.541691
0.946733
0.548559
0.402867
0.700737
0.772405
0.91581
0.414263
0.373985
0.006634
0.915925
0.2514
0.132675
0.058023
0.237117
0.830797
0.38601
0.859523
0.082957
0.003222
0.38364
0.198773
0.975074
0.006272
0.663565
0.516315
0.846119
0.495103
0.521769
0.203007
0.520772
0.127341
0.640175
0.893318
0.397557
0.576694
0.774826
0.983007
0.116955
0.941061
0.01894
0.084724
0.548174
0.913082
0.549428
0.693762
0.826023
0.925975
0.073471
0.861825
0.486245
0.535417
0.548898
0.041205
0.962232
0.729966
0.180295
0.386927
0.250156
0.866699
0.673122
0.631176
0.749971
0.862193
0.144696
0.484923
0.386724
0.892932
0.090956
0.980483
0.182403
0.195325
0.613051
0.568416
0.801467
0.68561
0.002032
0.634504
0.285932
0.960834
0.543473
0.966848
0.650975
0.337366
0.613057
0.565956
0.506149
0.554751
0.229738
0.19052
0.006301
0.075987
0.85312
0.257825
0.020246
0.720437
0.320972
0.242282
0.093413
0.734487
0.149067
0.800657
0.961947
0.45443
0.146207
0.236325
0.060018
0.067598
0.741231
0.654472
0.736738
0.346609
0.364887
0.368871
0.268023
0.382046
0.131244
0.576777
0.450046
0.778511
0.60925
0.0497
0.661392
0.521168
0.470027
0.476802
0.730598
0.233869
0.139458
0.773113
0.072518
0.224197
0.510557
0.466476
0.987419
0.43308
0.882285
0.474754
0.526931
0.805041
0.800894
0.661102
0.64274
0.703576
0.981286
0.891499
0.786937
0.138608
0.021685
0.286805
0.470056
0.878012
0.642342
0.166429
0.26959
0.617677
0.883032
0.645206
0.414843
0.844834
0.719768
0.348245
0.932181
0.662629
0.133236
0.217347
0.643715
0.213259
0.034503
0.316406
0.01815
0.055852
0.965298
0.264432
0.284528
0.098219
0.744332
0.19476
0.464614
0.518657
0.15623
0.182786
0.874889
0.192832
0.33228
0.72398
0.202808
0.241226
0.214643
0.757781
0.228654
0.828558
0.825271
0.475913
0.568431
0.263612
0.061049
0.977373
0.015731
0.136406
0.628784
0.878873
0.308036
0.68343
0.977996
0.645243
0.494541
0.591471
0.618947
0.526227
0.551805
0.841827
0.214174
0.675722
0.403432
0.993435
0.194879
0.833889
0.405795
0.10917
0.084073
0.18802
0.737285
0.832493
0.604141
0.927998
0.025802
0.325847
0.651227
0.60477
0.983493
0.489381
0.061944
0.527355
0.82889
0.251992
0.408553
0.053389
0.507105
0.984554
0.522179
0.973032
0.717089
0.434932
0.738785
0.006519
0.247848
0.461231
0.044413
0.795827
0.259777
0.332984
0.663594
0.028204
0.056844
0.581955
0.350879
0.251359
0.01649
0.937639
0.577309
0.844143
0.353081
0.196638
0.86868
0.97134
0.897134
0.565611
0.014706
0.439296
0.325834
0.638425
0.685425
0.84325
0.382589
0.134905
0.916321
0.560978
0.36068
0.133008
0.012706
0.166276
0.406992
0.276532
0.058288
0.679199
0.15723
0.18223
0.547726
0.74056
0.831765
0.837345
0.393268
0.840714
0.932732
0.966741
0.524193
0.524149
0.08313
0.01384
0.176263
0.15095
0.276565
0.545922
0.127688
0.922272
0.527983
0.593647
0.319415
0.031488
0.152981
0.865167
0.208555
0.10802
0.718247
0.946667
0.636716
0.507928
0.411824
0.875863
0.841746
0.425629
0.279837
0.629473
0.778997
0.020505
0.224681
0.167548
0.671308
0.520681
0.037529
0.948557
0.129126
0.164029
0.897758
0.080787
0.662158
0.627402
0.717799
0.055615
0.009745
0.822355
0.304087
0.845388
0.94077
0.590919
0.680418
0.201222
0.814296
0.048244
0.514852
0.351915
0.944532
0.182499
0.518106
0.700904
0.012266
0.593688
0.314373
0.91881
0.868396
0.070417
0.827054
0.847216
0.163702
0.287646
0.00456
0.880445
0.700078
0.627626
0.390725
0.913175
0.266544
0.822273
0.693661
0.904696
0.61364
0.291968
0.443641
0.366769
0.72018
0.456807
0.177019
0.412259
0.636104
0.091094
0.487293
0.483869
0.160929
0.104156
0.577356
0.999362
0.152749
0.887765
0.511113
0.857998
0.929303
0.210101
0.290604
0.279423
0.581816
0.691219
0.038525
0.843841
0.621485
0.932443
0.314907
0.350089
0.929599
0.863907
0.436235
0.480175
0.03224
0.841898
0.662938
0.05955
0.266806
0.496176
0.473473
0.901674
0.887903
0.677574
0.752598
0.973228
0.870873
0.908945
0.137262
0.774536
0.923947
0.674846
0.469877
0.413215
0.163876
0.942424
0.333958
0.811541
0.453885
0.121973
0.685525
0.25508
0.897207
0.785447
0.96695
0.689479
0.293939
0.33023
0.883036
0.578716
0.674193
0.320052
0.148969
0.003541
0.514821
0.881221
0.471331
0.184296
0.105277
0.563388
0.8018
0.495188
0.203093
0.002255
0.199682
0.264406
0.254172
0.418032
0.286983
0.838456
0.685009
0.21041
0.39446
0.765191
0.455121
0.036047
0.513719
0.559522
0.254958
0.183055
0.139821
0.256121
0.862533
0.576962
0.338976
0.824248
0.562719
0.229495
0.133787
0.497084
0.383929
0.826235
0.028229
0.554599
0.384026
0.304139
0.176787
0.606034
0.450526
0.595499
0.988291
0.011534
0.987986
0.280378
0.057353
0.290642
0.630937
0.213955
0.415308
0.175906
0.53979
0.310422
0.771056
0.215167
0.938759
0.139026
0.273797
0.196631
0.127821
0.103909
0.619965
0.506682
0.289684
0.142989
0.138874
0.156992
0.822123
0.161767
0.205859
0.500622
0.628503
0.78405
0.738953
0.353145
0.405394
0.536583
0.145312
0.933263
0.75868
0.522853
0.24209
0.44469
0.784243
0.534789
0.807915
0.289057
0.804912
0.567693
0.770147
0.014335
0.640288
0.230579
0.475197
0.191323
0.047693
0.09106
0.116523
0.730953
0.314826
0.766476
0.247134
0.563578
0.286075
0.199723
0.367851
0.047515
0.19237
0.946432
0.3865
0.578251
0.487477
0.485338
0.357225
0.117594
0.0782
0.530099
0.138867
0.02358
0.850025
0.769493
0.663148
0.172317
0.020145
0.14686
0.877394
0.032664
0.855659
0.397123
0.043145
0.90394
0.510395
0.348446
0.220902
0.044505
0.762011
0.792695
0.750029
0.666846
0.621323
0.442351
0.680896
0.93817
0.338996
0.720164
0.243025
0.183903
0.003287
0.494656
0.443853
0.837454
0.112444
0.14428
0.844961
0.575181
0.089912
0.102389
0.693867
0.960176
0.962165
0.070301
0.49649
0.472629
0.552531
0.883641
0.993269
0.751729
0.308772
0.119251
0.578585
0.887391
0.833856
0.138941
0.646189
0.422342
0.032167
0.97599
0.443388
0.021754
0.733437
0.010424
0.524835
0.910609
0.780362
0.634422
0.488646
0.767874
0.462474
0.682368
0.251923
0.217634
0.092842
0.32828
0.528858
0.061947
0.73204
0.796698
0.653695
0.142799
0.081166
0.47934
0.633664
0.22455
0.125935
0.236503
0.691977
0.757107
0.470151
0.629131
0.912167
0.248525
0.775223
0.54031
0.628864
0.703802
0.366166
0.980179
0.267239
0.97065
0.54617
0.297965
0.362321
0.727747
0.140708
0.967569
0.549887
0.335748
0.927637
0.811391
0.449122
0.266327
0.187538
0.740692
0.434925
0.217259
0.036549
0.812808
0.608958
0.18204
0.393422
0.282717
0.702528
0.241147
0.966773
0.798732
0.966665
0.085063
0.806325
0.241892
0.479055
0.910881
0.765617
0.164345
0.130418
0.47874
0.495579
0.006595
0.352085
0.275896
0.802541
0.367736
0.363991
0.810961
0.385053
0.381619
0.362265
0.105284
0.555939
0.200846
0.3652
0.885828
0.911669
0.871709
0.253259
0.374179
0.938239
0.765439
0.755243
0.27469
0.922168
0.288488
0.950824
0.930518
0.444727
0.449399
0.666596
0.875263
0.982817
0.654167
0.637176
0.287873
0.48324
0.388165
0.103587
0.268633
0.286643
0.698032
0.956824
0.700863
0.325517
0.202264
0.488642
0.666051
0.625794
0.009187
0.234392
0.079437
0.547708
0.487345
0.085003
0.097639
0.341953
0.382559
0.545947
0.156762
0.327635
0.6528
0.92793
0.231002
0.579148
0.093798
0.267396
0.778743
0.719847
0.39979
0.46166
0.851005
0.263619
0.890286
0.269357
0.729645
0.926272
0.274158
0.671636
0.529599
0.132967
0.818734
0.874413
0.873506
0.131951
0.516722
0.952643
0.557204
0.0719
0.323725
0.800603
0.6893
0.988052
0.026211
0.187891
0.894188
0.782166
0.147003
0.440743
0.683472
0.880902
0.724476
0.880044
0.359669
0.942686
0.422515
0.838273
0.067721
0.701242
0.487162
0.367755
0.508795
0.631354
0.584933
0.511148
0.336221
0.658215
0.428893
0.567498
0.750395
0.159857
0.713409
0.68456
0.929199
0.45895
0.861127
0.923587
0.447655
0.083146
0.085409
0.665453
0.450066
0.29771
0.723812
0.608793
0.614175
0.183882
0.35709
0.43274
0.242524
0.09396
0.739173
0.679754
0.680815
0.746799
0.235829
0.792383
0.720239
0.284996
0.675587
0.184982
0.741371
0.2473
0.91238
0.227775
0.17942
0.862736
0.18223
0.659594
0.408647
0.297963
0.999545
0.724722
0.814431
0.054946
0.852824
0.239153
0.006292
0.120401
0.955059
0.157318
0.892117
0.149485
0.10859
0.650675
0.905233
0.746062
0.766518
0.172397
0.260322
0.239816
0.342234
0.74682
0.43065
0.118499
0.593441
0.696053
0.733466
0.198047
0.561938
0.803287
0.289991
0.278452
0.940648
0.767536
0.535975
0.853996
0.435475
0.324714
0.535075
0.513173
0.686702
0.85834
0.03422
0.591341
0.367284
0.229341
0.247318
0.000293
0.359489
0.823762
0.88286
0.669841
0.89732
0.357791
0.963397
0.438947
0.472309
0.97691
0.757737
0.847371
0.153045
0.947183
0.002452
0.134358
0.336808
0.966019
0.432136
0.995349
0.816043
0.209763
0.780287
0.395022
0.668645
0.511706
0.314843
0.569151
0.211373
0.869732
0.294016
0.154937
0.55945
0.871135
0.841988
0.267221
0.987564
0.458385
0.607757
0.765294
0.369568
0.038722
0.351932
0.991581
0.286518
0.359808
0.719589
0.252159
0.916472
0.260258
0.311007
0.22814
0.075002
0.263803
0.325451
0.589537
0.883147
0.055389
0.019822
0.216079
0.218769
0.740393
0.538231
0.225417
0.003572
0.322752
0.772008
0.575931
0.708438
0.866053
0.55225
0.448351
0.541132
0.397729
0.31032
0.28738
0.885309
0.626192
0.68928
0.141904
0.559011
0.432183
0.685657
0.320346
0.525031
0.66446
0.94163
0.941272
0.271966
0.38072
0.344672
0.919894
0.107428
0.27305
0.86849
0.792166
0.976048
0.517558
0.828977
0.17068
0.745023
0.703649
0.712551
0.208802
0.042282
0.545643
0.516218
0.613765
0.499021
0.087263
0.069101
0.736421
0.339594
0.024232
0.225064
0.782011
0.873858
0.428582
0.041373
0.626334
0.249185
0.05282
0.080289
0.594501
0.097297
0.516218
0.917441
0.97364
0.473546
0.011961
0.695134
0.599049
0.796357
0.054117
0.899538
0.804018
0.491577
0.014594
0.866202
0.383472
0.29109
0.829594
0.636832
0.945515
0.660786
0.116481
0.501168
0.441276
0.345781
0.066209
0.253876
0.318167
0.875454
0.99363
0.41434
0.42709
0.791339
0.753225
0.101685
0.543322
0.683661
0.308505
0.273624
0.984192
0.213324
0.846425
0.279879
0.786804
0.093506
0.976296
0.238613
0.496315
0.464396
0.583403
0.708756
0.452031
0.610264
0.019545
0.182219
0.970105
0.916449
0.054321
0.315923
0.211081
0.639801
0.624555
0.130933
0.240549
0.313047
0.647854
0.582848
0.034799
0.869731
0.826551
0.683236
0.34357
0.059538
0.110645
0.454253
0.914672
0.930538
0.854414
0.691391
0.333565
0.962752
0.301776
0.220984
0.789238
0.278025
0.928938
0.833601
0.403352
0.328966
0.262547
0.784728
0.816852
0.235326
0.767489
0.249948
0.364906
0.095583
0.891085
0.997965
0.095577
0.560787
0.286355
0.068273
0.817034
0.94478
0.823803
0.722695
0.1178
0.070762
0.616682
0.626993
0.971753
0.236976
0.923273
0.933203
0.594062
0.041435
0.171996
0.683901
0.330325
0.931045
0.585891
0.995691
0.985831
0.527716
0.368897
0.23164
0.968412
0.727849
0.231395
0.698082
0.151777
0.918599
0.57298
0.34796
0.907988
0.632048
0.03845
0.44545
0.642882
0.833959
0.469116
0.110034
0.629805
0.43244
0.376979
0.601754
0.307131
0.562361
0.12477
0.4901
0.643067
0.921464
0.896982
0.89283
0.376873
0.107091
0.180485
0.889652
0.028373
0.281552
0.52913
0.873587
0.222081
0.448554
0.947857
0.980897
0.2019
0.876531
0.158951
0.114453
0.720366
0.208014
0.643677
0.40903
0.787585
0.937301
0.606195
0.115657
0.436108
0.175963
0.777422
0.785335
0.622657
0.434362
0.391019
0.426533
0.44715
0.336132
0.944979
0.646919
0.716274
0.695989
0.157324
0.433191
0.09537
0.488384
0.912739
0.190906
0.278598
0.140868
0.949674
0.90448
0.903046
0.285144
0.172882
0.314834
0.920448
0.4517
0.343637
0.75651
0.103714
0.208602
0.688261
0.586966
0.270079
0.453025
0.771295
0.514702
0.235887
0.645269
0.987562
0.374984
0.992593
0.867749
0.199065
0.343286
0.242377
0.545831
0.09548
0.251135
0.900916
0.452578
0.22499
0.953793
0.874074
0.817335
0.357155
0.705905
0.893941
0.175781
0.466056
0.917036
0.088473
0.612446
0.125733
0.74555
0.563794
0.991934
0.61726
0.930276
0.418412
0.249557
0.761365
0.407388
0.105568
0.497019
0.191789
0.618656
0.481564
0.529181
0.650358
0.402797
0.167698
0.982521
0.955289
0.271736
0.30908
0.997323
0.682626
0.971395
0.789377
0.543655
0.459911
0.704176
0.72888
0.381488
0.421189
0.557593
0.169267
0.930299
0.65414
0.140788
0.447622
0.909036
0.317151
0.679067
0.011659
0.442024
0.228621
0.782809
0.140713
0.449575
0.251864
0.709258
0.039237
0.913679
0.446089
0.993647
0.277755
0.904374
0.71165
0.704585
0.138515
0.587646
0.186773
0.758678
0.766506
0.322751
0.037105
0.038035
0.721514
0.304393
0.329259
0.215142
0.439908
0.680129
0.55017
0.355833
0.177811
0.199807
0.700191
0.980723
0.16414
0.92077
0.721031
0.581053
0.033556
0.909718
0.369249
0.445458
0.40583
0.468052
0.059831
0.08432
0.765236
0.446232
0.87462
0.851888
0.875466
0.059237
0.478599
0.229922
0.797417
0.586227
0.138271
0.901173
0.068251
0.102544
0.808401
0.773609
0.20824
0.071739
0.506463
0.525625
0.19644
0.685346
0.23843
0.732844
0.878538
0.438311
0.705098
0.90534
0.698606
0.44594
0.600179
0.767664
0.784718
0.372623
0.67406
0.880023
0.892156
0.61471
0.252726
0.956707
0.870587
0.928395
0.651076
0.19786
0.71414
0.74849
0.597498
0.080142
0.078124
0.01644
0.43088
0.650994
0.679224
0.795386
0.021682
0.418101
0.131591
0.906081
0.716519
0.599361
0.577903
0.058042
0.518344
0.114523
0.393533
0.334629
0.931016
0.53567
0.76668
0.739813
0.106442
0.200835
0.382951
0.640275
0.953465
0.966047
0.274776
0.530769
0.299897
0.590945
0.541411
0.039724
0.442951
0.041257
0.284965
0.04175
0.982376
0.353132
0.915388
0.180886
0.63769
0.184514
0.545868
0.326663
0.558684
0.493566
0.64576
0.400035
0.460187
0.13397
0.274197
0.301448
0.813356
0.305738
0.877321
0.057449
0.015937
0.893415
0.725474
0.447456
0.952071
0.266985
0.005071
0.107589
0.636488
0.292889
0.062476
0.055641
0.906571
0.200094
0.875709
0.58728
0.17134
0.007072
0.405469
0.165558
0.497141
0.926546
0.868408
0.034141
0.703281
0.428673
0.940185
0.561597
0.507255
0.667571
0.520365
0.331737
0.168208
0.337728
0.323518
0.750605
0.871458
0.795561
0.558606
0.18241
0.913098
0.555692
0.53531
0.70399
0.806318
0.372111
0.368936
0.785741
0.156038
0.783209
0.779897
0.77937
0.61785
0.291449
0.028816
0.860795
0.629576
0.601903
0.204453
0.53732
0.807726
0.08242
0.668026
0.433587
0.228626
0.302806
0.135897
0.859296
0.149157
0.649331
0.13218
0.648979
0.099034
0.352334
0.195514
0.464894
0.590494
0.953451
0.056299
0.602479
0.5193
0.262835
0.828206
0.015468
0.592911
0.775348
0.201157
0.766694
0.240771
0.939686
0.38061
0.03542
0.577104
0.039633
0.457525
0.444638
0.413343
0.120416
0.235423
0.903485
0.300473
0.309018
0.681921
0.379431
0.328373
0.995819
0.401347
0.344965
0.47152
0.629032
0.538888
0.344589
0.708836
0.874366
0.390707
0.511018
0.396565
0.075056
0.943554
0.901152
0.913149
0.505692
0.787796
0.727554
0.381492
0.196772
0.469721
0.240331
0.410545
0.419261
0.678868
0.668155
0.165045
0.519955
0.355293
0.016516
0.112004
0.67921
0.005286
0.052408
0.091106
0.540917
0.237566
0.604356
0.453384
0.250406
0.925789
0.285253
0.734166
0.883988
0.284629
0.513487
0.088999
0.160301
0.359842
0.881681
0.7832
0.094936
0.058341
0.142624
0.379382
0.68932
0.91798
0.534987
0.271116
0.504293
0.046007
0.473898
0.384961
0.326278
0.644915
0.072093
0.564337
0.226238
0.311829
0.486817
0.494277
0.955494
0.905831
0.615676
0.288664
0.32599
0.253092
0.871332
0.49029
0.935839
0.098215
0.723005
0.087895
0.543791
0.524665
0.258001
0.456911
0.430463
0.606098
0.725175
0.044785
0.777852
0.296229
0.283303
0.602644
0.893532
0.972957
0.248365
0.982995
0.990876
0.343493
0.167786
0.436213
0.388719
0.794424
0.62558
0.072743
0.83345
0.696816
0.604536
0.47011
0.375926
0.31768
0.319897
0.048116
0.169248
0.865968
0.707818
0.343582
0.885186
0.216012
0.733245
0.403997
0.126301
0.240288
0.234576
0.395166
0.600593
0.641965
0.651211
0.140489
0.904677
0.501863
0.908602
0.090658
0.93476
0.867467
0.034021
0.093938
0.445785
0.019389
0.292847
0.557019
0.642903
0.184332
0.909631
0.229498
0.428541
0.25037
0.611404
0.931072
0.933078
0.530192
0.658877
0.421234
0.490306
0.286326
0.934339
0.077317
0.127267
0.352487
0.769084
0.175015
0.637753
0.876368
0.305412
0.203553
0.824863
0.959702
0.7537
0.943414
0.703301
0.370444
0.142704
0.957015
0.649634
0.687662
0.5694
0.862256
0.850722
0.51576
0.031755
0.177111
0.581316
0.707659
0.065912
0.676665
0.875453
0.639061
0.272427
0.561402
0.668563
0.505446
0.420951
0.214749
0.145614
0.308611
0.709645
0.168293
0.698959
0.933587
0.165103
0.214651
0.078991
0.552992
0.403589
0.444433
0.634953
0.071711
0.801997
0.624509
0.537221
0.318675
0.80625
0.347961
0.24963
0.207479
0.035178
0.668377
0.103349
0.188789
0.990572
0.507936
0.457554
0.864086
0.113963
0.455296
0.841019
0.777404
0.426905
0.138488
0.432706
0.648656
0.428206
0.729223
0.197971
0.134568
0.745429
0.165529
0.137181
0.574272
0.606265
0.668439
0.751046
0.79919
0.191278
0.703551
0.297017
0.673118
0.166744
0.748769
0.983136
0.49203
0.980015
0.103742
0.605064
0.198428
0.280091
0.341128
0.313334
0.302567
0.299591
0.67598
0.793964
0.764659
0.380123
0.328854
0.849118
0.189096
0.905263
0.593562
0.214541
0.987267
0.039201
0.817432
0.122431
0.687404
0.914779
0.011818
0.175117
0.357283
0.989135
0.317261
0.624911
0.551491
0.969045
0.015607
0.162346
0.246286
0.590593
0.430492
0.679764
0.842454
0.242714
0.631269
0.48005
0.673747
0.73764
0.887531
0.672007
0.616197
0.653818
0.922392
0.531813
0.049807
0.480159
0.071358
0.307559
0.24073
0.714712
0.860066
0.018343
0.40799
0.458848
0.575985
0.163399
0.198426
0.917491
0.961909
0.27352
0.407814
0.140171
0.690055
0.760263
0.739909
0.323171
0.802116
0.537777
0.749165
0.654721
0.480707
0.591393
0.326448
0.871432
0.402771
0.004739
0.911258
0.563745
0.496027
0.334216
0.409252
0.531232
0.631995
0.952311
0.361605
0.221023
0.427177
0.727993
0.073828
0.373763
0.580316
0.339538
0.396156
0.845707
0.15738
0.628113
0.05007
0.97012
0.73433
0.469531
0.053798
0.185687
0.698959
0.953359
0.119321
0.183455
0.518457
0.407712
0.504284
0.148139
0.784107
0.072899
0.984595
0.901535
0.667172
0.505766
0.650981
0.311158
0.865276
0.714901
0.81339
0.627766
0.719471
0.591716
0.709697
0.52741
0.474223
0.06479
0.60084
0.377386
0.568258
0.580625
0.91777
0.644945
0.493026
0.697676
0.353416
0.191365
0.448117
0.436732
0.538575
0.943007
0.783547
0.493966
0.718966
0.988199
0.032541
0.809647
0.514312
0.628106
0.14878
0.272
0.444922
0.769694
0.985858
0.475351
0.669989
0.341163
0.294209
0.33855
0.389435
0.922716
0.128283
0.338369
0.184886
0.030363
0.433992
0.612832
0.918626
0.818116
0.593166
0.89582
0.571447
0.258105
0.313855
0.634333
0.281533
0.771756
0.673679
0.280412
0.348057
0.32881
0.32617
0.688411
0.995149
0.796936
0.625941
0.876469
0.583227
0.989608
0.958322
0.881992
0.815091
0.672909
0.088178
0.172022
0.629025
0.373768
0.542631
0.779503
0.159633
0.667381
0.564229
0.249895
0.510894
0.013564
0.465385
0.477562
0.816861
0.572097
0.12108
0.301659
0.11397
0.077591
0.126775
0.618826
0.333762
0.658978
0.224676
0.26857
0.463463
0.334472
0.560346
0.07801
0.11128
0.154959
0.412572
0.758794
0.572017
0.015441
0.198128
0.85339
0.020545
0.454907
0.675677
0.959586
0.789567
0.139308
0.439964
0.131116
0.663076
0.607176
0.937245
0.453129
0.528807
0.872905
0.611477
0.932345
0.896244
0.835118
0.72657
0.507578
0.954176
0.777117
0.7552
0.736091
0.46512
0.080778
0.897022
0.204445
0.410934
0.565012
0.347254
0.085953
0.386928
0.010493
0.840119
0.341323
0.652854
0.03643
0.122551
0.381917
0.37324
0.132689
0.455206
0.860142
0.440955
0.867519
0.909441
0.254504
0.786291
0.642245
0.925896
0.761175
0.429844
0.426934
0.390534
0.463313
0.329752
0.648435
0.327376
0.581054
0.070197
0.790376
0.822609
0.856541
0.050654
0.207734
0.621827
0.414082
0.661374
0.148802
0.209303
0.20291
0.440376
0.095899
0.253653
0.880652
0.751739
0.679137
0.985659
0.432043
0.112724
0.798519
0.161903
0.33229
0.856539
0.296302
0.949802
0.629302
0.008898
0.481766
0.713614
0.495203
0.912948
0.068667
0.486337
0.058861
0.527099
0.027474
0.628458
0.635806
0.110381
0.040182
0.370767
0.230482
0.995087
0.434333
0.524638
0.008191
0.508965
0.873167
0.200481
0.134598
0.379739
0.75062
0.551859
0.827373
0.157794
0.056816
0.798548
0.426363
0.205976
0.931426
0.310279
0.048857
0.305964
0.643342
0.228771
0.419061
0.842442
0.608881
0.017654
0.184282
0.148253
0.009837
0.741971
0.604652
0.631429
0.984129
0.184503
0.360215
0.511917
0.531274
0.020295
0.480022
0.448033
0.713475
0.81359
0.226414
0.756609
0.793223
0.128321
0.948922
0.536965
0.367708
0.676936
0.738585
0.530129
0.208679
0.808763
0.40496
0.212455
0.084707
0.203679
0.810071
0.406857
0.584959
0.394801
0.971287
0.372084
0.897107
0.474933
0.433717
0.863026
0.758725
0.168148
0.0119
0.33318
0.691287
0.683543
0.532303
0.845567
0.474819
0.430985
0.032666
0.286693
0.380999
0.556342
0.945101
0.792681
0.601564
0.167724
0.128577
0.012711
0.850412
0.10874
0.359518
0.180029
0.779671
0.141362
0.488726
0.493113
0.618334
0.213898
0.113622
0.157268
0.317409
0.422192
0.075659
0.867868
0.903032
0.633817
0.237386
0.822104
0.675895
0.942919
0.125195
0.480993
0.888567
0.654433
0.271562
0.605519
0.649456
0.197867
0.427562
0.199102
0.472738
0.595871
0.888109
0.368956
0.887592
0.104588
0.589204
0.288738
0.029171
0.205754
0.29776
0.677646
0.591733
0.531663
0.208687
0.94296
0.253161
0.861322
0.407321
0.368973
0.897313
0.359294
0.675773
0.865697
0.858446
0.551317
0.79038
0.56628
0.499082
0.768249
0.31872
0.838865
0.032703
0.956748
0.959879
0.074585
0.492163
0.975745
0.753566
0.549039
0.76628
0.875377
0.255309
0.6986
0.793416
0.976081
0.17655
0.087916
0.270572
0.522862
0.12185
0.086322
0.950887
0.586077
0.274184
0.718026
0.154921
0.263297
0.649997
0.998796
0.296953
0.728761
0.667597
0.149881
0.75075
0.429969
0.582053
0.958523
0.763975
0.280383
0.036484
0.94138
0.387778
0.267425
0.816
0.782881
0.630812
0.799295
0.922549
0.288095
0.043147
0.620754
0.246293
0.881239
0.351885
0.514483
0.377798
0.576829
0.641562
0.962389
0.379317
0.356882
0.878671
0.144641
0.937799
0.246652
0.336422
0.78428
0.023467
0.711313
0.127333
0.015136
0.69563
0.512274
0.398171
0.385344
0.349744
0.3562
0.143025
0.007711
0.938178
0.759841
0.35635
0.651388
0.906483
0.594066
0.155218
0.790935
0.397241
0.326955
0.561562
0.366122
0.119955
0.969009
0.498932
0.531246
0.560696
0.121063
0.234315
0.185522
0.547763
0.853496
0.187117
0.247259
0.069779
0.950508
0.233044
0.090502
0.595422
0.692036
0.156324
0.325055
0.127204
0.599031
0.437421
0.973412
0.775169
0.322951
0.779675
0.785099
0.516028
0.626409
0.652033
0.091449
0.404167
0.965947
0.252
0.961369
0.535613
0.200512
0.634082
0.41048
0.446708
0.253035
0.035893
0.564299
0.825476
0.787839
0.649656
0.895978
0.274254
0.193727
0.052639
0.058833
0.096459
0.602845
0.840722
0.27033
0.280669
0.586746
0.740482
0.896874
0.229585
0.895553
0.573269
0.80286
0.323106
0.108483
0.263096
0.363892
0.037813
0.769558
0.189801
0.670108
0.046924
0.09405
0.658816
0.850411
0.757032
0.998918
0.061476
0.070274
0.243733
0.361236
0.167705
0.9274
0.59364
0.943831
0.795648
0.60321
0.450678
0.330815
0.664935
0.553232
0.679166
0.690554
0.193407
0.695856
0.883457
0.074748
0.291884
0.630361
0.974907
0.896855
0.167668
0.260917
0.318862
0.668326
0.198794
0.464206
0.27873
0.858449
0.79933
0.547938
0.954785
0.428709
0.658407
0.75108
0.020647
0.911692
0.566216
0.943449
0.908436
0.759498
0.951113
0.564253
0.597382
0.599627
0.781023
0.463755
0.732214
0.94884
0.546872
0.066792
0.525843
0.93361
0.008532
0.238322
0.482262
0.459495
0.267373
0.905941
0.897384
0.615385
0.733829
0.939254
0.918627
0.834391
0.206073
0.032156
0.871266
0.151666
0.181834
0.709245
0.232392
0.509114
0.127868
0.543405
0.153551
0.129243
0.909391
0.41137
0.531661
0.890167
0.937614
0.47721
0.018763
0.979408
0.515062
0.447711
0.600541
0.659899
0.592608
0.915355
0.35476
0.449876
0.532662
0.003634
0.220986
0.186652
0.709141
0.14055
0.453065
0.415524
0.144867
0.675743
0.344902
0.288929
0.70402
0.683103
0.619071
0.918642
0.889133
0.667179
0.266691
0.928548
0.733158
0.156327
0.248686
0.428895
0.490905
0.780276
0.695841
0.513068
0.734037
0.228319
0.685539
0.78753
0.555989
0.12836
0.012206
0.232296
0.525311
0.193328
0.416365
0.263567
0.577402
0.87358
0.783632
0.539918
0.014876
0.540519
0.349445
0.855989
0.742251
0.375967
0.364423
0.87125
0.111726
0.694219
0.951946
0.70184
0.93066
0.736187
0.000538
0.912758
0.634205
0.419091
0.2494
0.023507
0.650803
0.859223
0.400413
0.712344
0.277024
0.971909
0.576066
0.098474
0.394319
0.90159
0.916862
0.98824
0.904718
0.703715
0.936412
0.437784
0.068031
0.721399
0.088245
0.116567
0.020866
0.960816
0.288477
0.156745
0.297149
0.2285
0.094633
0.320113
0.432869
0.198676
0.023528
0.17885
0.237779
0.520423
0.955841
0.197911
0.711473
0.373733
0.903114
0.738824
0.278419
0.933638
0.679109
0.037992
0.460001
0.576866
0.414999
0.561367
0.742055
0.660498
0.576791
0.691097
0.749215
0.874473
0.109764
0.954551
0.170734
0.331831
0.540201
0.564716
0.737504
0.531678
0.878709
0.188265
0.714238
0.437207
0.346856
0.772024
0.2796
0.717253
0.671997
0.681209
0.459774
0.088249
0.016824
0.754376
0.79841
0.269226
0.527707
0.43183
0.241006
0.07083
0.613493
0.07764
0.941341
0.499365
0.79199
0.136554
0.826694
0.512358
0.134475
0.191608
0.330074
0.711395
0.942402
0.007153
0.543659
0.858572
0.997285
0.22423
0.052758
0.84142
0.270667
0.08507
0.689089
0.332784
0.625526
0.457273
0.154216
0.178997
0.50878
0.62877
0.849221
0.890225
0.814316
0.345537
0.540455
0.489284
0.932128
0.69649
0.118605
0.949143
0.876756
0.474501
0.549092
0.30574
0.139823
0.40585
0.290613
0.879444
0.53806
0.421681
0.109787
0.439327
0.967651
0.628127
0.353151
0.775621
0.856476
0.051452
0.453031
0.211684
0.729908
0.980245
0.897163
0.101934
0.914667
0.055265
0.481414
0.727108
0.895855
0.596453
0.211762
0.977843
0.253843
0.470834
0.149285
0.903763
0.900937
0.186481
0.543354
0.610745
0.974065
0.166144
0.601794
0.925386
0.547586
0.695927
0.336318
0.458658
0.765012
0.093558
0.009576
0.642868
0.48705
0.909476
0.460446
0.114111
0.370777
0.816237
0.455985
0.777261
0.236954
0.002312
0.383553
0.66734
0.644882
0.663145
0.917123
0.930214
0.885671
0.512552
0.139554
0.288169
0.764331
0.063862
0.746705
0.72699
0.906015
0.338775
0.872048
0.029798
0.094558
0.79693
0.045897
0.738796
0.664053
0.084854
0.496662
0.477114
0.180399
0.237853
0.643777
0.719313
0.810577
0.380327
0.66051
0.053451
0.011745
0.011156
0.932351
0.847439
0.001236
0.049163
0.694098
0.223205
0.77449
0.569681
0.783766
0.071756
0.003785
0.564951
0.449585
0.561224
0.833285
0.515989
0.106983
0.113484
0.478578
0.886967
0.849801
0.821452
0.213871
0.72509
0.516668
0.273913
0.736122
0.95752
0.625729
0.059225
0.886979
0.47462
0.657281
0.882756
0.320464
0.528292
0.182903
0.501965
0.123265
0.928415
0.943499
0.524582
0.244791
0.364871
0.0596
0.214966
0.221711
0.556787
0.574183
0.51373
0.308952
0.213406
0.28721
0.048743
0.043463
0.459981
0.983199
0.671503
0.856612
0.293689
0.783479
0.263063
0.359097
0.103748
0.311056
0.159638
0.64878
0.529744
0.84742
0.860845
0.451905
0.087098
0.258735
0.261005
0.140289
0.171926
0.907608
0.691026
0.297056
0.947995
0.563597
0.452156
0.895361
0.42695
0.385117
0.659224
0.60677
0.857847
0.158744
0.627078
0.580574
0.039217
0.925763
0.588458
0.920048
0.7518
0.331602
0.725486
0.167653
0.816493
0.39777
0.026805
0.635334
0.270268
0.472529
0.949282
0.375647
0.414151
0.882718
0.003093
0.40679
0.41789
0.308641
0.769218
0.816252
0.008437
0.609831
0.079423
0.600628
0.889338
0.380975
0.523187
0.418799
0.933367
0.482156
0.830925
0.86136
0.53255
0.30044
0.975006
0.368953
0.161793
0.18801
0.939806
0.41547
0.812593
0.066333
0.247128
0.112945
0.642318
0.94771
0.086187
0.206882
0.598897
0.926631
0.255447
0.871336
0.14915
0.647614
0.412389
0.820876
0.971912
0.048096
0.856802
0.343803
0.650145
0.634807
0.303522
0.437714
0.105927
0.518754
0.87767
0.167657
0.038173
0.963139
0.21733
0.786674
0.047997
0.429578
0.890742
0.927791
0.037953
0.777916
0.469448
0.209664
0.701382
0.680278
0.051841
0.706292
0.264334
0.650215
0.884651
0.678862
0.280894
0.295299
0.033672
0.501806
0.488056
0.173718
0.424957
0.017416
0.899892
0.33861
0.87403
0.332273
0.807043
0.054908
0.977342
0.414813
0.79407
0.785093
0.755398
0.97638
0.287448
0.449007
0.239123
0.825446
0.16384
0.673117
0.303126
0.500854
0.12376
0.542768
0.750626
0.852477
0.106468
0.446137
0.882258
0.805325
0.879
0.217109
0.990877
0.103186
0.977595
0.329301
0.441863
0.083681
0.560652
0.293267
0.819716
0.047188
0.819282
0.488311
0.822853
0.22952
0.308925
0.625695
0.074535
0.751029
0.949738
0.091645
0.626748
0.519265
0.947513
0.230633
0.834597
0.820788
0.736312
0.08571
0.103003
0.320216
0.02452
0.855696
0.781807
0.111781
0.550448
0.28682
0.042863
0.543793
0.835053
0.722542
0.642511
0.855165
0.017746
0.451122
0.5762
0.297331
0.143349
0.169395
0.794081
0.283003
0.28902
0.803905
0.241706
0.336761
0.707417
0.828749
0.716797
0.106005
0.193456
0.375619
0.83131
0.937802
0.584103
0.934849
0.510974
0.377344
0.846375
0.457915
0.405119
0.594343
0.700016
0.785771
0.863609
0.038051
0.474458
0.509117
0.437048
0.096395
0.523317
0.205261
0.5968
0.624309
0.998478
0.72138
0.006915
0.844062
0.205422
0.511229
0.063703
0.835431
0.617588
0.733077
0.645684
0.22037
0.839445
0.962744
0.793005
0.016587
0.349336
0.65762
0.975576
0.740974
0.3107
0.94821
0.885694
0.099149
0.915953
0.463588
0.063986
0.752627
0.69946
0.345749
0.998308
0.969131
0.576623
0.80424
0.755826
0.955466
0.815377
0.419873
0.8505
0.631612
0.88508
0.211599
0.311955
0.22027
0.328897
0.993751
0.284603
0.878115
0.23085
0.244918
0.773309
0.276803
0.615633
0.492378
0.077828
0.559471
0.409198
0.808501
0.646873
0.955327
0.479776
0.738411
0.909018
0.942038
0.598493
0.787531
0.14854
0.113636
0.071988
0.722285
0.475823
0.504654
0.276606
0.160239
0.882688
0.697067
0.409582
0.42618
0.734594
0.758305
0.08515
0.177064
0.439042
0.930969
0.405525
0.424811
0.602684
0.661161
0.536366
0.026721
0.840519
0.501119
0.629213
0.929795
0.916602
0.704892
0.772829
0.373399
0.116882
0.071044
0.452787
0.928846
0.846379
0.755166
0.455387
0.519052
0.09211
0.431076
0.375819
0.138573
0.643097
0.648764
0.980153
0.048246
0.69701
0.779486
0.520177
0.920796
0.465081
0.977939
0.519849
0.145801
0.845982
0.220109
0.936861
0.222891
0.905822
0.076883
0.087082
0.485573
0.104651
0.704363
0.916231
0.754494
0.580171
0.123037
0.015106
0.83205
0.770437
0.543731
0.548953
0.282046
0.485244
0.159134
0.222966
0.65165
0.841039
0.332842
0.859926
0.358675
0.20517
0.099074
0.322242
0.079563
0.911869
0.079641
0.528936
0.708168
0.634663
0.234858
0.817681
0.83774
0.675835
0.942368
0.839984
0.961059
0.401929
0.990909
0.499656
0.05249
0.445337
0.863981
0.617647
0.364147
0.004334
0.928142
0.002914
0.282776
0.300268
0.892273
0.685425
0.228279
0.78905
0.257364
0.05246
0.56746
0.701056
0.006828
0.853261
0.619121
0.66114
0.40112
0.951376
0.10294
0.07611
0.604964
0.647869
0.626266
0.813218
0.335048
0.83909
0.532833
0.307234
0.746864
0.171139
0.954553
0.416812
0.628763
0.824567
0.869725
0.881826
0.052157
0.356115
0.240135
0.18264
0.449469
0.206999
0.196662
0.320268
0.190891
0.844821
0.556992
0.927635
0.920711
0.876663
0.407249
0.002415
0.975136
0.502374
0.94019
0.233808
0.034014
0.730141
0.466232
0.360308
0.975321
0.734461
0.021517
0.38418
0.999413
0.102862
0.106692
0.637912
0.706718
0.901173
0.386386
0.553864
0.983449
0.967013
0.854762
0.201686
0.693568
0.213173
0.500377
0.862599
0.896399
0.533025
0.953988
0.114845
0.948908
0.131753
0.053735
0.126576
0.625157
0.207657
0.59358
0.370359
0.682476
0.121916
0.754372
0.804381
0.075555
0.406096
0.89306
0.619182
0.982163
0.968772
0.568272
0.95883
0.548678
0.554054
0.701763
0.544005
0.757274
0.903748
0.946336
0.872897
0.324648
0.708698
0.492897
0.797606
0.404466
0.384078
0.056975
0.024438
0.419801
0.590828
0.622459
0.00262
0.663543
0.152757
0.495782
0.113933
0.443512
0.731356
0.698249
0.768053
0.548662
0.461232
0.721302
0.143855
0.737194
0.079716
0.875584
0.888477
0.101936
0.226382
0.461445
0.843344
0.946545
0.643084
0.27384
0.081915
0.03911
0.859004
0.194848
0.319837
0.760335
0.88964
0.106686
0.282717
0.637094
0.473223
0.556822
0.988094
0.004751
0.517077
0.616084
0.18485
0.241668
0.604847
0.199305
0.074559
0.128833
0.215442
0.537052
0.091784
0.862264
0.107868
0.530028
0.067845
0.60214
0.309982
0.590702
0.183383
0.603385
0.614208
0.641933
0.004329
0.213517
0.623228
0.235728
0.468046
0.166159
0.470672
0.247937
0.898242
0.083423
0.069088
0.838576
0.935906
0.949627
0.603117
0.963055
0.658804
0.377935
0.986385
0.700581
0.737112
0.777719
0.505298
0.447288
0.466911
0.648122
0.183077
0.403414
0.609974
0.593785
0.650842
0.553339
0.969014
0.943858
0.883318
0.735763
0.455794
0.851934
0.155305
0.669586
0.42098
0.287697
0.734161
0.182497
0.617268
0.808394
0.73316
0.10083
0.122326
0.328819
0.365919
0.014451
0.972936
0.395293
0.790221
0.110573
0.763249
0.769957
0.424709
0.724456
0.284855
0.193065
0.834342
0.380231
0.408441
0.445703
0.804038
0.362968
0.316386
0.88716
0.047171
0.009038
0.63425
0.1073
0.008616
0.203261
0.376437
0.336393
0.233033
0.241705
0.188104
0.530401
0.434633
0.888091
0.95463
0.036064
0.308004
0.344303
0.958965
0.442632
0.740093
0.322241
0.165515
0.913695
0.926521
0.641231
0.10186
0.642381
0.916688
0.009196
0.399021
0.652548
0.776102
0.139872
0.198748
0.269795
0.292138
0.868836
0.284425
0.847351
0.782382
0.178835
0.793397
0.884928
0.193901
0.061091
0.155635
0.70212
0.928342
0.203363
0.740962
0.097376
0.06374
0.269821
0.540987
0.183872
0.223575
0.750006
0.988255
0.886708
0.075393
0.877694
0.636618
0.371525
0.320142
0.37763
0.394425
0.406231
0.191159
0.157739
0.308009
0.667649
0.660405
0.30947
0.283575
0.237056
0.862945
0.294166
0.570399
0.781148
0.976089
0.417778
0.806193
0.038055
0.124289
0.108816
0.362863
0.518726
0.764524
0.492554
0.335301
0.923085
0.026861
0.46342
0.108488
0.550543
0.415612
0.528088
0.879142
0.776496
0.319387
0.88948
0.875191
0.751166
0.685537
0.095331
0.037084
0.707348
0.542831
0.54439
0.489066
0.831543
0.160772
0.826721
0.842339
0.749534
0.756512
0.395358
0.944093
0.037403
0.199067
0.440705
0.978128
0.891505
0.909833
0.602928
0.004838
0.379825
0.506463
0.093793
0.156089
0.467453
0.115453
0.670552
0.069625
0.3041
0.725756
0.895201
0.47497
0.182832
0.894704
0.148701
0.417581
0.675631
0.592015
0.465751
0.38044
0.258957
0.384283
0.404107
0.223312
0.314162
0.006525
0.682284
0.547653
0.910035
0.868547
0.709738
0.759027
0.542339
0.307316
0.304372
0.939789
0.199256
0.4291
0.859232
0.142007
0.515514
0.931139
0.716281
0.898709
0.619884
0.359041
0.174916
0.681276
0.038222
0.448389
0.355817
0.976886
0.822524
0.871234
0.487931
0.520721
0.293044
0.02946
0.141535
0.175496
0.322349
0.306879
0.860436
0.673107
0.347973
0.148812
0.380865
0.561462
0.835438
0.646062
0.897384
0.610386
0.662278
0.956768
0.299403
0.845627
0.853883
0.554988
0.222887
0.112511
0.312052
0.573874
0.068514
0.294468
0.934272
0.029429
0.592596
0.777903
0.534581
0.473174
0.31505
0.637854
0.754925
0.765218
0.815212
0.283361
0.251948
0.327536
0.93701
0.457114
0.321996
0.961313
0.870255
0.508558
0.90935
0.461907
0.609041
0.501976
0.254488
0.022033
0.958723
0.566874
0.065317
0.298169
0.752098
0.93234
0.361342
0.348578
0.980984
0.921983
0.069489
0.964968
0.135888
0.903153
0.329951
0.578321
0.798534
0.617138
0.087155
0.852449
0.210239
0.495838
0.067402
0.664501
0.93925
0.63116
0.643457
0.478436
0.474185
0.424846
0.036654
0.570518
0.640883
0.270317
0.464328
0.007968
0.048109
0.594475
0.781236
0.94511
0.993015
0.189098
0.781538
0.60283
0.001634
0.070075
0.383852
0.867453
0.939115
0.071571
0.6784
0.845548
0.56745
0.421923
0.004643
0.132423
0.08153
0.997187
0.283888
0.752473
0.198307
0.676424
0.640103
0.557532
0.693002
0.816937
0.341968
0.433457
0.301012
0.690464
0.034008
0.277505
0.964912
0.904038
0.613205
0.684085
0.321002
0.600804
0.11379
0.261013
0.531126
0.638672
0.143061
0.871107
0.199352
0.77757
0.685625
0.635812
0.692492
0.193165
0.258284
0.357974
0.507051
0.813671
0.185536
0.205346
0.504618
0.873573
0.399918
0.137413
0.893439
0.779798
0.006417
0.02282
0.107341
0.238922
0.801212
0.471328
0.465056
0.123891
0.213822
0.20743
0.491004
0.404095
0.299438
0.988961
0.758034
0.153043
0.479345
0.171494
0.33166
0.072061
0.420521
0.647032
0.431535
0.003885
0.699819
0.535578
0.813337
0.774831
0.712494
0.438959
0.536654
0.219954
0.677714
0.758677
0.002477
0.880273
0.517432
0.909088
0.499534
0.8656
0.122905
0.107999
0.941666
0.867997
0.69454
0.761067
0.34396
0.862977
0.08517
0.934298
0.76991
0.427141
0.055875
0.009129
0.646315
0.261634
0.937487
0.666551
0.809765
0.314736
0.351821
0.879953
0.001175
0.088017
0.802524
0.866489
0.468071
0.626731
0.502806
0.092976
0.837246
0.902401
0.750959
0.737153
0.858519
0.957281
0.250408
0.035239
0.136211
0.974252
0.284046
0.20839
0.140848
0.263753
0.754081
0.585601
0.54873
0.390036
0.159749
0.295777
0.867479
0.660201
0.642461
0.735524
0.519696
0.85976
0.399491
0.128166
0.663473
0.316555
0.666215
0.050682
0.583202
0.035654
0.538537
0.922203
0.340747
0.788302
0.998541
0.468208
0.844397
0.058974
0.480663
0.240251
0.158183
0.716695
0.835525
0.890022
0.834187
0.489639
0.913993
0.517557
0.549299
0.982105
0.777847
0.086028
0.213748
0.323498
0.040671
0.633073
0.524326
0.26667
0.386001
0.347408
0.882385
0.20913
0.143779
0.432266
0.252893
0.551985
0.605219
0.643271
0.282523
0.06992
0.552259
0.285136
0.169006
0.80141
0.813272
0.168948
0.66218
0.704664
0.979819
0.486423
0.950476
0.955787
0.222382
0.535447
0.06438
0.606821
0.619759
0.632109
0.539686
0.239787
0.805979
0.224267
0.496329
0.73261
0.536042
0.7099
0.9848
0.060508
0.58036
0.577459
0.956377
0.748989
0.07989
0.90246
0.361388
0.395276
0.337095
0.411908
0.289224
0.378787
0.97032
0.973543
0.03581
0.91241
0.89249
0.437527
0.114446
0.141185
0.256024
0.959849
0.844784
0.575593
0.24006
0.7203
0.954598
0.856011
0.42415
0.434479
0.259596
0.912707
0.867263
0.657861
0.387766
0.001766
0.782459
0.552564
0.58685
0.376774
0.152478
0.577429
0.383202
0.463418
0.666221
0.464307
0.80576
0.6547
0.793442
0.780222
0.891778
0.004121
0.485347
0.186136
0.425825
0.27326
0.875826
0.924945
0.688166
0.98453
0.054467
0.281119
0.702094
0.621309
0.792488
0.424369
0.156545
0.506029
0.318553
0.946165
0.178066
0.958704
0.314197
0.868068
0.04762
0.360606
0.45456
0.570718
0.660012
0.106254
0.105044
0.857688
0.299289
0.291421
0.878054
0.442132
0.947107
0.865571
0.235642
0.843445
0.702122
0.273291
0.531674
0.453071
0.082307
0.407903
0.691754
0.274226
0.723394
0.741627
0.542319
0.555174
0.519979
0.731531
0.050324
0.152955
0.956906
0.518098
0.450483
0.239259
0.235565
0.975645
0.042617
0.499574
0.866526
0.111313
0.674113
0.561171
0.537834
0.155935
0.101094
0.566951
0.850938
0.681282
0.899666
0.901109
0.63357
0.679839
0.75839
0.032834
0.708694
0.405456
0.588924
0.257779
0.714884
0.18268
0.195938
0.623735
0.878419
0.642081
0.538321
0.12143
0.172278
0.675701
0.061858
0.436245
0.269575
0.064353
0.371778
0.646703
5.3e-05
0.052097
0.22797
0.733049
0.280763
0.640747
0.509068
0.41403
0.297757
0.541073
0.593556
0.947421
0.373827
0.690264
0.945287
0.04258
0.88381
0.646215
0.919326
0.475028
0.470043
0.280076
0.46041
0.843715
0.198705
0.338468
0.695642
0.13962
0.433934
0.86818
0.133279
0.925579
0.655136
0.410113
0.347044
0.038297
0.499491
0.637264
0.115411
0.006382
0.448268
0.635373
0.900969
0.554481
0.173007
0.991347
0.859771
0.921204
0.402587
0.685631
0.265274
0.517305
0.263123
0.571012
0.645417
0.988602
0.562675
0.962921
0.523029
0.595708
0.363022
0.192827
0.422663
0.787069
0.208836
0.473381
0.77068
0.773246
0.058708
0.86495
0.516008
0.304306
0.499424
0.739117
0.355463
0.353409
0.203855
0.082642
0.085835
0.914918
0.435697
0.241935
0.448106
0.785568
0.363558
0.604554
0.713822
0.519389
0.852087
0.585064
0.429523
0.128811
0.744341
0.742472
0.939951
0.961096
0.358834
0.006565
0.190645
0.374917
0.076799
0.074587
0.414801
0.652666
0.577697
0.055714
0.494064
0.435531
0.056606
0.520996
0.844025
0.912334
0.992506
0.888085
0.339425
0.025622
0.500913
0.488328
0.888986
0.00698
0.698308
0.02341
0.300904
0.984086
0.99902
0.093864
0.85135
0.287851
0.039691
0.281533
0.455173
0.687484
0.085522
0.618276
0.137968
0.983588
0.991564
0.563188
0.445505
0.743851
0.98916
0.029685
0.098366
0.320588
0.879576
0.295674
0.477267
0.453007
0.547541
0.341936
0.637723
0.726377
0.117841
0.702942
0.7396
0.61443
0.586014
0.344442
0.559276
0.570083
0.303129
0.718734
0.267078
0.804428
0.328325
0.000145
0.944033
0.222112
0.407895
0.171732
0.507122
0.023274
0.567209
0.561296
0.279663
0.329769
0.293776
0.938994
0.856492
0.372714
0.404965
0.031757
0.818518
0.774237
0.302173
0.935124
0.106667
0.288997
0.372863
0.919183
0.738629
0.542449
0.947335
0.047547
0.060348
0.640461
0.618611
0.634697
0.258915
0.233056
0.021285
0.640069
0.065148
0.461404
0.765316
0.558844
0.352643
0.680188
0.992826
0.045713
0.572895
0.520424
0.487122
0.917918
0.325058
0.732798
0.121745
0.33105
0.431069
0.31787
0.291032
0.627127
0.476558
0.563795
0.526439
0.493418
0.708968
0.274665
0.590786
0.314612
0.335696
0.870766
0.701756
0.324835
0.447508
0.445849
0.884611
0.09836
0.17242
0.418109
0.798764
0.915557
0.468937
0.424292
0.41695
0.805903
0.223422
0.436212
0.445215
0.988151
0.06382
0.042082
0.750315
0.31298
0.170298
0.909666
0.641632
0.094866
0.009865
0.091875
0.394324
0.957492
0.923472
0.732634
0.939969
0.33098
0.517344
0.82383
0.699578
0.048611
0.344718
0.021007
0.190431
0.693511
0.561185
0.531988
0.9138
0.692019
0.864032
0.44969
0.107504
0.308576
0.505437
0.460255
0.823801
0.798572
0.104737
0.222618
0.628436
0.9635
0.831092
0.794574
0.582014
0.847348
0.162527
0.187169
0.622599
0.4808
0.859817
0.401839
0.702702
0.456096
0.413433
0.33448
0.820643
0.569651
0.588163
0.312724
0.782301
0.649906
0.053229
0.268959
0.987108
0.100205
0.209521
0.991273
0.128759
0.796476
0.021052
0.450153
0.955686
0.891018
0.447677
0.081834
0.342408
0.980197
0.639851
0.849976
0.628749
0.563737
0.023648
0.629607
0.402534
0.284264
0.730247
0.371924
0.214358
0.344507
0.872861
0.817217
0.637019
0.587587
0.408551
0.066555
0.388142
0.277987
0.805111
0.886923
0.319686
0.928929
0.102926
0.334535
0.202829
0.218462
0.152997
0.148453
0.019055
0.472774
0.244745
0.132385
0.293172
0.71985
0.359218
0.074862
0.408542
0.246087
0.093779
0.698219
0.418223
0.307251
0.549502
0.42467
0.021914
0.256169
0.591039
0.929342
0.364921
0.303059
0.688596
0.872343
0.766131
0.997543
0.677186
0.491451
0.396816
0.045003
0.73214
0.661442
0.950206
0.384994
0.019308
0.072429
0.018034
0.965625
0.521888
0.125774
0.356282
0.318442
0.92379
0.474118
0.176546
0.194547
0.369441
0.091816
0.87391
0.884276
0.867002
0.462557
0.425354
0.761584
0.689154
0.378569
0.702906
0.701253
0.658895
0.904562
0.123832
0.966051
0.332788
0.036131
0.406701
0.281955
0.9791
0.5569
0.17215
0.590059
0.166179
0.504102
0.922488
0.308384
0.939602
0.882348
0.91925
0.934983
0.665191
0.194905
0.803399
0.138011
0.153991
0.541276
0.001151
0.837343
0.411756
0.118674
0.166259
0.023455
0.945662
0.108764
0.16154
0.138768
0.916879
0.780079
0.321092
0.410603
0.793779
0.383371
0.635098
0.940987
0.489501
0.907712
0.275937
0.812301
0.21581
0.287177
0.918777
0.462307
0.862585
0.411758
0.098942
0.404266
0.78871
0.877711
0.374711
0.560827
0.640552
0.607856
0.802349
0.007654
0.125143
0.766965
0.679484
0.513282
0.262199
0.230883
0.8308
0.936269
0.311591
0.020767
0.231914
0.858344
0.333126
0.479393
0.447921
0.748204
0.696277
0.950633
0.55549
0.22379
0.06022
0.238357
0.958104
0.090083
0.023321
0.887168
0.061197
0.227809
0.526534
0.243427
0.45232
0.298121
0.968634
0.967041
0.642722
0.784887
0.902843
0.473687
0.013598
0.775169
0.771135
0.219808
0.736803
0.73284
0.984502
0.351902
0.421233
0.05228
0.683932
0.424501
0.592309
0.694163
0.561582
0.068485
0.332207
0.694223
0.910489
0.53412
0.065564
0.084732
0.842465
0.712821
0.272333
0.450772
0.272175
0.459205
0.552046
0.158999
0.158293
0.555952
0.739412
0.706213
0.573178
0.347819
0.115842
0.246924
0.744985
0.407941
0.132646
0.242887
0.591253
0.444818
0.895878
0.767978
0.685956
0.500447
0.752633
0.37616
0.853015
0.052258
0.867878
0.006789
0.657983
0.287987
0.604211
0.188144
0.853901
0.813806
0.575389
0.180514
0.491379
0.563792
0.001157
0.752415
0.879165
0.748695
0.115011
0.624249
0.932786
0.426787
0.129314
0.842746
0.02593
0.834198
0.98342
0.378791
0.685093
0.146019
0.871563
0.343437
0.723778
0.650928
0.035148
0.657637
0.449704
0.764323
0.59355
0.415853
0.055936
0.597306
0.750266
0.155712
0.939313
0.606747
0.984806
0.019352
0.454601
0.806212
0.130764
0.614484
0.401692
0.923983
0.670638
0.469409
0.04867
0.430039
0.339519
0.46042
0.51305
0.028364
0.573995
0.591847
0.70546
0.147652
0.729634
0.838132
0.488485
0.282825
0.169873
0.373663
0.888794
0.583239
0.024782
0.588091
0.36714
0.381634
0.284662
0.623893
0.952881
0.681323
0.01054
0.363228
0.0425
0.59373
0.478956
0.85105
0.994255
0.796638
0.284786
0.621537
0.095697
0.092707
0.263176
0.954529
0.373471
0.304936
0.756991
0.986568
0.302149
0.120307
0.142655
0.722227
0.687432
0.219719
0.822684
0.836689
0.727403
0.867474
0.966801
0.258604
0.959018
0.268048
0.24518
0.660465
0.445466
0.102748
0.796087
0.125005
0.585969
0.952978
0.125283
0.144918
0.071182
0.289849
0.500879
0.624897
0.911661
0.154131
0.261819
0.910386
0.456017
0.898633
0.248851
0.21383
0.844252
0.286386
0.865633
0.364398
0.607114
0.798633
0.981388
0.505444
0.210202
0.215865
0.862803
0.557466
0.875047
0.276134
0.305304
0.957827
0.543031
0.152513
0.946134
0.374936
0.112961
0.599462
0.982992
0.295259
0.618109
0.37569
0.844571
0.842027
0.577363
0.311274
0.915995
0.484643
0.018393
0.926788
0.329416
0.788251
0.86523
0.842504
0.719644
0.645902
0.039099
0.499839
0.756323
0.854824
0.184918
0.867908
0.502187
0.145278
0.241647
0.744398
0.063439
0.048979
0.6087
0.785456
0.390932
0.72602
0.530735
0.45728
0.510163
0.681285
0.978132
0.116381
0.268831
0.956174
0.161748
0.776922
0.81885
0.869692
0.814744
0.251163
0.569937
0.743531
0.202471
0.908362
0.776731
0.531702
0.087672
0.572698
0.967871
0.859355
0.593035
0.166228
0.117976
0.903696
0.565912
0.412701
0.276164
0.997719
0.790002
0.294994
0.813326
0.513864
0.379839
0.830959
0.235884
0.025027
0.047816
0.803416
0.968173
0.369616
0.641557
0.594453
0.543282
0.171909
0.347695
0.586051
0.230366
0.066181
0.262004
0.72995
0.219689
0.19352
0.914592
0.834528
0.154282
0.652872
0.551442
0.704875
0.862111
0.639943
0.911657
0.260901
0.343196
0.965724
0.510159
0.894087
0.415784
0.570744
0.459777
0.763313
0.139872
0.943476
0.400856
0.885913
0.221019
0.863313
0.941703
0.880926
0.972334
0.902304
0.955926
0.764132
0.623528
0.023043
0.338842
0.107554
0.533198
0.380231
0.228001
0.559364
0.100632
0.083326
0.904335
0.651944
0.662507
0.599395
0.302785
0.59508
0.782211
0.494135
0.939046
0.305041
0.394596
0.785345
0.438363
0.678487
0.603474
0.952956
0.721475
0.514158
0.702105
0.608272
0.325633
0.274238
0.237145
0.088004
0.725016
0.408253
0.786922
0.990414
0.234647
0.05351
0.557333
0.299853
0.802612
0.006084
0.279704
0.231295
0.039797
0.007117
0.609052
0.244594
0.952469
0.185171
0.418736
0.273504
0.304047
0.055579
0.879913
0.730783
0.475296
0.513208
0.258725
0.08556
0.202223
0.037252
0.624764
0.081559
0.998847
0.160556
0.177936
0.472537
0.046387
0.40839
0.260704
0.976441
0.851238
0.378684
0.09684
0.442298
0.126072
0.871162
0.667807
0.778904
0.278347
0.450876
0.51299
0.567185
0.014339
0.185886
0.344146
0.947572
0.413995
0.096261
0.18397
0.811748
0.731534
0.145124
0.887209
0.954761
0.756414
0.118528
0.574346
0.767809
0.87997
0.802358
0.041257
0.941059
0.658554
0.546693
0.097482
0.340966
0.351168
0.774887
0.767795
0.356635
0.128715
0.089303
0.614706
0.658701
0.395932
0.745897
0.029131
0.887142
0.448949
0.460379
0.025223
0.872155
0.900635
0.300941
0.295913
0.886454
0.631762
0.49719
0.490005
0.285364
0.442187
0.915174
0.99701
0.453508
0.559107
0.746184
0.609027
0.08291
0.022409
0.676081
0.778562
0.382103
0.487605
0.654825
0.935453
0.875937
0.591172
0.198888
0.445573
0.994649
0.261229
0.792371
0.762228
0.038949
0.081336
0.661274
0.93362
0.594152
0.520075
0.642996
0.518142
0.478924
0.444511
0.826511
0.487271
0.885605
0.837719
0.65723
0.534441
0.327231
0.156581
0.161658
0.272617
0.033029
0.476501
0.203349
0.6735
0.239163
0.40936
0.087214
0.856676
0.330824
0.578694
0.926948
0.395784
0.697895
0.085865
0.894363
0.514337
0.251563
0.506257
0.316426
0.78009
0.564248
0.091483
0.133407
0.238075
0.346008
0.074569
0.725225
0.615872
0.340915
0.332136
0.226074
0.512614
0.720592
0.580911
0.892374
0.461577
0.641811
0.243222
0.714984
0.26067
0.273663
0.544197
0.611612
0.741918
0.313491
0.603451
0.846081
0.179391
0.862579
0.041728
0.536181
0.281955
0.96847
0.867842
0.922832
0.784041
0.705779
0.868294
0.880379
0.848904
0.678305
0.38698
0.106443
0.251197
0.928702
0.927187
0.041154
0.921988
0.460482
0.743328
0.327327
0.463975
0.245845
0.887076
0.846116
0.210381
0.979189
0.463309
0.953485
0.112083
0.184466
0.412645
0.726803
0.045729
0.603761
0.682931
0.415803
0.864068
0.269108
0.921829
0.701721
0.949522
0.809494
0.268062
0.502002
0.57612
0.754167
0.339383
0.197725
0.454936
0.703424
0.707125
0.4525
0.100932
0.565138
0.259669
0.253954
0.633571
0.267376
0.955514
0.142243
0.877011
0.283776
0.614685
0.388624
0.800719
0.068266
0.72338
0.271341
0.599995
0.521758
0.530511
0.374843
0.888943
0.422783
0.514131
0.405366
0.96221
0.556183
0.050684
0.596448
0.568309
0.884981
0.691008
0.436563
0.460157
0.965293
0.70139
0.364195
0.388435
0.165523
0.403977
0.885836
0.726529
0.842554
0.936263
0.852818
0.490456
0.546505
0.897183
0.854055
0.998592
0.653425
0.690215
0.477603
0.647432
0.396777
0.143426
0.391575
0.504202
0.248279
0.228287
0.24476
0.0745
0.98326
0.634586
0.02221
0.139299
0.571074
0.897609
0.747582
0.694743
0.190764
0.557746
0.693656
0.144618
0.548009
0.685221
0.961714
0.272905
0.115018
0.984121
0.480817
0.739789
0.036016
0.821805
0.55608
0.326443
0.369494
0.654793
0.134483
0.446077
0.525759
0.983723
0.350311
0.046654
0.569638
0.199198
0.007439
0.920427
0.791763
0.948059
0.63756
0.133427
0.002495
0.295286
0.865555
0.24278
0.852585
0.814855
0.847372
0.06962
0.153316
0.907823
0.425973
0.484677
0.03721
0.941805
0.752697
0.184578
0.404044
0.465943
0.484552
0.064937
0.352437
0.312572
0.361086
0.065727
0.276878
0.072903
0.753752
0.131414
0.02844
0.81449
0.788505
0.594372
0.801872
0.9224
0.919835
0.0748
0.446815
0.289205
0.278437
0.065634
0.228612
0.70649
0.367736
0.308121
0.78292
0.150374
0.641704
0.65538
0.557747
0.729182
0.799128
0.599549
0.663784
0.03601
0.871202
0.990549
0.708258
0.1773
0.995948
0.419061
0.3861
0.774611
0.347255
0.285335
0.69484
0.403892
0.670399
0.241852
0.457029
0.176838
0.748541
0.92184
0.897039
0.285705
0.594643
0.904309
0.201847
0.946794
0.272729
0.238774
0.223415
0.294781
0.284941
0.395532
0.938431
0.396744
0.782267
0.0263
0.131851
0.887968
0.107489
0.877568
0.943581
0.808193
0.432482
0.168322
0.792897
0.050488
0.120047
0.627567
0.203051
0.920437
0.013347
0.402441
0.599687
0.226572
0.105522
0.763294
0.718695
0.64044
0.689007
0.279482
0.820579
0.017711
0.139133
0.328063
0.506176
0.774749
0.641348
0.793174
0.84647
0.495728
0.261928
0.792084
0.916879
0.239697
0.584571
0.350465
0.80192
0.15307
0.704324
0.777431
0.177737
0.77324
0.704742
0.929414
0.813991
0.912831
0.422968
0.200685
0.496693
0.792951
0.80076
0.046476
0.66701
0.325217
0.44319
0.700062
0.825293
0.65315
0.40474
0.116277
0.941967
0.394265
0.242479
0.464829
0.644748
0.429109
0.616675
0.104309
0.006108
0.135846
0.550876
0.805765
0.876876
0.791365
0.553067
0.991704
0.424557
0.787403
0.168961
0.410624
0.16757
0.194438
0.302405
0.758334
0.567159
0.533777
0.191954
0.153729
0.654097
0.298235
0.197598
0.62664
0.176218
0.168288
0.582995
0.764929
0.690328
0.347643
0.836467
0.698217
0.40777
0.949505
0.733746
0.5938
0.31737
0.345751
0.538274
0.164711
0.700432
0.788578
0.977074
0.842547
0.723208
0.655795
0.886383
0.297697
0.924163
0.208327
0.919242
0.941344
0.260641
0.818435
0.231314
0.50164
0.129459
0.606395
0.820487
0.027374
0.985334
0.37611
0.340088
0.49145
0.670472
0.273537
0.065352
0.630984
0.277832
0.943397
0.785593
0.478488
0.325283
0.732718
0.242491
0.11869
0.085669
0.419266
0.491424
0.249867
0.881073
0.867418
0.061153
0.307998
0.46798
0.240352
0.428445
0.55179
0.114779
0.3804
0.262692
0.638339
0.306877
0.785416
0.196141
0.743517
0.541849
0.418427
0.946061
0.87894
0.611297
0.732289
0.862003
0.052536
0.237655
0.519933
0.499282
0.448389
0.642196
0.116391
0.008864
0.924351
0.980598
0.914966
0.900221
0.348772
0.183903
0.092771
0.834154
0.994439
0.925373
0.805792
0.831756
0.544029
0.416725
0.33112
0.346823
0.538396
0.779513
0.589712
0.741245
0.918114
0.445705
0.379744
0.069471
0.075582
0.617384
0.400727
0.503686
0.499719
0.182014
0.832634
0.431962
0.347456
0.318166
0.296098
0.492222
0.234263
0.811259
0.643833
0.22189
0.769199
0.843159
0.868495
0.569133
0.942749
0.033318
0.694866
0.298805
0.636982
0.661096
0.691903
0.666704
0.974371
0.041083
0.374161
0.755081
0.955481
0.896349
0.768854
0.685328
0.712595
0.346463
0.951583
0.453018
0.964681
0.900499
0.249232
0.142976
0.389767
0.778856
0.606978
0.731649
0.043643
0.230895
0.31662
0.657879
0.736441
0.442895
0.285503
0.324505
0.124012
0.194436
0.721663
0.863093
0.373289
0.72079
0.571945
0.802691
0.887271
0.554146
0.29744
0.969388
0.122184
0.581627
0.998314
0.245467
0.242911
0.143042
0.608765
0.439892
0.674719
0.615789
0.014325
0.105348
0.773586
0.216391
0.621488
0.205246
0.166183
0.006968
0.140045
0.291242
0.815064
0.5599
0.371733
0.229402
0.785618
0.592702
0.151454
0.169315
0.02295
0.428696
0.267878
0.43449
0.960968
0.630885
0.045622
0.563669
0.096241
0.734677
0.280837
0.310551
0.378295
0.385586
0.801362
0.925989
0.994119
0.470306
0.807325
0.70635
0.104014
0.950755
0.78041
0.09526
0.176387
0.252205
0.909393
0.305415
0.427753
0.247814
0.707793
0.769758
0.604839
0.806091
0.019898
0.326091
0.528943
0.0583
0.013836
0.237088
0.449883
0.316438
0.845266
0.63342
0.89603
0.067294
0.193384
0.600793
0.230151
0.253106
0.374643
0.343601
0.922321
0.169699
0.048462
0.041435
0.220486
0.581773
0.650403
0.934169
0.733719
0.664946
0.03689
0.649678
0.392629
0.637606
0.812105
0.850094
0.52661
0.501693
0.736713
0.25394
0.975852
0.179133
0.020418
0.789697
0.851385
0.349675
0.523281
0.631439
0.503339
0.398309
0.227343
0.367218
0.589968
0.034086
0.756432
0.834709
0.007052
0.243384
0.827942
0.967911
0.914298
0.704571
0.507199
0.771289
0.137982
0.743358
0.623094
0.997655
0.076417
0.388263
0.611733
0.307175
0.815845
0.191614
0.754673
0.063341
0.483316
0.994255
0.18211
0.955359
0.308467
0.541485
0.076485
0.498013
0.893953
0.463459
0.615858
0.516794
0.619195
0.415837
0.070559
0.519244
0.393171
0.906271
0.447369
0.401907
0.570054
0.15851
0.036817
0.265594
0.878354
0.09225
0.964841
0.289394
0.617095
0.973729
0.268426
0.115743
0.5747
0.138089
0.845664
0.933542
0.003828
0.030348
0.226116
0.43388
0.858632
0.88109
0.013446
0.209967
0.31095
0.483291
0.443202
0.819848
0.974965
0.878116
0.194268
0.048112
0.601868
0.076701
0.839157
0.122523
0.348628
0.314181
0.649511
0.09934
0.708288
0.436494
0.21786
0.662536
0.298221
0.86903
0.912681
0.772337
0.922794
0.435031
0.215629
0.311009
0.290613
0.29222
0.63048
0.011406
0.27966
0.016485
0.688602
0.965971
0.275765
0.121706
0.629682
0.885725
0.151858
0.638602
0.691564
0.660709
0.117568
0.486166
0.832576
0.039487
0.790236
0.714582
0.825681
0.41839
0.770486
0.751829
0.245945
0.266147
0.558737
0.774768
0.194705
0.929229
0.879041
0.042359
0.035604
0.383633
0.06616
0.97489
0.092774
0.779622
0.93916
0.346603
0.467784
0.882358
0.961752
0.242318
0.842444
0.075135
0.908121
0.333737
0.950056
0.512523
0.251621
0.005677
0.609781
0.638197
0.018594
0.806523
0.331813
0.205015
0.671361
0.685898
0.108759
0.909229
0.603091
0.516283
0.028149
0.185834
0.755782
0.542681
0.581257
0.372564
0.177465
0.944772
0.695245
0.489324
0.739193
0.86187
0.796786
0.174936
0.186973
0.22139
0.337238
0.509807
0.371772
0.031368
0.860454
0.61988
0.003793
0.305398
0.754997
0.894046
0.335498
0.876886
0.879867
0.56288
0.777991
0.022653
0.086499
0.248066
0.63924
0.810048
0.904886
0.579166
0.244173
0.905285
0.554896
0.853649
0.27963
0.245185
0.54677
0.897912
0.969487
0.634264
0.901523
0.360212
0.427945
0.39597
0.092749
0.87644
0.877849
0.349098
0.911091
0.92686
0.478978
0.631701
0.37661
0.362778
0.182981
0.358607
0.414065
0.91217
0.937827
0.229367
0.029394
0.567356
0.126057
0.983319
0.48142
0.574177
0.993044
0.034544
0.227204
0.832087
0.651074
0.953406
0.803152
0.765765
0.190638
0.852473
0.920913
0.48187
0.972281
0.859822
0.633262
0.995788
0.72382
0.007601
0.383756
0.821824
0.978062
0.055972
0.691862
0.880169
0.812593
0.257798
0.170592
0.878203
0.277588
0.014097
0.398885
0.436781
0.107045
0.990874
0.458013
0.284575
0.46613
0.556919
0.907819
0.959313
0.289117
0.693393
0.077489
0.215365
0.708618
0.859573
0.453621
0.103771
0.390059
0.096215
0.706831
0.739068
0.65373
0.120636
0.943959
0.700053
0.606686
0.815847
0.090781
0.690892
0.526006
0.507903
0.293533
0.613728
0.740846
0.773941
0.322678
0.372123
0.980962
0.166953
0.275984
0.696467
0.925192
0.057653
0.413641
0.655596
0.183338
0.411881
0.922319
0.241447
0.269408
0.823021
0.964414
0.203577
0.596267
0.085644
0.58559
0.29701
0.860993
0.747505
0.409322
0.767208
0.751564
0.921808
0.30542
0.116604
0.657968
0.039865
0.168948
0.444347
0.960593
0.596436
0.442207
0.774854
0.88705
0.965211
0.588716
0.589805
0.674101
0.643857
0.626007
0.561012
0.981806
0.912892
0.502376
0.767523
0.393644
0.286464
0.414028
0.465879
0.588163
0.25663
0.453686
0.124048
0.061375
0.827172
0.478427
0.126138
0.167102
0.822948
0.978827
0.51397
0.716462
0.428283
0.037195
0.040761
0.975302
0.232589
0.183254
0.58429
0.968518
0.416529
0.905844
0.698177
0.694011
0.512934
0.108397
0.312618
0.730755
0.66606
0.403545
0.595676
0.531121
0.860919
0.630593
0.38111
0.20222
0.471436
0.352953
0.442689
0.015495
0.127496
0.61089
0.453864
0.799817
0.52705
0.128086
0.585778
0.580026
0.868013
0.605578
0.497501
0.623126
0.763363
0.415852
0.937188
0.827745
0.681407
0.049876
0.568244
0.236246
0.812924
0.059115
0.179772
0.496651
0.385522
0.741575
0.586519
0.329547
0.016625
0.93434
0.179965
0.802455
0.758181
0.891528
0.927332
0.609174
0.084159
0.812909
0.186439
0.553916
0.333075
0.448516
0.059036
0.058428
0.943462
0.022918
0.534339
0.080657
0.289267
0.693703
0.862321
0.499409
0.110646
0.993239
0.666765
0.199958
0.522924
0.243101
0.050142
0.638295
0.108056
0.196848
0.925617
0.614183
0.257545
0.609959
0.13867
0.647087
0.800123
0.75067
0.24824
0.212554
0.034353
0.613799
0.340187
0.766341
0.448498
0.732411
0.483319
0.768418
0.207964
0.122363
0.185844
0.840171
0.080757
0.807762
0.260834
0.93559
0.434854
0.067132
0.365384
0.173414
0.477647
0.354348
0.668453
0.276896
0.517014
0.450503
0.558845
0.133021
0.429087
0.028492
0.654559
0.051289
0.588408
0.385106
0.884693
0.851766
0.45391
0.292792
0.630749
0.184091
0.646002
0.838278
0.43286
0.299358
0.082577
0.1656
0.328646
0.086507
0.256945
0.999413
0.979897
0.92336
0.587696
0.919492
0.987274
0.149202
0.481973
0.384573
0.391351
0.393117
0.789479
0.485352
0.96861
0.237652
0.94984
0.832423
0.767114
0.53668
0.291755
0.243615
0.138167
0.545916
0.756393
0.186814
0.75494
0.267585
0.544277
0.568816
0.985382
0.689716
0.827795
0.107655
0.191456
0.192316
0.774203
0.781959
0.472349
0.569172
0.65039
0.70002
0.684343
0.330412
0.261579
0.242158
0.231486
0.996952
0.182592
0.118729
0.573276
0.312505
0.678481
0.218841
0.071019
0.574997
0.480241
0.483723
0.484195
0.515381
0.73063
0.634889
0.128333
0.792259
0.497418
0.087676
0.751179
0.6312
0.803396
0.329379
0.551475
0.385816
0.025892
0.470181
0.264277
0.750777
0.66011
0.735899
0.355554
0.846696
0.077666
0.349375
0.694902
0.522963
0.094815
0.000655
0.768743
0.774492
0.967945
0.13013
0.627087
0.652549
0.776829
0.727834
0.342074
0.221557
0.090953
0.217826
0.430884
0.780741
0.52167
0.640301
0.919303
0.105713
0.48835
0.525649
0.226183
0.118018
0.639505
0.726077
0.285229
0.347226
0.292764
0.224109
0.65011
0.933109
0.494342
0.030418
0.206169
0.845734
0.542362
0.214488
0.340086
0.941187
0.576476
0.570296
0.307873
0.818912
0.767957
0.916216
0.43587
0.219643
0.832357
0.430218
0.221291
0.518251
0.984773
0.853683
0.663532
0.789309
0.756608
0.921055
0.698368
0.167087
0.812856
0.680025
0.900621
0.193173
0.918373
0.766445
0.639763
0.927748
0.846213
0.731611
0.907406
0.062176
0.526923
0.334439
0.688599
0.285653
0.968507
0.586984
0.439783
0.403451
0.596179
0.455563
0.537425
0.394848
0.310776
0.153784
0.930143
0.447238
0.375265
0.802056
0.742474
0.118172
0.05033
0.915279
0.154719
0.835452
0.850412
0.430239
0.737678
0.750734
0.855804
0.20676
0.767505
0.563896
0.89242
0.6577
0.431577
0.181289
0.545277
0.60891
0.887032
0.212016
0.752348
0.832346
0.102002
0.83602
0.387974
0.088396
0.733767
0.870191
0.765176
0.041951
0.090477
0.034491
0.640063
0.499942
0.095314
0.379517
0.874337
0.605331
0.517216
0.565655
0.068286
0.955141
0.70406
0.096218
0.852647
0.451447
0.354721
0.568176
0.327621
0.302339
0.318538
0.142265
0.186084
0.652441
0.346682
0.842718
0.073424
0.634274
0.101038
0.631327
0.428749
0.249076
0.583737
0.061228
0.02961
0.462219
0.830479
0.900061
0.665517
0.63521
0.697315
0.168543
0.792347
0.320654
0.297184
0.003021
0.42689
0.261927
0.808473
0.670687
0.674916
0.671654
0.378766
0.519657
0.498061
0.065864
0.509988
0.653526
0.23698
0.144182
0.355536
0.320099
0.518318
0.006671
0.422928
0.347394
0.200284
0.205469
0.20533
0.09579
0.600873
0.84365
0.044958
0.456587
0.408893
0.179259
0.810859
0.046124
0.072451
0.85723
0.362241
0.042677
0.841315
0.32024
0.007927
0.785477
0.001719
0.790753
0.076
0.142647
0.765178
0.313815
0.849876
0.417907
0.804486
0.127783
0.487095
0.99391
0.873474
0.444681
0.44604
0.361364
0.534083
0.516135
0.768761
0.812698
0.455172
0.485967
0.74873
0.482636
0.619969
0.026422
0.175437
0.76973
0.249442
0.232772
0.120229
0.074395
0.528578
0.367487
0.900886
0.767978
0.360443
0.318898
0.072593
0.866878
0.565043
0.340459
0.168654
0.003081
0.613036
0.31491
0.563071
0.056654
0.321102
0.061895
0.492029
0.193844
0.957005
0.481893
0.508529
0.407781
0.587404
0.382064
0.179123
0.113802
0.641778
0.234469
0.369801
0.714119
0.22596
0.317261
0.749248
0.996118
0.796319
0.696093
0.895891
0.633867
0.821293
0.006195
0.34422
0.388176
0.441049
0.389437
0.721789
0.799319
0.018409
0.552742
0.469472
0.831896
0.550212
0.658568
0.327188
0.718891
0.97206
0.995393
0.828066
0.394863
0.873142
0.359581
0.383808
0.4012
0.488876
0.696725
0.804247
0.707654
0.79979
0.301772
0.382558
0.522437
0.097522
0.108117
0.754793
0.824546
0.417788
0.79984
0.191197
0.666617
0.266434
0.443241
0.849311
0.074835
0.155116
0.864566
0.828816
0.087886
0.910975
0.315559
0.170818
0.300422
0.805302
0.739967
0.925255
0.171023
0.873352
0.77403
0.190606
0.65822
0.404863
0.021246
0.414364
0.452514
0.571491
0.331073
0.115863
0.053949
0.917072
0.727337
0.917419
0.784565
0.149946
0.999672
0.971842
0.626196
0.645289
0.4366
0.227626
0.107146
0.934742
0.197712
0.942028
0.696934
0.07029
0.418458
0.033624
0.577807
0.793733
0.136399
0.089823
0.770703
0.015202
0.662615
0.259353
0.418724
0.742048
0.472726
0.763154
0.42058
0.661479
0.556495
0.438833
0.376227
0.097598
0.521178
0.294444
0.74932
0.630102
0.662518
0.430921
0.091589
0.93563
0.380073
0.040118
0.787029
0.761026
0.166438
0.462355
0.657561
0.545113
0.254619
0.117708
0.63309
0.861546
0.339886
0.066322
0.505016
0.770295
0.323531
0.087397
0.81617
0.70473
0.029984
0.595617
0.3097
0.906782
0.082531
0.12791
0.575493
0.007788
0.718491
0.701206
0.721725
0.485221
0.451404
0.319094
0.679496
0.952246
0.305695
0.808117
0.164405
0.557931
0.873132
0.127608
0.863079
0.466096
0.155098
0.214289
0.823903
0.28437
0.930856
0.704458
0.458848
0.116487
0.005121
0.722545
0.093015
0.881528
0.869272
0.954954
0.006353
0.431332
0.391053
0.590917
0.495513
0.85211
0.202648
0.830393
0.557015
0.618868
0.353754
0.114233
0.610537
0.389699
0.14235
0.351451
0.414302
0.979104
0.170712
0.948837
0.376333
0.089187
0.813137
0.346964
0.402451
0.985372
0.617853
0.476584
0.110397
0.931518
0.282357
0.131804
0.852098
0.703271
0.063762
0.114603
0.6104
0.435973
0.567819
0.483713
0.15541
0.588916
0.485607
0.293134
0.989458
0.846959
0.998436
0.566324
0.776286
0.616793
0.618902
0.72519
0.31145
0.328064
0.828899
0.692836
0.746722
0.448655
0.48809
0.616641
0.665114
0.565379
0.445888
0.758599
0.744712
0.197884
0.105974
0.009938
0.280219
0.738731
0.113443
0.406178
0.93747
0.101291
0.743062
0.990393
0.265351
0.358153
0.814313
0.510984
0.33853
0.37625
0.639216
0.334035
0.828807
0.597052
0.024499
0.060139
0.184504
0.812603
0.172187
0.973906
0.121417
0.974864
0.699894
0.897006
0.319413
0.744962
0.759011
0.76539
0.237835
0.315884
0.997119
0.510935
0.950147
0.518557
0.437307
0.342625
0.597325
0.123905
0.669147
0.453909
0.412582
0.897863
0.770044
0.665107
0.217357
0.75191
0.274369
0.550702
0.00067
0.089969
0.936902
0.460641
0.74333
0.361662
0.613804
0.449237
0.438766
0.009506
0.875546
0.061382
0.024322
0.372339
0.902839
0.800778
0.789925
0.254278
0.938479
0.797688
0.068903
0.877523
0.350492
0.782166
0.714303
0.385102
0.84842
0.138764
0.673548
0.770593
0.449553
0.981813
0.550434
0.15069
0.642868
0.527878
0.169682
0.000698
0.423069
0.537413
0.592368
0.97712
0.602141
0.322017
0.550995
0.005627
0.965879
0.318271
0.248183
0.148996
0.413333
0.322989
0.121718
0.289517
0.465584
0.358723
0.687432
0.102626
0.201281
0.200715
0.141549
0.705001
0.751329
0.331924
0.602568
0.366955
0.464529
0.034798
0.688594
0.73639
0.891464
0.136699
0.294219
0.862771
0.028033
0.973208
0.185012
0.755151
0.509766
0.107471
0.290498
0.631658
0.166878
0.911281
0.076635
0.511488
0.407007
0.148127
0.519166
0.389714
0.352352
0.878189
0.887585
0.314847
0.521308
0.465385
0.28116
0.25251
0.177716
0.187652
0.098942
0.440411
0.698151
0.237069
0.305907
0.397741
0.029032
0.825336
0.157319
0.683403
0.48547
0.492809
0.881601
0.245666
0.258469
0.29165
0.462642
0.155045
0.960257
0.750726
0.995936
0.575906
0.888575
0.955465
0.451599
0.902508
0.020863
0.169585
0.956196
0.277016
0.052885
0.725689
0.461279
0.215996
0.447117
0.484197
0.347142
0.616969
0.781596
0.06756
0.638535
0.188939
0.079954
0.604603
0.97751
0.283948
0.625391
0.67761
0.806084
0.74708
0.522551
0.77829
0.505491
0.93879
0.354022
0.899277
0.691007
0.636477
0.279996
0.363019
0.120282
0.393064
0.99999
0.848127
0.970368
0.229386
0.436981
0.297025
0.812269
0.970968
0.61942
0.468952
0.124298
0.137162
0.177669
0.130665
0.560213
0.191579
0.067784
0.618707
0.753887
0.339983
0.831497
0.269733
0.058216
0.615231
0.1011
0.783084
0.031901
0.539653
0.329106
0.16543
0.13145
0.30845
0.092562
0.234589
0.703912
0.579084
0.440553
0.441555
0.969114
0.904102
0.6886
0.075953
0.846208
0.142898
0.374028
0.986548
0.229697
0.302599
0.405915
0.222949
0.711672
0.288137
0.925163
0.666354
0.671746
0.916068
0.077549
0.428113
0.418432
0.238259
0.64242
0.957303
0.106737
0.727322
0.002282
0.017329
0.845247
0.78999
0.108276
0.954661
0.838862
0.216822
0.413379
0.106043
0.97411
0.559556
0.339752
0.613025
0.399875
0.723287
0.037122
0.416753
0.230567
0.358717
0.20608
0.984949
0.151805
0.285228
0.419733
0.279138
0.901141
0.497829
0.451755
0.496098
0.837094
0.762941
0.070508
0.796418
0.065413
0.212261
0.125543
0.096816
0.726331
0.018317
0.296177
0.797559
0.360856
0.134026
0.75277
0.045294
0.846792
0.754711
0.568893
0.94859
0.853848
0.399097
0.013783
0.600162
0.768935
0.746957
0.748665
0.957346
0.350219
0.980238
0.644
0.448098
0.054993
0.237294
0.803402
0.641484
0.348073
0.093999
0.416895
0.423616
0.367831
0.098388
0.918027
0.055997
0.245867
0.018084
0.466544
0.665924
0.52437
0.548247
0.258567
0.383045
0.022921
0.438694
0.325724
0.801175
0.889278
0.750462
0.913523
0.483615
0.817469
0.601151
0.880015
0.452563
0.519261
0.253031
0.615494
0.086478
0.495847
0.445001
0.170487
0.589262
0.174454
0.04476
0.841792
0.404331
0.943827
0.747452
0.159587
0.595004
0.968781
0.914956
0.055076
0.989954
0.092235
0.649581
0.108261
0.80209
0.630177
0.317091
0.038372
0.430219
0.939445
0.268293
0.311589
0.236097
0.136839
0.753734
0.161395
0.189314
0.186675
0.194497
0.970872
0.971087
0.905425
0.907373
0.645395
0.392109
0.131413
0.368602
0.122486
0.325012
0.593487
0.63224
0.622342
0.846192
0.825703
0.741073
0.010437
0.521131
0.498998
0.545295
0.089681
0.449345
0.763693
0.353519
0.275475
0.552598
0.807212
0.8697
0.457542
0.520542
0.477545
0.365572
0.249092
0.282589
0.203431
0.159534
0.139674
0.150344
0.621441
0.231821
0.306808
0.790953
0.091054
0.322023
0.640776
0.234055
0.150164
0.800177
0.797171
0.579162
0.515958
0.504127
0.84539
0.308187
0.616341
0.554144
0.31982
0.51387
0.613035
0.363885
0.333682
0.085643
0.629893
0.121573
0.934671
0.219786
0.888524
0.325589
0.314134
0.529198
0.009425
0.034382
0.727643
0.280508
0.704143
0.925395
0.382543
0.048758
0.589864
0.596525
0.840021
0.993578
0.461179
0.404147
0.714256
0.068588
0.357355
0.59905
0.949416
0.027011
0.715982
0.300215
0.052683
0.474815
0.052027
0.722657
0.820837
0.509887
0.998311
0.799297
0.014748
0.086889
0.949823
0.063206
0.533259
0.986575
0.392925
0.800984
0.110932
0.924833
0.022134
0.731199
0.788617
0.743326
0.728331
0.586294
0.011869
0.241018
0.659627
0.003799
0.125787
0.966433
0.628323
0.820947
0.535217
0.772352
0.02245
0.700292
0.005578
0.554876
0.612754
0.842658
0.734832
0.437472
0.411334
0.671903
0.280783
0.973399
0.477339
0.601791
0.785216
0.23106
0.857816
0.195858
0.945048
0.741593
0.887973
0.707
0.339715
0.215437
0.160051
0.247357
0.47136
0.390954
0.068497
0.188453
0.085892
0.294423
0.323648
0.675759
0.393381
0.600305
0.269989
0.176837
0.620328
0.530827
0.446718
0.305715
0.211067
0.805754
0.503193
0.256513
0.416089
0.026244
0.18523
0.97077
0.326463
0.585337
0.474265
0.359818
0.099438
0.596583
0.399973
0.150431
0.04287
0.122249
0.124206
0.579388
0.316869
0.816259
0.41736
0.809302
0.608817
0.108478
0.494973
0.626452
0.213599
0.505636
0.703328
0.222736
0.845309
0.088396
0.276845
0.653133
0.291848
0.958591
0.00454
0.650652
0.380341
0.794918
0.824559
0.620467
0.36459
0.657456
0.95211
0.366653
0.523512
0.710491
0.694919
0.444031
0.610854
0.148502
0.222194
0.573429
0.351239
0.803451
0.321655
0.716415
0.329792
0.873951
0.03419
0.732095
0.528945
0.101706
0.437417
0.121597
0.042477
0.752677
0.6742
0.074024
0.007907
0.226965
0.623125
0.271008
0.646011
0.178813
0.427229
0.794909
0.16545
0.72852
0.308238
0.013054
0.837983
0.770392
0.602629
0.357601
0.218663
0.935809
0.45339
0.593114
0.654229
0.984322
0.398102
0.927514
0.221807
0.921759
0.600408
0.877951
0.10615
0.507695
0.42441
0.745894
0.290963
0.035561
0.051573
0.06834
0.721567
0.745684
0.664448
0.987711
0.739907
0.199117
0.925619
0.618035
0.024008
0.818752
0.090017
0.540516
0.754014
0.088797
0.182144
0.871274
0.996906
0.215352
0.745255
0.056704
0.995528
0.712545
0.823812
0.828726
0.374965
0.833914
0.657265
0.015462
0.665442
0.551244
0.790744
0.051722
0.865167
0.661404
0.75569
0.949809
0.078689
0.621233
0.441678
0.179815
0.177641
0.128159
0.906531
0.106619
0.348201
0.840749
0.245781
0.494308
0.606036
0.911711
0.987863
0.37347
0.196553
0.915847
0.114222
0.909628
0.305561
0.654333
0.226904
0.714855
0.817968
0.25605
0.662603
0.765039
0.148104
0.815233
0.412133
0.852336
0.57246
0.549649
0.372424
0.803506
0.876337
0.312202
0.63195
0.638699
0.033955
0.062092
0.492422
0.797151
0.996488
0.757237
0.528206
0.001981
0.700075
0.826937
0.492423
0.483502
0.578534
0.614242
0.931886
0.441911
0.791275
0.252946
0.225688
0.825743
0.603863
0.141805
0.984642
0.535073
0.020399
0.707425
0.724687
0.38115
0.060187
0.624531
0.288061
0.642218
0.724451
0.063514
0.588503
0.495585
0.603349
0.522064
0.201822
0.319194
0.344876
0.393253
0.005813
0.169202
0.99503
0.534665
0.08292
0.952388
0.272677
0.804436
0.65122
0.596852
0.005637
0.957162
0.773353
0.882039
0.131444
0.011515
0.37758
0.0014
0.981724
0.983085
0.720093
0.1584
0.752715
0.566999
0.059878
0.210942
0.878483
0.15639
0.488077
0.782481
0.863358
0.124768
0.292778
0.374437
0.532064
0.883381
0.096441
0.584435
0.331279
0.355845
0.407098
0.304827
0.581384
0.220845
0.433342
0.632285
0.925756
0.893499
0.906977
0.307972
0.265194
0.848408
0.946036
0.501897
0.277
0.848832
0.421738
0.908406
0.561655
0.452055
0.895191
0.556544
0.024835
0.692874
0.527824
0.7037
0.555037
0.799848
0.441751
0.299345
0.967759
0.925032
0.036093
0.695622
0.629967
0.067653
0.467226
0.623038
0.58997
0.733991
0.100396
0.085246
0.115587
0.087023
0.954081
0.708406
0.548323
0.196826
0.088019
0.927455
0.052939
0.905914
0.700858
0.699259
0.137979
0.044784
0.056741
0.655134
0.619961
0.368586
0.814461
0.93672
0.316151
0.566272
0.452097
0.465803
0.971662
0.698086
0.774869
0.045281
0.305794
0.555219
0.093751
0.444233
0.648681
0.413124
0.142602
0.306238
0.33422
0.226607
0.103416
0.283792
0.479517
0.609265
0.910929
0.800353
0.628666
0.433785
0.169585
0.928704
0.030325
0.423802
0.943755
0.672512
0.238394
0.727377
0.14246
0.018712
0.277986
0.224279
0.375302
0.961108
0.725972
0.706005
0.767659
0.140646
0.558879
0.565766
0.201707
0.578271
0.114254
0.877191
0.940573
0.564952
0.266785
0.335257
0.667345
0.076809
0.320808
0.938387
0.521735
0.205967
0.983139
0.014728
0.410501
0.064752
0.958286
0.988606
0.056418
0.147922
0.318559
0.722441
0.82518
0.343696
0.90403
0.159207
0.407137
0.537039
0.031764
0.297656
0.200682
0.482422
0.932631
0.579404
0.656538
0.161658
0.309954
0.311124
0.162047
0.474786
0.410441
0.141936
0.400963
0.30968
0.167614
0.383451
0.606302
0.486704
0.991971
0.326114
0.051659
0.609255
0.689884
0.956279
0.907729
0.016068
0.962112
0.386133
0.184694
0.035806
0.294319
0.317296
0.487728
0.459804
0.058283
0.677781
0.743111
0.610827
0.072222
0.422047
0.700419
0.531999
0.801369
0.065363
0.615909
0.976428
0.545136
0.306585
0.452083
0.512585
0.796601
0.473958
0.645448
0.154062
0.109165
0.467421
0.140404
0.18705
0.2525
0.28174
0.894486
0.433379
0.573579
0.413899
0.557604
0.209099
0.406288
0.661139
0.642839
0.786864
0.008098
0.542916
0.11955
0.978423
0.508657
0.280464
0.875176
0.0904
0.092374
0.662678
0.071424
0.297002
0.594023
0.450127
0.545656
0.544445
0.666022
0.562291
0.780457
0.814849
0.799455
0.900256
0.384709
0.134183
0.639249
0.446444
0.234792
0.195423
0.697323
0.857301
0.71277
0.759519
0.529179
0.451788
0.572247
0.900156
0.772727
0.756899
0.562619
0.956523
0.491004
0.122988
0.386323
0.222269
0.146103
0.486191
0.486339
0.513497
0.921053
0.27704
0.618183
0.300365
0.077953
0.140802
0.953427
0.903196
0.472373
0.131905
0.50664
0.194402
0.76933
0.046264
0.328627
0.739263
0.120522
0.44161
0.741432
0.648582
0.232731
0.647904
0.958628
0.444666
0.84726
0.004162
0.367594
0.314628
0.142679
0.860066
0.207836
0.540364
0.199112
0.86357
0.357949
0.674261
0.23871
0.292257
0.478319
0.961791
0.897197
0.789556
0.244082
0.203266
0.166364
0.878865
0.578891
0.564075
0.817571
0.363376
0.800873
0.155966
0.570077
0.177469
0.783772
0.410687
0.160239
0.816224
0.379184
0.812438
0.61325
0.004755
0.267445
0.677653
0.475721
0.002541
0.870686
0.980262
0.789391
0.079227
0.582596
0.158567
0.81749
0.901989
0.667131
0.082977
0.668404
0.734083
0.365759
0.554451
0.265081
0.457514
0.188392
0.502855
0.499772
0.822441
0.708957
0.965894
0.591286
0.735353
0.7106
0.460686
0.33252
0.248831
0.363763
0.938325
0.299606
0.402125
0.125464
0.12689
0.220679
0.905073
0.827621
0.864965
0.187956
0.619657
0.459261
0.004192
0.926593
0.490691
0.365869
0.877278
0.21528
0.962243
0.243543
0.008975
0.574057
0.636958
0.240913
0.271171
0.031936
0.660214
0.682652
0.387085
0.415391
0.995274
0.150286
0.505658
0.80435
0.93463
0.854527
0.630683
0.337903
0.417505
0.902074
0.065482
0.116616
0.242725
0.296372
0.225725
0.1599
0.085551
0.479189
0.534817
0.417246
0.334261
0.005397
0.47874
0.050742
0.654663
0.656369
0.196691
0.377013
0.616204
0.025514
0.639411
0.139252
0.62377
0.983867
0.771371
0.509281
0.747145
0.272662
0.247846
0.325435
0.55026
0.123574
0.523502
0.416621
0.354828
0.571915
0.950608
0.679388
0.098416
0.373357
0.825205
0.728407
0.492178
0.920158
0.685909
0.981046
0.299221
0.190615
0.699968
0.830596
0.82775
0.059949
0.837881
0.754465
0.143979
0.278795
0.031472
0.517105
0.616257
0.923673
0.209535
0.146744
0.806962
0.194947
0.442144
0.831797
0.717456
0.55214
0.817393
0.671778
0.867646
0.509306
0.786202
0.335696
0.44347
0.53823
0.38147
0.17297
0.605881
0.742388
0.401296
0.204718
0.953619
0.626297
0.330257
0.438601
0.667142
0.757745
0.367856
0.032906
0.489142
0.506764
0.829156
0.523799
0.91753
0.81159
0.496637
0.837596
0.350007
0.128185
0.926522
0.106809
0.562133
0.481369
0.526636
0.020437
0.862628
0.096664
0.122404
0.541457
0.508026
0.925014
0.620728
0.854978
0.152678
0.622163
0.183656
0.248126
0.746615
0.474618
0.665465
0.172338
0.122003
0.497357
0.755435
0.496634
0.01017
0.483101
0.187989
0.806381
0.876892
0.99849
0.867477
0.37728
0.665056
0.364725
0.763519
0.403304
0.915502
0.216369
0.884922
0.852172
0.567784
0.585025
0.614661
0.95781
0.634949
0.828263
0.75776
0.097186
0.298637
0.424206
0.53859
0.196229
0.119739
0.796372
0.268612
0.971022
0.48955
0.961831
0.905394
0.010007
0.421088
0.895454
0.327801
0.510769
0.659095
0.95246
0.740218
0.414491
0.961947
0.456143
0.066218
0.982716
0.441473
0.082189
0.850054
0.799265
0.563347
0.503816
0.586528
0.182857
0.628429
0.779082
0.535941
0.39066
0.668588
0.371118
0.180066
0.641122
0.378674
0.77358
0.179786
0.229558
0.877287
0.412511
0.527181
0.816867
0.979465
0.934229
0.677169
0.594849
0.602722
0.565599
0.847464
0.104013
0.305192
0.938528
0.304142
0.292561
0.033646
0.517512
0.409315
0.577415
0.259623
0.761385
0.18432
0.85097
0.238606
0.683669
0.563417
0.090148
0.624075
0.860362
0.72843
0.382406
0.248332
0.554496
0.11901
0.310574
0.356558
0.279118
0.781772
0.719941
0.145148
0.415988
0.157382
0.844493
0.90935
0.874623
0.941004
0.725249
0.24116
0.25536
0.915952
0.827233
0.854104
0.879036
0.754505
0.107421
0.249105
0.063885
0.621877
0.083692
0.506056
0.374617
0.182606
0.73381
0.196932
0.748336
0.09151
0.34475
0.654879
0.807072
0.466374
0.803987
0.348306
0.535555
0.327353
0.625298
0.839188
0.900632
0.390013
0.630934
0.857123
0.431499
0.389662
0.039285
0.353359
0.749501
0.943893
0.609643
0.331575
0.921281
0.613511
0.660856
0.26674
0.034256
0.300039
0.660426
0.626194
0.563223
0.917056
0.966902
0.072171
0.452898
0.521797
0.352278
0.119037
0.908778
0.565749
0.404438
0.25535
0.752738
0.432598
0.593072
0.709512
0.840757
0.772607
0.775718
0.148904
0.279355
0.030251
0.902828
0.925663
0.852598
0.705688
0.326948
0.007989
0.872218
0.399819
0.627488
0.903343
0.292369
0.608115
0.268327
0.121403
0.847599
0.340357
0.886276
0.383169
0.709087
0.363747
0.654145
0.874363
0.284216
0.240626
0.166869
0.534477
0.264974
0.55596
0.794192
0.828771
0.627287
0.578077
0.024793
0.554934
0.370379
0.335534
0.503363
0.896525
0.237939
0.778002
0.226654
0.079792
0.88142
0.881526
0.408654
0.947816
0.741851
0.771318
0.668743
0.946932
0.200448
0.262427
0.901298
0.702635
0.045266
0.716656
0.722882
0.567693
0.42791
0.765819
0.245484
0.575144
0.000506
0.549951
0.656673
0.471709
0.597494
0.007899
0.859306
0.934633
0.375157
0.025301
0.143018
0.752239
0.12873
0.528219
0.870656
0.209793
0.161584
0.035847
0.767575
0.27159
0.316044
0.2433
0.331305
0.552001
0.298954
0.452186
0.561475
0.559125
0.270282
0.294819
0.010415
0.355943
0.396992
0.180297
0.912731
0.02557
0.113709
0.757334
0.902622
0.347333
0.244324
0.172133
0.786788
0.742373
0.937925
0.82072
0.061429
0.034741
0.089898
0.596221
0.979559
0.236634
0.434324
0.285879
0.063436
0.236002
0.868238
0.232544
0.571353
0.886276
0.759252
0.553478
0.078492
0.517756
0.615236
0.411307
0.352147
0.257825
0.256985
0.516285
0.219237
0.957142
0.628771
0.329498
0.246944
0.57316
0.333119
0.963415
0.218555
0.358705
0.615699
0.687419
0.173418
0.594901
0.208457
0.644467
0.783716
0.475685
0.110279
0.812108
0.558028
0.730787
0.733046
0.018234
0.463622
0.305092
0.285469
0.78444
0.787504
0.518182
0.232993
0.757493
0.339607
0.146796
0.48012
0.744284
0.047294
0.941555
0.056171
0.345425
0.664732
0.480471
0.552669
0.913062
0.892095
0.859364
0.559991
0.739534
0.344615
0.520893
0.607939
0.521191
0.093301
0.577183
0.089465
0.626219
0.41899
0.637816
0.582897
0.881287
0.012587
0.447039
0.559166
0.02957
0.606551
0.211889
0.915394
0.275847
0.916952
0.526243
0.181646
0.891488
0.4995
0.337801
0.523722
0.924842
0.808233
0.660205
0.989522
0.458012
0.317549
0.821959
0.882512
0.207981
0.297994
0.260373
0.494854
0.055994
0.415697
0.159182
0.156577
0.250733
0.992748
0.241606
0.363148
0.436652
0.78143
0.974628
0.185195
0.837588
0.476399
0.59049
0.587193
0.059411
0.911492
0.808942
0.671205
0.653554
0.440152
0.070399
0.357617
0.82248
0.368834
0.99111
0.790704
0.705498
0.252371
0.989636
0.297312
0.245156
0.857976
0.120609
0.602021
0.200884
0.65982
0.7884
0.063843
0.127172
0.821821
0.831388
0.612321
0.635194
0.757166
0.722939
0.446179
0.156218
0.217723
0.935459
0.807792
0.269617
0.378262
0.560827
0.015218
0.892992
0.778222
0.787743
0.138812
0.450319
0.260659
0.921893
0.32855
0.776459
0.088903
0.206881
0.958495
0.799428
0.264704
0.177828
0.07839
0.15009
0.65755
0.441254
0.495032
0.97355
0.121426
0.23546
0.778026
0.385487
0.689505
0.122958
0.835375
0.659835
0.076814
0.806457
0.273007
0.845362
0.602093
0.405651
0.154234
0.995684
0.503951
0.016034
0.311171
0.508184
0.518897
0.135939
0.571833
0.613286
0.709651
0.517121
0.382818
0.369283
0.21219
0.36203
0.501241
0.298114
0.427386
0.819285
0.572605
0.68107
0.005143
0.527386
0.916563
0.143236
0.68907
0.346174
0.19792
0.608455
0.269706
0.113001
0.292182
0.436859
0.453541
0.080413
0.331605
0.421494
0.157108
0.022738
0.702348
0.289335
0.580936
0.124869
0.81858
0.133383
0.120475
0.332278
0.876812
0.991965
0.614537
0.358567
0.28442
0.579198
0.668769
0.799723
0.563209
0.292485
0.708077
0.710417
0.083356
0.357296
0.243708
0.782559
0.970685
0.563419
0.540006
0.271013
0.709792
0.452098
0.771974
0.847409
0.493997
0.177981
0.161333
0.589523
0.50189
0.267556
0.587602
0.854292
0.276274
0.780407
0.377474
0.677021
0.588825
0.038631
0.589775
0.325456
0.83585
0.774265
0.768193
0.330614
0.237174
0.776481
0.310221
0.737599
0.106112
0.365991
0.107955
0.36909
0.537642
0.376662
0.864032
0.381233
0.038841
0.357459
0.452279
0.170112
0.695606
0.035265
0.344348
0.767175
0.954961
0.35401
0.835466
0.820953
0.384947
0.192377
0.50122
0.688542
0.581748
0.511553
0.603066
0.578164
0.562076
0.147521
0.958911
0.119664
0.452951
0.761245
0.340647
0.350253
0.751353
0.39903
0.660808
0.188256
0.929677
0.627661
0.710469
0.05925
0.732318
0.815424
0.992014
0.999865
0.254238
0.037592
0.030462
0.850758
0.665482
0.934397
0.041768
0.083706
0.248441
0.835786
0.792367
0.508921
0.168791
0.407732
0.416597
0.85251
0.402658
0.385031
0.929773
0.084636
0.287678
0.937873
0.50905
0.08542
0.224932
0.665861
0.007485
0.487413
0.123782
0.492102
0.54461
0.034808
0.30171
0.617037
0.107657
0.254169
0.320694
0.709225
0.941383
0.390094
0.147387
0.778523
0.511628
0.028209
0.035337
0.0517
0.889597
0.94044
0.595069
0.20027
0.773085
0.558605
0.595156
0.445767
0.245038
0.828194
0.549995
0.39944
0.982981
0.536249
0.64673
0.381413
0.628394
0.052715
0.145722
0.734337
0.120233
0.769537
0.366848
0.582725
0.775227
0.816531
0.218826
0.325235
0.996128
0.900579
0.242315
0.242607
0.523533
0.819565
0.691131
0.291889
0.195857
0.410224
0.734442
0.644636
0.093897
0.705811
0.990373
0.743949
0.833398
0.296975
0.145525
0.353454
0.616906
0.62765
0.130072
0.482271
0.899543
0.9259
0.340241
0.089162
0.615754
0.47362
0.055461
0.492323
0.140526
0.595881
0.854823
0.488174
0.242518
0.185895
0.639872
0.589796
0.235672
0.124891
0.941159
0.333899
0.200294
0.494904
0.42849
0.301757
0.059597
0.724893
0.395105
0.884443
0.500131
0.637124
0.448576
0.484888
0.708386
0.145194
0.018482
0.606383
0.671525
0.073311
0.549892
0.915403
0.326361
0.101761
0.416634
0.597659
0.422599
0.665051
0.160905
0.787954
0.321167
0.206753
0.212457
0.652266
0.95572
0.166355
0.107152
0.080808
0.137114
0.643022
0.721572
0.066637
0.883485
0.389407
0.568853
0.437517
0.179337
0.032926
0.868958
0.220141
0.35959
0.710326
0.35912
0.623833
0.631443
0.242409
0.504898
0.465051
0.424095
0.580573
0.604596
0.064646
0.846395
0.657886
0.384484
0.796017
0.567125
0.070561
0.185467
0.249515
0.109788
0.862898
0.061105
0.593151
0.308761
0.223795
0.057436
0.325899
0.936985
0.342277
0.302249
0.193545
0.190668
0.827616
0.003376
0.447959
0.343306
0.124769
0.128408
0.169102
0.716712
0.535131
0.443924
0.81238
0.14489
0.124977
0.734579
0.976409
0.324447
0.992943
0.402535
0.633927
0.123352
0.617694
0.666769
0.749195
0.588968
0.081683
0.888285
0.357089
0.197321
0.948847
0.934009
0.057216
0.548057
0.05464
0.532563
0.631326
0.700043
0.504536
0.362058
0.517327
0.096702
0.710737
0.711378
0.016328
0.956068
0.698776
0.304385
0.99425
0.620696
0.519273
0.500385
0.12013
0.512003
0.215343
0.931231
0.144712
0.690209
0.885354
0.654091
0.455045
0.744697
0.315584
0.92656
0.653711
0.264471
0.230751
0.198036
0.700798
0.425409
0.138457
0.398062
0.533574
0.257188
0.848624
0.208828
0.86344
0.58485
0.093021
0.106291
0.352829
0.734999
0.342869
0.184704
0.312115
0.661209
0.420841
0.804033
0.766582
0.478904
0.059087
0.179802
0.60221
0.359895
0.469518
0.828183
0.036232
0.904431
0.949038
0.351773
0.691812
0.174643
0.97624
0.199879
0.907538
0.054928
0.970545
0.197795
0.404162
0.889727
0.017709
0.641387
0.147235
0.291598
0.889041
0.980152
0.447949
0.122725
0.653043
0.489351
0.842765
0.824847
0.566136
0.655988
0.155629
0.55333
0.760136
0.099087
0.43119
0.790538
0.418059
0.632704
0.683708
0.825747
0.14968
0.399356
0.521354
0.014165
0.615424
0.137186
0.917791
0.195777
0.199827
0.458934
0.775238
0.638641
0.012937
0.382014
0.129275
0.080586
0.827856
0.795914
0.07645
0.745374
0.597944
0.827278
0.127595
0.655061
0.674991
0.757528
0.74935
0.224633
0.04368
0.419144
0.237486
0.941791
0.293576
0.085542
0.324892
0.220654
0.289548
0.078533
0.529827
0.544501
0.120343
0.627364
0.470099
0.731699
0.233196
0.809356
0.291857
0.319119
0.919341
0.22759
0.060644
0.743751
0.188466
0.750404
0.282218
0.77289
0.66672
0.214914
0.895583
0.830122
0.361822
0.524076
0.121527
0.691969
0.375782
0.066252
0.385413
0.314024
0.117905
0.989589
0.270305
0.623954
0.183604
0.091805
0.712912
0.108568
0.20686
0.055976
0.681819
0.265472
0.160639
0.102247
0.912033
0.358175
0.894875
0.297782
0.634122
0.474597
0.515303
0.628773
0.296252
0.176017
0.379787
0.652327
0.775384
0.378844
0.58492
0.513563
0.450359
0.482271
0.906042
0.419887
0.213694
0.950443
0.664622
0.657791
0.731218
0.293201
0.609399
0.21963
0.434797
0.529347
0.589956
0.231547
0.672617
0.557255
0.359562
0.559545
0.979911
0.751935
0.826275
0.987852
0.33564
0.450932
0.445255
0.952478
0.935693
0.497687
0.903996
0.210574
0.17948
0.740412
0.225567
0.978626
0.545936
0.078699
0.245674
0.794981
0.008783
0.677668
0.289263
0.74017
0.432157
0.122464
0.736504
0.180389
0.223668
0.658347
0.439609
0.346887
0.097222
0.551205
0.730526
0.443207
0.70592
0.795121
0.114106
0.841121
0.423155
0.280965
0.39909
0.315654
0.65866
0.400315
0.280008
0.369009
0.183069
0.013343
0.253759
0.012779
0.305409
0.24925
0.611538
0.614458
0.619604
0.26522
0.436361
0.96885
0.073553
0.837436
0.8568
0.813703
0.282817
0.811711
0.741836
0.563571
0.803984
0.276932
0.711327
0.411285
0.00695
0.730178
0.226201
0.680161
0.077716
0.482571
0.191658
0.137689
0.990289
0.050748
0.421778
0.128215
0.040219
0.778455
0.27038
0.640389
0.290868
0.859216
0.927888
0.15488
0.920881
0.541911
0.640303
0.844307
0.862226
0.283061
0.112931
0.542423
0.069709
0.153198
0.20193
0.532624
0.611771
0.457841
0.681227
0.546037
0.966857
0.319771
0.392571
0.106525
0.821139
0.756495
0.37116
0.255414
0.468879
0.907667
0.832948
0.35423
0.033272
0.233358
0.043665
0.894887
0.304667
0.683183
0.768887
0.498208
0.752014
0.908097
0.304622
0.13275
0.902119
0.117561
0.255076
0.112093
0.809046
0.12087
0.41293
0.938781
0.555376
0.243324
0.302735
0.734791
0.359753
0.651933
0.637302
0.259171
0.966768
0.116472
0.766939
0.414458
0.660155
0.69926
0.538452
0.611988
0.750151
0.485697
0.364699
0.941815
0.78185
0.379793
0.45893
0.082952
0.17908
0.090067
0.273428
0.991343
0.273415
0.025859
0.148826
0.443562
0.859118
0.933375
0.485589
0.144623
0.301538
0.3467
0.682655
0.445478
0.05695
0.434624
0.573586
0.397137
0.827914
0.364436
0.368298
0.432466
0.61746
0.618432
0.051075
0.270781
0.495121
0.24426
0.800775
0.233169
0.920662
0.760453
0.094002
0.203934
0.886046
0.201182
0.436542
0.997518
0.919669
0.221415
0.996276
0.220589
0.941427
0.171056
0.08417
0.783042
0.69839
0.308998
0.839084
0.419897
0.330894
0.991416
0.257997
0.207322
0.381799
0.463827
0.442679
0.625873
0.205014
0.531011
0.941567
0.437037
0.39602
0.791316
0.820791
0.483905
0.224887
0.458409
0.882038
0.049266
0.831743
0.200219
0.785192
0.426288
0.826126
0.73226
0.705559
0.826911
0.160971
0.907469
0.69095
0.90476
0.868339
0.237616
0.333381
0.419362
0.758861
0.373153
0.496957
0.800388
0.784966
0.999711
0.066056
0.582151
0.33074
0.061966
0.023565
0.474591
0.510581
0.142821
0.709582
0.246912
0.955662
0.637112
0.44673
0.945765
0.324746
0.465712
0.549703
0.515216
0.094
0.350499
0.775527
0.494887
0.061822
0.093573
0.115246
0.029247
0.723377
0.303938
0.417435
0.759272
0.291702
0.727332
0.904661
0.968796
0.070914
0.37949
0.759583
0.115489
0.625718
0.276078
0.502574
0.290753
0.95094
0.254084
0.116281
0.062814
0.259387
0.455703
0.659873
0.286328
0.029211
0.862595
0.777278
0.395125
0.577366
0.82252
0.040818
0.030473
0.078571
0.07147
0.716218
0.291463
0.857313
0.671475
0.922841
0.349134
0.801382
0.305502
0.258422
0.929923
0.497834
0.44976
0.101594
0.458097
0.92947
0.853283
0.149886
0.157876
0.651026
0.617218
0.795561
0.513255
0.392579
0.811299
0.677547
0.160718
0.831424
0.604933
0.663699
0.400618
0.053327
0.580937
0.786196
0.477471
0.649717
0.268574
0.730894
0.121422
0.975378
0.921796
0.411977
0.086937
0.681028
0.423817
0.840539
0.692116
0.033496
0.780632
0.384064
0.73154
0.550236
0.343846
0.90862
0.109544
0.565811
0.777471
0.986876
0.349933
0.954796
0.870306
0.063876
0.728081
0.882686
0.361775
0.139259
0.400132
0.481605
0.066539
0.312548
0.883472
0.988798
0.070009
0.23624
0.191349
0.205226
0.216224
0.638233
0.591449
0.954909
0.824646
0.81624
0.97728
0.066829
0.714372
0.741717
0.516271
0.483404
0.512574
0.643657
0.370204
0.253022
0.986471
0.67804
0.130842
0.717744
0.071533
0.233017
0.239081
0.733973
0.80274
0.552937
0.639378
0.384139
0.775918
0.92135
0.589583
0.623832
0.923419
0.383316
0.25217
0.227082
0.242165
0.922364
0.997536
0.555538
0.098692
0.352163
0.425893
0.170899
0.439828
0.951458
0.229107
0.990258
0.812088
0.10989
0.877247
0.604083
0.637866
0.927702
0.383058
0.66614
0.293048
0.561761
0.788675
0.79528
0.320938
0.969021
0.673699
0.406923
0.096995
0.882676
0.024929
0.438027
0.781701
0.281373
0.767582
0.860294
0.53151
0.105512
0.42883
0.211294
0.448306
0.91556
0.657936
0.815177
0.437939
0.658635
0.468495
0.391671
0.150003
0.156883
0.984511
0.906597
0.489113
0.198813
0.162251
0.305254
0.471697
0.83486
0.326592
0.813201
0.331879
0.418649
0.354627
0.617535
0.721964
0.298524
0.052924
0.391456
0.85312
0.281982
0.561584
0.342686
0.220334
0.698008
0.978524
0.812693
0.281491
0.695191
0.515273
0.244341
0.555305
0.982898
0.756492
0.910547
0.120193
0.109329
0.634745
0.316879
0.905637
0.943527
0.09584
0.235731
0.269446
0.66578
0.868901
0.063399
0.065036
0.869349
0.821469
0.947724
0.395245
0.307248
0.525171
0.449121
0.629816
0.248838
0.341445
0.086844
0.899324
0.819527
0.297241
0.647503
0.813161
0.204303
0.005682
0.531567
0.707393
0.764016
0.620207
0.807022
0.32062
0.663243
0.396332
0.085028
0.356987
0.874439
0.872005
0.220801
0.90195
0.542887
0.77951
0.391803
0.749441
0.574299
0.798841
0.603599
0.565781
0.05204
0.069981
0.171921
0.453382
0.057665
0.99834
0.136936
0.334901
0.87162
0.536152
0.785698
0.745949
0.540876
0.604852
0.120956
0.939833
0.541855
0.760592
0.870044
0.124209
0.494385
0.876722
0.993975
0.813929
0.35238
0.10275
0.160633
0.735841
0.894665
0.876641
0.872826
0.152597
0.959513
0.93361
0.849658
0.254357
0.119534
0.094865
0.502496
0.847154
0.073364
0.100386
0.096258
0.528751
0.171888
0.54916
0.79908
0.275128
0.507223
0.078791
0.4833
0.984178
0.197404
0.642525
0.016521
0.208592
0.783088
0.764839
0.571091
0.4693
0.248892
0.076932
0.448595
0.559527
0.922446
0.389652
0.123308
0.020753
0.113159
0.869751
0.428132
0.908827
0.816091
0.568689
0.693435
0.608825
0.535448
0.3358
0.03301
0.799447
0.57207
0.613067
0.946334
0.249695
0.764157
0.312829
0.289548
0.95829
0.625179
0.43972
0.352424
0.519706
0.242297
0.411262
0.330075
0.977153
0.407912
0.501122
0.649769
0.469559
0.716769
0.397001
0.558934
0.411247
0.956413
0.407627
0.272615
0.115691
0.740923
0.749041
0.104856
0.49088
0.279197
0.462609
0.140284
0.490342
0.401144
0.742712
0.921269
0.172548
0.524927
0.465494
0.270546
0.613695
0.649041
0.659474
0.345684
0.156615
0.95463
0.736359
0.982657
0.714467
0.27161
0.567
0.664034
0.072166
0.859442
0.737543
0.314123
0.949893
0.702822
0.017685
0.890319
0.517195
0.221547
0.149794
0.720421
0.627503
0.31231
0.42446
0.121611
0.530515
0.274891
0.615482
0.173309
0.793963
0.306838
0.780599
0.917944
0.355324
0.811705
0.968057
0.560957
0.405866
0.211802
0.121123
0.671883
0.702197
0.512213
0.041181
0.076598
0.711429
0.973912
0.408222
0.227437
0.701341
0.747285
0.912695
0.703739
0.69489
0.670217
0.749813
0.99452
0.62516
0.588195
0.122236
0.544164
0.54834
0.859493
0.214484
0.113237
0.886514
0.202636
0.194218
0.362418
0.426357
0.175362
0.995241
0.75951
0.07825
0.514513
0.144689
0.264926
0.165149
0.608996
0.948169
0.756675
0.260672
0.526054
0.039291
0.979001
0.694217
0.247573
0.010273
0.340832
0.716545
0.692669
0.298403
0.192219
0.245126
0.028885
0.532896
0.889258
0.253485
0.585528
0.063891
0.436073
0.470878
0.715194
0.215158
0.531578
0.437544
0.4088
0.247006
0.324632
0.776046
0.043264
0.281367
0.96629
0.549278
0.400659
0.308994
0.794645
0.032681
0.742453
0.675142
0.732921
0.536956
0.446692
0.956867
0.702664
0.483692
0.450766
0.421396
0.968259
0.686783
0.491417
0.958772
0.227012
0.010516
0.945477
0.896608
0.445827
0.509522
0.14408
0.881608
0.277144
0.141612
0.361693
0.983181
0.497219
0.361998
0.400321
0.294197
0.684317
0.571588
0.684181
0.768528
0.865762
0.260545
0.978457
0.506506
0.270261
0.192774
0.127368
0.929646
0.234611
0.650586
0.671745
0.941632
0.20788
0.714401
0.105352
0.600998
0.859838
0.282633
0.145577
0.121855
0.514666
0.945097
0.535378
0.138494
0.653268
0.978138
0.685921
0.984301
0.701386
0.039732
0.703887
0.134861
0.58101
0.041012
0.820709
0.807415
0.345586
0.935042
0.435659
0.999444
0.080103
0.657242
0.435967
0.032736
0.955704
0.269622
0.22875
0.716526
0.846208
0.890317
0.87587
0.999377
0.897641
0.560243
0.080202
0.280282
0.174795
0.868242
0.151526
0.647518
0.519316
0.74079
0.196518
0.94381
0.420901
0.446957
0.598782
0.172177
0.354952
0.35605
0.31621
0.105437
0.241766
0.060011
0.952304
0.117843
0.880112
0.121854
0.333302
0.463005
0.41731
0.566913
0.872818
0.091014
0.071839
0.687417
0.98791
0.977392
0.48824
0.281503
0.391939
0.608802
0.93499
0.921236
0.111331
0.396385
0.575751
0.95729
0.705041
0.543034
0.692152
0.166378
0.399936
0.061984
0.235513
0.440339
0.41437
0.45115
0.136128
0.166071
0.553515
0.979685
0.342982
0.763304
0.667388
0.722004
0.495888
0.982308
0.971414
0.323366
0.529418
0.121758
0.56229
0.027429
0.553003
0.082525
0.564636
0.717822
0.357832
0.261936
0.862937
0.302266
0.901954
0.11513
0.426782
0.319477
0.880092
0.203359
0.661058
0.906888
0.144249
0.64625
0.77012
0.52517
0.025384
0.238221
0.743116
0.546647
0.279819
0.216803
0.301221
0.078473
0.203032
0.58947
0.510222
0.65106
0.570294
0.802729
0.70031
0.934189
0.476803
0.216312
0.670051
0.220931
0.423169
0.787679
0.787427
0.021674
0.376824
0.863791
0.567567
0.094962
0.385122
0.246656
0.793511
0.582043
0.921129
0.843596
0.061919
0.89955
0.372766
0.916823
0.317517
0.680468
0.327367
0.765913
0.564386
0.812941
0.926853
0.352795
0.890623
0.874783
0.752626
0.75757
0.7786
0.233349
0.732306
0.166223
0.262296
0.89144
0.451687
0.904564
0.818739
0.883141
0.457993
0.628103
0.612447
0.999666
0.924599
0.98008
0.157261
0.428499
0.009542
0.81186
0.517175
0.868093
0.985354
0.875346
0.826957
0.660456
0.825509
0.993816
0.914173
0.502249
0.043791
0.98623
0.37862
0.651888
0.372753
0.107878
0.033968
0.480846
0.791682
0.235295
0.830959
0.966332
0.289837
0.246636
0.169823
0.639222
0.803976
0.800574
0.96349
0.131952
0.956705
0.179561
0.639477
0.449692
0.114694
0.140861
0.898503
0.21674
0.626648
0.679409
0.347246
0.923979
0.494579
0.265829
0.950053
0.007881
0.761068
0.559565
0.09357
0.280293
0.498257
0.084389
0.597632
0.058495
0.709419
0.213313
0.270438
0.853473
0.495649
0.160162
0.594653
0.729294
0.480414
0.328092
0.328178
0.288042
0.861285
0.113903
0.381748
0.600039
0.155258
0.372275
0.841396
0.243046
0.354054
0.671389
0.041681
0.565043
0.841959
0.567214
0.705326
0.901552
0.456642
0.120987
0.831664
0.055043
0.599404
0.147422
0.802473
0.959506
0.580111
0.049892
0.649989
0.048506
0.621217
0.85834
0.381413
0.840151
0.714217
0.969644
0.625095
0.09744
0.983893
0.390931
0.912075
0.29316
0.115185
0.337069
0.790703
0.39361
0.048668
0.037613
0.548579
0.945084
0.21166
0.104729
0.82019
0.734024
0.833444
0.326838
0.440791
0.642608
0.239652
0.493904
0.02369
0.74366
0.56126
0.821506
0.505922
0.660419
0.523034
0.339709
0.581666
0.307751
0.440585
0.454804
0.493802
0.711288
0.314476
0.639355
0.701385
0.694533
0.07795
0.461718
0.892338
0.482788
0.143483
0.154221
0.158633
0.331078
0.189626
0.416653
0.045327
0.45162
0.558766
0.798098
0.580497
0.846985
0.182679
0.614754
0.51689
0.819833
0.775821
0.357998
0.447361
0.003271
0.910536
0.948056
0.394545
0.502876
0.038892
0.443505
0.351673
0.400777
0.91879
0.511433
0.335434
0.821417
0.619822
0.9376
0.296377
0.179156
0.966323
0.359038
0.592039
0.855201
0.963953
0.209353
0.052546
0.540083
0.266194
0.923001
0.374815
0.163938
0.769713
0.237797
0.381292
0.756437
0.077544
0.65316
0.647866
0.697295
0.71863
0.470387
0.531738
0.007603
0.593925
0.008274
0.04628
0.071352
0.789648
0.543877
0.121822
0.251784
0.900577
0.364854
0.547961
0.710935
0.96623
0.864222
0.034462
0.4759
0.246306
0.397959
0.093953
0.521398
0.296429
0.941711
0.497418
0.927688
0.741657
0.154882
0.09491
0.983631
0.998403
0.412385
0.914351
0.411055
0.349396
0.722696
0.915241
0.869661
0.300829
0.476455
0.052409
0.665459
0.798518
0.255487
0.245274
0.524203
0.408131
0.039451
0.532744
0.941942
0.615097
0.339688
0.551797
0.369069
0.240861
0.97642
0.818518
0.594333
0.071554
0.037493
0.465794
0.966786
0.03372
0.988318
0.832113
0.854951
0.035748
0.181008
0.775557
0.755913
0.862725
0.872853
0.120708
0.751591
0.421792
0.77937
0.685607
0.149382
0.900252
0.502912
0.701678
0.204169
0.883651
0.121508
0.530435
0.854528
0.439787
0.02401
0.566653
0.896653
0.288512
0.005086
0.073474
0.023052
0.64663
0.66251
0.167957
0.775717
0.240004
0.115661
0.942145
0.345924
0.47339
0.963463
0.938934
0.805672
0.968627
0.464123
0.998269
0.174047
0.198921
0.97964
0.7179
0.642657
0.896424
0.439551
0.249914
0.687206
0.963849
0.129778
0.501499
0.827946
0.146863
0.404655
0.240274
0.179929
0.20831
0.823446
0.482389
0.37188
0.284385
0.666596
0.465095
0.559011
0.302357
0.873214
0.551409
0.826905
0.280449
0.372393
0.485932
0.125345
0.896773
0.43773
0.60588
0.556384
0.407763
0.699482
0.011023
0.987301
0.427163
0.722974
0.716517
0.355507
0.737073
0.183209
0.478858
0.895666
0.554277
0.337098
0.812345
0.971527
0.387743
0.331686
0.083514
0.317072
0.869222
0.235276
0.573392
0.803723
0.857045
0.709398
0.38611
0.27042
0.222806
0.588244
0.387748
0.361756
0.528785
0.896514
0.440203
0.669679
0.505551
0.50497
0.370182
0.062738
0.403186
0.454349
0.524903
0.080535
0.797529
0.97907
0.432004
0.342505
0.32606
0.538718
0.63041
0.000275
0.554996
0.187439
0.840455
0.376675
0.735216
0.505671
0.739091
0.045813
0.77236
0.68276
0.104993
0.913496
0.074261
0.781385
0.014681
0.496584
0.662982
0.358512
0.008213
0.328963
0.542829
0.146263
0.402383
0.748612
0.921482
0.971556
0.028942
0.793032
0.419815
0.69204
0.691421
0.204819
0.278536
0.095356
0.414646
0.912091
0.436386
0.774009
0.120081
0.441124
0.440242
0.973268
0.814795
0.259154
0.70995
0.819718
0.972771
0.227635
0.666093
0.10281
0.348689
0.016739
0.412784
0.193682
0.341138
0.342386
0.314776
0.275885
0.092968
0.392823
0.177983
0.860607
0.598543
0.812817
0.942834
0.513261
0.847624
0.259594
0.139567
0.83995
0.394802
0.846027
0.540699
0.207493
0.831228
0.127085
0.948346
0.696741
0.078232
0.857971
0.816774
0.639348
0.198273
0.157625
0.292907
0.406647
0.539442
0.222059
0.028457
0.853744
0.069287
0.525716
0.95025
0.652685
0.898892
0.171292
0.753483
0.157425
0.703203
0.868789
0.600152
0.019408
0.461779
0.390309
0.431684
0.314539
0.40032
0.907162
0.33404
0.065813
0.399048
0.060512
0.569199
0.438293
0.06041
0.803979
0.918462
0.626879
0.168062
0.923601
0.762819
0.098733
0.774723
0.858547
0.546064
0.995696
0.80864
0.555103
0.945853
0.276296
0.500472
0.243906
0.935498
0.344918
0.135851
0.761217
0.022282
0.234569
0.407331
0.979108
0.551364
0.302438
0.261243
0.801684
0.452884
0.618313
0.53305
0.713526
0.605338
0.075842
0.134257
0.724237
0.764378
0.607384
0.22426
0.58975
0.108566
0.189026
0.729886
0.071861
0.620651
0.915073
0.65031
0.78824
0.781355
0.602437
0.583609
0.65576
0.790647
0.620449
0.827196
0.246088
0.485823
0.757448
0.066754
0.871915
0.070729
0.594421
0.994593
0.027139
0.553732
0.07975
0.836411
0.350326
0.413715
0.723887
0.219791
0.825668
0.628278
0.88103
0.381796
0.598007
0.881935
0.368944
0.57675
0.144622
0.585504
0.247156
0.931688
0.809773
0.233481
0.533775
0.306135
0.50257
0.709494
0.600848
0.690226
0.014178
0.015083
0.400827
0.30922
0.81862
0.019345
0.171978
0.906249
0.061962
0.916778
0.226127
0.500184
0.002293
0.082419
0.393718
0.002452
0.61947
0.584612
0.473533
0.399501
0.944539
0.657244
0.271361
0.852965
0.734658
0.298624
0.699476
0.285717
0.169976
0.905682
0.444707
0.977718
0.618574
0.370002
0.467353
0.835522
0.378036
0.061876
0.209505
0.177565
0.746885
0.083386
0.076989
0.975055
0.008513
0.047548
0.424466
0.438125
0.980228
0.748642
0.574016
0.760679
0.921403
0.547362
0.840147
0.655547
0.708949
0.000116
0.580969
0.579111
0.250464
0.749598
0.467572
0.246744
0.374333
0.23789
0.185144
0.244196
0.903019
0.977234
0.282894
0.781601
0.805498
0.394128
0.961264
0.188401
0.592465
0.653942
0.383802
0.093884
0.685447
0.738652
0.11253
0.424924
0.800103
0.917393
0.996996
0.372998
0.268833
0.891467
0.33345
0.317396
0.614462
0.36438
0.811647
0.741778
0.707016
0.275671
0.305648
0.937949
0.975695
0.558331
0.649005
0.58877
0.680593
0.297725
0.820307
0.626618
0.49016
0.308174
0.181988
0.541047
0.3043
0.372939
0.90054
0.470065
0.518861
0.165498
0.816859
0.173575
0.111065
0.225253
0.341695
0.196642
0.015049
0.311328
0.973278
0.542973
0.67387
0.738974
0.020627
0.492283
0.985411
0.008645
0.856533
0.5223
0.907065
0.936888
0.587754
0.518341
0.172745
0.327504
0.646753
0.34131
0.68225
0.918696
0.957787
0.098964
0.385605
0.362646
0.846516
0.595331
0.008816
0.75551
0.817183
0.089535
0.225688
0.437579
0.937728
0.772014
0.147
0.545897
0.78064
0.467979
0.875063
0.692884
0.900503
0.555741
0.471608
0.285421
0.548532
0.317758
0.05485
0.616025
0.389159
0.134651
0.065821
0.535892
0.94519
0.614546
0.141242
0.553959
0.133493
0.260988
0.133129
0.953421
0.136925
0.1078
0.138695
0.318952
0.239531
0.664858
0.926583
0.775866
0.78107
0.442863
0.715883
0.577906
0.145048
0.621825
0.425234
0.906472
0.122788
0.801925
0.071231
0.751236
0.706831
0.395534
0.137685
0.243233
0.909924
0.855832
0.615527
0.203407
0.114776
0.427865
0.226206
0.936923
0.114935
0.277801
0.26594
0.385163
0.748005
0.468999
0.670355
0.147549
0.952047
0.283468
0.685844
0.736022
0.228666
0.721483
0.216918
0.41848
0.145955
0.459916
0.228725
0.962435
0.488059
0.449028
0.641982
0.204087
0.321539
0.506815
0.148855
0.425933
0.176122
0.022411
0.36949
0.86602
0.49808
0.546984
0.776513
0.589884
0.199854
0.365244
0.254799
0.462498
0.270365
0.161657
0.210004
0.733725
0.45011
0.628976
0.624153
0.52064
0.12719
0.334304
0.156767
0.862977
0.143164
0.167865
0.856225
0.201841
0.954281
0.591907
0.575457
0.454553
0.284122
0.521565
0.310923
0.784465
0.318711
0.857169
0.640358
0.185867
0.241539
0.852272
0.156322
0.106503
0.730026
0.907497
0.100932
0.637064
0.410107
0.91476
0.015834
0.044183
0.770979
0.959868
0.313385
0.780555
0.72514
0.513391
0.355216
0.117173
0.311235
0.380635
0.979361
0.159246
0.311693
0.617618
0.545493
0.667573
0.125924
0.739847
0.203276
0.139103
0.50287
0.516963
0.311931
0.181913
0.868623
0.341176
0.924572
0.954455
0.498408
0.508311
0.817448
0.824209
0.744045
0.608486
0.961228
0.95075
0.460795
0.007798
0.226421
0.99335
0.559251
0.623625
0.483589
0.701973
0.688273
0.355443
0.559156
0.48047
0.36565
0.373583
0.810266
0.305485
0.713914
0.668956
0.604902
0.903745
0.24433
0.924357
0.929206
0.242661
0.344624
0.123889
0.349901
0.370447
0.143001
0.19653
0.476728
0.598424
0.311596
0.683126
0.759813
0.84201
0.561052
0.7176
0.234641
0.027074
0.870183
0.825216
0.228513
0.606316
0.515592
0.443617
0.487818
0.940707
0.682444
0.11237
0.979252
0.594481
0.42604
0.848061
0.272611
0.596155
0.211752
0.020129
0.999546
0.628034
0.492637
0.048764
0.782633
0.846492
0.063196
0.954102
0.868548
0.670097
0.165583
0.533283
0.922385
0.854904
0.047673
0.202249
0.586452
0.421076
0.598579
0.37536
0.98539
0.667376
0.53923
0.572928
0.205225
0.078029
0.420791
0.050481
0.8021
0.43365
0.87087
0.721464
0.053447
0.19179
0.69774
0.567806
0.304441
0.608899
0.89875
0.01665
0.776555
0.552894
0.508348
0.949159
0.853704
0.85012
0.926371
0.031189
0.094607
0.60279
0.607583
0.962864
0.275313
0.487634
0.71068
0.545383
0.211881
0.616508
0.207914
0.7251
0.801339
0.252914
0.405963
0.185134
0.670826
0.865214
0.458684
0.611227
0.018608
0.511043
0.121551
0.989672
0.5377
0.379618
0.968799
0.080015
0.611621
0.39258
0.471819
0.744369
0.668541
0.650073
0.919165
0.533886
0.843201
0.525855
0.476609
0.43649
0.786827
0.327819
0.140972
0.471335
0.899798
0.504641
0.226829
0.462449
0.226979
0.0773
0.679174
0.68308
0.539697
0.673924
0.705987
0.892833
0.730473
0.837793
0.630732
0.781393
0.169897
0.102698
0.741127
0.27787
0.287348
0.382523
0.597042
0.818525
0.704096
0.572861
0.393695
0.311135
0.638822
0.228716
0.798254
0.142853
0.955895
0.174971
0.654171
0.57309
0.208239
0.938642
0.155927
0.380162
0.797925
0.328043
0.740689
0.991821
0.093797
0.352925
0.790379
0.226563
0.589751
0.16248
0.320348
0.19911
0.809803
0.815323
0.426518
0.856488
0.781206
0.019671
0.596361
0.606901
0.169808
0.706793
0.448639
0.12169
0.331454
0.827678
0.926613
0.178031
0.692348
0.237351
0.871629
0.269902
0.837224
0.12815
0.412712
0.22581
0.383575
0.7083
0.45702
0.155266
0.230557
0.67392
0.708237
0.748826
0.850739
0.042013
0.666071
0.728518
0.556179
0.950445
0.786979
0.409306
0.655027
0.023262
0.976926
0.143264
0.035814
0.72825
0.273862
0.251041
0.050262
0.111221
0.646218
0.374696
0.856471
0.473258
0.205745
0.525342
0.934883
0.806822
0.991531
0.161554
0.976974
0.669537
0.553292
0.852851
0.095749
0.485704
0.761135
0.506898
0.764407
0.132994
0.101019
0.781036
0.168727
0.288888
0.120826
0.608601
0.341616
0.840308
0.385192
0.055002
0.013653
0.134173
0.230302
0.341771
0.970417
0.195526
0.92684
0.988566
0.380527
0.199706
0.376696
0.821463
0.218814
0.701746
0.425246
0.48355
0.637542
0.961909
0.602512
0.417856
0.11529
0.319155
0.888574
0.439916
0.598572
0.406668
0.22571
0.765098
0.361803
0.806067
0.793568
0.285858
0.952133
0.504859
0.91199
0.457532
0.759913
0.40752
0.361603
0.680184
0.143443
0.760294
0.46639
0.808711
0.271863
0.274378
0.421853
0.327183
0.892499
0.83445
0.304967
0.667819
0.36561
0.32539
0.224392
0.519138
0.176874
0.724007
0.035059
0.910434
0.325724
0.046599
0.80608
0.402834
0.123659
0.803155
0.859618
0.304118
0.997788
0.088309
0.047606
0.0434
0.861701
0.521872
0.080387
0.387823
0.678937
0.511967
0.558138
0.640368
0.492306
0.148666
0.191479
0.874526
0.007648
0.937626
0.956402
0.288912
0.056627
0.255839
0.500272
0.226102
0.33185
0.938535
0.343151
0.142427
0.728995
0.154378
0.921334
0.301679
0.853374
0.392746
0.048003
0.892769
0.196747
0.118176
0.429467
0.604326
0.672988
0.993639
0.679404
0.660163
0.484544
0.673271
0.119184
0.528824
0.470133
0.542115
0.656668
0.811119
0.46786
0.290566
0.869887
0.935346
0.93857
0.918919
0.889846
0.248579
0.867079
0.457882
0.76531
0.049128
0.410057
0.951139
0.144032
0.49789
0.446408
0.368039
0.153986
0.365162
0.554597
0.87241
0.577937
0.593272
0.4057
0.808051
0.037267
0.169313
0.148894
0.878324
0.216284
0.015227
0.629721
0.389203
0.353491
0.619155
0.052898
0.008135
0.947056
0.156141
0.805663
0.699872
0.146115
0.250026
0.018575
0.514709
0.029747
0.151989
0.861696
0.653744
0.345202
0.052164
0.623822
0.120513
0.606025
0.393671
0.890008
0.865047
0.7803
0.056787
0.067182
0.978365
0.542376
0.05383
0.16917
0.570118
0.504685
0.867916
0.682653
0.122289
0.689992
0.003981
0.697976
0.159579
0.760822
0.926902
0.296776
0.450121
0.850962
0.058551
0.140396
0.081184
0.571988
0.008693
0.553273
0.657414
0.682462
0.327989
0.572371
0.29317
0.513307
0.807136
0.664821
0.350528
0.474762
0.796188
0.879695
0.175344
0.270439
0.566434
0.71675
0.017919
0.137249
0.764805
0.648616
0.541699
0.781605
0.265078
0.13254
0.310251
0.65383
0.777855
0.849731
0.490554
0.882453
0.679849
0.50748
0.948027
0.872134
0.393768
0.385099
0.220846
0.653954
0.327865
0.488081
0.535873
0.297002
0.709644
0.565137
0.968602
0.980031
0.268807
0.860469
0.522484
0.988286
0.921267
0.808904
0.327315
0.550949
0.907402
0.959881
0.554792
0.95031
0.265815
0.850713
0.360283
0.644208
0.010855
0.683688
0.261612
0.979825
0.325651
0.971418
0.747586
0.190486
0.006021
0.016979
0.071664
0.225313
0.968492
0.931306
0.278663
0.253493
0.540733
0.192364
0.319483
0.095173
0.476387
0.070119
0.078651
0.414048
0.405414
0.21619
0.006564
0.129131
0.381978
0.132742
0.796255
0.263621
0.31311
0.63487
0.81839
0.073154
0.499224
0.993724
0.862335
0.991315
0.27956
0.719086
0.297991
0.236564
0.767465
0.665856
0.762991
0.018001
0.659804
0.13938
0.534334
0.208795
0.63701
0.341232
0.172169
0.881494
0.403094
0.840808
0.038543
0.673642
0.59601
0.302956
0.786634
0.915506
0.206254
0.725901
0.771767
0.112722
0.864386
0.863059
0.544415
0.538297
0.735599
0.194775
0.251505
0.090391
0.283245
0.332743
0.35084
0.439426
0.584392
0.368557
0.203883
0.595959
0.216536
0.958928
0.26564
0.598209
0.964024
0.25708
0.834442
0.033791
0.787006
0.921383
0.438699
0.047031
0.806315
0.044495
0.308587
0.422201
0.447463
0.956754
0.811415
0.725815
0.533652
0.470017
0.560273
0.052278
0.51756
0.602175
0.467544
0.676761
0.336526
0.7392
0.022492
0.778789
0.660949
0.758297
0.120199
0.61372
0.164588
0.056739
0.428428
0.960966
0.735511
0.541455
0.844061
0.339008
0.077312
0.082411
0.037315
0.718305
0.559217
0.856146
0.725555
0.613663
0.484902
0.26522
0.151488
0.524078
0.551375
0.564233
0.728532
0.684656
0.191039
0.235041
0.048366
0.71902
0.892054
0.813608
0.656614
0.008084
0.488778
0.084838
0.080147
0.761608
0.470855
0.11243
0.607988
0.232719
0.772263
0.411214
0.105282
0.006077
0.065729
0.111274
0.789617
0.328417
0.667349
0.616386
0.933327
0.843184
0.007393
0.104488
0.265934
0.085293
0.503372
0.67063
0.403386
0.720048
0.344823
0.627719
0.172349
0.010151
0.51439
0.89558
0.196743
0.752255
0.81625
0.196705
0.795961
0.919054
0.795416
0.31252
0.411829
0.186318
0.728141
0.105011
0.353963
0.429978
0.606482
0.112993
0.744594
0.264571
0.48424
0.767331
0.870375
0.679505
0.567876
0.251972
0.40992
0.409579
0.867135
0.91171
0.239157
0.754529
0.782148
0.82863
0.094542
0.022183
0.076951
0.363812
0.684321
0.170554
0.783044
0.740645
0.298999
0.133588
0.69165
0.938259
0.223178
0.005525
0.434142
0.892282
0.300008
0.469756
0.225982
0.781327
0.47156
0.913487
0.775472
0.781248
0.103102
0.257742
0.451017
0.056677
0.706272
0.385394
0.150981
0.421693
0.59722
0.125692
0.450374
0.38895
0.917844
0.677001
0.898038
0.223803
0.787933
0.516271
0.68033
0.429349
0.003095
0.66693
0.893434
0.368263
0.33259
0.289035
0.236782
0.539644
0.681295
0.940541
0.34898
0.536582
0.351309
0.643694
0.983266
0.74867
0.715427
0.590674
0.878373
0.573434
0.220667
0.070096
0.601346
0.636503
0.664187
0.865541
0.739284
0.12066
0.427305
0.504855
0.256828
0.855786
0.86669
0.146303
0.575825
0.570588
0.97837
0.803852
0.249813
0.769898
0.21125
0.983884
0.097669
0.717591
0.293288
0.749927
0.039951
0.84689
0.102166
0.559278
0.053722
0.003229
0.440335
0.57559
0.013895
0.447074
0.490626
0.858017
0.751983
0.306766
0.851616
0.631647
0.318206
0.743028
0.957392
0.762276
0.680023
0.905706
0.369011
0.914479
0.917497
0.338198
0.240122
0.885413
0.555653
0.932125
0.563288
0.154539
0.637333
0.513611
0.283316
0.13485
0.690235
0.81511
0.498381
0.462883
0.036984
0.184316
0.861749
0.0141
0.501092
0.036496
0.367357
0.630377
0.902623
0.375198
0.254667
0.454971
0.702323
0.247253
0.295162
0.953812
0.272338
0.054845
0.890006
0.170151
0.034609
0.347544
0.603284
0.873259
0.581746
0.517746
0.614191
0.862573
0.274999
0.077373
0.026965
0.967993
0.956404
0.838202
0.831622
0.438743
0.465644
0.500939
0.012438
0.388124
0.334484
0.135303
0.606639
0.456271
0.074925
0.255466
0.25332
0.88417
0.64909
0.599219
0.683987
0.158648
0.13247
0.584866
0.851934
0.30766
0.813157
0.522577
0.375086
0.681637
0.297484
0.337611
0.240169
0.737252
0.531358
0.24217
0.788165
0.999359
0.107975
0.864001
0.693216
0.596547
0.137715
0.73314
0.457199
0.174453
0.53613
0.355741
0.33166
0.227143
0.244798
0.328817
0.9526
0.254302
0.602745
0.523471
0.774526
0.02924
0.29297
0.213352
0.470329
0.920226
0.855028
0.097182
0.776286
0.999914
0.061836
0.511721
0.452762
0.26974
0.753368
0.748987
0.031796
0.330961
0.367417
0.006903
0.083717
0.713468
0.806704
0.51766
0.010309
0.962591
0.850337
0.369746
0.715079
0.19652
0.640747
0.232569
0.377425
0.791612
0.459067
0.012796
0.50956
0.241805
0.837505
0.374351
0.190364
0.6294
0.013044
0.341174
0.180552
0.856682
0.336447
0.219367
0.234279
0.518039
0.674955
0.935254
0.826894
0.52864
0.224932
0.816342
0.187954
0.638817
0.011793
0.68396
0.289717
0.673673
0.786801
0.239905
0.915343
0.452343
0.307765
0.348839
0.840966
0.441389
0.710456
0.794561
0.32771
0.334294
0.334395
0.903079
0.344751
0.61666
0.807845
0.269497
0.022743
0.654503
0.020832
0.982387
0.918858
0.190247
0.64267
0.354972
0.229009
0.48593
0.280609
0.73591
0.734612
0.746081
0.323033
0.511226
0.95271
0.404395
0.460602
0.005544
0.84852
0.173669
0.74956
0.315962
0.667089
0.281252
0.084201
0.846263
0.841307
0.482419
0.657685
0.134982
0.665932
0.341528
0.6309
0.952818
0.257635
0.357772
0.830084
0.535992
0.798712
0.583628
0.554942
0.223924
0.414811
0.623157
0.208757
0.621098
0.192256
0.287868
0.264384
0.183146
0.846191
0.756923
0.03905
0.848801
0.474267
0.262579
0.353074
0.836247
0.793642
0.684857
0.903437
0.163058
0.657079
0.15704
0.641071
0.578492
0.492616
0.804733
0.839314
0.970325
0.081062
0.492133
0.882708
0.446908
0.281416
0.9774
0.210411
0.24692
0.737536
0.246726
0.028201
0.291179
0.465018
0.320417
0.510193
0.723507
0.577324
0.553451
0.454213
0.090179
0.159383
0.047572
0.456512
0.027416
0.340999
0.625985
0.284194
0.499803
0.606151
0.79304
0.349805
0.755629
0.380243
0.879527
0.209575
0.643417
0.515862
0.990044
0.131009
0.29862
0.648223
0.320888
0.583537
0.12925
0.592382
0.90493
0.368557
0.000505
0.72919
0.982826
0.196197
0.332176
0.686808
0.118236
0.405162
0.995137
0.814093
0.164426
0.625419
0.84168
0.134089
0.938259
0.394663
0.477989
0.449776
0.879309
0.869335
0.480314
0.461245
0.138076
0.932775
0.468753
0.034393
0.613697
0.170028
0.602481
0.855881
0.834946
0.810042
0.592548
0.337232
0.395876
0.867552
0.567714
0.195851
0.480129
0.929915
0.009517
0.081895
0.081644
0.28698
0.032703
0.475933
0.681483
0.293266
0.076196
0.618689
0.776157
0.155371
0.215902
0.836252
0.009984
0.891154
0.377101
0.596131
0.274544
0.321194
0.151211
0.138452
0.711255
0.835282
0.7925
0.870661
0.366546
0.426557
0.092766
0.259765
0.360856
0.13073
0.372704
0.415687
0.014894
0.958581
0.032992
0.551321
0.822768
0.514057
0.67951
0.635705
0.392094
0.580683
0.69653
0.477502
0.614521
0.251654
0.740346
0.877748
0.878111
0.959076
0.236109
0.565904
0.937234
0.578332
0.609337
0.086317
0.352504
0.709297
0.931393
0.2092
0.418187
0.102533
0.474695
0.335471
0.645654
0.36431
0.01099
0.681625
0.856397
0.804687
0.298358
0.625092
0.77226
0.555648
0.163621
0.138522
0.332936
0.342263
0.862934
0.695088
0.084456
0.451494
0.566882
0.619991
0.788812
0.227891
0.838172
0.204283
0.335933
0.803129
0.638365
0.373422
0.171892
0.550153
0.199641
0.530263
0.16956
0.957193
0.156461
0.487675
0.852578
0.368437
0.932825
0.53849
0.422541
0.967009
0.936283
0.452089
0.27258
0.869316
0.958635
0.792697
0.383651
0.608956
0.756241
0.945352
0.593694
0.994253
0.00426
0.823442
0.007975
0.537613
0.963154
0.785247
0.303358
0.816507
0.662375
0.990918
0.496917
0.88653
0.476192
0.66871
0.544579
0.865703
0.077144
0.468541
0.419171
0.239186
0.932099
0.225684
0.72464
0.491979
0.668785
0.660657
0.202233
0.936816
0.532917
0.092472
0.60502
0.963257
0.018521
0.331768
0.925652
0.604903
0.415327
0.569347
0.400433
0.737878
0.19925
0.017107
0.212322
0.844413
0.522913
0.577818
0.538601
0.649139
0.704435
0.350665
0.636703
0.919029
0.326812
0.291645
0.569091
0.481415
0.784951
0.366262
0.684571
0.238883
0.998035
0.753529
0.133251
0.20085
0.856226
0.996609
0.38454
0.348432
0.679511
0.487326
0.20533
0.536013
0.23862
0.731054
0.32911
0.642533
0.825483
0.758158
0.630579
0.270233
0.30147
0.377194
0.646888
0.053889
0.642388
0.043877
0.03416
0.381206
0.326516
0.648367
0.963476
0.030828
0.700503
0.970907
0.775002
0.34242
0.628526
0.948627
0.522229
0.859946
0.123032
0.628436
0.477829
0.145875
0.892204
0.348122
0.61418
0.93413
0.508326
0.593371
0.244695
0.867005
0.24177
0.901066
0.867979
0.808134
0.704654
0.623576
0.699676
0.407195
0.079706
0.501529
0.896712
0.011838
0.662866
0.228623
0.489429
0.468682
0.838554
0.944109
0.743426
0.419452
0.063657
0.998725
0.514253
0.048684
0.838863
0.700705
0.062779
0.852196
0.879378
0.141497
0.70671
0.091961
0.636938
0.278537
0.20147
0.429824
0.54727
0.860184
0.137751
0.050689
0.819403
0.262059
0.609661
0.302184
0.966404
0.452224
0.975789
0.805356
0.604068
0.365627
0.766424
0.620912
0.588954
0.668976
0.116321
0.856279
0.154349
0.206753
0.862358
0.959959
0.866079
0.514067
0.68483
0.028086
0.128309
0.41755
0.31092
0.319507
0.803138
0.084395
0.996454
0.969766
0.23981
0.318555
0.002108
0.199738
0.980563
0.016237
0.63398
0.396128
0.478983
0.216342
0.375507
0.913249
0.20299
0.347091
0.442119
0.760921
0.290931
0.315371
0.961453
0.164257
0.792984
0.468616
0.264734
0.324534
0.953277
0.952302
0.17936
0.138976
0.749491
0.987077
0.272806
0.11605
0.181742
0.424535
0.198675
0.880173
0.483538
0.739109
0.564451
0.032845
0.495858
0.783008
0.555026
0.154193
0.653128
0.12373
0.739106
0.968869
0.034668
0.510603
0.597092
0.504591
0.140253
0.631319
0.520453
0.627433
0.052895
0.133908
0.022096
0.58367
0.645782
0.403056
0.177193
0.290526
0.164494
0.765395
0.475731
0.843642
0.14037
0.030551
0.898182
0.853757
0.586493
0.809335
0.541001
0.152184
0.62786
0.99601
0.444944
0.984233
0.608211
0.210474
0.570184
0.868307
0.4083
0.802102
0.025758
0.784675
0.114157
0.952724
0.437314
0.86432
0.287589
0.379845
0.694119
0.797434
0.123122
0.204208
0.689471
0.483745
0.525211
0.341992
0.826634
0.308091
0.375085
0.298763
0.316553
0.75215
0.09416
0.890244
0.831518
0.81524
0.6225
0.86343
0.556846
0.062436
0.774361
0.69425
0.092122
0.34174
0.608666
0.717656
0.500544
0.711861
0.104114
0.964133
0.620836
0.287055
0.684251
0.367534
0.395611
0.893731
0.139991
0.331621
0.6884
0.225772
0.746028
0.087268
0.538529
0.250919
0.50474
0.497026
0.898689
0.394403
0.320701
0.331415
0.927488
0.15904
0.151538
0.403601
0.15537
0.639353
0.257358
0.803867
0.675742
0.906666
0.619552
0.907706
0.16377
0.714052
0.650753
0.470206
0.707548
0.793954
0.040197
0.471344
0.254186
0.650017
0.516315
0.54975
0.980973
0.605522
0.839064
0.434591
0.335833
0.19694
0.781529
0.94465
0.465307
0.536625
0.947004
0.290331
0.370546
0.33279
0.274005
0.964416
0.027077
0.149148
0.779044
0.753546
0.255881
0.926329
0.080933
0.124275
0.575586
0.967539
0.858943
0.948777
0.878553
0.817537
0.883965
0.643905
0.62548
0.522654
0.180874
0.488318
0.245307
0.306058
0.867625
0.74573
0.609228
0.048352
0.599074
0.279705
0.162695
0.354426
0.509855
0.558488
0.152232
0.224154
0.198591
0.282254
0.69572
0.087656
0.687345
0.399705
0.987749
0.737439
0.304737
0.152467
0.12087
0.253521
0.560867
0.332772
0.583459
0.139095
0.196938
0.089604
0.882063
0.69346
0.012969
0.581803
0.985225
0.19103
0.301147
0.254624
0.594822
0.12289
0.64252
0.073288
0.496883
0.252135
0.842682
0.906182
0.301736
0.815973
0.15062
0.00801
0.498906
0.146634
0.718659
0.779723
0.4506
0.731014
0.135236
0.450894
0.035405
0.565315
0.022032
0.245841
0.636275
0.812224
0.045227
0.253922
0.277166
0.443015
0.767504
0.635675
0.918419
0.287423
0.479402
0.061855
0.757523
0.673537
0.365816
0.806134
0.907903
0.190041
0.408633
0.923982
0.498195
0.133935
0.833581
0.020156
0.353893
0.329476
0.441025
0.555272
0.093594
0.034828
0.618782
0.870121
0.460157
0.452386
0.218001
0.892683
0.643876
0.172166
0.561826
0.997719
0.006801
0.25237
0.608218
0.062269
0.575497
0.248867
0.729579
0.4578
0.087933
0.376691
0.743756
0.847667
0.416702
0.676395
0.062813
0.048354
0.940533
0.037765
0.94345
0.82127
0.650718
0.626949
0.927005
0.911127
0.022364
0.472745
0.110668
0.621142
0.274664
0.9815
0.082745
0.034969
0.339363
0.713227
0.95887
0.581494
0.526975
0.397694
0.340694
0.035062
0.857227
0.730674
0.087105
0.136679
0.370122
0.951032
0.109275
0.670713
0.395655
0.343475
0.96513
0.631469
0.608024
0.170032
0.017793
0.226879
0.712391
0.988084
0.864451
0.052183
0.416968
0.659583
0.15119
0.628128
0.770256
0.084164
0.626362
0.699273
0.052801
0.287232
0.798172
0.119782
0.444954
0.679818
0.778845
0.821005
0.927151
0.131603
0.735965
0.940933
0.59532
0.712814
0.33217
0.857965
0.072372
0.517497
0.556835
0.853669
0.38411
0.842902
0.241696
0.788746
0.400156
0.123347
0.581405
0.924054
0.445027
0.880922
0.395371
0.821783
0.334951
0.508738
0.968477
0.587223
0.877973
0.508692
0.729433
0.510679
0.876473
0.167848
0.515489
0.266951
0.447206
0.559549
0.840997
0.397878
0.151662
0.428802
0.224916
0.515882
0.038438
0.872316
0.35649
0.538839
0.058483
0.118535
0.020613
0.687399
0.541388
0.483197
0.635618
0.917148
0.355413
0.023887
0.312336
0.318197
0.415228
0.263214
0.281561
0.413024
0.033198
0.180287
0.650884
0.702177
0.348775
0.396369
0.049496
0.291544
0.850684
0.537753
0.318463
0.533546
0.344989
0.61682
0.993146
0.811098
0.264536
0.636571
0.538189
0.684969
0.155191
0.118565
0.835596
0.000106
0.205162
0.286429
0.352425
0.365845
0.854111
0.206283
0.548345
0.861062
0.273017
0.951222
0.63147
0.383334
0.38174
0.39671
0.746108
0.227534
0.908546
0.343197
0.719577
0.768273
0.930621
0.618648
0.212394
0.217259
0.388192
0.079914
0.323854
0.624795
0.734076
0.891374
0.811851
0.027319
0.733769
0.472409
0.861405
0.556156
0.37977
0.973112
0.085711
0.44415
0.645331
0.192518
0.484886
0.594726
0.70282
0.880952
0.746187
0.940838
0.795145
0.513021
0.043038
0.438243
0.499917
0.03149
0.68402
0.919932
0.524134
0.434315
0.195767
0.372277
0.901548
0.35813
0.283085
0.801437
0.035746
0.402538
0.563442
0.356298
0.579387
0.060903
0.909228
0.635888
0.202897
0.120249
0.229677
0.239585
0.610859
0.095527
0.334976
0.811786
0.198717
0.000329
0.977153
0.374324
0.358721
0.701753
0.899505
0.823856
0.55192
0.259091
0.453828
0.859211
0.611239
0.388422
0.035712
0.04355
0.904051
0.415569
0.717987
0.332755
0.578732
0.636575
0.776793
0.310529
0.439326
0.701077
0.430548
0.566972
0.851099
0.804276
0.421779
0.683685
0.871729
0.517071
0.92716
0.88046
0.383637
0.844208
0.025462
0.194639
0.791412
0.293827
0.343779
0.191787
0.262866
0.174889
0.31417
0.073276
0.941573
0.477692
0.354499
0.480166
0.824512
0.182195
0.287445
0.047723
0.090959
0.119032
0.541354
0.875376
0.548372
0.840867
0.004225
0.2468
0.738314
0.473401
0.268529
0.847871
0.470203
0.588995
0.570206
0.697535
0.532356
0.338647
0.265546
0.685904
0.532828
0.318942
0.967957
0.881835
0.692267
0.298628
0.118644
0.667279
0.614968
0.442545
0.469728
0.142422
0.991054
0.678477
0.76722
0.105406
0.699304
0.37843
0.697313
0.962407
0.891966
0.908221
0.711642
0.315329
0.541692
0.197543
0.874502
0.3939
0.406272
0.631841
0.031179
0.51721
0.429632
0.520358
0.146224
0.862285
0.457009
0.040809
0.26639
0.364324
0.190441
0.945437
0.353202
0.336252
0.489116
0.597853
0.392974
0.782605
0.380998
0.446344
0.66554
0.641497
0.776612
0.50792
0.960044
0.923229
0.557249
0.362508
0.253929
0.67304
0.276195
0.634702
0.403142
0.032539
0.661227
0.390128
0.125725
0.844905
0.218989
0.437819
0.623113
0.619301
0.083917
0.015773
0.421795
0.28236
0.814966
0.115184
0.381753
0.698904
0.346656
0.39605
0.449491
0.537922
0.623999
0.056767
0.890965
0.016998
0.117413
0.381503
0.867285
0.960438
0.511494
0.795956
0.648755
0.475384
0.459788
0.085429
0.017728
0.339812
0.591784
0.46395
0.888259
0.566044
0.795938
0.64792
0.501358
0.128213
0.105951
0.331937
0.037865
0.233399
0.527449
0.717267
0.064351
0.149163
0.185628
0.546558
0.277019
0.203994
0.078888
0.125077
0.853736
0.587801
0.738747
0.543948
0.952427
0.459941
0.097495
0.826317
0.321194
0.619947
0.527254
0.146151
0.485279
0.487791
0.429904
0.27039
0.88012
0.389804
0.651322
0.420762
0.791142
0.510272
0.972901
0.885245
0.820924
0.704336
0.770292
0.058381
0.082903
0.47003
0.094511
0.346049
0.034674
0.971251
0.323358
0.831614
0.224275
0.682289
0.497508
0.87669
0.245408
0.672039
0.860597
0.442261
0.525397
0.639207
0.559825
0.958189
0.39822
0.742909
0.761559
0.044322
0.376531
0.41368
0.243279
0.623932
0.381639
0.818281
0.756378
0.163982
0.469831
0.799483
0.750494
0.679977
0.5202
0.701043
0.911775
0.883388
0.280428
0.35715
0.526462
0.936516
0.926745
0.927819
0.015884
0.191353
0.525213
0.167608
0.512199
0.344259
0.989583
0.804699
0.83535
0.920695
0.795198
0.865878
0.489193
0.339443
0.431826
0.703284
0.390018
0.034527
0.234561
0.345615
0.484656
0.05595
0.499832
0.78632
0.122099
0.881682
0.392172
0.712856
0.992368
0.590203
0.005055
0.827421
0.425001
0.476299
0.973723
0.552719
0.977563
0.432076
0.276541
0.778857
0.550892
0.83281
0.431177
0.612112
0.366188
0.077544
0.482899
0.12166
0.403982
0.565556
0.918014
0.932195
0.454435
0.934721
0.943156
0.562612
0.451688
0.310694
0.320079
0.097467
0.813445
0.637396
0.453883
0.273497
0.571247
0.487221
0.684684
0.005031
0.091461
0.502208
0.664168
0.776912
0.267857
0.358595
0.284145
0.312247
0.768856
0.252559
0.830245
0.536594
0.223304
0.598356
0.129275
0.953199
0.343896
0.616427
0.455993
0.799564
0.547357
0.474046
0.000842
0.181217
0.798969
0.316476
0.594183
0.31541
0.501362
0.506547
0.940379
0.467328
0.291833
0.992446
0.538524
0.62656
0.938272
0.689613
0.729473
0.754527
0.25891
0.215753
0.002648
0.579833
0.639978
0.624993
0.14304
0.279392
0.509012
0.125161
0.062795
0.470512
0.038112
0.96813
0.567373
0.947815
0.952545
0.302495
0.73676
0.660985
0.745926
0.957923
0.49687
0.696282
0.172078
0.742052
0.381068
0.072674
0.57136
0.772736
0.378218
0.905842
0.975582
0.967761
0.764578
0.614652
0.436454
0.098712
0.24835
0.193231
0.785483
0.024502
0.430633
0.531469
0.605103
0.761554
0.487104
0.835723
0.845216
0.190993
0.872469
0.226459
0.003737
0.071762
0.361021
0.07439
0.678804
0.09452
0.865707
0.618123
0.356923
0.143836
0.768465
0.885604
0.954325
0.603352
0.509098
0.852013
0.873267
0.387364
0.416823
0.819515
0.021967
0.328884
0.380569
0.76592
0.612963
0.223621
0.845537
0.943848
0.766106
0.501339
0.107537
0.889794
0.262752
0.751694
0.561184
0.654565
0.468057
0.427306
0.70509
0.233908
0.241597
0.745355
0.63293
0.790284
0.422954
0.726173
0.929436
0.308717
0.207566
0.435929
0.123709
0.706407
0.164505
0.613155
0.564359
0.120224
0.69655
0.057501
0.718161
0.358394
0.358203
0.030897
0.561426
0.18089
0.155655
0.249737
0.410324
0.164088
0.957834
0.111914
0.089247
0.222174
0.858512
0.650466
0.419854
0.389098
0.211352
0.11826
0.878619
0.386863
0.274001
0.748543
0.55949
0.076697
0.359662
0.741769
0.433821
0.7318
0.03722
0.66623
0.728908
0.367699
0.546718
0.040855
0.916685
0.903287
0.551938
0.595532
0.25379
0.65922
0.890595
0.579633
0.619907
0.985046
0.405591
0.7322
0.690909
0.419239
0.021918
0.09122
0.048243
0.693262
0.105094
0.869464
0.388982
0.957229
0.215731
0.139054
0.847228
0.097353
0.594211
0.735227
0.456923
0.391977
0.388769
0.005875
0.310264
0.130117
0.095617
0.067569
0.49211
0.184964
0.672219
0.799605
0.97133
0.800434
0.01896
0.750907
0.776089
0.288431
0.775101
0.279491
0.238798
0.309024
0.483918
0.323278
0.083154
0.399597
0.962557
0.606969
0.422081
0.053955
0.815565
0.826217
0.793298
0.593984
0.757582
0.462977
0.330195
0.543114
0.603468
0.586456
0.286088
0.99755
0.913394
0.255519
0.551351
0.169318
0.543471
0.442844
0.425728
0.238037
0.411106
0.755014
0.01224
0.252602
0.675587
0.260421
0.275896
0.255806
0.630532
0.561454
0.81541
0.588761
0.659603
0.26235
0.948163
0.693151
0.483032
0.696639
0.945014
0.648539
0.142767
0.164143
0.180513
0.852046
0.945911
0.220771
0.599195
0.665258
0.083738
0.690346
0.320182
0.110596
0.548762
0.775816
0.804975
0.466254
0.720544
0.191485
0.084045
0.013814
0.218435
0.284101
0.178774
0.143062
0.883271
0.151271
0.95847
0.575491
0.422032
0.83431
0.852972
0.677355
0.42899
0.621207
0.722408
0.692933
0.904706
0.992837
0.963721
0.243359
0.397524
0.842526
0.321744
0.004148
0.952338
0.869369
0.096891
0.474801
0.163652
0.827108
0.806207
0.832396
0.590637
0.078854
0.664533
0.956799
0.320637
0.80161
0.962154
0.487419
0.341551
0.484277
0.812897
0.34502
0.098972
0.714351
0.64856
0.498263
0.10934
0.397933
0.039948
0.793482
0.790186
0.865539
0.181994
0.185319
0.599237
0.801807
0.034844
0.110236
0.426792
0.189283
0.722447
0.408167
0.39625
0.422152
0.95949
0.475658
0.370223
0.805416
0.901662
0.566617
0.650732
0.658663
0.001953
0.452142
0.043665
0.457862
0.89136
0.8812
0.697444
0.151757
0.348939
0.231721
0.109769
0.819271
0.248709
0.069902
0.488653
0.905103
0.860064
0.583159
0.999136
0.886912
0.971448
0.906939
0.777983
0.466454
0.928985
0.609014
0.552368
0.388724
0.520715
0.443478
0.810511
0.080353
0.424716
0.91535
0.733392
0.8442
0.906561
0.594948
0.617128
0.07469
0.577743
0.841246
0.90222
0.60413
0.914099
0.087065
0.447537
0.672341
0.724015
0.68259
0.231431
0.059492
0.178358
0.65124
0.665388
0.826749
0.654843
0.379161
0.0465
0.278877
0.202818
0.586967
0.698162
0.372411
0.127834
0.119519
0.25554
0.221125
0.507852
0.970681
0.815358
0.098449
0.118325
0.67518
0.170184
0.087594
0.891764
0.723966
0.404586
0.285123
0.052222
0.688993
0.282465
0.926685
0.561796
0.294012
0.921435
0.009848
0.025641
0.782007
0.24905
0.954401
0.506346
0.850505
0.459419
0.500589
0.386369
0.663512
0.870942
0.875697
0.407537
0.582754
0.070111
0.187696
0.812678
0.590204
0.621361
0.375128
0.735594
0.367791
0.418557
0.430081
0.303633
0.876498
0.591287
0.679917
0.598867
0.55877
0.452807
0.794026
0.189996
0.680734
0.766074
0.510524
0.161669
0.560208
0.947535
0.53019
0.642709
0.381626
0.07806
0.484754
0.47671
0.904846
0.593931
0.19013
0.98391
0.224894
0.076131
0.63252
0.421231
0.203521
0.677681
0.141199
0.873651
0.125005
0.585584
0.64233
0.136332
0.392744
0.183702
0.797419
0.81819
0.791402
0.423823
0.369983
0.605284
0.48729
0.236076
0.655346
0.107939
0.021785
0.821834
0.824694
0.788267
0.498419
0.501527
0.536779
0.413118
0.166897
0.562507
0.778583
0.464307
0.875222
0.103224
0.542839
0.545488
0.715348
0.150886
0.828548
0.903969
0.245842
0.483951
0.127536
0.562761
0.614374
0.103542
0.246062
0.276645
0.823432
0.759021
0.251904
0.21584
0.647302
0.747434
0.567933
0.878647
0.511162
0.90168
0.498105
0.927778
0.319565
0.208702
0.174805
0.362285
0.518582
0.872892
0.562364
0.200763
0.524082
0.451297
0.239067
0.37483
0.824398
0.978987
0.91158
0.645242
0.337359
0.105289
0.323527
0.621151
0.133116
0.393947
0.636876
0.539949
0.698366
0.864066
0.030763
0.589001
0.87664
0.833201
0.479937
0.503782
0.859125
0.118835
0.034533
0.557984
0.422138
0.966528
0.937001
0.487755
0.538546
0.414472
0.30608
0.079181
0.144951
0.475001
0.429314
0.534752
0.664507
0.387878
0.170268
0.423399
0.19083
0.37206
0.377595
0.568405
0.184701
0.218701
0.926439
0.200011
0.588492
0.48569
0.082927
0.410703
0.689197
0.294295
0.37138
0.11353
0.893855
0.16412
0.839289
0.342433
0.24778
0.141289
0.229138
0.680355
0.147559
0.654091
0.77423
0.205568
0.507305
0.14453
0.023832
0.190373
0.581497
0.13654
0.008798
0.962468
0.716326
0.476066
0.647611
0.609786
0.657581
0.830397
0.505024
0.174983
0.999637
0.40834
0.804237
0.335443
0.80281
0.748824
0.599165
0.169112
0.515262
0.430295
0.766074
0.80393
0.564507
0.281872
0.669966
0.237535
0.315253
0.658625
0.193455
0.302382
0.863728
0.289515
0.92969
0.013789
0.773473
0.1621
0.592579
0.594846
0.963396
0.278987
0.082927
0.350928
0.95208
0.581587
0.651849
0.495763
0.281582
0.473164
0.357034
0.146492
0.156093
0.341459
0.049669
0.616096
0.219142
0.393984
0.368276
0.550965
0.170214
0.918244
0.27551
0.689505
0.31398
0.635161
0.310623
0.322049
0.619872
0.345526
0.225109
0.797913
0.854162
0.899571
0.689063
0.025395
0.491927
0.375333
0.288138
0.475253
0.945099
0.932871
0.739994
0.293805
0.744131
0.961598
0.699118
0.745702
0.179436
0.931834
0.258565
0.262163
0.822783
0.882332
0.712468
0.328201
0.860001
0.693737
0.803867
0.976897
0.931974
0.875809
0.862913
0.21495
0.927764
0.907715
0.183346
0.167726
0.882593
0.996263
0.475876
0.198804
0.300644
0.726186
0.634633
0.704062
0.401898
0.073658
0.361316
0.407819
0.223863
0.821071
0.942567
0.8843
0.919469
0.797583
0.868541
0.255566
0.697422
0.113589
0.505521
0.633609
0.960595
0.36267
0.70028
0.967598
0.791292
0.891109
0.868723
0.489547
0.248599
0.512843
0.829302
0.345198
0.43692
0.111828
0.171894
0.963652
0.744907
0.882487
0.516801
0.532282
0.885042
0.121851
0.724
0.587823
0.459826
0.676801
0.53182
0.187423
0.595209
0.845818
0.824072
0.666407
0.96853
0.295215
0.640984
0.709816
0.020887
0.727592
0.592373
0.026506
0.821398
0.114342
0.220536
0.027856
0.578237
0.185309
0.742169
0.295002
0.357256
0.288532
0.763495
0.296984
0.399364
0.259917
0.763001
0.816329
0.988261
0.325017
0.644012
0.547264
0.163856
0.481836
0.95365
0.487529
0.365899
0.213899
0.411594
0.576179
0.811961
0.088744
0.380392
0.598452
0.145047
0.750933
0.91462
0.131848
0.39803
0.156088
0.337638
0.676306
0.324492
0.097789
0.536439
0.107815
0.403141
0.455551
0.843068
0.89877
0.003233
0.238545
0.988345
0.467522
0.454139
0.10316
0.228582
0.548441
0.836151
0.134785
0.975483
0.63401
0.851211
0.189109
0.866014
0.855874
0.573422
0.247917
0.113271
0.292271
0.988612
0.094642
0.497385
0.463549
0.856494
0.891697
0.372558
0.385744
0.431004
0.000241
0.988413
0.038601
0.244307
0.710557
0.68563
0.125968
0.552158
0.844571
0.135522
0.668965
0.291574
0.812996
0.040387
0.287357
0.891869
0.230101
0.720498
0.309606
0.210216
0.531665
0.900372
0.812815
0.170579
0.770952
0.37734
0.794186
0.809409
0.261075
0.324115
0.841478
0.636045
0.441832
0.525298
0.121804
0.038527
0.079856
0.197729
0.213131
0.643022
0.30216
0.588383
0.802894
0.097497
0.046073
0.877721
0.896267
0.85681
0.544629
0.279848
0.614174
0.446036
0.25005
0.557856
0.996417
0.421438
0.064504
0.123144
0.474219
0.942942
0.196596
0.490865
0.11536
0.152387
0.723919
0.457827
0.335872
0.649701
0.412157
0.797649
0.073182
0.929103
0.207049
0.892615
0.996295
0.328211
0.826366
0.354149
0.56425
0.698341
0.448904
0.548989
0.215446
0.139447
0.961388
0.270323
0.81155
0.399
0.457941
0.160938
0.389529
0.675902
0.625688
0.45865
0.621665
0.809066
0.170964
0.828963
0.553168
0.270481
0.197907
0.7181
0.625455
0.206102
0.812127
0.047769
0.502143
0.646821
0.395318
0.265774
0.113474
0.951773
0.657881
0.966369
0.751699
0.191256
0.32626
0.40342
0.197965
0.81616
0.750707
0.501918
0.090812
0.034019
0.029689
0.579753
0.8423
0.027451
0.372526
0.646911
0.665603
0.343868
0.865078
0.74587
0.825115
0.789829
0.769058
0.70728
0.485548
0.433384
0.479552
0.395312
0.231847
0.065305
0.380247
0.573753
0.611264
0.937792
0.744981
0.493724
0.824886
0.248371
0.995598
0.878895
0.346994
0.705651
0.602264
0.882189
0.886662
0.246086
0.046538
0.995253
0.85591
0.157889
0.147249
0.426028
0.873552
0.333591
0.840711
0.762305
0.29105
0.226348
0.811553
0.715715
0.526671
0.960398
0.283505
0.508869
0.270061
0.06407
0.324043
0.298106
0.732244
0.442456
0.101571
0.881794
0.07307
0.672939
0.720306
0.224105
0.788087
0.690197
0.44703
0.429545
0.758094
0.905566
0.096072
0.652881
0.884073
0.37834
0.404922
0.062633
0.92299
0.472341
0.914366
0.358093
0.474056
0.215694
0.231753
0.774228
0.775053
0.341312
0.836142
0.144857
0.641159
0.608577
0.448742
0.688745
0.962382
0.63354
0.798917
0.376824
0.647164
0.001033
0.303298
0.979046
0.673009
0.771667
0.208157
0.238255
0.291936
0.843598
0.233356
0.065838
0.407822
0.932082
0.657601
0.810957
0.246974
0.280195
0.374896
0.557555
0.646437
0.521073
0.997957
0.12067
0.12857
0.981566
0.038862
0.145896
0.57953
0.856579
0.318802
0.426404
0.058243
0.106988
0.301338
0.188286
0.396527
0.439215
0.45015
0.857216
0.535269
0.317773
0.051823
0.833629
0.170723
0.181243
0.144265
0.377099
0.00094
0.940545
0.056506
0.046595
0.515805
0.561263
0.336799
0.980422
0.233268
0.674719
0.041039
0.723273
0.993011
0.341091
0.965238
0.205229
0.161917
0.108191
0.402907
0.56404
0.473127
0.976688
0.917902
0.287232
0.123249
0.519385
0.900615
0.812675
0.16015
0.388438
0.933121
0.152705
0.446976
0.967737
0.317041
0.611814
0.773139
0.485156
0.294935
0.794265
0.52009
0.601031
0.625006
0.714614
0.343939
0.612517
0.097114
0.147771
0.663901
0.511878
0.78059
0.039561
0.839051
0.918034
0.803836
0.814132
0.850023
0.033769
0.790309
0.002686
0.951782
0.103494
0.174721
0.296697
0.52445
0.958519
0.468137
0.010602
0.321725
0.378936
0.309761
0.059127
0.848133
0.512783
0.908869
0.588492
0.022431
0.086755
0.748379
0.452664
0.386897
0.720194
0.202777
0.736547
0.407288
0.00099
0.123199
0.456963
0.374926
0.025715
0.17236
0.53117
0.646889
0.294515
0.083181
0.09144
0.898229
0.634397
0.389993
0.873164
0.756344
0.939664
0.67231
0.582361
0.274222
0.586235
0.381192
0.357954
0.528738
0.2664
0.383988
0.095638
0.08966
0.923082
0.510554
0.838908
0.15871
0.325872
0.97182
0.149012
0.606101
0.669231
0.422306
0.716353
0.430491
0.631042
0.044816
0.043123
0.385449
0.395949
0.390273
0.689067
0.377773
0.786749
0.557193
0.895244
0.777864
0.343129
0.79369
0.538825
0.819084
0.277975
0.185227
0.334358
0.455298
0.934675
0.924166
0.586255
0.692091
0.918473
0.891398
0.394654
0.75581
0.304793
0.914842
0.471076
0.144254
0.594218
0.050178
0.285178
0.181148
0.919444
0.607651
0.596635
0.752164
0.493682
0.182714
0.731172
0.814644
0.813837
0.420529
0.940499
0.488392
0.627542
0.04474
0.692299
0.514335
0.991642
0.887385
0.690511
0.831046
0.583708
0.929226
0.941465
0.505728
0.164789
0.85406
0.264761
0.316549
0.569256
0.827347
0.728923
0.636003
0.179779
0.199316
0.721528
0.474784
0.281472
0.17154
0.162629
0.449385
0.017572
0.064699
0.457398
0.147182
0.790157
0.548537
0.049684
0.13632
0.957271
0.316021
0.50008
0.589951
0.999365
0.351492
0.6385
0.622766
0.475908
0.684106
0.449819
0.10446
0.329075
0.515251
0.847346
0.516725
0.316588
0.74778
0.689508
0.724797
0.42819
0.048405
0.708599
0.24452
0.231467
0.155829
0.56493
0.880357
0.901318
0.237101
0.889093
0.700636
0.311299
0.712589
0.610576
0.113308
0.520202
0.163029
4e-05
0.927056
0.586654
0.769217
0.913342
0.348142
0.223686
0.143765
0.014164
0.560922
0.481165
0.022696
0.079261
0.742642
0.609967
0.666287
0.651239
0.164914
0.774758
0.643272
0.232037
0.635514
0.241517
0.776936
0.417256
0.233909
0.950944
0.659192
0.221975
0.494134
0.113464
0.420287
0.310841
0.79355
0.663859
0.200664
0.93306
0.19174
0.86222
0.023562
0.963031
0.218708
0.246089
0.627582
0.268652
0.481984
0.794954
0.628961
0.755241
0.088256
0.126499
0.180976
0.223635
0.135874
0.033975
0.598181
0.153261
0.830975
0.934842
0.673998
0.067478
0.166216
0.703321
0.634818
0.949396
0.828945
0.220001
0.908896
0.53015
0.330367
0.056137
0.728676
0.960236
0.315442
0.241729
0.532522
0.342007
0.062473
0.457245
0.548719
0.820387
0.362826
0.150495
0.307052
0.295511
0.726603
0.142202
0.890285
0.836071
0.583867
0.848815
0.266292
0.63811
0.795077
0.434899
0.183409
0.563328
0.80486
0.400654
0.195288
0.432073
0.524126
0.545085
0.663445
0.653302
0.500427
0.086013
0.477332
0.291381
0.588584
0.168967
0.595923
0.524569
0.460719
0.77929
0.50026
0.6002
0.015087
0.012641
0.619446
0.29335
0.086879
0.833145
0.558084
0.427059
0.208562
0.563177
0.34519
0.698278
0.903036
0.148256
0.058256
0.566871
0.497203
0.31836
0.595174
0.464018
0.232012
0.097326
0.343045
0.590896
0.919667
0.771958
0.679901
0.635718
0.424704
0.229036
0.110953
0.181477
0.540686
0.883617
0.640497
0.290406
0.328721
0.356445
0.454579
0.039514
0.464275
0.652385
0.942443
0.328656
0.949011
0.461693
0.085029
0.030302
0.639376
0.98669
0.327532
0.128943
0.752174
0.609589
0.123091
0.251919
0.579827
0.867878
0.045728
0.551958
0.560506
0.373327
0.853506
0.113495
0.81112
0.187157
0.171397
0.072809
0.377515
0.019098
0.95971
0.181265
0.727761
0.718749
0.988243
0.081147
0.326146
0.019517
0.86511
0.862283
0.16516
0.541482
0.414135
0.773599
0.387123
0.921084
0.06765
0.176184
0.015834
0.200777
0.363998
0.787489
0.082336
0.900636
0.115138
0.732261
0.09904
0.082448
0.534224
0.451559
0.189585
0.476571
0.872374
0.346419
0.32221
0.83643
0.840923
0.976016
0.240508
0.462586
0.728911
0.690145
0.8195
0.573438
0.458218
0.433585
0.583936
0.965532
0.487462
0.812942
0.821063
0.416821
0.378329
0.91894
0.695147
0.975841
0.444991
0.114981
0.603974
0.801763
0.434888
0.245933
0.858288
0.022744
0.18055
0.727759
0.696298
0.033111
0.1907
0.698242
0.309418
0.816185
0.327021
0.010716
0.88178
0.449036
0.319702
0.586558
0.313901
0.654899
0.185699
0.405049
0.705525
0.055307
0.163661
0.360894
0.487046
0.62142
0.856048
0.044066
0.898847
0.018083
0.496087
0.090524
0.80146
0.656099
0.244756
0.156358
0.413391
0.948158
0.136738
0.019562
0.628859
0.903477
0.69365
0.924319
0.6902
0.944855
0.635484
0.25188
0.262615
0.269075
0.469203
0.770136
0.709153
0.609282
0.202568
0.072635
0.196681
0.622174
0.501641
0.899153
0.075028
0.86981
0.486926
0.703682
0.812161
0.523708
0.337518
0.528139
0.877711
0.235209
0.532531
0.770615
0.248343
0.030745
0.340505
0.806522
0.315651
0.786298
0.358448
0.894409
0.172417
0.696352
0.727436
0.546179
0.96691
0.276689
0.978089
0.10545
0.200011
0.722506
0.887241
0.366961
0.549144
0.976909
0.460936
0.266115
0.688815
0.450203
0.557516
0.161878
0.256396
0.423503
0.538472
0.875923
0.478126
0.029311
0.211806
0.647668
0.390483
0.569254
0.771025
0.012942
0.595212
0.870863
0.036751
0.058058
0.039059
0.147058
0.23374
0.852079
0.666713
0.029094
0.35659
0.214171
0.741135
0.984278
0.788662
0.065318
0.182047
0.33681
0.357257
0.384929
0.124863
0.820734
0.213196
0.21398
0.993842
0.091048
0.23943
0.016131
0.96233
0.937865
0.156036
0.953997
0.267285
0.173741
0.406606
0.332004
0.043907
0.236251
0.460428
0.817926
0.288232
0.583859
0.379805
0.371651
0.325466
0.977761
0.956293
0.365233
0.154467
0.918482
0.95371
0.445019
0.725192
0.134393
0.980684
0.609535
0.087255
0.943635
0.248107
0.472353
0.291717
0.311927
0.315333
0.931958
0.895677
0.552452
0.106911
0.66359
0.796806
0.627877
0.74935
0.91739
0.841518
0.729194
0.805562
0.155027
0.575591
0.264973
0.232865
0.810506
0.210533
0.271158
0.495612
0.100976
0.654897
0.285973
0.069661
0.534244
0.60087
0.707935
0.30005
0.915293
0.704805
0.697591
0.763438
0.955487
0.607162
0.108022
0.246696
0.873428
0.049756
0.988779
0.052241
0.076035
0.198956
0.747524
0.399574
0.196954
0.229864
0.494982
0.700103
0.867417
0.708071
0.166129
0.315992
0.891783
0.779976
0.763585
0.223345
0.970512
0.171807
0.616957
0.441486
0.311385
0.421045
0.200749
0.725228
0.473337
0.337156
0.063276
0.881922
0.560794
0.073472
0.627591
0.945958
0.555371
0.923741
0.356365
0.608727
0.347995
0.618215
0.724711
0.903081
0.225377
0.036331
0.331404
0.996778
0.762851
0.170467
0.040121
0.674588
0.875677
0.430691
0.317933
0.095986
0.919956
0.814027
0.435381
0.606046
0.072423
0.698203
0.198169
0.941176
0.229884
0.408735
0.543963
0.681834
0.224104
0.967339
0.127449
0.983777
0.357773
0.72764
0.936367
0.043731
0.571988
0.404014
0.868256
0.527863
0.388669
0.075389
0.43277
0.786945
0.903205
0.346451
0.10176
0.388962
0.638921
0.788055
0.386899
0.592159
0.764341
0.473068
0.637831
0.102834
0.773717
0.771107
0.061043
0.226646
0.409005
0.637289
0.406263
0.592453
0.134063
0.218302
0.300214
0.105641
0.763049
0.221776
0.567598
0.413185
0.255574
0.153406
0.900777
0.313809
0.95882
0.44962
0.906526
0.088566
0.432541
0.814661
0.781387
0.646035
0.443993
0.845056
0.609287
0.705858
0.757069
0.000782
0.356609
0.020881
0.768083
0.35021
0.606661
0.903561
0.124163
0.323103
0.299914
0.139924
0.832601
0.763817
0.648007
0.092904
0.50475
0.516784
0.417811
0.321199
0.323043
0.30705
0.060794
0.262816
0.099531
0.19317
0.830151
0.134557
0.518687
0.911311
0.793412
0.50757
0.8056
0.362558
0.245736
0.589279
0.788738
0.009415
0.976606
0.701514
0.873083
0.88345
0.211629
0.651641
0.809169
0.725863
0.772492
0.04238
0.103086
0.538759
0.225685
0.937051
0.069038
0.296714
0.444029
0.01514
0.866504
0.720597
0.696195
0.488645
0.832703
0.708275
0.653495
0.912236
0.415231
0.466298
0.538278
0.292133
0.955646
0.411
0.801862
0.525862
0.036258
0.700648
0.412943
0.023416
0.755393
0.774042
0.899344
0.37805
0.481593
0.52707
0.599571
0.511961
0.115483
0.637955
0.559981
0.754451
0.564916
0.754792
0.202797
0.896336
0.545822
0.644195
0.660464
0.258235
0.658092
0.065155
0.972974
0.922877
0.433398
0.593471
0.074664
0.606077
0.507504
0.569414
0.341565
0.203074
0.452734
0.437753
0.4245
0.527107
0.774969
0.045349
0.679028
0.048121
0.726914
0.847427
0.169575
0.61941
0.784757
0.146482
0.453943
0.367929
0.507677
0.742598
0.061163
0.367494
0.722992
0.55312
0.655647
0.341371
0.127037
0.886646
0.783853
0.689188
0.170387
0.102365
0.812122
0.366815
0.884047
0.548009
0.836565
0.775076
0.907865
0.752564
0.236892
0.74782
0.514762
0.323135
0.634854
0.503537
0.410762
0.739505
0.596523
0.658893
0.911895
0.769742
0.934649
0.62227
0.602
0.574201
0.370272
0.469294
0.391732
0.290776
0.493376
0.62152
0.140962
0.030966
0.745874
0.097743
0.878056
0.34471
0.20411
0.546221
0.171023
0.501718
0.154166
0.422811
0.6957
0.560313
0.867523
0.162411
0.795383
0.794841
0.810372
0.944707
0.963595
0.270045
0.286946
0.053619
0.632625
0.869728
0.401625
0.145398
0.5417
0.297715
0.370258
0.006354
0.63474
0.439197
0.786482
0.433402
0.631418
0.703716
0.39744
0.006805
0.574045
0.786401
0.434813
0.197297
0.391302
0.736004
0.476801
0.866752
0.088767
0.433664
0.049493
0.91831
0.436553
0.322741
0.889593
0.214204
0.087339
0.50387
0.483335
0.949418
0.182745
0.363409
0.682307
0.156541
0.779802
0.221411
0.172093
0.920547
0.262263
0.217784
0.893542
0.956021
0.124394
0.108021
0.005573
0.914782
0.90593
0.651364
0.719471
0.793702
0.01808
0.377054
0.523188
0.482464
0.302245
0.676338
0.858064
0.594033
0.029638
0.029961
0.573132
0.212764
0.457349
0.505011
0.787912
0.799292
0.309977
0.001388
0.69993
0.960649
0.992931
0.66867
0.502941
0.051421
0.813701
0.789264
0.973664
0.404342
0.550161
0.102808
0.613078
0.962041
0.365588
0.636337
0.931845
0.574157
0.378049
0.989788
0.865854
0.814739
0.500204
0.566048
0.71538
0.528853
0.89982
0.082879
0.730498
0.035593
0.586395
0.294322
0.492791
0.079347
0.696241
0.633665
0.563051
0.774748
0.702012
0.938871
0.70494
0.570216
0.271477
0.367138
0.357231
0.804452
0.741468
0.710135
0.306736
0.720866
0.26072
0.560779
0.519264
0.768432
0.19075
0.829948
0.786961
0.919753
0.356964
0.538278
0.349481
0.316753
0.0185
0.362665
0.372944
0.068969
0.731407
0.781977
0.63591
0.215367
0.381924
0.062759
0.480442
0.879039
0.942832
0.473501
0.36905
0.902292
0.132901
0.753862
0.138604
0.598056
0.059756
0.299475
0.016272
0.037652
0.319237
0.523519
0.871847
0.021021
0.077121
0.604078
0.438088
0.679065
0.407756
0.067781
0.306914
0.391542
0.571669
0.509776
0.532153
0.81682
0.412092
0.646234
0.027731
0.360471
0.1788
0.77997
0.241825
0.653346
0.584368
0.74417
0.353215
0.993843
0.165636
0.09527
0.904239
0.665127
0.227473
0.901094
0.730668
0.353595
0.995869
0.405578
0.623836
0.748277
0.077087
0.088628
0.918798
0.476651
0.076706
0.087079
0.10108
0.592981
0.313993
0.703041
0.421017
0.70549
0.489735
0.498181
0.411107
0.333986
0.917999
0.731095
0.089034
0.595025
0.902245
0.995443
0.978665
0.719788
0.28511
0.281589
0.182365
0.190957
0.729744
0.308617
0.961986
0.740361
0.545138
0.383888
0.708831
0.059966
0.598478
0.567354
0.076129
0.470519
0.012712
0.970649
0.762817
0.478151
0.905508
0.106053
0.857172
0.424155
0.150781
0.669274
0.501664
0.298951
0.351064
0.465338
0.912198
0.826319
0.116068
0.324714
0.811308
0.636005
0.512467
0.861869
0.303265
0.39809
0.937925
0.65459
0.035991
0.305845
0.77165
0.416061
0.278778
0.538205
0.857675
0.949773
0.692034
0.750826
0.089802
0.359118
0.160763
0.992237
0.862391
0.654657
0.264109
0.905442
0.680834
0.00991
0.344633
0.982749
0.254132
0.160859
0.387903
0.795502
0.623381
0.156636
0.467643
0.55895
0.262117
0.542101
0.281592
0.28055
0.18023
0.955677
0.413169
0.848511
0.53962
0.759755
0.157358
0.081692
0.247877
0.396535
0.893858
0.420446
0.382586
0.824161
0.779165
0.249313
0.923487
0.79869
0.263168
0.94872
0.978581
0.938862
0.69597
0.561632
0.363916
0.591821
0.212831
0.804287
0.096553
0.647482
0.153282
0.283987
0.737071
0.143397
0.184929
0.019989
0.121688
0.143499
0.396017
0.307679
0.846649
0.469294
0.755341
0.587693
0.17849
0.204461
0.615434
0.531247
0.792412
0.57695
0.564182
0.859099
0.696953
0.248001
0.567556
0.150591
0.969594
0.810875
0.9567
0.547794
0.679714
0.909263
0.156019
0.861883
0.450605
0.437255
0.901786
0.7267
0.403479
0.646061
0.837301
0.351229
0.780493
0.651756
0.625371
0.365849
0.431693
0.021803
0.130294
0.137374
0.249987
0.12835
0.436513
0.14121
0.950109
0.667505
0.962345
0.684997
0.353453
0.520518
0.080933
0.932466
0.207987
0.17305
0.834009
0.827601
0.085475
0.793583
0.084767
0.512679
0.738055
0.966872
0.727981
0.340191
0.218796
0.291986
0.142868
0.420767
0.799972
0.658715
0.863693
0.780178
0.352994
0.675933
0.382406
0.585349
0.681511
0.170247
0.645778
0.436202
0.524855
0.776562
0.574137
0.738346
0.214273
0.831059
0.833053
0.112768
0.896458
0.903462
0.037035
0.332672
0.027886
0.617741
0.106315
0.210992
0.238857
0.444811
0.178027
0.305149
0.193735
0.704197
0.764618
0.559616
0.938899
0.170437
0.998016
0.807706
0.51282
0.996364
0.028784
0.290311
0.52164
0.715204
0.898058
0.965946
0.693547
0.613766
0.563965
0.179354
0.21976
0.650173
0.480453
0.318965
0.439433
0.83255
0.654395
0.065128
0.622374
0.351623
0.566902
0.359314
0.138256
0.934931
0.087168
0.601682
0.264048
0.172335
0.532394
0.329344
0.238147
0.971495
0.379859
0.359304
0.406699
0.840612
0.758078
0.967645
0.517303
0.664913
0.837801
0.413691
0.463507
0.619169
0.508894
0.027257
0.542284
0.774794
0.957894
0.214832
0.867276
0.834036
0.608125
0.845413
0.193394
0.035423
0.892521
0.644477
0.535269
0.724461
0.971709
0.410893
0.892259
0.618163
0.289032
0.353952
0.59187
0.337483
0.105598
0.968459
0.595984
0.395147
0.515393
0.218254
0.285493
0.38809
0.351157
0.207064
0.851379
0.54438
0.954949
0.846105
0.459939
0.471752
0.968327
0.994914
0.43107
0.028119
0.775514
0.520101
0.067493
0.274529
0.751019
0.727653
0.044417
0.502138
0.76689
0.381026
0.642925
0.848183
0.824523
0.108909
0.282296
0.04819
0.313873
0.005481
0.917035
0.811224
0.419196
0.304438
0.800535
0.760084
0.048952
0.691009
0.305073
0.498393
0.237078
0.042158
0.299447
0.43986
0.434259
0.1631
0.456334
0.161845
0.885548
0.544452
0.721908
0.186215
0.195524
0.882394
0.878615
0.926513
0.181044
0.432755
0.393371
0.873359
0.659289
0.285126
0.191852
0.030019
0.883278
0.962824
0.192757
0.267876
0.913832
0.175798
0.087491
0.414922
0.037186
0.561072
0.872584
0.061861
0.154784
0.982309
0.561087
0.653922
0.217304
0.664136
0.205051
0.894958
0.397835
0.365047
0.380227
0.75134
0.032909
0.565991
0.702798
0.067646
0.630784
0.279344
0.27044
0.176199
0.007287
0.833297
0.08871
0.531685
0.272624
0.385481
0.432549
0.023678
0.533793
0.101455
0.425394
0.279749
0.296413
0.213462
0.532538
0.116263
0.454059
0.087009
0.752808
0.359615
0.43551
0.19802
0.730522
0.536607
0.112991
0.486849
0.76121
0.317158
0.927125
0.784655
0.01633
0.770344
0.937045
0.521422
0.556513
0.144793
0.347659
0.202027
0.901624
0.286282
0.250263
0.360439
0.045663
0.077604
0.868787
0.070566
0.999745
0.435377
0.873319
0.120161
0.538252
0.902091
0.589883
0.99137
0.702953
0.354857
0.132928
0.065037
0.290365
0.065023
0.831827
0.986721
0.124526
0.455276
0.180733
0.759611
0.322221
0.049134
0.675971
0.655509
0.464006
0.663876
0.819562
0.490577
0.911288
0.20544
0.53295
0.470434
0.220711
0.010246
0.753689
0.965328
0.93359
0.446919
0.806362
0.123374
0.304144
0.313852
0.776151
0.457544
0.675112
0.47545
0.387547
0.390612
0.455541
0.425894
0.666613
0.358668
0.947521
0.423364
0.902153
0.195607
0.094733
0.803692
0.260091
0.554741
0.267791
0.503063
0.321138
0.608095
0.661322
0.042021
0.878395
0.423287
0.927332
0.536499
0.99157
0.57525
0.844704
0.712896
0.344496
0.803451
0.731474
0.581026
0.90521
0.45381
0.872546
0.933719
0.517448
0.137574
0.563947
0.431758
0.39694
0.939143
0.5463
0.600773
0.459691
0.341707
0.865465
0.170173
0.612114
0.357537
0.804386
0.65835
0.552758
0.500815
0.51125
0.965313
0.404422
0.934583
0.683238
0.834231
0.057278
0.80452
0.610914
0.297611
0.403606
0.552408
0.47412
0.401756
0.273991
0.670077
0.715685
0.94
0.581885
0.858526
0.379388
0.662936
0.25182
0.345741
0.054667
0.597907
0.114204
0.273375
0.776821
0.446659
0.546051
0.012806
0.849985
0.447588
0.998765
0.369978
0.17584
0.591709
0.758201
0.380506
0.435355
0.52551
0.872461
0.749985
0.818559
0.035439
0.23635
0.284483
0.921416
0.294208
0.027658
0.103486
0.10622
0.933874
0.428105
0.312557
0.100499
0.806999
0.426245
0.761507
0.983208
0.750261
0.544884
0.284747
0.877259
0.122766
0.205651
0.014217
0.509969
0.712081
0.520215
0.756562
0.434833
0.450006
0.810336
0.297399
0.141353
0.339402
0.154237
0.038196
0.995003
0.880484
0.963021
0.571997
0.3751
0.667995
0.270313
0.10936
0.138431
0.771512
0.403379
0.080835
0.890113
0.462381
0.981051
0.725376
0.606744
0.67105
0.540536
0.889736
0.825971
0.087595
0.018199
0.155866
0.736991
0.892514
0.292659
0.64392
0.397058
0.544174
0.758975
0.47405
0.179689
0.842733
0.564693
0.942618
0.802975
0.439278
0.470564
0.34348
0.983333
0.744219
0.991366
0.510452
0.886359
0.899837
0.193835
0.685283
0.553771
0.478598
0.382138
0.587706
0.536059
0.286191
0.035496
0.371228
0.917521
0.341949
0.510076
0.029745
0.582109
0.576964
0.208779
0.317231
0.555226
0.191611
0.061234
0.660886
0.080873
0.530794
0.908023
0.243928
0.014285
0.418929
0.036892
0.604276
0.179939
0.167324
0.500398
0.27128
0.165561
0.655495
0.434715
0.798958
0.534766
0.538029
0.644456
0.123741
0.35175
0.423046
0.532942
0.911802
0.975069
0.02779
0.062453
0.236181
0.809327
0.690062
0.022463
0.060664
0.97234
0.457539
0.67989
0.783935
0.638115
0.365114
0.023351
0.602782
0.237964
0.075868
0.88861
0.143805
0.293223
0.078795
0.026109
0.410222
0.180371
0.992059
0.128158
0.712711
0.668161
0.116949
0.939336
0.144508
0.011506
0.983586
0.579669
0.812108
0.082647
0.968222
0.590927
0.551194
0.49437
0.382024
0.81749
0.301416
0.609743
0.638554
0.847883
0.304532
0.093071
0.632638
0.282011
0.109641
0.437256
0.304438
0.100594
0.60819
0.977978
0.219858
0.433254
0.254517
0.786801
0.313208
0.157846
0.748399
0.391538
0.859621
0.90956
0.441824
0.379991
0.584949
0.542451
0.66135
0.775405
0.933215
0.589899
0.896181
0.117773
0.515595
0.659297
0.969633
0.631896
0.791317
0.836757
0.570406
0.775589
0.697342
0.590571
0.201067
0.641048
0.399567
0.651634
0.989479
0.863266
0.406238
0.975484
0.713996
0.352541
0.731183
0.08948
0.302831
0.613426
0.344984
0.847302
0.577974
0.161436
0.575663
0.603572
0.978633
0.630963
0.201713
0.115027
0.012616
0.46531
0.176574
0.147366
0.745417
0.597185
0.72314
0.856299
0.606384
0.440603
0.887111
0.909635
0.078458
0.11963
0.362252
0.599951
0.093534
0.271522
0.18415
0.387458
0.066458
0.951971
0.996245
0.219803
0.431041
0.857916
0.589349
0.715812
0.302858
0.845852
0.168178
0.294931
0.135905
0.759558
0.694718
0.2292
0.243922
0.943762
0.328141
0.594607
0.267327
0.96822
0.312232
0.774117
0.593406
0.349191
0.699427
0.276045
0.760709
0.746048
0.237892
0.131736
0.270459
0.511953
0.944748
0.280351
0.805625
0.630269
0.572963
0.919987
0.666572
0.376991
0.490006
0.513584
0.91458
0.084748
0.580517
0.086998
0.16533
0.242748
0.904041
0.58956
0.84017
0.088699
0.720337
0.851683
0.192165
0.402787
0.433255
0.02902
0.638652
0.767487
0.174668
0.568912
0.858482
0.281131
0.664587
0.096366
0.37306
0.43505
0.269987
0.619055
0.923988
0.157396
0.448284
0.136507
0.793863
0.499527
0.606413
0.697076
0.732364
0.361681
0.981735
0.194778
0.119455
0.856043
0.638871
0.11793
0.077865
0.874911
0.839776
0.812963
0.965134
0.856139
0.911644
0.263709
0.346006
0.66329
0.953845
0.944588
0.710215
0.132408
0.561915
0.278147
0.985053
0.368945
0.060635
0.513538
0.478026
0.728361
0.208128
0.934763
0.045995
0.592815
0.146943
0.172128
0.171711
0.585418
0.032822
0.492755
0.641461
0.055191
0.230542
0.769685
0.394276
0.890025
0.584596
0.715627
0.871542
0.035016
0.070177
0.87091
0.331404
0.219196
0.584805
0.885519
0.778356
0.972438
0.994341
0.419445
0.545531
0.840717
0.07086
0.682675
0.484264
0.499689
0.004324
0.749058
0.938551
0.326702
0.075025
0.458026
0.263208
0.99436
0.672209
0.328505
0.682337
0.484018
0.5045
0.472222
0.562304
0.26014
0.244684
0.031121
0.989334
0.922096
0.885787
0.046127
0.005285
0.273831
0.603079
0.647592
0.658732
0.94351
0.641857
0.115977
0.551674
0.371946
0.031875
0.773197
0.624583
0.201751
0.169692
0.911258
0.872849
0.491184
0.926326
0.032637
0.672295
0.653642
0.09925
0.993148
0.843578
0.24172
0.262166
0.272078
0.572309
0.396524
0.850807
0.840985
0.143092
0.542066
0.996436
0.37869
0.808357
0.429523
0.121233
0.846192
0.730598
0.694722
0.278309
0.788791
0.033986
0.533067
0.049274
0.301086
0.549734
0.129382
0.328198
0.504822
0.013856
0.302333
0.59702
0.832012
0.049717
0.818525
0.931835
0.091113
0.194028
0.823507
0.937326
0.85193
0.165095
0.227554
0.972814
0.81316
0.143845
0.611277
0.692383
0.639186
0.370144
0.88707
0.063608
0.628232
0.411949
0.625969
0.348632
0.06474
0.985291
0.969039
0.56854
0.018471
0.813047
0.837474
0.061945
0.429654
0.080324
0.374882
0.825953
0.843771
0.645612
0.812249
0.023002
0.58046
0.494094
0.457924
0.624918
0.323927
0.070793
0.497246
0.809843
0.17876
0.039798
0.99732
0.153309
0.683345
0.270862
0.701875
0.926662
0.718953
0.008569
0.659249
0.820116
0.393972
0.643275
0.851239
0.675797
0.529837
0.342393
0.943968
0.889542
0.505787
0.944204
0.721586
0.25969
0.925458
0.262066
0.228742
0.766008
0.04811
0.351694
0.368254
0.013467
0.125754
0.657918
0.565681
0.535441
0.786172
0.745391
0.809486
0.144545
0.217447
0.173516
0.083342
0.289868
0.075906
0.200838
0.194375
0.877371
0.99424
0.094289
0.427071
0.420543
0.518014
0.615486
0.792364
0.350694
0.321592
0.161981
0.947806
0.807006
0.213161
0.545646
0.990615
0.586269
0.820637
0.670017
0.297065
0.202056
0.97372
0.552805
0.959025
0.23906
0.353884
0.676886
0.623272
0.493827
0.833473
0.101271
0.466501
0.805475
0.207567
0.459232
0.483023
0.522649
0.639316
0.120837
0.841744
0.266628
0.657037
0.076437
0.15017
0.266358
0.790601
0.012856
0.807801
0.979877
0.979492
0.065617
0.566507
0.001454
0.661488
0.018949
0.201374
0.971006
0.895251
0.391604
0.272222
0.097209
0.372884
0.594986
0.976069
0.794996
0.755727
0.744412
0.526533
0.282019
0.854963
0.805308
0.021112
0.229182
0.013521
0.574781
0.548509
0.673429
0.839234
0.711621
0.369277
0.172065
0.000788
0.683643
0.824377
0.430795
0.754976
0.292194
0.269261
0.640023
0.763599
0.953095
0.642722
0.200778
0.403924
0.981015
0.989136
0.899662
0.366359
0.854224
0.817478
0.237209
0.720681
0.024345
0.833333
0.078673
0.736948
0.960876
0.475379
0.518707
0.59524
0.841826
0.05104
0.695796
0.181823
0.695188
0.9219
0.259599
0.787064
0.818798
0.117945
0.135798
0.367523
0.80249
0.324468
0.417602
0.977999
0.092853
0.69019
0.628507
0.420627
0.780044
0.283861
0.285078
0.719659
0.490668
0.729665
0.032718
0.141712
0.777529
0.598442
0.268195
0.269911
0.109579
0.832027
0.305731
0.589702
0.040372
0.927933
0.469712
0.316647
0.733041
0.832699
0.549089
0.991454
0.981938
0.857452
0.907327
0.997005
0.22328
0.04793
0.23118
0.609649
0.732986
0.453098
0.157297
0.43707
0.846599
0.243821
0.952159
0.63255
0.67877
0.563869
0.341093
0.892081
0.831707
0.827665
0.453268
0.351947
0.839755
0.891536
0.614434
0.558028
0.10059
0.830295
0.735126
0.294977
0.013042
0.900512
0.132277
0.964276
0.399439
0.794176
0.513855
0.959841
0.508228
0.995232
0.057593
0.756331
0.356135
0.412016
0.641773
0.017137
0.095265
0.941802
0.51336
0.594066
0.290189
0.05355
0.829679
0.115315
0.605496
0.622062
0.743789
0.370151
0.243475
0.850131
0.686675
0.121845
0.163899
0.355704
0.971636
0.844479
0.607481
0.551503
0.130577
0.741107
0.939444
0.829537
0.212656
0.165097
0.808293
0.815089
0.04521
0.288376
0.788995
0.946609
0.390724
0.1789
0.617367
0.594532
0.573952
0.835059
0.764048
0.826442
0.96755
0.945971
0.825565
0.478007
0.58814
0.322294
0.351057
0.609749
0.028207
0.169401
0.085499
0.784785
0.052349
0.625294
0.020722
0.299816
0.776528
0.040393
0.715404
0.478271
0.333403
0.147146
0.954514
0.892471
0.736348
0.982865
0.804336
0.146594
0.031794
0.490597
0.83526
0.912538
0.079407
0.459496
0.185575
0.693722
0.098405
0.046875
0.198025
0.321586
0.119603
0.004144
0.543283
0.678644
0.792175
0.261066
0.982268
0.131886
0.888143
0.88343
0.768923
0.131257
0.730053
0.797903
0.14132
0.074102
0.46664
0.697905
0.854539
0.695519
0.229892
0.249934
0.344714
0.874351
0.947403
0.934453
0.222945
0.935108
0.371299
0.113853
0.386821
0.812373
0.874714
0.684509
0.993907
0.359562
0.772264
0.138398
0.984518
0.620289
0.897385
0.929276
0.005356
0.476917
0.143593
0.697053
0.460393
0.428953
0.712262
0.869813
0.657417
0.702421
0.728274
0.64032
0.553594
0.724947
0.444755
0.349734
0.472144
0.246822
0.378806
0.884811
0.821644
0.756246
0.564586
0.720525
0.547495
0.624117
0.255401
0.162616
0.675281
0.07941
0.447261
0.476571
0.636011
0.172007
0.31939
0.925876
0.384341
0.198385
0.814995
0.713354
0.400128
0.185202
0.101729
0.211212
0.1889
0.959071
0.275674
0.582624
0.620496
0.839869
0.983697
0.564694
0.102094
0.5363
0.31695
0.940814
0.329232
0.386983
0.251361
0.265214
0.934657
0.15599
0.614412
0.381183
0.05227
0.731746
0.416048
0.599931
0.208757
0.010345
0.034522
0.231229
0.174522
0.985596
0.667548
0.26955
0.889962
0.665697
0.390011
0.099512
0.36026
0.252744
0.55216
0.615063
0.392629
0.848962
0.549846
0.007542
0.99909
0.394182
0.726016
0.092998
0.375836
0.900342
0.82338
0.484791
0.854246
0.81711
0.258329
0.73276
0.882468
0.751283
0.388341
0.64653
0.181011
0.651524
0.758764
0.507597
0.53248
0.327167
0.143874
0.366735
0.898211
0.481025
0.679444
0.566604
0.986771
0.954664
0.019445
0.62901
0.253196
0.095086
0.963118
0.880913
0.234212
0.211113
0.90985
0.723553
0.44083
0.473801
0.03748
0.164232
0.795654
0.5893
0.104334
0.825079
0.519602
0.192476
0.044711
0.773683
0.996572
0.145441
0.120524
0.111112
0.490569
0.83467
0.678144
0.712653
0.814147
0.362442
0.814767
0.154262
0.730654
0.517171
0.206097
0.704113
0.107567
0.25079
0.827913
0.125731
0.043857
0.069806
0.294608
0.034096
0.943985
0.572428
0.35279
0.328642
0.458245
0.513954
0.996204
0.68031
0.628258
0.693238
0.894193
0.79158
0.96326
0.780174
0.703618
0.448901
0.581027
0.774386
0.750309
0.27529
0.794216
0.502559
0.41977
0.932635
0.961829
0.306261
0.501874
0.308888
0.568889
0.763584
0.158111
0.656843
0.08754
0.00468
0.329531
0.964884
0.06126
0.923525
0.691525
0.079967
0.68587
0.256726
0.224463
0.145353
0.497449
0.835816
0.670659
0.644966
0.086152
0.429613
0.962693
0.083003
0.06845
0.087077
0.679387
0.328327
0.806969
0.258223
0.393
0.335515
0.293824
0.857531
0.308786
0.456178
0.428356
0.55753
0.370816
0.152777
0.557618
0.228246
0.910952
0.131724
0.281973
0.626568
0.345508
0.87036
0.76517
0.120762
0.964669
0.089138
0.036416
0.55297
0.790345
0.946744
0.071794
0.766313
0.736539
0.319662
0.467503
0.350104
0.404316
0.651439
0.891843
0.726008
0.58467
0.547364
0.743903
0.592295
0.784975
0.921039
0.491125
0.87775
0.628335
0.506999
0.56462
0.561968
0.866804
0.046755
0.929781
0.662669
0.596213
0.920356
0.197248
0.649061
0.242436
0.527807
0.807655
0.175772
0.872337
0.191887
0.376459
0.807833
0.953645
0.938649
0.698917
0.930099
0.560886
0.013709
0.562542
0.301896
0.811314
0.25882
0.805198
0.476592
0.151277
0.817769
0.327913
0.563977
0.694522
0.255228
0.050998
0.975803
0.394545
0.289649
0.779883
0.548713
0.019442
0.820857
0.813892
0.62885
0.808382
0.487063
0.581232
0.543538
0.067381
0.052267
0.619426
0.200168
0.066457
0.903386
0.171174
0.192765
0.035596
0.226534
0.321478
0.791986
0.51496
0.56391
0.161266
0.165577
0.673636
0.60292
0.960021
0.065313
0.872015
0.924483
0.947795
0.530886
0.770733
0.15944
0.50788
0.439602
0.764999
0.113402
0.65577
0.946914
0.951455
0.414481
0.70495
0.397071
0.848165
0.132405
0.812193
0.500135
0.890094
0.625387
0.974371
0.545268
0.794975
0.31933
0.382053
0.030967
0.083914
0.732691
0.526752
0.37373
0.656512
0.139863
0.52949
0.098317
0.79693
0.306726
0.590705
0.784447
0.376386
0.357688
0.989529
0.196198
0.361749
0.414226
0.262513
0.699718
0.400111
0.572168
0.933555
0.78558
0.501324
0.871779
0.764
0.070299
0.731885
0.076721
0.796029
0.552069
0.181925
0.047931
0.055771
0.885374
0.95329
0.873841
0.800735
0.270516
0.724556
0.777262
0.562047
0.229387
0.509769
0.186162
0.599191
0.924571
0.252789
0.610845
0.697116
0.285001
0.194981
0.139812
0.201599
0.403112
0.478008
0.846602
0.848932
0.118971
0.593939
0.218721
0.321632
0.290292
0.487172
0.363973
0.867172
0.399122
0.94437
0.710555
0.479231
0.762238
0.134647
0.705695
0.210014
0.934797
0.068819
0.117066
0.902802
0.930993
0.822394
0.851729
0.935174
0.246234
0.333361
0.239919
0.312922
0.780952
0.57903
0.028559
0.072013
0.549249
0.662718
0.602309
0.737716
0.152717
0.164018
0.840724
0.257206
0.871745
0.396022
0.212881
0.427278
0.406854
0.461102
0.628923
0.31116
0.081405
0.891549
0.330212
0.435659
0.156156
0.16672
0.520621
0.08139
0.404171
0.362551
0.165468
0.617384
0.676432
0.893709
0.331385
0.694351
0.365968
0.52845
0.69207
0.566463
0.662294
0.190052
0.09949
0.393971
0.553513
0.42025
0.021807
0.784932
0.359618
0.715955
0.621804
0.108714
0.551034
0.491782
0.893401
0.836007
0.737901
0.891105
0.148466
0.105149
0.665164
0.538842
0.574982
0.493505
0.954383
0.716525
0.911461
0.184236
0.17553
0.767837
0.080114
0.63856
0.010837
0.13348
0.576124
0.068456
0.284586
0.783766
0.065708
0.652478
0.5862
0.81592
0.163062
0.889319
0.481083
0.266724
0.454958
0.599307
0.188295
0.730012
0.871837
0.809027
0.13514
0.431192
0.366489
0.179827
0.534937
0.971732
0.074891
0.495338
0.384424
0.683263
0.597416
0.705622
0.550455
0.019412
0.994125
0.654999
0.894273
0.247258
0.202527
0.567025
0.788693
0.657557
0.245535
0.85519
0.24751
0.098795
0.584133
0.551413
0.015456
0.385277
0.794989
0.527818
0.740262
0.219984
0.553202
0.574345
0.247214
0.146189
0.36639
0.316728
0.513133
0.038292
0.589632
0.335241
0.220093
0.571426
0.610204
0.727742
0.346626
0.896109
0.581693
0.308209
0.018543
0.724691
0.262348
0.063189
0.677112
0.316538
0.353654
0.792778
0.029403
0.379859
0.004311
0.002191
0.615981
0.917222
0.672288
0.186286
0.46303
0.58956
0.14778
0.497852
0.036265
0.722507
0.503535
0.647405
0.34445
0.595748
0.339262
0.819811
0.679726
0.882077
0.784975
0.061556
0.386098
0.579739
0.006603
0.593537
0.390394
0.546144
0.564797
0.551439
0.254251
0.779548
0.536492
0.855485
0.154023
0.631576
0.661151
0.768267
0.830743
0.06069
0.859114
0.330987
0.411495
0.671581
0.946656
0.492628
0.292753
0.086661
0.142273
0.182326
0.369464
0.365063
0.338144
0.149215
0.35439
0.482115
0.748961
0.598699
0.771288
0.272788
0.677773
0.609743
0.28812
0.037014
0.328911
0.43002
0.401214
0.372077
0.223363
0.903093
0.274876
0.858332
0.435552
0.02146
0.382114
0.705297
0.000966
0.066236
0.148825
0.12468
0.012881
0.929595
0.488804
0.240308
0.239642
0.142921
0.699379
0.664893
0.002553
0.477422
0.745742
0.467013
0.616568
0.324345
0.542342
0.968416
0.81721
0.933755
0.155722
0.959568
0.428087
0.155556
0.805926
0.074708
0.30117
0.491981
0.640983
0.266416
0.254221
0.215136
0.265249
0.86641
0.016814
0.83772
0.756968
0.442203
0.186936
0.223064
0.008713
0.245573
0.493328
0.493575
0.385826
0.267843
0.344659
0.083523
0.681034
0.573183
0.791225
0.905479
0.84508
0.318557
0.073445
0.955795
0.652454
0.572886
0.016755
0.405093
0.199114
0.69999
0.694488
0.299688
0.953145
0.13372
0.142298
0.106937
0.446016
0.077225
0.573889
0.519258
0.104504
0.437891
0.178125
0.115526
0.23582
0.650574
0.158691
0.258378
0.468273
0.367234
0.332588
0.144431
0.939483
0.03824
0.137813
0.059799
0.527815
0.641113
0.089431
0.131442
0.856821
0.346431
0.427889
0.385881
0.896314
0.48695
0.535064
0.216602
0.000407
0.497436
0.984564
0.066587
0.840282
0.384169
0.346689
0.587669
0.783271
0.843822
0.601391
0.75038
0.100041
0.441456
0.206712
0.081367
0.626327
0.811827
0.055762
0.592741
0.783595
0.010266
0.336663
0.629732
0.200542
0.231791
0.1811
0.402783
0.905071
0.483051
0.522279
0.936778
0.894906
0.820166
0.480135
0.75251
0.198964
0.484494
0.640913
0.024654
0.555438
0.264313
0.900358
0.620103
0.768028
0.284521
0.556265
0.788903
0.729825
0.711505
0.774486
0.203401
0.911382
0.658526
0.799257
0.8907
0.336194
0.809213
0.725058
0.022454
0.347286
0.324845
0.03781
0.987827
0.341261
0.272105
0.298208
0.664757
0.88933
0.961717
0.167678
0.285943
0.711812
0.622511
0.321112
0.443507
0.160029
0.505199
0.691845
0.115865
0.005908
0.266339
0.5086
0.906572
0.092382
0.172172
0.689037
0.295336
0.005459
0.120237
0.115152
0.213479
0.149983
0.482316
0.470756
0.219258
0.215069
0.96801
0.432536
0.453359
0.209173
0.13384
0.173175
0.480661
0.613724
0.749428
0.526838
0.685669
0.391427
0.998146
0.070775
0.178647
0.628975
0.342897
0.175899
0.623393
0.376646
0.346871
0.754244
0.651497
0.239056
0.189525
0.562675
0.762989
0.057295
0.910136
0.288015
0.920172
0.324543
0.324755
0.927167
0.140031
0.484071
0.340355
0.387514
0.768397
0.926365
0.802123
0.281719
0.817663
0.249106
0.094691
0.623799
0.143369
0.656172
0.164624
0.653189
0.204528
0.863251
0.427042
0.798039
0.614809
0.664478
0.506719
0.952372
0.275163
0.498049
0.287807
0.164586
0.040547
0.985928
0.688409
0.498377
0.11036
0.923961
0.090139
0.113708
0.671029
0.478929
0.966651
0.748203
0.135578
0.376504
0.760903
0.457468
0.761845
0.854091
0.925236
0.091286
0.028917
0.391824
0.916243
0.42475
0.772333
0.685356
0.994122
0.753492
0.39327
0.808398
0.233152
0.180736
0.047854
0.138666
0.28957
0.481953
0.238089
0.97415
0.581528
0.658743
0.297385
0.459913
0.350479
0.580962
0.330229
0.55742
0.97014
0.264292
0.715003
0.19547
0.870313
0.05295
0.055562
0.894417
0.71839
0.714623
0.996134
0.121992
0.780813
0.01611
0.30828
0.204534
0.374353
0.516253
0.481233
0.278909
0.730339
0.491078
0.118729
0.552668
0.388509
0.487752
0.694778
0.692424
0.867298
0.384207
0.130818
0.586441
0.602042
0.131293
0.369171
0.079063
0.11554
0.114475
0.992676
0.607165
0.563937
0.91066
0.21367
0.444517
0.661773
0.713696
0.589908
0.580116
0.89115
0.263814
0.334247
0.729878
0.060826
0.664067
0.005484
0.214446
0.003675
0.535974
0.766317
0.676365
0.842813
0.87335
0.862783
0.314235
0.275263
0.866968
0.432928
0.936169
0.519165
0.340657
0.515718
0.629763
0.110552
0.145229
0.882148
0.552199
0.2944
0.869372
0.565595
0.592126
0.881493
0.126116
0.099532
0.880577
0.453308
0.038174
0.744323
0.658499
0.186309
0.445219
0.432593
0.676192
0.355203
0.269831
0.354251
0.015554
0.368738
0.071802
0.407125
0.266731
0.189578
0.085691
0.96128
0.563938
0.319371
0.577689
0.171177
0.579535
0.794758
0.365336
0.137634
0.49605
0.13242
0.06412
0.458906
0.402357
0.533013
0.935781
0.626324
0.694717
0.570972
0.723386
0.30842
0.539844
0.236559
0.009566
0.65925
0.421625
0.519904
0.705093
0.624641
0.667388
0.436082
0.699892
0.72737
0.983975
0.24534
0.550263
0.643715
0.080587
0.429658
0.924657
0.224283
0.975721
0.554207
0.27719
0.674802
0.122493
0.212056
0.909729
0.827735
0.13275
0.006174
0.153417
0.794808
0.830676
0.03326
0.907204
0.866344
0.540665
0.522214
0.031378
0.040531
0.840933
0.303211
0.742474
0.556788
0.510142
0.427134
0.217013
0.008735
0.007519
0.621393
0.39007
0.661358
0.476538
0.708204
0.707004
0.936458
0.540302
0.493886
0.0506
0.292532
0.565655
0.195453
0.928188
0.793351
0.629626
0.72297
0.355432
0.470183
0.80133
0.93602
0.91535
0.01799
0.931642
0.911916
0.527039
0.072223
0.604688
0.371522
0.421859
0.509622
0.265906
0.802237
0.630852
0.616525
0.564242
0.17609
0.039543
0.350753
0.005599
0.549518
0.797863
0.539829
0.230293
0.929409
0.519121
0.471378
0.770001
0.931722
0.89681
0.163529
0.355386
0.881728
0.624212
0.215548
0.291256
0.298156
0.040855
0.734657
0.893292
0.231019
0.092335
0.815461
0.397181
0.28722
0.003246
0.600909
0.675817
0.801283
0.740267
0.763173
0.1042
0.555838
0.313416
0.789738
0.002605
0.363346
0.582549
0.928697
0.698261
0.385276
0.560851
0.829306
0.822736
0.253346
0.280031
0.531012
0.045024
0.428813
0.307201
0.631978
0.532575
0.365767
0.760243
0.358813
0.87456
0.016426
0.5553
0.274421
0.359102
0.580896
0.897002
0.620631
0.575636
0.884551
0.508295
0.682506
0.652381
0.585883
0.56269
0.478692
0.009918
0.322054
0.781395
0.981553
0.943977
0.400843
0.664073
0.591161
0.428872
0.509847
0.000927
0.372227
0.356459
0.462931
0.056495
0.947601
0.048543
0.375746
0.28143
0.904827
0.463408
0.354171
0.604572
0.3405
0.986733
0.252303
0.555852
0.54391
0.050763
0.455185
0.553381
0.496608
0.74275
0.887982
0.860743
0.514991
0.461808
0.776239
0.49859
0.128125
0.99545
0.696165
0.195589
0.95603
0.220772
0.855277
0.947987
0.457676
0.14496
0.438062
0.552113
0.196171
0.592611
0.854689
0.751048
0.951537
0.649803
0.692697
0.339423
0.094514
0.458636
0.7776
0.565072
0.103478
0.471981
0.013997
0.483942
0.441408
0.11622
0.858561
0.833972
0.979171
0.098486
0.836832
0.370558
0.83517
0.467951
0.991423
0.358421
0.163883
0.440778
0.826895
0.314593
0.050894
0.668762
0.752574
0.383474
0.578602
0.217697
0.433784
0.433315
0.583905
0.521531
0.651654
0.633255
0.049652
0.614162
0.557747
0.321789
0.757777
0.728334
0.244721
0.810607
0.337901
0.293243
0.237456
0.473795
0.655775
0.102703
0.527186
0.783798
0.275405
0.309322
0.742413
0.537243
0.816208
0.817402
0.655273
0.124368
0.343107
0.555585
0.784603
0.913995
0.692609
0.729918
0.273932
0.361688
0.400578
0.73289
0.68272
0.835926
0.095707
0.679412
0.620526
0.442686
0.860406
0.047475
0.929704
0.2807
0.489008
0.262186
0.202757
0.432284
0.73
0.879579
0.726984
0.136613
0.202079
0.532848
0.670748
0.249293
0.213515
0.787007
0.925204
0.119347
0.029461
0.207827
0.255323
0.341232
0.915195
0.612708
0.292
0.629416
0.096985
0.240658
0.443145
0.92093
0.896951
0.781277
0.266144
0.598943
0.214453
0.78876
0.122765
0.060367
0.297149
0.565358
0.30926
0.541765
0.04811
0.86379
0.026129
0.835687
0.755989
0.053542
0.141424
0.252044
0.541297
0.604309
0.485406
0.582745
0.947874
0.089631
0.226113
0.196995
0.480807
0.235222
0.730306
0.047552
0.154226
0.004859
0.876822
0.632462
0.515831
0.348602
0.590458
0.367441
0.534256
0.308633
0.306171
0.920596
0.304991
0.102206
0.723458
0.462086
0.763549
0.381148
0.3902
0.199894
0.394424
0.700435
0.813022
0.483308
0.436412
0.925016
0.114508
0.594502
0.601651
0.484202
0.742498
0.087928
0.346192
0.570497
0.239036
0.875611
0.818587
0.55425
0.523485
0.431627
0.66701
0.317192
0.687007
0.026385
0.940941
0.805589
0.616252
0.003363
0.388546
0.052764
0.636236
0.270208
0.344339
0.597662
0.899304
0.182698
0.348685
0.478106
0.627384
0.894898
0.042986
0.78649
0.390222
0.860812
0.972354
0.958791
0.036052
0.131627
0.580331
0.991854
0.426175
0.575138
0.947477
0.674661
0.372919
0.312444
0.076211
0.360705
0.812535
0.688025
0.673256
0.665006
0.394807
0.300219
0.685077
0.74742
0.888348
0.142206
0.515588
0.201949
0.543131
0.146657
0.333358
0.290191
0.296682
0.856387
0.732744
0.926229
0.750988
0.60222
0.986447
0.907924
0.500644
0.032287
0.591135
0.810032
0.208095
0.719377
0.422141
0.432578
0.287828
0.257238
0.432966
0.224244
0.441496
0.0287
0.149131
0.005972
0.131575
0.300489
0.701585
0.620539
0.296454
0.703027
0.971678
0.054627
0.674334
0.408426
0.260235
0.4255
0.072792
0.002856
0.676016
0.747769
0.069875
0.557518
0.250697
0.057308
0.938901
0.484742
0.555371
0.833124
0.389142
0.179454
0.443782
0.885652
0.630511
0.327
0.76802
0.98634
0.47764
0.450005
0.524646
0.928211
0.347454
0.671347
0.097168
0.519373
0.874662
0.480437
0.538774
0.472215
0.687573
0.274173
0.633763
0.399443
0.147696
0.697496
0.413021
0.17556
0.165366
0.539853
0.304123
0.312383
0.165501
0.919043
0.939876
0.020688
0.288851
0.281173
0.520677
0.980429
0.234852
0.432206
0.469526
0.509293
0.960078
0.101579
0.189183
0.485238
0.347924
0.898581
0.314741
0.839715
0.487571
0.743699
0.18061
0.710047
0.403417
0.103431
0.28753
0.320647
0.396195
0.518666
0.137044
0.356156
0.866049
0.864469
0.191518
0.461718
0.942125
0.869915
0.354609
0.950967
0.785712
0.816661
0.968503
0.265406
0.365622
0.536523
0.150787
0.597016
0.761512
0.91793
0.185131
0.772716
0.311196
0.449268
0.973393
0.620931
0.284886
0.160735
0.083748
0.828782
0.268298
0.479056
0.375352
0.990783
0.997694
0.122683
0.789079
0.577104
0.471632
0.300057
0.482451
0.986813
0.201806
0.989507
0.141809
0.084195
0.953653
0.427964
0.634946
0.72218
0.625141
0.222622
0.10457
0.933945
0.317256
0.475868
0.310567
0.847562
0.239271
0.172252
0.519506
0.953498
0.972477
0.523015
0.016219
0.75647
0.995823
0.39862
0.772257
0.914333
0.943497
0.295717
0.858748
0.371769
0.906652
0.937514
0.277101
0.916871
0.154381
0.932575
0.091916
0.757576
0.523914
0.312723
0.837464
0.018045
0.223363
0.945251
0.163884
0.008352
0.758049
0.594877
0.124095
0.744993
0.335572
0.159463
0.898969
0.90703
0.955639
0.47976
0.525404
0.659642
0.545591
0.450763
0.558573
0.387847
0.006674
0.770835
0.29327
0.176212
0.134162
0.199238
0.280304
0.34088
0.828002
0.201313
0.799451
0.756682
0.586123
0.107783
0.693442
0.551892
0.546836
0.303363
0.490225
0.310286
0.180741
0.900931
0.432061
0.63168
0.925699
0.94095
0.400317
0.833546
0.578395
0.003535
0.758679
0.995551
0.415379
0.948905
0.464378
0.590009
0.212407
0.966099
0.040974
0.18917
0.169629
0.223448
0.801197
0.696544
0.62079
0.694144
0.340993
0.388659
0.768853
0.176708
0.823512
0.772391
0.530191
0.618317
0.637573
0.115998
0.59561
0.761452
0.352883
0.371796
0.047182
0.931905
0.725413
0.194676
0.752353
0.886213
0.482208
0.510059
0.919016
0.002499
0.801487
0.20414
0.128185
0.764591
0.034195
0.723718
0.099117
0.026255
0.211768
0.724107
0.859515
0.830201
0.409351
0.003699
0.557448
0.672708
0.1039
0.626011
0.698735
0.125099
0.96204
0.999532
0.69677
0.064065
0.248977
0.831729
0.728544
0.065485
0.636734
0.03644
0.332997
0.528976
0.320444
0.219573
0.920388
0.204752
0.071864
0.787617
0.591962
0.999937
0.390785
0.762349
0.972795
0.832308
0.306434
0.316495
0.444015
0.467072
0.16498
0.490927
0.751785
0.42893
0.050604
0.403906
0.082497
0.752082
0.770415
0.396344
0.771129
0.6343
0.539563
0.42374
0.597349
0.397406
0.228944
0.854915
0.070377
0.066368
0.71509
0.678281
0.219976
0.937198
0.370689
0.119424
0.292309
0.580077
0.292631
0.378649
0.495359
0.231571
0.791047
0.128602
0.471449
0.814958
0.845674
0.326718
0.260321
0.98383
0.562379
0.766231
0.718893
0.027575
0.314895
0.819199
0.566037
0.531092
0.347477
0.501597
0.472274
0.921621
0.975519
0.851787
0.995869
0.684744
0.066391
0.184159
0.143631
0.1716
0.792594
0.707401
0.054842
0.419773
0.345287
0.206716
0.608327
0.68973
0.63782
0.290268
0.926032
0.566758
0.700029
0.201612
0.068908
0.473855
0.7637
0.956547
0.148991
0.765978
0.006734
0.671193
0.879832
0.172131
0.411589
0.709594
0.137155
0.52645
0.750404
0.351844
0.653393
0.08567
0.525087
0.473892
0.932652
0.549483
0.385513
0.502906
0.635354
0.088949
0.702755
0.255213
0.98887
0.283318
0.741972
0.110555
0.145558
0.071503
0.658675
0.545265
0.621296
0.363071
0.328306
0.686831
0.76827
0.947971
0.273957
0.505647
0.895436
0.54438
0.190956
0.629572
0.302625
0.585887
0.219678
0.738871
0.713727
0.737174
0.276052
0.1376
0.186161
0.572484
0.884741
0.369666
0.294427
0.850393
0.583131
0.037016
0.024841
0.463893
0.178307
0.663598
0.611075
0.639544
0.399624
0.82984
0.670811
0.853635
0.250129
0.350412
0.851984
0.280388
0.894603
0.910754
0.138008
0.316659
0.088316
0.874553
0.463311
0.075585
0.044872
0.921146
0.199325
0.17361
0.761934
0.724996
0.925229
0.014633
0.682351
0.38302
0.461502
0.638193
0.841651
0.088668
0.536674
0.283469
0.377332
0.520436
0.652539
0.50124
0.785096
0.487072
0.488293
0.171548
0.315747
0.72142
0.108099
0.823955
0.402934
0.430113
0.025725
0.06805
0.28091
0.947586
0.18735
0.680193
0.763687
0.864839
0.099712
0.762836
0.245781
0.681684
0.938641
0.765695
0.882008
0.721792
0.796129
0.892271
0.897592
0.035042
0.60216
0.336469
0.903155
0.429416
0.067226
0.907836
0.636256
0.572766
0.866251
0.768446
0.028611
0.31829
0.409204
0.958057
0.847393
0.382193
0.642048
0.638278
0.952535
0.418259
0.761382
0.856921
0.70264
0.258256
0.477292
0.303487
0.389063
0.829018
0.265264
0.591423
0.068935
0.7158
0.814787
0.946264
0.035976
0.995785
0.57401
0.47433
0.186239
0.083801
0.848445
0.796951
0.10513
0.413177
0.953799
0.414156
0.403964
0.683431
0.1223
0.895222
0.998236
0.551667
0.757149
0.076856
0.563357
0.838866
0.333221
0.210294
0.175853
0.262625
0.717806
0.240422
0.665258
0.573444
0.234368
0.318132
0.911294
0.304503
0.72806
0.570622
0.404052
0.674024
0.911919
0.574119
0.158553
0.211016
0.346949
0.51796
0.730684
0.085443
0.959481
0.824921
0.496759
0.018091
0.72076
0.600789
0.079736
0.498879
0.507683
0.94366
0.311162
0.713179
0.900595
0.106094
0.637059
0.774021
0.082417
0.121367
0.970719
0.856348
0.241038
0.825035
0.520614
0.283054
0.42671
0.494459
0.740145
0.96747
0.493676
0.025876
0.03466
0.285979
0.569546
0.362993
0.988584
0.811943
0.846678
0.724698
0.731849
0.543038
0.413119
0.771024
0.860879
0.957994
0.477615
0.353892
0.315097
0.074833
0.750953
0.138442
0.887504
0.057318
0.997936
0.436018
0.31897
0.698406
0.404208
0.540963
0.308679
0.533105
0.523963
0.472982
0.045559
0.052408
0.406024
0.294903
0.79575
0.148609
0.761757
0.34619
0.438122
0.12026
0.839714
0.239969
0.264126
0.67816
0.751059
0.905523
0.642384
0.904315
0.365056
0.920903
0.924424
0.081249
0.202551
0.406997
0.294565
0.564826
0.213235
0.709283
0.555732
0.011407
0.571272
0.570401
0.921858
0.093853
0.844493
0.19064
0.558069
0.334753
0.593167
0.166157
0.796112
0.928415
0.830871
0.980102
0.980805
0.094917
0.346957
0.435986
0.847839
0.285248
0.845104
0.073381
0.833161
0.118286
0.543693
0.487188
0.744817
0.228057
0.503271
0.639688
0.474129
0.997076
0.570824
0.892474
0.509774
0.325095
0.770887
0.425526
0.733118
0.194421
0.29975
0.430221
0.960332
0.373075
0.488304
0.807237
0.580892
0.220686
0.490288
0.1258
0.222569
0.456734
0.066994
0.863748
0.407599
0.414343
0.745896
0.250224
0.501502
0.358877
0.059331
0.592732
0.00395
0.544408
0.494119
0.357723
0.197808
0.108648
0.000942
0.075938
0.223105
0.748566
0.774295
0.515398
0.399439
0.288582
0.783815
0.922347
0.035508
0.228287
0.719131
0.102292
0.024365
0.200951
0.375414
0.703261
0.454204
0.06694
0.594739
0.613078
0.345733
0.670301
0.038384
0.703386
0.226542
0.03052
0.156604
0.024393
0.363285
0.685543
0.193255
0.347983
0.984251
0.064468
0.512538
0.051165
0.024092
0.282755
0.287426
0.86694
0.218372
0.683853
0.083542
0.857298
0.084103
0.600647
0.894564
0.152238
0.751401
0.013213
0.077154
0.223146
0.717064
0.203603
0.654622
0.029829
0.539975
0.846291
0.770571
0.585037
0.026921
0.092947
0.835531
0.11932
0.912613
0.207241
0.217804
0.299237
0.254557
0.603121
0.780607
0.799494
0.550153
0.040791
0.839506
0.19971
0.304518
0.578453
0.283156
0.387419
0.590902
0.525231
0.448411
0.127435
0.267891
0.550851
0.701688
0.468739
0.057381
0.683687
0.531085
0.1373
0.137683
0.845018
0.505869
0.565945
0.218796
0.29323
0.872554
0.751583
0.123654
0.25746
0.964531
0.463446
0.74682
0.986874
0.283507
0.492624
0.173086
0.900374
0.239728
0.309338
0.049759
0.276224
0.377948
0.348028
0.438186
0.628428
0.118173
0.038793
0.722121
0.089975
0.857745
0.984958
0.859107
0.211909
0.68346
0.810753
0.663491
0.512623
0.776493
0.96026
0.911845
0.164817
0.312637
0.204449
0.038685
0.875398
0.049701
0.964144
0.155684
0.433794
0.869596
0.924175
0.90829
0.657773
0.71376
0.322969
0.923822
0.289344
0.176678
0.860803
0.46755
0.826472
0.120699
0.421026
0.580406
0.751176
0.85715
0.181116
0.901296
0.699871
0.802252
0.357566
0.490306
0.396187
0.620613
0.262178
0.72327
0.449463
0.402531
0.34376
0.75929
0.46684
0.274659
0.656224
0.183012
0.41357
0.167435
0.009893
0.246832
0.456829
0.434216
0.890617
0.788473
0.132593
0.629803
0.379591
0.766409
0.444533
0.69459
0.269854
0.324251
0.081115
0.279378
0.498539
0.351058
0.392189
0.507315
0.011629
0.412844
0.900039
0.397124
0.936234
0.476802
0.456628
0.453433
0.262376
0.40588
0.331233
0.473228
0.24156
0.397695
0.312025
0.897671
0.302531
0.966407
0.134303
0.201483
0.858374
0.039009
0.150772
0.141963
0.646924
0.987131
0.379527
0.646134
0.396526
0.168399
0.394544
0.961951
0.807958
0.53544
0.034705
0.373102
0.149959
0.173399
0.617523
0.231915
0.883863
0.761495
0.72884
0.694056
0.786283
0.041743
0.328472
0.66465
0.92877
0.230984
0.860926
0.092612
0.177551
0.183073
0.825144
0.778984
0.328747
0.29061
0.596034
0.178134
0.079251
0.827776
0.05419
0.605762
0.257457
0.490117
0.902646
0.551451
0.1857
0.370962
0.029721
0.352452
0.362
0.366348
0.41462
0.517014
0.991011
0.652088
0.320287
0.519448
0.877008
0.565304
0.496742
0.049595
0.374955
0.662355
0.4241
0.507719
0.363541
0.490712
0.904157
0.893428
0.993581
0.743808
0.222647
0.215972
0.055794
0.223529
0.560851
0.780345
0.794851
0.113895
0.75476
0.961064
0.13523
0.20098
0.105253
0.908948
0.956778
0.239495
0.702813
0.266234
0.933474
0.500998
0.435378
0.033683
0.034297
0.500855
0.204809
0.017287
0.897771
0.701885
0.12616
0.509936
0.401438
0.704931
0.659884
0.792849
0.178237
0.842361
0.518819
0.296322
0.580352
0.95471
0.069097
0.350314
0.323536
0.145535
0.582276
0.995445
0.425827
0.634896
0.984005
0.527759
0.029361
0.395739
0.346292
0.241918
0.050933
0.214887
0.701082
0.528263
0.238984
0.450201
0.646748
0.077189
0.714538
0.987622
0.472937
0.351281
0.22736
0.319161
0.67898
0.960835
0.615465
0.122965
0.172588
0.600035
0.859502
0.387532
0.438081
0.468421
0.457615
0.902376
0.005523
0.796155
0.474807
0.641088
0.350457
0.928348
0.884369
0.526741
0.935241
0.323133
0.849107
0.391601
0.858117
0.212343
0.921381
0.358662
0.319333
0.675906
0.940258
0.668431
0.930572
0.049577
0.346896
0.655134
0.290212
0.773569
0.773411
0.159246
0.448069
0.156353
0.790638
0.064514
0.807312
0.410619
0.497096
0.416124
0.509761
0.231127
0.213406
0.381519
0.677799
0.115729
0.000425
0.226659
0.250836
0.230275
0.49716
0.553045
0.206694
0.312838
0.916446
0.102603
0.679511
0.657646
0.171522
0.002862
0.411379
0.596177
0.521683
0.573744
0.019402
0.250583
0.08163
0.589018
0.678885
0.457841
0.036699
0.638436
0.569197
0.800302
0.076605
0.084575
0.25122
0.154512
0.972876
0.672404
0.946035
0.20731
0.576503
0.763449
0.367242
0.360822
0.667555
0.59373
0.6844
0.733373
0.254878
0.553385
0.237163
0.088512
0.094517
0.923139
0.224692
0.05504
0.080831
0.401361
0.118046
0.012261
0.448241
0.754612
0.497009
0.261539
0.759389
0.787665
0.358131
0.311978
0.039214
0.253893
0.796563
0.690967
0.063908
0.090428
0.522444
0.674382
0.014131
0.30979
0.742685
0.2234
0.974551
0.666144
0.146468
0.815748
0.43218
0.887969
0.251025
0.082599
0.918705
0.885541
0.110811
0.517132
0.014222
0.169794
0.112583
0.178659
0.838767
0.863362
0.250146
0.740865
0.177909
0.186379
0.362659
0.062041
0.736225
0.786613
0.024914
0.459569
0.420104
0.55007
0.731323
0.133465
0.469212
0.65709
0.403696
0.205122
0.186042
0.027361
0.212479
0.645957
0.805111
0.66632
0.675107
0.795441
0.92051
0.449503
0.717969
0.14684
0.759604
0.581521
0.560433
0.456725
0.276427
0.981926
0.348751
0.412053
0.39178
0.572291
0.141514
0.54787
0.583474
0.728162
0.578728
0.169458
0.089614
0.633678
0.433441
0.2013
0.526479
0.905551
0.22316
0.713014
0.920377
0.702766
0.137286
0.726323
0.800022
0.014112
0.047437
0.025208
0.701737
0.911747
0.115339
0.063446
0.204258
0.783873
0.153695
0.821907
0.579414
0.540892
0.028525
0.106196
0.272315
0.609025
0.210937
0.531968
0.656248
0.580115
0.783291
0.097033
0.408931
0.907157
0.646556
0.447378
0.888397
0.608254
0.391517
0.555028
0.550673
0.101101
0.470714
0.49111
0.219549
0.247631
0.480545
0.186453
0.844059
0.159025
0.561503
0.004915
0.526757
0.302356
0.829499
0.650505
0.931561
0.887599
0.118458
0.745608
0.592623
0.508522
0.819829
0.927269
0.264816
0.816469
0.679539
0.250946
0.563164
0.406283
0.989816
0.930569
0.006897
0.892202
0.200148
0.302827
0.408865
0.784157
0.887389
0.643807
0.364298
0.078428
0.701121
0.85407
0.934151
0.820886
0.921688
0.314579
0.909669
0.531983
0.154013
0.695889
0.866268
0.773389
0.34026
0.792227
0.970638
0.85006
0.881519
0.086943
0.249979
0.141037
0.611663
0.146532
0.237003
0.025086
0.479236
0.024193
0.259068
0.419595
0.381423
0.814036
0.641704
0.076757
0.010961
0.580766
0.943584
0.951112
0.746485
0.905637
0.584279
0.34481
0.363701
0.726114
0.473698
0.02996
0.582536
0.477586
0.527534
0.255319
0.217123
0.827811
0.267156
0.001456
0.547814
0.801839
0.186156
0.935362
0.053001
0.21408
0.351854
0.846975
0.630351
0.562942
0.448034
0.465802
0.424558
0.052068
0.982995
0.747634
0.423927
0.42416
0.416266
0.065935
0.568791
0.905398
0.820951
0.366908
0.124392
0.249873
0.388851
0.996296
0.367343
0.858094
0.438742
0.677669
0.296501
0.475204
0.111143
0.389458
0.408558
0.056674
0.400858
0.235896
0.91465
0.348258
0.132245
0.009341
0.556554
0.782228
0.32106
0.341152
0.372594
0.095082
0.420565
0.253113
0.480386
0.031642
0.011948
0.637691
0.168531
0.587485
0.535307
0.786811
0.660441
0.656675
0.455551
0.025662
0.030574
0.904259
0.661526
0.835725
0.411747
0.691586
0.811924
0.107158
0.009035
0.735307
0.336141
0.691249
0.834274
0.932373
0.339212
0.582872
0.554727
0.703361
0.095785
0.440262
0.339193
0.485268
0.458307
0.216414
0.368177
0.797301
0.482763
0.388459
0.699254
0.726479
0.805647
0.80122
0.160122
0.733254
0.044544
0.586393
0.827607
0.267404
0.47129
0.152876
0.765014
0.21928
0.485164
0.571978
0.569089
0.250997
0.318487
0.414057
0.728151
0.686419
0.680522
0.040055
0.232767
0.271493
0.452469
0.08418
0.18816
0.018866
0.10983
0.849653
0.378523
0.188139
0.858743
0.71169
0.483835
0.581221
0.018802
0.39655
0.441651
0.87323
0.429068
0.127485
0.469916
0.188713
0.297247
0.932839
0.071157
0.045645
0.676409
0.495899
0.229586
0.664122
0.612065
0.284425
0.892523
0.802102
0.168524
0.472775
0.844556
0.377029
0.984964
0.929748
0.392159
0.348236
0.294973
0.731966
0.023108
0.438075
0.350263
0.86969
0.943022
0.033311
0.109909
0.518313
0.733373
0.337083
0.712009
0.397915
0.376634
0.813435
0.076644
0.39498
0.743414
0.613609
0.815825
0.280277
0.543746
0.277433
0.791576
0.948858
0.769258
0.560618
0.411369
0.970715
0.091014
0.003049
0.403522
0.901931
0.524598
0.861594
0.623834
0.209258
0.141615
0.712089
0.07093
0.07642
0.830509
0.530052
0.862869
0.621185
0.979484
0.421492
0.947559
0.628108
0.038079
0.575108
0.725791
0.861378
0.15523
0.645276
0.861589
0.828594
0.880248
0.994823
0.023712
0.675998
0.480315
0.090764
0.105447
0.816617
0.657822
0.425719
0.099968
0.59798
0.045449
0.944181
0.266351
0.657152
0.508581
0.73791
0.774761
0.696058
0.116027
0.249921
0.817604
0.154491
0.315185
0.804574
0.473711
0.902992
0.089905
0.227411
0.422628
0.798699
0.851468
0.632123
0.298772
0.127921
0.602039
0.591233
0.642102
0.426138
0.818753
0.147495
0.642277
0.729993
0.814254
0.304023
0.38208
0.538477
0.035246
0.528593
0.258382
0.191749
0.129631
0.602489
0.073144
0.241357
0.866278
0.058706
0.027523
0.696076
0.400297
0.81282
0.303445
0.450182
0.602887
0.000409
0.832071
0.210568
0.232401
0.335014
0.36558
0.914793
0.254931
0.366038
0.032435
0.87897
0.529034
0.610824
0.59024
0.333707
0.118471
0.172743
0.987196
0.120562
0.920983
0.443624
0.972038
0.380355
0.995112
0.510332
0.325745
0.735026
0.243168
0.811801
0.908869
0.019209
0.007557
0.562178
0.372732
0.907826
0.840712
0.585325
0.66264
0.859278
0.029148
0.828379
0.563449
0.995225
0.048809
0.982642
0.209201
0.259532
0.528631
0.997713
0.93525
0.739514
0.694347
0.052597
0.427657
0.609803
0.41815
0.191749
0.308613
0.983081
0.269501
0.397422
0.286038
0.659254
0.60525
0.184575
0.278135
0.036082
0.94209
0.746175
0.093528
0.978034
0.988649
0.502908
0.874684
0.346422
0.702087
0.696033
0.48709
0.740982
0.983967
0.105349
0.688493
0.023282
0.900559
0.274057
0.303448
0.564044
0.790842
0.875948
0.102616
0.358952
0.540677
0.411075
0.804563
0.741243
0.179294
0.412368
0.785921
0.277339
0.525296
0.952922
0.928862
0.155502
0.559773
0.101546
0.930756
0.535194
0.098361
0.515618
0.332006
0.373133
0.301348
0.843555
0.102522
0.665144
0.312474
0.013198
0.011394
0.861117
0.477716
0.000527
0.60811
0.987828
0.092846
0.787754
0.232872
0.863144
0.79831
0.325989
0.454133
0.459996
0.026433
0.738343
0.995229
0.316582
0.674827
0.120882
0.763815
0.074529
0.47571
0.804353
0.923322
0.21219
0.898027
0.792693
0.559388
0.538265
0.261583
0.672669
0.823804
0.418443
0.404198
0.786708
0.237998
0.610245
0.289865
0.453542
0.843602
0.169003
0.122538
0.338801
0.747009
0.459856
0.057712
0.844998
0.895472
0.985316
0.746532
0.372112
0.634351
0.532124
0.200975
0.080859
0.592632
0.818406
0.247476
0.288258
0.441617
0.379607
0.350438
0.665661
0.027025
0.297528
0.380479
0.338647
0.410772
0.957832
0.677365
0.404641
0.487216
0.478922
0.595764
0.995424
0.520755
0.329266
0.478302
0.959344
0.238404
0.715753
0.618771
0.523986
0.581382
0.613429
0.80179
0.8824
0.652479
0.460586
0.965234
0.812291
0.214204
0.168277
0.724914
0.699174
0.045783
0.537271
0.27723
0.032242
0.278719
0.623228
0.883268
0.693629
0.169204
0.431689
0.157772
0.288023
0.357665
0.869696
0.287728
0.259884
0.533986
0.414398
0.645572
0.074942
0.533729
0.750347
0.804178
0.3131
0.87207
0.554137
0.865619
0.230887
0.49125
0.875298
0.861844
0.258115
0.981433
0.084704
0.637572
0.970582
0.708475
0.704529
0.264537
0.444648
0.735718
0.712482
0.107468
0.344728
0.334814
0.910031
0.451502
0.658444
0.107943
0.435598
0.852787
0.982824
0.167614
0.467646
0.176228
0.393514
0.346408
0.549615
0.893199
0.573775
0.218832
0.382403
0.996616
0.825092
0.040111
0.882638
0.15518
0.811965
0.158786
0.064502
0.366237
0.066127
0.384766
0.323279
0.300172
0.262274
0.823636
0.810175
0.348713
0.364111
0.585654
0.41277
0.625943
0.368648
0.893889
0.294093
0.359842
0.153627
0.900228
0.50426
0.344059
0.442708
0.062645
0.127976
0.509512
0.696091
0.763723
0.355927
0.370361
0.835033
0.962093
0.110457
0.653249
0.350152
0.445327
0.445931
0.190172
0.08886
0.662815
0.520787
0.947346
0.173883
0.319479
0.261823
0.195833
0.09787
0.438506
0.6497
0.411312
0.085966
0.369203
0.011611
0.357352
0.955939
0.252823
0.91499
0.437112
0.803483
0.662237
0.470213
0.418232
0.293034
0.369243
0.902766
0.388672
0.66179
0.02286
0.113798
0.206897
0.05285
0.964707
0.733604
0.615269
0.380363
0.56569
0.98064
0.162
0.625143
0.726874
0.997661
0.200576
0.667794
0.389517
0.489345
0.421726
0.871161
0.136327
0.242458
0.05343
0.982434
0.794858
0.646453
0.861437
0.612177
0.751725
0.716952
0.918189
0.880081
0.916257
0.099623
0.927428
0.267689
0.959793
0.442062
0.978562
0.79863
0.350707
0.986927
0.918801
0.924086
0.06563
0.407862
0.307287
0.653477
0.095426
0.189685
0.867868
0.749696
0.699887
0.575455
0.565163
0.519994
0.051228
0.354427
0.384874
0.971429
0.519924
0.656464
0.36277
0.151127
0.756734
0.864842
0.941142
0.243145
0.014421
0.662192
0.583463
0.468986
0.64175
0.603309
0.782052
0.421105
0.435889
0.72619
0.349828
0.024611
0.541853
0.486395
0.048263
0.843764
0.806684
0.344187
0.631784
0.563733
0.20322
0.917551
0.797694
0.505391
0.808234
0.327527
0.161189
0.80402
0.126106
0.480092
0.017223
0.449601
0.154559
0.043047
0.563606
0.026309
0.332675
0.971137
0.753193
0.186707
0.302188
0.656345
0.930946
0.612122
0.550827
0.618181
0.315939
0.131953
0.642671
0.910162
0.296979
0.336871
0.768685
0.541992
0.911161
0.899047
0.050037
0.560493
0.830135
0.072834
0.632923
0.303988
0.630948
0.749795
0.244724
0.281072
0.99828
0.386792
0.96719
0.951784
0.689994
0.847249
0.178915
0.557854
0.329598
0.983265
0.796833
0.101516
0.122039
0.793247
0.050919
0.192337
0.200879
0.389506
0.175403
0.369169
0.857729
0.515533
0.643987
0.147014
0.910896
0.322544
0.085669
0.250995
0.498333
0.574921
0.866404
0.471323
0.800626
0.40376
0.146677
0.16731
0.242164
0.148967
0.54845
0.944145
0.190157
0.258613
0.678662
0.436887
0.881227
0.31235
0.328685
0.138828
0.842045
0.967607
0.634061
0.206078
0.934578
0.761386
0.851308
0.182905
0.022852
0.290816
0.977589
0.809247
0.340668
0.375242
0.829262
0.113394
0.872423
0.996072
0.031659
0.59093
0.216687
0.314339
0.603465
0.261225
0.455218
0.106413
0.275859
0.220546
0.561721
0.399711
0.521077
0.421469
0.093969
0.567308
0.496445
0.470605
0.750872
0.448065
0.117073
0.708075
0.365551
0.79209
0.065052
0.242397
0.339883
0.309277
0.935001
0.621139
0.539059
0.288121
0.423098
0.448162
0.386479
0.423301
0.251626
0.497861
0.460793
0.453119
0.556256
0.779738
0.480485
0.968136
0.797738
0.659122
0.104607
0.598379
0.186194
0.625883
0.386257
0.586781
0.359294
0.883183
0.783942
0.775568
0.338055
0.356101
0.017799
0.034419
0.437495
0.258458
0.882841
0.299942
0.439846
0.938755
0.663942
0.228208
0.685498
0.511577
0.874894
0.589018
0.433898
0.483897
0.050187
0.050964
0.436219
0.669902
0.851629
0.667858
0.429521
0.068408
0.407426
0.191497
0.194183
0.940115
0.197699
0.674038
0.2233
0.36598
0.108391
0.090431
0.038806
0.547967
0.744287
0.627937
0.187274
0.927623
0.072571
0.27656
0.485001
0.081984
0.029656
0.809096
0.228665
0.530546
0.375181
0.382335
0.85784
0.531634
0.071124
0.988266
0.445321
0.36393
0.488445
0.572883
0.90098
0.207071
0.906258
0.664313
0.630369
0.260661
0.915566
0.362931
0.782128
0.025368
0.211273
0.11176
0.471868
0.043689
0.985272
0.944451
0.63269
0.921577
0.904357
0.805599
0.47403
0.917395
0.296623
0.876841
0.826121
0.48297
0.129386
0.80304
0.129573
0.59048
0.024179
0.478503
0.466027
0.229318
0.77471
0.26083
0.568811
0.72267
0.219602
0.099832
0.774142
0.38698
0.829322
0.17688
0.156118
0.180315
0.571625
0.985916
0.272997
0.824296
0.359337
0.463679
0.399932
0.807669
0.822661
0.430044
0.817924
0.056435
0.151126
0.262779
0.33595
0.767234
0.378251
0.237064
0.495332
0.99102
0.103057
0.778737
0.543917
0.295223
0.092058
0.668234
0.717143
0.96916
0.191895
0.876767
0.3934
0.425885
0.387641
0.973928
0.372715
0.362061
0.535452
0.201416
0.230696
0.854397
0.779712
0.448543
0.202501
0.615785
0.340296
0.344828
0.888236
0.465007
0.682751
0.871243
0.08355
0.596076
0.253075
0.478917
0.374044
0.155286
0.245534
0.249221
0.086194
0.953605
0.043049
0.41879
0.745529
0.135633
0.871985
0.725284
0.198444
0.792645
0.69116
0.398438
0.090566
0.918826
0.618987
0.834513
0.188963
0.905673
0.341145
0.106515
0.814652
0.363738
0.883235
0.926927
0.733646
0.51482
0.729508
0.633399
0.89807
0.494244
0.06056
0.631784
0.549576
0.950378
0.105372
0.244412
0.84376
0.693612
0.443778
0.434253
0.607196
0.887852
0.535873
0.9393
0.048995
0.410718
0.646197
0.145304
0.762128
0.240657
0.191536
0.660164
0.850317
0.223857
0.12262
0.652317
0.830393
0.953687
0.21256
0.709415
0.039838
0.122271
0.833995
0.785856
0.387278
0.161775
0.088539
0.573261
0.379485
0.621509
0.366233
0.542007
0.74713
0.913752
0.487678
0.616878
0.751205
0.28232
0.071429