1024 4
0
215
749
984
985
1
451
518
677
684
2
136
871
914
970
3
168
342
424
721
4
321
599
641
827
5
120
519
906
925
6
215
308
683
864
7
437
802
874
1017
8
87
242
560
814
9
694
806
963
986
10
695
782
835
979
11
47
57
144
603
12
125
792
873
885
13
306
370
475
935
14
433
473
712
1017
15
184
448
516
649
16
49
173
817
860
17
149
518
737
949
18
27
326
510
559
19
321
376
429
625
11
20
283
427
433
21
212
288
451
518
22
29
386
556
905
23
231
911
916
976
24
185
337
349
431
25
202
424
610
893
26
109
438
557
870
27
80
112
142
256
21
28
205
480
901
29
88
362
642
980
30
295
511
832
943
31
645
772
792
987
32
114
342
843
882
33
180
393
567
693
34
38
373
474
728
35
48
328
472
865
36
127
489
953
961
37
72
409
437
993
38
141
456
715
728
39
150
439
704
763
40
154
342
349
802
41
382
520
676
773
30
42
108
332
490
43
65
111
200
583
20
44
467
576
595
45
187
706
811
929
46
337
440
449
656
47
232
426
562
850
48
381
620
871
926
49
112
238
357
944
44
50
309
444
764
51
359
440
805
966
52
54
143
305
1021
0
15
53
147
664
54
336
364
508
997
55
79
370
619
934
6
56
188
332
767
57
80
289
470
876
58
694
721
768
853
59
106
107
882
899
14
60
218
437
494
61
380
413
720
932
62
374
534
683
704
63
264
318
439
867
64
411
751
762
1018
65
163
695
820
1003
66
171
191
487
715
67
69
617
686
723
68
251
318
353
643
69
311
433
765
808
70
131
186
191
947
71
193
352
727
785
3
72
404
593
889
73
231
512
683
920
74
78
488
895
904
75
146
297
450
706
26
76
463
723
963
77
78
558
692
978
78
176
344
871
969
79
99
660
785
916
60
80
480
608
833
81
313
738
756
965
82
161
210
319
567
19
83
368
595
937
0
84
275
277
578
85
469
589
615
723
86
130
480
650
762
87
188
326
606
625
88
230
232
498
787
89
241
787
790
982
90
310
760
857
923
91
106
234
607
679
92
216
344
422
970
93
433
661
902
951
19
34
94
463
686
37
95
196
385
657
65
96
703
705
820
97
415
425
488
571
98
148
397
873
993
99
402
408
427
456
100
156
314
365
635
101
431
580
711
735
102
168
484
514
888
103
280
436
812
928
45
104
187
495
973
105
281
468
608
628
106
498
562
781
889
107
220
551
633
688
108
334
601
769
999
109
182
260
310
842
110
536
589
611
648
111
240
262
597
627
12
112
114
164
220
113
256
499
612
894
104
114
148
406
471
37
38
115
156
392
72
116
336
378
786
49
88
117
152
518
118
163
362
505
557
119
420
612
737
1003
28
120
500
670
1006
111
121
570
621
873
122
257
539
601
930
0
123
281
420
643
105
124
179
772
924
125
610
613
700
730
126
584
603
687
838
32
127
202
432
627
41
128
385
517
1001
109
129
142
759
800
130
369
622
903
979
21
131
234
404
601
22
132
734
847
914
106
133
267
617
974
134
155
167
396
756
135
389
735
946
1013
136
259
266
838
922
137
313
577
825
1006
138
163
196
306
800
52
79
139
205
916
140
413
554
613
821
85
141
234
525
861
20
142
151
538
793
32
119
143
524
824
121
144
312
333
864
145
167
362
603
750
146
472
730
889
955
147
394
510
675
717
56
148
190
647
1013
149
463
675
799
849
33
150
412
556
793
62
151
239
483
834
152
168
253
286
469
153
429
660
723
865
154
491
590
821
987
81
155
702
970
976
135
156
508
567
725
157
253
542
784
887
40
158
345
721
735
159
296
475
558
796
108
160
281
704
977
85
114
161
555
818
162
622
744
885
955
138
163
256
303
407
164
429
471
505
588
147
165
168
249
781
69
166
758
824
974
167
243
337
745
782
46
168
545
672
722
84
169
442
557
987
170
298
441
471
819
79
171
463
634
890
80
172
536
575
767
53
173
247
444
541
154
174
375
433
706
95
175
299
465
684
8
84
176
577
751
98
177
248
777
972
6
178
193
718
801
179
283
368
816
844
23
81
180
237
696
181
285
328
348
677
182
619
650
714
802
127
183
248
371
720
169
184
678
868
916
185
447
616
845
860
1
171
186
464
992
187
288
823
877
897
78
188
444
635
943
189
470
565
628
961
190
217
763
804
845
127
191
297
663
954
192
818
838
844
974
117
193
313
492
684
194
849
856
865
899
93
195
243
580
822
168
196
285
573
993
197
211
270
498
717
173
174
198
554
655
199
651
701
850
905
199
200
284
818
989
106
176
201
284
878
114
202
619
772
938
203
586
700
703
989
171
179
204
299
325
50
205
382
803
854
191
206
244
565
783
27
207
361
570
655
208
445
863
964
1021
52
139
209
355
806
210
412
883
894
953
157
211
428
722
913
90
212
375
471
757
213
444
591
773
1000
156
214
446
763
826
110
156
215
221
930
120
216
364
557
718
38
138
217
257
603
49
218
248
735
805
219
294
506
544
738
220
482
652
919
925
47
156
166
221
607
222
388
616
831
876
223
228
559
802
826
98
224
303
444
483
3
179
225
615
644
139
170
226
296
560
178
227
310
683
1012
228
347
612
753
844
116
229
314
801
920
25
230
342
568
818
231
300
667
761
924
232
440
586
712
876
233
461
638
642
976
47
234
576
820
972
235
287
387
941
988
236
417
535
724
821
207
235
237
385
819
63
196
232
238
599
36
239
336
460
948
240
598
636
769
1019
86
241
288
523
618
242
341
613
947
982
1
33
243
646
827
51
240
244
664
780
95
245
366
754
825
15
192
246
481
504
195
247
670
753
995
85
97
217
248
312
72
89
249
272
454
250
441
452
520
836
178
251
361
855
951
112
217
252
328
611
253
293
547
691
857
148
254
289
512
941
212
255
741
745
1022
175
256
274
932
1002
126
257
782
788
857
258
482
709
900
912
85
142
259
576
789
260
497
813
875
943
72
255
261
557
1000
187
262
495
730
909
75
263
873
877
945
264
312
405
745
831
64
265
273
659
978
58
221
266
672
900
197
214
267
352
356
268
495
601
825
984
269
501
526
695
911
226
270
419
622
976
271
325
465
670
1010
259
272
472
699
875
273
491
591
683
974
197
274
509
745
969
275
411
628
716
825
276
484
526
711
743
139
196
277
457
672
278
317
393
881
914
34
202
279
397
627
115
251
280
564
800
281
636
805
847
995
135
269
282
413
961
90
283
546
568
875
25
124
284
289
680
87
88
126
285
711
88
286
388
430
944
287
481
597
793
988
82
100
136
288
1003
87
146
289
316
352
62
222
255
290
524
291
325
389
565
894
156
170
292
310
744
293
801
878
949
1012
70
294
368
643
972
295
309
546
722
808
2
129
207
296
490
297
335
372
772
998
298
321
493
791
878
56
59
299
370
779
300
389
549
757
786
288
301
527
605
930
163
297
302
350
653
303
685
694
870
1009
58
130
251
304
984
34
273
305
800
936
208
306
585
836
1012
181
307
650
746
980
18
134
308
478
995
309
486
589
746
827
267
310
351
464
895
311
399
403
803
1013
194
312
665
762
871
53
313
384
706
725
6
120
314
347
708
267
315
650
777
812
48
316
396
477
629
21
303
317
602
671
272
318
336
506
1017
108
319
352
754
963
176
320
347
580
792
321
593
635
646
998
296
322
594
599
887
11
323
330
373
939
17
113
160
305
324
227
325
335
446
842
326
363
416
852
985
164
327
409
482
613
34
328
830
916
1020
11
71
329
910
943
85
174
330
438
970
139
331
353
565
590
332
496
697
810
850
57
191
333
452
735
248
256
334
649
755
100
132
335
574
603
336
444
508
638
955
100
121
183
337
437
103
104
134
338
779
132
339
507
923
993
4
340
345
738
892
332
341
460
602
746
289
342
468
740
753
38
47
249
343
772
344
573
624
803
838
77
139
172
345
853
346
527
899
918
1001
78
177
204
347
602
255
348
422
712
957
29
189
349
390
481
212
350
429
463
501
111
351
416
428
735
44
245
352
529
820
238
353
573
794
819
193
272
354
587
834
201
205
355
704
784
47
154
161
282
356
262
357
400
446
475
357
358
428
806
852
359
522
582
749
940
352
360
610
626
755
340
361
824
890
987
332
362
546
677
794
105
153
324
363
971
364
608
746
795
897
365
475
486
526
887
366
595
600
608
630
225
263
367
611
897
368
680
899
942
1001
369
428
724
800
862
121
233
370
587
651
3
371
887
896
924
59
372
539
637
939
227
276
349
373
384
257
289
374
686
771
55
295
375
500
703
376
563
605
738
983
150
377
617
680
789
57
99
378
567
978
24
62
316
379
985
4
106
380
406
987
232
270
381
422
625
358
382
723
780
956
68
383
463
566
654
96
127
173
206
384
385
457
555
730
773
169
374
386
548
592
24
387
572
745
976
40
388
500
516
747
389
555
654
664
806
368
390
675
682
870
134
391
636
871
1009
152
392
498
738
861
172
393
694
699
925
338
394
739
865
926
31
106
229
395
649
306
396
464
612
927
43
88
397
645
1004
301
383
398
751
783
152
399
880
921
952
400
640
785
804
1019
157
159
401
918
1020
116
402
724
730
906
149
403
525
778
808
90
404
597
647
826
28
192
352
405
738
406
451
582
948
995
131
407
464
632
772
265
408
475
654
817
68
409
593
682
748
377
403
410
535
625
411
433
728
738
791
91
412
469
541
603
375
413
487
843
963
192
345
414
624
661
54
153
415
619
1019
302
416
775
822
931
215
265
417
686
823
193
376
418
610
916
105
419
509
616
995
420
630
765
767
995
152
270
307
421
1011
79
422
462
483
641
70
191
348
423
941
26
365
398
424
583
0
425
513
582
839
426
585
918
994
1003
77
427
472
664
678
90
96
428
508
600
77
132
251
295
429
389
430
567
655
869
48
93
414
431
521
199
284
431
432
976
13
108
433
806
903
362
434
511
517
570
4
435
669
926
938
352
416
436
568
665
147
437
438
876
1006
28
226
426
438
588
439
649
694
863
911
212
440
542
893
925
233
441
575
811
944
97
442
691
752
793
29
31
330
443
492
1
400
444
447
1006
445
463
497
531
936
134
446
562
635
979
118
447
621
630
739
448
465
655
771
969
142
245
449
503
760
165
305
431
450
475
172
440
451
557
991
222
452
508
695
965
114
453
456
766
961
454
525
770
939
1019
329
357
455
776
912
44
456
720
799
952
42
171
198
457
767
66
458
774
886
991
395
459
745
775
915
51
97
214
460
762
11
194
461
675
1005
462
807
950
974
997
5
463
647
708
924
212
464
538
717
819
234
240
249
284
465
466
711
714
970
985
467
646
701
784
977
468
650
796
962
1008
36
49
130
400
469
470
505
543
559
878
188
202
460
471
869
181
237
447
472
673
61
136
473
536
998
393
474
680
755
842
77
135
136
141
475
476
586
792
907
946
13
63
458
477
767
397
478
758
825
977
393
479
729
899
905
343
427
480
573
574
356
481
642
828
1019
73
124
482
508
742
351
376
392
483
515
170
248
407
484
760
182
387
485
629
949
325
453
486
662
1015
369
487
540
823
901
63
114
391
488
718
258
272
489
917
996
39
194
324
490
663
110
331
491
665
804
435
451
492
730
828
86
170
493
787
887
494
529
690
835
856
202
397
495
585
883
69
496
596
712
834
162
401
497
636
888
386
498
503
508
851
106
397
499
937
1023
236
500
517
533
831
92
132
141
361
501
409
502
698
722
785
220
503
690
860
1000
4
25
504
641
874
359
447
505
602
1023
252
506
612
679
901
199
365
453
507
703
52
392
445
508
941
206
382
401
509
866
335
340
510
563
974
321
511
583
716
938
18
266
297
512
786
513
606
703
763
929
72
82
514
825
826
391
515
686
771
971
269
272
516
522
730
131
298
346
517
792
167
330
475
518
575
385
519
521
629
773
390
445
473
477
520
286
303
521
613
932
330
380
522
733
922
109
284
355
523
838
301
389
446
464
524
525
567
626
912
1012
194
526
681
826
981
527
659
673
787
839
44
528
612
615
697
16
320
377
529
806
97
206
530
771
979
81
531
540
645
835
142
223
409
532
609
161
260
533
667
942
137
534
535
795
949
443
453
535
662
908
70
98
206
536
585
338
537
618
777
872
32
347
538
917
1017
63
73
405
539
878
326
540
629
666
818
118
246
447
541
696
365
542
574
706
877
342
345
543
754
834
476
544
654
720
810
467
545
668
698
757
472
546
596
690
1010
430
547
618
681
1006
78
394
548
887
1023
213
365
549
829
982
392
452
550
693
941
77
502
551
846
1002
22
256
552
783
976
67
429
553
735
770
111
468
536
554
924
449
511
555
876
1014
58
324
376
556
997
282
557
818
893
930
191
351
528
558
923
274
532
559
648
894
189
560
623
648
778
27
348
442
477
561
27
199
303
562
951
78
112
554
563
1009
406
564
717
902
928
316
355
565
780
806
256
532
566
622
979
567
585
789
919
1007
474
568
818
885
930
534
551
569
626
892
182
284
570
667
738
92
116
274
571
732
31
236
570
572
578
145
573
800
973
1007
173
265
309
414
574
48
365
575
752
934
41
110
403
576
866
206
519
577
782
823
18
320
385
506
578
170
557
579
589
802
243
409
580
779
1015
185
250
431
581
640
106
172
497
582
794
107
443
583
817
982
52
179
410
584
856
396
585
681
821
869
80
179
180
215
586
15
475
587
641
831
154
273
556
588
913
389
391
441
557
589
234
554
564
590
916
473
591
718
822
963
430
592
655
733
797
164
593
651
776
883
331
351
502
594
686
57
233
282
595
597
184
327
585
596
1023
544
597
706
964
1002
18
284
517
596
598
325
587
595
599
631
92
195
600
615
949
112
427
601
798
1011
330
333
596
602
851
164
331
603
942
989
15
258
347
604
968
367
605
608
631
892
12
345
583
606
656
155
607
609
772
886
79
116
167
608
863
339
390
413
609
926
347
493
561
610
833
8
112
327
611
909
500
612
788
821
858
280
597
613
616
795
147
166
614
873
965
327
563
615
967
974
428
527
616
711
925
321
554
580
617
852
254
436
451
618
1013
28
101
109
619
862
12
327
605
620
912
320
331
621
909
981
80
420
607
622
761
422
564
600
623
717
15
155
521
624
630
24
26
183
625
865
305
338
626
690
892
79
438
532
627
772
151
403
540
628
1007
340
395
514
629
673
238
630
748
971
1021
347
542
631
823
1019
399
632
716
739
773
13
217
275
288
633
180
282
373
634
1020
119
371
465
635
851
108
353
498
636
772
79
129
205
490
637
78
278
632
638
910
109
159
639
706
791
106
640
767
790
926
173
449
641
761
983
260
491
529
536
642
94
164
643
715
778
73
257
475
565
644
246
489
645
772
946
11
301
468
505
646
167
196
511
647
668
155
354
618
648
698
89
368
649
850
907
78
328
431
650
688
67
232
485
651
959
481
531
537
606
652
46
121
653
800
942
49
236
311
406
654
9
212
412
456
655
102
132
496
501
656
248
323
415
440
657
462
614
623
658
880
526
593
659
850
998
100
424
627
660
1007
14
52
578
638
661
57
152
153
662
679
94
164
663
687
694
68
368
664
714
877
108
278
665
907
1015
274
579
647
666
752
211
355
667
717
983
28
122
164
668
802
207
538
573
669
1007
15
320
514
670
723
208
452
562
665
671
194
392
411
549
672
185
281
380
615
673
29
172
623
637
674
63
166
185
257
675
122
495
497
676
896
62
166
420
436
677
590
678
709
984
1006
340
355
679
781
830
50
72
398
680
714
180
633
681
793
1004
140
216
606
682
923
170
412
625
683
974
315
383
464
684
761
48
75
471
685
941
544
686
913
986
1004
615
683
687
802
946
688
752
855
971
1008
190
511
542
661
689
162
462
690
707
926
33
142
582
691
738
314
650
692
740
978
109
261
535
687
693
52
534
694
780
874
221
231
411
695
789
358
491
696
773
983
108
442
575
665
697
169
566
698
762
906
412
456
699
818
939
62
147
700
703
1002
189
194
529
531
701
111
341
702
902
1013
11
431
703
792
1005
69
530
704
893
965
48
59
131
234
705
470
706
709
841
953
153
291
704
707
812
541
636
708
777
982
219
274
709
826
1013
340
375
540
710
941
95
412
711
725
1000
76
118
183
526
712
6
356
562
713
837
357
507
560
714
802
109
150
269
423
715
210
246
596
716
950
50
384
463
489
717
390
413
542
718
960
141
183
258
719
899
169
634
720
792
945
41
183
531
721
916
217
289
722
958
1010
302
672
723
957
1005
12
125
724
764
808
418
725
744
806
1020
24
274
379
665
726
65
235
727
803
818
135
366
728
793
919
466
729
784
905
987
364
494
497
702
730
482
493
572
684
731
522
540
596
732
809
123
151
394
733
826
139
349
410
719
734
299
735
818
1018
1019
203
427
511
736
743
431
486
680
737
859
71
616
628
706
738
62
322
505
739
748
6
239
618
740
1007
278
336
409
410
741
235
272
530
610
742
175
283
402
743
804
150
346
744
875
1003
285
318
420
745
774
336
603
746
761
789
76
218
350
747
885
33
157
322
748
773
324
688
749
923
999
371
527
601
750
868
131
287
654
673
751
160
689
710
752
919
45
365
753
918
960
113
120
163
754
970
150
218
617
755
836
75
249
756
828
983
237
359
397
438
757
79
252
624
758
841
14
92
305
759
907
129
205
704
760
788
493
723
761
864
906
457
576
685
762
847
73
150
504
595
763
340
354
474
764
849
664
691
758
765
950
345
392
511
522
766
202
405
763
767
796
201
768
849
854
867
346
456
514
721
769
1
345
770
862
957
13
251
771
831
990
0
79
289
772
870
80
232
243
765
773
7
173
550
759
774
50
492
505
537
775
154
189
528
714
776
272
402
489
737
777
76
172
778
906
948
158
254
651
779
856
158
556
780
921
1005
475
496
768
781
890
105
217
411
782
872
263
367
666
783
867
579
767
784
813
917
103
369
400
785
841
82
233
472
759
786
115
695
787
849
922
96
633
781
788
994
5
494
581
789
861
32
206
654
736
790
241
254
587
647
791
185
305
380
572
792
350
714
793
982
994
421
717
773
794
814
223
226
239
363
795
105
519
796
815
889
249
303
399
698
797
693
699
798
983
1004
94
122
711
775
799
246
430
516
773
800
27
315
595
801
937
26
32
664
802
914
353
514
609
803
999
310
400
799
804
1003
246
527
568
805
864
62
91
547
635
806
102
221
564
807
880
620
722
808
824
969
215
282
654
809
998
63
73
192
524
810
14
151
165
763
811
48
190
557
678
812
106
252
813
889
969
295
386
500
814
978
72
671
682
815
932
440
764
816
911
953
178
401
662
817
913
12
541
695
818
950
781
819
845
873
918
225
445
820
825
850
539
791
821
878
1021
12
491
609
822
999
183
621
823
854
901
456
562
675
760
824
493
520
593
825
912
75
329
694
826
902
513
626
784
827
910
30
85
185
268
828
18
50
673
748
829
413
419
666
740
830
262
289
383
831
1000
0
152
620
768
832
463
631
715
833
913
376
416
520
681
834
425
600
622
835
968
27
659
836
875
937
288
466
526
837
965
776
820
838
890
909
154
498
565
577
839
92
205
552
676
840
190
458
679
808
841
3
372
478
660
842
14
262
466
843
895
376
576
809
844
943
114
145
354
430
845
66
367
564
666
846
150
311
548
568
847
5
410
819
848
1012
107
812
849
884
1007
241
414
560
781
850
667
670
851
950
1007
186
399
452
567
852
278
388
502
523
853
438
510
854
932
967
405
592
681
855
916
186
332
387
801
856
225
528
595
758
857
252
282
316
668
858
496
828
859
999
1010
73
107
114
431
860
149
187
495
627
861
240
465
535
607
862
193
292
532
848
863
151
402
613
864
895
181
339
678
778
865
154
472
629
689
866
251
600
783
867
965
114
270
552
626
868
184
340
716
869
888
355
376
813
870
990
216
493
871
947
1015
164
188
772
872
1001
434
653
729
873
1019
79
383
417
874
1001
235
660
773
849
875
46
258
382
876
992
642
722
735
877
883
102
206
623
794
878
347
593
878
879
1015
64
481
542
606
880
240
568
576
881
896
426
576
845
882
968
189
208
735
824
883
526
634
884
906
970
399
439
708
875
885
297
516
585
710
886
185
292
799
800
887
78
196
416
839
888
108
374
522
667
889
157
606
670
890
982
359
387
698
715
891
89
326
508
666
892
454
616
639
893
976
767
795
874
894
916
214
684
708
767
895
57
88
332
414
896
374
493
704
828
897
23
144
183
889
898
97
121
243
341
899
218
759
900
906
923
90
468
559
901
1016
482
902
906
980
1016
212
223
291
903
909
404
410
748
782
904
222
577
754
794
905
100
302
644
906
962
137
349
715
735
907
156
337
795
905
908
54
696
909
935
964
295
487
552
652
910
159
396
551
635
911
452
730
865
912
964
77
735
901
913
918
49
604
680
854
914
52
261
649
915
1020
110
183
527
916
984
318
386
917
953
958
86
124
331
390
918
97
296
727
901
919
39
170
445
920
946
53
620
681
779
921
406
504
524
863
922
309
536
860
923
1007
211
569
755
789
924
194
694
723
797
925
349
494
533
790
926
70
144
168
228
927
198
406
828
887
928
89
358
363
751
929
60
140
392
697
930
94
354
931
939
1023
319
439
851
932
956
6
552
823
827
933
521
572
671
934
1014
282
337
573
759
935
239
671
783
866
936
346
784
875
892
937
38
291
338
494
938
255
267
401
849
939
231
422
821
940
961
335
358
593
804
941
445
493
520
923
942
424
696
932
940
943
330
383
726
935
944
237
781
797
945
1020
263
346
656
946
975
233
296
551
696
947
99
505
948
987
999
34
43
482
722
949
53
168
554
771
950
339
439
708
754
951
0
123
701
952
982
187
797
953
969
1021
37
472
510
714
954
11
514
620
955
1018
516
575
654
886
956
305
552
574
631
957
378
561
666
925
958
128
419
649
702
959
214
497
659
960
1023
33
307
640
961
983
12
194
313
764
962
381
595
618
962
963
71
121
615
802
964
337
740
922
965
1013
16
274
318
472
966
260
382
517
908
967
159
264
725
939
968
75
765
874
878
969
106
224
563
791
970
117
667
947
971
1013
84
278
468
972
1019
88
376
520
973
1006
361
390
759
974
978
401
738
939
942
975
476
593
714
825
976
56
82
534
923
977
425
458
563
727
978
4
180
712
886
979
79
486
674
924
980
165
293
666
904
981
72
467
629
770
982
121
144
247
263
983
378
503
784
922
984
14
767
865
893
985
25
379
426
853
986
14
167
248
368
987
61
175
341
426
988
242
359
533
537
989
472
826
875
896
990
34
237
463
693
991
14
90
444
560
992
95
148
293
330
993
197
622
742
935
994
208
382
862
922
995
53
388
677
832
996
19
281
550
649
997
289
516
905
922
998
34
124
564
967
999
240
257
301
669
1000
137
166
415
527
1001
410
510
656
679
1002
217
324
709
970
1003
190
493
668
930
1004
33
49
225
960
1005
25
183
237
1006
1009
255
368
883
975
1007
388
406
495
674
1008
106
144
518
954
1009
39
682
933
966
1010
289
436
443
696
1011
441
732
955
973
1012
266
842
899
953
1013
376
475
553
745
1014
572
661
679
961
1015
28
74
176
786
1016
143
222
466
939
1017
162
436
650
939
1018
43
131
383
441
1019
137
178
362
423
1020
125
513
527
835
1021
249
402
488
849
1022
251
290
411
676
1023
0.815663
0.926636
0.857602
0.059098
0.709289
0.92373
0.32817
0.519481
0.088809
0.793582
0.47395
0.576246
0.823739
0.107207
0.801469
0.032649
0.374945
0.295293
0.923712
0.664612
0.605843
0.455133
0.625285
0.5696
0.389484
0.683866
0.848419
0.576094
0.485794
0.759892
0.502254
0.122582
0.519208
0.640921
0.173601
0.882142
0.684472
0.533633
0.752004
0.167701
0.343129
0.449251
0.594535
0.454505
0.061754
0.366526
0.716508
0.202631
0.309409
0.861639
0.505529
0.00849
0.48118
0.694858
0.172017
0.71992
0.151382
0.019245
0.943519
0.114512
0.649064
0.030213
0.393638
0.191594
0.769284
0.022394
0.92074
0.255963
0.48209
0.765608
0.077381
0.420078
0.884773
0.365347
0.338342
0.916344
0.585323
0.744917
0.120597
0.884137
0.967509
0.729072
0.477459
0.338763
0.714057
0.454134
0.221198
0.564248
0.445493
0.942141
0.424012
0.898835
0.799161
0.704861
0.882511
0.933856
0.487398
0.075733
0.859607
0.410452
0.576511
0.784719
0.259592
0.699444
0.486564
0.296687
0.12278
0.120217
0.406593
0.776059
0.434422
0.053372
0.091709
0.199
0.593978
0.668083
0.059228
0.611326
0.723688
0.944355
0.699828
0.087991
0.868284
0.118254
0.276899
0.354528
0.510469
0.905619
0.066618
0.891228
0.512528
0.988185
0.6791
0.867238
0.832618
0.185418
0.148311
0.593806
0.568171
0.643474
0.972623
0.256106
0.740697
0.080618
0.097188
0.2547
0.501141
0.896023
0.581676
0.953078
0.814112
0.530881
0.049857
0.692354
0.971593
0.176865
0.292623
0.465243
0.127144
0.332132
0.790746
0.331884
0.32199
0.69157
0.699733
0.04662
0.08822
0.995891
0.976504
0.152166
0.913256
0.101344
0.460291
0.717415
0.447328
0.002607
0.381657
0.288535
0.655093
0.489294
0.307863
0.544118
0.741088
0.051119
0.235703
0.217838
0.86047
0.266858
0.549423
0.481886
0.740993
0.769075
0.139278
0.6682
0.324804
0.216764
0.41724
0.299066
0.920342
0.590396
0.515731
0.056373
0.342712
0.125513
0.041858
0.850563
0.638184
0.283914
0.643089
0.151775
0.420768
0.339839
0.481927
0.36339
0.68173
0.39613
0.442134
0.511275
0.393393
0.125936
0.447203
0.981082
0.561359
0.306387
0.600307
0.773072
0.767747
0.872323
0.548679
0.411488
0.932628
0.428525
0.521112
0.015455
0.481391
0.139624
0.459126
0.847192
0.271373
0.403608
0.851368
0.556587
0.984018
0.575758
0.850709
0.271691
0.483775
0.634543
0.047552
0.36789
0.556373
0.912808
0.844944
0.359103
0.366108
0.454018
0.645326
0.615043
0.065969
0.474914
0.296109
0.576788
0.092405
0.685933
0.832155
0.343273
0.947208
0.418498
0.300557
0.584778
0.639717
0.624639
0.608693
0.787182
0.280129
0.740801
0.566803
0.529449
0.782117
0.422441
0.594263
0.430763
0.830127
0.915932
0.312995
0.279347
0.690513
0.876014
0.917708
0.087347
0.93084
0.105287
0.357598
0.516263
0.137372
0.969487
0.963349
0.943206
0.432881
0.209972
0.625213
0.988047
0.464288
0.273681
0.624783
0.887796
0.72812
0.040394
0.757428
0.987181
0.566607
0.904416
0.485649
0.059333
0.956256
0.902424
0.288492
0.866007
0.019679
0.654494
0.15841
0.711034
0.14458
0.434255
0.429802
0.046935
0.801492
0.379246
0.449292
0.568971
0.376073
0.674823
0.010897
0.879641
0.401481
0.279013
0.478307
0.578733
0.02465
0.153077
0.84045
0.624201
0.67989
0.873646
0.709988
0.453447
0.224209
0.846726
0.669275
0.383618
0.383086
0.484722
0.194689
0.648909
0.91672
0.687677
0.811277
0.090697
0.539614
0.941628
0.133422
0.166911
0.314248
0.325867
0.852385
0.988798
0.697242
0.357904
0.569421
0.303392
0.628835
0.975686
0.804749
0.578657
0.671548
0.059387
0.954383
0.568729
0.273206
0.861961
0.618571
0.482814
0.327356
0.420673
0.232621
0.436422
0.281409
0.343524
0.373982
0.598489
0.624125
0.093081
0.607217
0.359104
0.351188
0.01172
0.378297
0.855709
0.957759
0.400812
0.81499
0.102782
0.00314
0.283819
0.549925
0.770126
0.569209
0.584026
0.668456
0.156566
0.573778
0.0904
0.378479
0.367778
0.831668
0.713302
0.871036
0.509773
0.838428
0.40893
0.160393
0.585914
0.128397
0.093323
0.25214
0.460385
0.790477
0.467824
0.280787
0.892611
0.454494
0.250819
0.751291
0.436795
0.364493
0.626813
0.676084
0.307714
0.329319
0.066009
0.33809
0.928584
0.631004
0.119542
0.315027
0.798324
0.505125
0.900196
0.166752
0.047124
0.993827
0.888894
0.035235
0.883264
0.120083
0.338453
0.297633
0.017832
0.881457
0.99923
0.747282
0.130114
0.252232
0.053408
0.993034
0.795957
0.009925
0.150116
0.066211
0.758428
0.393646
0.109738
0.881538
0.480251
0.437029
0.838337
0.855472
0.977285
0.971393
0.185413
0.524731
0.225708
0.410271
0.985331
0.521674
0.636484
0.229527
0.878369
0.537212
0.758585
0.105522
0.044683
0.112672
0.065805
0.540825
0.417377
0.373514
0.73861
0.314057
0.22927
0.07558
0.803799
0.537436
0.412097
0.469604
0.960851
0.142037
0.878294
0.455567
0.207146
0.508807
0.198537
0.702899
0.401532
0.515049
0.865775
0.619539
0.909932
0.124674
0.848134
0.320965
0.989867
0.806272
0.601294
0.090192
0.783878
0.713346
0.05805
0.085682
0.275416
0.002734
0.394135
0.328552
0.102301
0.120183
0.56345
0.839521
0.584231
0.718163
0.584428
0.464749
0.38884
0.389592
0.020165
0.270109
0.100295
0.488463
0.032756
0.240672
0.464604
0.771873
0.050019
0.654379
0.685665
0.813918
0.90021
0.571524
0.299965
0.406086
0.190866
0.540084
0.727161
0.510529
0.968555
0.918981
0.952247
0.230297
0.619329
0.151534
0.481586
0.654031
0.168589
0.164976
0.61679
0.05887
0.92562
0.15423
0.911662
0.756926
0.895277
0.707727
0.115897
0.25508
0.864881
0.237449
0.939429
0.522627
0.191039
0.758393
0.0937
0.445723
0.659935
0.809407
0.955619
0.863241
0.880042
0.446704
0.123258
0.679182
0.470907
0.098677
0.974575
0.163746
0.141666
0.987505
0.47374
0.074158
0.500065
0.472979
0.467214
0.867554
0.997118
0.43576
0.465288
0.264483
0.672148
0.542557
0.533501
0.050281
0.558184
0.611997
0.458735
0.833568
0.675371
0.894574
0.995556
0.84781
0.424987
0.998293
0.222626
0.026279
0.218897
0.185917
0.175628
0.833215
0.297641
0.137803
0.555511
0.415342
0.750711
0.370722
0.42793
0.383335
0.058485
0.250788
0.100273
0.482112
0.458501
0.219702
0.24822
0.522473
0.963667
0.008645
0.966309
0.178042
0.825816
0.293046
0.024447
0.927629
0.73775
0.742927
0.518804
0.539404
0.244514
0.597926
0.464881
0.123695
0.858387
0.481905
0.392061
0.188925
0.451368
0.958236
0.430008
0.062781
0.235526
0.188919
0.892263
0.419186
0.164026
0.350334
0.406811
0.220524
0.289142
0.449062
0.142373
0.893734
0.914554
0.222413
0.136721
0.045064
0.147766
0.412744
0.007841
0.334718
0.540952
0.453154
0.320023
0.357177
0.020102
0.379769
0.594756
0.326762
0.93741
0.362112
0.472922
0.810823
0.078689
0.553167
0.846048
0.350947
0.235427
0.972986
0.312558
0.839517
0.564394
0.560979
0.209131
0.587402
0.17733
0.338201
0.483665
0.468765
0.521055
0.627553
0.862573
0.379796
0.302111
0.733958
0.227956
0.106721
0.899292
0.521472
0.433053
0.558652
0.428148
0.768887
0.858669
0.438549
0.361422
0.715378
0.687729
0.882835
0.095346
0.381005
0.463744
0.212891
0.433094
0.419489
0.950631
0.562356
0.244834
0.031729
0.206047
0.538312
0.142964
0.470095
0.151728
0.415701
0.899059
0.752094
0.67051
0.500194
0.449631
0.738791
0.14912
0.78145
0.243241
0.055966
0.518891
0.049815
0.403499
0.733313
0.345341
0.734996
0.160422
0.781726
0.083581
0.728994
0.507368
0.675658
0.415381
0.989855
0.869553
0.03117
0.617429
0.372847
0.126602
0.839275
0.40888
0.76293
0.187388
0.03117
0.81772
0.467117
0.037346
0.771029
0.617681
0.20634
0.57758
0.137578
0.085898
0.259241
0.687224
0.484071
0.419642
0.334446
0.741715
0.524946
0.739718
0.617422
0.139615
0.784062
0.9279
0.024154
0.96889
0.573907
0.542703
0.584255
0.362353
0.394667
0.564361
0.50217
0.463677
0.651714
0.901887
0.483646
0.031105
0.832577
0.881079
0.056066
0.503619
0.875581
0.501562
0.461459
0.113779
0.085771
0.717103
0.914038
0.540968
0.670076
0.24935
0.281205
0.385362
0.517396
0.23511
0.120674
0.905681
0.810408
0.434334
0.374651
0.537412
0.827942
0.96197
0.955642
0.227488
0.419756
0.620367
0.855355
0.617293
0.347565
0.651089
0.916163
0.244558
0.316625
0.023852
0.4955
0.114779
0.047533
0.6003
0.682836
0.269778
0.9087
0.957414
0.540692
0.686508
0.127892
0.472914
0.082056
0.786449
0.350444
0.419192
0.73404
0.652184
0.23279
0.443375
0.184723
0.670317
0.905268
0.870213
0.738963
0.606299
0.566015
0.030493
0.765315
0.844541
0.26404
0.138983
0.61737
0.668315
0.473488
0.092541
0.016826
0.419116
0.489272
0.931396
0.421389
0.067653
0.745612
0.905198
0.143081
0.53754
0.789553
0.156034
0.411367
0.971474
0.609721
0.767147
0.738279
0.021657
0.751308
0.017209
0.02337
0.809207
0.885102
0.841311
0.221517
0.946737
0.586579
0.207835
0.469169
0.340547
0.907835
0.623033
0.020436
0.261038
0.310366
0.197073
0.035507
0.03459
0.052501
0.767314
0.803486
0.548958
0.171121
0.151963
0.099572
0.656678
0.829639
0.203931
0.111514
0.558253
0.900425
0.224496
0.791212
0.928431
0.792194
0.631106
0.258295
0.502951
0.974863
0.941355
0.021897
0.760108
0.402532
0.293614
0.175865
0.587711
0.540612
0.301928
0.565706
0.128768
0.474401
0.332435
0.572099
0.504996
0.087067
0.106167
0.102841
0.118517
0.148374
0.059253
0.358805
0.90835
0.474862
0.306359
0.543747
0.257472
0.539988
0.37729
0.37279
0.06221
0.984208
0.378466
0.940095
0.36718
0.013482
0.559879
0.734195
0.634662
0.9052
0.311087
0.990007
0.680954
0.024325
0.398674
0.150682
0.913325
0.323173
0.915608
0.160129
0.170469
0.144014
0.555504
0.511865
0.965604
0.201536
0.103447
0.693078
0.085626
0.358624
0.21583
0.263697
0.792735
0.80823
0.576457
0.7132
0.795622
0.470903
0.565427
0.519006
0.947943
0.870509
0.692701
0.954984
0.130131
0.079803
0.51198
0.833715
0.422183
0.961716
0.502655
0.940964
0.896846
0.451526
0.948752
0.5421
0.528051
0.302593
0.085082
0.651533
0.799534
0.73015
0.299055
0.046884
0.843482
0.880345
0.274998
0.09307
0.746253
0.709541
0.845524
0.651155
0.412133
0.563117
0.821136
0.825209
0.192739
0.42186
0.101676
0.551982
0.446532
0.599068
0.733645
0.343341
0.406524
0.942242
0.210751
0.923815
0.372743
0.448448
0.215143
0.368337
0.428879
0.450469
0.359686
0.060693
0.996679
0.100997
0.567267
0.439767
0.441536
0.243849
0.093525
0.977206
0.991086
0.882439
0.939596
0.607054
0.061144
0.56498
0.794267
0.546937
0.643315
0.465805
0.351564
0.976784
0.915974
0.986014
0.498858
0.499761
0.037065
0.780347
0.639505
0.601034
0.441716
0.085908
0.07709
0.460358
0.035905
0.456303
0.937606
0.28334
0.662255
0.646351
0.494833
0.680842
0.723796
0.052656
0.876894
0.317522
0.408122
0.661953
0.925797
0.483794
0.236127
0.49703
0.208637
0.726944
0.440735
0.172345
0.859613
0.585674
0.547315
0.33535
0.538501
0.755999
0.953603
0.9365
0.561963
0.01207
0.902223
0.579628
0.737086
0.782606
0.869515
0.82068
0.587598
0.917243
0.753415
0.195384
0.461105
0.754202
0.110353
0.290295
0.779077
0.14952
0.767245
0.060386
0.248091
0.591199
0.666879
0.128861
0.319425
0.0321
0.984901
0.516725
0.288136
0.457123
0.384506
0.387337
0.588979
0.755879
0.041614
0.348549
0.782445
0.108518
0.246207
0.552694
0.772484
0.604015
0.220309
0.276109
0.937696
0.606924
0.834055
0.190904
0.032363
0.65966
0.767065
0.268685
0.911288
0.591103
0.182223
0.798058
0.899999
0.916959
0.385767
0.730864
0.333184
0.040924
0.347509
0.21232
0.445143
0.196284
0.411413
0.585632
0.058664
0.435473
0.277656
0.043367
0.983474
0.446739
0.792214
0.756834
0.363344
0.721168
0.172216
0.453273
0.801241
0.496852
0.909604
0.371713
0.561688
0.336961
0.188493
0.355263
0.844506
0.290881
0.619822
0.089065
0.900045
0.685113
0.156418
0.915099
0.966502
0.614967
0.663056
0.846742
0.568453
0.964326
0.584147
0.816003
0.567312
0.935008
0.732746
0.711062
0.098637
0.736268
0.712805
0.853615
0.7727
0.581913
0.502544
0.088428
0.062834
0.411028
0.851649
0.773008
0.01359
0.93919
0.631913
0.704924
0.123567
0.713358
0.324739
0.145488
0.12409
0.021455
0.786312
0.958774
0.990015
0.296544
0.693013
0.689558
0.636079
0.925162
0.532472
0.335844
0.363449
0.377779
0.412823
0.161413
0.467129
0.757897
0.409797
0.394636
0.280184
0.212364
0.067366
0.728155
0.206337
0.188466
0.3916
0.288565
0.910868
0.541079
0.587702
0.147105
0.805001
0.027443
0.811913
0.45941
0.122101
0.177129
0.974318
0.258759
0.43139
0.75929
0.048692
0.371646
0.808701
0.49263
0.020391
0.263237
0.533272
0.429606
0.330576
0.03289
0.452136
0.681667
0.670608
0.379313
0.255712
0.984985
0.10441
0.042767
0.276569
0.573307
0.001597
0.271707
0.327675
0.964917
0.536208
0.416885
0.69259
0.525022
0.414005
0.694382
0.301132
0.834386
0.677207
0.148943
0.919116
0.82194
0.469559
0.869511
0.633351
0.312209
0.279833
0.717761
0.831805
0.823878
0.542117
0.614948
0.296101
0.737928
0.273757
0.0631
0.063949
0.228178
0.832719
0.867722
0.557088
0.591321
0.679999
0.00037
0.116245
0.525914
0.445266
0.070648
0.760641
0.613853
0.215106
0.137178
0.716039
0.8252
0.880212
0.096842
0.639559
0.03457
0.285127
0.298957
0.644705
0.960214
0.50821
0.903219
0.163891
0.58577
0.686178
0.601963
0.727269
0.080993
0.430329
0.369107
0.161859
0.208212
0.651896
0.539844
0.926112
0.60102
0.009838
0.00605
0.81208
0.645164
0.388826
0.535493
0.623807
0.765956
0.769283
0.506984
0.966278
0.692875
0.513694
0.587849
0.236737
0.459165
0.136476
0.867497
0.965135
0.502038
0.827518
0.32497
0.959713
0.280715
0.837434
0.680234
0.959686
0.100629
0.114381
0.746725
0.047474
0.010297
0.282916
0.124173
0.150538
0.962527
0.873731
0.812697
0.532577
0.793957
0.73994
0.935527
0.642146
0.48332
0.634762
0.530949
0.450489
0.376549
0.315729
0.937341
0.263058
0.954151
0.635587
0.191669
0.495532
0.014852
0.741124
0.795606
0.703936
0.196924
0.690416
0.561544
0.136635
0.457758
0.698679
0.408819
0.55657
0.758546
0.860383
0.543511
0.25642
0.905934
0.934496
0.645062
0.338296
0.744993
0.72028
0.961016
0.133864
0.529853
0.535527
0.747251
0.537837
0.39576
0.710345
0.512306
0.007404
0.198703
0.934452
0.050715
0.362964
0.030493
0.263463
0.579704
0.19489
0.309903
0.424672
0.005163
0.573764
0.714744
0.489416
0.970742
0.646878
0.846533
0.715706
0.763463
0.593682
0.355689
0.362717
0.640216
0.600032
0.408574
0.977288
0.204963
0.293103
0.859205
0.821873
0.284613
0.247911
0.474755
0.254158
0.476929
0.116011
0.379689
0.956204
0.099236
0.965776
0.592104
0.482515
0.295073
0.591729
0.933273
0.540156
0.991826
0.397569
0.077237
0.252033
0.639566
0.495307
0.685992
0.27741
0.077369
0.497185
0.870069
0.595183
0.836316
0.164792
0.508566
0.358013
0.47204
0.367274
0.587439
0.661557
0.474904
0.73772
0.154303
0.709833
0.712219
0.953352
0.836105
0.090888
0.155618
0.52055
0.132857
0.305362
0.94081
0.393998
0.188738
0.610141
0.051595
0.941896
0.065468
0.196611
0.155717
0.836691
0.347135
0.708598
0.986358
0.273762
0.749217
0.989788
0.860094
0.365843
0.40547
0.790282
0.644434
0.887693
0.875512
0.30236
0.842475
0.242646
0.419706
0.81002
0.332409
0.716389
0.80125
0.942477
0.485975
0.115841
0.414224
0.602086
0.873067
0.733644
0.149858
0.673805
0.445497
0.205952
0.428089
0.322752
0.955749
0.013289
0.620382
0.800634
0.982692
0.846487
0.321969
0.507535
0.808855
0.736653
0.638421
0.385297
0.253435
0.932717
0.609097
0.689731
0.179158
0.029888
0.887512
0.913284
0.728137
0.268381
0.348423
0.523131
0.050806
0.187064
0.293777
0.815166
0.777229
0.729561
0.726979
0.592411
0.961933
0.86273
0.324425
0.889194
0.769743
0.017067
0.70362
0.101106
0.137786
0.194156
0.670007
0.857884
0.477468
0.3612
0.070059
0.020664
0.105798
0.326768
0.622777
0.502397
0.288502
0.852093
0.223743
0.617916
0.097643
0.54562
0.895477
0.868312
0.948402
0.122987
0.182407
0.642355
0.145977
0.518402
0.040362
0.46097
0.252723
0.211007
0.657167
0.03652
0.37234
0.957551
0.01505
0.816257
0.927679
0.797121
0.196962
0.067498
0.490089
0.263055
0.356036
0.017643
0.533905
0.125861
0.582622
0.049225
0.268694
0.488713
0.276773
0.892687
0.612498
0.487044
0.649104
0.421024
0.701279
0.583831
0.511183
0.361654
0.83259
0.645779
0.869361
0.367542
0.623487
0.441226
0.293606
0.724736
0.299049
0.850653
0.147064
0.480633
0.11242
0.17157
0.287453
0.689374
0.499533
0.961204
0.694855
0.617891
0.786641
0.394026
0.508778
0.20903
0.357884
0.677454
0.394472
0.134678
0.617289
0.026157
0.51821
0.417992
0.732405
0.226986
0.881782
0.512512
0.371666
0.10007
0.815547
0.692733
0.106135
0.367567
0.09631
0.758477
0.143995
0.237819
0.710404
0.396462
0.066345
0.884605
0.479428
0.987158
0.68197
0.610767
0.510015
0.931776
0.743536
0.520711
0.706776
0.010772
0.709307
0.002857
0.325312
0.058549
0.519284
0.254646
0.631784
0.74508
0.819774
0.015963
0.24499
0.475442
0.678308
0.529003
0.832148
0.481901
0.116515
0.507013
0.261995
0.922904
0.589943
0.422103
0.916339
0.214105
0.943614
0.88505
0.137425
0.274562
0.799219
0.657968
0.681415
0.819796
0.65888
0.464474
0.739783
0.012163
0.333606
0.933277
0.350124
0.605452
0.898299
0.561597
0.938315
0.840679
0.20471
0.221645
0.957201
0.611634
0.400833
0.691304
0.280688
0.812323
0.622994
0.872373
0.684379
0.690567
0.285976
0.927221
0.256567
0.523361
0.517615
0.649566
0.847022
0.419882
0.127971
0.331395
0.210345
0.288563
0.014739
0.00729
0.665047
0.468875
0.999478
0.416041
0.373071
0.02251
0.879539
0.553971
0.886115
0.49259
0.269318
0.156063
0.375441
0.087504
0.365406
0.503445
0.66734
0.909036
0.251702
0.80201
0.033216
0.970751
0.521875
0.462719
0.614244
0.608611
0.06923
0.203598
0.123642
0.585229
0.051246
0.312199
0.753292
0.090994
0.776665
0.740538
0.151314
0.234797
0.22088
0.597001
0.618903
0.238747
0.206126
0.716247
0.528767
0.025658
0.109372
0.252575
0.65844
0.985055
0.291575
0.563287
0.683775
0.102732
0.06187
0.424957
0.946978
0.912786
0.171975
0.23651
0.613508
0.231663
0.992726
0.200545
0.693123
0.004008
0.252291
0.269239
0.761647
0.432775
0.565611
0.211613
0.857655
0.819758
0.312239
0.425865
0.204917
0.130401
0.736627
0.287203
0.187546
0.68164
0.051422
0.154366
0.279033
0.724837
0.494427
0.056036
0.010677
0.968881
0.239697
0.247458
0.622227
0.163944
0.04112
0.582211
0.028043
0.79342
0.836199
0.574826
0.801601
0.321498
0.912885
0.891654
0.84098
0.377958
0.462182
0.38013
0.108496
0.794556
0.010598
0.677527
0.575073
0.858612
0.973315
0.083921
0.848746
0.599418
0.013872
0.791705
0.642572
0.594347
0.184752
0.10602
0.125542
0.784125
0.36404
0.692005
0.994598
0.397615
0.96811
0.45695
0.070103
0.776026
0.905834
0.212962
0.454393
0.455062
0.763867
0.917361
0.708136
0.756626
0.122602
0.347437
0.158903
0.278773
0.123655
0.924096
0.422401
0.568906
0.198773
0.964777
0.893614
0.673294
0.487652
0.184992
0.402671
0.415436
0.689118
0.399573
0.878857
0.477528
0.05798
0.008118
0.209125
0.381803
0.009878
0.522746
0.446962
0.682389
0.038111
0.964077
0.323127
0.031699
0.80187
0.628799
0.306123
0.327851
0.18636
0.465726
0.20652
0.182252
0.666816
0.189626
0.434434
0.871956
0.221545
0.580901
0.13585
0.921615
0.036103
0.698189
0.397262
0.771579
0.617657
0.272674
0.673778
0.015408
0.520045
0.350519
0.788429
0.419224
0.295106
0.702155
0.153045
0.760608
0.867964
0.23198
0.647037
0.893962
0.605121
0.523484
0.73858
0.166191
0.248789
0.212961
0.906916
0.237079
0.171534
0.966609
0.802182
0.646037
0.73393
0.901156
0.425987
0.915214
0.242489
0.588083
0.435792
0.228319
0.760956
0.695386
0.978816
0.521843
0.592304
0.992476
0.590588
0.689998
0.75498
0.983948
0.497748
0.050336
0.286304
0.263528
0.564233
0.305611
0.385579
0.907511
0.866502
0.134436
0.609982
0.459575
0.227617
0.168116
0.521951
0.186301
0.180518
0.829561
0.442828
0.692498
0.284309
0.779989
0.164298
0.710365
0.414378
0.657507
0.921275
0.271311
0.229708
0.28998
0.472318
0.677143
0.709615
0.394694
0.291836
0.23114
0.250773
0.639444
0.803181
0.690395
0.481281
0.988145
0.570727
0.203882
0.12749
0.282065
0.532538
0.445593
0.627473
0.265392
0.390409
0.222787
0.685975
0.3366
0.597077
1.7e-05
0.532644
0.323004
0.837892
0.684772
0.903137
0.573197
0.457051
0.439122
0.240618
0.947212
0.72288
0.444178
0.773912
0.651284
0.384207
0.715058
0.655513
0.630859
0.148631
0.559901
0.065793
0.887691
0.117315
0.931735
0.887842
0.332159
0.577897
0.909323
0.055934
0.690748
0.095271
0.830273
0.295277
0.386804
0.613877
0.634303
0.314501
0.426616
0.889972
0.433834
0.146016
0.562301
0.275158
0.602515
0.226401
0.021692
0.901552
0.692831
0.608336
0.698545
0.615727
0.172704
0.685718
0.808035
0.883931
0.604124
0.996561
0.597496
0.115339
0.229972
0.768451
0.139205
0.811596
0.969879
0.635118
0.996103
0.15056
0.381057
0.118081
0.767666
0.629998
0.349627
0.442331
0.692517
0.357017
0.748933
0.149268
0.189286
0.080504
0.298711
0.324905
0.424312
0.615586
0.699759
0.42388
0.936087
0.400498
0.801044
0.708681
0.504422
0.972383
0.911916
0.912261
0.532839
0.628005
0.042602
0.24176
0.013467
0.861889
0.657021
0.564542
0.951271
0.748873
0.967104
0.980297
0.58783
0.312455
0.495264
0.656437
0.202707
0.8331
0.853702
0.155411
0.4456
0.349113
0.781747
0.412694
0.966215
0.279647
0.450372
0.611436
0.337424
0.232754
0.529192
0.844121
0.801207
0.737534
0.606135
0.177423
0.93675
0.388737
0.134777
0.161186
0.428366
0.838925
0.279768
0.798056
0.897244
0.020516
0.893887
0.90267
0.376062
0.685408
0.120868
0.909895
0.348584
0.632438
0.919031
0.771509
0.850674
0.800503
0.508664
0.165954
0.777153
0.209473
0.623342
0.954957
0.116742
0.80807
0.767067
0.934098
0.112482
0.359628
0.592855
0.684453
0.790806
0.815419
0.03205
0.564688
0.97298
0.416872
0.566652
0.816681
0.571459
0.751835
0.601988
0.23337
0.891314
0.671176
0.834058
0.02795
0.854725
0.399752
0.316818
0.593785
0.122768
0.414672
0.217039
0.209223
0.577429
0.098649
0.219022
0.010012
0.783955
0.712345
0.62337
0.80354
0.775908
0.850512
0.004683
0.188526
0.071608
0.700112
0.964007
0.4709
0.86756
0.865422
0.953645
0.358724
0.099447
0.015684
0.983695
0.565887
0.736816
0.474546
0.140441
0.808422
0.182012
0.006059
0.746511
0.416302
0.878291
0.895543
0.84718
0.708279
0.753127
0.628129
0.77647
0.628935
0.873153
0.729303
0.0574
0.232096
0.81593
0.144628
0.027086
0.686839
0.117881
0.536185
0.869277
0.934295
0.917839
0.324506
0.358037
0.042695
0.366459
0.097704
0.40802
0.28938
0.18536
0.816863
0.945554
0.668525
0.330711
0.749561
0.304844
0.268327
0.161895
0.877183
0.056557
0.071503
0.73294
0.593488
0.634036
0.834392
0.208796
0.106548
0.098155
0.131599
0.15818
0.350025
0.437672
0.302859
0.263238
0.163648
0.450429
0.274971
0.315801
0.77038
0.434994
0.33098
0.873164
0.738554
0.659263
0.701216
0.214715
0.486517
0.038
0.150062
0.557412
0.144272
0.83986
0.705879
0.083251
0.326537
0.3946
0.778987
0.210919
0.671053
0.767751
0.248376
0.668422
0.652324
0.251475
0.358048
0.036586
0.254231
0.304591
0.374973
0.240163
0.968419
0.602959
0.222988
0.442927
0.777591
0.079343
0.773089
0.129283
0.970329
0.836734
0.238186
0.241772
0.845426
0.97347
0.951624
0.019464
0.964882
0.198628
0.647449
0.951055
0.82438
0.692117
0.164706
0.173512
0.352213
0.224895
0.893031
0.795667
0.43159
0.00194
0.213145
0.660023
0.087735
0.436476
0.54375
0.319822
0.993162
0.785244
0.986962
0.935988
0.570883
0.083167
0.253516
0.675299
0.198862
0.73018
0.06671
0.36714
0.467918
0.837788
0.076106
0.028401
0.817389
0.740076
0.062665
0.24285
0.974812
0.685549
0.35611
0.614476
0.398736
0.014509
0.122959
0.965917
0.175479
0.630859
0.664954
0.367375
0.888473
0.938334
0.301766
0.019854
0.161372
0.315437
0.801257
0.669576
0.861172
0.172483
0.180986
0.313855
0.717202
0.997113
0.026392
0.556394
0.000645
0.615627
0.903792
0.883488
0.854489
0.433766
0.990141
0.062068
0.640417
0.646437
0.757635
0.968954
0.57042
0.238968
0.043785
0.309128
0.170224
0.30293
0.924163
0.504428
0.837135
0.390204
0.088382
0.269099
0.00132
0.974725
0.052867
0.402637
0.189551
0.980926
0.330101
0.62844
0.276796
0.409589
0.860919
0.902945
0.688918
0.551393
0.786762
0.829715
0.602152
0.527873
0.964504
0.995579
0.24854
0.098658
0.369018
0.243227
0.542618
0.715399
0.063671
0.532641
0.222137
0.058211
0.281488
0.111402
0.424937
0.828281
0.470563
0.869914
0.697579
0.793565
0.923286
0.824658
0.193195
0.723777
0.7192
0.974774
0.555894
0.023755
0.798659
0.837876
0.465481
0.550269
0.841013
0.874604
0.763619
0.34846
0.669275
0.453951
0.094888
0.684627
0.958551
0.085071
0.082407
0.107402
0.590738
0.212024
0.464882
0.054452
0.993169
0.872574
0.38319
0.51888
0.339495
0.513723
0.036702
0.210992
0.105225
0.519522
0.885123
0.090423
0.936162
0.850074
0.766561
0.087749
0.793857
0.729663
0.93364
0.698857
0.187201
0.883527
0.815225
0.521074
0.230867
0.055228
0.372025
0.854209
0.489302
0.102394
0.24639
0.504776
0.724692
0.405415
0.826098
0.053687
0.172344
0.209249
0.13735
0.599156
0.870122
0.091796
0.084588
0.122831
0.627406
0.976734
0.58188
0.613756
0.833085
0.923967
0.789132
0.860059
0.988393
0.094604
0.484172
0.831952
0.626756
0.999959
0.728135
0.05862
0.561882
0.619046
0.660608
0.538049
0.046869
0.841022
0.444178
0.29961
0.572864
0.298383
0.355002
0.891246
0.432036
0.100546
0.981475
0.769079
0.36003
0.536167
0.003895
0.947744
0.570566
0.752519
0.07276
0.395163
0.205296
0.967044
0.882888
0.483661
0.554349
0.884121
0.782705
0.070098
0.00905
0.233273
0.485411
0.638128
0.654037
0.606866
0.77263
0.217394
0.697436
0.433696
0.908086
0.435592
0.895155
0.09533
0.228214
0.252273
0.041447
0.607673
0.252868
0.630092
0.437851
0.526063
0.602483
0.115964
0.713798
0.164552
0.981751
0.975083
0.233299
0.043618
0.583585
0.989257
0.547294
0.089736
0.443727
0.993705
0.98842
0.783651
0.573935
0.809634
0.807186
0.650076
0.766787
0.226608
0.533293
0.149553
0.325783
0.422005
0.451413
0.398173
0.282007
0.577039
0.846784
0.536475
0.881454
0.862728
0.688632
0.695655
0.346954
0.316618
0.051603
0.575184
0.941917
0.335232
0.662795
0.235595
0.0351
0.182862
0.391454
0.432838
0.864556
0.676063
0.895928
0.001541
0.960807
0.017756
0.268919
0.6985
0.65868
0.89048
0.207985
0.22278
0.363046
0.927835
0.804425
0.07587
0.652616
0.936095
0.54822
0.447672
0.706525
0.290545
0.686052
0.504637
0.79403
0.812493
0.203986
0.624455
0.764722
0.286871
0.009149
0.560533
0.080108
0.76983
0.328159
0.119688
0.282179
0.004987
0.529303
0.274774
0.836948
0.993784
0.184526
0.234764
0.631993
0.448733
0.111032
0.803415
0.563708
0.120358
0.393262
0.200651
0.97756
0.327628
0.049224
0.971215
0.01883
0.797744
0.01994
0.942703
0.910707
0.187469
0.621199
0.555758
0.228314
0.563477
0.739013
0.372844
0.936472
0.20019
0.815577
0.865116
0.859705
0.301288
0.458943
0.517885
0.824521
0.796962
0.217076
0.768293
0.952863
0.680734
0.802478
0.567757
0.875881
0.844143
0.806197
0.371669
0.688607
0.968528
0.747915
0.42024
0.867322
0.675057
0.758264
0.138395
0.365719
0.168566
0.350405
0.391745
0.104003
0.064079
0.718976
0.127427
0.603144
0.919895
0.638411
0.844939
0.347853
0.739539
0.858238
0.214318
0.017736
0.352045
0.530979
0.292081
0.966316
0.163843
0.729236
0.042134
0.256735
0.076719
0.755993
0.472448
0.944484
0.990973
0.274453
0.898132
0.613669
0.56675
0.511846
0.373933
0.943567
0.794436
0.464621
0.180897
0.093462
0.496165
0.746966
0.399729
0.925216
0.291006
0.503861
0.63032
0.440676
0.005212
0.665159
0.410368
0.911011
0.702378
0.830547
0.471078
0.260763
0.897465
0.155772
0.868883
0.909275
0.936699
0.543403
0.452691
0.031225
0.721488
0.926676
0.079934
0.128842
0.074584
0.777616
0.963121
0.523635
0.702293
0.068653
0.922356
0.482498
0.066484
0.564164
0.999635
0.901861
0.326312
0.317003
0.715125
0.886286
0.027419
0.468121
0.789971
0.503183
0.352789
0.689769
0.510375
0.994322
0.028345
0.80601
0.644544
0.499957
0.471288
0.647294
0.695517
0.037866
0.076856
0.898775
0.655272
0.581351
0.962095
0.884278
0.690677
0.598821
0.886168
0.05552
0.048904
0.280164
0.070322
0.475585
0.018939
0.256565
0.69804
0.627826
0.341452
0.625631
0.34275
0.714937
0.555493
0.324657
0.704462
0.737904
0.527987
0.157252
0.85314
0.3012
0.756491
0.758171
0.048735
0.923643
0.897681
0.386375
0.364749
0.573321
0.728165
0.679896
0.86133
0.904351
0.536008
0.19385
0.28183
0.739425
0.208855
0.684124
0.386059
0.168898
0.171596
0.196417
0.59923
0.001051
0.789355
0.190688
0.804714
0.945421
0.725444
0.630212
0.879871
0.332581
0.637035
0.00202
0.194101
0.173651
0.122702
0.119073
0.618269
0.035168
0.942329
0.272329
0.27234
0.373368
0.446484
0.214167
0.022273
0.769576
0.845267
0.439781
0.359911
0.064488
0.274052
0.640571
0.190631
0.740236
0.547038
0.953324
0.239862
0.133515
0.263226
0.566539
0.8815
0.671669
0.611316
0.955642
0.691821
0.935179
0.868172
0.969464
0.078937
0.981627
0.995082
0.814526
0.454719
0.69089
0.562419
0.140733
0.201345
0.916153
0.888885
0.814627
0.687628
0.892095
0.379768
0.907864
0.877106
0.568633
0.483399
0.765971
0.568768
0.656196
0.474709
0.255341
0.832334
0.051757
0.170433
0.311537
0.561131
0.288175
0.830171
0.814039
0.761984
0.466352
0.981794
0.567244
0.35287
0.376853
0.096667
0.067457
0.065123
0.134617
0.312647
0.084942
0.525403
0.488571
0.814418
0.625402
0.227098
0.952396
0.734283
0.971979
0.612083
0.080967
0.17791
0.643418
0.190816
0.837894
0.091087
0.090554
0.339064
0.379515
0.923404
0.840296
0.774267
0.6147
0.607811
0.035932
0.866766
0.656848
0.792057
0.295514
0.849234
0.587686
0.302839
0.348353
0.139318
0.322971
0.903857
0.060276
0.417956
0.223944
0.281862
0.632586
0.319507
0.167415
0.836779
0.073425
0.331142
0.502042
0.213064
0.844136
0.284214
0.701079
0.371591
0.751649
0.838849
0.575317
0.348017
0.173411
0.479678
0.88213
0.33554
0.006756
0.482418
0.623304
0.912596
0.722221
0.376165
0.370003
0.165576
0.260314
0.113794
0.120476
0.732065
0.416383
0.449436
0.541549
0.375984
0.515711
0.733758
0.649813
0.236657
0.768077
0.959445
0.797774
0.401175
0.284114
0.347359
0.832806
0.414901
0.893306
0.181879
0.200122
0.865168
0.959302
0.213177
0.508736
0.051042
0.880279
0.465655
0.680136
0.579213
0.355207
0.239954
0.631979
0.998664
0.025339
0.263326
0.521238
0.254842
0.799958
0.847041
0.372254
0.313768
0.509009
0.086901
0.998432
0.632262
0.722617
0.168714
0.935179
0.763443
0.257683
0.497114
0.741452
0.600579
0.191379
0.273162
0.029906
0.095469
0.002112
0.159722
0.486043
0.454643
0.934683
0.813943
0.520269
0.485164
0.370133
0.851502
0.807341
0.778324
0.29615
0.521257
0.592545
0.068117
0.003816
0.100107
0.03862
0.942475
0.659361
0.491426
0.785846
0.39381
0.401322
0.882326
0.677036
0.891055
0.884749
0.69853
0.202073
0.022036
0.204348
0.99641
0.479236
0.920118
0.689849
0.225296
0.756248
0.588732
0.225471
0.579439
0.175745
0.049798
0.396816
0.034333
0.160455
0.260726
0.011299
0.206969
0.33386
0.294465
0.453406
0.980584
0.995753
0.559413
0.238351
0.102638
0.638832
0.800993
0.004501
0.223275
0.485186
0.808058
0.514467
0.764724
0.436463
0.364329
0.801245
0.776584
0.976631
0.176822
0.43658
0.520437
0.309758
0.71088
0.195845
0.914489
0.709136
0.257027
0.318485
0.1378
0.729835
0.196082
0.24757
0.9318
0.50674
0.167138
0.248507
0.235899
0.180078
0.288312
0.617246
0.895738
0.708843
0.45989
0.672904
0.327311
0.533951
0.089917
0.815544
0.98143
0.053834
0.064321
0.423702
0.971939
0.628921
0.006565
0.293898
0.32814
0.997806
0.809037
0.052544
0.349794
0.800013
0.21902
0.165103
0.54443
0.397807
0.470604
0.363112
0.99173
0.761728
0.07533
0.67937
0.555299
0.603924
0.934772
0.873472
0.549549
0.644106
0.694777
0.270327
0.097317
0.056674
0.647899
0.802245
0.07131
0.294049
0.945506
0.878651
0.530759
0.60979
0.19098
0.240685
0.051519
0.720509
0.111846
0.211793
0.170799
0.212143
0.594597
0.721182
0.960799
0.742903
0.466213
0.387337
0.389783
0.131089
0.684904
0.59911
0.448876
0.516529
0.17952
0.271245
0.220348
0.061003
0.69543
0.322376
0.127092
0.998286
0.78178
0.876731
0.522745
0.055889
0.503717
0.118473
0.421268
0.517332
0.719617
0.61638
0.531043
0.408221
0.284043
0.98548
0.051935
0.254572
0.134997
0.561231
0.062087
0.687421
0.769371
0.473686
0.393929
0.280319
0.800457
0.739094
0.512187
0.666539
0.883899
0.770036
0.524951
0.656034
0.464687
0.033053
0.637081
0.93858
0.306098
0.569564
0.439234
0.657079
0.746981
0.686037
0.499298
0.667775
0.850142
0.40786
0.907415
0.073206
0.995392
0.569662
0.404458
0.431458
0.375631
0.705047
0.249971
0.422618
0.294729
0.302335
0.622047
0.043803
0.773891
0.208421
0.202201
0.005585
0.919248
0.693309
0.176271
0.062486
0.889964
0.188782
0.167664
0.405142
0.437694
0.944999
0.798797
0.278656
0.427452
0.382052
0.243362
0.675221
0.898721
0.5076
0.919288
0.914429
0.041658
0.690725
0.996988
0.387595
0.185632
0.472851
0.192033
0.528609
0.090599
0.352999
0.406217
0.048263
0.896597
0.367404
0.303991
0.195006
0.417335
0.729845
0.231557
0.803716
0.511418
0.830502
0.614811
0.810836
0.627497
0.468444
0.233932
0.232974
0.566283
0.191685
0.521023
0.365957
0.10317
0.0406
0.386565
0.503188
0.658342
0.783257
0.969955
0.359692
0.156776
0.098562
0.568646
0.227913
0.180567
0.535326
0.124419
0.048819
0.780214
0.069131
0.092791
0.887119
0.064142
0.837211
0.366325
0.010115
0.98664
0.215973
0.630858
0.949898
0.135364
0.933001
0.782777
0.018035
0.734327
0.893091
0.95586
0.67773
0.014011
0.089835
0.332709
0.739357
0.287242
0.240517
0.075063
0.494966
0.225238
0.986219
0.249345
0.05587
0.420006
0.428181
0.938324
0.553528
0.535081
0.642932
0.593335
0.625666
0.305559
0.123992
0.076036
0.227283
0.100203
0.120405
0.260173
0.873676
0.128886
0.964331
0.950155
0.519128
0.108748
0.197353
0.826467
0.591488
0.379642
0.129054
0.00731
0.079036
0.323462
0.990694
0.084662
0.896694
0.2866
0.687629
0.596713
0.996577
0.164217
0.264741
0.925924
0.869346
0.101782
0.289742
0.784387
0.569958
0.326451
0.473275
0.793093
0.149694
0.606398
0.804582
0.433276
0.086241
0.921995
0.116194
0.858421
0.935699
0.686304
0.952124
0.219742
0.292323
0.388175
0.305131
0.807614
0.739043
0.413974
0.568382
0.633372
0.153028
0.179346
0.010963
0.331632
0.076225
0.030962
0.470794
0.169833
0.795564
0.027868
0.650494
0.241
0.742392
0.182716
0.282671
0.985445
0.199539
0.509688
0.221297
0.912443
0.209585
0.108269
0.669574
0.142547
0.613439
0.488504
0.262775
0.725691
0.107983
0.753718
0.976202
0.343006
0.405368
0.439447
0.837964
0.560137
0.233771
0.445437
0.621234
0.579027
0.126343
0.299485
0.367185
0.147631
0.47058
0.743909
0.332769
0.391014
0.038886
0.554158
0.788989
0.041524
0.440376
0.738347
0.64875
0.126455
0.372599
0.378435
0.975125
0.610453
0.87984
0.884234
0.991091
0.54891
0.528407
0.336573
0.797229
0.346742
0.872786
0.613167
0.533575
0.359818
0.868514
0.795385
0.30958
0.103893
0.397006
0.837675
0.664471
0.474391
0.041709
0.092274
0.506577
0.255906
0.965338
0.983083
0.694051
0.39552
0.960771
0.022553
0.226107
0.808705
0.71681
0.094327
0.008537
0.793107
0.601322
0.259059
0.503946
0.564153
0.049493
0.228931
0.489856
0.970004
0.179858
0.521374
0.530919
0.646954
0.915152
0.296142
0.781529
0.075282
0.702818
0.609917
0.448165
0.515894
0.209817
0.319803
0.070733
0.975764
0.536688
0.526014
0.060253
0.45483
0.64915
0.566328
0.930683
0.945024
0.082217
0.367402
0.577611
0.841853
0.37767
0.225358
0.518857
0.350408
0.879501
0.56195
0.730073
0.459046
0.859968
0.931076
0.221721
0.893608
0.91684
0.833061
0.694269
0.380007
0.989298
0.578762
0.081896
0.907713
0.648345
0.17474
0.552102
0.644669
0.576392
0.13179
0.296545
0.515964
0.064481
0.504922
0.121748
0.36258
0.885699
0.337576
0.682168
0.158622
0.765011
0.019628
0.195315
0.92326
0.888695
0.384307
0.696949
0.029066
0.417433
0.565313
0.850718
0.411091
0.122281
0.561572
0.833708
0.121765
0.536736
0.895911
0.275618
0.387645
0.154304
0.256337
0.687826
0.814293
0.77204
0.80066
0.904332
0.303418
0.342514
0.34996
0.145353
0.301382
0.4482
0.120129
0.416681
0.442125
0.186707
0.466286
0.894797
0.673667
0.829404
0.002791
0.430527
0.93634
0.738857
0.184874
0.229258
0.705216
0.317506
0.293882
0.007201
0.241545
0.071053
0.329746
0.886561
0.531073
0.241428
0.757192
0.328826
0.42962
0.915305
0.634908
0.961001
0.210564
0.373383
0.632748
0.23218
0.9637
0.416812
0.188568
0.553153
0.183328
0.333717
0.384712
0.462096
0.536338
0.747006
0.965401
0.306214
0.00861
0.969776
0.432947
0.853348
0.746483
0.739925
0.512654
0.903986
0.268108
0.894673
0.047676
0.018843
0.297217
0.858054
0.703396
0.104671
0.958815
0.918327
0.008803
0.987843
0.260907
0.291114
0.361761
0.784266
0.120533
0.384951
0.860286
0.795696
0.818267
0.335493
0.387968
0.761114
0.948788
0.763115
0.424937
0.396227
0.135833
0.773976
0.584271
0.580879
0.225369
0.15744
0.344567
0.362847
0.94331
0.704847
0.199492
0.356946
0.216186
0.403224
0.06722
0.162218
0.615255
0.104744
0.080045
0.665672
0.748166
0.634467
0.561753
0.982004
0.681662
0.951364
0.513466
0.096793
0.624586
0.39338
0.69553
0.677898
0.040982
0.271878
0.019568
0.036161
0.718325
0.637506
0.846109
0.770751
0.156003
0.789773
0.10321
0.383135
0.266242
0.900997
0.691299
0.6004
0.676075
0.112888
0.504981
0.646909
0.27962
0.730949
0.129181
0.004124
0.215689
0.338091
0.495256
0.785979
0.561123
0.093123
0.260491
0.748069
0.291718
0.697733
0.357938
0.650469
0.141934
0.412587
0.974839
0.903922
0.758969
0.322452
0.204472
0.864589
0.727526
0.641409
0.18949
0.78032
0.636786
0.901778
0.86121
0.783538
0.730886
0.911101
0.233249
0.4273
0.999649
0.117969
0.111134
0.668643
0.361796
0.602719
0.186892
0.534339
0.15439
0.922896
0.698774
0.284738
0.07682
0.425261
0.901633
0.653893
0.976026
0.86185
0.07747
0.663257
0.791413
0.975896
0.017726
0.105397
0.648814
0.77791
0.891202
0.01646
0.432039
0.989013
0.197352
0.03617
0.341666
0.305206
0.874965
0.190035
0.93937
0.304014
0.986092
0.016047
0.835198
0.052968
0.613907
0.626116
0.203633
0.809812
0.470465
0.470871
0.339703
0.344329
0.149924
0.057793
0.753237
0.623119
0.194229
0.192468
0.344525
0.736828
0.054908
0.408415
0.745037
0.300104
0.428117
0.412249
0.953126
0.275869
0.368794
0.429414
0.517038
0.718808
0.757017
0.200124
0.506682
0.956355
0.972155
0.923858
0.614106
0.80955
0.536305
0.924529
0.093569
0.749178
0.998082
0.239491
0.235348
0.931868
0.025325
0.392403
0.442124
0.13144
0.545488
0.510496
0.844266
0.866933
0.699219
0.803384
0.516667
0.768159
0.732133
0.983392
0.24956
0.307671
0.946121
0.659602
0.019198
0.251185
0.348717
0.12019
0.394613
0.804552
0.377862
0.85698
0.549076
0.072292
0.94907
0.862868
0.263519
0.420836
0.320614
0.453881
0.216556
0.191665
0.088123
0.191704
0.691365
0.131954
0.215198
0.520134
0.598498
0.455917
0.475609
0.024109
0.852603
0.823177
0.072412
0.816429
0.923895
0.137
0.96584
0.033753
0.823275
0.100561
0.000479
0.404117
0.85511
0.757217
0.475243
0.771484
0.382989
0.776984
0.989431
0.069603
0.462787
0.655642
0.41515
0.359405
0.062064
0.070613
0.986454
0.169997
0.658566
0.690453
0.293298
0.675207
0.279709
0.888241
0.972138
0.976574
0.308275
0.154102
0.27254
0.246593
0.207033
0.141166
0.97724
0.642683
0.029397
0.945392
0.021849
0.306935
0.548715
0.904406
0.283962
0.643815
0.9829
0.124271
0.925045
0.661789
0.999102
0.996341
0.090529
0.681838
0.210711
0.579381
0.310375
0.519849
0.272328
0.210724
0.389738
0.393552
0.598291
0.050375
0.125036
0.460985
0.482556
0.010532
0.470727
0.028099
0.135768
0.410407
0.105053
0.920217
0.75637
0.393044
0.083745
0.211668
0.621059
0.388855
0.180853
0.717433
0.652447
0.410299
0.593341
0.190257
0.21402
0.402465
0.582802
0.174907
0.286542
0.797636
0.830579
0.351905
0.381031
0.683547
0.077943
0.296438
0.657823
0.832827
0.026626
0.06693
0.701533
0.232376
0.43233
0.53293
0.544561
0.436941
0.226213
0.570442
0.535755
0.050907
0.596002
0.55938
0.202393
0.020967
0.156096
0.088567
0.360482
0.169336
0.240986
0.898103
0.834722
0.988138
0.270494
0.080302
0.021291
0.010077
0.464183
0.748234
0.748851
0.948215
0.522222
0.616699
0.592034
0.208233
0.400577
0.842466
0.593178
0.065264
0.195703
0.191952
0.961709
0.116814
0.248228
0.351373
0.748808
0.263368
0.030154
0.569362
0.204943
0.560126
0.105002
0.788565
0.348106
0.140439
0.55914
0.245605
0.002587
0.327519
0.5578
0.134431
0.870361
0.00055
0.172502
0.382881
0.977564
0.747891
0.697337
0.488221
0.121321
0.758832
0.203838
0.73777
0.059533
0.687364
0.488068
0.405881
0.420352
0.723201
0.351425
0.373134
0.394922
0.226259
0.663743
0.916432
0.592392
0.839304
0.741974
0.303755
0.084215
0.204551
0.448074
0.958755
0.895676
0.415254
0.467538
0.912506
0.035172
0.899066
0.993508
0.972292
0.252357
0.392445
0.076241
0.251442
0.316784
0.574638
0.052763
0.112529
0.232616
0.111127
0.479141
0.764147
0.18384
0.228496
0.150289
0.645357
0.086669
0.568736
0.443599
0.371473
0.55709
0.821931
0.358739
0.701043
0.622547
0.947974
0.217849
0.901517
0.124578
0.558247
0.687086
0.712407
0.784281
0.463306
0.495807
0.349827
0.69122
0.392543
0.413838
0.686856
0.262014
0.324983
0.112025
0.863891
0.700218
0.970068
0.030186
0.340423
0.990244
0.69777
0.701612
0.926749
0.849025
0.516595
0.698373
0.157711
0.705796
0.783447
0.551133
0.973249
0.778781
0.928384
0.17122
0.11288
0.389979
0.51421
0.29911
0.144293
0.970604
0.448093
0.888932
0.611623
0.047643
0.076043
0.661186
0.82848
0.975631
0.496505
0.304999
0.275008
0.558299
0.517286
0.313155
0.060802
0.789354
0.794929
0.882041
0.336701
0.464395
0.373402
0.892758
0.998908
0.105549
0.902728
0.515557
0.209716
0.97994
0.138862
0.929984
0.872225
0.677061
0.401665
0.866447
0.755882
0.07235
0.279228
0.999618
0.286492
0.76395
0.752011
0.058083
0.722938
0.469749
0.4389
0.693603
0.680213
0.433129
0.664096
0.976075
0.818634
0.664991
0.624551
0.524436
0.116514
0.747895
0.47262
0.909832
0.921725
0.58014
0.8208
0.551359
0.235192
0.388393
0.118329
0.543165
0.881212
0.472624
0.147636
0.414395
0.530392
0.571017
0.26221
0.439275
0.61754
0.209491
0.312794
0.255825
0.566602
0.017373
0.013291
0.066928
0.915318
0.856149
0.491004
0.269105
0.385823
0.372004
0.028913
0.093249
0.637738
0.726154
0.055268
0.79521
0.839571
0.188179
0.976238
0.878288
0.866893
0.967394
0.855063
0.896526
0.116514
0.083066
0.298292
0.059558
0.743447
0.016279
0.249593
0.690404
0.725994
0.876429
0.984453
0.149492
0.471478
0.731707
0.88942
0.930086
0.157264
0.013893
0.220058
0.78354
0.267715
0.768648
0.864826
0.488862
0.494488
0.283613
0.21047
0.367986
0.523808
0.672024
0.161022
0.194003
0.201539
0.494472
0.402257
0.531374
0.795717
0.434883
0.724187
0.995664
0.668258
0.592229
0.821031
0.714364
0.603619
0.788559
0.337299
0.436004
0.242813
0.121833
0.000902
0.867138
0.392921
0.635537
0.660871
0.203779
0.519916
0.012657
0.649959
0.746203
0.745024
0.528543
0.617865
0.647349
0.488103
0.109375
0.298539
0.651463
0.587426
0.502269
0.229934
0.63759
0.744187
0.92993
0.40446
0.708308
0.406
0.919503
0.490757
0.687932
0.964725
0.585498
0.167636
0.043913
0.759115
0.281057
0.442801
0.63572
0.952586
0.986777
0.854228
0.863759
0.795203
0.797314
0.444284
0.092758
0.924508
0.011574
0.247332
0.771958
0.643901
0.448114
0.686424
0.509766
0.883407
0.392948
0.481155
0.432444
0.064443
0.327214
0.338787
0.105985
0.479108
0.769101
0.402507
0.514349
0.209342
0.917091
0.443693
0.566721
0.344703
0.94264
0.880184
0.055864
0.591045
0.876076
0.841421
0.791506
0.911763
0.20448
0.44363
0.883528
0.665138
0.529679
0.281674
0.235752
0.128969
0.153437
0.478127
0.479851
0.158245
0.741209
0.899404
0.303387
0.512423
0.700303
0.518717
0.662186
0.85964
0.069823
0.83758
0.39275
0.135891
0.652482
0.674205
0.091964
0.408403
0.032306
0.626132
0.733425
0.637825
0.248678
0.26138
0.153956
0.382734
0.121359
0.595368
0.624235
0.960914
0.34402
0.215009
0.487564
0.345084
0.547868
0.829235
0.067885
0.80147
0.32355
0.382844
0.547442
0.236734
0.194118
0.229176
0.183141
0.391115
0.788442
0.496435
0.534725
0.180552
0.817143
0.137587
0.26383
0.157
0.417173
0.053876
0.629189
0.219748
0.736971
0.738831
0.60276
0.157885
0.570806
0.799032
0.055653
0.890454
0.721595
0.643371
0.510481
0.063434
0.165397
0.5853
0.362539
0.163802
0.10237
0.252039
0.159887
0.129727
0.325557
0.726467
0.209994
0.634152
0.403665
0.183378
0.225149
0.376557
0.984407
0.702611
0.858387
0.330219
0.62116
0.357797
0.672473
0.900714
0.306628
0.110942
0.094894
0.654021
0.401503
0.075456
0.718483
0.634369
0.075704
0.671106
0.508674
0.778386
0.890727
0.435968
0.121024
0.04264
0.286071
0.374906
0.391339
0.736271
0.287451
0.030962
0.906564
0.689856
0.152349
0.467146
0.437804
0.917198
0.063729
0.045205
0.724108
0.53427
0.440666
0.96967
0.655378
0.050963
0.281668
0.687212
0.730799
0.088719
0.256578
0.331121
0.769746
0.526593
0.982238
0.90827
0.766635
0.962719
0.631432
0.044755
0.97304
0.437563
0.303945
0.950199
0.596887
0.941536
0.195976
0.874142
0.239133
0.039464
0.442124
0.34512
0.343787
0.439977
0.143767
0.960093
0.339584
0.091008
0.116931
0.898381
0.015585
0.046199
0.124079
0.952922
0.00386
0.590548
0.24936
0.943238
0.746012
0.927918
0.360973
0.848962
0.368603
0.589161
0.57642
0.875289
0.284625
0.653292
0.94601
0.013471
0.107741
0.830481
0.840731
0.446612
0.26176
0.63951
0.637507
0.479094
0.333792
0.470131
0.504121
0.279406
0.974976
0.432618
0.415494
0.262022
0.453719
0.919769
0.268208
0.2613
0.652718
0.765269
0.143111
0.486415
0.594671
0.822377
0.666091
0.396305
0.681098
0.154094
0.624724
0.40797
0.066283
0.930372
0.444375
0.3393
0.604247
0.347339
0.804553
0.735721
0.502024
0.350638
0.581005
0.729177
0.912149
0.788405
0.630954
0.7014
0.116419
0.646035
0.495124
0.16121
0.141671
0.871744
0.150072
0.970341
0.334269
0.727649
0.753902
0.236773
0.935699
0.020974
0.333937
0.062374
0.432077
0.395476
0.281621
0.329435
0.179493
0.740875
0.841594
0.085454
0.283312
0.281846
0.341859
0.491618
0.639277
0.364634
0.422324
0.983369
0.842744
0.762456
0.100235
0.800472
0.524246
0.743358
0.073167
0.321564
0.168622
0.906578
0.921703
0.176192
0.268497
0.902869
0.509308
0.232454
0.696702
0.46824
0.383102
0.941122
0.171762
0.850785
0.943601
0.307489
0.228925
0.975701
0.617014
0.554574
0.449621
0.47673
0.434483
0.553721
0.888895
0.44357
0.535742
0.163419
0.911632
0.013842
0.752841
0.260314
0.210451
0.850858
0.604733
0.620131
0.713996
0.448556
0.131283
0.716329
0.60376
0.121268
0.644758
0.283632
0.221945
0.515517
0.264372
0.101699
0.114822
0.336267
0.377401
0.279046
0.970679
0.395902
0.082251
0.181282
0.948531
0.0129
0.916203
0.483301
0.805442
0.50209
0.364216
0.182921
0.992992
0.115607
0.204869
0.805776
0.700969
0.84664
0.918906
0.404576
0.85087
0.194533
0.911566
0.375567
0.366266
0.923239
0.567629
0.201548
0.746983
0.316526
0.248367
0.504005
0.702423
0.213152
0.369547
0.6431
0.869825
0.92048
0.581004
0.394406
0.588693
0.133051
0.15176
0.524384
0.832579
0.498278
0.264802
0.807931
0.853167
0.957286
0.00824
0.098082
0.226463
0.186551
0.658407
0.478024
0.968193
0.503752
0.508582
0.949857
0.394208
0.216541
0.645036
0.953545
0.428975
0.367463
0.572977
0.476237
0.438603
0.53324
0.209316
0.33389
0.89378
0.040791
0.220278
0.171407
0.789597
0.49687
0.556059
0.800958
0.816014
0.194313
0.006558
0.49886
0.366203
0.327069
0.163861
0.957769
0.1889
0.577153
0.97005
0.239097
0.987903
0.831449
0.433108
0.011457
0.302041
0.857903
0.748969
0.381077
0.326207
0.796923
0.216501
0.974132
0.393392
0.053932
0.243198
0.851056
0.101533
0.533397
0.31291
0.182987
0.205247
0.393753
0.08764
0.866333
0.167289
0.450554
0.01092
0.867766
0.567548
0.992768
0.214748
0.508767
0.627946
0.172587
0.450547
0.176916
0.976283
0.970252
0.352682
0.368149
0.767799
0.819274
0.666797
0.166594
0.414415
0.709421
0.061707
0.79531
0.116122
0.060923
0.981411
0.202138
0.575767
0.690679
0.492574
0.970752
0.246028
0.969178
0.26145
0.659597
0.702557
0.182172
0.866647
0.387066
0.740759
0.6929
0.486264
0.381482
0.81294
0.315582
0.517706
0.653514
0.234497
0.400525
0.285823
0.493128
0.918407
0.825431
0.608682
0.544905
0.978867
0.778
0.189463
0.397961
0.932243
0.561831
0.151231
0.441809
0.252116
0.710147
0.742316
0.549169
0.054569
0.294067
0.642439
0.572391
0.027827
0.75828
0.535195
0.874678
0.41593
0.251892
0.1706
0.231939
0.544121
0.777287
0.224022
0.776703
0.334266
0.385585
0.817023
0.61308
0.404444
0.450155
0.029381
0.998562
0.664294
0.907845
0.80424
0.020621
0.283662
0.503034
0.701475
0.304103
0.679434
0.692521
0.820687
0.632188
0.618954
0.748993
0.823709
0.111681
0.897639
0.936067
0.491514
0.60908
0.748669
0.146557
0.950269
0.898458
0.906202
0.535123
0.914065
0.821756
0.737
0.160328
0.275187
0.504287
0.514421
0.585704
0.272032
0.519421
0.378053
0.828826
0.819
0.279296
0.098779
0.769507
0.681151
0.470399
0.338454
0.876349
0.550087
0.255067
0.388428
0.389395
0.402188
0.607035
0.86908
0.062939
0.926402
0.389084
0.983353
0.137726
0.755597
0.041441
0.200712
0.125796
0.515937
0.967317
0.910448
0.927133
0.740268
0.675005
0.27639
0.517152
0.348848
0.124875
0.927775
0.127938
0.406143
0.044095
0.693305
0.92808
0.18498
0.532505
0.365362
0.571097
0.330227
0.2747
0.902785
0.268236
0.53118
0.286835
0.438615
0.522194
0.139208
0.397309
0.858961
0.197858
0.975928
0.367829
0.688667
0.850267
0.186598
0.080835
0.889952
0.692461
0.833131
0.145965
0.605412
0.621756
0.617004
0.327998
0.109126
0.280827
0.250403
0.871888
0.94012
0.717434
0.280924
0.918051
0.880201
0.481381
0.157609
0.926248
0.922293
0.533581
0.074333
0.627659
0.390563
0.013162
0.982227
0.666467
0.853179
0.895961
0.384117
0.142803
0.356489
0.97667
0.432113
0.509638
0.56457
0.877569
0.351034
0.284532
0.143231
0.314845
0.225069
0.047228
0.668351
0.914906
0.856037
0.655889
0.081063
0.788017
0.774858
0.703842
0.124772
0.45765
0.571604
0.52352
0.011241
0.789428
0.329571
0.105336
0.104857
0.635506
0.417138
0.681968
0.703734
0.893293
0.715615
0.873716
0.257317
0.410553
0.413613
0.888384
0.279406
0.187241
0.588433
0.964435
0.063897
0.556873
0.114935
0.901146
0.655995
0.868087
0.24393
0.947421
0.403128
0.973774
0.212126
0.293297
0.503788
0.906963
0.837475
0.944321
0.862017
0.749772
0.179839
0.765083
0.525054
0.433364
0.327173
0.628526
0.533107
0.456832
0.366518
0.888439
0.156709
0.115778
0.85821
0.098424
0.545779
0.540894
0.358249
0.589324
0.988671
0.082918
0.241245
0.778947
0.646942
0.730014
0.608714
0.95962
0.881781
0.477414
0.38611
0.622582
0.776336
0.767594
0.812231
0.4394
0.898341
0.19879
0.961698
0.866557
0.381619
0.13927
0.364135
0.460659
0.639935
0.658388
0.901494
0.12758
0.442158
0.797697
0.706764
0.086688
0.122161
0.561225
0.380359
0.659211
0.304845
0.566241
0.251907
0.503685
0.945942
0.101655
0.828138
0.499152
0.043184
0.328943
0.02693
0.454475
0.158901
0.043682
0.098949
0.673898
0.118741
0.302123
0.112344
0.36391
0.733935
0.192104
0.134944
0.055633
0.339566
0.305802
0.588502
0.926763
0.438516
0.895819
0.886913
0.004903
0.995508
0.822498
0.960165
0.913894
0.451994
0.96102
0.141713
0.297428
0.153513
0.471563
0.215859
0.142917
0.29937
0.694681
0.614812
0.598699
0.551154
0.686467
0.977559
0.255697
0.116197
0.39573
0.044259
0.565559
0.369632
0.094078
0.252852
0.020986
0.600576
0.825459
0.267966
0.86057
0.314011
0.733591
0.744967
0.087597
0.749912
0.110233
0.965538
0.189645
0.611581
0.408285
0.340422
0.144603
0.277051
0.983696
0.969977
0.776093
0.230901
0.132236
0.633423
0.163908
0.132887
0.328685
0.262798
0.336644
0.796254
0.979495
0.144177
0.274806
0.807666
0.108764
0.325475
0.721461
0.04316
0.215339
0.098392
0.694935
0.396553
0.017256
0.883093
0.881502
0.624607
0.460873
0.851673
0.280591
0.948115
0.519838
0.928467
0.721764
0.552089
0.406554
0.789246
0.339153
0.86042
0.862985
0.668024
0.651522
0.210157
0.46733
0.236412
0.237375
0.047376
0.57919
0.681772
0.849663
0.675232
0.214033
0.423163
0.355556
0.849819
0.0459
0.380926
0.298362
0.366446
0.419749
0.792466
0.298563
0.050267
0.133637
0.799459
0.232977
0.670667
0.557194
0.396294
0.577376
0.508382
0.310782
0.951895
0.785318
0.671746
0.930358
0.873676
0.010088
0.144033
0.262777
0.035697
0.664121
0.568109
0.169706
0.65057
0.377712
0.811693
0.014554
0.190038
0.459041
0.45085
0.757336
0.186514
0.738661
0.083056
0.416445
0.954183
0.797251
0.354391
0.816116
0.633063
0.842206
0.948525
0.212159
0.615775
0.811136
0.520835
0.761196
0.191343
0.828175
0.018922
0.219458
0.141202
0.170857
0.517135
0.079054
0.256338
0.936476
0.816331
0.548456
0.789516
0.17414
0.020784
0.06333
0.336612
0.490305
0.506171
0.070696
0.116461
0.858052
0.066736
0.407052
0.537424
0.011111
0.676491
0.724103
0.560459
0.376764
0.869537
0.002576
0.771043
0.392609
0.59867
0.728249
0.810951
0.149516
0.156332
0.371718
0.206658
0.998369
0.932552
0.362182
0.654463
0.296603
0.203012
0.588032
0.631504
0.284071
0.039757
0.320592
0.541997
0.807904
0.129798
0.935132
0.328136
0.643409
0.654773
0.943666
0.247636
0.822688
0.261153
0.37515
0.52229
0.611217
0.985497
0.065186
0.183594
0.011183
0.431806
0.327989
0.976313
0.253677
0.32287
0.021267
0.214591
0.945207
0.868486
0.131272
0.027991
0.092777
0.456698
0.7776
0.24838
0.612623
0.795607
0.068099
0.714113
0.104901
0.982875
0.962386
0.08666
0.104062
0.16916
0.556607
0.919811
0.992006
0.058166
0.274247
0.40647
0.711616
0.314155
0.264799
0.105507
0.444254
0.334006
0.507086
0.243408
0.969738
0.479596
0.704784
0.719006
0.929444
0.831811
0.018874
0.853171
0.023836
0.457278
0.863105
0.250648
0.150521
0.553382
0.812961
0.366268
0.75704
0.563249
0.011139
0.119805
0.770454
0.183046
0.888896
0.745919
0.38631
0.870276
0.362842
0.956818
0.15865
0.607104
0.853649
0.955338
0.035459
0.268266
0.352117
0.871263
0.080748
0.018283
0.68169
0.26905
0.967485
0.82709
0.406705
0.649248
0.304924
0.266194
0.626488
0.775539
0.082137
0.270003
0.201175
0.991362
0.101469
0.110445
0.679444
0.534677
0.556818
0.150447
0.293263
0.089842
0.861796
0.83645
0.777003
0.007653
0.765221
0.873125
0.197028
0.39765
0.275158
0.025497
0.392865
0.933332
0.100987
0.198417
0.239478
0.598246
0.715274
0.445911
0.420152
0.436733
0.251343
0.339451
0.645696
0.851753
0.599492
0.385219
0.900563
0.357117
0.764723
0.740765
0.461888
0.32384
0.306443
0.645903
0.101426
0.775869
0.227362
0.415776
0.76109
0.592861
0.262685
0.846264
0.101618
0.530078
0.426461
0.508457
0.565732
0.928075
0.851771
0.430387
0.752214
0.728217
0.921028
0.352573
0.406248
0.632301
0.83657
0.203564
0.835313
0.773982
0.777619
0.679216
0.677789
0.586836
0.944391
0.758355
0.18117
0.665873
0.740567
0.914505
0.278682
0.83322
0.039231
0.196741
0.826927
0.871981
0.476417
0.937593
0.37393
0.43461
0.837113
0.739821
0.612608
0.60431
0.775399
0.764137
0.116312
0.500638
0.131538
0.318982
0.138244
0.000173
0.067133
0.255917
0.164736
0.551528
0.052062
0.264177
0.935659
0.851349
0.972934
0.446044
0.828802
0.750788
0.661035
0.266832
0.222086
0.49262
0.621485
0.219273
0.078624
0.050037
0.300367
0.760936
0.270393
0.463232
0.023138
0.572736
0.264171
0.768414
0.532615
0.156469
0.723359
0.759741
0.184306
0.669981
0.79966
0.725124
0.705389
0.507667
0.58683
0.956345
0.598313
0.538364
0.71797
0.774114
0.185202
0.107761
0.791565
0.952911
0.090106
0.097299
0.541954
0.103043
0.333542
0.786437
0.562617
0.290539
0.825299
0.712018
0.718952
0.020613
0.359973
0.988451
0.659336
0.598391
0.746253
0.002991
0.398322
0.488114
0.568648
0.30897
0.039967
0.537227
0.222681
0.572467
0.824106
0.561857
0.881192
0.131404
0.190531
0.002866
0.596894
0.395103
0.438876
0.86626
0.639957
0.983171
0.300252
0.13873
0.553456
0.888344
0.137863
0.280233
0.896209
0.247373
0.38967
0.401679
0.71545
0.026669
0.524192
0.294017
0.05478
0.288489
0.487463
0.049318
0.773778
0.526359
0.765034
0.893869
0.409689
0.079841
0.845524
0.633591
0.197718
0.164372
0.42103
0.342325
0.681389
0.684243
0.30978
0.592494
0.591548
0.13901
0.51988
0.75895
0.92781
0.383087
0.744802
0.716758
0.562133
0.863849
0.857941
0.153999
0.094757
0.97693
0.716712
0.624854
0.057059
0.997058
0.549808
0.063641
0.403387
0.379687
0.474325
0.80438
0.255806
0.709644
0.161248
0.99381
0.160713
0.264376
0.538908
0.767861
0.968479
0.759531
0.172858
0.793232
0.33871
0.067269
0.9513
0.488187
0.488729
0.380355
0.853536
0.231666
0.742618
0.260278
0.516587
0.410859
0.321012
0.415447
0.801188
0.919683
0.667394
0.068305
0.073121
0.649436
0.815376
0.234512
0.96777
0.653677
0.925807
0.047976
0.75114
0.840086
0.096779
0.743846
0.745164
0.688552
0.338579
0.6841
0.693731
0.43323
0.137017
0.636603
0.437312
0.669141
0.426662
0.116074
0.106337
0.658004
0.8766
0.573061
0.266724
0.989762
0.986419
0.755528
0.508198
0.93709
0.84799
0.866809
0.900661
0.950052
0.939872
0.779723
0.785903
0.474418
0.190044
0.938747
0.031269
0.821198
0.215648
0.036093
0.686005
0.534437
0.33214
0.97522
0.953577
0.423178
0.138368
0.117978
0.596089
0.362715
0.437398
0.918509
0.479348
0.013696
0.710042
0.202154
0.948615
0.541971
0.583179
0.883156
0.817367
0.641297
0.601936
0.568597
0.204802
0.15586
0.87853
0.512228
0.314823
0.033892
0.844908
0.85756
0.962461
0.3966
0.904883
0.247459
0.029887
0.3303
0.797185
0.813592
0.898858
0.570581
0.167545
0.73123
0.381463
0.87469
0.671708
0.617566
0.716531
0.784141
0.147198
0.68683
0.601195
0.103462
0.401941
0.209224
0.161381
0.419582
0.939517
0.110384
0.037677
0.047342
0.254319
0.56428
0.421493
0.660441
0.313244
0.432465
0.257468
0.175951
0.539026
0.570109
0.937177
0.526945
0.24825
0.086318
0.50608
0.591513
0.583643
0.570746
0.793635
0.854613
0.191336
0.701537
0.341413
0.692229
0.263877
0.524267
0.877062
0.642035
0.117145
0.320766
0.858288
0.817153
0.065014
0.518026
0.825176
0.146371
0.988973
0.98142
0.599861
0.742637
0.705977
0.936564
0.548216
0.443663
0.411343
0.988167
0.735006
0.793683
0.538447
0.393427
0.918161
0.500985
0.854197
0.220425
0.621924
0.144539
0.345956
0.546551
0.437017
0.487632
0.223473
0.619868
0.728686
0.907327
0.97712
0.85302
0.273795
0.158886
0.206304
0.656382
0.183392
0.16954
0.729466
0.064638
0.126956
0.111817
0.16822
0.565289
0.07846
0.735132
0.670821
0.336114
0.526227
0.380296
0.756827
0.706829
0.306786
0.027458
0.412392
0.011984
0.860366
0.848024
0.115072
0.239991
0.222682
0.913099
0.079004
0.938841
0.691638
0.927392
0.330397
0.674437
0.821984
0.111782
0.58692
0.570388
0.635117
0.537176
0.366187
0.313371
0.231457
0.772282
0.653882
0.156271
0.812452
0.849254
0.888249
0.791738
0.437778
0.089551
0.308515
0.519484
0.474005
0.790202
0.45709
0.499288
0.643443
0.969392
0.138946
0.707426
0.129465
0.007422
0.101034
0.617111
0.956863
0.801083
0.890662
0.741243
0.284178
0.725845
0.137316
0.02712
0.731725
0.084082
0.173792
0.144112
0.913551
0.341768
0.361943
0.484981
0.364543
0.265662
0.064938
0.825176
0.088449
0.814204
0.176454
0.139466
0.120884
0.999848
0.633418
0.002719
0.055142
0.846844
0.788061
0.724967
0.484588
0.714913
0.469602
0.954831
0.690134
0.470644
0.340249
0.497452
0.367314
0.085881
0.986451
0.196896
0.60701
0.946091
0.252534
0.621205
0.679179
0.158427
0.407398
0.430208
0.021814
0.235468
0.287278
0.862549
0.633208
0.093101
0.855319
0.218915
0.109099
0.695762
0.539845
0.413836
0.720587
0.35327
0.022009
0.691983
0.03945
0.555557
0.552216
0.250973
0.547546
0.192308
0.257318
0.175441
0.611748
0.441345
0.369528
0.248024
0.394367
0.471249
0.507839
0.15164
0.148918
0.088889
0.871011
0.760852
0.379393
0.229743
0.341704
0.311439
0.06497
0.839877
0.532897
0.214105
0.496605
0.785376
0.421185
0.968993
0.870669
0.426617
0.432624
0.723588
0.081515
0.39627
0.42745
0.878375
0.912396
0.830105
0.420169
0.199677
0.231063
0.652114
0.629659
0.791355
0.860504
0.372853
0.010566
0.157762
0.08762
0.548828
0.87123
0.923361
0.62299
0.146087
0.280356
0.277474
0.352622
0.66694
0.552849
0.77127
0.592274
0.86921
0.533249
0.311041
0.617873
0.405603
0.303387
0.708569
0.383555
0.767709
0.335542
0.463504
0.126139
0.971377
0.586949
0.772612
0.453142
0.311673
0.324774
0.946731
0.006891
0.230356
0.405139
0.573053
0.501337
0.779448
0.382513
0.004289
0.948904
0.932789
0.450262
0.560867
0.384005
0.21082
0.362197
0.757807
0.39026
0.130557
0.189652
0.021396
0.941493
0.441003
0.251825
0.393766
0.881155
0.917291
0.926783
0.951866
0.351582
0.179347
0.150469
0.157424
0.427629
0.085188
0.010207
0.668051
0.52911
0.757533
0.102503
0.008352
0.98902
0.687239
0.540511
0.163942
0.067998
0.892103
0.667381
0.533412
0.464646
0.371161
0.058735
0.700197
0.735867
0.25836
0.325079
0.823686
0.95699
0.755409
0.859377
0.694436
0.908515
0.119184
0.245505
0.144652
0.122138
0.026755
0.598952
0.787008
0.379986
0.994727
0.129534
0.142123
0.89898
0.097652
0.523113
0.31284
0.606559
0.262426
0.947178
0.872443
0.113102
0.484725
0.389752
0.421423
0.308901
0.417086
0.366882
0.897105
0.557429
0.659118
0.914602
0.362239
0.043109
0.155173
0.207805
0.222339
0.154474
0.37441
0.837391
0.580578
0.989802
0.634497
0.364823
0.523967
0.238915
0.36375
0.05368
0.326924
0.399053
0.574368
0.478711
0.922891
0.523158
0.859466
0.796607
0.965992
0.89498
0.0764
0.517699
0.075814
0.269576
0.969484
0.50778
0.681567
0.027588
0.234371
0.785304
0.200946
0.129239
0.401602
0.363162
0.647611
0.122583
0.117147
0.608846
0.842977
0.986491
0.71367
0.855985
0.623984
0.00538
0.694405
0.49088
0.846831
0.753647
0.135991
0.460155
0.657669
0.044309
0.551202
0.658447
0.171816
0.180847
0.982378
0.27738
0.193986
0.190681
0.37709
0.850598
0.025774
0.132585
0.308322
0.2381
0.242679
0.974202
0.318392
0.307319
0.66755
0.400046
0.280465
0.386656
0.320125
0.5974
0.726879
0.420248
0.272887
0.157564
0.625659
0.531797
0.455801
0.654855
0.627288
0.686596
0.297333
0.773814
0.632431
0.830275
0.006457
0.183197
0.260132
0.582842
0.730042
0.098029
0.456584
0.287561
0.688887
0.563562
0.096873
0.772489
0.405599
0.359431
0.141467
0.963908
0.72219
0.019711
0.770581
0.797884
0.428062
0.165706
0.535661
0.356469
0.148931
0.068466
0.3252
0.479571
0.563782
0.804264
0.357171
0.118481
0.102008
0.305112
0.613742
0.031164
0.806114
0.217462
0.284751
0.779155
0.308991
0.837276
0.912767
0.264858
0.977939
0.121697
0.581039
0.754302
0.83842
0.831992
0.490101
0.170004
0.76304
0.756006
0.661962
0.018101
0.106462
0.069145
0.64061
0.210597
0.979134
0.899182
0.045355
0.304643
0.273809
0.228703
0.414961
0.138414
0.360936
0.969545
0.34916
0.603097
0.085202
0.522388
0.605476
0.59361
0.03563
0.692159
0.513101
0.81497
0.7638
0.647172
0.106944
0.871789
0.375062
0.143157
0.373163
0.751414
0.980791
0.61782
0.456435
0.230972
0.951754
0.917117
0.948291
0.848224
0.955007
0.907552
0.47296
0.712223
0.11491
0.82908
0.231547
0.119685
0.341383
0.898238
0.055578
0.931327
0.862067
0.239221
0.525933
0.875159
0.237347
0.75633
0.727693
0.557178
0.868697
0.719123
0.835867
0.975859
0.230591
0.128839
0.460823
0.665383
0.559851
0.315281
0.701977
0.7535
0.315768
0.533968
0.770578
0.004212
0.284135
0.112008
0.447277
0.837341
0.596279
0.445981
0.120371
0.9688
0.485595
0.003568
0.94343
0.107642
0.801195
0.923839
0.945267
0.458962
0.09094
0.850935
0.42241
0.461716
0.587849
0.524164
0.231459
0.088221
0.693664
0.238006
0.268676
0.200801
0.006605
0.595653
0.374483
0.936391
0.074627
0.66741
0.832887
0.939348
0.703992
0.842429
0.843095
0.822151
0.639061
0.531976
0.843407
0.61121
0.498876
0.35432
0.949197
0.090373
0.006854
0.817085
0.759538
0.260015
0.153393
0.554455
0.214176
0.994163
0.601393
0.125956
0.522202
0.639445
0.617688
0.252919
0.84637
0.413588
0.294259
0.78155
0.571685
0.681464
0.742966
0.805281
0.398102
0.559954
0.524724
0.655576
0.077635
0.201154
0.906098
0.370797
0.110807
0.27731
0.757518
0.444302
0.518312
0.827148
0.124377
0.804368
0.416931
0.820255
0.851668
0.739552
0.82817
0.309359
0.242533
0.890697
0.97578
0.307404
0.125972
0.966377
0.998888
0.422506
0.589938
0.854614
0.585548
0.153854
0.837158
0.78972
0.378302
0.128247
0.964816
0.064845
0.439469
0.918379
0.653759
0.186231
0.199644
0.890087
0.099502
0.521117
0.629701
0.249702
0.139175
0.515291
0.944153
0.315797
0.910058
0.838142
0.75658
0.0181
0.265887
0.022003
0.185448
0.261035
0.526052
0.49622
0.397607
0.465882
0.174673
0.401319
0.164359
0.064482
0.413866
0.092189
0.013312
0.473818
0.831215
0.617899
0.821894
0.889331
0.04318
0.311804
0.650459
0.277251
0.857764
0.054353
0.557714
0.556523
0.335427
0.105527
0.814764
0.498681
0.776374
0.543414
0.619869
0.246341
0.862024
0.758712
0.307188
0.306739
0.263137
0.980673
0.373669
0.870973
0.544165
0.830488
0.724715
0.220718
0.235172
0.606377
0.559818
0.587581
0.692553
0.705486
0.406106
0.466084
0.947426
0.952391
0.286016
0.804415
0.896596
0.761126
0.877275
0.318575
0.840824
0.5295
0.600046
0.020235
0.70443
0.163509
0.109865
0.466942
0.834545
0.129874
0.255116
0.033364
0.913468
0.34982
0.952365
0.822607
0.295345
0.188372
0.658762
0.149939
0.015185
0.658554
0.391809
0.275891
0.797656
0.987523
0.592033
0.111341
0.854499
0.926796
0.871489
0.610515
0.16448
0.983074
0.787233
0.221247
0.464152
0.875395
0.389028
0.951745
0.147412
0.408406
0.355026
0.498292
0.922468
0.631944
0.352612
0.157017
0.838549
0.2826
0.188239
0.797839
0.147117
0.443166
0.983631
0.659434
0.962699
0.96946
0.742067
0.822915
0.940378
0.355218
0.091712
0.377565
0.84407
0.64005
0.998769
0.048691
0.471434
0.335214
0.210658
0.608791
0.64048
0.92713
0.583129
0.969396
0.710886
0.769085
0.126174
0.031849
0.825715
0.08333
0.268685
0.867414
0.771666
0.424584
0.324655
0.875565
0.861721
0.400014
0.461687
0.179592
0.418097
0.95121
0.395492
0.427363
0.613007
0.897137
0.011156
0.269794
0.832281
0.945302
0.315935
0.234461
0.178093
0.154262
0.290333
0.029572
0.42319
0.389995
0.470375
0.094556
0.264926
0.868684
0.67181
0.41404
0.301368
0.072618
0.603464
0.431601
0.161517
0.309176
0.053086
0.834301
0.279097
0.828993
0.457588
0.111293
0.851772
0.697303
0.207803
0.154067
0.888916
0.423468
0.84668
0.130633
0.658449
0.420611
0.992739
0.157403
0.904596
0.195469
0.132826
0.056624
0.804165
0.165385
0.788395
0.777501
0.772855
0.770757
0.830395
0.721559
0.979507
0.574291
0.959235
0.709414
0.304114
0.182957
0.81142
0.210633
0.68011
0.554168
0.812672
0.802034
0.980515
0.260904
0.137614
0.380909
0.143671
0.147542
0.731776
0.647725
0.100022
0.416817
0.714704
0.083354
0.24512
0.836015
0.467585
0.190986
0.333178
0.394452
0.115937
0.443361
0.836222
0.869107
0.608478
0.094209
0.043156
0.026324
0.464614
0.011503
0.581984
0.603016
0.099078
0.269299
0.146008
0.731218
0.631424
0.154458
0.638477
0.963085
0.763714
0.457376
0.458928
0.442407
0.230984
0.104962
0.589963
0.09177
0.5697
0.615695
0.904769
0.206323
0.773531
0.689076
0.036551
0.571283
0.355625
0.671148
0.521243
0.391139
0.332158
0.2819
0.04452
0.181192
0.486686
0.434722
0.150268
0.709551
0.907045
0.855088
0.217362
0.165443
0.27702
0.27814
0.078983
0.496229
0.858063
0.437967
0.873369
0.025811
0.898423
0.172389
0.319588
0.25126
0.034477
0.81369
0.192659
0.791247
0.059401
0.535548
0.304838
0.314393
0.095527
0.709282
0.401256
0.358549
0.443893
0.037227
0.112448
0.518489
0.61502
0.760399
0.661875
0.898935
0.918351
0.038831
0.320014
0.283465
0.937462
0.341203
0.616883
0.464676
0.690684
0.050415
0.339731
0.301387
0.203229
0.34876
0.034993
0.785278
0.766411
0.208476
0.589706
0.766551
0.776155
0.729522
0.381494
0.243491
0.775909
0.525808
0.569845
0.204817
0.887681
0.417172
0.760182
0.351583
0.247967
0.056788
0.641013
0.158084
0.596395
0.003952
0.890253
0.667152
0.143535
0.979006
0.245798
0.912565
0.6794
0.808302
0.897192
0.779986
0.294434
0.9461
0.257387
0.873733
0.462493
0.665819
0.048518
0.557751
0.847846
0.661038
0.540989
0.723834
0.966862
0.786626
0.545045
0.873921
0.265619
0.300612
0.407883
0.070511
0.99536
0.153425
0.241571
0.896399
0.346446
0.742829
0.168095
0.511516
0.239096
0.423336
0.541188
0.194037
0.666927
0.31366
0.723855
0.762056
0.112602
0.582413
0.574974
0.455919
0.721074
0.308125
0.678069
0.669383
0.659621
0.814598
0.413525
0.998741
0.581322
0.550115
0.139342
0.996537
0.786414
0.466227
0.083335
0.849373
0.619066
0.978873
0.534177
0.796369
0.936996
0.160701
0.277503
0.656977
0.312703
0.824134
0.257268
0.260558
0.432155
0.348251
0.084842
0.846066
0.836133
0.518489
0.370542
0.481114
0.146261
0.340945
0.7477
0.611638
0.458522
0.909339
0.521923
0.319824
0.146175
0.22604
0.94407
0.831148
0.953428
0.2384
0.331971
0.589253
0.987531
0.655847
0.874814
0.263065
0.643013
0.816908
0.523562
0.326814
0.357221
0.556821
0.807404
0.944601
0.19892
0.156574
0.847743
0.140074
0.610745
0.864508
0.267258
0.079004
0.463113
0.14355
0.605304
0.361271
0.456944
0.532935
0.90156
0.772053
0.19995
0.623374
0.277056
0.752781
0.331315
0.404318
0.641977
0.319159
0.177085
0.321398
0.06263
0.14226
0.563822
0.90733
0.030778
0.639101
0.982367
0.425308
0.762132
0.669115
0.730483
0.284917
0.568288
0.184953
0.580719
0.013888
0.02886
0.262368
0.00402
0.150724
0.204711
0.718107
0.468421
0.346689
0.258638
0.670457
0.41119
0.594045
0.789659
0.497068
0.081225
0.789931
0.515453
0.736506
0.751988
0.745693
0.53731
0.895086
0.425521
0.837108
0.58913
0.742322
0.358291
0.816236
0.430063
0.041351
0.898799
0.396168
0.087017
0.512314
0.248183
0.443562
0.389371
0.915362
0.929606
0.99503
0.281357
0.48574
0.345901
0.274363
0.175096
0.551537
0.146155
0.044523
0.808836
0.868754
0.180737
0.236399
0.299101
0.879379
0.509228
0.428041
0.482257
0.372663
0.901671
0.277904
0.5638
0.292508
0.178902
0.858668
0.811974
0.23249
0.74661
0.980309
0.525811
0.620587
0.521462
0.055927
0.362412
0.291198
0.047183
0.268957
0.769689
0.187688
0.881348
0.813444
0.07637
0.234746
0.253102
0.030602
0.75655
0.430738
0.834873
0.070222
0.2818
0.742443
0.636484
0.103592
0.226255
0.047012
0.379154
0.816965
0.039027
0.076039
0.80946
0.040086
0.604742
0.070521
0.253968
0.418785
0.385483
0.898723
0.492171
0.270047
0.420253
0.988898
0.529902
0.451778
0.771143
0.279787
0.210699
0.866785
0.78674
0.544799
0.376199
0.542167
0.562057
0.587831
0.404777
0.128502
0.839942
0.43448
0.03214
0.805138
0.098298
0.423423
0.890517
0.994394
0.791822
0.552686
0.725012
0.662784
0.459619
0.731821
0.438641
0.455177
0.786626
0.939497
0.936254
0.94003
0.567808
0.410801
0.050604
0.005918
0.008229
0.711701
0.72464
0.881528
0.867199
0.123242
0.964366
0.75477
0.157696
0.617294
0.714944
0.706686
0.735288
0.417585
0.991272
0.135221
0.380194
0.774531
0.56645
0.295947
0.003677
0.006807
0.764762
0.384616
0.560365
0.055785
0.125717
0.115332
0.346795
0.167748
0.933476
0.168762
0.414743
0.243841
0.601923
0.389792
0.940152
0.1817
0.074259
0.140954
0.512794
0.408516
0.810307
0.726979
0.445496
0.99946
0.869658
0.094872
0.093761
0.605116
0.503594
0.117687
0.710849
0.772821
0.321627
0.863303
0.153051
0.660694
0.434275
0.924738
0.810026
0.798141
0.525147
0.483789
0.406717
0.398167
0.753354
0.751224
0.847156
0.841235
0.680094
0.319976
0.078274
0.717322
0.292327
0.831599
0.246924
0.367524
0.243816
0.427551
0.661666
0.366378
0.65742
0.435747
0.029173
0.642479
0.66523
0.889378
0.302078
0.290108
0.008747
0.788962
0.454158
0.748694
0.084115
0.322227
0.495159
0.064064
0.073012
0.238296
0.878733
0.148767
0.706408
0.068714
0.044331
0.418205
0.53992
0.445231
0.658286
0.591024
0.920474
0.028885
0.204348
0.343871
0.640171
0.023018
0.818759
0.417437
0.83676
0.04917
0.75038
0.364796
0.1411
0.703062
0.362306
0.507216
0.688367
0.232538
0.447689
0.383357
0.069482
0.557874
0.120315
0.718043
0.07544
0.391082
0.588309
0.450654
0.689142
0.584314
0.683621
0.189525
0.974416
0.192033
0.630372
0.773067
0.950573
0.761819
0.452101
0.650338
0.784391
0.862213
0.069972
0.776142
0.628579
0.443188
0.679209
0.30198
0.226583
0.990596
0.486853
0.520687
0.971815
0.256048
0.88959
0.354564
0.274931
0.245438
0.672235
0.071879
0.050142
0.619713
0.605462
0.9408
0.688792
0.943748
0.232959
0.591004
0.154592
0.749607
0.222099
0.578386
0.481099
0.515103
0.542464
0.45006
0.759596
0.927723
0.292789
0.785669
0.473981
0.303716
0.886443
0.997555
0.163338
0.613523
0.698564
0.961043
0.730281
0.128187
0.359117
0.427775
0.67514
0.540877
0.205297
0.631296
0.604346
0.408309
0.991734
0.559168
0.642246
0.834426
0.24431
0.696762
0.335467
0.666125
0.96189
0.453761
0.543076
0.541353
0.781943
0.010488
0.277533
0.189908
0.76898
0.923297
0.132917
0.728392
0.69149
0.55571
0.643491
0.297376
0.895752
0.334576
0.370899
0.382048
0.130969
0.12395
0.779892
0.028001
0.285043
0.351891
0.773999
0.663997
0.737017
0.205565
0.890954
0.575345
0.291454
0.028327
0.961297
0.860288
0.174172
0.592524
0.993952
0.576105
0.81453
0.550999
0.134744
0.22615
0.716186
0.877049
0.615197
0.071559
0.469434
0.539417
0.761572
0.667886
0.307126
0.798138
0.514919
0.904706
0.177156
0.06142
0.791624
0.078605
0.157806
0.724109
0.231094
0.278938
0.172761
0.771615
0.661623
0.08893
0.789667
0.402485
0.888316
0.402579
0.300928
0.903899
0.914411
0.857708
0.565644
0.618007
0.644477
0.332254
0.473693
0.938524
0.578082
0.836961
0.356368
0.021685
0.828871
0.934215
0.064798
0.460302
0.57142
0.862475
0.832706
0.019688
0.75541
0.960905
0.402208
0.669868
0.10045
0.947728
0.956089
0.398769
0.994469
0.478611
0.389309
0.688402
0.341003
0.707214
0.032427
0.032604
0.379322
0.618449
0.83834
0.538765
0.838442
0.983385
0.538729
0.691782
0.14263
0.787728
0.141153
0.157368
0.517553
0.815675
0.488238
0.856516
0.936336
0.760603
0.116006
0.934572
0.201241
0.744612
0.688349
0.002068
0.581292
0.744932
0.699828
0.421577
0.634878
0.574718
0.454167
0.014962
0.327013
0.839344
0.85385
0.549733
0.580422
0.433918
0.540043
0.553577
0.795477
0.332459
0.671434
0.13761
0.953155
0.65612
0.044955
0.890805
0.871942
0.29046
0.92557
0.554389
0.756485
0.092728
0.283451
0.622511
0.851923
0.555293
0.767847
0.748187
0.709472
0.246823
0.922692
0.410563
0.827082
0.511049
0.677013
0.39019
0.346106
0.409946
0.675747
0.956509
0.170126
0.166491
0.479611
0.623167
0.054863
0.752791
0.772406
0.197419
0.130651
0.29738
0.810289
0.030506
0.750687
0.098572
0.021385
0.511818
0.266058
0.105207
0.931844
0.103241
0.910611
0.180138
0.927133
0.050884
0.468328
0.239473
0.637343
0.736946
0.094464
0.365449
0.708748
0.611088
0.721604
0.737773
0.936838
0.855224
0.159491
0.304276
0.48659
0.296794
0.413251
0.957821
0.414226
0.432146
0.191035
0.892341
0.501043
0.086014
0.972054
0.622393
0.847441
0.626767
0.502296
0.952622
0.370884
0.291784
0.848222
0.109024
0.79996
0.344673
0.552253
0.139635
0.263979
0.677238
0.108518
0.690629
0.376274
0.702121
0.193607
0.113108
0.569095
0.844829
0.60089
0.620201
0.594483
0.0593
0.674108
0.485165
0.41832
0.723275
0.435677
0.420616
0.021463
0.992823
0.543588
0.689031
0.007076
0.908505
0.700596
0.980479
0.977267
0.825411
0.437768
0.611504
0.928815
0.590696
0.263475
0.605369
0.111892
0.045833
0.579047
0.47889
0.337239
0.376329
0.357545
0.737655
0.599048
0.591015
0.153201
0.528932
0.420191
0.49648
0.049868
0.690056
0.143849
0.74629
0.817689
0.667606
0.804404
0.806518
0.856851
0.194797
0.75253
0.660407
0.835634
0.338189
0.169774
0.128058
0.401169
0.768103
0.274692
0.590251
0.864566
0.412481
0.995726
0.442307
0.698614
0.023534
0.046305
0.683807
0.770772
0.679859
0.025318
0.437839
0.224106
0.936028
0.608092
0.762717
0.259209
0.929965
0.586321
0.749291
0.905927
0.119155
0.393435
0.818587
0.056404
0.769391
0.719558
0.830259
0.579638
0.66756
0.450852
0.525891
0.456515
0.188713
0.957197
0.329191
0.672506
0.191395
0.559309
0.589652
0.655203
0.344119
0.547456
0.907701
0.995952
0.179873
0.741674
0.553647
0.393349
0.537158
0.474579
0.372652
0.618017
0.695184
0.276867
0.365424
0.251471
0.129469
0.325286
0.427661
0.84713
0.764597
0.076327
0.317027
0.666095
0.988394
0.077068
0.78681
0.030447
0.61245
0.446121
0.976544
0.300158
0.726431
0.977351
0.633577
0.261799
0.864249
0.155431
0.64383
0.277936
0.869613
0.305567
0.622963
0.160513
0.385895
0.606552
0.435001
0.329738
0.644765
0.054429
0.0246
0.878986
0.208105
0.001468
0.215893
0.731154
0.822534
0.558714
0.957625
0.242424
0.445355
0.517716
0.315471
0.563041
0.23523
0.151216
0.050831
0.688315
0.23136
0.95365
0.426978
0.323227
0.75669
0.436103
0.75509
0.731177
0.481403
0.002824
0.481045
0.408914
0.382942
0.992013
0.956119
0.426737
0.347551
0.828481
0.898617
0.2162
0.989306
0.373458
0.646204
0.608781
0.256083
0.463654
0.832777
0.823301
0.552502
0.316444
0.823848
0.786282
0.099541
0.690184
0.864516
0.982779
0.267903
0.536158
0.147785
0.922532
0.47231
0.527328
0.776569
0.660068
0.470848
0.542834
0.489983
0.440624
0.935854
0.806278
0.616711
0.870915
0.489841
0.955551
0.376095
0.027865
0.087161
0.712507
0.985219
0.250831
0.352068
0.488427
0.715781
0.631779
0.894783
0.584365
0.096465
0.05065
0.020402
0.708606
0.634409
0.819153
0.853975
0.58057
0.043021
0.771926
0.113662
0.514004
0.305896
0.159285
0.221596
0.065266
0.185221
0.716722
0.309983
0.696082
0.151483
0.632842
0.175836
0.125577
0.134622
0.826443
0.157265
0.435049
0.134814
0.875562
0.232079
0.01681
0.731905
0.547644
0.992357
0.633881
0.447564
0.054275
0.108447
0.070469
0.549501
0.179952
0.308894
0.289333
0.605197
0.108737
0.290114
0.585257
0.974347
0.993913
0.357483
0.606802
0.818586
0.340778
0.072721
0.762294
0.348889
0.679551
0.355596
0.665303
0.334677
0.964056
0.478326
0.000374
0.852051
0.51186
0.439548
0.821245
0.695169
0.759889
0.745149
0.224543
0.93233
0.259777
0.683941
0.191508
0.07609
0.458226
0.782271
0.763833
0.405661
0.498265
0.823177
0.203133
0.835269
0.760507
0.17831
0.956693
0.684202
0.388174
0.835921
0.701693
0.307126
0.291624
0.643629
0.416758
0.492906
0.652944
0.075514
0.059081
0.323373
0.059669
0.237558
0.107182
0.818958
0.84338
0.611259
0.411266
0.58384
0.133907
0.944632
0.67007
0.005858
0.087876
0.681386
0.347233
0.733712
0.897508
0.994287
0.723127
0.89886
0.085722
0.334597
0.397279
0.100493
0.919653
0.80086
0.020368
0.53418
0.257445
0.957488
0.202671
0.940123
0.055737
0.252741
0.801402
0.585095
0.143173
0.908404
0.694379
0.815507
0.33667
0.742199
0.091189
0.552963
0.421627
0.197104
0.845136
0.40718
0.412805
0.017782
0.732736
0.926988
0.011718
0.186237
0.084087
0.287989
0.000166
0.154726
0.769978
0.993702
0.715297
0.940258
0.728294
0.446903
0.605672
0.996115
0.807451
0.081085
0.180639
0.467524
0.209299
0.035597
0.546244
0.370552
0.067598
0.149721
0.835285
0.77415
0.955016
0.468528
0.134219
0.493265
0.317501
0.142204
0.110841
0.380206
0.064288
0.410441
0.463834
0.42155
0.059969
0.418687
0.905771
0.204032
0.565726
0.479598
0.555797
0.810537
0.170103
0.743577
0.989917
0.53145
0.53334
0.856664
0.605416
0.089453
0.09666
0.67649
0.129048
0.577444
0.931308
0.316664
0.222256
0.881081
0.189759
0.238643
0.882623
0.676591
0.054172
0.958456
0.472112
0.098704
0.381872
0.302796
0.353576
0.815254
0.038874
0.294251
0.051104
0.316387
0.395299
0.780591
0.636482
0.231103
0.066099
0.054175
0.565191
0.55933
0.569523
0.054368
0.469472
0.999068
0.968062
0.220499
0.585138
0.835734
0.519755
0.864531
0.424791
0.023926
0.981838
0.110809
0.932836
0.053393
0.512613
0.978384
0.619291
0.459341
0.937989
0.941209
0.120796
0.812435
0.381073
0.90992
0.450394
0.710916
0.300443
0.228496
0.763477
0.634151
0.105877
0.050032
0.531208
0.313027
0.887202
0.748955
0.289792
0.116606
0.445027
0.075159
0.166261
0.107419
0.733652
0.088554
0.420079
0.844345
0.079372
0.390015
0.370294
0.845389
0.371906
0.724103
0.228409
0.497466
0.927968
0.997023
0.290119
0.286968
0.456374
0.510853
0.343337
0.595547
0.822454
0.493712
0.63149
0.736022
0.132371
0.966245
0.855536
0.74133
0.342329
0.897733
0.419259
0.711422
0.893623
0.131425
0.735697
0.08036
0.31235
0.083259
0.943076
0.905762
0.388876
0.593622
0.520359
0.617445
0.513762
0.289244
0.54287
0.091871
0.111632
0.228279
0.611603
0.344189
0.304921
0.312032
0.799706
0.422621
0.636512
0.6869
0.398586
0.019569
0.125358
0.050699
0.604031
0.929298
0.684592
0.928698
0.717707
0.229376
0.806444
0.350073
0.095362
0.731795
0.27343
0.923385
0.825279
0.336845
0.783423
0.513676
0.933427
0.938427
0.321477
0.906199
0.471836
0.219559
0.993868
0.326036
0.149559
0.10889
0.527779
0.046549
0.230528
0.450438
0.939573
0.763026
0.096241
0.010978
0.327322
0.560615
0.942029
0.853032
0.958971
0.576156
0.720835
0.087791
0.76118
0.130206
0.57072
0.603416
0.344565
0.69452
0.513395
0.420619
0.835327
0.89346
0.950566
0.885733
0.646914
0.856328
0.275149
0.194945
0.203662
0.873825
0.523222
0.678977
0.243682
0.15701
0.66562
0.265617
0.200712
0.754832
0.892549
0.18411
0.171269
0.304384
0.52367
0.00116
0.445337
0.877039
0.847118
0.032896
0.603663
0.917892
0.789344
0.335119
0.429786
0.151346
0.166395
0.568381
0.174581
0.058513
0.5244
0.551033
0.395766
0.726045
0.187322
0.114863
0.961042
0.332379
0.116479
0.369043
0.457515
0.21059
0.08993
0.116137
0.515587
0.930506
0.16843
0.90183
0.193472
0.117515
0.042668
0.341011
0.906113
0.220179
0.412977
0.026806
0.16403
0.93756
0.932038
0.283561
0.906529
0.686671
0.781841
0.725038
0.033035
0.475554
0.939866
0.832599
0.375639
0.661965
0.846696
0.448618
0.550668
0.37282
0.497151
0.953583
0.982833
0.363208
0.488622
0.542964
0.853983
0.563045
0.248371
0.879111
0.065883
0.959154
0.15062
0.61466
0.5344
0.643005
0.06594
0.371845
0.084112
0.489039
0.804752
0.339246
0.347315
0.909205
0.755238
0.032878
0.952317
0.991759
0.94466
0.437411
0.576296
0.758049
0.661992
0.661063
0.299275
0.427514
0.087982
0.036858
0.509676
0.174535
0.214712
0.391517
0.535183
0.445036
0.9268
0.999302
0.974636
0.21266
0.00061
0.441092
0.395335
0.751616
0.803532
0.873863
0.386095
0.500347
0.99009
0.351978
0.447952
0.181739
0.947019
0.789514
0.948625
0.546501
0.795795
0.715984
0.450468
0.446735
0.437829
0.51718
0.027043
0.432171
0.006821
0.043732
0.857084
0.455388
0.528656
0.087354
0.206389
0.446552
0.865291
0.591229
0.293074
0.620893
0.060495
0.307485
0.920472
0.72852
0.398406
0.843673
0.919629
0.427774
0.895479
0.588122
0.740791
0.594721
0.731006
0.986918
0.154105
0.264171
0.05387
0.946496
0.282304
0.336873
0.222015
0.990505
0.671067
0.920859
0.967662
0.899341
0.497994
0.905783
0.509068
0.526239
0.770882
0.668441
0.022523
0.164713
0.391782
0.431255
0.25304
0.522262
0.354205
0.389772
0.47621
0.793233
0.664948
0.792847
0.224249
0.400963
0.198219
0.306025
0.383402
0.593372
0.971474
0.004777
0.566765
0.169905
0.224109
0.677763
0.434883
0.406773
0.132636
0.418571
0.9277
0.113299
0.73981
0.468767
0.306675
0.261861
0.275311
0.071197
0.496563
0.755613
0.297775
0.515995
0.353866
0.319599
0.289513
0.484155
0.145193
0.367532
0.90852
0.32582
0.127209
0.31775
0.434824
0.676359
0.577138
0.807669
0.372592
0.626565
0.791474
0.184362
0.883106
0.346897
0.130801
0.495297
0.647186
0.691531
0.707438
0.969817
0.690853
0.370644
2.6e-05
0.363456
0.679177
0.984012
0.514152
0.077744
0.132607
0.468439
0.83662
0.651639
0.557178
0.12881
0.454726
0.712724
0.328719
0.726369
0.295987
0.342967
0.571386
0.993999
0.495492
0.673643
0.61522
0.948107
0.246558
0.712909
0.046865
0.088119
0.892037
0.954727
0.186434
0.184811
0.263168
0.247769
0.857541
0.720454
0.300387
0.352561
0.106442
0.764695
0.394779
0.371491
0.920547
0.298333
0.645289
0.71282
0.482897
0.707666
0.564722
0.515919
0.539109
0.593911
0.36328
0.941556
0.823402
0.328253
0.571618
0.41402
0.395045
0.611546
0.979882
0.213569
0.736724
0.415663
0.579331
0.29893
0.541206
0.906879
0.810728
0.868857
0.305357
0.778956
0.436724
0.109005
0.956593
0.830248
0.928931
0.311963
0.598366
0.895815
0.403898
0.296798
0.606794
0.967661
0.84837
0.403877
0.709164
0.182459
0.052498
0.983579
0.80238
0.913936
0.340215
0.766149
0.326442
0.46291
0.320891
0.73496
0.408296
0.158376
0.534814
0.570743
0.009273
0.469641
0.236371
0.604569
0.323098
0.040049
0.579909
0.103577
0.983349
0.151438
0.497017
0.943768
0.871856
0.88567
0.098244
0.995641
0.974293
0.904552
0.116517
0.984452
0.325786
0.792244
0.211545
0.716053
0.288246
0.868953
0.105684
0.832344
0.761001
0.272536
0.21247
0.715461
0.310593
0.291185
0.329667
0.4107
0.131689
0.485967
0.725126
0.485658
0.047897
0.010928
0.169118
0.612911
0.293717
0.631574
0.239812
0.51507
0.048926
0.515298
0.890298
0.849528
0.104226
0.199407
0.960576
0.282748
0.378319
0.563019
0.916128
0.279101
0.639809
0.927743
0.543516
0.074022
0.160093
0.396871
0.897648
0.574314
0.881108
0.09859
0.491099
0.95525
0.400609
0.797527
0.93622
0.961774
0.626191
0.741992
0.303905
0.852048
0.844192
0.893372
0.983998
0.761445
0.026668
0.754587
0.16067
0.075039
0.162139
0.899305
0.358696
0.056589
0.10568
0.218657
0.880718
0.289994
0.520336
0.874398
0.005322
0.074845
0.341504
0.809299
0.239486
0.781295
0.669926
0.604681
0.116905
0.83847
0.738426
0.706117
0.864377
0.25153
0.280781
0.054438
0.277048
0.482566
0.863736
0.990787
0.005918
0.517943
0.606036
0.45646
0.064349
0.560526
0.247
0.063419
0.780844
0.50444
0.386233
0.807631
0.393928
0.091152
0.369517
0.123972
0.956459
0.292357
0.788378
0.200845
0.911259
0.759096
0.25602
0.523062
0.602882
0.999601
0.638305
0.41964
0.401079
0.453206
0.854979
0.048624
0.783183
0.140817
0.330426
0.620393
0.176996
0.387472
0.319565
0.991926
0.069266
0.703262
0.929717
0.384737
0.401735
0.869899
0.050295
0.388299
0.079063
0.513739
0.27225
0.918536
0.820495
0.908168
0.274682
0.252049
0.244046
0.292309
0.171772
0.735426
0.038375
0.823898
0.366516
0.40201
0.701962
0.969441
0.382107
0.831224
0.180558
0.474422
0.201149
0.690478
0.945113
0.745145
0.067426
0.751371
0.050013
0.475639
0.887709
0.373671
0.050634
0.6862
0.954993
0.934448
0.847933
0.962147
0.381605
0.190549
0.481158
0.118206
0.977023
0.746906
0.464288
0.962643
0.620862
0.112285
0.426595
0.649677
0.842621
0.80634
0.805543
0.690771
0.516689
0.122241
0.665
0.700011
0.435046
0.013675
0.650958
0.744054
0.725934
0.241685
0.332831
0.748243
0.938319
0.773678
0.844148
0.968109
0.289811
0.903395
0.342093
0.196939
0.245849
0.312002
0.584938
0.676069
0.413311
0.147254
0.361357
0.762866
0.798929
0.660413
0.464027
0.930258
0.589693
0.585354
0.823928
0.071063
0.482159
0.8154
0.577945
0.993546
0.484926
0.301667
0.682983
0.928489
0.629875
0.745768
0.867827
0.74152
0.353529
0.496538
0.819624
0.41661
0.405439
0.437535
0.919342
0.407702
0.089462
0.030348
0.487172
0.037089
0.50668
0.010259
0.487036
0.783922
0.587374
0.425295
0.702492
0.558152
0.376183
0.52105
0.55474
0.003216
0.66166
0.655961
0.177657
0.87047
0.768865
0.881745
0.061349
0.569299
0.299057
0.47561
0.501766
0.174977
0.394448
0.400701
0.225509
0.32683
0.03598
0.964849
0.925461
0.414016
0.841531
0.967619
0.620712
0.124404
0.039321
0.00377
0.516823
0.245895
0.403927
0.76715
0.596156
0.363763
0.118767
0.573511
0.207901
0.955132
0.032512
0.598077
0.999133
0.108371
0.385438
0.32897
0.029236
0.079478
0.279491
0.592477
0.745761
0.370803
0.819715
0.553412
0.540157
0.872497
0.527722
0.744231
0.206601
0.753293
0.430531
0.871072
0.876505
0.293375
0.971581
0.783649
0.777949
0.585619
0.516614
0.1804
0.683651
0.399125
0.182133
0.426958
0.205247
0.254705
0.918018
0.918368
0.807512
0.88302
0.576666
0.074075
0.387718
0.872996
0.964036
0.915802
0.632551
0.620395
0.182779
0.846836
0.019376
0.054754
0.122662
0.548791
0.635881
0.344876
0.613719
0.167542
0.468973
0.013793
0.498272
0.060685
0.263346
0.394704
0.403479
0.884395
0.95225
0.351357
0.000187
0.056818
0.029307
0.044301
0.216416
0.981369
0.085381
0.763434
0.773994
0.727282
0.530512
0.368491
0.64682
0.780674
0.847233
0.32743
0.193636
0.053479
0.186357
0.001622
0.379843
0.585396
0.473276
0.709658
0.239481
0.640421
0.723381
0.735508
0.80311
0.531292
0.787605
0.553551
0.672099
0.276768
0.749803
0.073255
0.081252
0.382861
0.899619
0.48052
0.58645
0.606994
0.401792
0.296149
0.212542
0.76151
0.965501
0.089411
0.450348
0.398717
0.08028
0.653757
0.534486
0.847984
0.287703
0.43749
0.931373
0.38049
0.690787
0.874087
0.499183
0.501321
0.218145
0.196747
0.234892
0.354523
0.316875
0.235433
0.426678
0.397635
0.358574
0.35923
0.917883
0.498341
0.140658
0.972514
0.796467
0.165185
0.0107
0.929058
0.766864
0.963337
0.268192
0.966995
0.120989
0.193278
0.831502
0.417355
0.087909
0.111505
0.265148
0.600279
0.031585
0.981037
0.183056
0.321055
0.477722
0.856541
0.751147
0.427367
0.847349
0.590486
0.233045
0.585878
0.138767
0.327915
0.235614
0.87886
0.668459
0.481259
0.367591
0.420539
0.318786
0.045949
0.124811
0.45915
0.697191
0.260414
0.868418
0.256697
0.487029
0.601411
0.265375
0.87844
0.377499
0.32092
0.504611
0.295801
0.192974
0.025056
0.867352
0.346463
0.390807
0.513051
0.377005
0.176446
0.423218
0.745676
0.713208
0.279514
0.824549
0.62472
0.999889
0.303675
0.598953
0.789399
0.462308
0.12389
0.908095
0.018062
0.150779
0.744116
0.311985
0.015888
0.407411
0.602533
0.342381
0.985514
0.322183
0.052041
0.609991
0.483971
0.924564
0.793877
0.265131
0.523989
0.620811
0.944296
0.97885
0.401587
0.392162
0.842951
0.990487
0.34769
0.487066
0.553777
0.524353
0.5798
0.678676
0.200787
0.892186
0.212549
0.22226
0.914154
0.283994
0.936078
0.436206
0.711776
0.720633
0.293145
0.473574
0.001932
0.929671
0.374316
0.710726
0.562842
0.009886
0.290649
0.255443
0.50621
0.525837
0.497642
0.299566
0.275526
0.255285
0.829932
0.984368
0.34391
0.011939
0.180313
0.701762
0.165896
0.032326
0.292356
0.596933
0.019546
0.074923
0.060674
0.76231
0.680202
0.809421
0.2761
0.135149
0.756174
0.340588
0.226409
0.783534
0.389178
0.261882
0.124139
0.999786
0.014693
0.070486
0.165054
0.787349
0.247137
0.87106
0.152253
0.535358
0.462318
0.679567
0.852614
0.536084
0.370929
0.4298
0.617645
0.217618
0.349184
0.573523
0.773671
0.651697
0.131138
0.436194
0.930379
0.414599
0.430571
0.334336
0.109712
0.529732
0.555241
0.030091
0.960203
0.803297
0.936571
0.922562
0.871728
0.064554
0.541466
0.224679
0.035962
0.270028
0.610284
0.938666
0.444584
0.166982
0.490158
0.726743
0.171552
0.122284
0.787028
0.799869
0.87008
0.53039
0.285145
0.021114
0.732815
0.90647
0.443418
0.054945
0.845872
0.405202
0.766772
0.345994
0.316425
0.055699
0.434177
0.382537
0.222164
0.39287
0.894905
0.849481
0.199116
0.776155
0.836945
0.304181
0.985088
0.856303
0.807225
0.492657
0.236499
0.097588
0.643158
0.527774
0.149067
0.320427
0.271382
0.689069
0.069534
0.148321
0.799251
0.508336
0.715747
0.436602
0.542135
0.084832
0.521707
0.487373
0.120786
0.21403
0.095683
0.683262
0.188727
0.828122
0.929493
0.2153
0.5506
0.798462
0.080742
0.592667
0.241892
0.843083
0.398593
0.445618
0.572684
0.238311
0.048735
0.195249
0.29594
0.388657
0.362261
0.507566
0.733554
0.858161
0.343351
0.244049
0.620682
0.751573
0.964533
0.776048
0.44103
0.87311
0.593777
0.002853
0.767679
0.680986
0.811472
0.976924
0.641864
0.787113
0.359827
0.983146
0.955883
0.747782
0.274113
0.127391
0.423762
0.460698
0.883776
0.230968
0.068983
0.343986
0.20962
0.391405
0.324947
0.959632
0.503284
0.287177
0.364994
0.470178
0.012636
0.444452
0.573129
0.36982
0.941328
0.792022
0.91838
0.973829
0.859366
0.843043
0.424272
0.136633
0.191345
0.372171
0.03511
0.968566
0.724602
0.166769
0.484167
0.499248
0.382408
0.38527
0.141941
0.63167
0.961461
0.554017
0.241731
0.370095
0.546512
0.785989
0.806043
0.95912
0.733415
0.490003
0.968231
0.053837
0.31805
0.214064
0.220978
0.427207
0.266293
0.292497
0.875623
0.279849
0.898409
0.174039
0.906461
0.458092
0.10997
0.324568
0.049354
0.984857
0.029231
0.628216
0.720506
0.174967
0.382079
0.508865
0.520742
0.896164
0.765148
0.94971
0.565139
0.551064
0.793003
0.715199
0.502696
0.878111
0.543861
0.450615
0.523875
0.771922
0.144891
0.182112
0.876961
0.287597
0.501276
0.784648
0.087193
0.639064
0.407192
0.449483
0.156507
0.128731
0.005775
0.650735
0.651777
0.644514
0.175753
0.190643
0.785752
0.902111
0.261564
0.834481
0.691426
0.908686
0.362513
0.748827
0.122959
0.740006
0.169338
0.242054
0.833719
0.495404
0.25019
0.622244
0.470741
0.759555
0.563523
0.694232
0.244288
0.057087
0.360499
0.471877
0.069326
0.480497
0.278459
0.880574
0.723634
0.883977
0.090813
0.621066
0.234738
0.215321
0.013869
0.520629
0.203101
0.670959
0.608107
0.416365
0.515873
0.473217
0.591409
0.926852
0.244514
0.19511
0.711672
0.341128
0.791449
0.992076
0.975677
0.870783
0.781838
0.790332
0.506143
0.366255
0.376622
0.913834
0.664294
0.975285
0.664304
0.797479
0.444943
0.068668
0.039319
0.320838
0.528275
0.365321
0.910254
0.352205
0.332387
0.695239
0.230678
0.580585
0.174804
0.020514
0.778391
0.004528
0.448766
0.891466
0.869507
0.139744
0.016496
0.935846
0.771428
0.0816
0.890783
0.899265
0.302842
0.451205
0.289793
0.84541
0.754378
0.013165
0.67077
0.860946
0.965483
0.719122
0.94419
0.620647
0.642972
0.783946
0.065926
0.636548
0.350491
0.300968
0.42354
0.988857
0.0173
0.214998
0.30838
0.920766
0.814264
0.24633
0.021115
0.294292
0.25876
0.133868
0.70217
0.583338
0.717952
0.299544
0.685474
0.229338
0.899476
0.655601
0.390438
0.874488
0.914684
0.828766
0.495855
0.864147
0.463062
0.377046
0.67568
0.92773
0.924966
0.157855
0.578164
0.698936
0.543844
0.000584
0.70678
0.264392
0.537312
0.70579
0.623716
0.469033
0.829717
0.577193
0.594823
0.115077
0.781398
0.649682
0.273553
0.388265
0.081227
0.208243
0.40543
0.079097
0.211181
0.431524
0.700623
0.431734
0.767405
0.660828
0.987871
0.380702
0.452606
0.153508
0.425784
0.710479
0.331461
0.566138
0.553064
0.369495
0.339279
0.924653
0.310403
0.783073
0.40947
0.785131
0.931454
0.174098
0.001043
0.507158
0.305933
0.609586
0.6867
0.538099
0.701238
0.397511
0.60737
0.208866
0.436975
0.747177
0.528557
0.028355
0.724476
0.30768
0.015952
0.170806
0.526464
0.660274
0.474641
0.613667
0.247846
0.000222
0.433853
0.773819
0.626986
0.572751
0.457963
0.059022
0.453219
0.285336
0.138761
0.179776
0.005933
0.993752
0.702415
0.980894
0.873219
0.214452
0.195648
0.95849
0.482248
0.258306
0.403757
0.246513
0.821993
0.913619
0.099583
0.296612
0.280385
0.401981
0.280362
0.456855
0.424944
0.75852
0.486497
0.587498
0.192312
0.954649
0.967168
0.310942
0.959108
0.953892
0.157298
0.89296
0.219153
0.147983
0.730768
0.515011
0.127579
0.233744
0.737175
0.624605
0.789021
0.343798
0.259821
0.833708
0.460658
0.301877
0.423687
0.57547
0.09514
0.333156
0.756483
0.445547
0.301426
0.846984
0.106263
0.835272
0.900299
0.076312
0.332339
0.447236
0.35737
0.894774
0.112048
0.163996
0.139825
0.729816
0.135812
0.94281
0.139688
0.597742
0.19569
0.925643
0.79198
0.054947
0.582489
0.838832
0.148619
0.444879
0.233923
0.044538
0.386849
0.839637
0.835014
0.353631
0.483365
0.847532
0.119901
0.769974
0.722131
0.52701
0.044786
0.801459
0.064995
0.17662
0.999103
0.311699
0.665917
0.802252
0.604124
0.816342
0.194518
0.489339
0.028691
0.761447
0.402381
0.890892
0.87279
0.674657
0.674134
0.049639
0.310435
0.37934
0.886906
0.481662
0.988203
0.813935
0.534526
0.682964
0.091143
0.873837
0.733545
0.238444
0.517538
0.650896
0.269564
0.842226
0.011381
0.380335
0.19898
0.611177
0.997205
0.228436
0.414277
0.238596
0.352642
0.781545
0.565831
0.155781
0.494624
0.403891
0.786867
0.452272
0.799652
0.540369
0.105449
0.939493
0.031119
0.881993
0.377811
0.706284
0.056052
0.130358
0.844065
0.928033
0.621993
0.554885
0.937089
0.907217
0.059453
0.93629
0.852523
1.3e-05
0.50436
0.850639
0.795862
0.114363
0.11296
0.799603
0.667164
0.613653
0.895353
0.878398
0.10776
0.444745
0.250941
0.160275
0.899486
0.228377
0.844783
0.105434
0.143034
0.635387
0.580135
0.972474
0.708133
0.179337
0.375618
0.299061
0.606251
0.129742
0.032348
0.01429
0.928629
0.385442
0.313044
0.319547
0.060273
0.525203
0.981725
0.443706
0.464639
0.127339
0.732772
0.653699
0.033719
0.93946
0.708595
0.886741
0.506146
0.621167
0.130605
0.049825
0.840529
0.958044
0.573428
0.444544
0.640483
0.860342
0.402177
0.267304
0.376848
0.196996
0.016409
0.411863
0.570353
0.103182
0.081896
0.21924
0.124168
0.326912
0.117118
0.903385
0.02317
0.813254
0.652373
0.811138
0.098598
0.888889
0.93387
0.480064
0.296071
0.658687
0.490584
0.114687
0.66037
0.912854
0.371783
0.138283
0.132084
0.335328
0.100514
0.625314
0.887668
0.547583
0.557848
0.58704
0.556602
0.134368
0.401661
0.799375
0.229687
0.882409
0.561275
0.374887
0.966996
0.340312
0.826919
0.843579
0.139334
0.452176
0.308769
0.611266
0.84406
0.188714
0.784549
0.238763
0.672346
0.148884
0.563995
0.574693
0.18795
0.742019
0.324003
0.862721
0.429645
0.150589
0.836303
0.479828
0.841522
0.724735
0.073175
0.880953
0.288692
0.235016
0.893952
0.256931
0.615103
0.168372
0.572149
0.322816
0.624563
0.70476
0.897193
0.451927
0.050911
0.314873
0.815295
0.425825
0.060791
0.010452
0.982703
0.401547
0.713884
0.19206
0.724528
0.45132
0.827615
0.880993
0.108901
0.84922
0.40897
0.985319
0.220997
0.733843
0.350229
0.838576
0.356422
0.536261
0.770753
0.898221
0.043547
0.734911
0.521585
0.101059
0.939327
0.458256
0.544104
0.176874
0.250049
0.62323
0.085776
0.019872
0.355549
0.347009
0.263352
0.101237
0.899405
0.967469
0.93732
0.963429
0.050163
0.532564
0.072831
0.583268
0.251038
0.2883
0.157107
0.839989
0.923258
0.785613
0.617731
0.882898
0.008731
0.55329
0.720948
0.714952
0.956965
0.948847
0.549461
0.259214
0.948189
0.822569
0.358283
0.620263
0.714344
0.755619
0.11444
0.220167
0.198631
0.016637
0.584923
0.14122
0.905461
0.043554
0.213832
0.257964
0.184538
0.842203
0.85032
0.053614
0.751916
0.826218
0.27635
0.448184
0.748644
0.816564
0.982556
0.412036
0.68107
0.518723
0.234691
0.495066
0.321463
0.838707
0.490477
0.880814
0.511629
0.619672
0.717503
0.420899
0.120237
0.653536
0.05356
0.623506
0.092445
0.024724
0.86653
0.276323
0.51541
0.205575
0.313057
0.042071
0.638693
0.645813
0.058556
0.367224
0.737904
0.68937
0.723443
0.050259
0.595035
0.655059
0.258244
0.224214
0.388665
0.589796
0.695797
0.842565
0.417248
0.362208
0.904449
0.523357
0.920133
0.229701
0.78585
0.977768
0.919092
0.51169
0.166104
0.005045
0.60283
0.588217
0.720878
0.477659
0.450896
0.979815
0.277266
0.434987
0.750053
0.012333
0.089316
0.67142
0.315512
0.86145
0.338245
0.353758
0.375802
0.47388
0.778346
0.607684
0.801523
0.656021
0.359659
0.544415
0.3691
0.883261
0.152573
0.684182
0.393938
0.917919
0.08875
0.816784
0.228438
0.397753
0.182669
0.728228
0.307494
0.009217
0.988357
0.418698
0.864674
0.619253
0.799142
0.938765
0.301642
0.95805
0.862156
0.452056
0.582081
0.733626
0.767755
0.338847
0.998675
0.552794
0.807821
0.405062
0.208284
0.086362
0.824632
0.70007
0.422176
0.852246
0.036233
0.595886
0.071649
0.936034
0.921183
0.230614
0.022807
0.060703
0.866761
0.877762
0.240844
0.871138
0.815956
0.25065
0.513807
0.835482
0.984924
0.584263
0.921776
0.722995
0.103199
0.293387
0.419953
0.099699
0.0933
0.05082
0.802267
0.721349
0.831459
0.353149
0.267867
0.631621
0.547069
0.971764
0.957291
0.524412
0.828248
0.032059
0.617859
0.424419
0.949608
0.745011
0.966569
0.551396
0.306707
0.796629
0.268172
0.601005
0.452595
0.563903
0.292747
0.961521
0.522799
0.729632
0.629975
0.842889
0.822466
0.088344
0.510573
0.232052
0.205708
0.610284
0.150786
0.738497
0.768511
0.32782
0.424712
0.332222
0.572617
0.180474
0.084093
0.399529
0.407964
0.689315
0.114523
0.277061
0.080029
0.178896
0.048077
0.295254
0.527522
0.460128
0.836157
0.189506
0.62379
0.014486
0.541778
0.488908
0.704688
0.193626
0.780632
0.159552
0.436837
0.629162
0.324054
0.131271
0.401231
0.845872
0.902227
0.086626
0.398145
0.061052
0.360105
0.384833
0.979324
0.271719
0.448355
0.124483
0.622691
0.357348
0.987922
0.701571
0.122712
0.037776
0.570568
0.768216
0.45152
0.844309
0.958607
0.902918
0.69572
0.928549
0.471946
0.604882
0.343481
0.433621
0.423151
0.062665
0.459301
0.827658
0.498785
0.40408
0.394997
0.422658
0.298249
0.586402
0.364064
0.323125
0.994675
0.563888
0.142327
0.047212
0.236197
0.645924
0.192146
0.04806
0.189311
0.972524
0.880379
0.642791
0.769927
0.531369
0.552255
0.276099
0.148603
0.875745
0.080848
0.530367
0.464624
0.637145
0.418151
0.964302
0.305174
0.423443
0.481816
0.312724
0.339654
0.543293
0.431358
0.6545
0.065785
0.208463
0.765969
0.988222
0.036357
0.224077
0.976394
0.504682
0.737062
0.820509
0.640538
0.317976
0.696128
0.571395
0.701205
0.779437
0.87419
0.702543
0.661148
0.678737
0.888559
0.448488
0.162256
0.23447
0.509467
0.599073
0.203607
0.465428
0.304313
0.315468
0.170914
0.315149
0.903166
0.205867
0.010875
0.13071
0.573723
0.686267
0.361879
0.648563
0.25835
0.802294
0.092315
0.625004
0.047478
0.463836
0.021512
0.618713
0.265161
0.952825
0.029234
0.271839
0.743057
0.768578
0.075416
0.527713
0.171015
0.493244
0.42959
0.75087
0.082683
0.875332
0.626102
0.564935
0.1353
0.428276
0.53145
0.266385
0.095673
0.596922
0.053613
0.252366
0.587398
0.09142
0.572817
0.939506
0.77706
0.703444
0.757795
0.080139
0.984335
0.39848
0.592392
0.343852
0.056352
0.932822
0.443382
0.20644
0.686943
0.367669
0.111248
0.559106
0.433943
0.349995
0.127929
0.72231
0.610992
0.711145
0.036232
0.351278
0.089105
0.39197
0.122614
0.619925
0.798102
0.060752
0.638475
0.218397
0.849939
0.480366
0.422113
0.535198
0.875873
0.279325
0.564174
0.308207
0.417968
0.530084
0.489365
0.867892
0.512941
0.260817
0.093879
0.892111
0.426363
0.915421
0.802875
0.500916
0.31083
0.936924
0.898996
0.671742
0.910627
0.996076
0.453196
0.129824
0.268725
0.228799
0.091874
0.9185
0.958832
0.25141
0.779308
0.948632
0.04875
0.485202
0.983233
0.176693
0.303306
0.184405
0.617908
0.503454
0.367735
0.229183
0.266215
0.290228
0.795559
0.710828
0.432766
0.288887
0.233791
0.668128
0.392029
0.022125
0.76007
0.55146
0.783612
0.933216
0.637745
0.696693
0.344834
0.307691
0.316764
0.058747
0.945245
0.527256
0.669403
0.397726
0.631661
0.221408
0.113502
0.415454
0.528337
0.110847
0.107183
0.124934
0.409412
0.826789
0.096591
0.899578
0.91585
0.69892
0.899102
0.273236
0.169134
0.427849
0.348645
0.980924
0.529196
0.932141
0.268854
0.410998
0.062554
0.797599
0.166456
0.244144
0.842015
0.605519
0.752253
0.415861
0.551893
0.775491
0.055672
0.264476
0.303802
0.299977
0.340568
0.408544
0.311825
0.308005
0.745658
0.963366
0.908831
0.494365
0.687691
0.835484
0.676886
0.891072
0.185998
0.783281
0.733641
0.070725
0.711745
0.282633
0.874879
0.587883
0.120107
0.623612
0.058273
0.61288
0.851447
0.116067
0.500838
0.70137
0.594048
0.513568
0.231475
0.707857
0.853308
0.536859
0.483464
0.275292
0.107026
0.337521
0.922491
0.586105
0.775205
0.125755
0.555237
0.157344
0.101609
0.194721
0.190569
0.864037
0.243593
0.878735
0.258891
0.317991
0.085408
0.483382
0.146344
0.318617
0.870374
0.131892
0.931884
0.256629
0.215327
0.652669
0.801546
0.926654
0.452354
0.984818
0.16863
0.4495
0.074472
0.201252
0.935747
0.638065
0.334526
0.173013
0.187361
0.172799
0.916746
0.906941
0.096699
0.546239
0.143393
0.322197
0.348156
0.570912
0.316452
0.486244
0.225333
0.440461
0.581398
0.340041
0.125385
0.395816
0.01308
0.959515
0.429302
0.201206
0.531231
0.530493
0.856452
0.32565
0.533152
0.320352
0.330128
0.658369
0.690642
0.215775
0.572761
0.303032
0.901918
0.634451
0.353746
0.811273
0.620356
0.966154
0.598889
0.737775
0.558278
0.729191
0.888522
0.685669
0.237287
0.123419
0.767813
0.292914
0.411077
0.905656
0.500519
0.612672
0.934317
0.022604
0.213595
0.258568
0.566607
0.036415
0.459877
0.960228
0.690317
0.13601
0.600709
0.892093
0.23388
0.195805
0.653061
0.823333
0.249249
0.35436
0.59079
0.056155
0.893995
0.436976
0.139517
0.19495
0.114999
0.169506
0.585425
0.169258
0.603126
0.287388
0.60131
0.59518
0.237561
0.941472
0.83468
0.779403
0.33426
0.885116
0.230118
0.540514
0.369509
0.492405
0.78521
0.381693
0.753234
0.731795
0.342946
0.036768
0.273756
0.091697
0.522042
0.71217
0.210065
0.825021
0.149903
0.849703
0.73793
0.175437
0.469197
0.124962
0.038635
0.72706
0.553314
0.760485
0.312774
0.165998
0.705045
0.178538
0.642552
0.351735
0.804482
0.445918
0.038171
0.958822
0.684247
0.809732
0.014251
0.907386
0.524184
0.175658
0.516027
0.758331
0.396033
0.869305
0.931085
0.567257
0.858319
0.447958
0.503904
0.941497
0.248484
0.971286
0.820083
0.743336
0.623061
0.862532
0.480721
0.48018
0.985486
0.851137
0.225088
0.930038
0.414291
0.773555
0.617811
0.905104
0.707522
0.370175
0.456556
0.126838
0.472372
0.120574
0.413347
0.145752
0.691062
0.15979
0.935383
0.092948
0.281605
0.800885
0.361024
0.287764
0.089622
0.065039
0.887881
0.289886
0.924308
0.521483
0.147
0.865896
0.588186
0.818682
0.355588
0.967671
0.593103
0.365251
0.064328
0.576495
0.348629
0.141995
0.744455
0.331378
0.748522
0.679965
0.229231
0.264166
0.257376
0.831224
0.519622
0.134743
0.637525
0.080808
0.507519
0.957514
0.614981
0.432449
0.154421
0.608196
0.224621
0.917512
0.69195
0.19288
0.968046
0.695618
0.439465
0.169061
0.874027
0.570665
0.391018
0.937447
0.095395
0.326985
0.249334
0.191932
0.239171
0.643707
0.53776
0.534372
0.607093
0.064926
0.917417
0.643187
0.837195
0.808014
0.61079
0.726077
0.926478
0.386691
0.954151
0.636565
0.185475
0.462191
0.763039
0.811733
0.468471
0.860031
0.378762
0.740588
0.34743
0.981921
0.168115
0.787348
0.866084
0.939693
0.889268
0.083795
0.765856
0.645784
0.100373
0.005988
0.588346
0.226147
0.948256
0.64207
0.068506
0.110683
0.128187
0.878752
0.633237
0.856514
0.217731
0.492639
0.453221
0.243602
0.358938
0.658288
0.46148
0.993458
0.298425
0.083749
0.509343
0.336346
0.686328
0.870733
0.869953
0.022526
0.655587
0.885893
0.205128
0.65065
0.441847
0.403139
0.035673
0.380833
0.913496
0.163296
0.169493
0.89768
0.033666
0.498856
0.580196
0.94511
0.331562
0.519155
0.548195
0.86266
0.466676
0.705078
0.937154
0.856381
0.766292
0.801586
0.036389
0.617001
0.853447
0.076105
0.18678
0.586256
0.897675
0.596957
0.687594
0.917668
0.181853
0.663657
0.094936
0.617892
0.814317
0.729245
0.490562
0.196846
0.167756
0.866579
0.096442
0.371169
0.175659
0.676308
0.28642
0.521993
0.679759
0.713443
0.177093
0.95757
0.602372
0.574269
0.421653
0.208959
0.446833
0.463724
0.998653
0.696778
0.103017
0.00306
0.751954
0.668851
0.728138
0.032068
0.625971
0.324977
0.127511
0.112964
0.405057
0.327446
0.239682
0.855323
0.667522
0.423538
0.612948
0.204748
0.617935
0.717558
0.331831
0.73053
0.74197
0.449775
0.321986
0.72866
0.900302
0.137841
0.193253
0.991252
0.772098
0.361593
0.728048
0.572791
0.631805
0.271346
0.312595
0.513313
0.825213
0.174593
0.744173
0.849773
0.59545
0.538796
0.558184
0.642227
0.143899
0.487814
0.208749
0.181829
0.292765
0.789918
0.162005
0.745491
0.202168
0.813089
0.619422
0.372765
0.044665
0.503578
0.780001
0.399288
0.164709
0.464608
0.653383
0.495686
0.289033
0.440721
0.863952
0.802723
0.077223
0.041297
0.029324
0.094964
0.180293
0.649465
0.715444
0.581353
0.979899
0.230874
0.398081
0.013167
0.644698
0.996057
0.135342
0.373937
0.103853
0.66991
0.120121
0.949807
0.252207
0.44219
0.426302
0.757104
0.109105
0.107369
0.004929
0.727879
0.714637
0.944346
0.099602
0.709059
0.620776
0.018776
0.627005
0.43376
0.447718
0.535034
0.607982
0.02648
0.163764
0.002376
0.381102
0.534036
0.500187
0.156507
0.984262
0.230867
0.781714
0.751514
0.873182
0.989094
0.120501
0.916729
0.153135
0.548473
0.269402
0.404779
0.324295
0.021642
0.309495
0.281725
0.857235
0.813004
0.669544
0.651505
0.793532
0.040967
0.066845
0.15272
0.555629
0.015905
0.136785
0.5053
0.196163
0.707312
0.977859
0.978292
0.468972
0.209024
0.590857
0.578083
0.190909
0.35374
0.105388
0.969588
0.325272
0.592112
0.061993
0.562713
0.12944
0.965555
0.303025
0.851098
0.908569
0.961307
0.182206
0.40361
0.715909
0.786548
0.621998
0.852155
0.452883
0.784445
0.783292
0.64367
0.242767
0.744407
0.040888
0.925731
0.332385
0.225909
0.26913
0.96796
0.339122
0.308783
0.664335
0.214087
0.202498
0.150119
0.395731
0.00258
0.619802
0.365706
0.155169
0.463087
0.273321
0.872826
0.211914
0.093364
0.402902
0.829671
0.940023
0.294858
0.211886
0.260664
0.516857
0.098342
0.859742
0.457936
0.4919
0.752791
0.403123
0.726458
0.956626
0.496667
0.70821
0.46249
0.067402
0.697366
0.664413
0.352811
0.43452
0.410131
0.443712
0.94156
0.723287
0.142316
0.688486
0.040168
0.716324
0.189223
0.272644
0.350375
0.478212
0.544193
0.741029
0.622083
0.165396
0.961986
0.520012
0.928634
0.627873
0.447296
0.018379
0.181068
0.190322
0.489862
0.577796
0.6158
0.504512
0.509939
0.364017
0.635969
0.553497
0.977978
0.795207
0.994079
0.192688
0.186995
0.50624
0.344709
0.492537
0.835659
0.209268
0.641905
0.020317
0.196083
0.131938
0.025522
0.965888
0.973587
0.183775
0.875941
0.357558
0.217367
0.158741
0.137345
0.252665
0.861624
0.795464
0.292027
0.2553
0.939025
0.735467
0.876085
0.68941
0.996478
0.14867
0.171812
0.221517
0.135268
0.535246
0.179478
0.275683
0.474276
0.991012
0.400489
0.643379
0.698118
0.086541
0.631608
0.987708
0.81569
0.419864
0.780859
0.261252
0.350925
0.584148
0.948873
0.811672
0.025899
0.264599
0.845916
0.76411
0.611786
0.965027
0.771369
0.278149
0.358283
0.115185
0.254798
0.283491
0.055317
0.358297
0.467508
0.402017
0.293917
0.981399
0.104475
0.587762
0.701619
0.579716
0.555836
0.433279
0.890267
0.860517
0.778966
0.789741
0.561221
0.753945
0.549137
0.563719
0.645469
0.271777
0.234609
0.012158
0.081837
0.605675
0.195922
0.705641
0.390954
0.361071
0.217582
0.456434
0.081952
0.768021
0.04433
0.834542
0.13288
0.99583
0.885904
0.353339
0.168164
0.20498
0.794049
0.31608
0.686311
0.628514
0.808868
0.631835
0.357486
0.253793
0.878643
0.863429
0.968279
0.22314
0.367871
0.823535
0.909969
0.441138
0.160826
0.502139
0.664533
0.610272
0.189105
0.41789
0.911595
0.810619
0.986367
0.179644
0.878667
0.331414
0.609589
0.263676
0.12349
0.087246
0.394508
0.362328
0.988324
0.795991
0.570171
0.703891
0.722726
0.574454
0.557294
0.875726
0.643286
0.448433
0.537903
0.765919
0.602141
0.043394
0.012166
0.515999
0.896396
0.803742
0.167422
0.02758
0.046829
0.778798
0.494005
0.379554
0.240137
0.172544
0.655436
0.118451
0.376059
0.780231
0.60267
0.192455
0.997046
0.457149
0.880591
0.574968
0.93832
0.275626
0.17771
0.740095
0.026887
0.417805
0.75347
0.359122
0.215035
0.653047
0.488248
0.325416
0.550902
0.287596
0.180849
0.00938
0.963568
0.716477
0.779602
0.170847
0.785469
0.69393
0.487602
0.065704
0.09293
0.462496
0.458838
0.460344
0.759192
0.371336
0.345821
0.914282
0.739579
0.577731
0.739275
0.356314
0.39335
0.660808
0.151441
0.541101
0.623841
0.114075
0.089104
0.145798
0.708939
0.96244
0.862874
0.588299
0.780122
0.60849
0.006946
0.631673
0.781507
0.359066
0.980458
0.364549
0.480231
0.134833
0.010244
0.933604
0.640435
0.957471
0.640136
0.611413
0.46813
0.020388
0.630303
0.505049
0.929042
0.504805
0.030994
0.137895
0.819637
0.21245
0.611584
0.260529
0.640321
0.656039
0.548259
0.087647
0.234719
0.74069
0.01599
0.661415
0.072475
0.120195
0.68675
0.763338
0.201079
0.710089
0.848324
0.569849
0.404141
0.558277
0.608852
0.708714
0.419322
0.93814
0.631373
0.053464
0.767922
0.363778
0.650334
0.443416
0.248938
0.35535
0.021216
0.918927
0.864766
0.204669
0.375656
0.418183
0.136824
0.625651
0.987042
0.931608
0.055019
0.624375
0.412003
0.216356
0.730578
0.674619
0.104038
0.345721
0.633673
0.088991
0.817976
0.70199
0.704204
0.345382
0.790769
0.122525
0.201612
0.951506
0.750825
0.128545
0.530655
0.44742
0.594938
0.371447
0.060217
0.16157
0.646558
0.612891
0.717016
0.499374
0.046698
0.795503
0.863352
0.063227
0.086618
0.211515
0.667142
0.0966
0.238824
0.206366
0.922194
0.422977
0.726164
0.983904
0.235483
0.094766
0.656785
0.900734
0.232973
0.129879
0.872383
0.878673
0.899262
0.657413
0.100164
0.77504
0.97087
0.052129
0.02996
0.685315
0.451502
0.911255
0.961328
0.91665
0.755813
0.416107
0.82558
0.06045
0.047294
0.712142
0.276626
0.579085
0.364336
0.339196
0.106179
0.882502
0.538004
0.152148
0.629479
0.042124
0.553715
0.335254
0.798904
0.152388
0.684786
0.768745
0.749892
0.181149
0.222581
0.758445
0.399262
0.384875
0.000826
0.320308
0.364773
0.445225
0.161664
0.419141
0.392336
0.734094
0.931534
0.951048
0.005552
0.902096
0.652014
0.654141
0.311105
0.111212
0.496493
0.427239
0.241418
0.486766
0.32312
0.45773
0.289981
0.214102
0.451357
0.134732
0.809074
0.383077
0.171094
0.550856
0.54047
0.184781
0.870733
0.099426
0.727755
0.04762
0.573369
0.838809
0.199736
0.569498
0.248435
0.404283
0.904954
0.301976
0.241886
0.085677
0.48491
0.180471
0.802894
0.333464
0.878721
0.791448
0.593407
0.464803
0.290698
0.74248
0.239201
0.894567
0.5345
0.920528
0.338248
0.345176
0.389205
0.598582
0.416075
0.606447
0.589712
0.968419
0.173378
0.158407
0.764964
0.734922
0.749982
0.055985
0.965907
0.114598
0.234226
0.626106
0.106805
0.493471
0.173094
0.50308
0.896959
0.072568
0.329768
0.983817
0.538689
0.095535
0.324105
0.384979
0.05734
0.222232
0.86192
0.170674
0.023331
0.108617
0.241054
0.286316
0.827517
0.920382
0.651561
0.96964
0.43145
0.078487
0.650511
0.889109
0.256556
0.543278
0.993505
0.185215
0.621089
0.805782
0.046539
0.476918
0.589338
0.226229
0.827237
0.067031
0.870634
0.231247
0.65025
0.963639
0.356604
0.263679
0.617344
0.675023
0.190418
0.43486
0.856075
0.889577
0.014927
0.944867
0.065232
0.53141
0.742482
0.860084
0.251697
0.48669
0.281534
0.184135
0.790697
0.326303
0.886182
0.968121
0.715618
0.727764
0.03608
0.701913
0.920768
0.445704
0.95714
0.486983
0.098996
0.901285
0.819471
0.561385
0.536649
0.024508
0.329744
0.064488
0.73333
0.882806
0.242893
0.921877
0.198322
0.653073
0.096063
0.880006
0.912641
0.0873
0.317725
0.082839
0.371976
0.658849
0.679586
0.054233
0.150176
0.411781
0.175115
0.180346
0.996464
0.500428
0.502661
0.038585
0.538028
0.328674
0.605485
0.140515
0.570209
0.21605
0.342207
0.509633
0.723731
0.763989
0.1836
0.023555
0.181476
0.423169
0.335314
0.683079
0.308
0.104514
0.54161
0.684258
0.087365
0.130866
0.625563
0.872415
0.534993
0.688724
0.239825
0.270283
0.748536
0.784119
0.695354
0.782754
0.189491
0.105132
0.358955
0.084612
0.148016
0.458416
0.966662
0.037167
0.124482
0.872954
0.665529
0.045197
0.110419
0.19426
0.652642
0.082963
0.58688
0.263314
0.965816
0.203882
0.077885
0.739788
0.200451
0.484125
0.462396
0.329497
0.504176
0.166775
0.766995
0.442508
0.662515
0.681498
0.327506
0.730823
0.405113
0.077628
0.449939
0.189917
0.423979
0.542381
0.227429
0.419488
0.874752
0.988999
0.503566
0.523896
0.809405
0.759204
0.3804
0.945801
0.496113
0.960446
0.635406
0.870704
0.733371
0.778411
0.331079
0.580305
0.081217
0.2445
0.038438
0.32083
0.69267
0.210324
0.811241
0.087103
0.996234
0.905974
0.292583
0.13527
0.994322
0.702535
0.117092
0.816762
0.099459
0.528176
0.695647
0.821246
0.697448
0.317801
0.214997
0.650821
0.03784
0.429653
0.380995
0.595694
0.164356
0.791795
0.025597
0.781861
0.621319
0.592216
0.554873
0.445219
0.836874
0.361366
0.094208
0.523433
0.481082
0.597931
0.015225
0.014977
0.615942
0.021754
0.616648
0.643413
0.889989
0.587796
0.664146
0.198392
0.528482
0.302716
0.827307
0.2732
0.252559
0.431389
0.225602
0.387954
0.706434
0.72681
0.014604
0.043938
0.907407
0.934465
0.265582
0.87239
0.167235
0.011212
0.559123
0.022427
0.207046
0.033972
0.38735
0.941741
0.832808
0.265561
0.40971
0.769159
0.868983
0.867465
0.743899
0.39004
0.937559
0.596074
0.884453
0.053311
0.296574
0.143505
0.037381
0.719931
0.669722
0.830152
0.652085
0.259388
0.436462
0.972647
0.780084
0.524467
0.040541
0.978953
0.978224
0.964137
0.93508
0.155657
0.135601
0.583248
0.017335
0.450745
0.03094
0.37199
0.398432
0.518827
0.115662
0.145927
0.424838
0.751054
0.050538
0.509338
0.720167
0.642232
0.510558
0.560919
0.055267
0.607357
0.718918
0.042216
0.2696
0.011894
0.376154
0.748178
0.168138
0.958928
0.63224
0.581213
0.828258
0.129358
0.299844
0.774435
0.554904
0.732241
0.899466
0.393082
0.756884
0.404198
0.377067
0.848355
0.481906
0.593746
0.026261
0.179021
0.447268
0.187583
0.399747
0.174588
0.858477
0.315922
0.395755
0.191449
0.247259
0.009944
0.625231
0.70461
0.424545
0.241862
0.592614
0.009603
0.011958
0.813629
0.214841
0.000832
0.491308
0.148817
0.43458
0.441053
0.384722
0.802824
0.605581
0.174183
0.353841
0.995698
0.290098
0.899379
0.917285
0.031678
0.894519
0.724787
0.879158
0.134187
0.940267
0.022437
0.868042
0.380177
0.286741
0.34911
0.471956
0.392119
0.335926
0.759432
0.707329
0.713965
0.14299
0.108686
0.197121
0.669594
0.459891
0.548754
0.250667
0.815214
0.685098
0.280643
0.555043
0.165351
0.49098
0.138801
0.403127
0.949167
0.741603
0.922601
0.186766
0.323024
0.889824
0.361312
0.930293
0.551134
0.867461
0.658785
0.467892
0.465125
0.96861
0.8157
0.952935
0.951717
0.083564
0.59581
0.42452
0.108392
0.351661
0.134441
0.237527
0.431026
0.136048
0.476302
0.704825
0.734752
0.812239
0.775958
0.502094
0.880022
0.610271
0.252935
0.087349
0.577597
0.476733
0.887973
0.505637
0.426261
0.907414
0.348926
0.061819
0.077172
0.337557
0.168039
0.921564
0.365292
0.742904
0.993213
0.110379
0.1898
0.046481
0.271843
0.920059
0.12967
0.692522
0.43518
0.85299
0.678824
0.500869
0.890341
0.284964
0.926062
0.436773
0.163796
0.423982
0.946478
0.196886
0.142051
0.175191
0.677759
0.914517
0.066339
0.528281
0.086488
0.045795
0.770526
0.263756
0.059383
0.521175
0.477234
0.821175
0.712206
0.44314
0.396218
0.586466
0.959048
0.878417
0.76419
0.373091
0.752376
0.03089
0.065605
0.99556
0.979219
0.988304
0.340149
0.414978
0.085377
0.692512
0.517964
0.460354
0.142686
0.733987
0.641721
0.166761
0.503838
0.429306
0.819713
0.975973
0.012574
0.223239
0.833825
0.07591
0.378312
0.925342
0.081127
0.105899
0.740099
0.115665
0.35799
0.283055
0.94176
0.422535
0.441595
0.712707
0.89434
0.661871
0.999156
0.665143
0.718227
0.38438
0.75281
0.220449
0.442097
0.364056
0.36104
0.028148
0.873075
0.64163
0.997743
0.556421
0.280356
0.473788
0.721944
0.894943
0.621061
0.642458
0.401595
0.653243
0.789919
0.996338
0.658058
0.006974
0.96074
0.317033
0.119971
0.292395
0.155771
0.304568
0.377121
0.750918
0.955046
0.624379
0.757346
0.419796
0.72431
0.74099
0.596658
0.161019
0.785883
0.086891
0.166423
0.293562
0.729414
0.487044
0.073515
0.031306
0.839167
0.394305
6.8e-05
0.432229
0.834784
0.126226
0.874755
0.144772
0.838083
0.645409
0.060996
0.773479
0.620185
0.120777
0.093215
0.664418
0.283003
0.23506
0.489457
0.779467
0.048621
0.958603
0.165963
0.740154
0.815133
0.070405
0.649784
0.347973
0.706582
0.275756
0.351709
0.348313
0.198324
0.928644
0.85002
0.528678
0.969935
0.300783
0.446319
0.756739
0.916137
0.55596
0.505385
0.851599
0.497037
0.9293
0.679755
0.173526
0.007708
0.594881
0.027247
0.41534
0.019429
0.684212
0.980332
0.489084
0.281223
0.97737
0.734346
0.268936
0.240646
0.340051
0.254296
0.690981
0.711954
0.599587
0.643876
0.076101
0.844905
0.378172
0.97773
0.835351
0.882391
0.390685
0.016187
0.001657
0.175367
0.665259
0.103189
0.739438
0.147034
0.830368
0.088179
0.062633
0.420906
0.284256
0.861224
0.152957
0.811729
0.060174
0.133482
0.022378
0.301268
0.444676
0.908455
0.748368
0.858319
0.096541
0.879205
0.930979
0.794366
0.191414
0.069494
0.210116
0.586055
0.747516
0.497864
0.750337
0.051974
0.202257
0.183915
0.776919
0.097885
0.310354
0.04393
0.199155
0.496651
0.091313
0.711075
0.935383
0.246743
0.441392
0.151726
0.745938
0.643748
0.031769
0.59275
0.467989
0.756727
0.246521
0.238651
0.920691
0.908455
0.062586
0.996441
0.749349
0.337262
0.785905
0.171939
0.052069
0.421303
0.169634
0.690037
0.035296
0.087632
0.235571
0.665223
0.499643
0.384133
0.954254
0.516906
0.782287
0.226202
0.068369
0.809023
0.831298
0.929816
0.758951
0.677446
0.303904
0.769464
0.721112
0.656051
0.4549
0.572757
0.282112
0.543971
0.0299
0.937857
0.529778
0.001058
0.333925
0.038472
0.602246
0.149656
0.718534
0.613589
0.258083
0.315086
0.304759
0.779387
0.216824
0.652483
0.58604
0.075427
0.20826
0.676135
0.928115
0.04881
0.892646
0.130343
0.393041
0.139711
0.258328
0.211398
0.940691
0.71174
0.307368
0.690923
0.766883
0.468526
0.113316
0.611567
0.682642
0.012116
0.350252
0.016555
0.100368
0.788638
0.696048
0.545006
0.455281
0.49656
0.176744
0.936859
0.881639
0.362871
0.030193
0.276297
0.168372
0.307916
0.298178
0.743073
0.471063
0.258577
0.041718
0.117803
0.482204
0.417061
0.613097
0.72015
0.32772
0.391883
0.691378
0.846261
0.636683
0.255746
0.009765
0.646859
0.975485
0.384536
0.397876
0.877523
0.986637
0.3385
0.512554
0.088641
0.481407
0.254753
0.149391
0.027935
0.246747
0.96983
0.887052
0.376426
0.154963
0.12972
0.382223
0.288677
0.493565
0.619115
0.578103
0.650252
0.361569
0.456952
0.643126
0.533629
0.220941
0.440092
0.838098
0.779775
0.359134
0.706881
0.295817
0.166434
0.128828
0.396143
0.479421
0.254967
0.220363
0.119697
0.957677
0.991978
0.180115
0.547446
0.592083
0.983177
0.880251
0.94356
0.963205
0.413629
0.656364
0.707718
0.338147
0.804949
0.328074
0.954141
0.700621
0.525004
0.082241
0.055838
0.772737
0.320522
0.344398
0.314986
0.519028
0.987545
0.919369
0.088506
0.482861
0.358945
0.977652
0.847541
0.162963
0.432056
0.399567
0.108588
0.420092
0.301062
0.585148
0.572002
0.355798
0.007626
0.745229
0.103776
0.213203
0.402495
0.224339
0.211415
0.166057
0.586716
0.098657
0.672113
0.130499
0.191244
0.127539
0.084091
0.131076
0.186228
0.301781
0.511331
0.609964
0.334187
0.266961
0.642196
0.979438
0.551783
0.704616
0.589752
0.212315
0.798156
0.537427
0.825313
0.033434
0.318403
0.033925
0.406188
0.08328
0.730612
0.488932
0.562127
0.52208
0.141194
0.809053
0.270512
0.957933
0.297244
0.731561
0.700883
0.949608
0.341735
0.507806
0.086159
0.880199
0.89868
0.241446
0.818373
0.167839
0.701415
0.98766
0.02078
0.792138
0.87751
0.814895
0.073121
0.098549
0.529829
0.417054
0.714764
0.285054
0.801167
0.395805
0.976531
0.068342
0.2565
0.030136
0.338398
0.746864
0.861229
0.258727
0.612746
0.613305
0.819909
0.234244
0.147898
0.192188
0.906235
0.390039
0.605237
0.324486
0.115925
0.063506
0.475988
0.632748
0.837855
0.851214
0.133656
0.244709
0.706419
0.643313
0.775602
0.067652
0.154532
0.86801
0.299831
0.309375
0.002472
0.933989
0.434547
0.289592
0.109165
0.740026
0.30757
0.826436
0.487717
0.243746
0.908055
0.085704
0.810493
0.013642
0.316332
0.857488
0.717779
0.260324
0.587921
0.190517
0.261666
0.047337
0.843833
0.891817
0.595226
0.437836
0.647259
0.796848
0.002243
0.298232
0.036804
0.664343
0.703451
0.412552
0.749087
0.916558
0.863281
0.869329
0.333813
0.74169
0.314384
0.337003
0.993546
0.747123
0.268807
0.495348
0.19131
0.736352
0.42916
0.933933
0.247276
0.559335
0.92548
0.430189
0.109263
0.727978
0.268084
0.552024
0.490049
0.309611
0.976444
0.996375
0.468745
0.238257
0.081149
0.109087
0.604246
0.443762
0.889015
0.862544
0.70477
0.130143
0.905554
0.777037
0.522859
0.421883
0.015937
0.467177
0.888807
0.103112
0.468753
0.907528
0.879667
0.444779
0.269529
0.347436
0.749854
0.922457
0.181151
0.285388
0.00169
0.632315
0.906329
0.127051
0.057672
0.226329
0.81473
0.716967
0.072596
0.126427
0.040471
0.889165
0.074739
0.415582
0.511157
0.022331
0.71207
0.031932
0.077249
0.951837
0.466397
0.407365
0.104289
0.652289
0.197649
0.592919
0.220828
0.348856
0.609131
0.989614
0.759241
0.447697
0.642423
0.459052
0.300686
0.751988
0.00316
0.594673
0.62958
0.798838
0.532617
0.804801
0.63421
0.049628
0.171939
0.153077
0.589951
0.325569
0.715504
0.59675
0.546591
0.350292
0.077216
0.585761
0.629021
0.267834
0.232984
0.216437
0.632233
0.045739
0.483859
0.887287
0.1744
0.045495
0.687983
0.003505
0.944588
0.689708
0.959061
0.429155
0.218929
0.589314
0.272448
0.709326
0.104733
0.166801
0.915418
0.491768
0.959591
0.701853
0.569442
0.848415
0.930359
0.147753
0.757677
0.473885
0.759164
0.818635
0.895625
0.904238
0.178576
0.146667
0.389126
0.347566
0.009388
0.958682
0.353129
0.097103
0.876981
0.515468
0.210523
0.993885
0.866888
0.873605
0.540842
0.993425
0.9472
0.856363
0.565411
0.239594
0.080285
0.717917
0.503533
0.919303
0.679737
0.294637
0.673659
0.256221
0.158733
0.934
0.62266
0.816389
0.027243
0.814633
0.415463
0.80062
0.389524
0.683764
0.46693
0.973919
0.049663
0.327871
0.00675
0.261008
0.595536
0.311787
0.454313
0.778811
0.841812
0.519957
0.717414
0.289526
0.358313
0.244752
0.882147
0.205474
0.565795
0.51008
0.490287
0.699846
0.036321
0.166349
0.538932
0.547914
0.911139
0.304065
0.003149
0.750401
0.915119
0.738917
0.552849
0.499897
0.015365
0.289264
0.946271
0.525564
0.822001
0.065117
0.932401
0.973706
0.692747
0.231799
0.494679
0.124047
0.699666
0.116777
0.860012
0.895163
0.736196
0.258547
0.526045
0.598721
0.410758
0.215505
0.0655
0.087144
0.381269
0.404515
0.23134
0.84984
0.664226
0.148745
0.914395
0.322856
0.618338
0.715539
0.57656
0.480487
0.880868
0.669136
0.504235
0.840809
0.908022
0.225801
0.320721
0.370499
0.540929
0.09153
0.54391
0.306343
0.402738
0.013014
0.311337
0.707607
0.377899
0.772699
0.063516
0.241599
0.75755
0.771769
0.571166
0.779681
0.640497
0.821539
0.382741
0.929921
0.960009
0.769463
0.624329
0.121478
0.004792
0.673314
0.202361
0.447584
0.998209
0.241438
0.678707
0.259717
0.424033
0.420536
0.906049
0.62745
0.857187
0.304508
0.655656
0.24526
0.925619
0.420438
0.84746
0.546464
0.432324
0.671028
0.537709
0.824251
0.247822
0.997634
0.656276
0.174829
0.341709
0.346179
0.480729
0.041429
0.191578
0.789195
0.30905
0.113314
0.477641
0.704338
0.550283
0.607898
0.15559
0.027255
0.984558
0.817573
0.707836
0.694634
0.215695
0.136205
0.234112
0.1869
0.83432
0.739982
0.636254
0.618728
0.203209
0.671029
0.121539
0.198926
0.964207
0.518216
0.462715
0.45152
0.123089
0.665433
0.742516
0.508438
0.750316
0.828638
0.288913
0.513379
0.440203
0.411123
0.089618
0.697661
0.737523
0.127256
0.347598
0.910357
0.501057
0.144872
0.126152
0.088807
0.742935
0.951914
0.635596
0.237637
0.146124
0.619566
0.112353
0.850062
0.956538
0.117224
0.234968
0.502382
0.779488
0.401388
0.03257
0.190127
0.30473
0.764168
0.047169
0.316638
0.645183
0.892345
0.741213
0.177981
0.103373
0.339155
0.951801
0.829018
0.711692
0.52958
0.231417
0.326278
0.574507
0.462942
0.039161
0.872472
0.832521
0.571884
0.629662
0.472083
0.695344
0.132768
0.070981
0.952302
0.828609
0.145054
0.650346
0.86563
0.531624
0.098147
0.379256
0.679438
0.646251
0.91406
0.021105
0.544433
0.828765
0.709846
0.019347
0.732216
0.005082
0.793161
0.337107
0.130956
0.572893
0.001347
0.612288
0.533836
0.228585
0.090486
0.036798
0.564376
0.0871
0.513025
0.883035
0.295486
0.470248
0.84736
0.971066
0.121619
0.207561
0.014142
0.274298
0.614323
0.287064
0.472519
0.109542
0.358271
0.592645
0.095359
0.827011
0.450844
0.083919
0.1079
0.300813
0.864022
0.339205
0.329496
0.73714
0.894098
0.555621
0.818035
0.320109
0.854434
0.920295
0.475811
0.773066
0.919729
0.702468
0.326353
0.232001
0.24035
0.427528
0.628109
0.24283
0.904094
0.177488
0.491581
0.437561
0.919438
0.736999
0.824985
0.66616
0.910187
0.823324
0.861906
0.651249
0.904092
0.464743
0.756001
0.399261
0.127497
0.944711
0.214218
0.262195
0.305808
0.559789
0.809617
0.828029
0.158565
0.905499
0.261472
0.301149
0.513814
0.087379
0.996747
0.139188
0.582084
0.894848
0.475321
0.329035
0.108992
0.593519
0.992548
0.579333
0.609481
0.030296
0.100123
0.916436
0.812162
0.335488
0.624292
0.056007
0.604514
0.145734
0.432747
0.41805
0.934137
0.720732
0.116892
0.00602
0.127386
0.794392
0.019743
0.256263
0.16492
0.239157
0.294649
0.31571
0.289477
0.054386
0.892874
0.639521
0.869156
0.737643
0.091708
0.878122
0.803606
0.952843
0.93334
0.505797
0.917636
0.721631
0.539189
0.244501
0.75661
0.269386
0.232891
0.914886
0.153262
0.340381
0.933117
0.890393
0.951965
0.652396
0.843664
0.554879
0.423115
0.817363
0.062662
0.809474
0.04775
0.033421
0.523738
0.434574
0.704864
0.777856
0.917824
0.06964
0.754722
0.729202
0.870509
0.415858
0.681714
0.1622
0.575236
0.537935
0.765783
0.942637
0.387335
0.664081
0.474685
0.921677
0.881212
0.098625
0.117283
0.407462
0.489122
0.448675
0.486591
0.58871
0.603401
0.826302
0.356141
0.345894
0.190589
0.076454
0.943826
0.048081
0.892952
0.391313
0.220078
0.547783
0.397419
0.774995
0.791933
0.179063
0.689013
0.621908
0.937215
0.891467
0.579355
0.039548
0.576943
0.795449
0.442777
0.711908
0.607924
0.440006
0.891428
0.415114
0.362554
0.40541
0.334502
0.829419
0.157553
0.942913
0.345278
0.136194
0.948835
0.658652
0.637567
0.742365
0.684113
0.310506
0.998711
0.530505
0.726556
0.403872
0.078945
0.352496
0.842686
0.193952
0.904762
0.396884
0.927741
0.119701
0.263498
0.09133
0.216133
0.565189
0.88506
0.982367
0.316091
0.292304
0.318409
0.300926
0.77281
0.93444
0.250106
0.775852
0.543427
0.061572
0.30611
0.759188
0.94567
0.110806
0.95926
0.600333
0.386533
0.361865
0.24967
0.328467
0.250259
0.702843
0.021675
0.621901
0.1587
0.338982
0.983993
0.907467
0.628258
0.508001
0.491619
0.976277
0.821014
0.19799
0.047282
0.235527
0.90489
0.984902
0.02726
0.786436
0.731729
0.225205
0.335047
0.242762
0.523699
0.419048
0.322294
0.552815
0.793899
0.156789
0.967467
0.114382
0.572316
0.931847
0.89832
0.525606
0.440001
0.407873
0.263076
0.47181
0.339259
0.324473
0.271518
0.718477
0.877272
0.72811
0.175455
0.871085
0.778481
0.602978
0.289689
0.541802
0.06755
0.199528
0.786038
0.731288
0.963933
0.250763
0.995197
0.980605
0.747498
0.039524
0.897106
0.744138
0.182621
0.504837
0.200181
0.952329
0.23273
0.302866
0.003969
0.026415
0.250817
0.072773
0.833061
0.643007
0.700679
0.310265
0.326221
0.266465
0.516044
0.684108
0.495631
0.672491
0.104183
0.493721
0.833733
0.527632
0.465282
0.732338
0.679192
0.897628
0.967844
0.035952
0.348883
0.053324
0.050653
0.993086
0.699274
0.369119
0.150353
0.93074
0.547103
0.716271
0.909366
0.207959
0.912437
0.7324
0.52947
0.571654
0.508687
0.082561
0.236694
0.296858
0.134616
0.641903
0.891664
0.417952
0.886615
0.982021
0.591541
0.540361
0.567838
0.571219
0.477335
0.839966
0.018781
0.437807
0.483768
0.728991
0.577193
0.113871
0.221044
0.670994
0.598841
0.594879
0.493198
0.248046
0.034962
0.147185
0.446273
0.519561
0.787971
0.530785
0.575011
0.048809
0.324576
0.132556
0.343226
0.028597
0.890444
0.569218
0.239741
0.941283
0.184401
0.815466
0.031308
0.377128
0.682156
0.342614
0.855606
0.865133
0.37685
0.665651
0.177329
0.802235
0.529242
0.737054
0.114377
0.738984
0.341342
0.074254
0.744441
0.054754
0.41238
0.206307
0.837769
0.001528
0.808421
0.197753
0.471336
0.376837
0.496655
0.722254
0.897022
0.938039
0.282089
0.444984
0.507486
0.224287
0.528257
0.053229
0.815154
0.388669
0.013904
0.530676
0.93157
0.9633
0.32232
0.117721
0.904772
0.186306
0.653235
0.359974
0.766885
0.011745
0.212504
0.914526
0.467787
0.395039
0.328639
0.476737
0.595217
0.340163
0.968445
0.333082
0.019957
0.991006
0.621639
0.273472
0.447711
0.468407
0.943002
0.413485
0.995375
0.961396
0.235225
0.843392
0.189351
0.832411
0.524548
0.045086
0.022439
0.271004
0.274543
0.297262
0.248343
0.671165
0.19972
0.971192
0.796246
0.35688
0.649984
0.492838
0.070462
0.46346
0.694424
0.563618
0.516695
0.788042
0.774579
0.170996
0.195754
0.071859
0.262406
0.045514
0.703955
0.668414
0.805437
0.015372
0.810038
0.756825
0.375253
0.382803
0.482327
0.465575
0.141134
0.960581
0.180774
0.150215
0.130855
0.41331
0.177153
0.024467
0.997043
0.852615
0.667558
0.45253
0.216246
0.202897
0.107531
0.023351
0.361347
0.403523
0.881274
0.627734
0.773367
0.96752
0.531037
0.22041
0.072794
0.754481
0.953345
0.58508
0.017094
0.06063
0.034364
0.889506
0.150167
0.514464
0.817376
0.503229
0.03443
0.914018
0.626708
0.439001
0.545108
0.165053
0.5308
0.566308
0.751179
0.082977
0.592216
0.675363
0.681712
0.755414
0.88158
0.023627
0.773132
0.124776
0.362795
0.290761
0.298159
0.95259
0.810896
0.97388
0.91225
0.012523
0.486665
0.671094
0.318957
0.529752
0.781766
0.86938
0.003929
0.04576
0.947181
0.698094
0.481175
0.464304
0.415184
0.629091
0.542501
0.533327
0.434849
0.75021
0.645205
0.959212
0.089976
0.798864
0.853451
0.407865
0.416731
0.961767
0.464719
0.34652
0.163901
0.147352
0.079583
0.644457
0.996739
0.021836
0.113361
0.585161
0.729791
0.863155
0.801193
0.581037
0.902798
0.116037
0.478933
0.188834
0.386462
0.805862
0.143982
0.477269
0.767712
0.936234
0.51858
0.960141
0.082121
0.206556
0.562577
0.054871
0.210682
0.916788
0.446574
0.833482
0.863692
0.427787
0.19818
0.44832
0.260892
0.961292
0.266444
0.902199
0.968229
0.511873
0.667034
0.483017
0.573558
0.510308
0.54004
0.607937
0.59575
0.265467
0.850699
0.458605
0.010367
0.581329
0.932464
0.142424
0.833883
0.452951
0.875322
0.214741
0.393178
0.503435
0.633054
0.308178
0.657693
0.249994
0.786491
0.053903
0.300879
0.030777
0.66308
0.317402
0.507588
0.337743
0.812285
0.179514
0.26405
0.437797
0.728421
0.513854
0.325196
0.066645
0.416521
0.616503
0.240101
0.513419
0.996539
0.341713
0.704313
0.393301
0.198585
0.91464
0.84726
0.374726
0.35246
0.407535
0.725792
0.692859
0.808855
0.952885
0.120348
0.339028
0.469166
0.39431
0.246494
0.12907
0.392099
0.04188
0.794034
0.22429
0.307616
0.949123
0.652605
0.47147
0.05281
0.699168
0.175652
0.548737
0.046245
0.143381
0.32759
0.565076
0.370158
0.934723
0.832068
0.287832
0.746472
0.099822
0.682365
0.067906
0.607967
0.637748
0.043824
0.386281
0.841305
0.110547
0.116356
0.495075
0.145778
0.847749
0.766851
0.791922
0.052194
0.919042
0.013289
0.527707
0.695497
0.731875
0.764368
0.103114
0.326003
0.064632
0.384536
0.690795
0.650007
0.590637
0.168065
0.7263
0.292584
0.772997
0.941874
0.637957
0.413993
0.923335
0.026219
0.511367
0.354959
0.02296
0.312717
0.470355
0.493706
0.051958
0.744504
0.589772
0.315688
0.581445
0.988425
0.608359
0.094873
0.250506
0.246044
0.245789
0.096473
0.534644
0.192705
0.798379
0.818462
0.281526
0.530447
0.49764
0.578617
0.362209
0.670412
0.659722
0.74195
0.982986
0.408977
0.86405
0.509538
0.473931
0.827378
0.1897
0.768017
0.911038
0.475969
0.279953
0.018655
0.165226
0.618251
0.870953
0.344656
0.110385
0.708977
0.517695
0.069992
0.851024
0.511688
0.860161
0.486686
0.29653
0.168752
0.540021
0.259411
0.389188
0.97249
0.93351
0.637154
0.608976
0.031926
0.969549
0.232167
0.246392
0.418794
0.597758
0.74357
0.391188
0.183734
0.671413
0.322895
0.863232
0.088541
0.199913
0.471842
0.49809
0.99618
0.925226
0.824884
0.949387
0.964226
0.805427
0.190141
0.110165
0.892051
0.692577
0.190357
0.305129
0.609147
0.642957
0.314903
0.518013
0.244211
0.60721
0.878001
0.49617
0.247151
0.064513
0.314917
0.054315
0.605092
0.825929
0.445603
0.454619
0.920299
0.025983
0.584529
0.467798
0.542611
0.168239
0.806856
0.2071
0.173819
0.694471
0.9194
0.81446
0.704644
0.583849
0.285385
0.503881
0.233503
0.429581
0.126082
0.246833
0.822639
0.229828
0.771949
0.605219
0.177425
0.581401
0.365038
0.260684
0.01
0.343975
0.85638
0.375709
0.440665
0.920783
0.630127
0.290938
0.497887
0.715133
0.322136
0.037193
0.039144
0.280193
0.882779
0.725021
0.083246
0.24866
0.062913
0.63666
0.662028
0.324832
0.268037
0.539008
0.571179
0.332374
0.583038
0.295244
0.141819
0.871603
0.26917
0.110469
0.814663
0.452111
0.613937
0.146533
0.232566
0.505498
0.271348
0.271373
0.825809
0.773891
0.339948
0.361834
0.095555
0.516676
0.499711
0.747239
0.46481
0.338918
0.292906
0.052019
0.063599
0.819385
0.070592
0.052677
0.428333
0.94642
0.396743
0.293963
0.763286
0.585751
0.58334
0.076976
0.271954
0.601062
0.022943
0.542762
0.289076
0.721673
0.370408
0.944158
0.639713
0.870667
0.814332
0.715042
0.796985
0.393962
0.458234
0.150083
0.933735
0.948053
0.514692
0.546763
0.697796
0.307111
0.269492
0.846799
0.187028
0.927706
0.470155
0.491535
0.372962
0.058425
0.427284
0.152233
0.157477
0.343143
0.047052
0.647794
0.231319
0.007244
0.250344
0.074219
0.530164
0.140539
0.861044
0.882278
0.659383
0.429034
0.061015
0.234431
0.008554
0.125226
0.561057
0.58022
0.669104
0.876948
0.720017
0.184062
0.35149
0.690339
0.558757
0.331124
0.920591
0.800128
0.594609
0.341821
0.323092
0.35435
0.675443
0.724714
0.170788
0.636252
0.246858
0.831017
0.358638
0.488691
0.331027
0.283681
0.172243
0.358955
0.843698
0.469314
0.385368
0.760962
0.959578
0.559742
0.909744
0.593211
0.409201
0.489853
0.672524
0.584464
0.290499
0.076953
0.953604
0.16862
0.372517
0.975984
0.619492
0.345088
0.103022
0.440574
0.192443
0.371492
0.466393
0.282241
0.539774
0.068054
0.311132
0.424965
0.82427
0.774858
0.798898
0.772536
0.621824
0.236307
0.448235
0.415623
0.221519
0.617514
0.38638
0.549121
0.303533
0.450177
0.37917
0.740554
0.016401
0.163227
0.285128
0.374407
0.131277
0.169403
0.184101
0.71246
0.192684
0.508286
0.823478
0.043911
0.522538
0.500071
0.225926
0.208721
0.173858
0.110651
0.824992
0.863623
0.191544
0.080458
0.483455
0.587904
0.748948
0.460671
0.155159
0.372781
0.710979
0.56238
0.316661
0.358195
0.244124
0.195207
0.204517
0.527574
0.095189
0.7464
0.854169
0.067452
0.07012
0.068244
0.856461
0.255761
0.251433
0.91795
0.388078
0.732661
0.938602
0.520704
0.655825
0.859304
0.554807
0.570406
0.232276
0.073525
0.896635
0.6844
0.933539
0.534003
0.066986
0.863398
0.845351
0.899648
0.677541
0.945861
0.230017
0.932497
0.733673
0.06151
0.740886
0.181225
0.223186
0.112492
0.892206
0.873711
0.125958
0.555568
0.581523
0.733861
0.232612
0.83552
0.004622
0.958334
0.221892
0.498575
0.389207
0.649412
0.435333
0.779801
0.274621
0.592414
0.238318
0.128973
0.668898
0.01536
0.165339
0.460397
0.216307
0.130395
0.204887
0.856088
0.249483
0.546545
0.203034
0.997547
0.238654
0.446948
0.022706
0.987148
0.379196
0.594082
0.988982
0.913647
0.475084
0.335087
0.515821
0.532927
0.948686
0.933928
0.78948
0.210628
0.770255
0.810207
0.235621
0.68158
0.120569
0.528184
0.570449
0.782974
0.626857
0.156335
0.454028
0.548777
0.547434
0.207401
0.842436
0.681248
0.311438
0.536356
0.331009
0.235445
0.231725
0.582141
0.135741
0.006702
0.670017
0.688662
0.881533
0.15166
0.356382
0.40355
0.162433
0.58662
0.950525
0.973825
0.136879
0.326893
0.757774
0.099117
0.027584
0.058759
0.734787
0.5797
0.656244
0.618205
0.869113
0.955028
0.299846
0.749847
0.521545
0.125506
0.324002
0.706643
0.442017
0.583998
0.139772
0.909629
0.170009
0.8694
0.91083
0.170039
0.292202
0.029399
0.946381
0.714595
0.661978
0.173991
0.38614
0.815651
0.096555
0.421035
0.302077
0.171138
0.126479
0.581585
0.517404
0.151634
0.567053
0.911292
0.442269
0.023174
0.899531
0.533013
0.060492
0.938248
0.177866
0.264988
0.131404
0.524395
0.14552
0.850878
0.612283
0.135422
0.766228
0.978721
0.209195
0.280832
0.171899
0.828026
0.294683
0.017358
0.926609
0.64983
0.024938
0.752147
0.857152
0.661361
0.065758
0.357744
0.344742
0.685502
0.887649
0.758115
0.711705
0.797874
0.445592
0.371655
0.609949
0.905645
0.694593
0.690908
0.680481
0.87416
0.120684
0.347335
0.01802
0.845758
0.387922
0.863308
0.992876
0.186132
0.579254
0.970752
0.250235
0.730751
0.296867
0.121823
0.32991
0.597921
0.229019
0.49399
0.946929
0.676275
0.623895
0.925323
0.424492
0.000935
0.75398
0.394509
0.303824
0.393315
0.651852
0.884434
0.843722
0.889232
0.946342
0.754513
0.58006
0.26706
0.562666
0.894392
0.383447
0.434382
0.717303
0.502625
0.558442
0.930835
0.777044
0.284122
0.159924
0.370676
0.815851
0.227639
0.231923
0.425968
0.274203
0.762431
0.376038
0.05773
0.208304
0.217805
0.828459
0.243878
0.582396
0.772523
0.271194
0.96685
0.066103
0.994949
0.119672
0.607269
0.307206
0.940667
0.955357
0.364793
0.266891
0.947899
0.837092
0.6028
0.724003
0.365992
0.255951
0.641675
0.289376
0.115279
0.702684
0.551632
0.827648
0.068738
0.123528
0.33839
0.56414
0.160594
0.794536
0.389524
0.439264
0.847174
0.232556
0.710067
0.577904
0.658124
0.971785
0.114723
0.403659
0.49761
0.685467
0.017063
0.758979
0.127022
0.495627
0.740674
0.649967
0.583774
0.27925
0.7276
0.232354
0.91374
0.810487
0.255599
0.611955
0.365085
0.265045
0.75307
0.959504
0.158213
0.338877
0.333562
0.940893
0.503381
0.686711
0.858795
0.868991
0.479689
0.868966
0.52345
0.49942
0.623679
0.514928
0.859503
0.431387
0.813883
0.913038
0.436256
0.643187
0.106699
0.955158
0.24468
0.51629
0.531223
0.241164
0.084862
0.87558
0.812311
0.408902
0.489037
0.224026
0.270815
0.213297
0.325787
0.74203
0.324449
0.187666
0.412931
0.293767
0.84414
0.856459
0.927988
0.453556
0.701607
0.205896
0.822456
0.231196
0.453813
0.909095
0.312505
0.649346
0.432281
0.997755
0.311524
0.349216
0.167866
0.555469
0.444531
0.729779
0.493751
0.831736
0.488286
0.322221
0.357298
0.154049
0.446656
0.457471
0.660787
0.709849
0.492056
0.371266
0.079653
0.830036
0.505146
0.974781
0.073107
0.653603
0.762139
0.918646
0.138035
0.543691
0.760951
0.091635
0.550534
0.40091
0.345618
0.224755
0.791693
0.414414
0.253549
0.245854
0.164095
0.81254
0.713686
0.84678
0.733982
0.89445
0.613566
0.434289
0.165663
0.441766
0.636711
0.491643
0.812378
0.515785
0.989532
0.801359
0.488905
0.940317
0.19393
0.716618
0.888156
0.954982
0.703785
0.229034
0.707888
0.443667
0.516448
0.187822
0.185213
0.108188
0.451649
0.306576
0.638415
0.408413
0.202415
0.510805
0.226996
0.253335
0.679015
0.232619
0.616355
0.849762
0.360536
0.608175
0.600099
0.978911
0.065574
0.646773
0.493292
0.83226
0.11984
0.267356
0.121907
0.830021
0.997549
0.534823
0.225275
0.969091
0.205817
0.412352
0.786081
0.004349
0.991561
0.426868
0.913959
0.865243
0.783516
0.390409
0.032885
0.878992
0.756165
0.703343
0.330316
0.954767
0.492986
0.861794
0.841486
0.401175
0.270451
0.224604
0.74677
0.885437
0.296446
0.9352
0.638074
0.448436
0.173622
0.703483
0.461917
0.964201
0.856243
0.880301
0.946423
0.063223
0.463188
0.22212
0.613317
0.046529
0.543757
0.774169
0.361808
0.52946
0.149837
0.336111
0.004682
0.189322
0.299478
0.278214
0.969231
0.834753
0.95325
0.870122
0.566482
0.149515
0.129857
0.690646
0.857291
0.595778
0.439282
0.467877
0.097657
0.969257
0.839694
0.124154
0.612154
0.268446
0.062974
0.198101
0.199545
0.448011
0.461079
0.901608
0.545919
0.867056
0.507741
0.011812
0.884872
0.492322
0.467735
0.157403
0.607936
0.118167
0.699647
0.391406
0.58824
0.111237
0.854366
0.459417
0.514493
0.514857
0.432362
0.509628
0.173683
0.169541
0.270729
0.449683
0.021971
0.40389
0.213352
0.30444
0.312207
0.060664
0.380024
0.877346
0.267816
0.811105
0.403946
0.569566
0.955874
0.104798
0.257704
0.352723
0.072727
0.546948
0.305812
0.924637
0.225636
0.614604
0.365278
0.929748
0.019689
0.386008
0.374372
0.442112
0.172827
0.688667
0.408189
0.074616
0.251068
0.589265
0.055629
0.849695
0.157929
0.026404
0.353178
0.502851
0.442592
0.157234
0.610684
0.55001
0.820113
0.76303
0.482473
0.055652
0.462668
0.022161
0.549945
0.580667
0.884626
0.683177
0.990841
0.271013
0.070013
0.499284
0.927987
0.827465
0.3558
0.053544
0.198651
0.635145
0.446053
0.361183
0.217025
0.879505
0.046563
0.330736
0.73512
0.576973
0.025041
0.215984
0.394729
0.133406
0.971553
0.628191
0.933543
0.379645
0.433532
0.340065
0.142494
0.13156
0.52475
0.65003
0.251672
0.772277
0.160862
0.203048
0.480739
0.000301
0.914247
0.319791
0.000559
0.018162
0.269557
0.251551
0.349449
0.208771
0.216504
0.982586
0.294125
0.281197
0.521176
0.617893
0.070779
0.719264
0.145145
0.97514
0.568417
0.466598
0.442012
0.499203
0.884729
0.922636
0.716078
0.774671
0.820133
0.261236
0.881331
0.260132
0.433423
0.485919
0.781663
0.405393
0.010703
0.012083
0.015467
0.233174
0.635181
0.310666
0.721697
0.808999
0.694496
0.360889
0.273428
0.908674
0.001715
0.093697
0.11342
0.831592
0.711763
0.394541
0.776488
0.254316
0.371896
0.245214
0.570749
0.494198
0.264828
0.871485
0.831384
0.537126
0.068448
0.350338
0.445183
0.774728
0.308868
0.286689
0.013957
0.974324
0.473935
0.822425
0.434586
0.44155
0.373694
0.511076
0.498559
0.312465
0.683975
0.997962
0.834841
0.472864
0.861995
0.1006
0.235568
0.640676
0.577504
0.029768
0.350228
0.874606
0.059796
0.876912
0.888173
0.345278
0.691776
0.160282
0.013877
0.878768
0.399282
0.670312
0.040095
0.256255
0.513781
0.900766
0.032602
0.728356
0.430437
0.178385
0.38081
0.266479
0.868994
0.905431
0.457823
0.201936
0.370398
0.407354
0.36335
0.908944
0.287848
0.867848
0.953819
0.113488
0.328903
0.287411
0.010683
0.081692
0.682963
0.099183
0.336241
0.983633
0.136625
0.947208
0.73251
0.35715
0.20313
0.880778
0.348277
0.533854
0.624218
0.720456
0.393082
0.005767
0.189261
0.957761
0.644945
0.579501
0.720071
0.403158
0.189002
0.82136
0.889305
0.312031
0.642675
0.059097
0.119327
0.902279
0.554525
0.444996
0.680123
0.485845
0.213898
0.696435
0.935887
0.014813
0.986603
0.803681
0.453173
0.853483
0.896557
0.156375
0.827494
0.253155
0.019584
0.439487
0.010055
0.877944
0.078053
0.09006
0.968463
0.933387
0.317134
0.072301
0.415441
0.005483
0.939813
0.773711
0.36277
0.796723
0.37114
0.52852
0.678826
0.959787
0.908573
0.609118
0.34135
0.0821
0.982682
0.262021
0.138047
0.552174
0.126234
0.850234
0.71984
0.737463
0.793381
0.134162
0.018349
0.910525
0.555765
0.079781
0.967323
0.224692
0.466019
0.37354
0.894894
0.002457
0.616806
0.93779
0.090625
0.834023
0.503605
0.823201
0.492423
0.743206
0.237003
0.695149
0.185646
0.738243
0.132086
0.408616
0.763709
0.836326
0.998204
0.670242
0.543947
0.280651
0.116222
0.913607
0.934894
0.394062
0.442172
0.064205
0.253741
0.181551
0.616525
0.118961
0.950115
0.680026
0.863005
0.972388
0.561451
0.177062
0.073216
0.694448
0.703576
0.199021
0.615543
0.111838
0.622738
0.04104
0.112486
0.873213
0.572813
0.382494
0.964691
0.598349
0.307142
0.300726
0.566785
0.006339
0.787929
0.109877
0.595023
0.430539
0.483755
0.696355
0.760329
0.353707
0.147475
0.275552
0.277604
6.6e-05
0.815165
0.991585
0.402239
0.111247
0.917141
0.60601
0.000557
0.318941
0.816334
0.683082
0.513534
0.567524
0.534495
0.44128
0.873674
0.316495
0.539103
0.09817
0.439919
0.559884
0.133953
0.380348
0.338142
0.202036
0.712037
0.460907
0.339855
0.835363
0.206691
0.958832
0.724262
0.460058
0.86842
0.312191
0.919385
0.893419
0.12442
0.548447
0.238195
0.698392
0.727722
0.592834
0.36341
0.654038
0.99572
0.664527
0.500037
0.200844
0.626204
0.327881
0.32128
0.1741
0.20414
0.872889
0.408613
0.624443
0.601864
0.426711
0.610557
0.341257
0.017128
0.607681
0.094037
0.947655
0.221739
0.526394
0.364082
0.088069
0.016601
0.116507
0.68839
0.238301
0.845823
0.583779
0.746281
0.825135
0.380394
0.045428
0.685321
0.38533
0.876018
0.732809
0.089135
0.52324
0.1981
0.518222
0.835123
0.79157
0.232595
0.178791
0.212029
0.515722
0.780376
0.676919
0.112598
0.665689
0.20584
0.20357
0.26677
0.018479
0.693996
0.916701
0.227069
0.26737
0.142716
0.752952
0.049251
0.237806
0.068041
0.3663
0.619834
0.38956
0.077543
0.346298
0.082238
0.995555
0.344931
0.888505
0.251434
0.692382
0.13662
0.749777
0.801637
0.570282
0.015139
0.058123
0.965115
0.046895
0.974003
0.523468
0.008124
0.773743
0.225611
0.761215
0.015353
0.016444
0.623056
0.524573
0.282607
0.042891
0.12974
0.036178
0.474621
0.245681
0.904028
0.542646
0.388985
0.835018
0.739405
0.44557
0.078253
0.176102
0.972241
0.07664
0.608706
0.388007
0.413828
0.998114
0.736843
0.466139
0.337162
0.346874
0.397492
0.329994
0.384613
0.557874
0.121511
0.264273
0.135636
0.540722
0.378555
0.108931
0.903691
0.989179
0.897312
0.09508
0.268292
0.345139
0.429907
0.14407
0.283201
0.218388
0.829231
0.53753
0.992682
0.963946
0.700899
0.665988
0.013664
0.475424
0.814551
0.498722
0.51957
0.538602
0.341697
0.15691
0.675595
0.713734
0.092147
0.544176
0.851207
0.833337
0.842236
0.652453
0.72316
0.280168
0.722471
0.211364
0.433192
0.604715
0.964333
0.696785
0.012975
0.338354
0.012908
0.1392
0.055336
0.304936
0.581288
0.815076
0.191674
0.712648
0.660532
0.995199
0.060637
0.306375
0.010487
0.540983
0.724932
0.107183
0.76746
0.780785
0.984819
0.922153
0.628578
0.943418
0.191183
0.531437
0.904435
0.365684
0.683998
0.30864
0.704724
0.154898
0.523375
0.542427
0.671032
0.444082
0.309932
0.492788
0.848629
0.854623
0.02863
0.282031
0.787621
0.830437
0.369616
0.569703
0.047332
0.56959
0.384114
0.128307
0.549059
0.678545
0.505307
0.31558
0.940979
0.241923
0.548979
0.210094
0.730838
0.445694
0.282454
0.654791
0.093584
0.604973
0.112298
0.054113
0.535243
0.959891
0.9233
0.81906
0.317938
0.684523
0.997936
0.122895
0.587203
0.392311
0.082652
0.894499
0.862252
0.044648
0.221624
0.763343
0.695934
0.842813
0.122061
0.436511
0.820102
0.866744
0.884234
0.833037
0.965854
0.416183
0.202583
0.346185
0.454505
0.723351
0.383367
0.372577
0.754684
0.839064
0.173071
0.97045
0.399388
0.610336
0.09181
0.874767
0.153948
0.933316
0.376433
0.611226
0.749759
0.507425
0.440469
0.838247
0.806579
0.792612
0.401993
0.080121
0.263537
0.475729
0.071197
0.494929
0.571353
0.157579
0.947117
0.172784
0.877937
0.230859
0.160217
0.891044
0.802537
0.996665
0.206965
0.759241
0.954397
0.463311
0.330341
0.854674
0.842931
0.641739
0.470723
0.459405
0.519523
0.363048
0.037721
0.383857
0.165918
0.981626
0.815029
0.162275
0.151067
0.395094
0.491817
0.170511
0.823875
0.664067
0.346316
0.218487
0.204072
0.337193
0.121836
0.772422
0.539571
0.215734
0.090772
0.850056
0.144817
0.26083
0.978602
0.230566
0.363976
0.066893
0.567808
0.147785
0.417293
0.267925
0.427862
0.569511
0.98411
0.272056
0.216282
0.449332
0.216409
0.967556
0.442901
0.815496
0.148019
0.64053
0.133942
0.352766
0.542947
0.76325
0.659577
0.167798
0.333043
0.057027
0.206186
0.318457
0.126406
0.054519
0.784561
0.421897
0.198228
0.847211
0.201844
0.736867
0.068837
0.912709
0.631887
0.680822
0.470954
0.936794
0.327466
0.956074
0.369515
0.293118
0.672985
0.488469
0.167276
0.70387
0.681971
0.201113
0.3516
0.806024
0.037536
0.520448
0.783328
0.520046
0.900919
0.319913
0.526983
0.716771
0.754732
0.346989
0.159231
0.179463
0.395039
0.917155
0.389977
0.774208
0.663402
0.582975
0.33336
0.347043
0.676493
0.983067
0.731112
0.782976
0.924591
0.434205
0.004995
0.468828
0.659904
0.066009
0.056973
0.709342
0.269844
0.007813
0.75141
0.404006
0.041091
0.53094
0.645538
0.000975
0.606897
0.632819
0.120625
0.907739
0.987479
0.693449
0.644
0.513985
0.22104
0.538652
0.718047
0.952214
0.022474
0.044283
0.409452
0.61355
0.024137
0.676337
0.651801
0.894404
0.063863
0.164483
0.709617
0.308457
0.484487
0.509295
0.81282
0.821075
0.385445
0.655848
0.99863
0.715644
0.875088
0.920914
0.210286
0.086154
0.58693
0.232431
0.109075
0.307415
0.808447
0.794779
0.92456
0.471881
0.676799
0.283584
0.710496
0.520292
0.095012
0.157122
0.636711
0.15988
0.320908
0.16742
0.468154
0.592402
0.867387
0.285412
0.31771
0.813581
0.985904
0.210166
0.771696
0.996071
0.668639
0.956644
0.142595
0.050418
0.687124
0.64018
0.895116
0.153729
0.015078
0.023044
0.070445
0.297589
0.104761
0.866893
0.051822
0.45442
0.8995
0.138465
0.483831
0.750752
0.781569
0.3169
0.846515
0.825906
0.949976
0.408845
0.724135
0.557971
0.22242
0.213752
0.859312
0.958959
0.787711
0.856928
0.585575
0.000398
0.4607
0.317436
0.52769
0.212488
0.36757
0.092397
0.611698
0.431256
0.965635
0.155323
0.550987
0.699016
0.51908
0.280983
0.080938
0.101202
0.081274
0.364614
0.905976
0.580246
0.999518
0.636596
0.499525
0.715068
0.369784
0.346687
0.011577
0.149246
0.850234
0.348101
0.367969
0.202907
0.348325
0.059287
0.566796
0.664754
0.126276
0.205291
0.299314
0.092336
0.172437
0.404679
0.171156
0.596555
0.975585
0.180055
0.101695
0.729953
0.336847
0.968028
0.843988
0.854672
0.420944
0.701879
0.527098
0.264205
0.804312
0.952206
0.012281
0.050714
0.762162
0.61046
0.620436
0.21064
0.736915
0.912859
0.228551
0.712674
0.537045
0.077104
0.311333
0.252716
0.120099
0.874903
0.211487
0.990608
0.847746
0.62067
0.395573
0.660661
0.962204
0.431174
0.955293
0.172693
0.82795
0.714048
0.088139
0.007795
0.070287
0.585418
0.268841
0.591627
0.931681
0.708047
0.741478
0.80067
0.091474
0.307668
0.622247
0.780632
0.062126
0.255495
0.743848
0.995897
0.025494
0.008587
0.039942
0.739978
0.258099
0.649355
0.075066
0.512583
0.86049
0.614619
0.205994
0.352745
0.026427
0.401665
0.976867
0.575945
0.396091
0.912395
0.452163
0.977424
0.986796
0.10117
0.427571
0.925512
0.128857
0.486029
0.59316
0.042925
0.181527
0.661648
0.366931
0.660648
0.62993
0.615598
0.15203
0.662055
0.715315
0.275444
0.853166
0.233932
0.962413
0.983433
0.312879
0.684488
0.53978
0.55474
0.755008
0.622989
0.538982
0.076973
0.967333
0.359184
0.518758
0.879337
0.367037
0.159086
0.840797
0.629247
0.935554
0.014197
0.722908
0.026714
0.373199
0.573648
0.93179
0.763618
0.59582
0.5937
0.124331
0.968582
0.556668
0.895787
0.240649
0.737532
0.12475
0.726197
0.514769
0.28585
0.011817
0.949618
0.864625
0.839243
0.774951
0.798296
0.649959
0.709772
0.165607
0.570513
0.325845
0.886629
0.387976
0.323441
0.866893
0.683049
0.887325
0.326862
0.923759
0.871954
0.859787
0.036371
0.582172
0.016629
0.381578
0.471651
0.06812
0.416722
0.226096
0.616754
0.070861
0.632021
0.697491
0.778944
0.508226
0.81593
0.396163
0.154553
0.560415
0.406014
0.064288
0.50335
0.58259
0.952883
0.184
0.240415
0.392426
0.941716
0.048689
0.256699
0.334237
0.589275
0.362584
0.692292
0.09931
0.272334
0.465013
0.531514
0.98973
0.194203
0.678487
0.958946
0.366814
0.021173
0.325223
0.44384
0.765038
0.053714
0.494344
0.210577
0.904055
0.962032
0.351869
0.059897
0.501577
0.961421
0.316996
0.834956
0.691206
0.523376
0.458021
0.653773
0.254024
0.632967
0.604841
0.599595
0.497408
0.181685
0.686726
0.337108
0.580094
0.388054
0.817032
0.53033
0.578494
0.719861
0.239464
0.364044
0.196234
0.080024
0.176792
0.11131
0.111578
0.522834
0.023519
0.831553
0.758667
0.790093
0.926846
0.814432
0.972595
0.815664
0.938977
0.748877
0.389214
0.44533
0.546435
0.480428
0.952175
0.073818
0.260849
0.35608
0.78733
0.63936
0.361943
0.0326
0.083712
0.407042
0.250951
0.967701
0.758506
0.804951
0.987095
0.30047
0.497435
0.432961
0.106848
0.295154
0.837228
0.835956
0.824883
0.713548
0.250955
0.750849
0.395611
0.170318
0.199232
0.251937
0.784793
0.912225
0.952468
0.511381
0.299666
0.397352
0.668456
0.780037
0.677907
0.997556
0.190541
0.134975
0.256616
0.198845
0.713405
0.84989
0.632686
0.872639
0.451782
0.694203
0.338694
0.48586
0.59448
0.060604
0.118987
0.536438
0.878728
0.531312
0.766226
0.368795
0.694012
0.761895
0.97233
0.041471
0.133512
0.579034
0.652181
0.212138
0.587069
0.518788
0.550472
0.110435
0.435594
0.406779
0.384016
0.755571
0.378299
0.373842
0.359864
0.324287
0.227509
0.927586
0.326048
0.633237
0.362773
0.047464
0.012175
0.599429
0.434531
0.72726
0.486522
0.958005
0.147713
0.091334
0.854907
0.454409
0.115951
0.793212
0.317615
0.835377
0.0293
0.007128
0.955038
0.859788
0.442035
0.680953
0.004464
0.343301
0.745398
0.851151
0.940596
0.992698
0.915371
0.199918
0.845227
0.961451
0.104739
0.139363
0.728458
0.730272
0.201056
0.408715
0.539564
0.731983
0.983776
0.490954
0.359142
0.860063
0.369342
0.871571
0.198192
0.503461
0.854541
0.797531
0.096659
0.594157
0.215314
0.173249
0.056285
0.593721
0.394837
0.854673
0.572527
0.068068
0.387248
0.351248
0.008437
0.610503
0.883573
0.854719
0.999201
0.176994
0.615186
0.115661
0.525683
0.654451
0.78587
0.565903
0.617676
0.741795
0.339512
0.465618
0.928279
0.258371
0.567032
0.039796
0.284373
0.220444
0.923713
0.674424
0.890367
0.791604
0.708877
0.038368
0.208875
0.035523
0.147483
0.393138
0.409744
0.661492
0.060128
0.929152
0.466507
0.703161
0.164701
0.08014
0.509541
0.425576
0.565225
0.673686
0.331589
0.940091
0.361166
0.082968
0.127276
0.935134
0.747027
0.326322
0.093328
0.027265
0.242378
0.667832
0.39162
0.128924
0.168273
0.267594
0.369095
0.587082
0.527375
0.985912
0.122723
0.843946
0.675293
0.83894
0.474752
0.564834
0.496768
0.101158
0.744094
0.55948
0.209187
0.483033
0.309066
0.75935
0.640928
0.679327
0.592748
0.266886
0.956477
0.927944
0.274687
0.660987
0.871492
0.108367
0.095935
0.500706
0.384887
0.92027
0.072689
0.757817
0.912168
0.880128
0.764347
0.019207
0.457019
0.276656
0.468195
0.613229
0.78002
0.098431
0.876522
0.547756
0.693533
0.050923
0.749147
0.234087
0.428519
0.087075
0.238932
0.648277
0.090202
0.191417
0.288254
0.376656
0.743724
0.941982
0.036726
0.061721
0.308537
0.351041
0.479444
0.629987
0.096228
0.541325
0.821349
0.779981
0.22536
0.806601
0.98245
0.535752
0.982976
0.740995
0.431434
0.977307
0.914917
0.385909
0.033065
0.491704
0.238343
0.622927
0.747032
0.037783
0.398125
0.932484
0.58488
0.552017
0.204254
0.905103
0.627338
0.961778
0.152803
0.345525
0.985096
0.107681
0.313939
0.286974
0.625569
0.936372
0.026122
0.46475
0.430799
0.061574
0.190651
0.038014
0.152349
0.199049
0.871924
0.476098
0.540444
0.972862
0.702353
0.294384
0.199194
0.288413
0.661825
0.793891
0.782585
0.866006
0.047095
0.459284
0.079515
0.338861
0.074975
0.749799
0.545438
0.828708
0.855103
0.409052
0.020474
0.436423
0.771571
0.390869
0.152964
0.976712
0.467161
0.582353
0.942226
0.323142
0.228725
0.858125
0.290917
0.42265
0.830895
0.421798
0.603431
0.395399
0.636841
0.232041
0.856561
0.026428
0.895191
0.030908
0.895069
0.498047
0.405709
0.55957
0.351098
0.370077
0.504456
0.3367
0.231195
0.85931
0.043323
0.631011
0.402758
0.418298
0.209539
0.768412
0.732589
0.487711
0.486558
0.19615
0.211015
0.123222
0.575582
0.825556
0.088497
0.692179
0.097973
0.101449
0.190811
0.797653
0.041935
0.449662
0.282241
0.902409
0.841734
0.96613
0.043214
0.03768
0.151493
0.090395
0.158737
0.797032
0.226192
0.600434
0.853617
0.592087
0.827112
0.221189
0.74402
0.175381
0.912538
0.217594
0.417773
0.965545
0.667112
0.553393
0.121904
0.497958
0.778775
0.460793
0.149895
0.569873
0.456743
0.957909
0.823481
0.795465
0.291764
0.452237
0.848795
0.470509
0.022362
0.527927
0.915448
0.599603
0.115367
0.348394
0.186077
0.812068
0.078893
0.345499
0.845836
0.179075
0.166406
0.705435
0.076435
0.033405
0.8193
0.606668
0.105967
0.776587
0.02319
0.218089
0.465253
0.914884
0.930623
0.92161
0.793685
0.666242
0.242956
0.310538
0.678434
0.092206
0.822811
0.29898
0.824019
0.823393
0.193373
0.543358
0.880179
0.087836
0.111335
0.151802
0.265757
0.523496
0.333147
0.343225
0.203309
0.627987
0.46156
0.8009
0.295254
0.1868
0.676822
0.382525
0.328447
0.882916
0.084184
0.030108
0.565012
0.503503
0.311298
0.311143
0.736
0.821869
0.441187
0.749275
0.219799
0.935404
0.948691
0.436935
0.303829
0.568587
0.111787
0.454551
0.816019
0.902764
0.317594
0.308524
0.721546
0.690849
0.614261
0.223682
0.697746
0.702463
0.86492
0.67058
0.030145
0.702184
0.540049
0.088993
0.228776
0.32357
0.35026
0.580446
0.785887
0.791716
0.883935
0.568026
0.495327
0.28014
0.745181
0.505628
0.501075
0.295346
0.303578
0.580671
0.828988
0.790843
0.050258
0.532831
0.364237
0.62199
0.429163
0.381442
0.309314
0.897061
0.796977
0.20512
0.322233
0.678559
0.784823
0.954289
0.813149
0.7336
0.256275
0.781931
0.5012
0.501449
0.114991
0.10834
0.626571
0.796169
0.393909
0.711528
0.290679
0.06692
0.958598
0.232358
0.388248
0.645904
0.590768
0.323883
0.847905
0.295332
0.63154
0.995985
0.581279
0.078914
0.335915
0.628499
0.292048
0.105661
0.061699
0.045877
0.970897
0.972107
0.506342
0.402525
0.799214
0.613699
0.666127
0.311353
0.998904
0.772125
0.697487
0.155232
0.293853
0.793252
0.192188
0.935961
0.975941
0.063875
0.200006
0.027962
0.187551
0.644008
0.264542
0.973433
0.41321
0.741231
0.621255
0.487455
0.675046
0.117759
0.019532
0.331688
0.402795
0.337302
0.740612
0.370669
0.20552
0.143207
0.71376
0.287019
0.243823
0.700363
0.947749
0.011026
0.709275
0.866933
0.538192
0.242848
0.69874
0.548829
0.055009
0.450641
0.276703
0.25139
0.078837
0.395603
0.712588
0.77471
0.579849
0.963101
0.594845
0.879795
0.18381
0.163555
0.826943
0.932832
0.203938
0.613204
0.589977
0.785394
0.926172
0.566374
0.091258
0.756891
0.438136
0.030635
0.969916
0.570364
0.210795
0.139063
0.324315
0.904503
0.772058
0.012213
0.667349
0.263964
0.305571
0.512512
0.858293
0.795037
0.40125
0.424046
0.816061
0.983019
0.6531
0.648437
0.463386
0.634646
0.263432
0.384364
0.687014
0.640393
0.287503
0.521025
0.848526
0.801673
0.136062
0.642407
0.938609
0.01155
0.671977
0.328307
0.23984
0.235664
0.397226
0.39357
0.713879
0.79663
0.693023
0.889203
0.591625
0.076288
0.637477
0.654507
0.642232
0.694018
0.552939
0.284472
0.990728
0.129291
0.367368
0.669689
0.835725
0.335682
0.11386
0.374516
0.090379
0.555815
0.175727
0.688154
0.556998
0.203667
0.962382
0.788627
0.413986
0.18334
0.724665
0.218568
0.432937
0.276659
0.100758
0.656612
0.587534
0.772292
0.148021
0.567935
0.711461
0.685314
0.686833
0.003761
0.033881
0.757475
0.985879
0.905854
0.214798
0.3077
0.268539
0.344199
0.496215
0.785401
0.404413
0.717641
0.569733
0.369472
0.360807
0.98473
0.745872
0.237001
0.581114
0.281791
0.22158
0.357064
0.505292
0.443464
0.474078
0.506347
0.99113
0.665446
0.587335
0.250766
0.079192
0.158829
0.674542
0.973745
0.311896
0.577703
0.407544
0.731011
0.497908
0.212852
0.03731
0.501049
0.83861
0.668932
0.592131
0.184329
0.483486
0.488655
0.200262
0.507669
0.120095
0.614436
0.685569
0.586049
0.68931
0.365248
0.5349
0.647073
0.697611
0.275681
0.683378
0.639825
0.365584
0.068186
0.631078
0.928233
0.6773
0.404759
0.239488
0.355504
0.009344
0.602735
0.660157
0.543755
0.940571
0.587607
0.296832
0.175976
0.668766
0.85846
0.013133
0.284627
0.853316
0.817588
0.84206
0.158319
0.794611
0.384344
0.950982
0.479763
0.005375
0.51026
0.596888
0.796194
0.27575
0.212991
0.985513
0.3377
0.866715
0.299499
0.942871
0.494228
0.208202
0.902695
0.214986
0.478317
0.592607
0.39771
0.061674
0.116444
0.936093
0.979172
0.761122
0.019103
0.374789
0.289513
0.10812
0.791233
0.759507
0.06026
0.184237
0.536737
0.265245
0.66573
0.902329
0.866411
0.759322
0.037046
0.761064
0.85968
0.227034
0.187537
0.946869
0.964107
0.080615
0.279784
0.880524
0.194495
0.550618
0.540693
0.984438
0.566699
0.765352
0.245711
0.928039
0.89055
0.089752
0.342182
0.427956
0.403826
0.188971
0.126974
0.240301
0.414206
0.031267
0.151742
0.78711
0.694969
0.573343
0.742844
0.157534
0.871453
0.023575
0.157994
0.985668
0.768088
0.939141
0.691496
0.496726
0.945188
0.816778
0.385415
0.036398
0.169701
0.562275
0.467077
0.551564
0.262922
0.017802
0.766778
0.61123
0.966707
0.996873
0.234523
0.376016
0.392673
0.871115
0.53991
0.3632
0.575363
0.357375
0.095245
0.481117
0.396362
0.302793
0.554699
0.587574
0.145661
0.085065
0.934938
0.590019
0.488241
0.706412
0.010938
0.018544
0.692926
0.290535
0.346994
0.441038
0.305755
0.222561
0.37602
0.779224
0.175474
0.312518
0.715876
0.61221
0.806821
0.655247
0.636973
0.772114
0.703051
0.231206
0.473356
0.373315
0.541094
0.378237
0.32219
0.909218
0.312238
0.040265
0.785881
0.166925
0.263282
0.853711
0.364785
0.122488
0.950004
0.653797
0.462901
0.397725
0.988375
0.216843
0.212131
0.242886
0.316431
0.744223
0.576568
0.965604
0.056674
0.830551
0.245787
0.310004
0.263658
0.351954
0.72499
0.676685
0.430889
0.631025
0.325801
0.904184
0.010493
0.546668
0.472578
0.057955
0.998034
0.55632
0.927537
0.220682
0.166465
0.135241
0.938725
0.460215
0.605608
0.477171
0.022508
0.227638
0.434094
0.934086
0.7169
0.940514
0.629401
0.703037
0.118319
0.644185
0.179823
0.800538
0.031246
0.852233
0.819635
0.158168
0.211879
0.49699
0.925133
0.394291
0.439282
0.286481
0.535063
0.075209
0.30507
0.647572
0.066348
0.024379
0.057122
0.824483
0.688109
0.388378
0.602161
0.989357
0.557104
0.733783
0.975006
0.207831
0.866233
0.349006
0.740134
0.97116
0.308974
0.415981
0.511984
0.593536
0.282986
0.016397
0.969952
0.766101
0.657229
0.236904
0.348285
0.529145
0.848052
0.178078
0.250942
0.881332
0.13932
0.437559
0.105009
0.099411
0.925733
0.657819
0.670219
0.809081
0.562289
0.783052
0.073541
0.76295
0.311612
0.519019
0.225371
0.748598
0.853022
0.258937
0.792163
0.6853
0.330751
0.488047
0.44984
0.713638
0.93508
0.930461
0.254541
0.222196
0.846692
0.556073
0.465979
0.131162
0.548776
0.285395
0.784754
0.462208
0.080193
0.145508
0.258187
0.778644
0.807022
0.232178
0.767625
0.40735
0.587682
0.725262
0.982496
0.650879
0.542548
0.901
0.810295
0.324496
0.975425
0.409415
0.379287
0.632081
0.626142
0.9323
0.725326
0.582917
0.459158
0.722231
0.362366
0.178142
0.074525
0.999269
0.320192
0.368963
0.692484
0.373243
0.583067
0.865651
0.442754
0.044401
0.900158
0.913725
0.883234
0.142835
0.404396
0.103345
0.654678
0.777462
0.604868
0.690642
0.6412
0.568843
0.832771
0.073626
0.873807
0.538899
0.393222
0.183199
0.197928
0.392946
0.06178
0.550981
0.786834
0.423554
0.875458
0.231651
0.947113
0.1738
0.865664
0.781165
0.078246
0.517683
0.467842
0.171537
0.055766
0.742189
0.391129
0.719779
0.086178
0.244125
0.311115
0.583016
0.224018
0.867378
0.214951
0.156817
0.973101
0.964421
0.791548
0.738388
0.61788
0.841923
0.236765
0.5624
0.341606
0.769921
0.193259
0.443525
0.554701
0.321607
0.863983
0.548469
0.780135
0.979465
0.901533
0.028966
0.522107
0.351941
0.492295
0.734474
0.538876
0.658125
0.625878
0.281334
0.659361
0.178184
0.145836
0.936832
0.871447
0.494317
0.917475
0.844452
0.688069
0.310236
0.57412
0.416306
0.262006
0.980896
0.625769
0.485111
0.719685
0.965695
0.780772
0.331687
0.256897
0.141342
0.909067
0.427128
0.24068
0.758413
0.092173
0.432878
0.83685
0.761937
0.936194
0.321634
0.200695
0.435404
0.269942
0.147819
0.324933
0.42916
0.142825
0.965854
0.714224
0.894714
0.60436
0.873271
0.169477
0.154055
0.374933
0.365485
0.38044
0.513726
0.999519
0.291011
0.633081
0.134234
0.40723
0.420389
0.857984
0.746556
0.616459
0.611416
0.586891
0.569813
0.001554
0.824138
0.598395
0.316391
0.791862
0.75689
0.940857
0.601318
0.075498
0.615903
0.275086
0.818918
0.688466
0.215612
0.684144
0.858733
0.9373
0.346781
0.655817
0.803509
0.110488
0.831797
0.743728
0.173702
0.870891
0.840952
0.793655
0.911919
0.844064
0.50675
0.912087
0.237764
0.444907
0.704566
0.098366
0.420715
0.276033
0.073919
0.781947
0.970744
0.877386
0.8382
0.92547
0.511674
0.249329
0.950848
0.603005
0.624376
0.294217
0.195719
0.008161
0.708652
0.314251
0.691439
0.457441
0.607013
0.306268
0.912544
0.26352
0.288141
0.076939
0.717327
0.090086
0.407877
0.848035
0.195008
0.523843
0.449442
0.810904
0.38978
0.858442
0.962535
0.826972
0.415868
0.083022
0.656939
0.398036
0.916618
0.353773
0.803413
0.152027
0.444171
0.979147
0.688218
0.412623
0.852991
0.304415
0.86214
0.698505
0.990928
0.053922
0.005918
0.732149
0.713148
0.66126
0.371133
0.807288
0.087018
0.44586
0.498467
0.864395
0.414432
0.682825
0.543417
0.249343
0.397534
0.146943
0.173013
0.181282
0.137779
0.373655
0.656791
0.276064
0.427182
0.898249
0.593088
0.248376
0.049177
0.931326
0.210344
0.013458
0.535037
0.555519
0.748631
0.519971
0.753533
0.432905
0.157425
0.929072
0.490215
0.927493
0.465596
0.950115
0.769078
0.605832
0.542416
0.367725
0.007297
0.374672
0.95154
0.614513
0.650482
0.734165
0.284445
0.60807
0.839964
0.11263
0.317477
0.902297
0.521886
0.837386
0.189822
0.421806
0.583883
0.301912
0.151514
0.645544
0.085786
0.714812
0.933303
0.262496
0.109271
0.265154
0.137661
0.253408
0.257953
0.008882
0.601469
0.057682
0.727284
0.699542
0.495047
0.43935
0.81955
0.550965
0.007894
0.821179
0.481628
0.488764
0.829914
0.367902
0.481596
0.241207
0.15926
0.814836
0.369849
0.239729
0.039207
0.910946
0.447906
0.947635
0.193001
0.992498
0.545996
0.658604
0.563444
0.799901
0.655507
0.782487
0.124217
0.426662
0.901997
0.195843
0.125014
0.656448
0.601774
0.786541
0.415021
0.852134
0.240796
0.275907
0.318734
0.11875
0.734405
0.819406
0.356125
0.384205
0.063667
0.618169
0.919948
0.691741
0.843724
0.522641
0.06487
0.739998
0.248291
0.713805
0.600561
0.584526
0.994208
0.008057
0.481018
0.263068
0.080176
0.568228
0.862725
0.204084
0.609386
0.661978
0.043281
0.28653
0.635223
0.56548
0.545956
0.037001
0.170676
0.880683
0.880104
0.3597
0.731916
0.406517
0.152804
0.322976
0.645585
0.348083
0.130134
0.513921
0.887214
0.954122
0.549086
0.320208
0.107248
0.849156
0.979707
0.493214
0.751579
0.136166
0.612864
0.508594
0.508195
0.229112
0.191954
0.450091
0.272352
0.38149
0.535062
0.813867
0.466515
0.493098
0.249491
0.842847
0.258863
0.255575
0.892002
0.114082
0.725911
0.142509
0.623144
0.802274
0.415344
0.199872
0.479008
0.325223
0.552635
0.672263
0.074488
0.164325
0.480573
0.217106
0.92469
0.591533
0.039214
0.765212
0.908755
0.985975
0.22799
0.084633
0.754433
0.173754
0.241414
0.850837
0.352162
0.761547
0.285225
0.768293
0.55723
0.983917
0.467527
0.007772
0.798289
0.751643
0.282115
0.852859
0.494584
0.242321
0.99058
0.335301
0.028152
0.09353
0.586403
0.279509
0.311123
0.728423
0.344797
0.913191
0.156605
0.687864
0.849864
0.539872
0.755953
0.385513
0.967232
0.209338
0.505368
0.685993
0.586108
0.4136
0.174081
0.375793
0.932314
0.960966
0.489593
0.258584
0.30507
0.505537
0.972053
0.985902
0.091701
0.597495
0.091967
0.123277
0.935102
0.357948
0.311197
0.36806
0.863248
0.856674
0.311355
0.633393
0.790471
0.276622
0.259448
0.912728
0.662334
0.712206
0.862279
0.382614
0.677885
0.739464
0.948929
0.452228
0.066265
0.312553
0.924188
0.62316
0.83909
0.07632
0.055766
0.281069
0.291502
0.484665
0.028326
0.475623
0.113602
0.21797
0.790964
0.622047
0.522885
0.738384
0.893325
0.006375
0.635238
0.966946
0.833499
0.743867
0.247713
0.806896
0.592204
0.176764
0.942114
0.155323
0.741934
0.241144
0.882163
0.28444
0.292818
0.880571
0.942444
0.210381
0.283225
0.303263
0.635979
0.659791
0.909831
0.594984
0.406645
0.539712
0.523905
0.668023
0.733848
0.194493
0.180681
0.959049
0.695068
0.972798
0.56305
0.063007
0.316701
0.129962
0.075998
0.786893
0.076768
0.299412
0.443904
0.033212
0.937751
0.440402
0.450038
0.843316
0.571811
0.688096
0.711944
0.570391
0.323104
0.96334
0.935854
0.409645
0.95036
0.089034
0.758358
0.121632
0.203495
0.532863
0.369144
0.884261
0.67211
0.932833
0.840291
0.083662
0.193826
0.571815
0.066248
0.888749
0.52016
0.547504
0.157659
0.560699
0.129973
0.228003
0.482319
0.195026
0.122225
0.366394
0.065278
0.915317
0.88553
0.171786
0.474054
0.113967
0.368485
0.830181
0.576376
0.652928
0.48466
0.762487
0.488024
0.667308
0.902929
0.06886
0.58635
0.832783
0.204262
0.729745
0.005031
0.051954
0.624605
0.74189
0.277397
0.905006
0.027518
0.690454
0.039569
0.701497
0.678027
0.054584
0.456423
0.015182
0.624834
0.449561
0.007703
0.414726
0.938572
0.14617
0.363981
0.436005
0.33837
0.931815
0.559841
0.643554
0.347825
0.45109
0.414324
0.442834
0.601298
0.754875
0.624375
0.503135
0.524416
0.779704
0.368094
0.077014
0.009002
0.140565
0.535148
0.201575
0.539075
0.934437
0.422325
0.084587
0.56566
0.258577
0.412556
0.635948
0.106498
0.762942
0.447904
0.054481
0.894653
0.98573
0.049895
0.699575
0.789024
0.923837
0.75453
0.472181
0.932473
0.265543
0.894737
0.467703
0.273101
0.915637
0.736595
0.46027
0.862316
0.135553
0.493518
0.332238
0.973238
0.627327
0.815765
0.457223
0.119075
0.429703
0.883891
0.248518
0.208443
0.552554
0.322204
0.895722
0.303735
0.776215
0.203425
0.463471
0.7431
0.124113
0.882053
0.909695
0.553378
0.162826
0.365542
0.183442
0.749951
0.694317
0.20876
0.717533
0.598897
0.751852
0.939182
0.67942
0.803944
0.92234
0.602843
0.814125
0.750823
0.694898
0.08752
0.125838
0.240975
0.366337
0.540211
0.815645
0.501037
0.597123
0.966318
0.908827
0.341219
0.068794
0.71458
0.029266
0.027129
0.458651
0.204937
0.136003
0.076199
0.476081
0.42121
0.141513
0.747273
0.701973
0.915608
0.520856
0.832962
0.068539
0.125094
0.70713
0.96647
0.882369
0.200524
0.09001
0.768367
0.235629
0.763878
0.047768
0.952301
0.189485
0.07736
0.971748
0.875512
0.045403
0.340341
0.449414
0.44236
0.209363
0.829991
0.099309
0.635065
0.882655
0.303294
0.273357
0.247684
0.777861
0.764611
0.931618
0.364381
0.973535
0.188989
0.254163
0.947196
0.470631
0.976511
0.019773
0.634105
0.209531
0.351346
0.668608
0.155274
0.976124
0.299522
0.551677
0.044943
0.112649
0.968544
0.606388
0.352758
0.146508
0.872034
0.572882
0.037532
0.571465
0.760569
0.971251
0.890386
0.816103
0.352799
0.848747
0.35017
0.461373
0.400219
0.033881
0.017877
0.778632
0.21138
0.509488
0.305641
0.565568
0.485239
0.961782
0.763544
0.828352
0.129925
0.418382
0.971491
0.763713
0.248462
0.949543
0.597211
0.11196
0.864525
0.078981
0.122619
0.939773
0.206687
0.749983
0.854233
0.496587
0.59138
0.732524
0.471754
0.167629
0.975887
0.969994
0.907835
0.137847
0.868048
0.581139
0.075679
0.760761
0.744192
0.318947
0.871096
0.251704
0.601219
0.014802
0.006921
0.777794
0.238178
0.986335
0.019961
0.072881
0.95047
0.881827
0.776638
0.314315
0.685876
0.819634
0.081151
0.803094
0.320151
0.027998
0.319715
0.545192
0.699432
0.436245
0.532985
0.409324
0.473725
0.983716
0.876227
0.254355
0.336691
0.540207
0.891817
0.897828
0.173802
0.26878
0.43064
0.19935
0.087256
0.626011
0.380832
0.526116
0.821174
0.355159
0.902363
0.169946
0.086029
0.972031
0.380766
0.012699
0.256721
0.633507
0.112163
0.395728
0.766706
0.794254
0.204638
0.570904
0.770102
0.08113
0.032111
0.573799
0.252373
0.27803
0.16901
0.529919
0.05918
0.187855
0.084564
0.287766
0.293943
0.469283
0.540573
0.617971
0.094007
0.858798
0.560347
0.720316
0.156921
0.784972
0.738833
0.504453
0.604018
0.936657
0.576604
0.959558
0.656334
0.026463
0.607312
0.476478
0.285813
0.400266
0.837568
0.130345
0.142323
0.054066
0.711391
0.315783
0.103154
0.689414
0.060125
0.515264
0.782347
0.353386
0.256184
0.644522
0.08329
0.749082
0.207626
0.290535
0.82668
0.791782
0.617597
0.092784
0.706518
0.552141
0.691789
0.426999
0.750819
0.487208
0.372784
0.999525
0.424305
0.16031
0.56074
0.109215
0.113124
0.341916
0.302015
0.677876
0.585971
0.667057
0.718863
0.324921
0.113491
0.427136
0.065432
0.631804
0.303434
0.812114
0.326777
0.892902
0.87981
0.65787
0.549589
0.527404
0.953329
0.435632
0.299869
0.465115
0.272606
0.523552
0.01658
0.673066
0.737546
0.814279
0.344484
0.105006
0.942621
0.565097
0.150254
0.009354
0.15885
0.044441
0.422288
0.686025
0.196337
0.906053
0.465219
0.943342
0.357536
0.143752
0.686194
0.703373
0.373367
0.487618
0.35156
0.283657
0.908951
0.403871
0.268103
0.926141
0.51426
0.808392
0.631668
0.525351
0.200017
0.102578
0.358634
0.12731
0.223802
0.012516
0.790308
0.417947
0.162351
0.935223
0.772507
0.967188
0.930817
0.138492
0.775133
0.268678
0.584426
0.762057
0.130331
0.401035
0.085673
0.47519
0.791981
0.005359
0.179361
0.808266
0.485963
0.384313
0.908993
0.137764
0.458992
0.628907
0.129344
0.515489
0.482912
0.842657
0.068117
0.592374
0.304851
0.92478
0.858315
0.898685
0.033593
0.693441
0.522398
0.764851
0.536257
0.965005
0.719424
0.584049
0.192906
0.443118
0.68222
0.229584
0.000322
0.356405
0.95179
0.11567
0.132531
0.636666
0.078036
0.258525
0.925991
0.928499
0.243099
0.534253
0.963563
0.554998
0.65939
0.673863
0.944215
0.692524
0.985577
0.380872
0.514536
0.092325
0.605288
0.988616
0.494715
0.570608
0.135594
0.577069
0.401696
0.917641
0.409698
0.594526
0.144058
0.370206
0.914412
0.706727
0.07944
0.05281
0.598188
0.706361
0.804079
0.456098
0.361848
0.191279
0.700125
0.977678
0.467165
0.738969
0.005566
0.640028
0.248553
0.866057
0.76057
0.73304
0.853047
0.716109
0.413393
0.209866
0.418989
0.657655
0.430143
0.065065
0.67547
0.328857
0.789374
0.402465
0.755328
0.483218
0.476676
0.365866
0.33775
0.637638
0.112547
0.332801
0.611283
0.597028
0.441051
7.2e-05
0.231479
0.268343
0.254564
0.307648
0.082736
0.010113
0.327707
0.572794
0.05618
0.502789
0.162215
0.985226
0.336326
0.970047
0.475669
0.087228
0.023227
0.022745
0.701968
0.870946
0.826641
0.960408
0.679711
0.740782
0.221483
0.2627
0.66268
0.049456
0.148234
0.290653
0.044181
0.896854
0.015063
0.061343
0.558796
0.202015
0.458272
0.313142
0.148772
0.129534
0.403996
0.535038
0.816654
0.995977
0.934396
0.545689
0.78135
0.138082
0.103414
0.636526
0.575194
0.053083
0.578667
0.236913
0.744985
0.677033
0.31157
0.401595
0.483848
0.128573
0.570354
0.052464
0.491659
0.705459
0.882924
0.109735
0.445893
0.527895
0.295147
0.37037
0.115537
0.032085
0.760089
0.492056
0.43558
0.810972
0.079211
0.321781
0.192103
0.84545
0.29993
0.094797
0.37704
0.816966
0.04005
0.666316
0.797989
0.570616
0.90015
0.908001
0.052674
0.429537
0.798722
0.990901
0.740937
0.907733
0.00042
0.3154
0.986219
0.047589
0.174312
0.01816
0.549982
0.331273
0.63371
0.70274
0.510549
0.041756
0.678502
0.512344
0.426095
0.138903
0.561172
0.944985
0.28487
0.71154
0.287107
0.038057
0.286583
0.883107
0.319928
0.023094
0.143118
0.566731
0.541073
0.893128
0.433704
0.930963
0.202658
0.051802
0.274104
0.987724
0.546733
0.21702
0.071097
0.184547
0.448336
0.400394
0.796014
0.038349
0.33397
0.055087
0.567906
0.771757
0.431196
0.80896
0.590253
0.117603
0.125701
0.289061
0.009428
0.688259
0.903272
0.062669
0.476873
0.170109
0.546449
0.780458
0.246307
0.674043
0.507073
0.040362
0.234271
0.932569
0.352802
0.119796
0.032383
0.674861
0.434327
0.275713
0.844931
0.565534
0.734544
0.680937
0.146937
0.702991
0.359045
0.234584
0.492271
0.071408
0.896915
0.911557
0.317784
0.853063
0.208071
0.956462
0.303179
0.215498
0.359824
0.696778
0.180853
0.235779
0.653454
0.178097
0.250036
0.722423
0.018483
0.321854
0.028571
0.043769
0.141991
0.747908
0.835497
0.615096
0.212833
0.766252
0.746938
0.822251
0.3263
0.50824
0.01316
0.408716
0.245
0.461829
0.113117
0.457787
0.393949
0.987734
0.351436
0.968615
0.959802
0.548678
0.2836
0.328164
0.43108
0.224329
0.617096
0.205495
0.564188
0.57775
0.105724
0.821723
0.493765
0.209403
0.503304
0.549577
0.552955
0.610701
0.031926
0.389897
0.964122
0.595548
0.379026
0.126281
0.744648
0.643817
0.074823
0.264185
0.858511
0.245174
0.124914
0.137395
0.676124
0.618894
0.058618
0.447079
0.478837
0.405402
0.781286
0.241256
0.230806
0.664662
0.014669
0.862572
0.666876
0.703425
0.437302
0.461321
0.351504
0.274813
0.951215
0.34539
0.516885
0.328594
0.576516
0.185675
0.285116
0.171786
0.251124
0.986848
0.89669
0.730349
0.631088
0.229566
0.323874
0.798735
0.576995
0.981573
0.071383
0.982198
0.385335
0.806614
0.864336
0.392916
0.335448
0.96798
0.937036
0.054363
0.788757
0.161653
0.057028
0.073605
0.162492
0.636475
0.898575
0.6106
0.289633
0.31429
0.105687
0.275968
0.989132
0.312269
0.628834
0.439728
0.866799
0.333184
0.40563
0.653508
0.046163
0.645359
0.906244
0.081309
0.430415
0.715781
0.548539
0.829752
0.4756
0.96897
0.740418
0.718233
0.510143
0.502004
0.000475
0.160483
0.889676
0.177726
0.860798
0.151125
0.187041
0.659469
0.195398
0.501651
0.364864
0.861815
0.967694
0.784286
0.012056
0.975048
0.566428
0.955423
0.256486
0.975749
0.257324
0.554949
0.361808
0.198371
0.010746
0.23768
0.931293
0.003948
0.602372
0.02074
0.366623
0.363272
0.696032
0.856018
0.430468
0.792978
0.935462
0.647801
0.591773
0.621219
0.530194
0.956053
0.158595
0.755907
0.112401
0.363232
0.545477
0.027647
0.913364
0.758977
0.258309
0.902426
0.274952
0.623787
0.213186
0.593348
0.570785
0.85915
0.197201
0.660744
0.121319
0.861453
0.791384
0.154863
0.448476
0.359126
0.446613
0.086071
0.336976
0.103981
0.016599
0.238338
0.357258
0.914738
0.586178
0.337187
0.646487
0.374143
0.653526
0.65998
0.807503
0.436673
0.275926
0.198302
0.353294
0.430419
0.248321
0.288206
0.695352
0.321586
0.396732
0.989884
0.18653
0.553413
0.513534
0.043451
0.092659
0.216414
0.712568
0.73112
0.352857
0.721012
0.421848
0.953657
0.740029
0.697941
0.272947
0.50507
0.20949
0.129526
0.7691
0.694168
0.670828
0.831092
0.003114
0.078201
0.000463
0.505456
0.464073
0.11377
0.729488
0.636383
0.152359
0.878132
0.602455
0.516632
0.134515
0.350064
0.33199
0.902829
0.986137
0.88477
0.856307
0.407689
0.081982
0.974013
0.75647
0.905532
0.561025
0.806468
0.591365
0.585213
0.799366
0.207994
0.391683
0.046438
0.674911
0.928476
0.186329
0.603189
0.455896
0.591246
0.173068
0.405149
0.197449
0.353273
0.767447
0.083278
0.479297
0.467209
0.457874
0.783107
0.72647
0.492866
0.505734
0.332735
0.975858
0.534941
0.46749
0.938802
0.554157
0.740725
0.801815
0.543389
0.371337
0.265846
0.834524
0.565747
0.045248
0.234663
0.773281
0.003822
0.994156
0.201927
0.725852
0.922569
0.987502
0.428063
0.201815
0.998012
0.080493
0.903868
0.583279
0.766345
0.395864
0.534948
0.990865
0.042262
0.502092
0.228456
0.433635
0.648917
0.374346
0.513105
0.134843
0.46438
0.582
0.052132
0.222411
0.171752
0.268009
0.802724
0.583381
0.148992
0.641372
0.948474
0.164784
0.298314
0.588961
0.690782
0.157
0.639671
0.328333
0.735202
0.105038
0.790865
0.427032
0.366981
0.113933
0.456794
0.748132
0.497718
0.653901
0.077542
0.535596
0.997443
0.068175
0.850002
0.693972
0.714535
0.044104
0.940992
0.083889
0.240768
0.675467
0.978028
0.940407
0.25314
0.308266
0.136798
0.14322
0.976526
0.809206
0.135499
0.78963
0.474967
0.979663
0.322233
0.845319
0.22724
0.560021
0.846595
0.568865
0.722842
0.290532
0.290542
0.204688
0.975309
0.69146
0.226268
0.690298
0.941983
0.89678
0.034158
0.482431
0.023893
0.322314
0.542793
0.442841
0.959522
0.286796
0.973091
0.719635
0.726305
0.598191
0.720377
0.735029
0.939703
0.052458
0.186175
0.583559
0.637958
0.8643
0.23654
0.888259
0.130989
0.461174
0.276348
0.090134
0.921233
0.554244
0.003386
0.466455
0.938018
0.883032
0.847761
0.505879
0.773522
0.968656
0.286855
0.915029
0.135343
0.456221
0.279622
0.192971
0.853195
0.468932
0.167319
0.268317
0.583033
0.662791
0.426779
0.563946
0.611916
0.327353
0.361289
0.918407
0.135515
0.816961
0.01997
0.83971
0.068118
0.558496
0.389142
0.31666
0.264438
0.268114
0.614536
0.481247
0.425769
0.661315
0.648514
0.73321
0.965645
0.212397
0.580953
0.169411
0.410554
0.647767
0.488459
0.470943
0.090035
0.443995
0.598801
0.051848
0.228855
0.778643
0.105534
0.803116
0.138823
0.000984
0.782353
0.739125
0.143233
0.03451
0.774839
0.953262
0.91601
0.42874
0.181904
0.186767
0.238061
0.876439
0.433353
0.825245
0.940946
0.300695
0.731981
0.403105
0.806615
0.568532
0.632517
0.510117
0.739749
0.430459
0.759625
0.854754
0.411637
0.008919
0.818608
0.986365
0.383839
0.9741
0.697803
0.675593
0.113404
0.693095
0.621485
0.417547
0.005088
0.949724
0.937468
0.587808
0.097163
0.701191
0.871974
0.893366
0.417614
0.648899
0.057209
0.194489
0.179973
0.828063
0.306893
0.029405
0.812274
0.890929
0.171836
0.96985
0.060859
0.948919
0.125411
0.848787
0.254284
0.438931
0.2396
0.650652
0.484836
0.523123
0.057445
0.511568
0.897213
0.788516
0.644851
0.801636
0.394074
0.649044
0.115757
0.760472
0.167403
0.497317
0.475771
0.456004
0.101813
0.016709
0.894375
0.46638
0.545773
0.762439
0.139921
0.006799
0.613409
0.833735
0.790723
0.44853
0.979131
0.680339
0.531338
0.833147
0.044494
0.809122
0.101024
0.202243
0.920766
0.186195
0.332782
0.035186
0.417639
0.101674
0.087569
0.753269
0.621969
0.965446
0.772812
0.675646
0.071996
0.230073
0.216981
0.492421
0.828429
0.107789
0.978897
0.737316
0.952207
0.911508
0.534874
0.077849
0.924565
0.221635
0.105954
0.520834
0.491175
0.140782
0.699781
0.516411
0.384697
0.091739
0.644632
0.94941
0.273686
0.469698
0.277241
0.220582
0.063369
0.267441
0.265048
0.686213
0.371442
0.241924
0.222026
0.988255
0.91841
0.995134
0.793671
0.459246
0.631384
0.79768
0.646026
0.857295
0.563407
0.45204
0.018782
0.012806
0.413265
0.154902
0.612927
0.480717
0.764537
0.522948
0.057092
0.222866
0.223151
0.817272
0.764608
0.441724
0.328814
0.972468
0.263867
0.501466
0.46556
0.372066
0.254465
0.320884
0.284605
0.028061
0.868705
0.28134
0.643248
0.202379
0.442152
0.904376
0.459269
0.508172
0.394754
0.51738
0.922863
0.282547
0.150038
0.784954
0.246413
0.625793
0.972426
0.014597
0.371075
0.139713
0.835952
0.021938
0.458906
0.113955
0.364654
0.345462
0.686441
0.749379
0.910285
0.892941
0.265623
0.2417
0.049512
0.357541
0.738537
0.377976
0.712449
0.801742
0.537787
0.042255
0.793773
0.682207
0.003342
0.089135
0.823356
0.066738
0.93014
0.065355
0.440211
0.389492
0.983858
0.405331
0.553427
0.082711
0.895367
0.393608
0.524823
0.094109
0.275166
0.646679
0.801967
0.291432
0.0185
0.005189
0.148817
0.379571
0.463317
0.646372
0.638608
0.430573
0.927981
0.28671
0.657525
0.831321
0.38714
0.942244
0.896692
0.225256
0.470976
0.523689
0.211985
0.648888
0.635413
0.408361
0.313584
0.958769
0.357638
0.548259
0.31932
0.480988
0.663037
0.036359
0.341905
0.683738
0.645797
0.303253
0.069052
0.219847
0.225234
0.848408
0.973771
0.418171
0.67962
0.338905
0.352867
0.038192
0.004731
0.321979
0.184263
0.323248
0.032288
0.265795
0.089511
0.911886
0.833388
0.167321
0.526556
0.252682
0.172657
0.415964
0.649809
0.699857
0.083166
0.551375
0.156386
0.842834
0.291069
0.251734
0.727824
0.115779
0.078672
0.533225
0.891719
0.056718
0.94045
0.702973
0.818849
0.310482
0.859014
0.802397
0.284025
0.967343
0.447336
0.868083
0.40559
0.591999
0.120188
0.800521
0.053872
0.727851
0.157789
0.123626
0.009047
0.071917
0.860591
0.545944
0.880246
0.017885
0.353075
0.932209
0.686583
0.039309
0.605826
0.662774
0.976916
0.836174
0.917009
0.314814
0.638592
0.563856
0.512461
0.192883
0.179815
0.401372
0.783031
0.532246
0.905366
0.849028
0.769419
0.452621
0.702614
0.71344
0.924054
0.225838
0.346973
0.818159
0.982773
0.649429
0.858087
0.486062
0.227448
0.21651
0.97701
0.584199
0.802342
0.852218
0.977847
0.296648
0.740262
0.907728
0.504669
0.202275
0.273277
0.780397
0.736969
0.173467
0.735704
0.204827
0.30541
0.261323
0.936097
0.626902
0.300491
0.367558
0.331418
0.871568
0.050787
0.926093
0.380419
0.878568
0.025062
0.79786
0.190422
0.367498
0.594741
0.363321
0.147855
0.301943
0.659495
0.00943
0.535736
0.950417
0.826498
0.332439
0.804906
0.659638
0.009921
0.517672
0.6172
0.862237
0.747631
0.516004
0.427744
0.05798
0.471465
0.331259
0.510139
0.728611
0.102248
0.501173
0.849723
0.526049
0.813197
0.057925
0.38195
0.273322
0.670934
0.069535
0.499751
0.277107
0.446345
0.202633
0.055833
0.729188
0.968756
0.092029
0.052374
0.335727
0.657393
0.330202
0.044493
0.160402
0.787484
0.606788
0.350572
0.792522
0.496133
0.038142
0.052867
0.77298
0.144612
0.129789
0.252843
0.496045
0.391723
0.36721
0.883298
0.099464
0.895564
0.906781
0.861075
0.750004
0.917997
0.267333
0.825394
0.291721
0.15402
0.15603
0.874362
0.311114
0.23311
0.354874
0.804868
0.441058
0.104465
0.681141
0.426402
0.456046
0.572399
0.952029
0.505023
0.583222
0.995679
0.143135
0.853967
0.901679
0.099497
0.355175
0.932849
0.310676
0.498222
0.322295
0.317581
0.081396
0.703811
0.682754
0.367146
0.415946
0.333534
0.071623
0.796386
0.120341
0.324591
0.109781
0.513073
0.492239
0.624889
0.045678
0.187725
0.612156
0.957158
0.865138
0.167726
0.495893
0.335374
0.547941
0.246699
0.164004
0.251258
0.487329
0.461048
0.127225
0.831959
0.409412
0.979695
0.605437
0.402452
0.201036
0.091237
0.781051
0.491114
0.67593
0.761036
0.937023
0.811666
0.319495
0.839281
0.582336
0.434951
0.888587
0.3894
0.793242
0.484057
0.956752
0.728016
0.015879
0.258356
0.75737
0.488434
0.081861
0.172555
0.772127
0.237088
0.857466
0.594729
0.903678
0.358293
0.527611
0.038744
0.083469
0.279527
0.221479
0.70881
0.80133
0.02004
0.157191
0.093063
0.421049
0.363472
0.0414
0.365675
0.101996
0.761188
0.468493
0.916535
0.861243
0.678861
0.36337
0.218436
0.351794
0.713886
0.588279
0.416588
0.756415
0.603466
0.135181
0.141624
0.982642
0.982601
0.0287
0.538577
0.303539
0.909131
0.866058
0.174386
0.606274
0.369446
0.860652
0.676323
0.103252
0.607561
0.885254
0.610519
0.353661
0.028044
0.063412
0.485287
0.170682
0.899291
0.959954
0.833445
0.91776
0.938678
0.624264
0.551849
0.933748
0.093141
0.031955
0.132515
0.936957
0.883223
0.365602
0.64453
0.613047
0.726216
0.144464
0.578441
0.182207
0.420333
0.03789
0.820778
0.79484
0.906843
0.169266
0.572977
0.890828
0.479867
0.609492
0.838011
0.327174
0.782388
0.92109
0.971435
0.614875
0.615049
0.979537
0.379389
0.064426
0.258068
0.956044
0.189507
0.135392
0.405967
0.346372
0.758114
0.305475
0.883394
0.016272
0.443487
0.617551
0.722896
0.841163
0.878625
0.17148
0.298245
0.981315
0.137519
0.552933
0.701533
0.732937
0.085125
0.098441
0.872533
0.932906
0.410553
0.918885
0.756952
0.479774
0.362541
0.597943
0.852877
0.271963
0.794088
0.795223
0.504175
0.502159
0.30336
0.492557
0.139622
0.435865
0.822636
0.130871
0.671537
0.058623
0.21356
0.623343
0.644888
0.507969
0.901419
0.789193
0.539825
0.121545
0.617406
0.273955
0.490689
0.242927
0.293482
0.850384
0.925758
0.075158
0.942845
0.2242
0.174139
0.65003
0.921547
0.510486
0.309776
0.029168
0.060824
0.146045
0.786524
0.650881
0.713973
0.166875
0.375407
0.825193
0.417313
0.881395
0.103667
0.155892
0.532403
0.805019
0.596073
0.906529
0.258445
0.313473
0.732995
0.715998
0.336588
0.517476
0.731639
0.269598
0.95735
0.93915
0.332594
0.004624
0.984708
0.421662
0.639847
0.621594
0.56949
0.221249
0.635931
0.260983
0.149604
0.388182
0.091921
0.441244
0.315136
0.418717
0.791381
0.483061
0.0833
0.425156
0.325156
0.350609
0.356644
0.239566
0.162344
0.368836
0.934363
0.025646
0.088585
0.364509
0.206812
0.281272
0.495701
0.090595
0.415212
0.288697
0.394465
0.651732
0.587948
0.87567
0.900472
0.668487
0.634243
0.812028
0.276558
0.499108
0.037209
0.504446
0.829832
0.933275
0.507658
0.965056
0.496715
0.133626
0.149258
0.473059
0.512213
0.062459
0.01423
0.743605
0.55291
0.859576
0.531856
0.242681
0.831551
0.487108
0.218997
0.28255
0.74691
0.72391
0.87927
0.851895
0.780729
0.445189
0.334192
0.013048
0.222378
0.56256
0.565895
0.41015
0.348211
0.584735
0.109033
0.510961
0.105408
0.064586
0.107933
0.098603
0.553763
0.623467
0.395379
0.723297
0.680205
0.504843
0.766829
0.662304
0.630701
0.021064
0.162009
0.582091
0.902083
0.423302
0.445865
0.866968
0.012584
0.69072
0.527858
0.329447
0.013366
0.741337
0.772845
0.004557
0.416319
0.245969
0.18934
0.508793
0.16233
0.022793
0.535283
0.385205
0.347323
0.39433
0.808029
0.791441
0.388268
0.57778
0.903017
0.443639
0.376795
0.855809
0.58502
0.764292
0.529035
0.215501
0.646353
0.258947
0.96821
0.124695
0.253416
0.638461
0.660637
0.118017
0.38602
0.83362
0.829374
0.325237
0.042446
0.311126
0.328267
0.001075
0.014879
0.297224
0.661248
0.821448
0.887866
0.532215
0.542341
0.026773
0.57885
0.80512
0.614168
0.904238
0.658742
0.085541
0.708246
0.725796
0.161984
0.386258
0.878675
0.269582
0.914215
0.839147
0.981352
0.215827
0.737589
0.544543
0.847403
0.965621
0.201817
0.520853
0.384313
0.862955
0.068259
0.204847
0.625388
0.154101
0.493569
0.487779
0.123505
0.881169
0.27176
0.118804
0.468586
0.150068
0.145267
0.838971
0.799146
0.483022
0.468667
0.355778
0.128222
0.662451
0.361765
0.023597
0.208091
0.118773
0.545195
0.596902
0.195865
0.824704
0.152029
0.858469
0.172996
0.602425
0.245023
0.286245
0.725986
0.392384
0.615406
0.644793
0.442806
0.920494
0.299804
0.319289
0.359295
0.478018
0.144178
0.085034
0.279104
0.020486
0.303361
0.382171
0.268555
0.147045
0.215625
0.307845
0.029078
0.628647
0.896053
0.41329
0.215005
0.756252
0.880549
0.423306
0.012009
0.663365
0.835463
0.776081
0.703195
0.767876
0.071211
0.432771
0.302464
0.957507
0.027392
0.802303
0.37882
0.004394
0.233985
0.047675
0.367155
0.25236
0.385655
0.065289
0.051504
0.161029
0.869778
0.727215
0.151046
0.199621
0.576647
0.540127
0.019307
0.447642
0.404824
0.618319
0.321163
0.945458
0.717416
0.808342
0.436896
0.364928
0.894752
0.217023
0.053407
0.215344
0.677584
0.781425
0.610852
0.378058
0.76169
0.977111
0.103788
0.478078
0.683419
0.238596
0.048043
0.273338
0.015717
0.580839
0.500947
0.971479
0.865847
0.908461
0.838507
0.672192
0.204762
0.222937
0.290663
0.015818
0.638618
0.770526
0.021301
0.574378
0.291768
0.99771
0.50831
0.512352
0.924387
0.040072
0.82032
0.800068
0.614434
0.982636
0.439202
0.647227
0.433548
0.835039
0.822925
0.933836
0.190359
0.714668
0.491205
0.672971
0.995674
0.7961
0.530222
0.710112
0.943606
0.624311
0.065629
0.686414
0.809535
0.973666
0.370157
0.165949
0.220984
0.156818
0.603199
0.384543
0.733257
0.152556
0.870348
0.263363
0.410965
0.565157
0.63273
0.589915
0.11984
0.661589
0.653978
0.886264
0.141589
0.181782
0.950422
0.873174
0.433689
0.456051
0.372811
0.736805
0.176171
0.660364
0.143146
0.514636
0.948271
0.068947
0.039707
0.334548
0.529983
0.361475
0.74199
0.003167
0.627955
0.012786
0.387926
0.346436
0.210966
0.581813
0.628688
0.025913
0.270123
0.00859
0.983721
0.241197
0.76376
0.940051
0.004341
0.106187
0.170354
0.35996
0.562942
0.953671
0.921707
0.911952
0.023783
0.143545
0.136914
0.067064
0.309138
0.378427
0.115019
0.809779
0.324442
0.103391
0.455308
0.649604
0.942157
0.895153
0.999448
0.345956
0.886747
0.061893
0.904577
0.036669
0.979558
0.659272
0.913058
0.385475
0.109634
0.838226
0.07183
0.053277
0.790251
0.132543
0.299776
0.536072
0.531483
0.630967
0.063788
0.595254
0.941657
0.585248
0.220248
0.541926
0.55013
0.438851
0.817034
0.45158
0.649775
0.418393
0.958268
0.273574
0.702467
0.527718
0.628123
0.169374
0.578611
0.41684
0.815846
0.44948
0.391119
0.207734
0.01953
0.987994
0.979568
0.898803
0.363536
0.715722
0.262009
0.169251
0.279441
0.11759
0.758053
0.185686
0.143268
0.042322
0.96664
0.535574
0.822559
0.549509
0.909548
0.460033
0.132604
0.385646
0.224205
0.183491
0.896866
0.677883
0.677508
0.472667
0.128484
0.93603
0.800731
0.912125
0.213619
0.648598
0.513021
0.14263
0.124484
0.253433
0.653245
0.386623
0.227263
0.946813
0.650699
0.238068
0.064179
0.32663
0.906796
0.634812
0.136271
0.178602
0.019455
0.14073
0.741652
0.525493
0.298149
0.000306
0.786318
0.312388
0.477851
0.428768
0.760487
0.698586
0.336535
0.642483
0.533204
0.432196
0.238482
0.843495
0.283883
0.589298
0.539929
0.322937
0.309064
0.029316
0.336048
0.863151
0.964028
0.158616
0.751056
0.668538
0.354746
0.038045
0.818151
0.453793
0.777269
0.377883
0.912211
0.849292
0.571099
0.66725
0.276565
0.073613
0.775315
0.194575
0.77005
0.722294
0.175919
0.98566
0.764112
0.827124
0.459269
0.735988
0.488699
0.851571
0.637669
0.860571
0.613479
0.886737
0.258007
0.756071
0.764344
0.204405
0.866823
0.293928
0.071105
0.70302
0.378636
0.299952
0.539364
0.407194
0.008886
0.678111
0.623728
0.31079
0.996925
0.23118
0.461025
0.693544
0.014191
0.461686
0.419917
0.060036
0.695637
0.260468
0.815947
0.36308
0.356771
0.058586
0.251592
0.864915
0.84545
0.012913
0.392197
0.798384
0.712027
0.657036
0.856656
0.327774
0.032594
0.353875
0.327459
0.78253
0.738981
0.191428
0.789074
0.46007
0.270957
0.164561
0.630027
0.965208
0.638477
0.244659
0.879841
0.454066
0.454773
0.254519
0.132036
0.873038
0.383625
0.654793
0.007656
0.335764
0.004276
0.665249
0.238356
0.506442
0.290436
0.503034
0.118831
0.62155
0.823509
0.485092
0.081742
0.708149
0.838195
0.768903
0.372833
0.688643
0.799034
0.466771
0.766057
0.634137
0.294802
0.355575
0.709842
0.767004
0.401265
0.640249
0.626827
0.275445
0.765032
0.536889
0.73841
0.162449
0.628869
0.952395
0.768161
0.07105
0.963416
0.723022
0.931488
0.604366
0.696865
0.774534
0.185577
0.387929
0.086322
0.78013
0.718127
0.05077
0.767838
0.900206
0.598136
0.369852
0.101972
0.710615
0.399831
0.453315
0.511981
0.791466
0.967517
0.365826
0.42877
0.791047
0.766464
0.017301
0.649946
0.853146
0.177433
0.559826
0.787621
0.855976
0.777954
0.165265
0.334802
0.547177
0.130609
0.60264
0.602781
0.095937
0.289309
0.42029
0.511347
0.129794
0.085909
0.615704
0.732461
0.401797
0.973154
0.520322
0.852043
0.640829
0.689406
0.873624
0.051033
0.737028
0.859167
0.46676
0.777895
0.317171
0.619708
0.792476
0.078982
0.039387
0.186207
0.990455
0.64964
0.608359
0.298128
0.882368
0.35601
0.798697
0.066432
0.565706
0.96841
0.040185
0.133759
0.998727
0.306594
0.338652
0.632573
0.929435
0.298401
0.807704
0.195269
0.220555
0.549461
0.787784
0.872529
0.070503
0.481687
0.183696
0.228867
0.982041
0.178171
0.92415
0.416593
0.91047
0.359793
0.101249
0.029465
0.161716
0.330988
0.388827
0.161717
0.542844
0.830168
0.582545
0.186268
0.06381
0.315505
0.842873
0.091549
0.823359
0.59279
0.841906
0.352796
0.190961
0.221107
0.703869
0.907887
0.867645
0.835261
0.991663
0.442852
0.385736
0.426617
0.677515
0.508526
0.102942
0.35477
0.339888
0.083747
0.590475
0.493141
0.124126
0.396454
0.948625
0.286839
0.396469
0.193484
0.23414
0.00424
0.987501
0.492715
0.647831
0.943148
0.745049
0.353189
0.023151
0.79182
0.270936
0.903217
0.094699
0.038839
0.242884
0.724136
0.308322
0.195
0.600589
0.878765
0.343598
0.757856
0.447402
0.30945
0.074558
0.908031
0.465443
0.712752
0.299331
0.09936
0.063022
0.565393
0.97967
0.429303
0.658544
0.402902
0.241156
0.734939
0.507136
0.437127
0.453851
0.254765
0.555056
0.489764
0.439139
0.550219
0.165579
0.192881
0.283533
0.529299
0.98768
0.8322
0.009628
0.059106
0.458957
0.077543
0.288322
0.338316
0.531369
0.986218
0.559629
0.082656
0.846939
0.067792
0.652312
0.102108
0.225417
0.833854
0.483042
0.678768
0.711686
0.84721
0.602321
0.149927
0.848658
0.819602
0.329352
0.513667
0.817971
0.466725
0.233954
0.756784
0.679053
0.170379
0.184326
0.716903
0.553101
0.771733
0.388157
0.069916
0.527969
0.690515
0.22879
0.834548
0.15925
0.053887
0.088493
0.309754
0.847051
0.637881
0.505038
0.667535
0.033268
0.744298
0.481238
0.444585
0.413939
0.25624
0.412781
0.578875
0.50768
0.643811
0.197344
0.528467
0.00926
0.43416
0.177635
0.787029
0.894682
0.679265
0.28222
0.762732
0.802239
0.471228
0.507798
0.711915
0.594725
0.101343
0.665593
0.174376
0.313384
0.950253
0.76701
0.660508
0.489148
0.749405
0.66021
0.91542
0.933837
0.583174
0.18076
0.43099
0.183255
0.432509
0.286677
0.687932
0.791535
0.558633
0.211025
0.599023
0.753273
0.975892
0.001092
0.05816
0.883051
0.22478
0.396003
0.731181
0.351894
0.282633
0.726312
0.814626
0.210305
0.750744
0.413161
0.514033
0.887243
0.600809
0.316194
0.759809
0.338435
0.220338
0.284596
0.683845
0.078046
0.79372
0.482388
0.1353
0.332065
0.545205
0.611005
0.615897
0.44111
0.57103
0.443791
0.20099
0.574931
0.796942
0.613359
0.38791
0.498513
0.464089
0.974248
0.798745
0.832585
0.790179
0.823116
0.064611
0.612869
0.544765
0.399544
0.54767
0.660693
0.764133
0.442494
0.276067
0.66114
0.054131
0.974063
0.022982
0.254878
0.139656
0.643448
0.123552
0.46389
0.167125
0.123246
0.430484
0.589626
0.928853
0.793925
0.520308
0.975256
0.999133
0.025976
0.967846
0.78224
0.291134
0.510962
0.114862
0.646108
0.685217
0.935006
0.806011
0.32329
0.501824
0.797588
0.604392
0.826012
0.501696
0.479357
0.330908
0.707379
0.743967
0.992631
0.442236
0.928834
0.640197
0.669336
0.901931
0.102068
0.332017
0.751272
0.801094
0.789618
0.956572
0.799527
0.720367
0.955234
0.595044
0.813532
0.099038
0.758589
0.945046
0.053004
0.204306
0.001922
0.187207
0.935104
0.392414
0.273567
0.350794
0.047169
0.290521
0.280142
0.168947
0.062352
0.994244
0.084582
0.658573
0.926857
0.430751
0.711232
0.871465
0.954707
0.058179
0.43477
0.489486
0.795693
0.147592
0.3913
0.693017
0.284136
0.874651
0.171767
0.734666
0.956786
0.532478
0.35236
0.40023
0.369268
0.534503
0.687982
0.232298
0.268606
0.478539
0.936712
0.219104
0.565344
0.763754
0.63123
0.461491
0.34312
0.267363
0.769682
0.523495
0.06496
0.172672
0.861873
0.262619
0.398196
0.084227
0.824217
0.304844
0.183872
0.294691
0.282081
0.071427
0.653233
0.936042
0.324286
0.282307
0.15976
0.562907
0.586674
0.790994
0.676822
0.582246
0.760419
0.431018
0.43919
0.03566
0.228164
0.145554
0.561453
0.17821
0.373679
0.421202
0.637481
0.111944
0.428892
0.90194
0.222561
0.663845
0.545836
0.364109
0.21862
0.801716
0.885165
0.68936
0.282518
0.401127
0.098929
0.789223
0.149148
0.049647
0.337941
0.187542
0.805325
0.901926
0.327653
0.458445
0.09234
0.404858
0.011858
0.914889
0.730119
0.843619
0.032102
0.327569
0.184253
0.201345
0.068847
0.700053
0.423093
0.792449
0.290779
0.02024
0.082923
0.365871
0.443336
0.465558
0.144372
0.265414
0.269433
0.055694
0.762497
0.618308
0.144572
0.945678
0.299103
0.313673
0.205387
0.53689
0.694759
0.14994
0.200776
0.701086
0.567832
0.182959
0.164324
0.643843
0.325635
0.575851
0.037923
0.777237
0.128369
0.938842
0.955289
0.493227
0.134512
0.302239
0.334382
0.032924
0.791069
0.370979
0.589933
0.688453
0.495518
0.24052
0.268208
0.909775
0.791552
0.447398
0.173955
0.249194
0.561223
0.211837
0.146339
0.795552
0.559971
0.866418
0.77077
0.042231
0.70667
0.237277
0.011392
0.576269
0.299917
0.129705
0.20796
0.64261
0.745883
0.077727
0.037783
0.691349
0.509103
0.211072
0.003181
0.245172
0.728325
0.223253
0.40459
0.46828
0.957663
0.663608
0.58623
0.830146
0.199298
0.396072
0.54253
0.924112
0.413232
0.596798
0.439935
0.014143
0.222796
0.66828
0.291601
0.588801
0.77321
0.920391
0.822687
0.199169
0.342482
0.280906
0.185276
0.877758
0.529807
0.171133
0.027274
0.390163
0.300195
0.933512
0.409235
0.15029
0.210913
0.886477
0.361736
0.211424
0.672236
0.451525
0.866563
0.195845
0.754078
0.738088
0.169875
0.071695
0.288896
0.586272
0.824468
0.791935
0.076495
0.944126
0.85263
0.123628
0.455615
0.182585
0.84867
0.415025
0.094825
0.232818
0.973935
0.916613
0.358176
0.568179
0.622575
0.240818
0.002864
0.933045
0.716305
0.087923
0.98653
0.339569
0.602596
0.744319
0.131486
0.997405
0.684504
0.818984
0.735524
0.077831
0.355299
0.645747
0.515639
0.658381
0.419359
0.289405
0.807334
0.08913
0.745768
0.243791
0.123506
0.544725
0.011951
0.044178
0.442962
0.525997
0.267777
0.229468
0.095404
0.352574
0.587365
0.473549
0.327187
0.482747
0.170634
0.566354
0.127728
0.89007
0.647021
0.167826
0.552966
0.625181
0.337201
0.016195
0.039525
0.309035
0.789764
0.141567
0.375535
0.495927
0.333513
0.770097
0.152563
0.161508
0.965541
0.001091
0.012983
0.423245
0.523567
0.67067
0.018167
0.764401
0.43964
0.43076
0.191987
0.74016
0.241712
0.784253
0.094285
0.223839
0.21663
0.678722
0.024287
0.852242
0.830774
0.445916
0.522233
0.192079
0.460784
0.28711
0.75344
0.401511
0.020721
0.550959
0.345585
0.999084
0.600799
0.385922
0.331908
0.301641
0.142718
0.257882
0.813883
0.758743
0.880418
0.412205
0.075476
0.072843
0.699329
0.412331
0.261296
0.054609
0.363694
0.598726
0.985615
0.57413
0.173797
0.202394
0.348798
0.162465
0.457236
0.370671
0.108416
0.739431
0.06738
0.981756
0.108951
0.083684
0.008
0.282746
0.199791
0.818558
0.936178
0.417112
0.138997
0.013504
0.26864
0.828799
0.279772
0.689897
0.94931
0.554461
0.052317
0.450985
0.076301
0.100163
0.657254
0.709097
0.074262
0.231355
0.780988
0.115962
0.324263
0.596222
0.009222
0.996419
0.521976
0.090836
0.299577
0.99536
0.798814
0.468732
0.960974
0.575589
0.059595
0.339308
0.888604
0.131997
0.951226
0.717542
0.715333
0.837501
0.176157
0.866962
0.586696
0.516992
0.888289
0.255635
0.761632
0.014556
0.611123
0.575231
0.684883
0.445016
0.21485
0.958625
0.280652
0.607053
0.410245
0.095863
0.684916
0.66367
0.289935
0.333885
0.868264
0.650019
0.423295
0.449257
0.840334
0.027101
0.14509
0.916208
0.027396
0.700367
0.183856
0.782252
0.055549
0.96944
0.402508
0.12929
0.783468
0.997551
0.233286
0.409775
0.801435
0.209432
0.862024
0.974526
0.36933
0.871884
0.72068
0.201795
0.905877
0.0101
0.703555
0.341228
0.303367
0.899966
0.317371
0.927888
0.900541
0.1316
0.657225
0.349148
0.136627
0.441096
0.406928
0.148112
0.800305
0.079307
0.632192
0.959915
0.78678
0.310255
0.328944
0.17482
0.575928
0.161418
0.008437
0.88131
0.717218
0.930651
0.273894
0.087336
0.062758
0.230418
0.227998
0.420525
0.15069
0.535441
0.664119
0.546604
0.85449
0.76357
0.563022
0.966548
0.726163
0.547261
0.858776
0.075899
0.655773
0.085796
0.242175
0.239976
0.084128
0.019764
0.791375
0.778847
0.045122
0.488511
0.178649
0.794801
0.133494
0.031547
0.140437
0.005139
0.590224
0.163985
0.832227
0.933839
0.673344
0.629758
0.156197
0.18771
0.347456
0.175177
0.327792
0.086997
0.461623
0.610739
0.782441
0.492747
0.993434
0.374406
0.481059
0.475972
0.473221
0.193016
0.132738
0.709542
0.204052
0.517184
0.016046
0.891351
0.535983
0.736217
0.113207
0.083135
0.461834
0.746478
0.90336
0.969577
0.179323
0.666376
0.643924
0.047075
0.74339
0.498814
0.372032
0.135509
0.939824
0.063312
0.188035
0.221931
0.996518
0.023518
0.591064
0.35971
0.025399
0.084644
0.017941
0.488861
0.320714
0.082874
0.261957
0.545196
0.229105
0.152179
0.45909
0.336973
0.166308
0.901648
0.412398
0.74472
0.450763
0.008523
0.367114
0.787386
0.924021
0.70277
0.535852
0.172098
0.209366
0.605836
0.322517
0.622669
0.049751
0.068969
0.603116
0.707066
0.074825
0.812665
0.711377
0.583779
0.257919
0.288029
0.811084
0.786905
0.957709
0.452389
0.633821
0.776013
0.563838
0.423558
0.712912
0.916558
0.077473
0.064849
0.670777
0.396668
0.891299
0.170172
0.105905
0.958467
0.344029
0.095353
0.700855
0.933642
0.460671
0.88839
0.062047
0.655608
0.056202
0.778179
0.114021
0.067805
0.522186
0.3082
0.70543
0.634931
0.792907
0.339228
0.533718
0.988432
0.122609
0.651273
0.866363
0.235616
0.929451
0.491049
0.637951
0.744557
0.451885
0.811013
0.365133
0.599769
0.648851
0.330668
0.992825
0.617891
0.327625
0.428607
0.567305
0.621286
0.666066
0.415369
0.513018
0.526764
0.199264
0.027415
0.62398
0.145559
0.73062
0.976364
0.242819
0.186709
0.029236
0.955597
0.586736
0.424036
0.591195
0.910478
0.989132
0.495916
0.025371
0.465607
0.599699
0.169437
0.780673
0.931743
0.329181
0.791189
0.852254
0.322066
0.207242
0.573401
0.571959
0.030729
0.088549
0.030041
0.938049
0.29204
0.841332
0.333791
0.616248
0.081169
0.047281
0.423694
0.656548
0.45604
0.180824
0.58309
0.341707
0.470657
0.167959
0.126685
0.395213
0.867688
0.851752
0.701903
0.973208
0.330029
0.123762
0.598926
0.73856
0.160417
0.964848
0.269572
0.464837
0.435739
0.018207
0.311817
0.751129
0.753805
0.184415
0.390833
0.341419
0.617246
0.827504
0.85936
0.021822
0.782975
0.544796
0.157909
0.42897
0.115531
0.113186
0.853444
0.126081
0.009784
0.936679
0.813328
0.682414
0.701399
0.57725
0.759833
0.302161
0.769362
0.443537
0.05518
0.133551
0.121199
0.719844
0.349725
0.55737
0.157542
0.863458
0.475281
0.101668
0.027562
0.020603
0.408989
0.395598
0.203242
0.29341
0.031989
0.928942
0.399609
0.582102
0.276259
0.811663
0.631868
0.201228
0.71108
0.889245
0.026397
0.129934
0.614783
0.099011
0.908538
0.465696
0.16127
0.787795
0.378016
0.078525
0.812865
0.95545
0.050351
0.266991
0.782527
0.990097
0.754448
0.892827
0.652443
0.968044
0.715785
0.885382
0.167206
0.55268
0.846029
0.02681
0.085612
0.432254
0.256521
0.924432
0.24237
0.676667
0.660454
0.169362
0.152271
0.05878
0.79265
0.162942
0.515754
0.998676
0.645256
0.761671
0.38175
0.569802
0.906424
0.697483
0.151365
0.980125
0.06767
0.886588
0.350969
0.548377
0.675899
0.070986
0.189909
0.64393
0.045183
0.351268
0.580011
0.962926
0.742965
0.272085
0.249634
0.024297
0.422334
0.491504
0.133874
0.000704
0.143956
0.088898
0.619089
0.524636
0.791256
0.686347
0.944301
0.835503
0.540533
0.842099
0.522898
0.451164
0.535884
0.195089
0.1894
0.634326
0.911102
0.218771
0.642184
0.581514
0.529782
0.447631
0.800569
0.02088
0.59938
0.735749
0.750084
0.462599
0.417579
0.353901
0.976724
0.892614
0.188247
0.966795
0.78418
0.7827
0.589842
0.758478
0.516945
0.178075
0.211291
0.493074
0.642322
0.27531
0.88376
0.421257
0.045402
0.56865
0.570489
0.807989
0.228237
0.699509
0.259694
0.443345
0.953931
0.897513
0.809487
0.380786
0.902394
0.958651
0.678845
0.256332
0.789466
0.276931
0.726302
0.067271
0.797404
0.818076
0.026514
0.134668
0.667295
0.181337
0.267353
0.295261
0.049501
0.150051
0.015877
0.967253
0.75426
0.900806
0.080917
0.012101
0.761794
0.315691
0.354732
0.234007
0.55674
0.576463
0.597751
0.953779
0.847645
0.834973
0.130324
0.286985
0.023861
0.016257
0.263974
0.767491
0.040311
0.812496
0.248233
0.484628
0.964207
0.85655
0.519951
0.340774
0.033635
0.385087
0.864809
0.70396
0.108719
0.506804
0.239874
0.908045
0.745024
0.663525
0.195619
0.964097
0.835038
0.907873
0.736949
0.647028
0.7061
0.996724
0.142947
0.853478
0.094529
0.189987
0.254528
0.903552
0.047928
0.641928
0.011226
0.6582
0.816983
0.93931
0.495703
0.120628
0.350687
0.404266
0.419714
0.426456
0.836685
0.004302
0.233646
0.54666
0.336838
0.197177
0.524142
0.456008
0.141498
0.80163
0.456756
0.668477
0.550403
0.677392
0.740705
0.734819
0.850438
0.308197
0.452342
0.43856
0.697105
0.434527
0.838651
0.892489
0.720479
0.89791
0.964896
0.784485
0.626177
0.165148
0.198812
0.893215
0.837902
0.284463
0.202371
0.677179
0.952959
0.03425
0.00121
0.607664
0.873726
0.052976
0.547698
0.35467
0.224213
0.591051
0.870387
0.11725
0.263166
0.968565
0.42867
0.775289
0.445764
0.476042
0.761164
0.304218
0.972392
0.329316
0.453757
0.155495
0.437027
0.553974
0.979515
0.927445
0.941719
0.662516
0.611627
0.508089
0.046141
0.421698
0.770462
0.133387
0.265977
0.037275
0.357008
0.352326
0.719671
0.030989
0.920482
0.876149
0.261836
0.458716
0.118854
0.677217
0.58175
0.840548
0.627987
0.072602
0.521971
0.164455
0.582334
0.134276
0.319596
0.192916
0.237075
0.39901
0.929298
0.133104
0.224398
0.228504
0.262762
0.374867
0.114428
0.3237
0.034733
0.380978
0.85947
0.139962
0.559452
0.658222
0.140779
0.793773
0.874773
0.804977
0.6808
0.170881
0.677402
0.250795
0.853999
0.948836
0.998021
0.813816
0.794377
0.882556
0.61881
0.295955
0.726515
0.662405
0.256027
0.197111
0.590581
0.759057
0.896367
0.955148
0.801256
0.638648
0.132189
0.505892
0.896577
0.694249
0.413776
0.985833
0.242085
0.244599
0.643292
0.032022
0.245748
0.347825
0.821225
0.912465
0.864582
0.802648
0.299789
0.080489
0.664637
0.958577
0.160484
0.186565
0.041819
0.018234
0.151142
0.800471
0.416853
0.0365
0.645636
0.445413
0.045674
0.85117
0.670821
0.122692
0.978708
0.823382
0.176501
0.822961
0.565138
0.637399
0.232037
0.549207
0.299344
0.872038
0.550878
0.822793
0.540375
0.461622
0.864941
0.329661
0.130487
0.921233
0.270164
0.101131
0.841526
0.230508
0.745504
0.691306
0.359583
0.727849
0.073
0.632718
0.633396
0.423894
0.294311
0.216123
0.464444
0.936493
0.399477
0.059983
0.806853
0.26675
0.608774
0.102793
0.504783
0.253285
0.509583
0.840829
0.658459
0.11983
0.108352
0.730815
0.947433
0.712238
0.530025
0.983534
0.60165
0.076129
0.421993
0.338896
0.504653
0.616505
0.511131
0.786044
0.621106
0.381332
0.817779
0.117093
0.280531
0.276681
0.105559
0.645381
0.705224
0.434706
0.305764
0.735077
0.193728
0.382757
0.305342
0.596625
0.996103
0.484737
0.415664
0.941121
0.015475
0.718896
0.651762
0.372544
0.036834
0.591562
0.289313
0.711793
0.646666
0.184219
0.143109
0.803959
0.663957
0.366861
0.02482
0.241586
0.255576
0.044911
0.31874
0.335586
0.662142
0.349062
0.243442
0.056338
0.169564
0.246495
0.787026
0.766509
0.151386
0.846518
0.07806
0.483919
0.590269
0.80327
0.129643
0.288567
0.936165
0.711683
0.943416
0.847643
0.556766
0.065325
0.108983
0.822574
0.065781
0.062042
0.685733
0.450448
0.321363
0.575226
0.561993
0.825734
0.145359
0.442794
0.668876
0.349058
0.221622
0.499539
0.46309
0.998308
0.413156
0.941715
0.268687
0.289624
0.439768
0.049619
0.812638
0.224469
0.644956
0.176012
0.047774
0.621536
0.263432
0.522849
0.91226
0.015787
0.899629
0.470473
0.647947
0.189285
0.096854
0.862311
0.176201
0.895374
0.459879
0.166524
0.232196
0.539648
0.486061
0.646151
0.532501
0.041476
0.523696
0.295873
0.915025
0.724386
0.003613
0.60131
0.799083
0.414811
0.286083
0.454082
0.172138
0.898916
0.189259
0.854371
0.250988
0.438665
0.400313
0.149366
0.020539
0.99609
0.543259
0.852855
0.745467
0.589461
0.713651
0.056713
0.405871
0.144772
0.215571
0.784359
0.165731
0.517898
0.243339
0.507318
0.095318
0.639335
0.840703
0.011852
0.291372
0.684556
0.488214
0.359255
0.47806
0.889663
0.447235
0.19725
0.491081
0.743978
0.461376
0.902436
0.504006
0.469314
0.326416
0.968506
0.052395
0.805287
0.938633
0.688719
0.906478
0.083268
0.134874
0.816317
0.888547
0.888212
0.253527
0.80715
0.721024
0.948122
0.140879
0.920816
0.088761
0.032213
0.488455
0.166285
0.999755
0.866226
0.271625
0.152299
0.15892
0.157691
0.293429
0.711376
0.571484
0.131537
0.092698
0.813602
0.259775
0.949872
0.416123
0.547375
0.182834
0.743485
0.689806
0.651615
0.856862
0.865303
0.424397
0.842612
0.36787
0.662013
0.743965
0.053819
0.589289
0.937921
0.058884
0.10219
0.988462
0.042615
0.654001
0.057857
0.410397
0.162076
0.725545
0.65765
0.211982
0.684561
0.699419
0.612581
0.499691
0.661688
0.824351
0.432147
0.281453
0.484387
0.942827
0.448433
0.102483
0.65082
0.135998
0.897241
0.662296
0.973391
0.685867
0.395034
0.249442
0.174625
0.793221
0.825268
0.168224
0.727994
0.596802
0.631072
0.231081
0.937471
0.179648
0.567648
0.620852
0.025554
0.664591
0.072203
0.638633
0.272553
0.713373
0.528429
0.64892
0.222924
0.171439
0.71023
0.27323
0.468517
0.542634
0.737154
0.006192
1e-05
0.195139
0.200001
0.719519
0.023124
0.844317
0.730732
0.036142
0.612648
0.357395
0.433532
0.727296
0.42406
0.295041
0.286777
0.153997
0.691085
0.91696
0.231911
0.860532
0.641043
0.895991
0.149921
0.362757
0.18576
0.780256
0.236022
0.701082
0.45904
0.85184
0.292071
0.01607
0.537133
0.912983
0.229521
0.053524
0.87292
0.110199
0.703161
0.796758
0.769076
0.251749
0.514793
0.435514
0.748639
0.859289
0.847007
0.645468
0.955285
0.941061
0.282232
0.568423
0.640541
0.166904
0.444473
0.813982
0.631187
0.574157
0.385816
0.352758
0.368379
0.911321
0.98921
0.152498
0.136674
0.322531
0.449297
0.924213
0.198581
0.829374
0.098499
0.074742
0.535507
0.835794
0.15106
0.312837
0.506576
0.239824
0.795957
0.107341
0.760012
0.923831
0.976016
0.596779
0.330322
0.705506
0.96699
0.912457
0.284953
0.953739
0.147252
0.175864
0.500959
0.882533
0.6627
0.321489
0.046293
0.63386
0.330574
0.754756
0.857678
0.507842
0.42172
0.570102
0.502648
0.009246
0.910349
0.139138
0.940228
0.475876
0.654869
0.181256
0.19163
0.115968
0.469174
0.1615
0.156494
0.322352
0.312922
0.14838
0.065808
0.85682
0.907832
0.970168
0.129464
0.710537
0.782044
0.670669
0.435689
0.751102
0.398487
0.923195
0.993103
0.046999
0.943233
0.028467
0.379451
0.725297
0.611248
0.080147
0.265775
0.878084
0.433921
0.65612
0.410374
0.237435
0.741212
0.594262
0.134782
0.471701
0.823383
0.778431
0.700867
0.336976
0.306914
0.468381
0.849149
0.975252
0.931505
0.395889
0.081477
0.670011
0.998391
0.007906
0.372545
0.148338
0.954483
0.777988
0.587344
0.766918
0.967856
0.375156
0.574366
0.303375
0.801642
0.616679
0.905144
0.160873
0.23547
0.419742
0.250831
0.316227
0.244996
0.933893
0.324444
0.798828
0.494747
0.668334
0.656033
0.751459
0.861671
0.190225
0.040719
0.377426
0.450382
0.47745
0.733072
0.895986
0.197958
0.056209
0.844159
0.035254
0.486712
0.972982
0.929477
0.622053
0.989258
0.081953
0.110165
0.779403
0.992502
0.168199
0.390266
0.117134
0.475888
0.674045
0.103311
0.494348
0.155651
0.994471
0.76117
0.403697
0.713345
0.072964
0.637608
0.467084
0.659361
0.563433
0.283987
0.469349
0.050721
0.400884
0.308578
0.018437
0.182878
0.853305
0.899568
0.116258
0.588239
0.798498
0.995239
0.57343
0.611118
0.997499
0.827951
0.658786
0.334361
0.950707
0.30912
0.207165
0.923397
0.449791
0.330973
0.471472
0.778371
0.482737
0.808142
0.983194
0.394159
0.335973
0.517922
0.463382
0.114841
0.759877
0.228728
0.503656
0.773455
0.140047
0.625975
0.50489
0.327235
0.256741
0.743255
0.949553
0.67468
0.772395
0.403454
0.038087
0.552477
0.159704
0.650328
0.630507
0.420129
0.078708
0.647731
0.34152
0.987581
0.32022
0.332643
0.623932
0.582501
0.176364
0.67456
0.443804
0.691881
0.768038
0.003831
0.026867
0.587585
0.79765
0.266562
0.043026
0.54115
0.74022
0.628003
0.066125
0.672242
0.90276
0.195072
0.330882
0.111804
0.009056
0.22271
0.845393
0.923321
0.085309
0.601608
0.815062
0.693168
0.878131
0.226237
0.947305
0.901197
0.512374
0.36849
0.099378
0.834936
0.442036
0.130578
0.867492
0.858508
0.626125
0.685888
0.731955
0.534872
0.542303
0.47524
0.600121
0.412234
0.209908
0.372057
0.159177
0.528691
0.71782
0.860175
0.454574
0.85654
0.076601
0.180115
0.115215
0.767639
0.919328
0.565101
0.639735
0.908982
0.226549
0.545442
0.569195
0.255909
0.191862
0.495101
0.914532
0.695338
0.629438
0.103456
0.590773
0.53127
0.543463
0.296322
0.771796
0.847656
0.044582
0.210247
0.810257
0.026264
0.53382
0.479485
0.15178
0.691372
0.516126
0.692722
0.080219
0.913014
0.233247
0.756799
0.17362
0.300873
0.476612
0.027938
0.324835
0.146245
0.695999
0.613664
0.078204
0.572309
0.039557
0.943591
0.924304
0.265661
0.626736
0.944331
0.008916
0.723754
0.667719
0.994926
0.465564
0.698172
0.390617
0.455879
0.645134
0.559999
0.06451
0.584345
0.568169
0.800033
0.404347
0.966588
0.296306
0.730583
0.436277
0.065166
0.875936
0.670026
0.696776
0.068041
0.865826
0.337646
0.710702
0.445367
0.032879
0.283109
0.954618
0.281127
0.225605
0.342099
0.989771
0.753183
0.805804
0.731637
0.480278
0.761937
0.152978
0.914944
0.514299
0.049776
0.404363
0.122654
0.052677
0.870118
0.91906
0.468613
0.408977
0.409014
0.757865
0.329792
0.049707
0.11172
0.889445
0.355362
0.041416
0.269291
0.816604
0.171972
0.996159
0.336784
0.044008
0.852236
0.901989
0.399529
0.035861
0.526688
0.195048
0.414403
0.104052
0.423738
0.489606
0.045436
0.476369
0.019078
0.955154
0.109206
0.327672
0.310575
0.562093
0.213792
0.675143
0.990893
0.498959
0.279237
0.741409
0.818803
0.955413
0.080474
0.819368
0.725339
0.621366
0.166387
0.492962
0.134076
0.349423
0.704171
0.928682
0.436333
0.338852
0.917254
0.789321
0.499761
0.859767
0.195101
0.503166
0.723899
0.603838
0.01077
0.625867
0.630782
0.234627
0.851139
0.679049
0.446019
0.157735
0.793274
0.081054
0.706139
0.075794
0.937587
0.740092
0.245345
0.603917
0.010769
0.533538
0.691099
0.215854
0.661266
0.55628
0.175663
0.254715
0.067141
0.968117
0.269738
0.671264
0.593105
0.761607
0.712392
0.364133
0.966013
0.093224
0.002101
0.14953
0.060549
0.601288
0.198648
0.905564
0.77135
0.270064
0.292732
0.414396
0.88858
0.216554
0.268588
0.685243
0.655978
0.86398
0.018561
0.344587
0.392486
0.147894
0.070377
0.072873
0.762627
0.341196
0.747088
0.046564
0.910051
0.400599
0.859359
0.46816
0.599182
0.558076
0.802738
0.196539
0.344532
0.457839
0.69491
0.208989
0.775051
0.357573
0.883639
0.870829
0.120157
0.863449
0.066287
0.832019
0.773611
0.23142
0.75658
0.682212
0.852685
0.817059
0.955726
0.192022
0.844271
0.651493
0.729
0.685656
0.751209
0.955965
0.021095
0.790051
0.123617
0.494119
0.438458
0.122702
0.414181
0.442301
0.706174
0.527728
0.630803
0.416953
0.230762
0.230676
0.245452
0.972222
0.46217
0.14569
0.153796
0.928424
0.500494
0.023858
0.006039
0.695457
0.411338
0.147088
0.098101
0.481376
0.780008
0.717503
0.30934
0.210601
0.895821
0.633304
0.555094
0.848081
0.415286
0.285598
0.377434
0.888711
0.685262
0.672934
0.905601
0.122465
0.085608
0.288231
0.914277
0.507851
0.846371
0.007075
0.082056
0.959454
0.615222
0.053361
0.040603
0.089436
0.199034
0.422432
0.158766
0.946675
0.066238
0.961764
0.73777
0.910089
0.27032
0.364406
0.508658
0.352266
0.659121
0.498377
0.256026
0.163967
0.435828
0.502844
0.199889
0.958929
0.116605
0.913919
0.286015
0.458824
0.286372
0.611593
0.482845
0.808982
0.78888
0.490512
0.007111
0.992839
0.215542
0.233303
0.438435
0.634868
0.158583
0.242107
0.135002
0.872871
0.579778
0.506173
0.037781
0.058199
0.893254
0.8848
0.182626
0.195377
0.09147
0.021303
0.628333
0.798716
0.193726
0.14783
0.864523
0.659152
0.094788
0.212759
0.490444
0.361557
0.400448
0.003494
0.723485
0.088885
0.983681
0.2836
0.874797
0.51978
0.214932
0.31385
0.226595
0.853657
0.814248
0.689945
0.999926
0.576433
0.474783
0.307808
0.658443
0.874586
0.718917
0.665717
0.837576
0.529566
0.666261
0.933671
0.041317
0.520055
0.288163
0.31395
0.345213
0.512856
0.728653
0.39931
0.476998
0.949599
0.012223
0.302116
0.017624
0.214943
0.067376
0.53525
0.262363
0.605971
0.638604
0.474473
0.437289
0.820508
0.066591
0.326513
0.93043
0.514162
0.628017
0.894628
0.716608
0.637055
0.209634
0.449047
0.846417
0.187067
0.324539
0.386065
0.14178
0.011987
0.716268
0.927605
0.969009
0.72466
0.119128
0.043677
0.66856
0.816277
0.479231
0.633781
0.272936
0.044488
0.066357
0.064783
0.892947
0.275165
0.425115
0.484454
0.605825
0.578178
0.138381
0.409931
0.588312
0.617693
0.780156
0.113506
0.697143
0.686595
0.817972
0.575133
0.7373
0.013343
0.820315
0.215792
0.373127
0.135099
0.452457
0.120615
0.462536
0.411222
0.466259
0.079107
0.908159
0.995246
0.677336
0.818597
0.901697
0.08436
0.752541
0.194366
0.807461
0.67618
0.076834
0.840282
0.463119
0.510569
0.48529
0.345394
0.634185
0.502688
0.64002
0.182753
0.417939
0.994035
0.173728
0.574654
0.847511
0.811409
0.202774
0.161583
0.519285
0.828245
0.264768
0.781789
0.56551
0.683409
0.627447
0.481111
0.998791
0.595845
0.944308
0.506578
0.167529
0.761942
0.819626
0.892892
0.381159
0.154347
0.818035
0.524267
0.816181
0.131058
0.047678
0.211273
0.754165
0.284597
0.12287
0.482286
0.268153
0.640365
0.827945
0.632365
0.158065
0.487338
0.999334
0.372471
0.597245
0.70206
0.79802
0.740406
0.724784
0.833529
0.144449
0.897504
0.459834
0.007532
0.73002
0.402314
0.398789
0.287348
0.725144
0.370804
0.059095
0.179349
0.023466
0.400037
0.308598
0.082982
0.567655
0.184165
0.185219
0.729519
0.738206
0.860576
0.421546
0.930601
0.681914
0.836245
0.619035
0.630061
0.313365
0.971339
0.50247
0.385043
0.607839
0.520735
0.274173
0.500569
0.569063
0.070442
0.280369
0.925004
0.704913
0.792557
0.556401
0.489213
0.810841
0.57308
0.955831
0.340929
0.734876
0.166707
0.371655
0.555526
0.312042
0.189332
0.826781
0.134775
0.292998
0.077054
0.165499
0.008397
0.786805
0.308951
0.050451
0.20674
0.17874
0.288926
0.915954
0.473349
0.422654
0.43527
0.597136
0.921447
0.01114
0.584736
0.055813
0.295401
0.474544
0.971591
0.237387
0.993921
0.536403
0.498867
0.696849
0.876859
0.340002
0.661862
0.420314
0.872633
0.246773
0.221607
0.604464
0.885527
0.320753
0.088928
0.47513
0.60221
0.559976
0.83472
0.128984
0.772664
0.756294
0.88525
0.156253
0.756711
0.147069
0.564954
0.841592
0.569607
0.653554
0.843612
0.089058
0.108153
0.101036
0.429932
0.217596
0.260326
0.362507
0.288857
0.484026
0.309567
0.424896
0.383939
0.306959
0.101132
0.937455
0.609691
0.549331
0.947762
0.249362
0.283525
0.984235
0.645931
0.385977
0.273849
0.405106
0.634342
0.426162
0.199659
0.150222
0.720724
0.379973
0.21655
0.525364
0.134147
0.824349
0.590002
0.409369
0.012981
0.094625
0.734377
0.808277
0.786177
0.929139
0.942649
0.546414
0.966592
0.660718
0.327329
0.902091
0.945312
0.512458
0.402598
0.082798
0.848773
0.020883
0.950755
0.472398
0.937071
0.637
0.317489
0.250711
0.463896
0.042145
0.81684
0.930036
0.07298
0.676605
0.094816
0.933
0.336627
0.445248
0.907978
0.13802
0.447292
0.02117
0.599083
0.206201
0.125798
0.111144
0.978909
0.06497
0.44982
0.839093
0.361561
0.359561
0.294
0.979147
0.384883
0.512877
0.000615
0.233303
0.098774
0.807715
0.01733
0.266187
0.278751
0.382477
0.593272
0.238319
0.3766
0.311173
0.288752
0.091262
0.473128
0.441726
0.460889
0.332504
0.069963
0.122703
0.490418
0.422637
0.887395
0.224479
0.989589
0.697235
0.919268
0.252355
0.578194
0.476869
0.489116
0.149073
0.403475
0.135725
0.430997
0.128881
0.733158
0.406938
0.311586
0.092415
0.100104
0.17942
0.978671
0.371918
0.314041
0.21342
0.003901
0.470845
0.656372
0.917095
0.6155
0.118341
0.007266
0.633719
0.122956
0.929487
0.560874
0.465496
0.626347
0.094894
0.494864
0.492626
0.518014
0.572044
0.109202
0.250765
0.78996
0.744685
0.500098
0.719465
0.16602
0.162863
0.088548
0.899097
0.810739
0.721482
0.415304
0.88592
0.684122
0.778345
0.00388
0.512814
0.350815
0.039224
0.472214
0.585081
0.856973
0.967985
0.564302
0.472097
0.445326
0.965174
0.849329
0.519757
0.562696
0.883663
0.596424
0.979173
0.684787
0.425239
0.557207
0.244551
0.501896
0.625227
0.964422
0.513964
0.362012
0.19765
0.120845
0.691875
0.103468
0.698615
0.802833
0.62319
0.440075
0.779745
0.055379
0.804599
0.904834
0.436898
0.741798
0.198152
0.775328
0.769387
0.744294
0.660644
0.057516
0.375818
0.531571
0.723542
0.145885
0.814561
0.189103
0.337453
0.535259
0.223468
0.900173
0.470311
0.960275
0.574295
0.630789
0.375729
0.128132
0.820306
0.06893
0.666726
0.290467
0.824075
0.930652
0.344951
0.828557
0.237745
0.022474
0.23867
0.725271
0.296068
0.188254
0.156952
0.382868
0.819011
0.751469
0.445549
0.191687
0.321755
0.004651
0.450716
0.797588
0.311583
0.406455
0.452869
0.963398
0.522185
0.046425
0.09265
0.262408
0.954512
0.450697
0.562776
0.17554
0.691312
0.267281
0.562866
0.74578
0.476018
0.288619
0.978949
0.364161
0.597376
0.288508
0.55753
0.389812
0.69749
0.517031
0.503673
0.470955
0.4925
0.693673
0.929473
0.005551
0.754491
0.544705
0.332149
0.407704
0.601732
0.303949
0.539096
0.80912
0.605673
0.434115
0.806697
0.058194
0.01848
0.221475
0.205194
0.210715
0.976778
0.371966
0.251808
0.278939
0.294652
0.285802
0.707086
0.748906
0.39117
0.347114
0.751289
0.89039
0.686361
0.303548
0.98096
0.927969
0.666978
0.136574
0.960522
0.33446
0.71928
0.07403
0.550669
0.476403
0.573149
0.688138
0.16513
0.535695
0.182595
0.152675
0.094335
0.996578
0.11629
0.656172
0.353447
0.950444
0.078172
0.143082
0.697274
0.06118
0.102901
0.711709
0.953812
0.908322
0.542859
0.453561
0.118188
0.760328
0.702282
0.151951
0.106533
0.219827
0.191251
0.15489
0.447487
0.769546
0.43585
0.92191
0.063704
0.914136
0.822166
0.619722
0.765258
0.896408
0.972709
0.028489
0.201169
0.430277
0.23411
0.897681
0.057204
0.278739
0.103274
0.66286
0.023216
0.599356
0.262437
0.910554
0.903618
0.001073
0.208738
0.42291
0.255818
0.527304
0.64115
0.531216
0.263407
0.090207
0.936244
0.178847
0.364631
0.065927
0.869615
0.706214
0.907209
0.810476
0.752825
0.032754
0.86123
0.733096
0.839982
0.208653
0.518254
0.157987
0.782461
0.187931
0.871759
0.026303
0.026366
0.271809
0.366291
0.215285
0.858449
0.837834
0.423824
0.76713
0.662556
0.177012
0.97452
0.62078
0.076162
0.820152
0.002637
0.603853
0.434851
0.422911
0.580727
0.518127
0.619868
0.687499
0.083006
0.109708
0.444396
0.049111
0.817747
0.252003
0.869982
0.796414
0.630905
0.426173
0.495651
0.600105
0.280557
0.198556
0.881558
0.221502
0.661971
0.852821
0.667818
0.314869
0.970827
0.288324
0.260569
0.324698
0.808522
0.083176
0.919321
0.72144
0.793579
0.11272
0.519426
0.762293
0.221917
0.114246
0.624995
0.534185
0.63538
0.382729
0.591144
0.762066
0.95088
0.773016
0.235903
0.122162
0.033602
0.231802
0.148278
0.249532
0.953558
0.635358
0.718654
0.978502
0.958493
0.502836
0.530984
0.513935
0.380015
0.950465
0.920027
0.758727
0.635722
0.228676
0.934866
0.447741
0.243646
0.436916
0.008875
0.881511
0.48977
0.726847
0.438743
0.418967
0.93066
0.724898
0.338599
0.483528
0.87131
0.572678
0.86772
0.052822
0.79361
0.175
0.507946
0.712287
0.658327
0.506517
0.190326
0.24648
0.791041
0.552345
0.463895
0.29758
0.521027
0.891452
0.919295
0.595986
0.002472
0.498309
0.926474
0.872026
0.474041
0.915885
0.197367
0.403771
0.871972
0.588922
0.291119
0.380168
0.621411
0.220586
0.831867
0.731018
0.119728
0.136313
0.71484
0.073271
0.158236
0.669105
0.386282
0.646769
0.786113
0.804366
0.164657
0.641514
0.738371
0.972854
0.842108
0.323878
0.308751
0.322229
0.699647
0.55399
0.511408
0.851899
0.895776
0.230767
0.29511
0.42454
0.80378
0.94262
0.968933
0.86131
0.983747
0.689951
0.865721
0.674422
0.991893
0.379451
0.779859
0.570564
0.338148
0.123982
0.437401
0.410148
0.514058
0.249113
0.649536
0.367147
0.087429
0.726469
0.085947
0.107875
0.519971
0.645347
0.467468
0.22648
0.856886
0.690608
0.903024
0.484149
0.903158
0.022251
0.809104
0.889407
0.294841
0.760082
0.521601
0.471282
0.45702
0.829547
0.800604
0.722834
0.681166
0.481032
0.130339
0.580385
0.943156
0.119868
0.783586
0.577849
0.563508
0.709973
0.088314
0.165956
0.422539
0.799314
0.462374
0.596837
0.824277
0.745711
0.480646
0.918142
0.139064
0.794229
0.147852
0.512985
0.921861
0.041823
0.719861
0.810329
0.948383
0.967269
0.895109
0.67096
0.293086
0.655553
0.154041
0.187004
0.932956
0.998608
0.652335
0.912068
0.921166
0.606428
0.86359
0.115102
0.512285
0.882189
0.045438
0.577251
0.056
0.917766
0.299997
0.141604
0.015192
0.031889
0.823825
0.382876
0.028982
0.193627
0.114135
0.464369
0.69394
0.170715
0.039066
0.391549
0.994545
0.878004
0.352086
0.094831
0.185902
0.966998
0.988678
0.682252
0.029842
0.345182
0.931465
0.936991
0.758477
0.671864
0.053857
0.835926
0.734767
0.277403
0.077122
0.662091
0.04083
0.683485
0.285868
0.879848
0.16156
0.345163
0.625207
0.867693
0.797861
0.202726
0.742763
0.175861
0.723136
0.854464
0.207977
0.155382
0.649327
0.902462
0.631755
0.528896
0.769424
0.864559
0.09423
0.421849
0.047386
0.869
0.463818
0.094355
0.632176
0.727213
0.195804
0.31726
0.297625
0.530212
0.037614
0.375327
0.86807
0.429137
0.235671
0.229006
0.003373
0.391201
0.499449
0.75467
0.319875
0.200846
0.301316
0.491088
0.447224
0.514751
0.394441
0.868148
0.906285
0.382616
0.567507
0.455109
0.453702
0.607929
0.927107
0.561377
0.363405
0.685149
0.604439
0.829185
0.856005
0.177328
0.803593
0.462597
0.150652
0.542663
0.921424
0.776689
0.181042
0.646678
0.974063
0.060651
0.473915
0.249538
0.14836
0.19673
0.927345
0.463196
0.059041
0.876679
0.26845
0.759393
0.134596
0.832548
0.153605
0.668321
0.536489
0.164166
0.965008
0.981242
0.011937
0.579101
0.068736
0.181849
0.314812
0.741522
0.479842
0.932444
0.213254
0.238462
0.605391
0.917802
0.512995
0.947419
0.173671
0.101783
0.836946
0.943547
0.160513
0.604547
0.768087
0.057592
0.13102
0.555447
0.328205
0.091286
0.409116
0.183639
0.183094
0.173294
0.678935
0.18967
0.565354
0.440463
0.717003
0.33567
0.073638
0.946009
0.824856
0.487557
0.065283
0.639743
0.563986
0.944776
0.910791
0.043777
0.814444
0.625352
0.953653
0.864008
0.373515
0.260993
0.985396
0.003636
0.798666
0.924523
0.330913
0.145131
0.717252
0.011354
0.914199
0.77098
0.484805
0.871847
0.189444
0.22649
0.832058
0.752437
0.451518
0.275131
0.36617
0.669839
0.301599
0.82779
0.488296
0.028374
0.73546
0.453308
0.142007
0.983958
0.193901
0.455914
0.574133
0.226599
0.675137
0.989651
0.263828
0.709716
0.505834
0.316912
0.01373
0.154509
0.924094
0.711818
0.228923
0.594359
0.539662
0.359574
0.852964
0.653251
0.287132
0.995135
0.996662
0.260647
0.757353
0.354416
0.961805
0.218398
0.07401
0.117841
0.943535
0.488801
0.061495
0.838785
0.86427
0.783002
0.739292
0.157589
0.975965
0.356441
0.224113
0.966044
0.989647
0.577239
0.391156
0.361686
0.657376
0.838842
0.606571
0.612251
0.908298
0.925146
0.118395
0.010618
0.129987
0.282302
0.183215
0.940652
0.842949
0.526317
0.234131
0.334096
0.35
0.034395
0.415299
0.239274
0.977881
0.247046
0.588315
0.775518
0.039249
0.203281
0.449253
0.438639
0.710577
0.382429
0.927885
0.363456
0.451986
0.960512
0.477656
0.669296
0.550734
0.660016
0.754539
0.261866
0.49699
0.471194
0.661012
0.354461
0.048831
0.479588
0.162613
0.516428
0.591285
0.497661
0.745941
0.964398
0.651614
0.032416
0.664527
0.597478
0.462166
0.955865
0.165126
0.98033
0.855784
0.129744
0.920181
0.694726
0.549167
0.911077
0.520962
0.789173
0.572101
0.289821
0.703094
0.036518
0.73885
0.056321
0.615771
0.71902
0.136944
0.540674
0.837194
0.389814
0.40789
0.613196
0.806297
0.15767
0.570843
0.126954
0.801901
0.156497
0.106203
0.998481
0.491062
0.567114
0.412988
0.319245
0.279481
0.184388
0.850775
0.253429
0.505749
0.516705
0.075086
0.128287
0.793665
0.638958
0.469475
0.831788
0.051976
0.230304
0.350684
0.804777
0.333593
0.851818
0.159869
0.178711
0.863185
0.142773
0.549345
0.490593
0.393052
0.092019
0.184325
0.603663
0.959558
0.010694
0.850341
0.110435
0.460376
0.627623
0.657422
0.25499
0.890839
0.721129
0.649406
0.599692
0.694087
0.531495
0.056278
0.171949
0.842523
0.407261
0.158126
0.327626
0.632034
0.682932
0.844752
0.098562
0.708395
0.788999
0.279739
0.23184
0.46782
0.087777
0.862219
0.417461
0.56837
0.077539
0.196723
0.280417
0.520081
0.063333
0.477788
0.297597
0.1051
0.847758
0.166612
0.445743
0.142606
0.392645
0.197105
0.82823
0.549193
0.952359
0.421832
0.91276
0.001793
0.025386
0.257847
0.754402
0.211654
0.990672
0.333866
0.812684
0.77307
0.153827
0.183424
0.989259
0.424488
0.254864
0.257085
0.487253
0.361614
0.587597
0.915929
0.365858
0.302595
0.951991
0.380659
0.594154
0.293846
0.906301
0.377507
0.321385
0.897996
0.670151
0.474036
0.76305
0.153094
0.701833
0.544969
0.125217
0.936836
0.608774
0.261248
0.551614
0.054404
0.586371
0.446992
0.318195
0.432857
0.124425
0.425932
0.147391
0.680632
0.643548
0.009218
0.28892
0.557065
0.572433
0.63416
0.151156
0.936553
0.120405
0.912562
0.308247
0.933528
0.690249
0.252852
0.056993
0.433635
0.199008
0.660417
0.779302
0.35282
0.703328
0.777002
0.392185
0.735134
0.626548
0.916633
0.823003
0.8624
0.121533
0.744915
0.772326
0.91867
0.792112
0.111929
0.138429
0.256627
0.503968
0.241851
0.744498
0.21184
0.088621
0.304043
0.33839
0.255513
0.968785
0.418021
0.939689
0.042853
0.319046
0.730943
0.575453
0.751551
0.639
0.666438
0.581908
0.302567
0.078288
0.781595
0.365984
0.822738
0.841501
0.610611
0.402271
0.472472
0.503023
0.757627
0.941207
0.048594
0.725962
0.526271
0.382839
0.347891
0.607134
0.166172
0.282931
0.0413
0.375444
0.105291
0.137428
0.298957
0.082733
0.41581
0.89223
0.95642
0.926154
0.728424
0.78683
0.504786
0.664313
0.286536
0.105631
0.541174
0.339681
0.577151
0.423187
0.514429
0.422019
0.181143
0.378379
0.603339
0.919903
0.782584
0.340667
0.33062
0.25329
0.363755
0.870817
0.032093
0.585129
0.114931
0.785151
0.420352
0.860594
0.306044
0.838244
0.1237
0.770617
0.685064
0.75229
0.083091
0.416777
0.728386
0.434059
0.886377
0.098502
0.085646
0.868166
0.998836
0.864309
0.942507
0.06137
0.514924
0.544191
0.280583
0.716566
0.998244
0.314502
0.096279
0.823431
0.260876
0.786353
0.367966
0.86864
0.607062
0.311287
0.890248
0.83127
0.138039
0.968636
0.149005
0.803882
0.414286
0.183254
0.244738
0.347129
0.003952
0.446082
0.915244
0.32681
0.915021
0.4291
0.469423
0.518682
0.190699
0.440392
0.023046
0.642748
0.087042
0.100596
0.152306
0.186112
0.703378
0.596392
0.002412
0.728914
0.943056
0.545936
0.947656
0.248258
0.170682
0.540934
0.026362
0.843268
0.661728
0.317017
0.928133
0.589176
0.557118
0.2115
0.636343
0.902001
0.348553
0.872035
0.058889
0.414643
0.12461
0.776822
0.931479
0.064896
0.677388
0.482989
0.745969
0.635953
0.616989
0.465907
0.088884
0.693626
0.318205
0.822048
0.376648
0.557023
0.572017
0.764455
0.618148
0.583653
0.857147
0.687507
0.50717
0.113225
0.367027
0.531657
0.644664
0.15868
0.710647
0.947179
0.136719
0.030397
0.614588
0.089064
0.837017
0.826939
0.635912
0.507985
0.464076
0.092766
0.925404
0.363814
0.019994
0.757225
0.80178
0.141478
0.970308
0.80052
0.425951
0.583016
0.963837
0.063182
0.434805
0.358967
0.969668
0.854583
0.299714
0.192909
0.701243
0.730397
0.021189
0.370753
0.293227
0.756516
0.727477
0.917268
0.135878
0.436117
0.057246
0.23149
0.979912
0.899031
0.388424
0.603108
0.600264
0.08751
0.429535
0.239557
0.011561
0.869477
0.821908
0.989551
0.05657
0.497904
0.981897
0.79271
0.082583
0.257216
0.311563
0.424265
0.038725
0.707906
0.617314
0.600812
0.250329
0.806969
0.637201
0.812524
0.448542
0.272491
0.652373
0.816147
0.106214
0.667057
0.888032
0.259349
0.218457
0.610852
0.376083
0.257171
0.243693
0.951104
0.425422
0.391058
0.746082
0.383674
0.955057
0.758054
0.892315
0.010522
0.377427
0.286117
0.097626
0.452163
0.26258
0.608294
0.392863
0.337982
0.567718
0.80606
0.781864
0.099853
0.995061
0.634783
0.6325
0.840066
0.918769
0.458766
0.134257
0.648211
0.044253
0.226979
0.938709
0.904073
0.600879
0.130395
0.391426
0.479892
0.676695
0.568722
0.367066
0.964407
0.665013
0.189751
0.791305
0.747742
0.704589
0.191857
0.28165
0.213852
0.354954
0.005493
0.831406
0.68148
0.859466
0.139992
0.383943
0.6445
0.598953
0.456464
0.701447
0.867189
0.857827
0.686638
0.767816
0.867881
0.268678
0.24009
0.880235
0.499676
0.545742
0.092197
0.482603
0.395304
0.503877
0.822963
0.870655
0.222091
0.882674
0.973474
0.07546
0.205292
0.532522
0.773735
0.605464
0.356772
0.13777
0.408878
0.498429
0.680316
0.906722
0.198249
0.711907
0.467783
0.064885
0.492037
0.641808
0.901956
0.133649
0.232299
0.398496
0.97998
0.544419
0.904483
0.869431
0.446402
0.852059
0.600539
0.459378
0.617901
0.546156
0.14331
0.378914
0.191366
0.184697
0.799373
0.238199
0.477597
0.893014
0.526871
0.347542
0.199339
0.043916
0.833814
0.695629
0.030663
0.823758
0.318325
0.423651
0.478373
0.856318
0.079821
0.344853
0.788528
0.070093
0.688351
0.276199
0.815512
0.241573
0.913124
0.341557
0.289745
0.387343
0.358297
0.966267
0.153178
0.712547
0.629719
0.639765
0.572628
0.465366
0.144419
0.577156
0.855177
0.513071
0.22992
0.795358
0.609273
0.705306
0.617717
0.279517
0.072066
0.410739
0.617899
0.434171
0.625129
0.745104
0.333122
0.238139
0.157316
0.916469
0.581821
0.293132
0.402483
0.4922
0.118362
0.953278
0.245971
0.047668
0.148999
0.420515
0.784514
0.707966
0.57152
0.755126
0.4779
0.107661
0.217217
0.434522
0.491637
0.052218
0.026745
0.233802
0.346542
0.316408
0.958865
0.495196
0.840832
0.991764
0.584408
0.053103
0.226553
0.15551
0.878046
0.666206
0.031957
0.09203
0.765863
0.219699
0.378891
0.655014
0.700024
0.547544
0.939137
0.322365
0.452801
0.459481
0.587307
0.223607
0.118517
0.615382
0.123866
0.896937
0.950021
0.065244
0.417982
0.993614
0.134993
0.298995
0.194349
0.87984
0.836081
0.789913
0.825968
0.257636
0.303365
0.361409
0.683561
0.855582
0.714046
0.134868
0.128486
0.313563
0.247235
0.688425
0.66204
0.554182
0.685586
0.969024
0.334218
0.723553
0.809634
0.581212
0.128094
0.823694
0.330168
0.297398
0.479978
0.101966
0.127871
0.476858
0.029636
0.078557
0.79675
0.951198
0.577831
0.84798
0.389642
0.183142
0.048334
0.416554
0.975841
0.163195
0.26319
0.643685
0.572859
0.225769
0.642601
0.632649
0.188229
0.042577
0.689658
0.404772
0.386835
0.263866
0.169397
0.763925
0.25648
0.647426
0.76676
0.747481
0.556365
0.368767
0.462007
0.588324
0.66253
0.846702
0.652321
0.375239
0.440967
0.235874
0.304599
0.282842
0.735084
0.753765
0.58307
0.911922
0.16456
0.544345
0.856309
0.007086
0.085817
0.60967
0.625861
0.679692
0.589353
0.676188
0.590626
0.376714
0.569627
0.169882
0.53616
0.065045
0.240462
0.494822
0.486278
0.382847
0.018458
0.830711
0.236898
0.628672
0.469639
0.849575
0.180158
0.571085
0.284584
0.602731
0.641125
0.845822
0.620903
0.611121
0.8391
0.09089
0.484521
0.729063
0.642377
0.572274
0.557371
0.224013
0.436641
0.737826
0.562206
0.491547
0.418219
0.741368
0.855054
0.321219
0.720385
0.226426
0.729985
0.41111
0.259579
0.365515
0.878426
0.702448
0.112114
0.332459
0.628993
0.03777
0.996054
0.995649
0.464054
0.081807
0.159974
0.251784
0.985703
0.09868
0.283497
0.325058
0.738244
0.526435
0.53507
0.388292
0.730307
0.539111
0.964924
0.244606
0.401029
0.089456
0.19273
0.63126
0.921642
0.004961
0.002515
0.393977
0.55103
0.573466
0.635425
0.68611
0.460477
0.935627
0.372431
0.62402
0.159741
0.785506
0.563216
0.086786
0.799993
0.679685
0.956315
0.686959
0.811359
0.661659
0.849642
0.139181
0.864894
0.419673
0.200388
0.214007
0.235278
0.864177
0.832678
0.269343
0.482928
0.111731
0.902822
0.481045
0.557535
0.640869
0.251228
0.672251
0.221851
0.096895
0.213459
0.481445
0.631169
0.729586
0.77611
0.855754
0.219507
0.840676
0.633081
0.150614
0.703812
0.505261
0.363295
0.769086
0.668834
0.76871
0.316163
0.570164
0.451981
0.771518
0.943745
0.626984
0.608043
0.263264
0.981583
0.216844
0.825233
0.723636
0.251361
0.397739
0.102357
0.610692
0.148169
0.381301
0.993825
0.767606
0.435097
0.036406
0.604294
0.142679
0.984722
0.769257
0.97714
0.719038
0.850245
0.867971
0.715237
0.697447
0.784616
0.337662
0.735088
0.193239
0.132008
0.427413
0.545951
0.145712
0.369048
0.260006
0.08603
0.968622
0.083319
0.09372
0.476492
0.936043
0.863725
0.766209
0.342282
0.041308
0.247759
0.849569
0.081174
0.320511
0.459777
0.672391
0.71347
0.933309
0.961314
0.451681
0.815446
0.408711
0.793961
0.591025
0.507453
0.677154
0.354672
0.978839
0.929493
0.365297
0.320108
0.370744
0.257603
0.987164
0.401956
0.371426
0.745971
0.496967
0.524353
0.065915
0.3192
0.683881
0.694442
0.549289
0.426565
0.708104
0.509742
0.480117
0.411836
0.514189
0.87549
0.620591
0.909267
0.198164
0.305323
0.842716
0.356756
0.846688
0.584742
0.811235
0.855278
0.669272
0.897375
0.363461
0.938204
0.366729
0.786784
0.34914
0.160869
0.096065
0.530948
0.613535
0.95823
0.885473
0.955103
0.726394
0.613811
0.84516
0.803511
0.092446
0.940934
0.804975
0.664878
0.866735
0.200342
0.215099
0.989995
0.896171
0.939241
0.724756
0.663298
0.690951
0.096929
0.469066
0.578496
0.835297
0.751986
0.636591
0.979172
0.807288
0.601695
0.291762
0.296959
0.755321
0.33865
0.329039
0.005925
0.684825
0.902133
0.748373
0.936651
0.279542
0.312969
0.97616
0.345764
0.964512
0.849111
0.902915
0.481955
0.971178
0.162879
0.457597
0.154194
0.990684
0.939023
0.238597
0.704603
0.262275
0.952145
0.593323
0.874004
0.79573
0.439811
0.771379
0.952251
0.136609
0.458242
0.135116
0.66378
0.047958
0.301009
0.445022
0.705578
0.109589
0.709986
0.662539
0.79443
0.552731
0.2014
0.159235
0.687707
0.661659
0.277286
0.69532
0.355185
0.914746
0.954845
0.25994
0.924222
0.099999
0.61254
0.460543
0.015115
0.212668
0.255314
0.646016
0.014669
0.024465
0.653842
0.986043
0.369846
0.322615
0.213323
0.991778
0.662814
0.450488
0.919559
0.140219
0.263468
0.202596
0.048064
0.908998
0.811322
0.094069
0.846183
0.079213
0.919105
0.24739
0.802814
0.044792
0.19839
0.916387
0.0328
0.882768
0.83025
0.773907
0.886559
0.615911
0.437164
0.348815
0.317863
0.683254
0.568267
0.445113
0.825172
0.422253
0.880604
0.571294
0.411435
0.607911
0.71884
0.662912
0.500608
0.065586
0.669198
0.436234
0.264324
0.582058
0.075728
0.137296
0.623855
0.851605
0.086514
0.07868
0.865404
0.883739
0.761438
0.714805
0.980282
0.439662
0.305605
0.793603
0.990667
0.779273
0.129008
0.524054
0.845693
0.296191
0.247502
0.859247
0.586272
0.208779
0.479508
0.093619
0.246921
0.811783
0.465185
0.175732
0.665016
0.300114
0.849744
0.567463
0.748304
0.001506
0.963408
0.808993
0.5956
0.944295
0.906804
0.377701
0.424556
0.760086
0.543427
0.560439
0.152507
0.842773
0.339148
0.657537
0.860133
0.215391
0.921583
0.750813
0.959194
0.919488
0.124757
0.428269
0.845801
0.54012
0.524412
0.002969
0.114208
0.197121
0.801623
0.671549
0.16276
0.075149
0.632174
0.715145
0.638334
0.870804
0.678491
0.900975
0.281341
0.255332
0.861615
0.23596
0.678371
0.292486
0.677976
0.637365
0.742896
0.251294
0.011156
0.381246
0.953133
0.947596
0.297374
0.081079
0.398711
0.168109
0.127929
0.176311
0.248976
0.438213
0.616889
0.921522
0.80628
0.975038
0.227408
0.791216
0.688402
0.855373
0.019919
0.015667
0.787031
0.843731
0.503372
0.975982
0.791139
0.236008
0.423169
0.754853
0.411758
0.344414
0.361408
0.457053
0.761975
0.768883
0.12465
0.801406
0.735639
0.467847
0.642075
0.935241
0.26422
0.759476
0.821506
0.66474
0.950447
0.10366
0.002316
0.14181
0.695044
0.103418
0.551947
0.574932
0.433526
0.324012
0.70459
0.290803
0.884677
0.794637
0.764795
0.340073
0.269902
0.927414
0.461208
0.62679
0.521604
0.786276
0.910708
0.943654
0.130641
0.314727
0.581262
0.384207
0.570376
0.833429
0.279248
0.564189
0.458411
0.397276
0.060498
0.561546
0.460685
0.747679
0.914408
0.093063
0.066158
0.589028
0.168106
0.940597
0.732945
0.43355
0.082743
0.478439
0.003167
0.682202
0.686098
0.788528
0.007947
0.763005
0.530438
0.508352
0.799921
0.286296
0.041362
0.065355
0.068233
0.818804
0.664555
0.152244
0.541319
0.095624
0.243682
0.73419
0.046817
0.139569
0.99015
0.489978
0.393632
0.277934
0.743483
0.091267
0.039112
0.873341
0.225745
0.805006
0.240238
0.130976
0.341496
0.538975
0.575455
0.485159
0.140746
0.406397
0.395974
0.27285
0.03677
0.67012
0.815606
0.590898
0.395368
0.834989
0.513222
0.831872
0.320593
0.630529
0.706107
0.282526
0.02968
0.528273
0.015301
0.426267
0.254382
0.064288
0.700549
0.695682
0.147097
0.040832
0.403207
0.670904
0.108405
0.912332
0.64717
0.650331
0.887421
0.503187
0.819642
0.238281
0.295957
0.535958
0.206208
0.751772
0.904953
0.412667
0.55003
0.930434
0.789524
0.153482
0.348637
0.424049
0.891978
0.014274
0.97152
0.123527
0.660595
0.531116
0.956826
0.793485
0.913329
0.183826
0.081577
0.682136
0.519265
0.978581
0.328894
0.156245
0.04705
0.843574
0.590703
0.989421
0.642155
0.684939
0.915769
0.252554
0.290815
0.908778
0.785334
0.958231
0.639901
0.421811
0.629227
0.924514
0.027051
0.439304
0.267071
0.29006
0.148318
0.789421
0.619754
0.601095
0.785064
0.361624
0.17199
0.964793
0.337662
0.663603
0.271343
0.481272
0.321368
0.191774
0.008034
0.406174
0.056998
0.094052
0.153134
0.444334
0.796131
0.389656
0.281939
0.786512
0.197777
0.210877
0.218661
0.996477
0.662568
0.973737
0.589765
0.373312
0.109405
0.09435
0.920468
0.912272
0.016265
0.615163
0.070683
0.34316
0.674262
0.285874
0.623917
0.807781
0.70491
0.108806
0.790529
0.881922
0.188674
0.093677
0.710875
0.386001
0.036163
0.567657
0.132444
0.167719
0.360302
0.035503
0.898716
0.309748
0.45678
0.411204
0.975372
0.850226
0.344499
0.119156
0.68372
0.24461
0.372621
0.243793
0.366305
0.108498
0.530521
0.998248
0.451327
0.517958
0.939522
0.49654
0.030655
0.304613
0.820999
0.671811
0.798885
0.460842
0.063365
0.019603
0.179974
0.074878
0.940613
0.713993
0.657176
0.184875
0.804912
0.031903
0.194571
0.574946
0.561246
0.579581
0.432163
0.307577
0.888098
0.441679
0.944179
0.62195
0.641169
0.56446
0.942882
0.040769
0.974384
0.093595
0.404814
0.388792
0.384845
0.240784
0.163147
0.072054
0.406094
0.983936
0.829861
0.532661
0.814982
0.686169
0.851123
0.680523
0.006614
0.121443
0.057915
0.220021
0.383662
0.382366
0.174462
0.003032
0.222042
0.277535
0.128116
0.505637
0.023672
0.679286
0.391427
0.688824
0.166007
0.279504
0.52762
0.570463
0.129859
0.368822
0.228282
0.652452
0.411649
0.726609
0.450094
0.614379
0.862417
0.122283
0.500823
0.470986
0.561026
0.543604
0.028685
0.402694
0.60662
0.427044
0.349563
0.511665
0.774885
0.730555
0.169327
0.218589
0.445332
0.519626
0.295979
0.265473
0.551869
0.991291
0.98833
0.366085
0.369706
0.025459
0.791727
0.520574
0.214692
0.056106
0.644849
0.229954
0.586281
0.598115
0.870499
0.613388
0.904865
0.90962
0.25414
0.648028
0.944141
0.009651
0.47176
0.345747
0.437337
0.779644
0.933585
0.726722
0.87166
0.819999
0.284033
0.786657
0.045962
0.983005
0.8516
0.031366
0.654211
0.859516
0.513176
0.121973
0.509549
0.813565
0.531019
0.551462
0.371237
0.941701
0.582014
0.192298
0.109617
0.313288
0.527507
0.092258
0.727421
0.887346
0.723596
0.875104
0.203568
0.414508
0.659012
0.508737
0.883859
0.472155
0.771872
0.151175
0.54102
0.067497
0.190929
0.649718
0.71597
0.882284
0.026545
0.407763
0.273132
0.181758
0.615141
0.714852
0.475008
0.816478
0.072031
0.689965
0.171924
0.660053
0.312868
0.512523
0.183045
0.460856
0.090702
0.339283
0.736585
0.955775
0.470308
0.223305
0.12058
0.267025
0.593348
0.699303
0.398026
0.886395
0.108735
0.689365
0.322485
0.999327
0.39303
0.268279
0.111338
0.661472
0.385955
0.689974
0.500159
0.116922
0.34328
0.677084
0.485026
0.226176
0.022528
0.52218
0.959384
0.627148
0.480164
0.359456
0.71193
0.595743
0.496939
0.198891
0.069896
0.045964
0.226339
0.8087
0.029692
0.311246
0.668202
0.142925
0.348416
0.628698
0.98942
0.423136
0.318223
0.185072
0.162985
0.206617
0.874967
0.622129
0.698392
0.246265
0.222834
0.128573
0.806965
0.33462
0.433007
0.331155
0.240611
0.496201
0.078617
0.235512
0.307382
0.311554
0.753668
0.546534
0.189401
0.907689
0.763949
0.267513
0.420367
0.936781
0.555828
0.166097
0.977876
0.82954
0.800044
0.34981
0.544152
0.298642
0.951631
0.953413
0.613431
0.647899
0.415611
0.458615
0.076892
0.905428
0.73635
0.341612
0.032548
0.732661
0.084192
0.940926
0.541976
0.500261
0.344216
0.354796
0.367544
0.834948
0.73678
0.744931
0.067215
0.64913
0.544366
0.507522
0.188145
0.087218
0.50643
0.882037
0.217552
0.531663
0.326548
0.461023
0.926259
0.50331
0.63575
0.861052
0.232858
0.15389
0.737471
0.116906
0.485677
0.014482
0.703068
0.514601
0.345245
0.745873
0.813673
0.044673
0.250882
0.056818
0.571102
0.291125
0.600334
0.039628
0.201792
0.355803
0.587558
0.074848
0.55342
0.73961
0.22147
0.960899
0.540734
0.523579
0.598233
0.272291
0.778339
0.649882
0.752605
0.956372
0.485032
0.752821
0.912839
0.681801
0.737098
0.790763
0.5945
0.399861
0.51553
0.959914
0.239013
0.238028
0.346542
0.893142
0.75576
0.993284
0.505476
0.173393
0.379611
0.394531
0.347318
0.157625
0.347413
0.77781
0.475142
0.597746
0.228122
0.523349
0.382657
0.299199
0.390821
0.929976
0.028375
0.912561
0.834777
0.174194
0.754718
0.96667
0.601541
0.395786
0.116292
0.721246
0.333401
0.95815
0.834019
0.389759
0.174033
0.097562
0.285547
0.126808
0.029183
0.875216
0.405118
0.401398
0.955163
0.351627
0.536066
0.195394
0.877507
0.255749
0.548358
0.720066
0.653953
0.32652
0.339116
0.994186
0.370121
0.727894
0.1643
0.325432
0.519672
0.096527
0.04913
0.895533
0.279788
0.536737
0.476301
0.102301
0.14161
0.439879
0.721865
0.743369
0.590365
0.24109
0.789139
0.008288
0.460767
0.532207
0.248455
0.784538
7e-06
0.855421
0.857635
0.618511
0.054481
0.128361
0.156887
0.501208
0.378921
0.780913
0.007154
0.681249
0.902333
0.212202
0.652569
0.721058
0.122166
0.948212
0.154043
0.370157
0.749036
0.819365
0.913325
0.41944
0.712375
0.793991
0.956458
0.114184
0.811614
0.424046
0.017853
0.843343
0.056158
0.097726
0.539915
0.048435
0.471715
0.410794
0.326104
0.252996
0.582235
0.282901
0.204673
0.741095
0.004215
0.512238
0.736285
0.912815
0.281054
0.231518
0.502317
0.216671
0.665133
0.306283
0.057178
0.074172
0.089663
0.972088
0.657368
0.108892
0.046758
0.114831
0.841541
0.105787
0.705009
0.18964
0.015918
0.735459
0.909574
0.287144
0.614056
0.192801
0.961533
0.88291
0.934391
0.346984
0.455619
0.229885
0.758228
0.53791
0.696454
0.56617
0.757032
0.14382
0.387162
0.404271
0.219027
0.590933
0.529789
0.465718
0.200945
0.677997
0.749349
0.999287
0.417664
0.018476
0.394918
0.193614
0.53987
0.637879
0.344168
0.004379
0.043337
0.044509
0.253911
0.385158
0.249859
0.094112
0.797761
0.804687
0.344177
0.144267
0.714133
0.689505
0.058943
0.926888
0.327956
0.755446
0.213355
0.795539
0.985106
0.756985
0.473133
0.959911
0.729987
0.859881
0.815394
0.857271
0.038059
0.146877
0.449514
0.076634
0.394151
0.170728
0.3152
0.367881
0.979431
0.641452
0.069001
0.9297
0.024835
0.856554
0.953678
0.2442
0.016663
0.520051
0.497481
0.377232
0.716248
0.029428
0.752017
0.837999
0.185512
0.129457
0.372597
0.825253
0.395081
0.412088
0.567119
0.007516
0.94269
0.113061
0.057175
0.927323
0.128447
0.088921
0.230457
0.243865
0.615929
0.555917
0.684496
0.549229
0.897422
0.555356
0.511051
0.895875
0.058717
0.160114
0.328366
0.42763
0.122001
0.929488
0.595139
0.393753
0.613015
0.505373
0.4419
0.651218
0.527493
0.269296
0.9162
0.475268
0.13951
0.695636
0.456383
0.525981
0.825092
0.154741
0.258253
0.859326
0.445938
0.815286
0.371248
0.230455
0.679601
0.235126
0.542052
0.020286
0.571092
0.95184
0.00756
0.140048
0.28378
0.680747
0.159617
0.571669
0.788804
0.626681
0.22644
0.167006
0.511783
0.542952
0.742314
0.722052
0.011825
0.85316
0.091522
0.605053
0.799426
0.751705
0.060281
0.5959
0.951965
0.684512
0.132589
0.639834
0.713519
0.807245
0.966979
0.649225
0.292812
0.920822
0.497354
0.125266
0.288474
0.655094
0.887697
0.110834
0.778554
0.617963
0.904291
0.300714
0.076031
0.246618
0.091572
0.344489
0.619089
0.600029
0.983852
0.647916
0.840184
0.871654
0.974632
0.461142
0.198965
0.54295
0.308774
0.133301
0.514468
0.954691
0.496535
0.386651
0.370678
0.741485
0.881685
0.13614
0.68201
0.931641
0.071961
0.775681
0.570231
0.99039
0.372357
0.802724
0.379859
0.467337
0.766418
0.56859
0.726253
0.476907
0.501753
0.790954
0.10578
0.963655
0.216272
0.846558
0.196576
0.796086
0.612506
0.737521
0.380696
0.151999
0.306487
0.338542
0.582716
0.60047
0.106952
0.768269
0.461127
0.103122
0.005686
0.494897
0.045443
0.381347
0.72147
0.426869
0.754107
0.631732
0.114041
0.725843
0.464576
0.76853
0.42899
0.987949
0.317232
0.878691
0.974367
0.116047
0.774711
0.224608
0.525821
0.884789
0.667041
0.481841
0.222339
0.153332
0.194183
0.201729
0.924236
0.934671
0.356812
0.78333
0.541342
0.256353
0.044058
0.068518
0.57088
0.920809
0.752531
0.391561
0.80893
0.923957
0.760398
0.26793
0.994134
0.142084
0.720697
0.514169
0.132448
0.855359
0.317194
0.885692
0.896021
0.488643
0.591503
0.828109
0.667975
0.868179
0.160513
0.343747
0.47109
0.776553
0.656714
0.132728
0.026477
0.555775
0.138363
0.109518
0.645489
0.184172
0.453876
0.504822
0.430504
0.878586
0.185768
0.213143
0.071056
0.255349
0.04022
0.521913
0.949844
0.661792
0.992183
0.568463
0.0861
0.039861
0.486934
0.182561
0.637714
0.964781
0.112647
0.644541
0.319353
0.524288
0.493626
0.052461
0.203122
0.093116
0.155438
0.209837
0.886812
0.709481
0.849744
0.428536
0.593882
0.471339
0.869256
0.383244
0.637066
0.417274
0.79485
0.329868
0.253372
0.290405
0.472413
0.064373
0.65317
0.190742
0.274591
0.128686
0.909647
0.941211
0.471735
0.395228
0.006014
0.659276
0.453241
0.262532
0.988376
0.909482
0.839869
0.980843
0.579313
0.422602
0.873783
0.762814
0.178715
0.515046
0.063474
0.127742
0.184922
0.241859
0.070888
0.078191
0.632429
0.430062
0.152484
0.535188
0.24038
0.109942
0.710974
0.778037
0.984571
0.259501
0.642645
0.374139
0.680488
0.210998
0.497754
0.434095
0.364907
0.717954
0.087982
0.668922
0.268389
0.447457
0.484772
0.2882
0.211513
0.909274
0.007737
0.035973
0.181801
0.055147
0.18934
0.997022
0.783904
0.638363
0.294551
0.818316
0.572102
0.0716
0.624905
0.823128
0.982676
0.134945
0.837524
0.503295
0.808289
0.007538
0.758274
0.5541
0.746729
0.183119
0.898412
0.357075
0.203028
0.262564
0.605786
0.661866
0.759813
0.995268
0.443913
0.802442
0.526019
0.43712
0.942077
0.520196
0.036464
0.912502
0.601224
0.503358
0.055772
0.275513
0.99313
0.364284
0.614886
0.83397
0.824813
0.173721
0.956003
0.322769
0.139529
0.817495
0.491548
0.595805
0.441148
0.037937
0.504515
0.291506
0.478897
0.470148
0.503496
0.976255
0.611148
0.93733
0.527816
0.653555
0.226401
0.069533
0.006861
0.410473
0.408486
0.951717
0.805855
0.998596
0.724604
0.997059
0.263742
0.047158
0.116195
0.289007
0.797301
0.713963
0.349348
0.578355
0.642612
0.394615
0.921375
0.512704
0.113361
0.294641
0.245258
0.347569
0.368212
0.282038
0.241177
0.413467
0.566616
0.629737
0.514959
0.291485
0.614073
0.987122
0.798939
0.848786
0.441812
0.464477
0.253205
0.651048
0.586687
0.98589
0.485984
0.614837
0.565958
0.45833
0.444255
0.070882
0.325541
0.12901
0.758393
0.618801
0.106008
0.321427
0.589192
0.293142
0.859264
0.413806
0.292643
0.83727
0.799707
0.764178
0.05706
0.109157
0.622012
0.968757
0.488182
0.259499
0.083784
0.646841
0.763198
0.546569
0.735709
0.4398
0.406508
0.464073
0.98892
0.873421
0.279115
0.092739
0.148782
0.228271
0.823067
0.805303
0.57333
0.832026
0.66106
0.878808
0.475234
0.96235
0.76345
0.212949
0.871719
0.161542
0.244368
0.343299
0.710888
0.567739
0.400681
0.864532
0.051258
0.709588
0.810328
0.445627
0.180804
0.113214
0.489452
0.446432
0.286158
0.703336
0.079064
0.199868
0.628667
0.789806
0.62923
0.511886
0.396892
0.796299
0.941969
0.267058
0.78995
0.997047
0.947634
0.934742
0.08564
0.232907
0.30917
0.517699
0.144041
0.435961
0.964268
0.89928
0.56229
0.761369
0.147763
0.268975
0.894488
0.098314
0.948219
0.727739
0.463774
0.666742
0.884139
0.961132
0.573022
0.115609
0.587485
0.976065
0.620556
0.555351
0.985357
0.455534
0.565104
0.519457
0.196207
0.324284
0.901904
0.988724
0.466082
0.097543
0.768748
0.417169
0.950562
0.806422
0.351104
0.969178
0.130028
0.692555
0.993301
0.285675
0.788509
0.887448
0.911791
0.291432
0.066252
0.899308
0.266825
0.797077
0.590173
0.710638
0.994141
0.768029
0.544441
0.748648
0.745601
0.851675
0.135515
0.172264
0.391605
0.478412
0.78876
0.080537
0.214173
0.085922
0.982768
0.701558
0.08735
0.028422
0.369747
0.329352
0.836997
0.876608
0.414911
0.747431
0.818642
0.293699
0.707305
0.808606
0.154431
0.429142
0.267966
0.911124
0.188518
0.729428
0.734655
0.643463
0.633375
0.582753
0.328651
0.068634
0.630928
0.184163
0.390335
0.626414
0.27149
0.883741
0.757588
0.584521
0.811303
0.448521
0.108141
0.123741
0.888916
0.262509
0.324235
0.994874
0.93777
0.724635
0.439133
0.287199
0.44463
0.83375
0.249944
0.585848
0.381401
0.159692
0.459218
0.380362
0.187341
0.503747
0.193302
0.076429
0.410723
0.955131
0.015069
0.774066
0.931584
0.302281
0.60931
0.095781
0.677353
0.63567
0.1336
0.239591
0.702093
0.673584
0.21427
0.754894
0.109109
0.189395
0.622439
0.544795
0.776135
0.522211
0.995064
0.881176
0.084425
0.460753
0.259503
0.743273
0.658572
0.876786
0.558509
0.766256
0.400565
0.453537
0.818521
0.333267
0.147471
0.892293
0.17454
0.423998
0.442954
0.842389
0.821317
0.469987
0.03897
0.507988
0.378386
0.894238
0.929912
0.671343
0.824351
0.518047
0.454591
0.429458
0.741642
0.245961
0.494472
0.450763
0.937823
0.744242
0.629087
0.604752
0.225923
0.209706
0.487064
0.423963
0.546923
0.675174
0.045803
0.174464
0.133809
0.555434
0.260102
0.697544
0.327142
0.207064
0.108807
0.604809
0.839613
0.06889
0.580014
0.156221
0.66432
0.522639
0.615429
0.762939
0.257964
0.745284
0.480041
0.628779
0.361884
0.975359
0.552403
0.716495
0.994049
0.681766
0.177472
0.972987
0.868047
0.903922
0.684374
0.062213
0.167489
0.387981
0.020533
0.918862
0.759872
0.971989
0.993118
0.155856
0.828709
0.456997
0.269964
0.373593
0.737192
0.790332
0.988037
0.389248
0.852818
0.153292
0.830955
0.111547
0.190878
0.190632
0.849664
0.780121
0.485019
0.89603
0.895881
0.446524
0.47738
0.270625
0.445742
0.546921
0.126892
0.575477
0.444084
0.874601
0.297112
0.478264
0.562937
0.462163
0.001216
0.373453
0.48711
0.675734
0.997574
0.25052
0.676231
0.77725
0.406586
0.931605
0.503552
0.222538
0.750828
0.328327
0.154797
0.91501
0.595001
0.794477
0.865008
0.259235
0.009941
0.83218
0.046229
0.06019
0.436068
0.552954
0.499495
0.345995
0.662892
0.03769
0.59583
0.056383
0.072196
0.234454
0.04562
0.114837
0.994959
0.345669
0.564389
0.430674
0.805015
0.708405
0.597688
0.951526
0.333679
0.308772
0.533581
0.727158
0.673886
0.171998
0.185801
0.490793
0.631029
0.37059
0.39924
0.534867
0.198636
0.097348
0.989546
0.079799
0.865967
0.94284
0.969183
4.6e-05
0.463617
0.975257
0.541227
0.615647
0.743463
0.612183
0.087957
0.450522
0.95937
0.006115
0.237034
0.354537
0.56903
0.729218
0.594139
0.701384
0.320416
0.032152
0.472741
0.865691
0.552737
0.057031
0.991638
0.756844
0.997796
0.167991
0.373881
0.2396
0.67851
0.841724
0.339962
0.863504
0.601692
0.702678
0.240875
0.692288
0.563
0.651366
0.895458
0.558807
0.779398
0.698411
0.960734
0.714586
0.549213
0.946821
0.940999
0.402831
0.146164
0.453764
0.761849
0.621118
0.577781
0.386108
0.427576
0.104905
0.706555
0.282647
0.26219
0.051399
0.850803
0.802322
0.677178
0.546759
0.657911
0.112887
0.623624
0.80673
0.373976
0.567875
0.110082
0.294953
0.5367
0.157443
0.339492
0.689787
0.047712
0.656428
0.137776
0.896145
0.503766
0.15367
0.393919
0.487846
0.587269
0.550731
0.23035
0.417177
0.927321
0.746964
0.84954
0.970857
0.876975
0.995858
0.180945
0.757583
0.291862
0.329923
0.939691
0.224983
0.005279
0.302946
0.809465
0.06696
0.574813
0.916253
0.08957
0.386315
0.340296
0.570948
0.99741
0.157876
0.722096
0.887493
0.159114
0.477486
0.898909
0.740632
0.252798
0.652204
0.626693
0.672463
0.233149
0.786324
0.094714
0.631578
0.930239
0.450048
0.861583
0.864195
0.715589
0.378892
0.362488
0.865762
0.745526
0.138799
0.724047
0.667053
0.740998
0.023359
0.963661
0.471826
0.18506
0.705357
0.247784
0.532203
0.582445
0.15404
0.539806
0.700752
0.761892
0.004384
0.971127
0.446645
0.120204
0.55152
0.938516
0.803096
0.879932
0.59482
0.438995
0.398399
0.611633
0.784256
0.202724
0.478008
0.016032
0.355944
0.37773
0.162049
0.885383
0.837244
0.369656
0.907706
0.858188
0.486413
0.171215
0.171333
0.88907
0.099906
0.878408
0.458775
0.103778
0.447674
0.391206
0.728898
0.750928
0.909576
0.729182
0.844105
0.957705
0.855132
0.792265
0.297117
0.237108
0.797985
0.899799
0.775713
0.618425
0.807885
0.367106
0.029443
0.300064
0.163071
0.473434
0.613023
0.909125
0.925508
0.395401
0.297253
0.849523
0.459501
0.706508
0.197339
0.553044
0.979308
0.498852
0.035295
0.263607
0.681837
0.634113
0.25599
0.677258
0.244496
0.33447
0.689686
0.48962
0.814474
0.531064
0.20203
0.452604
0.122237
0.540305
0.069994
0.670254
0.951435
0.617758
0.828192
0.435865
0.468764
0.496345
0.949512
0.628042
0.004034
0.480788
0.527567
0.541258
0.203944
0.104437
0.200812
0.434995
0.662873
0.517733
0.38961
0.631671
0.323759
0.755472
0.869517
0.714858
0.384299
0.686846
0.452878
0.385683
0.535388
0.606682
0.697539
0.112769
0.475552
0.299035
0.832122
0.080116
0.953954
0.194583
0.985678
0.836149
0.654447
0.351176
0.330382
0.997714
0.371304
0.054913
0.702944
0.757434
0.732128
0.00754
0.606478
0.663407
0.85768
0.819013
0.533965
0.108993
0.156938
0.574542
0.001179
0.568583
0.066679
0.611547
0.114782
0.712336
0.961645
0.546089
0.908814
0.877801
0.500786
0.260956
0.639981
0.539094
0.929003
0.129421
0.426796
0.82118
0.725594
0.723308
0.799156
0.075154
0.941936
0.474641
0.454688
0.700983
0.745354
0.515642
0.025333
0.902985
0.091609
0.867811
0.006978
0.348741
0.277446
0.953927
0.682038
0.673506
0.794941
0.972413
0.207347
0.878449
0.684237
0.73557
0.994718
0.16137
0.559048
0.898515
0.670279
0.20759
0.111498
0.960393
0.877591
0.924937
0.553686
0.153483
0.19497
0.012194
0.280589
0.341633
0.985709
0.198876
0.547668
0.689034
0.570515
0.96864
0.604799
0.027854
0.143148
0.719136
0.492034
0.552936
0.878014
0.489713
0.946379
0.534039
0.310278
0.474362
0.455672
0.532154
0.035503
0.042068
0.882861
0.093563
0.183656
0.837965
0.078475
0.799675
0.237645
0.208639
0.875583
0.662562
0.664574
0.42671
0.669477
0.405488
0.111776
0.055989
0.74643
0.294816
0.525676
0.606091
0.666691
0.677558
0.989492
0.365929
0.345448
0.471681
0.581322
0.043785
0.478118
0.039883
0.335086
0.98514
0.489031
0.316721
0.006304
0.607421
0.869174
0.473715
0.619006
0.333178
0.249501
0.969516
0.574993
0.620017
0.598991
0.041031
0.181369
0.231093
0.837338
0.801918
0.369274
0.260238
0.54663
0.577526
0.284349
0.908358
0.017875
0.30044
0.652844
0.106925
0.125924
0.11362
0.692989
0.03253
0.532197
0.43936
0.547137
0.998212
0.012264
0.478452
0.415905
0.600413
0.850162
0.044396
0.078783
0.096284
0.600674
0.506516
0.663119
0.984565
0.971107
0.069855
0.8829
0.860488
0.051104
0.721245
0.133332
0.637589
0.788937
0.215774
0.624231
0.281684
0.147504
0.542711
0.705033
0.461383
0.206871
0.680807
0.517334
0.380476
0.617747
0.037214
0.581045
0.259482
0.034899
0.849913
0.135354
0.823675
0.79765
0.085732
0.958147
0.924945
0.967082
0.815664
0.31882
0.081178
0.611374
0.060929
0.146699
0.130587
0.580414
0.378107
0.107282
0.593355
0.785144
0.682984
0.109366
0.476521
0.134628
0.190667
0.268608
0.910054
0.207319
0.090455
0.204636
0.38543
0.585808
0.707657
0.788595
0.445682
0.493971
0.308243
0.681431
0.826117
0.058505
0.684255
0.675241
0.321443
0.693218
0.201723
0.18948
0.208754
0.063958
0.405942
0.112322
0.214252
0.528748
0.383551
0.750571
0.74287
0.043888
0.951829
0.973852
0.455948
0.196859
0.898921
0.047407
0.30498
0.744422
0.075129
0.790952
0.914434
0.813918
0.891536
0.830496
0.341572
0.577804
0.128144
0.173339
0.108796
0.753718
0.195751
0.904095
0.845212
0.559028
0.332029
0.87375
0.983311
0.642199
0.946626
0.299584
0.850831
0.878205
0.309181
0.159144
0.471671
0.865742
0.518185
0.206562
0.65172
0.116188
0.877447
0.48896
0.049983
0.660328
0.803074
0.384853
0.04526
0.548002
0.447287
0.950721
0.252082
0.279059
0.112623
0.535974
0.059921
0.250286
0.884606
0.8967
0.610209
0.045415
0.228181
0.80282
0.91655
0.570387
0.511486
0.03102
0.123276
0.148924
0.769471
0.254594
0.529427
0.326962
0.97776
0.314342
0.844471
0.544025
0.822029
0.050517
0.492792
0.819795
0.265255
0.617233
0.776516
0.831057
0.387405
0.205603
0.397816
0.450019
0.435433
0.056757
0.117886
0.528359
0.718842
0.910489
0.667962
0.908759
0.005434
0.07417
0.091424
0.703493
0.134798
0.692399
0.187472
0.25634
0.915823
0.264073
0.898957
0.604323
0.735864
0.586286
0.935445
0.660069
0.977799
0.905665
0.619101
0.510875
0.384264
0.794628
0.131267
0.828008
0.129051
0.583097
0.775539
0.4617
0.899749
0.427964
0.855593
0.202802
0.075643
0.787833
0.064361
0.230556
0.702534
0.805428
0.656131
0.864269
0.692721
0.464995
0.635037
0.078298
0.450585
0.724928
0.178721
0.502764
0.903668
0.521825
0.015748
0.659986
0.393798
0.479286
0.799707
0.473103
0.303044
0.858097
0.349489
0.170568
0.495124
0.303675
0.029856
0.620167
0.185881
0.977676
0.68096
0.886115
0.407386
0.416222
0.572316
0.937245
0.000989
0.384046
0.250218
0.146591
0.896638
0.862064
0.656271
0.935441
0.6227
0.209366
0.747492
0.476231
0.603477
0.727549
0.522802
0.142197
0.935948
0.406415
0.02708
0.805095
0.558434
0.54722
0.018593
0.233216
0.959361
0.408688
0.32054
0.279797
0.936027
0.320613
0.266723
0.774871
0.037699
0.212176
0.657625
0.597344
0.617549
0.249636
0.035798
0.798729
0.343987
0.252552
0.314202
0.931272
0.913087
0.237996
0.375673
0.038425
0.280402
0.965964
0.123418
0.408166
0.551341
0.753657
0.018111
0.291483
0.018387
0.817402
0.780862
0.616707
0.875657
0.569352
0.8502
0.931924
0.684129
0.086943
0.320736
0.089788
0.775644
0.109652
0.669149
0.775421
0.412379
0.285291
0.878154
0.103087
0.962428
0.66017
0.851733
0.567064
0.744618
0.231817
0.430138
0.876683
0.60937
0.792411
0.850573
0.147169
0.650694
0.247218
0.409421
0.171391
0.35313
0.103301
0.454152
0.600677
0.398697
0.636941
0.89669
0.504159
0.155982
0.382137
0.175737
0.006702
0.302272
0.267284
0.762884
0.886207
0.441048
0.174418
0.668006
0.680448
0.404459
0.031489
0.992261
0.392749
0.759904
0.082544
0.610025
0.114784
0.590738
0.304273
0.24662
0.3859
0.057731
0.138363
0.880372
0.218291
0.126158
0.533963
0.281691
0.833162
0.604953
0.341613
0.494598
0.723596
0.199087
0.184773
0.235821
0.306682
0.196241
0.36254
0.967047
0.659496
0.472784
0.440658
0.832468
0.023552
0.189457
0.805006
0.339013
0.531052
0.072768
0.637989
0.489743
0.708095
0.282872
0.138175
0.746986
0.462821
0.935159
0.379719
0.317838
0.181812
0.928831
0.114247
0.612402
0.512943
0.245509
0.174839
0.84789
0.938656
0.668778
0.621762
0.646543
0.95407
0.910302
0.644255
0.74062
0.592744
0.925808
0.231652
0.946149
0.842683
0.721971
0.923558
0.813252
0.958744
0.81007
0.852124
0.345156
0.887695
0.966675
0.683708
0.25442
0.719248
0.89038
0.102
0.106834
0.822118
0.332377
0.189303
0.307551
0.787614
0.113392
0.542079
0.144559
0.031705
0.874812
0.282102
0.26006
0.602411
0.628222
0.724903
0.527727
0.505758
0.509771
0.569103
0.867566
0.641721
0.949733
0.489767
0.788199
0.7744
0.285974
0.015703
0.319568
0.16848
0.048157
0.871415
0.426486
0.710276
0.56319
0.043528
0.052793
0.439177
0.571815
0.074005
0.985328
0.948841
0.282342
0.395038
0.865022
0.092961
0.878904
0.602326
0.524945
0.96315
0.842625
0.924371
0.827205
0.554512
0.963674
0.695763
0.896463
0.422517
0.978778
0.75172
0.620286
0.684529
0.915014
0.636543
0.686116
0.878829
0.063704
0.304949
0.538853
0.33177
0.364918
0.181626
0.141552
0.088644
0.682121
0.197566
0.250242
0.791199
0.215512
0.786778
0.38437
0.781238
0.660667
0.394382
0.17336
0.682687
0.445577
0.532938
0.558475
0.922687
0.429464
0.404017
0.521347
0.83872
0.858661
0.747094
0.065145
0.472379
0.818143
0.209399
0.661089
0.505936
0.26283
0.718745
0.302188
0.595814
0.672704
0.729364
0.639567
0.155677
0.045251
0.645565
0.038769
0.09998
0.849077
0.016628
0.894812
0.366067
0.279513
0.116909
0.216671
0.234717
0.534434
0.123909
0.318878
0.443322
0.878975
0.086755
0.44929
0.959082
0.317718
0.181399
0.711277
0.893281
0.151875
0.780818
0.365976
0.408894
0.497568
0.979022
0.86863
0.62559
0.754456
0.412374
0.80706
0.836928
0.742975
0.037645
0.874186
0.720704
0.945728
0.855767
0.403345
0.565196
0.204059
0.14077
0.037221
0.882477
0.645975
0.576317
0.017229
0.956471
0.746156
0.090604
0.8161
0.294739
0.003612
0.431891
0.743807
0.628221
0.495265
0.28188
0.976052
0.136515
0.730179
0.333175
0.901277
0.400038
0.725753
0.625691
0.371784
0.396768
0.866588
0.844458
0.419292
0.065647
0.045513
0.043428
0.839999
0.024787
0.557389
0.258966
0.672201
0.686958
0.293819
0.352831
0.614937
0.001481
0.543579
0.21891
0.695817
0.756866
0.752448
0.699292
0.989965
0.209391
0.812789
0.892366
0.69303
0.226582
0.718714
0.583493
0.090707
0.858781
0.210124
0.436824
0.807648
0.241547
0.33188
0.34986
0.087027
0.450386
0.89045
0.798502
0.588903
0.397724
0.812409
0.168121
0.292256
0.336375
0.054175
0.355183
0.354063
0.820391
0.105961
0.267556
0.818134
0.943427
0.16472
0.339669
0.346177
0.130025
0.707309
0.033809
0.66387
0.135051
0.609694
0.107026
0.67457
0.241398
0.086284
0.930632
0.668
0.629368
0.912858
0.300827
0.849642
0.077536
0.768475
0.975912
0.172151
0.367725
0.933192
0.61637
0.148692
0.819548
0.949004
0.80421
0.174194
0.836018
0.407477
0.673585
0.936467
0.625216
0.219746
0.63339
0.521368
0.567882
0.0579
0.32135
0.887298
0.028223
0.057171
0.576727
0.26761
0.989954
0.979573
0.043961
0.192373
0.130058
0.299171
0.333519
0.047363
0.622548
0.907914
0.83486
0.578323
0.684871
0.426813
0.533311
0.147155
0.126093
0.665503
0.133991
0.413195
0.908878
0.5266
0.490213
0.274719
0.795449
0.530268
0.775753
0.897254
0.626954
0.721958
0.034607
0.674675
0.963739
0.331578
0.273638
0.944694
0.091895
0.87691
0.008344
0.239115
0.592671
0.438865
0.136874
0.51027
0.068204
0.457813
0.036464
0.015002
0.601991
0.580779
0.572496
0.92495
0.552537
0.819414
0.375967
0.694453
0.268361
0.144027
0.835112
0.032902
0.954967
0.20741
0.62367
0.534441
0.098805
0.314756
0.147892
0.048676
0.153542
0.62983
0.631995
0.404561
0.700731
0.163608
0.62388
0.20371
0.62424
0.340013
0.066347
0.402767
0.851983
0.688837
0.85025
0.711691
0.572193
0.363395
0.890334
0.575326
0.903173
0.548955
0.281006
0.289291
0.641116
0.606208
0.012935
0.411972
0.148561
0.000921
0.270822
0.73791
0.199609
0.781615
0.430017
0.84568
0.89311
0.49621
0.536296
0.859178
0.150859
0.072159
0.147028
0.340807
0.864504
0.855253
0.050321
0.669026
0.0463
0.931458
0.533415
0.934251
0.57972
0.797521
0.167503
0.252987
0.749278
0.323163
0.325793
0.393413
0.120373
0.797334
0.451823
0.253177
0.638445
0.53425
0.546391
0.434108
0.940873
0.908431
0.087247
0.608946
0.739347
0.189526
0.96309
0.523746
0.985388
0.40201
0.384497
0.793879
0.562083
0.684465
0.121166
0.910614
0.348321
0.737288
0.968706
0.029285
0.302806
0.252873
0.827582
0.512238
0.506265
0.002153
0.47794
0.77617
0.673649
0.401402
0.11665
0.289075
0.701512
0.502819
0.211497
0.770415
0.410054
0.070359
0.120398
0.682095
0.827104
0.409452
0.534227
0.616587
0.735098
0.294186
0.351058
0.93168
0.762264
0.894055
0.954409
0.849198
0.54734
0.020242
0.729927
0.145513
0.567142
0.096503
0.636519
0.278601
0.52297
0.523882
0.521957
0.068622
0.273181
0.546318
0.752045
0.231733
0.329194
0.743768
0.533248
0.578287
0.939913
0.546939
0.097681
0.371092
0.378827
0.826315
0.656248
0.090952
0.485271
0.690715
0.374137
0.664386
0.863951
0.42205
0.388992
0.338131
0.89978
0.570424
0.948818
0.719617
0.884521
0.090908
0.336538
0.139014
0.955199
0.943416
0.20472
0.228788
0.954665
0.88626
0.150192
0.34188
0.023652
0.102033
0.912779
0.523665
0.663568
0.945808
0.163208
0.927646
0.399827
0.403278
0.693485
0.421189
0.719659
0.358067
0.84189
0.822625
0.030927
0.802555
0.105316
0.812765
0.441512
0.57577
0.021692
0.335865
0.339314
0.785256
0.078452
0.779846
0.016245
0.241204
0.456272
0.158288
0.344261
0.340433
0.997962
0.694713
0.818609
0.570206
0.472055
0.236649
0.839757
0.87263
0.885253
0.851038
0.973607
0.632611
0.990472
0.572525
0.131945
0.786208
0.643666
0.46039
0.883156
0.387223
0.193625
0.859538
0.996712
0.97288
0.516826
0.100773
0.272969
0.344458
0.833051
0.183996
0.572511
0.135991
0.73998
0.17234
0.582736
0.760396
0.811179
0.038934
0.863598
0.626572
0.28777
0.703218
0.285955
0.339226
0.884001
0.924078
0.503679
0.66917
0.668643
0.445059
0.533589
0.887832
0.571109
0.436845
0.851872
0.064554
0.513767
0.670113
0.190455
0.575306
0.114583
0.969664
0.527048
0.540814
0.310249
0.018087
0.021664
0.484219
0.902754
0.780918
0.93406
0.112939
0.813144
0.228909
0.527111
0.311537
0.635287
0.209609
0.766696
0.117801
0.384074
0.998938
0.051535
0.762896
0.587661
0.032001
0.682441
0.683549
0.341677
0.812811
0.273783
0.115811
0.201516
0.597906
0.815936
0.055084
0.153017
0.207087
0.506501
0.950199
0.120536
0.828636
0.965013
0.362946
0.216717
0.374013
0.764261
0.431134
0.887578
0.479679
0.604749
0.579909
0.931151
0.372441
0.224527
0.638436
0.786361
0.059399
0.841139
0.303329
0.940053
0.904919
0.93751
0.981376
0.805374
0.394842
0.774792
0.859017
0.15066
0.858332
0.077263
0.888058
0.51439
0.941867
0.463747
0.428454
0.411428
0.334978
0.475299
0.958734
0.229223
0.227885
0.801999
0.086602
0.556198
0.312029
0.335829
0.564944
0.375014
0.050833
0.972605
0.908224
0.618332
0.090217
0.74808
0.628272
0.340002
0.055096
0.184771
0.981218
0.255378
0.58129
0.548399
0.225955
0.151693
0.534822
0.755472
0.568906
0.564562
0.737588
0.708644
0.17418
0.879345
0.550219
0.430677
0.159067
0.229488
0.641375
0.157679
0.729871
0.6367
0.090903
0.18692
0.111736
0.286932
0.328439
0.506928
0.942921
0.654374
0.022449
0.558151
0.260104
0.086743
0.119194
0.060958
0.819521
0.659183
0.286833
0.774765
0.301328
0.104891
0.632056
0.97243
0.841579
0.163027
0.757163
0.894027
0.007625
0.937933
0.597524
0.08047
0.115069
0.654663
0.064452
0.405224
0.99109
0.35092
0.271907
0.575871
0.014326
0.551136
0.344258
0.635579
0.582141
0.596728
0.931634
0.646777
0.069911
0.530747
0.471879
0.656901
0.79858
0.256325
0.881962
0.039061
0.604628
0.534367
0.637656
0.431471
0.126248
0.815043
0.619786
0.994397
0.149386
0.924484
0.337912
0.082676
0.357962
0.098136
0.358939
0.31972
0.410947
0.289274
0.079599
0.05421
0.986126
0.219262
0.751053
0.059207
0.619298
0.667802
0.427086
0.668372
0.532062
0.766951
0.992061
0.750237
0.6
0.730528
0.709885
0.63374
0.769327
0.286352
0.856843
0.789903
0.422903
0.342368
0.542248
0.272932
0.112685
0.271649
0.047095
0.130106
0.630595
0.251795
0.417231
0.507644
0.215404
0.5157
0.62985
0.372439
0.606804
0.577705
0.194488
0.453755
0.632159
0.272574
0.401923
0.327901
0.248523
0.551674
0.792822
0.174766
0.326365
0.745981
0.322053
0.67463
0.306248
0.845802
0.863326
0.462633
0.063398
0.386552
0.190335
0.052704
0.725871
0.8041
0.705143
0.211179
0.851744
0.802056
0.704806
0.835959
0.330059
0.088748
0.231269
0.730516
0.727322
0.981029
0.341538
0.161044
0.480979
0.680207
0.725976
0.86595
0.264861
0.645696
0.970909
0.597536
0.367331
0.739249
0.007511
0.477102
0.253843
0.753866
0.31763
0.178438
0.168323
0.799137
0.85796
0.199087
0.745839
0.905509
0.838915
0.273226
0.549871
0.752529
0.670659
0.405811
0.17276
0.676907
0.691082
0.664061
0.663448
0.808324
0.931079
0.159267
0.012364
0.49383
0.853943
0.357362
0.219504
0.9933
0.391858
0.716913
0.47595
0.493129
0.997607
0.330126
0.57175
0.220081
0.551713
0.796143
0.449438
0.310201
0.165587
0.584291
0.450203
0.738846
0.161371
0.060562
0.868135
0.85896
0.038061
0.595235
0.378647
0.017176
0.645721
0.089022
0.722352
0.00178
0.883788
0.660892
0.522889
0.698896
0.79569
0.822178
0.650818
0.825375
0.758272
0.193135
0.477008
0.255833
0.629994
0.886329
0.317847
0.281395
0.539858
0.936886
0.182977
0.687431
0.953045
0.112968
0.710321
0.935048
0.003768
0.332952
0.01232
0.899854
0.712445
0.215495
0.669759
0.843494
0.507098
0.943291
0.448968
0.066929
0.793733
0.702657
0.3832
0.950984
0.01042
0.976429
0.367649
0.245363
0.847737
0.146575
0.39664
0.338568
0.716505
0.278994
0.966322
0.49451
0.299609
0.687167
0.49762
0.08098
0.810429
0.502394
0.087421
0.240982
0.584191
0.742815
0.431338
0.520699
0.561788
0.033544
0.61852
0.125979
0.896487
0.048095
0.919816
0.058378
0.105039
0.965208
0.148491
0.487707
0.326618
0.632845
0.840015
0.276589
0.54717
0.989021
0.450952
0.390449
0.318377
0.33745
0.605826
0.008933
0.968926
0.608476
0.99749
0.54925
0.376459
0.916127
0.916865
0.979568
0.132627
0.128089
0.06568
0.650698
0.783535
0.089491
0.992814
0.309889
0.304437
0.407519
0.382345
0.549447
0.785631
0.337575
0.956158
0.744764
0.95175
0.798547
0.844533
0.969772
0.790207
0.418799
0.394027
0.147992
0.445202
0.156887
0.538544
0.154257
0.559322
0.213274
0.607852
0.205627
0.49137
0.330678
0.508796
0.544735
0.261449
0.625599
0.227494
0.964305
0.879609
0.525677
0.169801
0.648662
0.408113
0.111592
0.381631
0.200687
0.103887
0.267416
0.710097
0.870987
0.670879
0.530543
0.067164
0.93608
0.995678
0.686751
0.895952
0.385359
0.268477
0.080543
0.921478
0.080221
0.990601
0.232769
0.063833
0.61087
0.912656
0.676516
0.021035
0.522255
0.185626
0.261828
0.191598
0.813446
0.604841
0.95567
0.958755
0.575331
0.12796
0.421567
0.744052
0.385679
0.037442
0.852968
0.882599
0.086675
0.45595
0.295414
0.880387
0.276053
0.394101
0.39649
0.833736
0.856287
0.573848
0.82554
0.120057
0.685242
0.022785
0.940911
0.48332
0.241979
0.364285
0.719623
0.626648
0.12638
0.39993
0.762999
0.654471
0.291298
0.628004
0.447916
0.420973
0.751347
0.688455
0.083106
0.916661
0.41961
0.00781
0.323991
0.958668
0.142005
0.17649
0.409591
0.288807
0.014109
0.633386
0.463858
0.656711
0.15543
0.535429
0.895289
0.512946
0.966994
0.158143
0.044836
0.760535
0.59624
0.773452
0.732719
0.785933
0.641503
0.229219
0.811878
0.245472
0.10872
0.565289
0.510686
0.49649
0.246814
0.689389
0.508562
0.850985
0.277929
0.063454
0.334933
0.556042
0.936669
0.374919
0.522504
0.950701
0.277798
0.326462
0.626807
0.967868
0.288623
0.761381
0.439218
0.91451
0.155594
0.738557
0.123113
0.947718
0.755882
0.503929
0.491333
0.447981
0.434804
0.300109
0.808452
0.515737
0.141885
0.749498
0.296139
0.697124
0.508652
0.676278
0.867171
0.947957
0.646493
0.247758
0.293325
0.281244
0.686498
0.834755
0.164003
0.010455
0.997105
0.146444
0.035966
0.549918
0.708185
0.753214
0.826809
0.647928
0.004922
0.482274
0.595152
0.665036
0.147975
0.465644
0.9711
0.226252
0.038959
0.137367
0.517263
0.069668
0.026755
0.446581
0.519204
0.979575
0.456544
0.476619
0.534274
0.224744
0.893918
0.961418
0.481937
0.153049
0.612205
0.95078
0.026501
0.420524
0.861183
0.056436
0.230228
0.295887
0.333226
0.936669
0.592647
0.778163
0.502023
0.981185
0.95175
0.704113
0.850863
0.359555
0.903408
0.49459
0.845954
0.329001
0.527038
0.194953
0.556841
0.259571
0.096221
0.529981
0.100878
0.661638
0.663692
0.338347
0.244092
0.606614
0.577469
0.767768
0.264004
0.344259
0.480446
0.766663
0.184053
0.030932
0.535685
0.010144
0.461446
0.699219
0.818724
0.824904
0.365063
0.137394
0.183021
0.619189
0.291154
0.506514
0.76125
0.015228
0.130802
0.47804
0.976894
0.237459
0.93498
0.307103
0.010116
0.224733
0.438011
0.728113
0.07649
0.019646
0.047545
0.086739
0.310568
0.895727
0.370826
0.864947
0.025629
0.593648
0.921319
0.894285
0.294227
0.483514
0.230425
0.107683
0.436922
0.198278
0.889991
0.321657
0.74841
0.377538
0.54572
0.854934
0.639288
0.186084
0.401867
0.295012
0.688122
0.179209
0.073353
0.971605
0.534635
0.060258
0.175438
0.443195
0.205254
0.034988
0.722068
0.745626
0.9095
0.457437
0.038334
0.051986
0.458143
0.296621
0.388547
0.040516
0.554793
0.140537
0.268492
0.733806
0.442112
0.22566
0.683448
0.966146
0.169636
0.747652
0.001914
0.569018
0.957548
0.198874
0.112896
0.03733
0.897302
0.262845
0.471821
0.846735
0.316963
0.437827
0.305512
0.882237
0.353078
0.671343
0.852675
0.287071
0.073967
0.455621
0.095268
0.458849
0.727675
0.01254
0.797477
0.622573
0.190833
0.623667
0.771847
0.9578
0.028876
0.714048
0.718234
0.697136
0.357317
0.33629
0.954678
0.065337
0.952877
0.81742
0.264091
0.073786
0.450776
0.24083
0.611177
0.384717
0.51868
0.913522
0.037065
0.923005
0.223965
0.453902
0.738104
0.505364
0.859507
0.653153
0.841795
0.807671
0.490694
0.564901
0.034459
0.876482
0.40349
0.521505
0.680055
0.775835
0.21059
0.449915
0.32035
0.623798
0.418608
0.909306
0.085789
0.189236
0.937184
0.334736
0.034367
0.35064
0.002696
0.786399
0.039912
0.357664
0.599494
0.310672
0.547183
0.53792
0.616099
0.663939
0.819673
0.487397
0.035766
0.202061
0.767117
0.690637
0.64922
0.436909
0.979916
0.299585
0.998383
0.770705
0.428263
0.686978
0.469886
0.232513
0.877329
0.862194
0.440278
0.452099
0.206415
0.855317
0.68455
0.887604
0.945596
0.856718
0.752389
0.409091
0.369303
0.239847
0.056241
0.239087
0.260225
0.074963
0.600286
0.984039
0.281147
0.424222
0.80557
0.256132
0.765179
0.083186
0.522747
0.76894
0.194969
0.048621
0.147012
0.71348
0.002956
0.08115
0.982714
0.281658
0.366849
0.191986
0.331489
0.120289
0.17307
0.431403
0.332118
0.321605
0.122615
0.993728
0.751025
0.898299
0.889819
0.161964
0.481832
0.593806
0.720314
0.589853
0.226162
0.411991
0.195379
0.566053
0.773886
0.43062
0.995959
0.69957
0.568865
0.358855
0.453156
0.836313
0.472829
0.361822
0.95821
0.107276
0.103404
0.43149
0.93119
0.911958
0.77549
0.346543
0.950911
0.652193
0.103821
0.719593
0.294073
0.171557
0.660437
0.070267
0.283264
0.74327
0.195156
0.231616
0.339641
0.63496
0.20467
0.634049
0.58002
0.177142
0.12469
0.757782
0.067666
0.010166
0.69015
0.687052
0.942349
0.336264
0.959419
0.894069
0.892969
0.366246
0.826808
0.489296
0.400876
0.307331
0.03711
0.698486
0.296238
0.047149
0.885348
0.049851
0.077537
0.346613
0.550101
0.805216
0.206492
0.74927
0.321799
0.725174
0.321802
0.506382
0.371084
0.259891
0.584346
0.023052
0.740791
0.115804
0.735447
0.672822
0.785721
0.885607
0.734135
0.791551
0.758273
0.4928
0.623394
0.362531
0.222234
0.032149
0.906228
0.362691
0.142491
0.919546
0.789589
0.369958
0.246837
0.253013
0.619812
0.131896
0.76967
0.964636
0.69052
0.909168
0.217916
0.78562
0.730247
0.809679
0.882753
0.145719
0.695636
0.952087
0.446217
0.265017
0.19771
0.178142
0.146305
0.33316
0.732563
0.373684
0.899937
0.479471
0.118876
0.920066
0.934932
0.999456
0.725871
0.039051
0.004736
0.16862
0.991663
0.659349
0.384606
0.922539
0.127055
0.396947
0.768666
0.357039
0.595989
0.719522
0.350616
0.275973
0.112558
0.967234
0.210808
0.938385
0.03339
0.053618
0.951542
0.481068
0.720035
0.946355
0.222453
0.226298
0.168558
0.649654
0.156073
0.582078
0.074697
0.976179
0.569001
0.530402
0.902641
0.961341
0.231231
0.839659
0.850823
0.202509
0.678397
0.29131
0.63642
0.371149
0.539002
0.365929
0.665712
0.931978
0.400746
0.364873
0.067155
0.185067
0.935716
0.020418
0.730521
0.0116
0.536731
0.260658
0.506338
0.832043
0.430785
0.45442
0.095487
0.118055
0.107342
0.105268
0.883024
0.397659
0.542327
0.793894
0.073527
0.802261
0.377046
0.764753
0.127206
0.13422
0.822895
0.869571
0.590501
0.939016
0.0723
0.382882
0.250166
0.077656
0.455122
0.388342
0.337437
0.219897
0.069965
0.694441
0.526003
0.238585
0.056607
0.257913
0.827931
0.783738
0.779833
0.664705
0.982654
0.965168
0.117278
0.39626
0.212129
0.985519
0.456998
0.329084
0.871938
0.705903
0.096099
0.978348
0.118143
0.097551
0.341977
0.449133
0.061974
0.265546
0.113076
0.295184
0.809236
0.939036
0.03888
0.694473
0.581462
0.288205
0.401986
0.180545
0.085009
0.195802
0.522089
0.075559
0.631181
0.816381
0.216321
0.866204
0.039783
0.228425
0.358145
0.043192
0.564097
0.736402
0.95159
0.981438
0.189406
0.074351
0.428178
0.69327
0.786225
0.769756
0.518504
0.761498
0.907457
0.139488
0.039954
0.993919
0.164011
0.782787
0.693668
0.387905
0.138321
0.724277
0.419825
0.363636
0.620478
0.893292
0.302365
0.347627
0.501273
0.601374
0.748966
0.389697
0.983495
0.059469
0.042491
0.61414
0.718511
0.358406
0.906312
0.664394
0.882412
0.489024
0.547962
0.296622
0.819996
0.834749
0.778089
0.563305
0.175868
0.915105
0.761058
0.974287
0.74042
0.464828
0.505508
0.651009
0.224191
0.858417
0.556678
0.910814
0.39978
0.214855
0.604647
0.738224
0.007614
0.524148
0.761032
0.062963
0.397526
0.664773
0.506626
0.252189
0.409099
0.434403
0.850896
0.908272
0.761048
0.537333
0.715326
0.269486
0.865403
0.323074
0.57967
0.608071
0.140833
0.429054
0.832553
0.204649
0.248085
0.970023
0.298626
0.726447
0.37835
0.98674
0.055939
0.155002
0.934116
0.676723
0.657482
0.211466
0.909985
0.811148
0.836543
0.813139
0.569973
0.872502
0.613936
0.942128
0.10049
0.98152
0.976645
0.216521
0.33512
0.447519
0.350677
0.902049
0.287102
0.191216
0.053216
0.685794
0.912443
0.1959
0.151988
0.424503
0.514818
0.478678
0.869685
0.353191
0.03978
0.329088
0.01084
0.142839
0.289801
0.716137
0.051153
0.285592
0.192015
0.987927
0.773166
0.134403
0.206202
0.751457
0.85713
0.70311
0.459832
0.015531
0.123534
0.878392
0.80887
0.512564
0.055834
0.798406
0.661633
0.547152
0.101214
0.157924
0.875207
0.67258
0.156378
0.124369
0.069299
0.257652
0.537702
0.479664
0.560196
0.859486
0.838691
0.770367
0.50642
0.055687
0.785161
0.255439
0.49767
0.4019
0.295879
0.657731
0.158641
0.449109
0.590889
0.054432
0.402225
0.160868
0.446117
0.157462
0.789733
0.881594
0.126239
0.474463
0.874691
0.379372
0.850956
0.081122
0.601018
0.82873
0.774641
0.537275
0.753015
0.720445
0.594876
0.712487
0.337101
0.6784
0.48511
0.520189
0.155617
0.118748
0.000138
0.391659
0.769181
0.656696
0.771396
0.29006
0.876586
0.675746
0.581887
0.34105
0.208108
0.481339
0.994995
0.929768
0.561433
0.503686
0.095082
0.039774
0.860715
0.341055
0.334323
0.641191
0.455092
0.456434
0.962206
0.947843
0.790278
0.310811
0.869857
0.940573
0.835962
0.364109
0.394981
0.992391
0.037671
0.306666
0.050817
0.850358
0.523183
0.346771
0.763016
0.463537
0.642135
0.143812
0.745802
0.44135
0.723505
0.429828
0.890559
0.015929
0.455748
0.686744
0.359371
0.124712
0.274701
0.02986
0.097643
0.029979
0.931744
0.637207
0.047558
0.25155
0.492595
0.139376
0.036873
0.642305
0.96438
0.052582
0.11478
0.729696
0.998287
0.26898
0.933241
0.869226
0.310189
0.269075
0.741047
0.816668
0.877299
0.495612
0.519248
0.023272
0.411716
0.522249
0.39137
0.251315
0.171957
0.840915
0.028016
0.347793
0.259587
0.812325
0.592952
0.717563
0.162722
0.153751
0.908566
0.415952
0.790184
0.305025
0.617634
0.984725
0.91821
0.556649
0.108781
0.599253
0.599436
0.771107
0.752843
0.346779
0.957849
0.991487
0.649365
0.422524
0.285401
0.702338
0.234124
0.931872
0.403575
0.991183
0.16827
0.018141
0.132136
0.473116
0.427656
0.453596
0.255523
0.476054
0.146309
0.861255
0.358124
0.17278
0.785476
0.343438
0.088982
0.496223
0.882995
0.64788
0.120957
0.040019
0.798612
0.288914
0.335913
0.428538
0.032513
0.629221
0.828734
0.818087
0.675997
0.823974
0.939725
0.855682
0.151037
0.777293
0.915631
0.198815
0.009164
0.744176
0.950196
0.609793
0.622329
0.169467
0.628384
0.545796
0.986825
0.793319
0.214773
0.877067
0.310798
0.716161
0.868148
0.520763
0.867376
0.800742
0.378739
0.788137
0.694344
0.452788
0.372438
0.982684
0.708028
0.74958
0.495473
0.029893
0.540332
0.392846
0.836577
0.713417
0.696826
0.877128
0.356802
0.941238
0.081074
0.143469
0.853784
0.49855
0.865687
0.762046
0.977576
0.079995
0.681087
0.282701
0.601674
0.436688
0.1733
0.005054
0.104085
0.782903
0.839293
0.351709
0.809193
0.751224
0.180957
0.961537
0.557965
0.779015
0.898874
0.955901
0.253908
0.023787
0.655033
0.446387
0.690308
0.450319
0.629533
0.146415
0.537195
0.085354
0.744413
0.535661
0.503814
0.727595
0.5021
0.604507
0.449281
0.932164
0.573986
0.062529
0.807472
0.196723
0.480593
0.289236
0.649841
0.207937
0.9847
0.442077
0.217957
0.425706
0.570519
0.998976
0.573758
0.418507
0.33102
0.027958
0.828491
0.828338
0.933554
0.309684
0.687475
0.604273
0.927059
0.60133
0.474526
0.384438
0.392328
0.575041
0.325788
0.392721
0.211147
0.743369
0.722752
0.650622
0.282164
0.984257
0.791398
0.512898
0.53563
0.000371
0.234127
0.922234
0.753031
0.411014
0.26657
0.326505
0.681854
0.524091
0.760637
0.013934
0.875554
0.51425
0.253892
0.083543
0.614206
0.022554
0.829528
0.444886
0.190463
0.767986
0.258713
0.295243
0.136805
0.050236
0.995832
0.408268
0.893251
0.891355
0.678137
0.181282
0.200458
0.393035
0.928014
0.130231
0.824643
0.122818
0.757133
0.413143
0.599615
0.44173
0.08094
0.798373
0.752273
0.129493
0.435139
0.598965
0.241463
0.351898
0.991792
0.013584
0.037457
0.21379
0.76969
0.899711
0.698028
0.418652
0.357414
0.199584
0.178297
0.45782
0.664805
0.274114
0.062655
0.924718
0.63086
0.080509
0.138545
0.483701
0.012564
0.689682
0.543847
0.645319
0.670223
0.756655
0.819728
0.571234
0.409782
0.398741
0.181622
0.367318
0.661788
0.916462
0.22764
0.48569
0.979493
0.759629
0.215509
0.022157
0.295984
0.753038
0.344245
0.799448
0.586868
0.012729
0.471717
0.709513
0.200321
0.354143
0.119764
0.381454
0.780769
0.33517
0.233251
0.314467
0.718175
0.587132
0.305352
0.387424
0.402108
0.043875
0.216873
0.061093
0.30603
0.76995
0.418518
0.940426
0.274016
0.003011
0.95924
0.245472
0.925658
0.134665
0.009131
0.659741
0.903732
0.908392
0.861058
0.453702
0.521293
0.740619
0.688237
0.066189
0.954772
0.117422
0.333491
0.372414
0.988464
0.141614
0.701305
0.341484
0.1151
0.386031
0.119122
0.032883
0.914692
0.176439
0.410944
0.737349
0.001716
0.349013
0.763848
0.306098
0.862705
0.176707
0.328899
0.327655
0.208325
0.426676
0.522661
0.826779
0.782702
0.292154
0.684442
0.715079
0.028761
0.466742
0.999737
0.85436
0.38323
0.927698
0.435564
0.178214
0.902005
0.454304
0.810228
0.401425
0.813837
0.618753
0.381864
0.498844
0.528874
0.594031
0.240445
0.911892
0.361339
0.481178
0.229398
0.52145
0.362289
0.505292
0.167358
0.821351
0.6428
0.198484
0.730959
0.564805
0.111733
0.309023
0.296027
0.664581
0.799581
0.998283
0.946591
0.198591
0.720526
0.107342
0.144432
0.703427
0.234571
0.742522
0.316079
0.74632
0.966785
0.921274
0.999995
0.79573
0.555109
0.784697
0.589782
0.469439
0.477366
0.428477
0.46901
0.770351
0.475231
0.644135
0.361732
0.666781
0.195086
0.958984
0.709298
0.930174
0.174623
0.392443
0.050872
0.275443
0.963966
0.917543
0.984558
0.653015
0.458028
0.47054
0.537033
0.397289
0.389337
0.132478
0.022038
0.803269
0.499736
0.815423
0.140384
0.915607
0.331546
0.852305
0.844897
0.594618
0.075381
0.172944
0.137821
0.819597
0.29236
0.904891
0.958762
0.578098
0.805092
0.281414
0.141107
0.292014
0.83094
0.71815
0.645861
0.69281
0.468568
0.192561
0.031645
0.634963
0.720569
0.784125
0.568517
0.687764
0.36673
0.857994
0.510402
0.336877
0.968676
0.792593
0.405936
0.558421
0.793249
0.927602
0.174159
0.270311
0.11769
0.547883
0.964635
0.495389
0.292109
0.610402
0.208282
0.77348
0.69712
0.716065
0.512927
0.922478
0.697558
0.532558
0.557275
0.243269
0.33113
0.843881
0.451763
0.645638
0.638278
0.9553
0.647785
0.437997
0.586852
0.600743
0.033366
0.068387
0.889582
0.657005
0.279721
0.234767
0.387871
0.955684
0.549879
0.471595
0.819759
0.162919
0.956684
0.412257
0.507564
0.185668
0.353944
0.645859
0.919073
0.886755
0.48617
0.40494
0.299658
0.665903
0.185759
0.740283
0.538863
0.834725
0.734867
0.50455
0.141315
0.815912
0.951921
0.941999
0.059382
0.916183
0.646194
0.637387
0.791176
0.961134
0.197449
0.606822
0.160219
0.247714
0.627157
0.998597
0.454595
0.136234
0.282852
0.646258
0.040394
0.673849
0.412398
0.641377
0.397382
0.512231
0.293375
0.113411
0.813092
0.872621
0.667657
0.853432
0.151398
0.462767
0.625997
0.704887
0.51864
0.543916
0.093951
0.631222
0.736123
0.027341
0.753672
0.457099
0.096664
0.915341
0.644099
0.770589
0.407467
0.809696
0.9247
0.612278
0.363201
0.426952
0.685894
0.17751
0.579816
0.057025
0.627167
0.924503
0.97822
0.03231
0.203541
0.407963
0.776659
0.273115
0.659164
0.982142
0.909812
0.615744
0.388361
0.618469
0.281731
0.83369
0.147899
0.847799
0.474349
0.81118
0.599719
0.443218
0.161788
0.10629
0.846843
0.88311
0.989621
0.140449
0.629759
0.534224
0.753918
0.311343
0.391814
0.215431
0.247618
0.391066
0.532739
0.86599
0.848273
0.913256
0.009991
0.264034
0.288029
0.381036
0.066741
0.178269
0.323244
0.445392
0.973028
0.065042
0.01834
0.626959
0.704437
0.607719
0.896238
0.26186
0.918977
0.831979
0.45709
0.678644
0.469068
0.559239
0.808174
0.409676
0.421297
0.04631
0.031924
0.535359
0.147296
0.260654
0.182482
0.919474
0.488291
0.596542
0.95307
0.500196
0.381129
0.758988
0.439911
0.251061
0.044011
0.472953
0.562844
0.044448
0.868101
0.676542
0.82063
0.570915
0.217751
0.352858
0.417526
0.56178
0.55483
0.170748
0.753367
0.349411
0.41324
0.106118
0.206215
0.913882
0.926626
0.050624
0.439892
0.583879
0.665628
0.502055
0.553979
0.00109
0.575542
0.517198
0.163453
0.443423
0.13115
0.084636
0.85647
0.173299
0.535309
0.899243
0.288451
0.040297
0.732937
0.466805
0.38177
0.312271
0.594076
0.011104
0.220811
0.785108
0.89135
0.767214
0.048276
0.841526
0.441798
0.523602
0.578581
0.924458
0.422173
0.442526
0.440701
0.22358
0.004479
0.220402
0.007308
0.893798
0.427123
0.590006
0.669807
0.274834
0.135269
0.320184
0.80947
0.690346
0.81178
0.970503
0.452119
0.003326
0.720472
0.027281
0.461131
0.613485
0.915536
0.522725
0.273751
0.029441
0.696449
0.530961
0.915069
0.945343
0.751032
0.862785
0.046716
0.174436
0.446961
0.640481
0.058496
0.569565
0.64572
0.539265
0.725106
0.581443
0.736685
0.523456
0.878446
0.290046
0.193048
0.724147
0.767068
0.710815
0.466392
0.278858
0.988605
0.962517
0.812142
0.447735
0.538375
0.188897
0.013635
0.519974
0.889434
0.964889
0.961543
0.648336
0.361115
0.228639
0.503407
0.152052
0.606561
0.120988
0.692971
0.013629
0.236196
0.206026
0.676464
0.356371
0.856874
0.589397
0.159937
0.765784
0.404352
0.393255
0.260183
0.679007
0.341069
0.498156
0.994103
0.47555
0.590074
0.220449
0.246295
0.838195
0.115445
0.17879
0.9514
0.549963
0.99911
0.595871
0.306853
0.506762
0.909351
0.099783
0.717783
0.612942
0.692752
0.071414
0.751109
0.358269
0.065118
0.13437
0.813106
0.352038
0.28574
0.855676
0.487846
0.782509
0.964088
0.899248
0.041853
0.039804
0.382335
0.009393
0.991386
0.492068
0.180185
0.206667
0.587646
0.362112
0.603686
0.503438
0.798203
0.378574
0.108537
0.460507
0.908181
0.521665
0.214684
0.728636
0.478747
0.56087
0.552016
0.637014
0.66514
0.244861
0.449795
0.853003
0.730316
0.076787
0.815246
0.370399
0.796183
0.935811
0.154612
0.104473
0.648035
0.882936
0.44888
0.248883
0.178937
0.886699
0.679007
0.583159
0.162197
0.153955
0.613667
0.684355
0.971612
0.924884
0.690608
0.653201
0.301584
0.855986
0.32519
0.801476
0.499182
0.283473
0.764327
0.531303
0.301378
0.906789
0.864666
0.016192
0.034116
0.641334
0.797291
0.037829
0.631419
0.587186
0.485295
0.300298
0.891627
0.548479
0.815412
0.01908
0.568608
0.949722
0.53299
0.737767
0.191271
0.155036
0.593697
0.775176
0.014004
0.148503
0.276319
0.535382
0.356424
0.90703
0.568235
0.566631
0.05299
0.227371
0.875228
0.798181
0.864441
0.878049
0.102152
0.437852
0.022979
0.648578
0.947109
0.568812
0.356284
0.746902
0.555535
0.787602
0.90421
0.881771
0.280414
0.887726
0.223202
0.794576
0.532324
0.660129
0.309419
0.61915
0.424778
0.535926
0.281478
0.175587
0.354725
0.910713
0.162735
0.027342
0.797165
0.452022
0.094298
0.235583
0.585974
0.643571
0.521143
0.714959
0.984033
0.577248
0.901271
0.274292
0.049571
0.394443
0.421467
0.727817
0.361555
0.415729
0.978503
0.878457
0.000488
0.565774
0.16364
0.052338
0.474143
0.533253
0.925251
0.914668
0.707263
0.527706
0.100788
0.173409
0.033318
0.146628
0.79848
0.595622
0.299427
0.238759
0.229375
0.538786
0.931733
0.525138
0.110147
0.355236
0.360916
0.755922
0.385335
0.874522
0.358706
0.626612
0.027842
0.914096
0.950757
0.027077
0.920293
0.380133
0.571425
0.614506
0.08368
0.335843
0.905574
0.867138
0.419484
0.651132
0.011227
0.842457
0.472404
0.778461
0.914868
0.326283
0.301239
0.909688
0.073319
0.87291
0.301262
0.200764
0.379531
0.580241
0.862178
0.942563
0.45625
0.640069
0.79212
0.475475
0.795955
0.481454
0.502072
0.289785
0.552683
0.667358
0.101323
0.2221
0.032781
0.881232
0.43756
0.984391
0.527003
0.898092
0.558049
0.848624
0.522359
0.653576
0.312448
0.433023
0.61731
0.089925
0.41264
0.25266
0.908302
0.197863
0.348814
0.658027
0.913037
0.083537
0.188278
0.420026
0.232723
0.122838
0.161092
0.052587
0.495706
0.533078
0.427604
0.441556
0.659169
0.869966
0.940801
0.750669
0.573893
0.343708
0.847787
0.897386
0.968395
0.989441
0.489992
0.401082
0.178275
0.140227
0.265478
0.974723
0.542424
0.106547
0.190143
0.411991
0.736085
0.736654
0.822225
0.695572
0.408316
0.46514
0.076758
0.380453
0.718871
0.264266
0.151218
0.554106
0.91586
0.255661
0.732127
0.072639
0.586478
0.709817
0.835507
0.703782
0.724619
0.823654
0.339206
0.764255
0.311029
0.817134
0.500115
0.938837
0.385746
0.329554
0.378476
0.533394
0.803415
0.727446
0.209779
0.227348
0.954748
0.94391
0.006751
0.192583
0.215236
0.999438
0.257705
0.441287
0.612727
0.147769
0.896414
0.021831
0.500927
0.089675
0.136913
0.974144
0.763006
0.122931
0.696721
0.983241
0.187505
0.836975
0.302851
0.000925
0.130926
0.825195
0.662337
0.753265
0.82711
0.34218
0.68421
0.049306
0.603364
0.814656
0.216736
0.649033
0.027796
0.997222
0.952172
0.171647
0.139349
0.079017
0.419021
0.794698
0.583001
0.867369
0.38528
0.337949
0.347421
0.219704
0.941292
0.424015
0.184394
0.557169
0.494429
0.041092
0.713342
0.064956
0.259829
0.449896
0.021247
0.018597
0.927295
0.782121
0.807334
0.246094
0.129275
0.728665
0.216226
0.798584
0.548723
0.558461
0.612881
0.369852
0.799017
0.255943
0.011656
0.237102
0.10907
0.344024
0.840992
0.530123
0.279781
0.568426
0.447958
0.181992
0.433994
0.036385
0.637126
0.644334
0.277445
0.87585
0.975411
0.222732
0.391738
0.814918
0.697592
0.334576
0.467554
0.924692
0.934676
0.683952
0.454351
0.526491
0.586802
0.304542
0.422822
0.60466
0.519995
0.180618
0.019528
0.4118
0.855051
0.998318
0.86124
0.776764
0.164396
0.008202
0.199655
0.892563
0.804877
0.262073
0.977492
0.745035
0.883756
0.837358
0.981929
0.823256
0.343578
0.325735
0.596513
0.120107
0.080673
0.030202
0.802865
0.02131
0.319369
0.36687
0.43591
0.988046
0.009132
0.355311
0.487568
0.21398
0.005497
0.552215
0.973325
0.347879
0.59058
0.582898
0.813122
0.572917
0.620068
0.954059
0.906204
0.138488
0.329831
0.689054
0.416354
0.502318
0.60708
0.120446
0.072626
0.317673
0.248884
0.349685
0.509828
0.098766
0.510338
0.542323
0.045701
0.293064
0.80441
0.295353
0.814071
0.13871
0.599024
0.280726
0.092484
0.529886
0.224787
0.605488
0.649765
0.24835
0.620886
0.793594
0.865856
0.174949
0.394895
0.140946
0.160099
0.404908
0.753495
0.44159
0.914726
0.338685
0.515736
0.058301
0.76302
0.147208
0.138055
0.073086
0.171413
0.623026
0.813975
0.274635
0.504306
0.230482
0.256668
0.899755
0.08859
0.499743
0.136882
0.103146
0.83391
0.502795
0.917343
0.719761
0.844414
0.81825
0.027306
0.523884
0.978086
0.17337
0.308996
0.019235
0.566604
0.577901
0.490738
0.018869
0.350909
0.938815
0.045928
0.368563
0.478513
0.685517
0.947534
0.012404
0.838849
0.439697
0.973236
0.313467
0.125847
0.544685
0.538973
0.991614
0.613984
0.595079
0.856039
0.837439
0.365341
0.107973
0.201397
0.371664
0.907655
0.684678
0.740574
0.865275
0.298792
0.186707
0.748156
0.976896
0.497771
0.504761
0.345696
0.980816
0.065699
0.027488
0.166698
0.86328
0.022609
0.834714
0.54372
0.822692
0.503055
0.716906
0.578164
0.205679
0.208937
0.057367
0.879612
0.484722
0.069467
0.137992
0.009581
0.602748
0.151771
0.764035
0.475187
0.532024
0.064663
0.146259
0.61745
0.273442
0.161185
0.974565
0.80902
0.382989
0.868504
0.339877
0.072197
0.208517
0.477498
0.146621
0.893601
0.55095
0.670744
0.303046
0.824222
0.985439
0.697459
0.02602
0.904433
0.344878
0.565175
0.061516
0.338516
0.221077
0.456794
0.081011
0.03735
0.951658
0.085621
0.729274
0.867222
0.343021
0.822419
0.182698
0.195527
0.828048
0.564808
0.220349
0.744334
0.323147
0.416592
0.269573
0.247257
0.210481
0.289664
0.744761
0.690251
0.304244
0.870598
0.421996
0.106566
0.933382
0.025695
0.383678
0.287304
0.65138
0.611509
0.910079
0.408297
0.079573
0.456456
0.489251
0.266417
0.698534
0.795439
0.583769
0.337272
0.133877
0.269264
0.927713
0.297121
0.804899
0.363029
0.344984
0.72231
0.830219
0.693503
0.652082
0.274149
0.200724
0.185073
0.926289
0.008187
0.450723
0.25485
0.861209
0.96043
0.343779
0.36127
0.882521
0.609697
0.919102
0.979573
0.183424
0.508467
0.363587
0.510695
0.15047
0.089138
0.891836
0.48325
0.134345
0.174359
0.689826
0.556963
0.765079
0.336918
0.165363
0.404773
0.449328
0.497293
0.752122
0.593601
0.092181
0.276753
0.390409
0.73947
0.788101
0.767827
0.342579
0.171198
0.277209
0.380585
0.423638
0.17928
0.106537
0.740971
0.396779
0.25154
0.490555
0.616824
0.749853
0.639598
0.477288
0.126963
0.702341
0.648184
0.220551
0.783296
0.758715
0.438804
0.656513
0.963335
0.807039
0.513417
0.192481
0.785056
0.844665
0.895773
0.69288
0.935887
0.28333
0.431968
0.436545
0.961507
0.502861
0.289891
0.941888
0.048128
0.62224
0.421032
0.095351
0.460149
0.441742
0.487549
0.183336
0.378181
0.551418
0.752398
0.898918
0.627651
0.485682
0.601826
0.838479
0.365794
0.677676
0.262042
0.458447
0.545765
0.640047
0.018056
0.692684
0.617836
0.931861
0.33187
0.14024
0.477867
0.6656
0.750292
0.99283
0.517509
0.201888
0.80668
0.082949
0.79334
0.564011
0.031113
0.467969
0.779101
0.034211
0.607103
0.68592
0.196357
0.949045
0.199635
0.577847
0.832912
0.762295
0.567521
0.766109
0.656578
0.637883
0.85537
0.851997
0.612198
0.760612
0.277729
0.025084
0.703956
0.195789
0.149516
0.089324
0.806114
0.462073
0.712087
0.903599
0.829668
0.631601
0.474748
0.968049
0.070158
0.131991
0.098764
0.133175
0.585266
0.289019