1024 4
0
109
203
310
571
1
493
744
849
988
2
34
399
403
734
3
297
351
373
777
4
74
585
607
864
5
207
383
405
826
6
253
384
731
844
7
64
302
413
767
8
653
777
861
1004
9
158
200
321
846
8
10
256
273
746
11
344
533
583
885
12
156
343
685
803
13
471
633
974
992
14
384
616
770
840
15
327
391
558
791
16
185
476
562
925
17
125
136
645
832
18
396
567
674
681
19
63
173
355
613
20
414
431
1021
1023
21
209
422
622
969
16
22
247
430
892
23
34
143
859
901
18
24
458
554
820
25
231
637
748
1016
26
368
446
836
891
27
659
825
952
1015
28
182
360
621
918
29
267
351
946
1014
2
30
506
874
1012
31
687
839
919
938
32
505
535
941
990
33
57
597
613
735
34
341
642
794
894
35
210
231
382
827
36
51
365
524
940
37
44
354
513
819
38
98
143
492
966
39
132
359
410
481
40
470
759
966
1022
41
187
330
625
636
5
6
42
193
881
4
43
58
556
1011
11
44
63
632
668
45
522
567
719
990
46
210
328
813
882
47
138
734
751
914
11
48
133
892
995
49
436
472
670
780
50
137
332
854
870
51
341
355
553
794
47
50
52
132
779
53
158
365
491
724
54
123
280
975
979
55
347
782
900
909
56
218
651
886
1022
57
105
111
778
954
36
58
429
559
863
59
105
210
334
472
60
280
439
712
911
61
246
345
831
974
62
420
730
997
1014
63
300
699
799
992
64
312
430
821
994
50
65
392
990
1006
66
177
551
944
1023
6
65
67
211
930
68
710
761
975
1016
69
109
215
842
978
70
333
468
536
913
37
71
98
545
863
72
203
559
668
702
69
73
276
440
813
74
257
468
783
900
75
157
546
662
977
76
302
498
679
980
65
77
285
535
772
78
159
247
429
669
79
445
448
665
899
80
84
444
455
581
81
209
411
460
489
82
301
525
860
937
53
83
261
424
1007
84
93
148
230
346
9
85
642
655
796
86
110
118
612
943
87
130
538
598
981
88
207
405
728
802
89
434
521
702
942
75
89
90
216
1009
91
326
520
537
934
92
198
267
354
654
25
93
102
237
462
55
94
133
340
653
83
95
208
700
817
50
96
765
945
994
97
121
351
393
655
98
99
251
383
673
99
104
199
759
836
100
119
187
364
646
33
101
153
281
967
102
345
486
774
1006
21
76
103
961
1021
46
104
171
355
1004
105
450
657
757
860
106
484
515
722
813
107
159
421
539
800
4
108
227
295
373
109
320
324
447
949
77
81
110
235
707
99
111
469
634
767
112
565
720
743
879
113
199
349
448
524
59
114
590
717
906
115
479
516
563
865
116
350
462
496
859
117
482
547
677
920
72
118
154
614
978
46
119
530
703
923
120
264
624
690
853
121
353
505
544
961
64
122
427
721
783
123
265
314
708
755
78
124
291
446
1016
37
125
639
817
1008
126
207
460
607
932
92
127
485
609
995
128
145
148
500
903
129
321
381
477
810
130
375
431
571
590
131
138
211
321
350
36
132
230
753
1005
133
222
268
824
1001
103
134
226
423
985
135
539
544
644
682
136
350
443
550
786
1
137
210
573
869
138
485
581
681
995
139
192
227
392
569
140
266
382
906
1007
7
16
141
843
907
128
142
452
529
776
143
338
401
405
684
129
144
216
217
305
145
346
364
739
953
146
200
759
835
971
147
158
164
198
632
148
241
596
810
983
61
149
222
721
928
57
150
380
730
900
1
151
760
862
944
131
152
651
771
781
153
743
781
864
1006
154
412
666
794
869
69
155
384
462
866
156
373
467
628
996
28
157
435
916
1013
28
158
160
699
875
159
474
586
639
661
54
160
407
710
818
40
120
161
498
883
162
187
515
547
753
66
140
163
247
736
164
344
935
951
985
11
165
247
499
861
93
166
344
370
640
167
313
610
665
687
168
514
629
687
809
73
169
364
372
570
106
135
170
288
821
122
171
232
322
781
172
181
285
351
532
58
171
173
230
799
174
200
384
703
740
167
175
180
436
532
176
575
616
941
1009
177
506
526
598
654
136
178
553
599
757
139
179
422
661
1011
50
180
450
644
954
181
429
497
706
972
182
235
573
928
945
132
183
196
919
937
41
184
230
287
772
78
185
352
590
983
83
186
322
415
566
95
187
358
510
640
42
188
531
674
722
189
466
604
889
912
6
39
190
465
903
191
316
578
700
827
51
192
223
299
660
193
533
774
921
934
128
194
196
410
777
19
195
304
466
982
196
586
649
678
859
76
197
272
439
885
198
506
764
783
829
107
173
199
443
717
28
77
78
200
421
201
372
463
657
991
202
319
337
796
985
173
203
751
760
968
204
285
373
463
707
205
212
550
682
906
206
364
512
561
769
206
207
591
743
920
118
208
461
573
796
209
343
641
688
700
20
210
516
628
937
161
211
231
687
705
137
212
250
260
733
213
615
681
732
939
162
203
214
253
488
215
252
619
774
955
100
216
274
622
993
163
217
244
338
791
13
218
237
370
935
219
346
637
720
960
208
220
561
612
1000
221
297
356
695
876
30
222
420
591
931
75
151
223
529
790
224
302
568
609
744
74
225
670
844
946
226
261
295
457
1016
227
368
514
517
786
228
527
532
846
1023
173
229
243
815
888
179
230
516
535
665
18
32
143
231
613
32
47
232
823
826
24
233
443
652
908
191
234
600
802
805
42
235
289
301
729
236
450
589
695
697
100
237
370
477
894
225
238
330
361
609
239
455
537
683
1021
13
219
240
352
801
241
287
350
393
664
195
242
470
489
634
23
243
296
391
989
244
327
841
890
1016
55
245
514
582
919
162
246
301
308
980
113
247
606
704
939
97
248
447
926
1002
148
179
249
351
396
250
271
748
872
997
251
286
367
825
962
245
252
279
301
774
215
253
573
657
743
63
254
308
579
930
122
255
389
759
803
126
256
383
711
1004
81
257
270
638
808
53
258
259
552
724
47
176
259
376
760
260
261
347
455
692
40
113
259
261
898
190
262
326
632
956
263
568
586
696
797
59
169
264
779
782
159
265
267
489
876
85
203
266
845
1006
104
124
191
267
658
6
268
885
888
931
24
212
267
269
803
128
225
270
365
515
271
581
671
764
844
272
500
570
970
993
273
465
521
743
933
66
94
274
577
979
122
178
275
329
481
276
309
405
707
813
277
392
654
772
789
278
321
556
658
867
103
279
355
544
1012
280
535
568
822
851
281
537
790
822
885
92
205
282
284
577
283
325
440
790
973
203
284
417
443
512
117
285
359
645
787
132
286
387
409
968
287
352
641
807
892
80
288
658
979
1006
289
506
634
814
815
227
268
290
439
860
90
291
457
761
892
251
292
326
576
839
58
197
293
338
922
107
274
294
345
888
76
295
701
788
1005
296
414
422
638
831
93
297
374
606
1012
286
298
397
682
953
10
105
299
482
972
136
206
300
400
676
196
228
301
382
476
10
22
302
312
491
98
196
303
654
656
29
304
677
735
921
230
305
351
401
590
279
306
377
633
785
47
70
201
307
455
218
226
308
592
937
186
309
359
541
656
310
422
493
808
944
143
219
269
311
966
41
151
312
393
692
73
313
368
626
829
314
378
685
795
825
66
315
831
854
938
43
181
316
469
722
317
464
512
702
960
39
120
216
318
333
243
292
319
924
936
320
432
791
867
996
110
321
523
869
934
67
322
327
483
916
25
305
323
377
838
220
312
321
324
663
119
325
513
979
1017
166
326
599
918
947
88
327
495
592
674
328
513
655
800
927
176
204
329
545
858
47
330
530
684
1006
331
390
649
766
883
263
332
352
681
710
333
483
679
873
896
15
19
137
334
506
46
168
335
490
1012
119
336
568
575
929
182
337
349
787
928
338
343
478
492
898
175
339
600
726
767
228
340
555
862
1012
239
341
405
513
902
50
228
236
342
1020
71
145
343
418
752
247
344
451
499
776
31
255
345
365
589
118
321
346
692
981
165
347
637
704
834
348
448
588
903
1000
230
302
349
792
978
51
271
350
593
937
1
351
731
751
779
127
352
648
830
994
353
545
732
840
901
149
354
365
946
955
293
355
752
883
984
271
356
614
657
658
6
337
349
357
1004
345
358
364
627
732
292
359
514
600
754
11
121
360
422
866
59
76
361
544
752
15
82
362
573
848
344
363
809
864
866
94
177
342
364
972
342
365
749
818
982
366
514
746
769
862
81
367
481
488
633
70
126
368
801
849
182
211
269
286
369
153
219
370
391
531
131
371
506
761
826
212
372
595
784
789
65
214
373
411
689
216
223
328
374
991
333
375
405
488
533
298
376
837
938
977
37
306
377
426
982
139
239
378
570
649
373
379
564
726
837
211
380
489
715
776
353
381
516
727
831
47
262
382
521
637
262
383
472
806
915
384
487
497
663
762
31
209
385
722
833
244
386
841
944
1010
125
387
509
904
928
106
388
493
761
987
295
315
389
521
888
258
286
390
397
912
103
211
391
627
960
66
288
392
739
1017
248
393
569
593
611
19
84
143
394
556
329
395
712
838
1000
209
316
396
592
839
218
397
543
886
951
128
213
398
427
666
16
252
399
768
987
238
400
489
866
877
20
23
344
401
472
248
313
402
861
921
261
403
729
850
1022
21
350
404
815
897
189
405
792
900
1022
134
137
406
894
916
125
143
393
407
431
41
408
786
815
946
409
620
678
798
959
149
305
410
604
896
25
411
602
745
943
69
412
615
805
947
413
722
774
883
952
94
264
265
414
860
77
356
415
746
977
99
295
416
886
989
294
323
417
792
987
356
418
426
697
858
191
194
419
703
797
16
227
420
922
1009
33
196
421
667
813
400
422
629
831
853
74
216
356
423
809
76
424
458
749
957
131
402
425
828
994
303
426
510
556
773
383
427
748
799
1008
228
428
784
797
818
123
129
429
647
739
43
264
283
430
785
431
470
524
601
650
432
437
510
897
987
433
521
571
755
853
434
527
567
623
888
330
435
598
784
838
194
436
858
905
928
64
70
107
437
820
135
386
438
475
870
206
289
387
439
827
29
38
440
854
866
155
165
441
543
969
43
442
547
634
744
12
140
443
666
787
402
444
500
537
654
28
219
445
737
853
202
446
689
839
957
67
424
442
447
943
354
387
448
573
594
165
350
449
676
703
212
343
442
450
458
111
271
430
432
451
34
452
931
956
1000
65
453
549
794
829
371
454
513
602
720
220
255
307
407
455
30
439
456
857
930
136
457
575
615
775
276
458
532
534
933
64
459
680
685
826
460
598
741
853
977
360
461
470
579
989
259
462
722
813
940
219
463
710
737
1002
233
299
464
572
965
28
116
399
465
897
228
403
466
502
948
196
388
448
467
841
432
468
521
634
939
169
372
469
710
721
114
204
271
470
536
471
729
818
943
995
25
123
328
472
795
94
473
686
803
889
160
342
474
820
868
16
132
236
475
532
474
476
656
865
999
253
375
477
578
609
164
361
478
491
962
40
87
176
479
730
144
370
480
579
723
37
481
552
690
973
313
482
557
821
859
407
424
483
587
1015
463
484
813
869
949
173
338
364
485
824
486
717
838
927
986
91
487
535
918
923
267
361
481
488
513
7
489
513
551
988
143
264
490
608
814
1
62
491
611
984
235
492
534
541
961
303
437
493
515
605
231
392
494
740
999
495
517
566
819
938
113
264
426
439
496
382
497
739
806
819
57
498
619
690
1006
61
163
475
499
972
33
86
413
475
500
74
120
187
501
800
21
405
502
636
761
408
476
503
729
930
17
417
504
616
674
25
162
193
505
516
506
736
931
962
992
159
418
469
507
845
113
440
508
788
911
7
64
509
680
922
108
126
510
520
640
102
139
511
750
835
84
343
345
512
940
182
513
630
632
676
514
795
857
864
998
23
31
387
515
692
190
292
315
388
516
35
417
517
583
594
231
518
706
750
979
41
494
496
519
612
277
520
604
884
892
130
142
521
566
831
99
165
245
522
816
308
458
523
620
772
116
286
455
475
524
74
265
525
669
754
74
386
396
455
526
49
341
527
544
689
37
297
528
657
866
168
442
529
749
893
281
401
410
530
863
64
220
531
807
882
64
83
459
532
563
281
429
533
632
1004
185
380
534
720
1017
75
203
535
604
870
521
536
588
883
997
116
171
208
537
590
188
538
822
937
954
213
296
539
616
929
334
479
515
540
545
525
535
541
613
838
306
310
542
553
775
295
441
543
683
793
149
329
544
644
787
88
194
317
545
766
221
467
546
791
796
86
547
631
763
934
2
113
343
548
594
15
549
661
821
873
34
422
550
952
1006
226
246
551
710
833
36
95
181
552
649
159
386
553
983
1011
82
550
554
784
961
415
555
579
938
997
2
351
556
621
661
47
408
460
518
557
8
97
373
558
728
94
243
475
559
664
264
560
595
671
966
101
207
561
592
757
371
488
511
562
918
511
563
572
819
888
564
616
639
649
840
417
548
565
632
858
142
433
472
566
951
91
567
573
607
889
387
568
579
664
773
171
173
569
648
723
330
396
444
570
714
297
571
723
875
905
282
572
652
855
875
449
516
573
662
958
6
330
512
574
922
69
575
695
892
944
43
93
548
576
916
266
577
770
817
998
448
578
764
930
1001
68
443
579
591
726
304
386
578
580
898
19
581
932
1001
1010
71
534
582
596
826
149
474
583
734
808
79
285
584
627
958
112
517
536
585
724
42
246
573
586
885
185
432
587
599
602
141
327
478
504
588
417
589
926
936
992
415
548
568
590
603
103
562
591
738
991
130
537
592
648
864
593
685
732
772
859
26
64
258
384
594
361
484
546
595
743
203
560
587
596
833
77
335
597
669
895
18
189
486
598
670
144
397
599
839
918
359
484
575
600
747
63
433
574
601
657
64
323
510
602
932
332
603
648
703
873
63
483
518
576
604
86
404
605
796
924
364
453
521
606
739
398
574
600
607
864
261
374
432
457
608
309
479
607
609
763
101
349
445
610
887
171
611
646
661
883
236
327
612
793
964
336
343
549
592
613
48
83
255
614
759
186
279
615
811
938
114
207
579
589
616
376
498
617
940
991
41
146
367
618
779
68
126
205
619
913
17
275
589
620
954
13
151
232
269
621
103
148
505
622
667
136
623
668
788
826
102
392
605
624
993
41
174
302
625
869
353
520
626
658
803
567
627
637
656
802
137
628
763
874
943
5
629
674
829
890
382
426
630
665
1013
157
234
291
631
767
176
257
475
599
632
36
120
253
633
822
118
524
634
900
948
127
175
220
274
635
78
211
296
600
636
153
408
559
637
657
453
638
715
803
979
102
392
639
730
743
288
640
690
761
823
335
641
661
837
906
23
71
262
642
967
621
643
673
711
765
150
554
644
761
849
440
623
645
936
939
120
431
443
483
646
151
506
647
772
862
200
355
648
676
795
106
195
347
383
649
230
650
677
718
957
104
134
634
651
827
347
470
652
685
736
150
220
653
749
923
14
537
573
654
998
108
478
655
1018
1023
257
519
656
858
912
117
398
657
690
965
179
342
397
658
808
355
628
630
633
659
252
364
525
660
802
34
356
431
661
918
191
459
662
707
945
154
344
663
739
768
129
201
347
664
720
202
219
300
448
665
88
159
321
498
666
19
179
573
667
928
77
85
516
668
674
453
669
797
955
964
317
401
464
628
670
43
291
600
671
791
133
672
718
880
1015
44
126
575
596
673
167
375
674
677
976
260
407
422
675
864
13
214
434
676
1015
191
247
575
677
762
137
204
231
561
678
194
214
611
679
772
117
232
680
783
898
44
58
281
681
744
131
682
764
783
806
155
577
590
622
683
88
419
684
796
816
213
359
367
541
685
233
259
623
642
686
99
378
470
687
939
60
74
270
688
993
135
297
535
585
689
282
369
516
690
692
37
353
603
691
906
259
408
483
614
692
276
693
764
787
795
202
243
389
416
694
46
351
530
643
695
418
684
696
854
897
43
251
600
697
950
136
218
222
698
830
238
543
567
608
699
24
700
894
897
944
436
595
701
840
889
578
629
681
702
994
90
188
497
703
857
511
704
839
940
947
383
538
586
705
935
124
189
358
706
882
113
291
308
707
1005
93
387
519
708
949
636
661
693
709
842
198
584
591
710
969
83
339
711
769
1018
65
451
484
712
943
351
689
695
713
859
188
431
530
714
748
18
678
715
752
1019
54
190
557
563
716
193
262
340
717
1013
629
662
718
815
952
23
153
415
553
719
37
216
373
598
720
51
346
460
721
781
18
164
549
722
910
255
290
427
492
723
149
245
423
724
946
28
495
560
725
856
124
149
260
520
726
23
445
540
727
947
59
451
557
728
864
5
401
676
729
821
658
711
730
939
956
282
304
568
731
985
224
518
624
732
785
386
491
733
829
972
398
634
734
844
963
63
617
657
735
936
30
549
610
736
857
445
635
644
737
861
75
528
620
738
1003
527
585
739
928
983
260
502
552
602
740
178
452
554
728
741
61
228
742
763
786
169
314
483
743
846
51
397
501
744
858
73
125
616
745
937
134
214
478
746
893
130
542
552
682
747
314
400
401
748
841
435
635
748
749
941
36
331
510
750
854
81
87
560
583
751
47
99
670
707
752
1
203
479
588
753
361
488
562
754
912
39
570
637
755
991
153
165
268
756
984
210
325
619
697
757
43
547
590
693
758
668
701
759
805
807
397
706
754
760
880
28
639
658
761
847
81
331
744
762
916
316
354
763
838
856
335
340
341
764
950
466
720
765
941
1021
57
401
674
766
797
206
233
238
317
767
23
111
285
504
768
172
456
769
809
975
40
433
654
722
770
79
300
771
848
870
14
261
707
772
886
83
424
527
773
973
285
774
817
880
885
227
546
773
775
826
142
300
755
776
797
166
299
645
777
950
432
451
454
720
778
4
757
779
863
982
243
541
706
780
845
381
523
651
781
987
13
438
668
685
782
353
462
560
783
853
109
148
333
501
784
70
167
351
785
843
57
85
670
786
869
84
646
787
830
1004
21
519
568
764
788
207
728
789
817
881
215
487
555
779
790
496
630
728
791
818
60
204
456
785
792
535
600
793
835
985
243
330
794
921
940
1
73
256
380
795
370
505
763
796
961
110
365
442
797
828
405
781
794
798
831
11
450
495
673
799
171
216
792
794
800
42
711
801
823
833
25
193
238
344
802
96
673
803
882
902
230
306
692
739
804
99
137
341
805
879
130
177
463
489
806
316
355
807
975
1014
74
441
493
729
808
126
293
445
636
809
84
372
810
885
956
116
811
849
923
996
292
317
580
767
812
302
761
813
852
861
70
553
814
825
977
117
134
815
909
942
225
411
687
715
816
44
82
396
507
817
69
500
818
880
886
38
44
215
819
999
7
30
181
368
820
3
576
805
821
929
151
468
668
822
905
147
157
548
755
823
45
293
334
803
824
373
417
561
825
838
199
339
663
826
1008
4
304
627
827
951
65
529
828
845
907
403
532
779
829
844
499
507
641
804
830
157
351
669
831
870
147
291
340
832
852
538
709
723
833
867
103
202
226
305
834
152
203
679
835
921
82
112
836
853
975
70
149
352
837
915
0
109
199
277
838
70
97
616
839
929
452
753
770
827
840
188
213
297
723
841
36
411
492
579
842
145
187
334
843
935
78
456
749
844
1004
108
123
489
505
845
33
46
135
804
846
97
176
325
504
847
141
402
652
848
884
279
497
629
849
943
481
552
805
850
980
87
386
602
736
851
256
263
493
852
910
19
59
717
721
853
519
710
854
962
976
200
323
671
758
855
91
331
447
663
856
61
430
683
764
857
190
401
435
575
858
325
598
750
859
980
206
860
877
910
994
191
664
726
861
962
226
651
682
829
862
61
277
340
694
863
108
331
402
864
885
146
581
782
865
986
588
592
684
866
980
225
236
248
505
867
595
683
729
827
868
143
387
441
869
898
304
619
870
927
949
189
765
777
871
991
23
825
872
874
996
156
281
600
634
873
561
738
874
913
946
240
357
764
875
942
475
790
823
826
876
278
307
629
732
877
188
333
559
878
1019
180
542
600
852
879
333
345
573
582
880
15
295
726
777
881
65
344
412
861
882
83
260
883
955
1007
63
243
459
847
884
466
527
706
885
916
613
886
965
966
977
228
412
854
887
910
338
654
740
869
888
321
629
708
889
955
385
401
890
905
949
95
288
660
721
891
318
609
788
892
994
316
788
893
902
918
516
629
645
722
894
146
396
767
895
990
340
650
717
896
956
56
221
407
897
967
514
694
780
793
898
270
276
281
400
899
179
205
481
758
900
13
23
746
901
927
28
326
478
829
902
42
83
416
903
1013
398
502
557
904
980
149
325
504
905
971
557
764
791
881
906
230
270
760
907
919
16
397
407
759
908
72
247
312
361
909
95
148
699
817
910
16
718
825
911
928
99
146
165
254
912
168
192
711
913
983
35
555
744
863
914
266
427
624
676
915
153
230
916
991
999
101
112
411
783
917
373
386
598
842
918
96
129
341
494
919
161
279
754
781
920
84
447
548
570
921
3
696
797
922
999
95
243
563
804
923
150
867
902
917
924
71
269
276
893
925
372
747
827
926
987
546
573
843
927
1020
558
622
848
928
1010
50
79
223
273
929
247
447
449
930
1005
12
41
523
654
931
591
731
871
932
994
395
527
654
880
933
578
663
751
934
970
435
495
693
935
968
151
415
485
924
936
219
663
890
937
965
278
727
891
938
964
191
307
764
939
943
392
421
874
929
940
30
205
741
941
1010
505
827
852
942
967
127
144
317
828
943
243
360
735
944
947
339
467
521
572
945
56
110
511
789
946
53
178
307
466
947
596
719
814
929
948
23
212
415
424
949
94
149
281
356
950
1
188
403
645
951
37
101
783
952
1009
9
72
357
709
953
546
888
918
954
962
25
173
529
679
955
220
591
792
956
986
148
156
163
436
957
625
698
936
958
975
108
275
378
391
959
85
99
647
960
1015
663
757
961
994
1021
66
165
640
664
962
169
209
309
456
963
307
585
729
787
964
301
455
690
713
965
6
115
295
516
966
143
553
846
967
1002
292
579
694
825
968
192
330
724
969
977
878
879
892
970
993
198
552
966
971
1010
774
829
835
972
995
101
192
473
717
973
137
406
602
780
974
823
827
942
966
975
80
322
895
951
976
232
282
634
727
977
214
366
629
953
978
184
341
543
874
979
57
257
468
882
980
282
330
354
528
981
82
168
655
817
982
223
610
712
983
1002
15
291
488
901
984
140
248
398
632
985
5
182
220
730
986
385
530
696
773
987
529
623
705
959
988
271
406
831
895
989
244
481
533
632
990
49
116
201
463
991
169
393
720
881
992
74
371
748
885
993
501
651
676
989
994
510
516
815
922
995
382
767
858
996
1010
87
180
229
984
997
224
254
319
509
998
463
484
694
993
999
35
668
742
747
1000
561
709
910
947
1001
309
464
469
840
1002
121
180
337
567
1003
125
448
494
851
1004
244
442
482
793
1005
377
669
883
920
1006
520
524
896
948
1007
214
276
421
888
1008
105
544
744
820
1009
107
381
494
1009
1010
618
693
880
882
1011
23
377
481
804
1012
181
570
810
980
1013
182
509
837
878
1014
110
392
472
945
1015
99
338
626
793
1016
572
671
822
988
1017
19
94
963
965
1018
56
377
845
881
1019
202
313
582
758
1020
525
766
822
921
1021
134
156
377
706
1022
171
932
1004
1007
1023
0.307047
0.794477
0.474922
0.675785
0.956401
0.456529
0.986961
0.985156
0.759554
0.258306
0.628933
0.23464
0.13562
0.009498
0.216735
0.106537
0.031916
0.260148
0.539905
0.734437
0.358723
0.702592
0.026729
0.263607
0.08907
0.245478
0.4643
0.151021
0.070548
0.507769
0.641429
0.904492
0.585682
0.247009
0.052053
0.952623
0.135148
0.122366
0.14271
0.617371
0.470238
0.750584
0.179656
0.949317
0.33284
0.864996
0.513121
0.609772
0.660879
0.378483
0.551879
0.748338
0.266756
0.848181
0.57958
0.522075
0.215263
0.319007
0.815039
0.455066
0.242911
0.709373
0.438216
0.624172
0.440526
0.47001
0.644882
0.975918
0.928283
0.388696
0.636668
0.978503
0.436358
0.237598
0.390102
0.870688
0.455392
0.607431
0.220542
0.900212
0.928673
0.572742
0.413011
0.292558
0.348947
0.879047
0.972365
0.096787
0.016364
0.786483
0.56728
0.372741
0.386511
0.641211
0.646706
0.395057
0.471915
0.082749
0.999639
0.589121
0.943624
0.765059
0.455217
0.591294
0.156098
0.711423
0.498319
0.761373
0.769702
0.701957
0.317856
0.155178
0.525931
0.777473
0.191812
0.915733
0.892571
0.548093
0.851782
0.222934
0.091488
0.41547
0.228786
0.227087
0.71827
0.919203
0.939564
0.68982
0.13181
0.803016
0.670435
0.501303
0.44582
0.340428
0.855055
0.33341
0.999796
0.41909
0.07944
0.714388
0.398103
0.309989
0.434898
0.396982
0.862161
0.322097
0.355571
0.255206
0.4007
0.468438
0.265191
0.621597
0.000759
0.929368
0.971608
0.870742
0.98065
0.386188
0.887691
0.307843
0.873519
0.531798
0.893106
0.759467
0.366882
0.447825
0.147283
0.784006
0.010349
0.520206
0.271691
0.910379
0.086722
0.783053
0.011121
0.472449
0.013495
0.027565
0.381269
0.935181
0.758751
0.388628
0.513464
0.85241
0.561218
0.558779
0.232512
0.958776
0.438068
0.315464
0.870826
0.159889
0.11994
0.727874
0.263746
0.782334
0.5243
0.7809
0.426423
0.117573
0.203015
0.445793
0.826488
0.167576
0.446278
0.385848
0.852315
0.970069
0.885985
0.929169
0.652216
0.769114
0.953057
0.502487
0.413981
0.706672
0.105992
0.991309
0.151988
0.501041
0.079371
0.011065
0.434698
0.538487
0.285463
0.895735
0.786514
0.329264
0.071717
0.331147
0.713011
0.377329
0.043159
0.80499
0.022702
0.113619
0.630009
0.807575
0.451928
0.255253
0.066632
0.824054
0.929343
0.406061
0.095517
0.573314
0.952711
0.030668
0.357426
0.909897
0.842287
0.996562
0.076001
0.892868
0.01954
0.059664
0.625419
0.118169
0.319034
0.201503
0.620111
0.328681
0.087251
0.541588
0.665909
0.858019
0.2663
0.596536
0.823782
0.194052
0.432506
0.246833
0.158312
0.122295
0.538676
0.205812
0.880618
0.806632
0.259752
0.819162
0.717443
0.427537
0.40434
0.150466
0.800524
0.095963
0.050266
0.238535
0.81502
0.112824
0.187024
0.375113
0.430696
0.344717
0.784432
0.490905
0.417702
0.862751
0.574126
0.948963
0.105417
0.574627
0.712176
0.421054
0.273656
0.734457
0.307882
0.933613
0.880477
0.005155
0.098257
0.571029
0.149591
0.755423
0.379332
0.523965
0.400564
0.333205
0.660223
0.509829
0.29945
0.333423
0.148544
0.948973
0.941048
0.03553
0.930176
0.598331
0.017336
0.35191
0.273541
0.424876
0.914824
0.613753
0.639989
0.707848
0.341009
0.67643
0.39911
0.777268
0.968517
0.129954
0.406679
0.5369
0.834695
0.322706
0.362273
0.55092
0.477155
0.509581
0.546365
0.749525
0.393675
0.965339
0.651996
0.182138
0.132799
0.143578
0.878075
0.460891
0.935103
0.361335
0.462373
0.062288
0.070518
0.637552
0.452133
0.976786
0.560792
0.073506
0.420578
0.95755
0.665349
0.088198
0.806675
0.441277
0.403114
0.442678
0.813648
0.610301
0.579658
0.472861
0.342566
0.355357
0.007061
0.172729
0.591247
0.033001
0.548729
0.631195
0.861494
0.329946
0.433741
0.424918
0.730708
0.98186
0.849473
0.805904
0.659595
0.39834
0.021366
0.734954
0.990576
0.643726
0.044597
0.636256
0.851098
0.896464
0.808644
0.927956
0.858997
0.950497
0.567105
0.330074
0.496984
0.25383
0.180965
0.136912
0.028813
0.103536
0.181379
0.757557
0.229184
0.354533
0.693209
0.551854
0.89995
0.357423
0.650489
0.114727
0.883293
0.356737
0.932041
0.19289
0.386657
0.405027
0.303146
0.946706
0.505427
0.029627
0.240469
0.175166
0.982326
0.018436
0.000413
0.842539
0.636341
0.799665
0.302022
0.627197
0.979403
0.692841
0.384759
0.531872
0.075564
0.29708
0.992658
0.585882
0.092987
0.04519
0.31967
0.61295
0.051466
0.635174
0.827268
0.637803
0.168193
0.086243
0.278486
0.681014
0.568677
0.798988
0.727941
0.529475
0.026662
0.342774
0.397238
0.074052
0.85754
0.077626
0.161592
0.773108
0.882809
0.510291
0.973974
0.973683
0.778535
0.46898
0.026421
0.525545
0.213485
0.397947
0.924408
0.611629
0.944939
0.04815
0.662186
0.668976
0.424595
0.550274
0.527444
0.193721
0.715654
0.876974
0.627086
0.753805
0.072536
0.199477
0.709785
0.746618
0.565954
0.542828
0.699056
0.015773
0.341926
0.604184
0.993785
0.611963
0.261842
0.949113
0.807209
0.152387
0.130645
0.71648
0.605155
0.824594
0.558523
0.473999
0.913173
0.093446
0.872306
0.891032
0.589495
0.265392
0.777951
0.79718
0.883587
0.120098
0.6006
0.298706
0.467721
0.414854
0.640129
0.300889
0.847361
0.79607
0.619251
0.873835
0.108388
0.132561
0.150576
0.863724
0.770066
0.813968
0.605916
0.234732
0.38573
0.704983
0.539158
0.537558
0.732206
0.366429
0.22426
0.629858
0.582578
0.139185
0.550371
0.733004
0.494768
0.899371
0.947285
0.977169
0.007443
0.093492
0.53245
0.024218
0.49714
0.070682
0.506606
0.421064
0.209764
0.278749
0.575348
0.124493
0.981739
0.688966
0.451814
0.171594
0.484172
0.803489
0.544303
0.214066
0.237193
0.994483
0.954589
0.437115
0.844486
0.09344
0.471498
0.348401
0.478753
0.268387
0.004982
0.856406
0.266256
0.506898
0.169572
0.727555
0.254203
0.880167
0.662197
0.138939
0.001758
0.684842
0.346502
0.411878
0.626798
0.746154
0.244847
0.297438
0.76187
0.327032
0.956807
0.628558
0.343028
0.615467
0.500674
0.990215
0.545699
0.978645
0.608622
0.691202
0.158036
0.000727
0.182413
0.335
0.669121
0.475085
0.499113
0.617477
0.94759
0.168935
0.024521
0.737623
0.872682
0.634027
0.305908
0.730223
0.373693
0.242467
0.160949
0.028173
0.862885
0.615383
0.663357
0.155457
0.575122
0.411196
0.98112
0.336788
0.909938
0.460557
0.709526
0.050817
0.371792
0.287627
0.169291
0.156835
0.769602
0.298148
0.330058
0.394116
0.366696
0.754898
0.084236
0.15901
0.680935
0.321992
0.583401
0.817107
0.497108
0.537598
0.586984
0.587858
0.187526
0.984618
0.84401
0.999987
0.046211
0.294733
0.556947
0.8353
0.357053
0.839876
0.475862
0.469394
0.829917
0.025022
0.721804
0.961719
0.255458
0.851073
0.296884
0.952757
0.678717
0.666397
0.151154
0.349888
0.459431
0.707166
0.841541
0.674623
0.63069
0.201731
0.269782
0.451162
0.83196
0.259201
0.694826
0.689959
0.144563
0.425476
0.226478
0.822797
0.786647
0.735037
0.895516
0.666699
0.85865
0.005044
0.257367
0.754031
0.898445
0.076473
0.702715
0.283803
0.266589
0.64004
0.782725
0.747341
0.168833
0.610758
0.91047
0.328021
0.885411
0.762654
0.454214
0.772505
0.898699
0.641282
0.116873
0.683459
0.442711
0.692824
0.214565
0.979
0.371492
0.92645
0.014531
0.435761
0.455642
0.120493
0.503811
0.574896
0.456699
0.549621
0.181875
0.037127
0.410553
0.15638
0.940872
0.91141
0.39526
0.662784
0.786538
0.422767
0.549014
0.644987
0.231763
0.805701
0.044557
0.213215
0.380887
0.818793
0.292688
0.202177
0.013863
0.394574
0.146606
0.204214
0.201643
0.327236
0.040933
0.532923
0.31365
0.992381
0.508277
0.728017
0.271205
0.764231
0.13438
0.735741
0.284489
0.409881
0.614519
0.030034
0.809251
0.952913
0.352744
0.04797
0.669447
0.40733
0.109327
0.740032
0.946826
0.182932
0.420561
0.147526
0.854297
0.342491
0.408014
0.29921
0.545031
0.514985
0.348709
0.51091
0.316743
0.671779
0.927228
0.86111
0.521246
0.212745
0.449549
0.228858
0.703498
0.92615
0.412712
0.819854
0.501601
0.781232
0.581956
0.822159
0.438562
0.697047
0.409184
0.324818
0.004735
0.008454
0.930429
0.267858
0.709588
0.934141
0.581342
0.048957
0.251787
0.980324
0.432334
0.526642
0.303717
0.632808
0.39956
0.862406
0.566128
0.623713
0.953839
0.31397
0.342117
0.867891
0.222049
0.466761
0.567959
0.109428
0.453419
0.805878
0.887261
0.776124
0.854092
0.722484
0.20944
0.985773
0.187077
0.830594
0.374072
0.284885
0.461399
0.576586
0.02967
0.769466
0.364128
0.260798
0.047535
0.375399
0.917729
0.40476
0.724491
0.479094
0.929538
0.34718
0.321698
0.922519
0.811427
0.069797
0.837014
0.460733
0.406441
0.377471
0.743187
0.357551
0.73
0.967934
0.36454
0.729942
0.181868
0.614985
0.502219
0.181742
0.750727
0.193585
0.832623
0.125202
0.756011
0.241
0.758538
0.14744
0.613615
0.21645
0.110749
0.556504
0.042081
0.170003
0.834746
0.057463
0.055166
0.46476
0.574353
0.58936
0.97654
0.673924
0.279917
0.11908
0.26026
0.451869
0.485036
0.77466
0.132728
0.212793
0.026754
0.442191
0.637672
0.462797
0.312309
0.161805
0.318339
0.169698
0.943446
0.909279
0.939497
0.807247
0.942819
0.897009
0.532004
0.538614
0.09782
0.160585
0.503091
0.926655
0.455267
0.471645
0.828627
0.483232
0.076579
0.637542
0.599224
0.923778
0.41185
0.381948
0.989426
0.212639
0.019462
0.522123
0.964085
0.036717
0.807187
0.713822
0.741803
0.519656
0.494382
0.030471
0.239884
0.246887
0.604651
0.968476
0.000646
0.197296
0.360254
0.884748
0.095766
0.492788
0.606511
0.784309
0.472165
0.888188
0.923746
0.432233
0.098079
0.938698
0.198997
0.006205
0.509964
0.573912
0.024261
0.131295
0.192169
0.51424
0.64086
0.392384
0.35212
0.349456
0.274272
0.889702
0.406326
0.560192
0.009356
0.53537
0.805335
0.341213
0.172429
0.638361
0.729046
0.734785
0.182122
0.723535
0.209209
0.917688
0.203831
0.477144
0.807333
0.877141
0.855162
0.294461
0.91118
0.682407
0.812336
0.25995
0.475993
0.562078
0.235827
0.008081
0.815546
0.319043
0.906922
0.371872
0.130575
0.74931
0.962623
0.478709
0.555395
0.544363
0.835502
0.10862
0.024737
0.267848
0.074889
0.685015
0.59736
0.756281
0.560169
0.676843
0.726634
0.001291
0.935761
0.057244
0.889466
0.835171
0.546462
0.558192
0.264121
0.719098
0.227767
0.227385
0.990358
0.088709
0.565599
0.766463
0.799065
0.395966
0.036918
0.516611
0.968301
0.740788
0.365319
0.439203
0.922524
0.305863
0.824133
0.783903
0.853125
0.451204
0.003269
0.922277
0.486984
0.264772
0.361567
0.617436
0.716476
0.770166
0.396006
0.820929
0.609112
0.027774
0.454619
0.533432
0.244833
0.306467
0.023936
0.899301
0.635956
0.23758
0.070245
0.718189
0.145619
0.800422
0.15601
0.887386
0.964006
0.958654
0.114682
0.524796
0.764417
0.521979
0.976388
0.89226
0.531258
0.662839
0.613029
0.505495
0.366128
0.197312
0.680033
0.048819
0.593808
0.775203
0.180424
0.757339
0.695306
0.156262
0.502924
0.413385
0.821998
0.72744
0.09842
0.166204
0.296198
0.043354
0.53067
0.43467
0.087244
0.784418
0.461638
0.694126
0.731577
0.596499
0.196447
0.845286
0.445966
0.214316
0.862727
0.358813
0.152461
0.415582
0.287703
0.387065
0.489685
0.205253
0.729143
0.17698
0.12423
0.367531
0.178552
0.461945
0.966683
0.913874
0.196714
0.774302
0.345242
0.282516
0.967543
0.566136
0.913468
0.659205
0.231092
0.020938
0.164205
0.66133
0.086423
0.462497
0.258313
0.187875
0.072606
0.558878
0.209516
0.374163
0.726217
0.152473
0.44104
0.110094
0.759452
0.912134
0.833575
0.650021
0.197816
0.941447
0.370011
0.63803
0.399749
0.323284
0.446537
0.74978
0.311262
0.94205
0.776887
0.997569
0.261689
0.321017
0.827532
0.712856
0.039655
0.105905
0.277427
0.642576
0.838016
0.639252
0.893427
0.280507
0.558981
0.923688
0.9123
0.543145
0.267283
0.140142
0.459802
0.716262
0.345829
0.686716
0.074823
0.409934
0.002202
0.019319
0.50321
0.479395
0.53557
0.582464
0.805077
0.621305
0.198704
0.743461
0.228347
0.689267
0.851374
0.846297
0.471488
0.750824
0.768472
0.379943
0.004696
0.12463
0.230823
0.146911
0.765989
0.772169
0.596425
0.559815
0.169787
0.330445
0.273217
0.836463
0.76709
0.00496
0.136229
0.969554
0.564798
0.940218
0.023225
0.429675
0.236475
0.690191
0.979563
0.968524
0.373631
0.301292
0.010119
0.516567
0.201636
0.143972
0.350949
0.441168
0.631646
0.964165
0.152495
0.892157
0.079282
0.942361
0.729241
0.816137
0.021013
0.958865
0.928567
0.512415
0.33226
0.078167
0.598024
0.491937
0.030719
0.436012
0.103805
0.068024
0.596699
0.908081
0.320252
0.111422
0.244689
0.544384
0.129016
0.12538
0.298824
0.831405
0.185148
0.040857
0.925365
0.265353
0.885313
0.300824
0.659206
0.764195
0.329098
0.813494
0.706188
0.282142
0.141739
0.596923
0.303215
0.25576
0.995518
0.286145
0.298014
0.511908
0.741454
0.958547
0.261327
0.24403
0.342657
0.393786
0.686879
0.713058
0.439937
0.364577
0.552728
0.116935
0.546283
0.875444
0.536395
0.573225
0.864928
0.852124
0.025111
0.209258
0.734372
0.298758
0.427296
0.523749
0.324454
0.719724
0.312295
0.031765
0.816329
0.669455
0.467083
0.796408
0.893575
0.961527
0.043006
0.709346
0.045201
0.776053
0.913803
0.405817
0.482471
0.310485
0.521085
0.238793
0.921573
0.408934
0.413865
0.20203
0.584893
0.346895
0.696791
0.868808
0.390659
0.324713
0.516589
0.148064
0.267877
0.274788
0.641053
0.325946
0.326316
0.807849
0.596353
0.902694
0.427039
0.809514
0.291092
0.162391
0.332093
0.990702
0.154574
0.14404
0.844516
0.330907
0.546649
0.059252
0.459072
0.888006
0.819994
0.615459
0.158368
0.394598
0.950461
0.608563
0.270369
0.794422
0.242864
0.432308
0.326261
0.765263
0.797491
0.937938
0.365768
0.118694
0.705772
0.288581
0.556079
0.257362
0.558454
0.309682
0.416822
0.903071
0.075031
0.218569
0.510584
0.457058
0.383578
0.055368
0.432165
0.85358
0.819376
0.194715
0.05925
0.82388
0.841532
0.064059
0.694427
0.256313
0.959409
0.261583
0.564802
0.041986
0.957798
0.483416
0.541158
0.89625
0.405024
0.544796
0.081211
0.464737
0.507981
0.478996
0.297306
0.238475
0.687876
0.025648
0.940297
0.608897
0.357942
0.822904
0.534409
0.428827
0.434169
0.661274
0.728327
0.944428
0.343333
0.096162
0.113808
0.472427
0.33122
0.155495
0.566148
0.628071
0.532514
0.456644
0.361476
0.854596
0.912504
0.886498
0.386341
0.238097
0.914773
0.813907
0.573905
0.592539
0.24281
0.188729
0.217802
0.842895
0.027405
0.39857
0.518209
0.237143
0.831413
0.278441
0.422812
0.999179
0.371234
0.346669
0.015563
0.620812
0.135286
0.147966
0.650395
0.237394
0.871412
0.728923
0.03377
0.792075
0.65441
0.085133
0.905973
0.884723
0.311044
0.146631
0.988932
0.959891
0.764423
0.905664
0.672843
0.49271
0.748623
0.586129
0.105056
0.724067
0.3699
0.656229
0.318014
0.289182
0.823032
0.356805
0.168675
0.002578
0.945198
0.05929
0.310361
0.081125
0.434133
0.630782
0.161702
0.694307
0.617472
0.719155
0.696491
0.571007
0.482925
0.218854
0.443243
0.570036
0.395915
0.173792
0.367243
0.268453
0.149121
0.208669
0.195758
0.459036
0.432702
0.389374
0.697865
0.01427
0.346663
0.164406
0.318466
0.235226
0.81003
0.393079
0.25173
0.546521
0.032687
0.997695
0.740803
0.19803
0.274515
0.608534
0.573495
0.350903
0.815309
0.825354
0.259701
0.599036
0.585246
0.32106
0.453819
0.135496
0.147806
0.365807
0.055671
0.889776
0.282548
0.330043
0.114652
0.015336
0.646577
0.139422
0.101697
0.144427
0.682101
0.522898
0.121321
0.806687
0.22968
0.183049
0.426781
0.633588
0.990913
0.675567
0.373896
0.7667
0.893032
0.938362
0.676767
0.253179
0.89165
0.938103
0.561095
0.583216
0.432322
0.158497
0.011603
0.549589
0.241365
0.423924
0.835624
0.219815
0.255043
0.834104
0.050914
0.720694
0.768146
0.856202
0.522291
0.179331
0.513397
0.706716
0.152351
0.336542
0.144696
0.188407
0.198203
0.873551
0.921018
0.42188
0.6126
0.990085
0.341566
0.494206
0.20576
0.475439
0.609262
0.83707
0.348672
0.868322
0.198698
0.434121
0.441878
0.242925
0.498679
0.327615
0.093969
0.964591
0.185884
0.933037
0.258338
0.52542
0.622094
0.122833
0.115206
0.164971
0.555675
0.775161
0.319275
0.23564
0.648899
0.977633
0.124499
0.108504
0.006535
0.859834
0.385721
0.139974
0.238082
0.61157
0.411716
0.478416
0.576638
0.109478
0.101866
0.793278
0.700644
0.338012
0.437413
0.739575
0.660766
0.144385
0.843934
0.92746
0.375703
0.274979
0.150563
0.63018
0.722115
0.981875
0.670953
0.245508
0.550375
0.554334
0.259014
0.094619
0.324202
0.275432
0.206591
0.686029
0.461667
0.065119
0.294538
0.732586
0.339968
0.52916
0.113324
0.252174
0.088684
0.127602
0.973849
0.284719
0.788868
0.785094
0.924801
0.503552
0.778112
0.000236
0.569223
0.758955
0.171391
0.19196
0.35603
0.099039
0.85349
0.905572
0.874219
0.165427
0.163269
0.029689
0.626007
0.310715
0.163854
0.441464
0.146025
0.984995
0.477875
0.184594
0.807194
0.268157
0.437215
0.452601
0.728847
0.953774
0.134377
0.442136
0.702858
0.929061
0.283473
0.632848
0.756042
0.851469
0.469172
0.742905
0.984229
0.496615
0.263027
0.611953
0.703463
0.86238
0.224648
0.009511
0.833343
0.819925
0.487412
0.181579
0.210425
0.041889
0.001105
0.318014
0.229458
0.226026
0.568306
0.622676
0.310946
0.692715
0.199179
0.598397
0.860965
0.487741
0.483031
0.615851
0.072041
0.525847
0.937881
0.78462
0.197416
0.751762
0.236563
0.799931
0.096195
0.477115
0.881639
0.837004
0.333892
0.740744
0.890323
0.084938
0.30746
0.624325
0.42035
0.750358
0.31064
0.762393
0.092523
0.978408
0.691143
0.571352
0.128537
0.606126
0.096395
0.501033
0.719078
0.307157
0.602487
0.659082
0.577224
0.535279
0.806094
0.117578
0.897007
0.178197
0.821689
0.090956
0.110178
0.365458
0.033504
0.26087
0.190226
0.16135
0.759517
0.077968
0.079447
0.06385
0.037927
0.507315
0.713647
0.179821
0.66056
0.757666
0.784891
0.595226
0.631458
0.832888
0.796361
0.30094
0.491054
0.733676
0.195409
0.543677
0.268012
0.977986
0.825107
0.434111
0.278255
0.576215
0.512965
0.808024
0.708012
0.88062
0.695083
0.498161
0.31961
0.178472
0.172372
0.740374
0.437481
0.639744
0.711985
0.453221
0.707885
0.827524
0.573678
0.429205
0.438186
0.589249
0.770973
0.19895
0.951542
0.759291
0.751891
0.861849
0.994289
0.070208
0.813574
0.76176
0.06504
0.067758
0.355351
0.865734
0.336784
0.816647
0.442502
0.744265
0.046821
0.80946
0.626183
0.716625
0.118438
0.729035
0.207209
0.211967
0.257959
0.888841
0.839428
0.497125
0.303818
0.558644
0.889003
0.494596
0.122171
0.364341
0.391831
0.89882
0.365738
0.326628
0.448938
0.688312
0.078256
0.903911
0.335933
0.081959
0.42706
0.560231
0.162544
0.367312
0.448368
0.215002
0.931523
0.924192
0.496072
0.523164
0.258791
0.793612
0.459388
0.374888
0.367329
0.67965
0.444126
0.352985
0.203663
0.485794
0.386076
0.868241
0.38432
0.61643
0.5458
0.729032
0.034835
0.554109
0.466979
0.582463
0.115297
0.18793
0.805869
0.454003
0.524685
0.048211
0.065663
0.011215
0.651034
0.916713
0.826832
0.605794
0.511933
0.7813
0.376532
0.773664
0.975497
0.889144
0.900894
0.222134
0.195105
0.987002
0.120132
0.006762
0.603147
0.955121
0.33155
0.882742
0.836773
0.652659
0.096858
0.428291
0.061973
0.377227
0.918127
0.263806
0.786956
0.340241
0.089517
0.275276
0.098637
0.808987
0.492552
0.790335
0.859107
0.178988
0.906048
0.001119
0.108211
0.987564
0.612855
0.793954
0.365492
0.67165
0.46468
0.825677
0.733555
0.752042
0.087091
0.329698
0.324429
0.967431
0.153164
0.853373
0.227337
0.699955
0.090724
0.683656
0.927907
0.328999
0.395819
0.001828
0.311746
0.723425
0.59904
0.670395
0.622698
0.367661
0.977574
0.956298
0.221337
0.335025
0.551765
0.308732
0.761116
0.217968
0.974418
0.415303
0.260897
0.543742
0.568431
0.526476
0.097679
0.546075
0.054137
0.939734
0.38889
0.401355
0.24537
0.760154
0.557497
0.661386
0.532786
0.562594
0.400318
0.922312
0.297339
0.429347
0.182501
0.995513
0.453764
0.167264
0.992417
0.528701
0.727056
0.486471
0.979119
0.493452
0.674088
0.813903
0.088135
0.82608
0.265435
0.88345
0.804283
0.774663
0.048428
0.330916
0.313058
0.313734
0.010051
0.054432
0.482608
0.063037
0.265962
0.511254
0.009333
0.398615
0.277122
0.063086
0.510199
0.455105
0.397702
0.648812
0.812223
0.978936
0.863848
0.166733
0.079274
0.862145
0.334179
0.088301
0.291862
0.170858
0.010031
0.059171
0.750952
0.770009
0.309805
0.624754
0.419136
0.35033
0.308411
0.669365
0.113707
0.015439
0.607393
0.730208
0.982589
0.379666
0.0396
0.226831
0.335631
0.099801
0.210119
0.092829
0.891024
0.932777
0.16283
0.775292
0.962262
0.634541
0.015155
0.365328
0.576654
0.314324
0.280564
0.794741
0.562078
0.73219
0.194127
0.744629
0.926347
0.192084
0.319567
0.257366
0.608819
0.722847
0.700304
0.829787
0.332543
0.566371
0.679981
0.631262
0.011571
0.88847
0.850527
0.784878
0.911424
0.113977
0.698822
0.193481
0.926496
0.38877
0.295611
0.275188
0.854235
0.581666
0.696725
0.131449
0.442431
0.88772
0.990062
0.016495
0.482018
0.9121
0.03021
0.144012
0.299774
0.941054
0.009389
0.037136
0.621054
0.755952
0.837348
0.820372
0.299901
0.997392
0.902371
0.251501
0.495129
0.765439
0.575085
0.645345
0.535754
0.698923
0.936613
0.159232
0.647924
0.637553
0.501775
0.874771
0.496143
0.457535
0.418939
0.898541
0.720872
0.346375
0.724306
0.611905
0.046295
0.903394
0.006755
0.938961
0.685326
0.02931
0.16564
0.507031
0.367341
0.836242
0.371339
0.050183
0.593089
0.477732
0.205279
0.92057
0.366703
0.019991
0.721312
0.041602
0.860506
0.923011
0.757945
0.81176
0.821948
0.438697
0.767067
0.119551
0.72397
0.13322
0.538254
0.093015
0.858806
0.913458
0.658752
0.08024
0.46143
0.278999
0.674968
0.954117
0.933747
0.401581
0.033789
0.922921
0.831909
0.646193
0.082451
0.193172
0.541447
0.190395
0.429803
0.027911
0.036746
0.77277
0.582298
0.764645
0.834553
0.548107
0.958872
0.073893
0.22196
0.090361
0.165199
0.058497
0.999026
0.758343
0.278453
0.70917
0.226323
0.535664
0.72315
0.475447
0.703544
0.372358
0.294058
0.332726
0.095109
0.350691
0.180688
0.317383
0.633721
0.807408
0.953651
0.828117
0.311385
0.460065
0.335285
0.301818
0.037715
0.679991
0.683177
0.236136
0.012225
0.023378
0.940495
0.54016
0.010081
0.239548
0.285629
0.572313
0.539587
0.311416
0.799025
0.89026
0.253427
0.760188
0.863562
0.97569
0.298233
0.015447
0.078764
0.765665
0.113577
0.914593
0.170377
0.091912
0.36172
0.929979
0.696237
0.729804
0.775838
0.732689
0.312082
0.04799
0.089753
0.670174
0.228113
0.527342
0.288177
0.297814
0.793846
0.202079
0.67411
0.123484
0.142481
0.123727
0.795813
0.596731
0.489912
0.289716
0.403219
0.072093
0.03316
0.099046
0.412871
0.517757
0.737097
0.352484
0.955219
0.626977
0.667041
0.315039
0.48567
0.598088
0.220725
0.229262
0.256306
0.565047
0.62482
0.368199
0.198691
0.344652
0.75262
0.240965
0.815601
0.244754
0.257684
0.825237
0.614415
0.222672
0.908333
0.929055
0.222775
0.580129
0.886062
0.684106
0.27217
0.811109
0.1234
0.427264
0.608724
0.262242
0.839058
0.49975
0.017125
0.628823
0.609466
0.508787
0.034433
0.245461
0.422224
0.584485
0.782994
0.769927
0.629343
0.046047
0.154812
0.303438
0.810606
0.916077
0.478485
0.391942
0.970916
0.897589
0.755123
0.013367
0.854598
0.218492
0.723204
0.626309
0.730475
0.089941
0.575706
0.319151
0.732938
0.765094
0.370535
0.902946
0.025406
0.347566
0.276598
0.737586
0.775906
0.91535
0.700941
0.208005
0.959591
0.70948
0.640867
0.286745
0.408205
0.596238
0.932241
0.461341
0.62303
0.167048
0.398254
0.646604
0.931093
0.024435
0.418306
0.778507
0.463687
0.72026
0.468212
0.758146
0.193768
0.047258
0.520021
0.124566
0.361827
0.960972
0.435364
0.946403
0.74832
0.851846
0.949097
0.308942
0.593773
0.231565
0.04911
0.640063
0.777145
0.541327
0.79994
0.224769
0.963546
0.509227
0.315157
0.033672
0.1655
0.475421
0.014048
0.815847
0.520512
0.098241
0.963048
0.501961
0.268859
0.985244
0.788437
0.547837
0.669978
0.411474
0.629721
0.997943
0.866153
0.143653
0.030551
0.416397
0.610801
0.019911
0.6796
0.391439
0.197888
0.732329
0.613933
0.871289
0.239193
0.880169
0.783646
0.057131
0.046873
0.423563
0.577325
0.421513
0.351389
0.62004
0.605486
0.895132
0.924239
0.488022
0.130354
0.868391
0.476992
0.55102
0.414749
0.902236
0.338065
0.663107
0.442062
0.360272
0.766077
0.257004
0.240793
0.594206
0.235269
0.694536
0.316736
0.932859
0.470945
0.700821
0.35304
0.937176
0.622288
0.644823
0.430692
0.245339
0.566401
0.29006
0.479859
0.643544
0.040434
0.814057
0.621419
0.726037
0.701798
0.630842
0.149859
0.989166
0.310594
0.54763
0.170437
0.259376
0.348706
0.63478
0.922343
0.331782
0.765861
0.869923
0.019726
0.472974
0.891074
0.677525
0.755999
0.920444
0.614598
0.673034
0.075952
0.342364
0.919758
0.262077
0.466621
0.5758
0.677168
0.612551
0.645238
0.561926
0.834583
0.015014
0.199189
0.46357
0.528693
0.12758
0.03431
0.686914
0.908866
0.977283
0.546892
0.80984
0.296795
0.924637
0.305437
0.850805
0.562783
0.099765
0.209667
0.842981
0.880039
0.820661
0.302093
0.923437
0.369785
0.224974
0.648199
0.825126
0.820619
0.971528
0.040227
0.303879
0.123201
0.920357
0.60869
0.438386
0.856589
0.255392
0.595724
0.092099
0.526411
0.682301
0.803712
0.140029
0.486507
0.546244
0.34419
0.669913
0.42434
0.835929
0.029297
0.716225
0.724139
0.05782
0.643588
0.998919
0.788503
0.497772
0.607758
0.081432
0.393868
0.912909
0.32408
0.77593
0.916833
0.257634
0.538421
0.528446
0.755977
0.918841
0.925939
0.647905
0.799365
0.447185
0.953451
0.158938
0.673717
0.847584
0.094403
0.136533
0.951863
0.036906
0.202765
0.193134
0.318702
0.18676
0.026132
0.895574
0.982674
0.463663
0.822567
0.59885
0.248504
0.474597
0.670822
0.441616
0.645498
0.536668
0.287261
0.817547
0.858059
0.097236
0.100616
0.307259
0.930624
0.743198
0.849104
0.470722
0.22357
0.760843
0.324201
0.776659
0.233226
0.759263
0.988495
0.515206
0.054906
0.122652
0.790429
0.92949
0.629443
0.244169
0.358389
0.640274
0.413739
0.6185
0.345231
0.247982
0.636129
0.792735
0.804392
0.823611
0.548878
0.848288
0.532574
0.122446
0.177167
0.235049
0.95297
0.246068
0.871132
0.936305
0.253903
0.954117
0.881882
0.719659
0.163803
0.618528
0.928033
0.048171
0.407289
0.022472
0.790314
0.57606
0.573473
0.375701
0.49269
0.641541
0.417832
0.603244
0.037219
0.059373
0.053622
0.7605
0.861909
0.515167
0.391266
0.129611
0.417095
0.247903
0.387309
0.260102
0.867142
0.894829
0.161741
0.906416
0.88557
0.778516
0.124839
0.133553
0.86327
0.80375
0.09513
0.640161
0.091682
0.442207
0.281283
0.691066
0.698906
0.760939
0.821951
0.760436
0.640158
0.515889
0.255909
0.986398
0.543799
0.265264
0.63948
0.259594
0.111239
0.767066
0.107908
0.287081
0.269881
0.302484
0.879802
0.039264
0.281723
0.846401
0.46608
0.026163
0.69707
0.28037
0.721185
0.87845
0.071254
0.491354
0.399103
0.920247
0.998053
0.900276
0.970398
0.699986
0.851428
0.946716
0.796803
0.687276
0.997434
0.336754
0.44609
0.436035
0.928821
0.907107
0.377405
0.345251
0.673385
0.265338
0.524275
0.995287
0.175939
0.486363
0.285677
0.258048
0.006264
0.791819
0.429348
0.267741
0.376637
0.148839
0.489404
0.61746
0.221589
0.009095
0.067172
0.588163
0.477013
0.268976
0.060331
0.13207
0.629715
0.873483
0.565841
0.90551
0.692593
0.543479
0.904022
0.952324
0.722403
0.861356
0.337448
0.832829
0.294399
0.714301
0.890039
0.880805
0.299925
0.978799
0.671148
0.06988
0.841661
0.775359
0.587543
0.47815
0.271033
0.122802
0.441008
0.988444
0.239387
0.540698
0.733925
0.833019
0.051219
0.056108
0.606036
0.123179
0.648555
0.814385
0.168141
0.737803
0.129341
0.092094
0.105878
0.634156
0.697985
0.512228
0.825674
0.473688
0.904353
0.364943
0.532459
0.354023
0.721047
0.059403
0.575875
0.654251
0.226448
0.788469
0.076943
0.701795
0.368487
0.095147
0.62507
0.703151
0.119793
0.91337
0.479259
0.890276
0.320666
0.001709
0.214458
0.32182
0.620637
0.498377
0.165455
0.327471
0.133211
0.890017
0.591162
0.490299
0.461885
0.705476
0.718985
0.175926
0.417136
0.901582
0.097558
0.221645
0.79195
0.77057
0.418291
0.15603
0.159386
0.859023
0.400144
0.431684
0.506478
0.229547
0.420719
0.600478
0.38515
0.858363
0.721776
0.137684
0.035633
0.845861
0.704993
0.493681
0.284547
0.606628
0.252745
0.123727
0.771564
0.513003
0.424661
0.41239
0.617337
0.245445
0.377982
0.677876
0.623734
0.968378
0.214511
0.441156
0.690727
0.808664
0.27285
0.817201
0.938189
0.047589
0.244863
0.130504
0.963595
0.223829
0.896434
0.819361
0.356702
0.94612
0.305356
0.985958
0.204228
0.777768
0.467167
0.493801
0.562429
0.286842
0.877902
0.588502
0.069913
0.940461
0.157863
0.74082
0.7252
0.191883
0.130807
0.307178
0.796906
0.380203
0.105408
0.896473
0.469041
0.033027
0.973686
0.645084
0.124177
0.564368
0.586193
0.480765
0.07722
0.75308
0.057168
0.234884
0.863324
0.648836
0.795219
0.875946
0.127735
0.356568
0.403208
0.061775
0.321041
0.920906
0.701771
0.498621
0.173765
0.029073
0.34156
0.76196
0.364127
0.916016
0.123637
0.272639
0.902922
0.848766
0.065706
0.344253
0.796886
0.941891
0.190576
0.691612
0.717779
0.341702
0.10967
0.71974
0.517811
0.602709
0.164962
0.638429
0.484243
0.444853
0.469369
0.22161
0.99123
0.4985
0.56468
0.080858
0.542559
0.59347
0.454899
0.177101
0.739553
0.682991
0.709514
0.58292
0.794515
0.574191
0.334504
0.369418
0.868281
0.452364
0.881998
0.099642
0.915156
0.975527
0.646045
0.355555
0.847082
0.518808
0.929193
0.3513
0.15885
0.211947
0.896268
0.061721
0.721922
0.203694
0.814358
0.626822
0.10507
0.471987
0.983245
0.318299
0.017053
0.213993
0.725819
0.592458
0.895111
0.787248
0.416905
0.79527
0.419343
0.845129
0.321721
0.404895
0.544226
0.53197
0.046907
0.865205
0.294898
0.082403
0.111705
0.134931
0.437069
0.373595
0.879616
0.549624
0.65124
0.555926
0.184044
0.847744
0.927425
0.48961
0.509161
0.281922
0.414278
0.66467
0.997963
0.528517
0.46366
0.914454
0.506236
0.855162
0.927652
0.145056
0.913091
0.609157
0.957583
0.837326
0.828248
0.094016
0.449767
0.210314
0.792249
0.350621
0.621963
0.320847
0.329369
0.417609
0.608516
0.780462
0.018838
0.09498
0.925024
0.68686
0.670982
0.700098
0.421593
0.031558
0.723065
0.605647
0.2521
0.567635
0.111739
0.47101
0.841559
0.654173
0.623153
0.267491
0.905491
0.82369
0.686366
0.14925
0.599468
0.082647
0.220086
0.752054
0.469373
0.10251
0.591739
0.06507
0.32278
0.208334
0.839515
0.81223
0.09614
0.703754
0.951256
0.289958
0.452051
0.714967
0.056787
0.792636
0.113146
0.732054
0.125927
0.274805
0.717531
0.697803
0.800585
0.096904
0.720737
0.519698
0.012907
0.629141
0.040041
0.544826
0.648066
0.663994
0.714391
0.229195
0.824886
0.135074
0.707693
0.973773
0.749454
0.382498
0.960363
0.972707
0.965133
0.986363
0.868256
0.173785
0.574102
0.671659
0.338334
0.9581
0.528508
0.397618
0.6561
0.212908
0.054975
0.616356
0.597461
0.893897
0.477391
0.37495
0.983595
0.336228
0.365715
0.699953
0.810181
0.020611
0.182278
0.306742
0.839523
0.010599
0.114881
0.964259
0.933271
0.557467
0.106729
0.822213
0.02924
0.819661
0.070599
0.718754
0.444098
0.220488
0.980641
0.452706
0.142658
0.29662
0.594863
0.687303
0.796285
0.400146
0.22455
0.276695
0.30484
0.981744
0.276808
0.396691
0.961615
0.75372
0.928667
0.607764
0.531091
0.012833
0.80232
0.221942
0.137375
0.220471
0.861135
0.574421
0.887806
0.757348
0.985856
0.118002
0.424413
0.835569
0.014753
0.514663
0.006011
0.585161
0.669264
0.030352
0.318766
0.941705
0.76133
0.290433
0.824886
0.677492
0.208788
0.726034
0.041526
0.068513
0.31586
0.103912
0.339203
0.876909
0.026386
0.351356
0.682535
0.178373
0.541244
0.201823
0.367095
0.843694
0.878884
0.025278
0.691144
0.266111
0.060694
0.764125
0.666263
0.894282
0.555379
0.632626
0.660548
0.12172
0.223145
0.162319
0.832428
0.12273
0.391273
0.451896
0.846316
0.199788
0.383516
0.221469
0.024532
0.417055
0.076943
0.387093
0.268806
0.843473
0.814199
0.272982
0.659729
0.101454
0.159892
0.092509
0.78926
0.764614
0.865095
0.763607
0.431612
0.641914
0.54733
0.273411
0.175041
0.845648
0.639384
0.244126
0.070798
0.103916
0.003146
0.234201
0.584948
0.805288
0.380002
0.217627
0.719904
0.447757
0.120281
0.769915
0.406969
0.057865
0.092227
0.74885
0.985194
0.391015
0.099974
0.193161
0.033529
0.753571
0.325378
0.588999
0.809385
0.929975
0.120704
0.600379
0.814307
0.673504
0.703474
0.985107
0.005161
0.146149
0.046158
0.742026
0.453134
0.268527
0.846502
0.285199
0.411614
0.370298
0.736134
0.958582
0.956825
0.969872
0.479994
0.297189
0.351993
0.088762
0.219632
0.56051
0.481742
0.171633
0.733788
0.021086
0.896046
0.283654
0.238713
0.943465
0.281746
0.145918
0.012232
0.36963
0.531057
0.190519
0.037748
0.296228
0.412106
0.676777
0.051001
0.673909
0.142159
0.383637
0.930714
0.677959
0.894859
0.673601
0.921117
0.345615
0.877946
0.633585
0.142947
0.018919
0.708565
0.973885
0.963474
0.684931
0.547078
0.085228
0.021678
0.09501
0.507033
0.093278
0.814419
0.347309
0.321585
0.446922
0.869362
0.765212
0.645406
0.443442
0.782984
0.247521
0.258416
0.253023
0.608841
0.052427
0.682659
0.9763
0.61486
0.964653
0.330938
0.870253
0.833208
0.49919
0.27026
0.394739
0.791094
0.751779
0.391817
0.306689
0.072163
0.300116
0.298583
0.412356
0.156118
0.269313
0.207614
0.970742
0.263948
0.178889
0.774114
0.596716
0.536561
0.145805
0.417141
0.388941
0.997183
0.837047
0.159166
0.435178
0.411163
0.310112
0.422723
0.675218
0.901852
0.108422
0.672752
0.781266
0.009826
0.367567
0.330318
0.438563
0.904067
0.505689
0.415347
0.813003
0.41652
0.966214
0.103562
0.287656
0.626911
0.725864
0.35217
0.440452
0.474794
0.05968
0.006056
0.902363
0.322994
0.9422
0.428137
0.570717
0.579747
0.293582
0.581562
0.101315
0.316822
0.112811
0.604882
0.789891
0.556545
0.048377
0.729746
0.825503
0.945351
0.461507
0.43699
0.465056
0.81129
0.953069
0.750287
0.801625
0.649907
0.424509
0.77103
0.284732
0.992187
0.181074
0.493098
0.281223
0.271827
0.813671
0.622079
0.804572
0.374812
0.943815
0.509303
0.130461
0.24494
0.600103
0.848976
0.649046
0.588735
0.190906
0.965572
0.890539
0.869879
0.506059
0.302626
0.487419
0.237781
0.903871
0.791922
0.86365
0.964043
0.431416
0.183446
0.863514
0.333337
0.004015
0.222974
0.800439
0.725825
0.894015
0.643963
0.790625
0.6796
0.236306
0.114728
0.853498
0.365305
0.941115
0.373281
0.543593
0.52821
0.162929
0.725244
0.887573
0.519015
0.988299
0.887537
0.842871
0.445421
0.522407
0.65851
0.672948
0.131481
0.961567
0.152879
0.993781
0.343811
0.675616
0.800328
0.00995
0.251019
0.820328
0.967639
0.670177
0.978255
0.255224
0.13248
0.761991
0.007652
0.067744
0.224274
0.5663
0.305465
0.27987
0.342539
0.173341
0.9967
0.230223
0.979763
0.349434
0.384841
0.101585
0.456759
0.852398
0.695584
0.141214
0.853939
0.209264
0.845639
0.719008
0.412853
0.399102
0.474004
0.612475
0.192737
0.027274
0.567559
0.623153
0.160064
0.086464
0.927927
0.650151
0.63101
0.598602
0.395193
0.151788
0.944132
0.264846
0.466461
0.530091
0.842732
0.956509
0.742393
0.502868
0.170637
0.563124
0.520954
0.29711
0.977315
0.463748
0.959484
0.062863
0.593026
0.057239
0.208501
0.32709
0.363409
0.796972
0.530266
0.073184
0.951937
0.61847
0.657407
0.435514
0.628617
0.970871
0.436734
0.615464
0.449647
0.839772
0.491129
0.67756
0.742115
0.93951
0.276915
0.09488
0.731633
0.246485
0.606176
0.961723
0.042126
0.848495
0.484978
0.978528
0.013922
0.472121
0.944517
0.200598
0.696649
0.281204
0.638834
0.539328
0.267034
0.229165
0.885004
0.896348
0.623874
0.592866
0.244705
0.283325
0.640091
0.48589
0.738094
0.683237
0.981518
0.447553
0.578533
0.29663
0.306853
0.924733
0.188447
0.23275
0.075347
0.622599
0.050165
0.243139
0.721299
0.597594
0.18707
0.04844
0.255957
0.669883
0.626824
0.462811
0.777054
0.397572
0.134181
0.091526
0.517379
0.57447
0.123866
0.225893
0.720547
0.315521
0.360523
0.537803
0.589385
0.179393
0.364459
0.617296
0.908559
0.250254
0.459906
0.738917
0.088453
0.815989
0.393667
0.555468
0.686904
0.621427
0.485199
0.84179
0.26073
0.004949
0.019943
0.633253
0.65797
0.54496
0.565798
0.680698
0.120473
0.509333
0.930412
0.80908
0.75383
0.405037
0.619146
0.947396
0.429671
0.945267
0.52365
0.784725
0.155905
0.290864
0.855855
0.546732
0.044994
0.031768
0.26905
0.723315
0.97744
0.956523
0.514177
0.154657
0.510241
0.198065
0.622362
0.25824
0.516091
0.703372
0.3444
0.614303
0.795482
0.331448
0.174404
0.113743
0.093313
0.758474
0.517069
0.65799
0.273462
0.340365
0.637397
0.910653
0.813838
0.457738
0.476963
0.11751
0.203727
0.585677
0.657388
0.475591
0.737716
0.119735
0.736163
0.904756
0.765404
0.182244
0.959204
0.431888
0.565558
0.549812
0.480858
0.333209
0.325509
0.883001
0.494237
0.520845
0.435232
0.434064
0.385734
0.08212
0.996203
0.990813
0.76709
0.969711
0.802047
0.687667
0.768205
0.226687
0.791651
0.316989
0.721922
0.761476
0.220875
0.883396
0.399285
0.27454
0.925301
0.787646
0.968036
0.564371
0.885347
0.267694
0.740114
0.815836
0.690118
0.229441
0.892846
0.801161
0.029431
0.373515
0.59666
0.046771
0.121206
0.029875
0.231447
0.541436
0.575602
0.694549
0.639579
0.277852
0.212981
0.399705
0.327073
0.192987
0.474841
0.75573
0.160359
0.731455
0.188139
0.567555
0.195073
0.832915
0.695808
0.172798
0.957143
0.229185
0.598538
0.948229
0.266712
0.761866
0.986113
0.305267
0.63706
0.076847
0.587622
0.025075
0.690773
0.339066
0.603979
0.156148
0.855477
0.441637
0.287913
0.572726
0.090705
0.205286
0.831868
0.017981
0.905356
0.856227
0.043456
0.719255
0.714555
0.724648
0.45048
0.812125
0.446205
0.017392
0.452341
0.492306
0.833241
0.583058
0.610024
0.202513
0.68959
0.142494
0.11866
0.892768
0.938868
0.949352
0.606157
0.297197
0.910286
0.235521
0.124441
0.901669
0.635758
0.662225
0.316155
0.868443
0.749901
0.439479
0.512855
0.778534
0.763792
0.184903
0.232315
0.994276
0.055956
0.438098
0.307381
0.058415
0.707764
0.290908
0.299233
0.595157
0.297726
0.855657
0.182566
0.219372
0.935964
0.219745
0.175111
0.256779
0.898515
0.077792
0.587658
0.489443
0.886548
0.244983
0.760582
0.444081
0.356378
0.903846
0.754668
0.471763
0.175775
0.385215
0.818278
0.776211
0.148119
0.994274
0.440206
0.016537
0.029779
0.734083
0.203284
0.876492
0.45933
0.489732
0.770083
0.445462
0.302655
0.399966
0.605194
0.40127
0.257617
0.394323
0.218911
0.948057
0.489189
0.073466
0.722716
0.83006
0.426203
0.432609
0.930913
0.907668
0.832301
0.751396
0.194443
0.958677
0.000339
0.078783
0.049653
0.954349
0.010858
0.252459
0.182377
0.33807
0.50435
0.285325
0.07952
0.794316
0.320349
0.734378
0.581477
0.481168
0.270851
0.271662
0.335349
0.415264
0.026724
0.122966
0.747331
0.141599
0.344374
0.831238
0.764543
0.223024
0.239848
0.187131
0.107197
0.885812
0.377111
0.418611
0.565598
0.810058
0.040121
0.519002
0.367633
0.196121
0.246233
0.436408
0.667562
0.914658
0.865379
0.469473
0.010676
0.915709
0.181193
0.53352
0.306282
0.24409
0.022251
0.616124
0.181518
0.622095
0.418105
0.991853
0.4036
0.418378
0.440539
0.315997
0.035036
0.714271
0.447309
0.495016
0.618521
0.38967
0.238078
0.382626
0.326069
0.391817
0.947758
0.578022
0.437214
0.981564
0.242625
0.546654
0.402753
0.484139
0.201394
0.068029
0.992632
0.93797
0.498796
0.736808
0.06137
0.444892
0.020053
0.924715
0.361065
0.697818
0.524519
0.811973
0.299604
0.538058
0.439504
0.300196
0.60119
0.905267
0.909739
0.310532
0.725407
0.490521
0.413187
0.511683
0.008647
0.247645
0.97017
0.829128
0.94692
0.579871
0.224489
0.917388
0.185753
0.60955
0.51673
0.907431
0.86206
0.958106
0.853193
0.338087
0.090846
0.849518
0.062227
0.337445
0.053897
0.343233
0.090825
0.291672
0.508151
0.869
0.308973
0.673391
0.338377
0.84654
0.225487
0.492894
0.365924
0.135902
0.061403
0.29007
0.526326
0.037075
0.313491
0.98257
0.978154
0.065877
0.801074
0.035339
0.787514
0.663076
0.693792
0.572316
0.372782
0.488795
0.839604
0.061414
0.136364
0.187047
0.591747
0.256245
0.339653
0.988666
0.724958
0.537259
0.85233
0.088037
0.716248
0.436228
0.632491
0.909407
0.20816
0.143261
0.135139
0.055437
0.39893
0.033623
0.342769
0.994606
0.023701
0.534461
0.944935
0.391085
0.289787
0.165441
0.4921
0.330327
0.939086
0.11704
0.842808
0.806301
0.471644
0.514785
0.763704
0.722518
0.940454
0.277792
0.596716
0.143345
0.551491
0.99379
0.789691
0.883021
0.044812
0.415094
0.939546
0.931927
0.502657
0.806606
0.124721
0.235058
0.801475
0.944226
0.959962
0.042654
0.015535
0.306152
0.957004
0.989749
0.857365
0.698548
0.271025
0.064486
0.572953
0.785974
0.412192
0.358892
0.043501
0.823723
0.205809
0.207415
0.63294
0.832347
0.81457
0.145322
0.906163
0.154363
0.289971
0.760044
0.835972
0.882467
0.073729
0.284959
0.556325
0.0976
0.197598
0.098431
0.435843
0.132399
0.486126
0.486579
0.445524
0.570548
0.270596
0.428287
0.672579
0.728198
0.42385
0.707848
0.606148
0.426708
0.996353
0.762274
0.161215
0.333671
0.510198
0.339228
0.655903
0.236712
0.509152
0.78943
0.034011
0.999283
0.392242
0.634394
0.954149
0.172676
0.052502
0.264861
0.375836
0.997778
0.994402
0.311109
0.687062
0.693515
0.53627
0.812375
0.752412
0.539366
0.533867
0.292232
0.401137
0.693439
0.328449
0.521831
0.523081
0.345694
0.026003
0.373758
0.833434
0.141049
0.401428
0.891871
0.799927
0.721374
0.090554
0.974819
0.955571
0.486844
0.70817
0.150747
0.54075
0.074974
0.920605
0.225881
0.608231
0.239413
0.482987
0.339815
0.267539
0.784103
0.760896
0.589872
0.762535
0.865129
0.213376
0.242476
0.147075
0.706076
0.904116
0.483173
0.039397
0.774846
0.956719
0.600799
0.347428
0.010411
0.144322
0.879925
0.144387
0.767267
0.557203
0.179975
0.408884
0.928944
0.329577
0.447547
0.784163
0.447604
0.784061
0.340406
0.901822
0.641051
0.773849
0.053872
0.271281
0.630079
0.478475
0.254828
0.924838
0.130174
0.218296
0.279929
0.9629
0.982272
0.122546
0.911525
0.103371
0.677475
0.495867
0.954367
0.901235
0.776126
0.885382
0.638892
0.332055
0.005261
0.444651
0.453477
0.116559
0.82481
0.643955
0.873108
0.871355
0.15436
0.866704
0.368801
0.549793
0.431555
0.347713
0.636915
0.382981
0.761884
0.482976
0.56329
0.747113
0.201204
0.232206
0.410528
0.207764
0.005634
0.896703
0.04808
0.733321
0.445289
0.846171
0.854615
0.236054
0.478465
0.870767
0.886281
0.182368
0.896684
0.97211
0.913666
0.187676
0.754765
0.360466
0.731013
0.33339
0.249048
0.281565
0.906743
0.237614
0.983622
0.914843
0.665848
0.321968
0.684813
0.328792
0.541213
0.663294
0.370865
0.724252
0.454834
0.854281
0.355826
0.299793
0.298695
0.733539
0.575559
0.665864
0.942346
0.463307
0.122673
0.917463
0.686398
0.289512
0.223478
0.377147
0.589298
0.288539
0.128921
9.3e-05
0.124509
0.759213
0.67047
0.652198
0.934179
0.26157
0.763953
0.032889
0.112754
0.676514
0.362899
0.073378
0.28527
0.246987
0.761145
0.212905
0.607044
0.1097
0.886493
0.224548
0.534866
0.0929
0.026058
0.658721
0.280042
0.846561
0.495291
0.18144
0.323025
0.641289
0.604862
0.015602
0.234672
0.545639
0.628289
0.058018
0.017634
0.660128
0.534443
0.664446
0.731957
0.365827
0.769949
0.270888
0.676049
0.30166
0.070793
0.571369
0.244803
0.177726
0.999985
0.836126
0.550273
0.53714
0.415918
0.852523
0.451913
0.286683
0.949492
0.05651
0.940911
0.392917
0.706419
0.859913
0.90336
0.556484
0.555692
0.109667
0.865297
0.550933
0.929754
0.550834
0.740038
0.215652
0.151324
0.922727
0.919088
0.489834
0.162086
0.552674
0.479134
0.912951
0.395218
0.861239
0.693957
0.680104
0.139111
0.45627
0.588634
0.844499
0.335416
0.239502
0.520604
0.063901
0.37433
0.347952
0.345537
0.161668
0.646308
0.078623
0.821338
0.544044
0.970973
0.728263
0.601373
0.23719
0.869036
0.509738
0.830054
0.816495
0.222834
0.680615
0.656759
0.807031
0.953799
0.909887
0.905784
0.231727
0.224413
0.371803
0.691772
0.633206
0.061453
0.393917
0.928622
0.875732
0.940197
0.775932
0.817302
0.322169
0.441458
0.046778
0.661439
0.292943
0.452169
0.356351
0.201044
0.876313
0.030139
0.859709
0.973969
0.816966
0.172549
0.452224
0.937408
0.153523
0.457128
0.305843
0.313102
0.914017
0.615746
0.477497
0.155309
0.572693
0.154402
0.740141
0.451491
0.573879
0.935039
0.774816
0.258059
0.695583
0.424586
0.267996
0.983383
0.270571
0.91091
0.661574
0.412131
0.397484
0.3079
0.681298
0.027897
0.782305
0.087852
0.234941
0.482351
0.844354
0.784003
0.593209
0.598234
0.227694
0.751921
0.39539
0.083462
0.861284
0.485815
0.894182
0.626975
0.871112
0.620539
0.037566
0.734608
0.392983
0.228316
0.66835
0.54255
0.111811
0.956084
0.112465
0.349212
0.029953
0.296825
0.789235
0.327077
0.498323
0.09022
0.224089
0.192785
0.425395
0.360949
0.35904
0.791702
0.948415
0.747813
0.758376
0.395717
0.423364
0.66924
0.56639
0.987195
0.684535
0.518852
0.234072
0.838865
0.224215
0.263985
0.768917
0.894739
0.732555
0.866928
0.212917
0.730445
0.801097
0.085925
0.876382
0.100599
0.921252
0.715505
0.081558
0.518027
0.197523
0.006705
0.155341
0.545914
0.554249
0.637125
0.733694
0.869711
0.214998
0.713598
0.998937
0.786243
0.530278
0.284467
0.596003
0.923746
0.017513
0.656148
0.008085
0.221806
0.840108
0.279383
0.996895
0.438832
0.548636
0.845977
0.358323
0.701703
0.054872
0.279957
0.696723
0.217245
0.168201
0.990625
0.500162
0.160721
0.879939
0.122599
0.027532
0.808946
0.432197
0.520777
0.411779
0.419674
0.999857
0.752086
0.622358
0.325954
0.213663
0.138482
0.530965
0.343275
0.516555
0.914916
0.12364
0.372228
0.720439
0.310144
0.980419
0.095448
0.894684
0.603306
0.932296
0.408659
0.023433
0.474879
0.645609
0.984237
0.105815
0.646052
0.927537
0.547637
0.970045
0.962181
0.54558
0.871343
0.964616
0.992471
0.085292
0.934413
0.835692
0.13138
0.264045
0.433183
0.072227
0.957823
0.192835
0.420071
0.392667
0.134733
0.850339
0.388562
0.752184
0.047379
0.129348
0.869284
0.115129
0.983596
0.604317
0.587766
0.625889
0.609223
0.524092
0.228244
0.362763
0.951922
0.875152
0.948544
0.563707
0.942133
0.3392
0.747333
0.774534
0.974146
0.57643
0.787455
0.347976
0.736265
0.124913
0.358939
0.774609
0.606703
0.712615
0.477959
0.251879
0.761834
0.074053
0.386741
0.611719
0.175567
0.422916
0.274444
0.083411
0.642679
0.576919
0.185364
0.547085
0.679615
0.918061
0.978714
0.587677
0.87585
0.824968
0.928673
0.111212
0.836476
0.002966
0.571731
0.876767
0.035258
0.501542
0.172774
0.969567
0.434708
0.879781
0.333666
0.049109
0.026411
0.123612
0.123951
0.208765
0.20457
0.287678
0.37562
0.8659
0.945133
0.033909
0.72854
0.952757
0.453395
0.809276
0.166863
0.345526
0.176949
0.49303
0.497022
0.41553
0.919597
0.493507
0.748907
0.129511
0.678198
0.855852
0.615941
0.502227
0.194859
0.3578
0.081565
0.308293
0.374989
0.948581
0.072636
0.72471
0.532144
0.841131
0.385352
0.154975
0.726079
0.498696
0.759962
0.698658
0.682786
0.76205
0.958567
0.721365
0.303824
0.227334
0.920507
0.993541
0.989034
0.05931
0.665291
0.339459
0.242843
0.450337
0.289724
0.507637
0.422223
0.089397
0.429347
0.058536
0.433241
0.817838
0.011469
0.818388
0.297809
0.848303
0.498672
0.323804
0.382685
0.764335
0.949548
0.561437
0.997445
0.987227
0.887656
0.050001
0.683742
0.489111
0.88872
0.940637
0.74468
0.480959
0.737537
0.837495
0.643762
0.397714
0.017825
0.237205
0.976815
0.945707
0.435794
0.856803
0.911192
0.1227
0.916848
0.484008
0.498792
0.233398
0.075986
0.571427
0.154078
0.041174
0.730429
0.915062
0.458826
0.555794
0.983828
0.140949
0.423507
0.581726
0.509252
0.443738
0.922654
0.125002
0.44036
0.088391
0.625535
0.540438
0.660477
0.847745
0.017924
0.545561
0.617245
0.209587
0.606642
0.956454
0.56878
0.077069
0.49984
0.67223
0.917955
0.566171
0.133859
0.458328
0.850044
0.066732
0.552971
0.321626
0.324485
0.69271
0.753058
0.303889
0.641432
0.281697
0.771582
0.60321
0.770604
0.200251
0.532019
0.944792
0.40261
0.937702
0.359441
0.012013
0.02833
0.923682
0.913151
0.124499
0.669465
0.813306
0.05844
0.945308
0.862843
0.20963
0.627324
0.470625
0.67282
0.7231
0.308191
0.616367
0.570141
0.392682
0.758985
0.065219
0.106093
0.244723
0.202568
0.598646
0.292542
0.139161
0.841316
0.173525
0.907855
0.457583
0.674589
0.210152
0.578149
0.200495
0.088431
0.968233
0.860754
0.61333
0.833183
0.407428
0.732235
0.090176
0.906779
0.256551
0.153017
0.056072
0.592507
0.883654
0.332986
0.771206
0.500376
0.285395
0.509912
0.976201
0.282631
0.233548
0.175937
0.868478
0.072587
0.075338
0.098876
0.550274
0.988841
0.062519
0.245003
0.320971
0.428832
0.640676
0.345647
0.900204
0.652933
0.821266
0.813339
0.487823
0.461307
0.077159
0.224915
0.56012
0.838346
0.948979
0.65421
0.173
0.926519
0.095998
0.172727
0.213971
0.225735
0.556919
0.880677
0.486831
0.542614
0.48031
0.269213
0.318815
0.436071
0.790618
0.536885
0.248891
0.970577
0.180857
0.333459
0.129817
0.957374
0.032432
0.14757
0.40657
0.622548
0.02274
0.616176
0.484955
0.394797
0.571652
0.683266
0.007803
0.17936
0.151265
0.633367
0.850839
0.952152
0.908397
0.542738
0.031025
0.388047
0.231652
0.257432
0.795196
0.623378
0.92901
0.146197
0.676995
0.873299
0.657611
0.114061
0.373699
0.870164
0.956208
0.11504
0.456911
0.521432
0.667859
0.501836
0.47119
0.990473
0.575761
0.632632
0.702412
0.296804
0.29621
0.384769
0.333105
0.782218
0.868354
0.906255
0.05249
0.572937
0.685724
0.605286
0.426685
0.538928
0.798555
0.719523
0.557469
0.039787
0.342875
0.670996
0.525964
0.106093
0.985292
0.109034
0.778748
0.667001
0.227244
0.772764
0.203532
0.261618
0.941089
0.197084
0.153384
0.027496
0.698988
0.901132
0.076397
0.028229
0.39656
0.872023
0.793675
0.329278
0.67171
0.808686
0.183452
0.007804
0.147303
0.015206
0.769103
0.106017
0.956817
0.370583
0.62754
0.3702
0.383991
0.395299
0.37587
0.991473
0.227744
0.998861
0.466336
0.202504
0.830352
0.806734
0.332553
0.182514
0.325853
0.173306
0.730601
0.75759
0.977176
0.18785
0.300548
0.381514
0.749649
0.515794
0.038106
0.655926
0.491547
0.512848
0.314616
0.042531
0.652385
0.212315
0.659471
0.807373
0.224929
0.145312
0.804238
0.698738
0.078197
0.879877
0.952491
0.345731
0.693977
0.371829
0.435091
0.582538
0.018306
0.288463
0.022574
0.145285
0.974333
0.707127
0.565742
0.422352
0.026756
0.240995
0.262956
0.947496
0.59666
0.572767
0.187544
0.974584
0.567681
0.863173
0.526294
0.569369
0.201687
0.068339
0.850722
0.084261
0.664874
0.091717
0.372074
0.372025
0.198433
0.741833
0.232861
0.452187
0.808901
0.253838
0.030719
0.269461
0.75344
0.94883
0.058232
0.316798
0.754633
0.563751
0.75951
0.039902
0.73485
0.96626
0.673491
0.866402
0.730856
0.225109
0.778198
0.249509
0.76117
0.405358
0.833509
0.066031
0.125558
0.706306
0.497737
0.296956
0.803666
0.493983
0.134029
0.894946
0.512621
0.930918
0.252985
0.718993
0.835471
0.314107
0.313491
0.950042
0.135664
0.330309
0.364148
0.744171
0.152049
0.466111
0.055723
0.485968
0.645957
0.31372
0.743852
0.469407
0.566965
0.592119
0.97173
0.28254
0.258636
0.623902
0.520221
0.909328
0.721376
0.243167
0.43183
0.085463
0.680455
0.67459
0.715352
0.906155
0.401185
0.5737
0.601483
0.994868
0.034985
0.431577
0.421436
0.840354
0.752206
0.140959
0.203814
0.807558
0.111115
0.226004
0.522373
0.281712
0.031596
0.560235
0.215527
0.544719
0.47833
0.801078
0.803847
0.292214
0.2961
0.424968
0.672067
0.335729
0.428539
0.161176
0.258761
0.872249
0.918502
0.961577
0.68461
0.653049
0.233907
0.42639
0.046043
0.345398
0.392624
0.719279
0.655081
0.598281
0.092754
0.477505
0.454681
0.065528
0.855765
0.68395
0.635329
0.266529
0.312265
0.645022
0.15101
0.337219
0.847073
0.054278
0.019002
0.3531
0.132192
0.122385
0.526321
0.474305
0.807238
0.552809
0.610993
0.847446
0.83229
0.081855
0.189375
0.916608
0.076291
0.134967
0.238617
0.027317
0.063733
0.1314
0.867446
0.281177
0.706627
0.157554
0.489541
0.759412
0.843982
0.359102
0.281558
0.388353
0.034795
0.074262
0.046566
0.79201
0.794271
0.112653
0.543068
0.150747
0.958123
0.797897
0.59705
0.222399
0.540329
0.824912
0.687827
0.487063
0.536774
0.695112
0.802814
0.631542
0.482622
0.833638
0.680266
0.882567
0.314831
0.981559
0.970476
0.092369
0.265184
0.614174
0.371634
0.700585
0.511554
0.260736
0.47721
0.484361
0.896673
0.492029
0.287672
0.121523
0.300412
0.334196
0.540454
0.940859
0.663109
0.981427
0.695619
0.293083
0.730203
0.683741
0.002419
0.826075
0.453973
0.20389
0.738323
0.310413
0.463796
0.985619
0.739502
0.743048
0.595886
0.212692
0.694479
0.784466
0.842567
0.016094
0.430112
0.4927
0.566198
0.084262
0.916865
0.763755
0.61361
0.138739
0.199392
0.054218
0.49648
0.065599
0.380076
0.545366
0.848474
0.975619
0.378145
0.528584
0.302711
0.080615
0.127592
0.121045
0.051542
0.383224
0.554237
0.233263
0.053697
0.005425
0.184174
0.589075
0.568933
0.777772
0.198374
0.269067
0.95381
0.411416
0.8772
0.997079
0.531095
0.879458
0.743482
0.325383
0.45209
0.093349
0.587537
0.39811
0.674485
0.425181
0.978365
0.257324
0.930438
0.847038
0.352534
0.316522
0.918519
0.528611
0.777444
0.609399
0.890992
0.913534
0.043152
0.469586
0.720284
0.174115
0.524567
0.504704
0.099373
0.602843
0.687178
0.719382
0.98818
0.244892
0.609263
0.605529
0.272214
0.296898
0.845564
0.069981
0.4068
0.275897
0.366729
0.451494
0.920991
0.713206
0.7177
0.065331
0.291574
0.303443
0.769829
0.177727
0.196009
0.568879
0.358752
0.890862
0.881897
0.760783
0.415695
0.7712
0.093628
0.538227
0.049094
0.87257
0.810539
0.209951
0.436935
0.16291
0.528837
0.994721
0.83712
0.057827
0.86643
0.661417
0.23976
0.963092
0.924759
0.727735
0.972873
0.259275
0.872482
0.798888
0.096007
0.375377
0.521965
0.13855
0.613948
0.813606
0.91581
0.600616
0.480256
0.476914
0.33797
0.019484
0.468988
0.739119
0.353416
0.927035
0.250611
0.529034
0.086533
0.960172
0.749287
0.371328
0.918524
0.752137
0.697677
0.938602
0.798744
0.789661
0.427151
0.97318
0.301756
0.879394
0.78344
0.648686
0.860544
0.90929
0.307706
0.607384
0.40309
0.112405
0.461606
0.333039
0.152014
0.605112
0.377894
0.914587
0.615368
0.450969
0.445978
0.297328
0.010393
0.84238
0.643947
0.870848
0.557023
0.769288
0.044263
0.958835
0.599748
0.315099
0.10143
0.036872
0.460438
0.841115
0.84463
0.076962
0.96665
0.511891
0.968964
0.321385
0.919164
0.166572
0.02738
0.721042
0.481588
0.952719
0.256728
0.058962
0.579262
0.618041
0.71325
0.481567
0.658846
0.314626
0.624121
0.78551
0.281864
0.27509
0.911068
0.272231
0.597482
0.93292
0.087508
0.156457
0.829249
0.947853
0.674235
0.705117
0.315578
0.173504
0.777805
0.718898
0.080047
0.387567
0.276319
0.989709
0.814737
0.365939
0.494484
0.316249
0.040938
0.705041
0.915836
0.065032
0.616999
0.502246
0.056045
0.545389
0.24369
0.877672
0.138101
0.705522
0.540924
0.363094
0.07677
0.742319
0.995429
0.224081
0.553371
0.795491
0.827996
0.866721
0.574935
0.603132
0.606659
0.148502
0.726055
0.471743
0.810788
0.232251
0.348462
0.732597
0.620956
0.990146
0.309746
0.49928
0.983749
0.152158
0.368823
0.658375
0.588625
0.713732
0.253087
0.862843
0.579953
0.864517
0.660725
0.427681
0.117302
0.803021
0.6141
0.869079
0.405211
0.697049
0.34016
0.586901
0.343988
0.443717
0.616985
0.753206
0.251801
0.515171
0.339117
0.140412
0.36552
0.064924
0.586656
0.39201
0.186284
0.532849
0.071092
0.885623
0.42962
0.893334
0.517763
0.3927
0.659393
0.947048
0.277216
0.797847
0.036139
0.860568
0.134231
0.319829
0.004675
0.407219
0.053977
0.988883
0.169214
0.92621
0.703776
0.752322
0.669431
0.124416
0.595102
0.385004
0.194059
0.933332
0.439594
0.013163
0.264733
0.464814
0.191714
0.040504
0.532314
0.219072
0.258306
0.466601
0.36691
0.094224
0.606811
0.161795
0.632061
0.299399
0.575792
0.055885
0.072153
0.850476
0.931551
0.260299
0.746768
0.669626
0.267644
0.892455
0.980792
0.100626
0.419293
0.172517
0.741509
0.176021
0.613479
0.71952
0.303278
0.175786
0.192589
0.507183
0.428542
0.808197
0.338789
0.23542
0.781536
0.469941
0.547469
0.289099
0.625174
0.974464
0.55943
0.190532
0.700272
0.704487
0.945454
0.000249
0.965734
0.862085
0.394825
0.750921
0.843221
0.878623
0.958204
0.519307
0.684599
0.219868
0.90649
0.945408
0.338166
0.624456
0.487231
0.536824
0.387153
0.739996
0.05802
0.061907
0.897416
0.051582
0.286233
0.446735
0.058668
0.049687
0.036111
0.430352
0.610542
0.546813
0.907818
0.285064
0.071606
0.654997
0.190963
0.595536
0.61951
0.701787
0.821588
0.252283
0.914125
0.818141
0.091819
0.259058
0.14203
0.555977
0.371135
0.597853
0.050997
0.228272
0.798907
0.082435
0.641393
0.019172
0.276978
0.295824
0.95329
0.85884
0.647648
0.953886
0.392193
0.813054
0.92194
0.98735
0.597952
0.368823
0.553996
0.190596
0.601236
0.197374
0.039066
0.368259
0.389465
0.268365
0.967071
0.074762
0.79982
0.38096
0.520843
0.913729
0.581103
0.471362
0.361115
0.384994
0.063825
0.92414
0.769068
0.038632
0.58306
0.339417
0.211925
0.665776
0.343544
0.907133
0.155226
0.733478
0.498931
0.890887
0.885149
0.561625
0.054885
0.240017
0.625298
0.315232
0.585939
0.298029
0.864754
0.141098
0.236264
0.931691
0.767132
0.986598
0.870897
0.625178
0.980139
0.025415
0.942615
0.230396
0.962825
0.962531
0.397274
0.235788
0.00428
0.784077
0.656311
0.813167
0.138248
0.781527
0.960994
0.436019
0.289704
0.792534
0.245884
0.631105
0.047994
0.028749
0.578123
0.377616
0.910396
0.065469
0.205796
0.418172
0.004678
0.397094
0.464205
0.701613
0.345813
0.739803
0.933277
0.077355
0.218119
0.475262
0.168051
0.906837
0.657581
0.140545
0.862457
0.068558
0.450056
0.292554
0.729154
0.363895
0.247216
0.048705
0.471731
0.631009
0.863005
0.115288
0.738473
0.937834
0.548272
0.785544
0.662728
0.496856
0.052106
0.157124
0.505128
0.438946
0.698835
0.872692
0.850543
0.166876
0.226505
0.400974
0.19942
0.971648
0.252109
0.359837
0.594445
0.359889
0.179631
0.833271
0.604674
0.342374
0.099699
0.262273
0.023237
0.775805
0.724923
0.663072
0.853939
0.9729
0.955851
0.375609
0.182216
0.788669
0.375433
0.081909
0.524372
0.503406
0.227944
0.041194
0.572333
0.51904
0.104515
0.954816
0.197662
0.744331
0.694019
0.652678
0.345832
0.268878
0.729323
0.845851
0.93693
0.19059
0.722779
0.940005
0.929406
0.763248
0.180315
0.524976
0.336886
0.015109
0.511319
0.909424
0.123958
0.863186
0.242101
0.919508
0.342996
0.26845
0.319914
0.462165
0.027869
0.041669
0.538453
0.843536
0.395902
0.423309
0.994366
0.341064
0.989051
0.979676
0.479685
0.256228
0.324666
0.466809
0.692125
0.912345
0.858304
0.806696
0.627487
0.924306
0.015615
0.826171
0.498914
0.131643
0.405746
0.951108
0.361843
0.935243
0.566993
0.446946
0.855203
0.540034
0.765499
0.666464
0.673151
0.818626
0.381293
0.019812
0.547227
0.92746
0.027556
0.482267
0.316487
0.858593
0.393388
0.742096
0.647233
0.280272
0.543653
0.164978
0.927177
0.493487
0.970096
0.725162
0.077905
0.006515
0.541457
0.67495
0.908403
0.015629
0.090186
0.036161
0.232579
0.35921
0.747093
0.832867
0.900804
0.683971
0.425907
0.479346
0.830041
0.078819
0.036516
0.961554
0.274639
0.824401
0.012274
0.979545
0.909526
0.154181
0.412563
0.608681
0.299846
0.505755
0.290422
0.267433
0.822941
0.997787
0.986936
0.504281
0.910056
0.124737
0.608126
0.828551
0.345682
0.783647
0.817
0.7509
0.590871
0.606819
0.333825
0.816411
0.319269
0.321223
0.935595
0.830442
0.785992
0.163762
0.892576
0.220903
0.764899
0.032803
0.747096
0.534502
0.411142
0.699315
0.443348
0.452621
0.473597
0.603207
0.310785
0.074187
0.991
0.941217
0.10516
0.420307
0.424949
0.671066
0.270846
0.08373
0.127982
0.018449
0.066667
0.488322
0.754872
0.964338
0.359282
0.625796
0.962198
0.448477
0.399979
0.267651
0.412851
0.432307
0.518937
0.671711
0.220351
0.512658
0.937072
0.430209
0.942549
0.364785
0.726044
0.383873
0.52691
0.989601
0.592349
0.142825
0.164949
0.053081
0.444797
0.824211
0.177641
0.922777
0.818719
0.55336
0.44404
0.96352
0.389199
0.452043
0.975922
0.115385
0.515535
0.582643
0.831729
0.854567
0.584613
0.334458
0.77848
0.130446
0.155123
0.393739
0.946417
0.24188
0.72774
0.960537
0.963563
0.914487
0.958128
0.625928
0.727997
0.278514
0.082539
0.331076
0.792112
0.935313
0.945799
0.875574
0.755839
0.655805
0.902609
0.903401
0.504665
0.915719
0.013651
0.069618
0.80813
0.761938
0.382614
0.526725
0.375441
0.527243
0.990419
0.597099
0.176976
0.57691
0.792799
0.067016
0.026081
0.155015
0.214205
0.360294
0.04674
0.613077
0.406071
0.596811
0.246613
0.779868
0.231434
0.260718
0.938366
0.308207
0.962038
0.341095
0.821025
0.384061
0.864649
0.402003
0.987732
0.703881
0.802994
0.314968
0.166281
0.020874
0.527347
0.705289
0.653977
0.357153
0.328424
0.945027
0.441197
0.17785
0.082149
0.627519
0.780816
0.921266
0.998535
0.976104
0.083382
0.51594
0.361512
0.075813
0.87298
0.27638
0.61756
0.371043
0.505955
0.028037
0.433835
0.650481
0.961727
0.735429
0.838955
0.318412
0.951404
0.812849
0.444966
0.626585
0.819376
0.054431
0.56181
0.304786
0.112669
0.995938
0.522068
0.875422
0.318479
0.582429
0.863794
0.26896
0.283393
0.420614
0.471391
0.70894
0.688832
0.640746
0.779815
0.085803
0.646965
0.790209
0.970738
0.974462
0.257746
0.832418
0.707669
0.890846
0.583968
0.334999
0.933988
0.823806
0.163221
0.556601
0.57039
0.015142
0.836986
0.069546
0.660154
0.246237
0.198179
0.699242
0.835352
0.127566
0.866816
0.310061
0.777407
0.510232
0.436442
0.249155
0.510071
0.548281
0.921402
0.645436
0.141665
0.8853
0.532225
0.420037
0.914256
0.062836
0.628109
0.903855
0.891162
0.916588
0.388402
0.682229
0.368867
0.594777
0.642504
0.994885
0.605316
0.470208
0.574896
0.918282
0.34851
0.836059
0.42522
0.815566
0.30474
0.340833
0.120412
0.149833
0.672798
0.960121
0.528685
0.441278
0.25858
0.110457
0.417096
0.907048
0.934715
0.059336
0.40649
0.679108
0.653279
0.874705
0.965389
0.149984
0.122973
0.131307
0.154604
0.251874
0.47193
0.484095
0.158464
0.817553
0.6969
0.85938
0.823903
0.66149
0.192464
0.623634
0.861954
0.129246
0.03322
0.602676
0.868027
0.814856
0.325231
0.995553
0.207279
0.101557
0.430071
0.164848
0.288892
0.056914
0.358891
0.452788
0.044672
0.371104
0.363563
0.792702
0.96227
0.002269
0.74671
0.105638
0.377127
0.756881
0.841343
0.617663
0.776966
0.686721
0.497388
0.362379
0.504502
0.53316
0.927711
0.733633
0.679095
0.774283
0.903192
0.355001
0.744832
0.465484
0.856592
0.489856
0.962022
0.756927
0.202014
0.038431
0.432028
0.267225
0.661868
0.004139
0.41638
0.894102
0.794847
0.94113
0.036288
0.948174
0.818834
0.704702
0.404879
0.877168
0.266953
0.729944
0.494994
0.742948
0.253456
0.419659
0.076832
0.461483
0.991687
0.572413
0.135924
0.882362
0.77876
0.610164
0.129876
0.540025
0.940949
0.091718
0.703675
0.314586
0.360857
0.334885
0.470057
0.993429
0.78814
0.290021
0.961733
0.264665
0.089123
0.263566
0.61358
0.988945
0.274719
0.515077
0.642179
0.546865
0.718855
0.124982
0.97582
0.725832
0.697097
0.741929
0.051521
0.489174
0.483567
0.84611
0.50168
0.924509
0.638991
0.336642
0.109952
0.059665
0.3322
0.087259
0.811085
0.509593
0.868118
0.333998
0.121003
0.87692
0.331071
0.495485
0.425894
0.745191
0.863714
0.328842
0.527231
0.4306
0.39756
0.114949
0.213374
0.292523
0.016618
0.11193
0.104335
0.389304
0.851517
0.123899
0.101881
0.901697
0.794174
0.9267
0.510029
0.266668
0.885977
0.695904
0.932028
0.836376
0.052118
0.27338
0.801548
0.654278
0.354456
0.888963
0.091007
0.296651
0.250913
0.095812
0.208411
0.422388
0.071789
0.001618
0.210625
0.124202
0.279148
0.882384
0.361471
0.818097
0.846291
0.746593
0.890216
0.461477
0.473478
0.38448
0.421649
0.022529
0.674318
0.887565
0.144965
0.68528
0.730154
0.923959
0.795216
0.686356
0.256024
0.073611
0.482459
0.69017
0.917608
0.169995
0.353622
0.40209
0.847435
0.630663
0.616305
0.021037
0.203629
0.26226
0.095278
0.498646
0.49725
0.020886
0.630808
0.667855
0.722696
0.768296
0.038731
0.056655
0.889956
0.912648
0.133957
0.621315
0.705708
0.018591
0.927088
0.848788
0.051334
0.66329
0.65302
0.885458
0.068743
0.403813
0.042044
0.070354
0.677747
0.36618
0.239151
0.230995
0.830043
0.543453
0.389283
0.22931
0.190625
0.370662
0.645236
0.00524
0.327407
0.018882
0.657039
0.904528
0.423927
0.124854
0.543115
0.520547
0.69778
0.745584
0.067512
0.27766
0.771805
0.082493
0.63599
0.523098
0.059406
0.476706
0.404802
0.121147
0.422638
0.52413
0.619724
0.970965
0.352957
0.190039
0.17876
0.318321
0.552092
0.036519
0.476496
0.662381
0.950028
0.662512
0.688434
0.950596
0.287229
0.662373
0.646096
0.084371
0.506817
0.332031
0.071445
0.299134
0.91609
0.316161
0.501507
0.745961
0.519486
0.050573
0.840952
0.233917
0.194092
0.663578
0.014822
0.918792
0.94605
0.129206
0.326752
0.075647
0.628522
0.347198
0.870133
0.904363
0.285748
0.322059
0.932527
0.63871
0.628074
0.47841
0.522188
0.261678
0.557377
0.467538
0.41603
0.369538
0.376014
0.007195
0.551516
0.142567
0.077432
0.889702
0.641696
0.259977
0.711791
0.469772
0.220593
0.453918
0.539013
0.441843
0.218439
0.929289
0.67101
0.062428
0.19359
0.802769
0.552547
0.76728
0.492303
0.705268
0.048775
0.910798
0.399982
0.383109
0.914443
0.547372
0.302363
0.137053
0.813661
0.034775
0.209579
0.934642
0.443141
0.179994
0.674983
0.566498
0.560407
0.321782
0.537804
0.405397
0.163338
0.655956
0.708606
0.066628
0.596838
0.121674
0.705277
0.883792
0.158896
0.464963
0.314668
0.034383
0.202058
0.781678
0.971702
0.976298
0.868132
0.335369
0.340845
0.331624
0.549215
0.527267
0.054417
0.144038
0.552728
0.988916
0.520703
0.080314
0.777892
0.643062
0.72348
0.913046
0.322072
0.934297
0.652182
0.410105
0.165795
0.288916
0.783848
0.376455
0.371669
0.894891
0.498232
0.882809
0.490269
0.119284
0.852042
0.920068
0.581985
0.81617
0.234411
0.476731
0.459379
0.593405
0.370149
0.358125
0.084217
0.54001
0.043174
0.935417
0.90141
0.492107
0.177408
0.212836
0.000175
0.127622
0.145723
0.874965
0.295657
0.318128
0.810441
0.656663
0.572384
0.51931
0.297985
0.130556
0.660809
0.116706
0.390207
0.739983
0.673348
0.496488
0.356149
0.183755
0.116676
0.18669
0.656882
0.919877
0.770442
0.567182
0.927537
0.531344
0.364042
0.446556
0.949697
0.244067
0.397094
0.159993
0.56277
0.29686
0.723078
0.906233
0.046362
0.407273
0.38599
0.204067
0.396821
0.243033
0.655754
0.343307
0.358527
0.770758
0.893981
0.726953
0.573111
0.050679
0.279832
0.199592
0.296621
0.200529
0.532482
0.724018
0.341372
0.513851
0.959035
0.829402
0.965537
0.640165
0.848849
0.734101
0.33574
0.892511
0.656223
0.388501
0.829004
0.73228
0.009911
0.410993
0.03399
0.043602
0.158544
0.419625
0.193612
0.035628
0.297582
0.433813
0.495999
0.590122
0.006114
0.167567
0.707623
0.427004
0.509066
0.92707
0.396506
0.006337
0.374409
0.735162
0.728022
0.35954
0.315176
0.454702
0.232842
0.140038
0.216786
0.598025
0.28172
0.511963
0.746912
0.423191
0.028623
0.775845
0.11388
0.772319
0.40044
0.364937
0.221899
0.698244
0.73691
0.793961
0.205176
0.642966
0.362572
0.305356
0.156088
0.065265
0.093702
0.252927
0.312353
0.812554
0.174646
0.052653
0.927044
0.004207
0.667758
0.153324
0.766186
0.606415
0.460933
0.90477
0.059501
0.945303
0.416456
0.940136
0.763857
0.179028
0.598857
0.96282
0.857224
0.877582
0.491144
0.140914
0.554729
0.106767
0.972566
0.324137
0.200867
0.878706
0.321342
0.221835
0.822811
0.982357
0.294438
0.140374
0.860578
0.112396
0.439787
0.693506
0.418335
0.855655
0.826863
0.135112
0.644835
0.593431
0.56826
0.588618
0.631241
0.911984
0.913343
0.688267
0.623833
0.56241
0.868568
0.540179
0.999112
0.708403
0.841556
0.387065
0.856595
0.415443
0.476516
0.324774
0.423605
0.30432
0.510879
0.769966
0.376528
0.094333
0.087938
0.09285
0.279627
0.543071
0.558811
0.509723
0.132865
0.922963
0.681075
0.79014
0.234914
0.373052
0.760579
0.514105
0.644557
0.057747
0.35841
0.124283
0.268691
0.915234
0.627358
0.902822
0.07414
0.467158
0.569318
0.878452
0.820827
0.994581
0.301733
0.879296
0.910508
0.991509
0.289124
0.082744
0.782088
0.185452
0.935643
0.671131
0.817861
0.557053
0.34695
0.073725
0.209644
0.708194
0.722622
0.915435
0.801969
0.328375
0.256539
0.344347
0.513541
0.176732
0.651838
0.337204
0.967585
0.929199
0.422155
0.234655
0.582398
0.838152
0.217933
0.226847
0.215467
0.781262
0.272305
0.685899
0.949561
0.704249
0.176285
0.173762
0.238552
0.244842
0.279467
0.844847
0.330273
0.314737
0.102193
0.122333
0.868137
0.385323
0.657035
0.361038
0.791991
0.994046
0.100923
0.926344
0.915541
0.227381
0.195207
0.85914
0.483278
0.760695
0.004262
0.79911
0.436577
0.268346
0.898676
0.71528
0.646482
0.185274
0.404386
0.552819
0.085804
0.366639
0.982742
0.576905
0.445536
0.222383
0.521009
0.617356
0.600939
0.853619
0.094441
0.364155
0.525696
0.266172
0.285136
0.803961
0.54025
0.187531
0.339004
0.641555
0.012309
0.407482
0.41952
0.267595
0.054513
0.653362
0.964539
0.094061
0.10764
0.371595
0.497515
0.796599
0.600963
0.567624
0.030332
0.937925
0.121448
0.840554
0.496816
0.584809
0.737804
0.998446
0.84799
0.864374
0.021604
0.022948
0.815139
0.892178
0.197851
0.335134
0.170419
0.151461
0.056599
0.479391
0.08377
0.155285
0.573831
0.362636
0.081811
0.602412
0.432457
0.379514
0.057054
0.649598
0.851559
0.271505
0.738731
0.08109
0.188319
0.47577
0.467384
0.879561
0.372161
0.325951
0.467579
0.369589
0.480663
0.406895
0.270079
0.397601
0.683711
0.933759
0.039106
0.08739
0.877446
0.388495
0.418443
0.607566
0.856153
0.480206
0.906088
0.769969
0.057734
0.858685
0.316811
0.008157
0.173118
0.055142
0.737775
0.4968
0.234945
0.843714
0.23376
0.154439
0.579254
0.465366
0.805663
0.691259
0.283559
0.858448
0.292957
0.356793
0.335873
0.367719
0.386029
0.623964
0.539666
0.456444
0.888708
0.05336
0.374153
0.29702
0.474194
0.554066
0.989602
0.770934
0.195187
0.379368
0.4129
0.775873
0.897897
0.083746
0.508713
0.923922
0.200744
0.518968
0.109031
0.151919
0.40339
0.882161
0.952882
0.63243
0.338498
0.859625
0.204059
0.484342
0.734712
0.064962
0.052809
0.753363
0.681556
0.261584
0.587329
0.185903
0.173856
0.087996
0.456645
0.782001
0.616137
0.146687
0.357134
0.369133
0.28024
0.40293
0.458671
0.71114
0.876665
0.442008
0.641868
0.823083
0.779985
0.170594
0.082317
0.74759
0.387302
0.170729
0.771247
0.617947
0.163359
0.185695
0.81166
0.268432
0.975578
0.153283
0.093585
0.039882
0.685002
0.27581
0.772753
0.736828
0.558721
0.253716
0.18689
0.87771
0.555231
0.636636
0.229896
0.453848
0.286112
0.054376
0.144668
0.378247
0.20181
0.821046
0.310484
0.297697
0.333106
0.463393
0.270569
0.301512
0.917435
0.436006
0.14293
0.704496
0.368056
0.169216
0.47682
0.26871
0.374848
0.816053
0.090174
0.202342
0.333515
0.131642
0.811297
0.71086
0.590293
0.860837
0.756246
0.155692
0.727351
0.899958
0.637799
0.749187
0.795825
0.474729
0.840597
0.873828
0.658999
0.222784
0.404837
0.634151
0.772441
0.857963
0.523235
0.076957
0.7905
0.857028
0.254101
0.303415
0.593147
0.470696
0.263792
0.356576
0.841268
0.616177
0.221485
0.171109
0.750796
0.237133
0.594639
0.692029
0.219699
0.853197
0.610403
0.476452
0.744219
0.152155
0.224036
0.148703
0.0366
0.200117
0.318075
0.240175
0.443403
0.890549
0.402955
0.234235
0.008126
0.713098
0.133983
0.642851
0.383026
0.503935
0.061405
0.126446
0.689335
0.526386
0.854687
0.148982
0.026523
0.851963
0.774254
0.810764
0.113973
0.584259
0.503967
0.689809
0.135581
0.558966
0.373254
0.60851
0.146466
0.953102
0.686014
0.475803
0.115303
0.154858
0.727193
0.951566
0.532203
0.215971
0.201421
0.854713
0.209185
0.195433
0.180413
0.189801
0.836905
0.826623
0.968015
0.509093
0.915794
0.038671
0.573197
0.243321
0.809569
0.773752
0.015773
0.595921
0.874486
0.535981
0.277543
0.629592
0.421214
0.408556
0.392517
0.06463
0.079903
0.900041
0.546558
0.780874
0.945303
0.394276
0.474986
0.107388
0.276002
0.264573
0.428121
0.819385
0.363818
0.661033
0.463207
0.674315
0.134689
0.470622
0.892774
0.801102
0.267755
0.500589
0.921343
0.984195
0.322566
0.714446
0.08101
0.34948
0.225039
0.077266
0.455025
0.398308
0.957491
0.818443
0.938145
0.539945
0.080679
0.963931
0.627133
0.758426
0.880247
0.333955
0.78881
0.221429
0.67483
0.489243
0.901809
0.096173
0.257372
0.85248
0.656704
0.834487
0.737945
0.069847
0.851216
0.810792
0.915588
0.752639
0.301058
0.030961
0.195526
0.487312
0.268556
0.780391
0.717868
0.326188
0.245149
0.420059
0.558688
0.938393
0.702875
0.500859
0.157361
0.673019
0.070084
0.143537
0.706765
0.567698
0.44884
0.405357
0.26933
0.514304
0.30396
0.770067
0.861484
0.972439
0.398405
0.799983
0.743161
0.566286
0.568811
0.49684
0.686224
0.854621
0.161684
0.763367
0.363236
0.227413
0.703591
0.688897
0.390318
0.155988
0.743904
0.396431
0.611587
0.086838
0.040123
0.269645
0.050569
0.344215
0.439521
0.835192
0.741414
0.490616
0.125735
0.127609
0.233804
0.553172
0.125885
0.270493
0.313806
0.652835
0.525706
0.035243
0.820457
0.502278
0.234556
0.14833
0.224117
0.130476
0.076228
0.519002
0.085137
0.468105
0.208713
0.775712
0.501115
0.293879
0.790549
0.626976
0.010351
0.627303
0.41487
0.146793
0.416042
0.006896
0.300705
0.097719
0.854617
0.210653
0.764792
0.31575
0.577328
0.559539
0.087601
0.69036
0.71348
0.221214
0.22281
0.044348
0.795633
0.307689
0.229217
0.887462
0.684082
0.019132
0.146532
0.598659
0.101351
0.45292
0.525529
0.055165
0.569107
0.218334
0.855441
0.635435
0.154482
0.304129
0.739082
0.620577
0.531005
0.791461
0.557822
0.732448
0.608544
0.598477
0.489312
0.1589
0.016129
0.004922
0.373984
0.283014
0.630681
0.614946
0.502363
0.445123
0.118627
0.45823
0.505313
0.521019
0.141782
0.785256
0.646614
0.204561
0.265401
0.22517
0.272572
0.810251
0.381911
0.814196
0.337553
0.80224
0.30844
0.268176
0.671716
0.630886
0.195298
0.374479
0.565939
0.476665
0.847783
0.456713
0.739178
0.192045
0.964488
0.751694
0.463727
0.227
0.742354
0.374595
0.197944
0.728186
0.328676
0.768166
0.344908
0.397749
0.445077
0.085216
0.449646
0.7184
0.047002
0.703446
0.763308
0.494431
0.531406
0.510219
0.901504
0.609857
0.889893
0.552002
0.910237
0.271491
0.090625
0.162948
0.99038
0.881898
0.349542
0.667987
0.012516
0.487386
0.952769
0.602323
0.039105
0.684188
0.231917
0.749877
0.441787
0.443351
0.543428
0.596577
0.766633
0.513912
0.979264
0.311981
0.307597
0.414314
0.196526
0.371736
0.349114
0.357787
0.422478
0.125054
0.299346
0.320811
0.969171
0.074917
0.303109
0.75777
0.782857
0.570256
0.551803
0.388361
0.475453
0.426313
0.530169
0.160371
0.343198
0.27548
0.247102
0.858998
0.722187
0.11494
0.862075
0.742171
0.644662
0.330593
0.824058
0.022192
0.879592
0.664972
0.776839
0.803058
0.215555
0.973191
0.456375
0.913696
0.811207
0.895497
0.082669
0.116311
0.386305
0.857122
0.676042
0.665542
0.462074
0.552592
0.532536
0.808986
0.842863
0.182467
0.352254
0.633412
0.996532
0.048213
0.13735
0.355959
0.714192
0.912556
0.653595
0.964645
0.19263
0.484869
0.319551
0.035605
0.794381
0.864607
0.097613
0.654132
0.243803
0.716774
0.878824
0.868381
0.37081
0.273189
0.47586
0.050525
0.696123
0.21145
0.172852
0.837212
0.263487
0.700526
0.251007
0.456068
0.343153
0.665437
0.245136
0.034571
0.952899
0.033327
0.236773
0.484172
0.069442
0.005894
0.931547
0.722426
0.630086
0.425234
0.597253
0.741145
0.269203
0.985559
0.751901
0.806267
0.223081
0.157174
0.188667
0.794341
0.89037
0.004188
0.094083
0.969578
0.118309
0.620101
0.691836
0.266337
0.643993
0.761935
0.823457
0.000664
0.978834
0.798158
0.657292
0.923504
0.774627
0.928214
0.717521
0.378196
0.975574
0.320346
0.173957
0.110136
0.053913
0.532036
0.532404
0.659799
0.114029
0.479784
0.712869
0.38828
0.319129
0.669019
0.08801
0.943765
0.289728
0.151986
0.556644
0.517751
0.275869
0.617715
0.273522
0.679564
0.289217
0.282162
0.14492
0.164566
0.148995
0.533677
0.861488
0.289578
0.011803
0.025666
0.660625
0.925349
0.513942
0.194494
0.055294
0.595938
0.026151
0.268311
0.465748
0.463338
0.652594
0.303475
0.063016
0.752425
0.090839
0.712524
0.118472
0.179215
0.742736
0.439855
0.406117
0.378962
0.037492
0.467661
0.264374
0.559409
0.915366
0.246365
0.501475
0.317494
0.17845
0.079789
0.331445
0.239863
0.404651
0.45335
0.312097
0.78574
0.078415
0.06259
0.263442
0.574726
0.83729
0.763419
0.930939
0.449148
0.873476
0.618889
0.260604
0.865648
0.124739
0.470765
0.802264
0.530212
0.310268
0.016486
0.835908
0.456288
0.192286
0.351265
0.422851
0.98582
0.600172
0.54242
0.304859
0.355691
0.789752
0.385222
0.844333
0.320335
0.841855
0.404317
0.106294
0.935527
0.014887
0.105887
0.296093
0.242006
0.028457
0.61281
0.294048
0.038423
0.53174
0.312417
0.90943
0.847249
0.044951
0.592455
0.479379
0.764347
0.998782
0.999174
0.253507
0.284161
0.069607
0.308112
0.34199
0.030798
0.201528
0.2512
0.159517
0.107998
0.389698
0.540828
0.587895
0.411685
0.324571
0.71264
0.567578
0.12416
0.720865
0.512597
0.220788
0.06759
0.905696
0.207509
0.631764
0.196563
0.979033
0.945611
0.464493
0.565378
0.211865
0.186481
0.566099
0.597444
0.776216
0.22994
0.010652
0.541196
0.46602
0.931404
0.805913
0.881148
0.055178
0.127378
0.526705
0.720316
0.426124
0.703779
0.82184
0.540989
0.221555
0.249171
0.806807
0.715042
0.732341
0.393351
0.220781
0.694785
0.963828
0.272166
0.227183
0.828987
0.992439
0.529656
0.401599
0.011011
0.102622
0.835277
0.012596
0.325901
0.229249
0.770214
0.960504
0.952617
0.188264
0.354564
0.005963
0.439979
0.130565
0.686773
0.296205
0.800771
0.488433
0.609331
0.729084
0.821934
0.620611
0.893157
0.923602
0.553328
0.555705
0.283987
0.836598
0.466112
0.485481
0.147622
0.981192
0.84289
0.05499
0.763496
0.496749
0.691566
0.512143
0.642589
0.872281
0.389219
0.101654
0.39894
0.22824
0.66774
0.520037
0.25452
0.963339
0.5974
0.840048
0.147999
0.746719
0.359846
0.491466
0.490124
0.842586
0.441047
0.02584
0.327961
0.418803
0.701649
0.823681
0.177564
0.54994
0.641499
0.288375
0.892029
0.485271
0.151728
0.435368
0.755152
0.494231
0.589289
0.75745
0.694427
0.695592
0.478297
0.034745
0.254331
0.21933
0.573431
0.230933
0.767319
0.329087
0.041151
0.475778
0.532049
0.320673
0.937434
0.929324
0.507952
0.875365
0.302132
0.196531
0.897309
0.944987
0.386714
0.555394
0.49407
0.961266
0.080669
0.898992
0.471131
0.155376
0.620674
0.264281
0.78471
0.427385
0.278199
0.689834
0.884471
0.679122
0.658054
0.498857
0.103471
0.458119
0.895013
0.217178
0.772051
0.92559
0.827016
0.467979
0.4625
0.293882
0.064203
0.612627
0.408057
0.387467
0.588702
0.387965
0.587933
0.669692
0.89335
0.029903
0.54378
0.609497
0.052037
0.787533
0.64162
0.302838
0.555858
0.486236
0.358491
0.236166
0.247866
0.436698
0.828894
0.988549
0.289508
0.03877
0.429031
0.038277
0.336972
0.768052
0.598935
0.049536
0.786166
0.711814
0.732958
0.728895
0.49951
0.611381
0.210663
0.68186
0.087251
0.513229
0.99918
0.453498
0.951196
0.261411
0.384017
0.994781
0.381052
0.092768
0.175761
0.573671
0.504762
0.05502
0.695337
0.635899
0.421272
0.152955
0.093319
0.269197
0.27141
0.947202
0.836658
0.942618
0.871525
0.592116
0.869315
0.616704
0.472184
0.159669
0.129493
0.495418
0.384042
0.674825
0.418141
0.98717
0.282368
0.494074
0.648778
0.478127
0.666515
0.919533
0.591749
0.283478
0.01093
0.421221
0.452942
0.145773
0.422192
0.27533
0.05343
0.474504
0.064331
0.688956
0.643442
0.434844
0.663576
0.720936
0.025878
0.459467
0.557656
0.703574
0.966582
0.784016
0.820219
0.859619
0.063464
0.585003
0.506611
0.80077
0.109315
0.880746
0.060634
0.764028
0.537187
0.922602
0.785248
0.286591
0.341542
0.010991
0.870344
0.861961
0.017193
0.261716
0.557493
0.583715
0.359562
0.380996
0.751988
0.422335
0.380195
0.750008
0.858639
0.50546
0.975612
0.471297
0.12126
0.353712
0.485772
0.40556
0.585695
0.646945
0.245196
0.746302
0.930297
0.292752
0.258454
0.121548
0.355541
0.882353
0.470125
0.078522
0.133802
0.187182
0.878487
0.037293
0.211168
0.790077
0.394884
0.812868
0.927531
0.771901
0.52026
0.274453
0.113668
0.780183
0.523664
0.859803
0.297664
0.4515
0.758337
0.200659
0.526317
0.178415
0.381653
0.42035
0.420046
0.451257
0.959948
0.869112
0.639883
0.14656
0.576042
0.397489
0.81766
0.621922
0.252284
0.563842
0.85807
0.571507
0.494684
0.968969
0.812277
0.705544
0.106145
0.739363
0.774488
0.374055
0.651848
0.800415
0.55597
0.984131
0.672533
0.126869
0.525291
0.649647
0.449259
0.973697
0.553854
0.107364
0.960798
0.72621
0.063491
0.321184
0.386074
0.00527
0.82247
0.661311
0.669298
0.124036
0.116555
0.462982
0.493168
0.520114
0.88308
0.060052
0.079602
0.442557
0.263716
0.022379
0.921118
0.618514
0.034027
0.637297
0.818775
0.32505
0.542505
0.861514
0.762921
0.207449
0.486465
0.283723
0.481629
0.710341
0.289888
0.979642
0.828807
0.986046
0.309341
0.007058
0.703558
0.6624
0.491745
0.0351
0.417302
0.531711
0.467399
0.450643
0.374888
0.470724
0.531139
0.106207
0.557525
0.303431
0.481621
0.726245
0.281987
0.708886
0.721744
0.133104
0.233286
0.470311
0.44935
0.634404
0.122019
0.728563
0.943938
0.451507
0.235028
0.072328
0.561881
0.978553
0.364072
0.135461
0.604661
0.13183
0.755296
0.23304
0.299262
0.153943
0.949864
0.842535
0.000742
0.954453
0.785146
0.511635
0.60592
0.680014
0.289938
0.436719
0.681533
0.849323
0.978537
0.15906
0.822373
0.10205
0.42125
0.224049
0.070389
0.359384
0.490884
0.145672
0.910073
0.87473
0.397346
0.864419
0.645323
0.12101
0.555864
0.037908
0.227067
0.793829
0.35481
0.939133
0.204867
0.298303
0.743383
0.399898
0.512625
0.835825
0.016297
0.117482
0.96406
0.932158
0.474313
0.713019
0.260108
0.570892
0.137665
0.800464
0.002886
0.660871
0.346515
0.342877
0.626008
0.626792
0.959362
0.143916
0.435584
0.490996
0.814093
0.089232
0.941891
0.536277
0.208104
0.682564
0.698403
0.229897
0.804571
0.92719
0.99084
0.38353
0.77982
0.360764
0.952588
0.225765
0.522746
0.808171
0.119881
0.900535
0.925522
0.219383
0.200465
0.59845
0.522542
0.952719
0.019039
0.854536
0.743669
0.797621
0.866777
0.30494
0.842115
0.95238
0.691755
0.999541
0.880379
0.095369
0.509732
0.458186
0.100497
0.876042
0.220357
0.531249
0.88144
0.162856
0.821189
0.059897
0.359544
0.929957
0.839847
0.044013
0.097761
0.797649
0.495055
0.1153
0.244478
0.885482
0.760266
0.513728
0.794902
0.395426
0.518797
0.357382
0.103204
0.074264
0.371385
0.172555
0.369749
0.468087
0.374741
0.919983
0.078112
0.431991
0.093229
0.698677
0.923798
0.487242
0.631564
0.643897
0.08116
0.322077
0.529294
0.241921
0.768368
0.809255
0.220014
0.95791
0.694299
0.49013
0.638363
0.246689
0.863044
0.440119
0.43453
0.575335
0.953596
0.83816
0.193412
0.722577
0.221663
0.836257
0.896961
0.849439
0.280671
0.900008
0.491025
0.094514
0.208847
0.428233
0.626241
0.348446
0.622479
0.225133
0.802037
0.970274
0.891902
0.12466
0.526759
0.637809
0.450666
0.560518
0.062461
0.288271
0.02483
0.73393
0.06698
0.128962
0.788529
0.339022
0.331537
0.123229
0.992946
0.463893
0.314963
0.13567
0.65477
0.764248
0.21032
0.136076
0.711438
0.851326
0.844997
0.700345
0.662944
0.451024
0.059422
0.112791
0.151032
0.560424
0.238536
0.101037
0.950661
0.46557
0.363636
0.470413
0.322643
0.714162
0.170803
0.749863
0.308455
0.795681
0.170223
0.54881
0.659778
0.486292
0.685583
0.171317
0.256079
0.562173
0.279661
0.982177
0.857671
0.449379
0.793315
0.390864
0.408262
0.638656
0.215872
0.558552
0.910848
0.385385
0.236307
0.310472
0.477598
0.587751
0.212809
0.643774
0.71167
0.605143
0.691796
0.440008
0.716861
0.902991
0.056523
0.832303
0.103239
0.10317
0.158184
0.881155
0.228642
0.323202
0.465109
0.990555
0.653125
0.256977
0.369712
0.870501
0.423003
0.850618
0.787149
0.590363
0.483692
0.541501
0.267757
0.150983
0.139735
0.739037
0.577866
0.63243
0.431277
0.686851
0.759132
0.378644
0.094069
0.687637
0.328632
0.456287
0.172229
0.699003
0.16676
0.124781
0.673289
0.020051
0.665262
0.354873
0.337098
0.58225
0.518974
0.332744
0.516435
0.908224
0.656574
0.026932
0.129964
0.301342
0.563593
0.940459
0.603894
0.058644
0.641017
0.507177
0.818136
0.665157
0.816356
0.934089
0.763938
0.529183
0.362476
0.30304
0.021891
0.048102
0.785957
0.47697
0.630462
0.20231
0.970394
0.978296
0.143878
0.081361
0.147069
0.45195
0.119565
0.796613
0.534662
0.895659
0.26902
0.275071
0.354321
0.828578
0.778584
0.397908
0.989827
0.004521
0.429966
0.330169
0.539464
0.533763
0.84178
0.18748
0.496305
0.586292
0.244274
0.434788
0.585959
0.175508
0.491137
0.880691
0.384539
0.824725
0.552244
0.756162
0.137207
0.862185
0.186523
0.027464
0.471437
0.662202
0.226875
0.467388
0.752772
0.008403
0.777844
0.963432
0.84389
0.422236
0.843708
0.279612
0.756752
0.037134
0.729244
0.819295
0.592007
0.492118
0.724788
0.321323
0.254579
0.397331
0.353818
0.038864
0.916569
0.822592
0.411095
0.235723
0.933675
0.209253
0.05418
0.226713
0.882988
0.033156
0.351724
0.288649
0.06309
0.914905
0.840564
0.832203
0.02728
0.906704
0.983011
0.446513
0.310042
0.709069
0.679134
0.943174
0.849338
0.272184
0.694546
0.194654
0.742512
0.300842
0.940904
0.250799
0.71421
0.176777
0.819253
0.673976
0.247931
0.027342
0.732428
0.254242
0.218787
0.331737
0.346518
0.122836
0.733608
0.628271
0.186356
0.342503
0.82675
0.763172
0.902409
0.688051
0.239943
0.643517
0.146081
0.035438
0.890854
0.326363
0.067784
0.419759
0.802723
0.044592
0.524129
0.783835
0.805589
0.290395
0.907879
0.588668
0.701007
0.534921
0.293021
0.351392
0.850325
0.08844
0.398918
0.032679
0.365548
0.914362
0.207516
0.846593
0.875115
0.458242
0.591953
0.756787
0.319316
0.676478
0.683052
0.693499
0.149093
0.436918
0.02069
0.916971
0.665897
0.450788
0.970263
0.262478
0.601055
0.56133
0.963779
0.029453
0.353459
0.988598
0.505927
0.826182
0.521599
0.769896
0.274187
0.737436
0.982671
0.287027
0.290412
0.540431
0.391435
0.008413
0.744753
0.549206
0.918084
0.434493
0.521907
0.784663
0.38661
0.650358
0.311978
0.304737
0.628341
0.327671
0.859244
0.825203
0.862653
0.217288
0.928586
0.553234
0.56643
0.514577
0.176299
0.582846
0.073087
0.483134
0.929682
0.021583
0.616695
0.608894
0.544159
0.779429
0.693336
0.771905
0.840856
0.370716
0.275595
0.967867
0.945896
0.299935
0.980544
0.14162
0.480359
0.693184
0.429142
0.262895
0.096988
0.493081
0.475809
0.44997
0.515333
0.743768
0.292554
0.727815
0.550967
0.680826
0.539065
0.124947
0.864729
0.506869
0.971161
0.0137
0.087511
0.35394
0.756002
0.776658
0.399191
0.313806
0.939631
0.753612
0.027611
0.721378
0.423954
0.20024
0.840762
0.880138
0.748472
0.770362
0.115581
0.317518
0.762158
0.226183
0.022461
0.444422
0.972926
0.986547
0.379729
0.586156
0.198224
0.138798
0.153592
0.536542
0.293001
0.653864
0.679487
0.63874
0.943219
0.510278
0.064307
0.61695
0.836297
0.952387
0.808561
0.004598
0.906582
0.140898
0.493479
0.009118
0.764978
0.269255
0.154399
0.29031
0.526015
0.375651
0.571587
0.315268
0.490117
0.458593
0.262949
0.734903
0.765293
0.346358
0.480652
0.173183
0.58296
0.148434
0.748252
0.787905
0.79948
0.466473
0.795486
0.86367
0.680041
0.998948
0.946232
0.263689
0.06757
0.507678
0.470202
0.18983
0.414928
0.044088
0.608711
0.494204
0.02181
0.056502
0.603527
0.627985
0.161841
0.268333
0.060293
0.003269
0.408235
0.831914
0.01476
0.057936
0.181909
0.184288
0.36498
0.978175
0.743663
0.4769
0.418931
0.536264
0.934379
0.494797
0.775273
0.242225
0.004208
0.691355
0.823388
0.605882
0.481007
0.812069
0.605947
0.008063
0.584182
0.353222
0.045275
0.729006
0.787148
0.559248
0.431362
0.251094
0.581582
0.270671
0.710735
0.172662
0.959317
0.251358
0.45162
0.229144
0.088189
0.703554
0.15584
0.786353
0.899385
0.397166
0.15824
0.853043
0.760444
0.929915
0.696678
0.602202
0.433081
0.378608
0.178421
0.582055
0.336435
0.28248
0.707416
0.88428
0.639862
0.592562
0.303904
0.930836
0.45405
0.512574
0.989253
0.056473
0.278963
0.868823
0.820844
0.476191
0.289337
0.757116
0.815205
0.300039
0.208174
0.658879
0.725603
0.005194
0.7357
0.6918
0.114714
0.634787
0.110358
0.581962
0.05211
0.170028
0.999433
0.89615
0.872285
0.570006
0.247958
0.044804
0.139504
0.936031
0.400933
0.002733
0.102802
0.759204
0.472166
0.885885
0.568606
0.094046
0.910928
0.179134
0.096302
0.557975
0.253581
0.723982
0.05635
0.860259
0.366268
0.265292
0.693278
0.942437
0.511076
0.491843
0.658591
0.675351
0.529243
0.024428
0.214175
0.186357
0.515602
0.973663
0.240388
0.075273
0.544074
0.840947
0.370259
0.550554
0.650424
0.753095
0.812223
0.949955
0.040285
0.660295
0.329905
0.957299
0.971869
0.205496
0.160584
0.406529
0.649839
0.088616
0.39773
0.666509
0.392843
0.96747
0.173054
0.88921
0.452114
0.230769
0.573491
0.335816
0.813178
0.273447
0.500508
0.157004
0.983032
0.890807
0.611415
0.49479
0.434201
0.327843
0.121553
0.198846
0.250297
0.801017
0.696488
0.337342
0.311684
0.287046
0.557734
0.119865
0.374511
0.874596
0.995873
0.898804
0.590647
0.759531
0.726468
0.100762
0.665279
0.261799
0.656334
0.346779
0.684648
0.65689
0.389559
0.859528
0.93866
0.026981
0.192446
0.687062
0.927227
0.482532
0.78689
0.445741
0.368148
0.272249
0.707791
0.604619
0.164217
0.137939
0.335358
0.621318
0.295722
0.783643
0.315239
0.658826
0.356538
0.218019
0.706862
0.246632
0.603851
0.863861
0.271357
0.56186
0.466673
0.509951
0.745342
0.875253
0.634238
0.009262
0.421881
0.905979
0.068541
0.718932
0.234732
0.886096
0.306459
0.189569
0.144949
0.771858
0.228932
0.792634
0.290225
0.764812
0.42547
0.880539
0.105488
0.693242
0.324901
0.237863
0.696555
0.255639
0.219612
0.412784
0.63197
0.969638
0.581072
0.367573
0.073973
0.691346
0.410588
0.572907
0.45408
0.18508
0.687423
0.378067
0.292879
0.623504
0.753906
0.27973
0.072161
0.43084
0.656413
0.778939
0.041455
0.596143
0.122448
0.947403
0.299007
0.941106
0.883524
0.754191
0.227586
0.536201
0.160597
0.487028
0.805777
0.001191
0.040762
0.506263
0.505953
0.652983
0.44128
0.875247
0.448721
0.540623
0.921839
0.412788
0.471856
0.510714
0.724438
0.486887
0.460914
0.680749
0.183839
0.348824
0.545942
0.8524
0.875227
0.462296
0.561158
0.897505
0.623255
0.636853
0.837199
0.635842
0.821147
0.727703
0.340737
0.701295
0.594997
0.838328
0.841775
0.492413
0.017309
0.337973
0.351787
0.213087
0.102463
0.915768
0.213008
0.202629
0.885919
0.230487
0.794849
0.695178
0.49343
0.933952
0.123816
0.603108
0.582507
0.650067
0.820152
0.511562
0.920363
0.040081
0.35018
0.593631
0.315617
0.884853
0.739772
0.424551
0.934359
0.295656
0.526881
0.539293
0.761768
0.571915
0.086572
0.303308
0.208749
0.882104
0.185906
0.479539
0.719094
0.411935
0.762888
0.20543
0.845667
0.864902
0.081219
0.683071
0.155519
0.445865
0.762235
0.747188
0.823212
0.191399
0.094905
0.537241
0.004285
0.121875
0.505851
0.412761
0.377908
0.723628
0.470081
0.931507
0.784081
0.329468
0.576613
0.804458
0.547221
0.37288
0.019352
0.185903
0.914574
0.504037
0.908207
0.031627
0.855218
0.663201
0.214146
0.499773
0.188102
0.272272
0.830461
0.10082
0.085596
0.448534
0.338736
0.916642
0.461857
0.184177
0.969093
0.055923
0.93557
0.407115
0.232539
0.012698
0.626414
0.711219
0.061435
0.056083
0.412478
0.199373
0.010214
0.303164
0.544003
0.105639
0.581906
0.47175
0.236396
0.449482
0.75621
0.738478
0.294921
0.297257
0.840646
0.480863
0.202905
0.098139
0.612995
0.461951
0.678993
0.259225
0.987901
0.082522
0.760289
0.636886
0.270278
0.204301
0.141545
0.869675
0.911487
0.126215
0.445962
0.264365
0.139776
0.337975
0.02535
0.081489
0.865936
0.516796
0.533849
0.0897
0.313845
0.119958
0.353544
0.197685
0.345407
0.13736
0.061349
0.621605
0.902236
0.372589
0.669512
0.259843
0.358543
0.029211
0.997465
0.796344
0.215071
0.33148
0.929426
0.426149
0.858888
0.601182
0.554101
0.56916
0.104096
0.876206
0.760716
0.269953
0.544312
0.176356
0.560082
0.185968
0.969298
0.17205
0.720912
0.29272
0.9044
0.807383
0.445803
0.292236
0.140722
0.938359
0.341568
0.844855
0.197629
0.916447
0.972161
0.950339
0.182383
0.555523
0.053105
0.793117
0.053396
0.427128
0.788637
0.180712
0.294255
0.490385
0.391754
0.229068
0.731336
0.495401
0.629589
0.346866
0.346058
0.804057
0.773384
0.180894
0.726904
0.360872
0.802777
0.529604
0.371444
0.020505
0.98139
0.782065
0.007871
0.137431
0.525864
0.7472
0.403694
0.580835
0.505005
0.750333
0.19846
0.551457
0.001533
0.681194
0.454227
0.41193
0.456245
0.963379
0.884491
0.547912
0.419821
0.554242
0.269033
0.36783
0.499512
0.994312
0.813335
0.016576
0.147404
0.662441
0.201184
0.365374
0.218991
0.732098
0.253407
0.037422
0.964121
0.139988
0.617342
0.37466
0.751444
0.531807
0.463266
0.704789
0.2333
0.619694
0.413302
0.470301
0.812522
0.580589
0.892924
0.963727
0.197637
0.911978
0.068012
0.730811
0.679776
0.001844
0.17161
0.645436
0.06727
0.910845
0.590786
0.202617
0.097561
0.062882
0.969438
0.531687
0.892827
0.55152
0.396467
0.855665
0.85628
0.676885
0.597367
0.299401
0.245751
0.571683
0.637565
0.477948
0.116587
0.459948
0.82409
0.731933
0.008914
0.656255
0.767129
0.277511
0.260668
0.628699
0.524582
0.397341
0.472447
0.393362
0.930524
0.233502
0.671373
0.636299
0.879654
0.822933
0.34907
0.990596
0.072566
0.271268
0.658209
0.804869
0.104345
0.142778
0.856576
0.686971
0.912519
0.527899
0.822854
0.042983
0.543675
0.638026
0.06424
0.684364
0.341268
0.445692
0.27858
0.322803
0.205624
0.982459
0.20085
0.34862
0.217625
0.591738
0.583447
0.645658
0.461104
0.832012
0.88646
0.243629
0.188089
0.335635
0.021308
0.620928
0.856245
0.629035
0.841331
0.525308
0.371981
0.073276
0.84993
0.211302
0.220891
0.995983
0.48119
0.930287
0.278665
0.500698
0.830443
0.294286
0.695948
0.742849
0.881795
0.472258
0.368663
0.68773
0.851764
0.819328
0.973271
0.347125
0.832949
0.764233
0.662783
0.184211
0.530251
0.823283
0.427147
0.570195
0.50115
0.738323
0.976967
0.197248
0.325417
0.322694
0.683016
0.257564
0.025858
0.549941
0.23378
0.404515
0.13002
0.15505
0.728067
0.977464
0.146999
0.869505
0.921805
0.918529
0.69543
0.108732
0.057311
0.198201
0.327873
0.729654
0.023164
0.49159
0.256916
0.032937
0.694106
0.911131
0.070981
0.121945
0.023217
0.495674
0.46814
0.823638
0.33166
0.853424
0.607775
0.380186
0.78941
0.075876
0.080359
0.279393
0.555511
0.602915
0.349674
0.64176
0.157583
0.216246
0.05371
0.158947
0.476066
0.422519
0.815399
0.619269
0.442715
0.259386
0.318763
0.642688
0.521147
0.74524
0.41579
0.42531
0.742951
0.597384
0.337497
0.431551
0.517126
0.129496
0.148136
0.565534
0.652572
0.763495
0.103784
0.107601
0.750048
0.568883
0.635602
0.544548
0.059923
0.593547
0.623463
0.699539
0.632082
0.86054
0.065404
0.971735
0.41344
0.216588
0.643916
0.029835
0.698417
0.48459
0.103741
0.573465
0.635489
0.102088
0.643964
0.863741
0.666052
0.258217
0.268811
0.038498
0.576939
0.7358
0.826787
0.229697
0.979659
0.250181
0.888368
0.079431
0.481897
0.002272
0.450472
0.361605
0.636038
0.391399
0.81136
0.385573
0.362182
0.388027
0.704247
0.973865
0.012226
0.348077
0.105914
0.530352
0.535991
0.20555
0.561241
0.656076
0.740004
0.872089
0.964238
0.21959
0.633722
0.45145
0.159764
0.135535
0.292521
0.434122
0.799763
0.955399
0.118599
0.876133
0.261957
0.90033
0.86006
0.778315
0.076314
0.753722
0.471145
0.241227
0.434289
0.467238
0.448259
0.655217
0.849862
0.9352
0.064548
0.849523
0.597719
0.525755
0.156858
0.53512
0.460933
0.372644
0.855803
0.576868
0.420248
0.462898
0.72098
0.504148
0.257618
0.822896
0.410651
0.547305
0.808549
0.861002
0.299203
0.153481
0.689513
0.013714
0.977247
0.205774
0.506791
0.812276
0.552823
0.055604
0.688654
0.933747
0.302183
0.154715
0.143578
0.854904
0.281681
0.499806
0.12732
0.724653
0.186554
0.014837
0.260763
0.692534
0.429636
0.501549
0.543605
0.078531
0.476681
0.53945
0.162473
0.338477
0.36675
0.658485
0.896325
0.754825
0.682578
0.9843
0.158855
0.88613
0.253644
0.32116
0.371195
0.039923
0.496389
0.045358
0.753645
0.993589
0.155275
0.958054
0.094349
0.286075
0.480546
0.130656
0.210401
0.97358
0.60275
0.919784
0.907709
0.1615
0.042691
0.573204
0.812214
0.916309
0.331693
0.367349
0.537787
0.55048
0.441233
0.984838
0.2798
0.046844
0.767232
0.808201
0.898899
0.991355
0.753964
0.935015
0.561073
0.439024
0.436013
0.632999
0.13794
0.987712
0.211539
0.78603
0.550409
0.976051
0.775913
0.787433
0.188334
0.431663
0.257149
0.194924
0.246331
0.850843
0.899584
0.751024
0.445013
0.463911
0.201794
0.099939
0.084653
0.904609
0.696088
0.101716
0.700958
0.504087
0.613487
0.824889
0.1182
0.199862
0.631932
0.941721
0.217671
0.696156
0.500467
0.703305
0.950921
0.454143
0.056675
0.155906
0.36401
0.728406
0.762621
0.370074
0.244162
0.424976
0.321047
0.318976
0.970609
0.395159
0.738663
0.701884
0.059171
0.161104
0.131212
0.322741
0.929317
0.403066
0.178083
0.389211
0.422966
0.40698
0.327043
0.03159
0.451612
0.640819
0.374703
0.606825
0.417589
0.051875
0.985633
0.918088
0.060996
0.275167
0.482908
0.271715
0.503261
0.537468
0.777983
0.149916
0.702535
0.469811
0.543278
0.472467
0.073996
0.829108
0.08569
0.47183
0.05324
0.396564
0.464837
0.466572
0.354796
0.526618
0.651842
0.955932
0.614248
0.386452
0.38625
0.335013
0.202646
0.143295
0.731699
0.305442
0.190371
0.954709
0.526335
0.990624
0.422083
0.67371
0.417827
0.166261
0.430258
0.120321
0.101206
0.479411
0.356743
0.424275
0.997805
0.283797
0.284739
0.309268
0.197998
0.928465
0.319313
0.519613
0.367053
0.653513
0.583396
0.258509
0.439138
0.804454
0.98619
0.369627
0.713439
0.713387
0.166813
0.80612
0.519972
0.287724
0.154878
0.968975
0.283394
0.356366
0.683423
0.630258
0.577883
0.228153
0.084208
0.438138
0.078139
0.876505
0.024503
0.614038
0.189358
0.942596
0.713769
0.961278
0.572983
0.17541
0.390457
0.807342
0.686788
0.283886
0.927307
0.609504
0.256265
0.54717
0.94326
0.459131
0.369287
0.689115
0.101392
0.618467
0.217719
0.704995
0.373443
0.247583
0.907041
0.08337
0.90388
0.378725
0.546216
0.667976
0.261113
0.851826
0.660768
0.420676
0.767587
0.603929
0.897408
0.542842
0.151294
0.624561
0.615141
0.724739
0.296639
0.458604
0.634095
0.10069
0.347824
0.141249
0.164579
0.259113
0.222218
0.032067
0.873732
0.979252
0.141356
0.466545
0.933226
0.721472
0.934849
0.823079
0.761452
0.700575
0.998546
0.302346
0.089831
0.365019
0.706227
0.872498
0.793449
0.020093
0.622666
0.321955
0.391788
0.297434
0.664831
0.324163
0.636111
0.316076
0.08358
0.72079
0.398349
0.299868
0.974311
0.638753
0.324668
0.98463
0.569146
0.345004
0.006715
0.246745
0.394579
0.961804
0.585776
0.110195
0.275528
0.761146
0.209029
0.994328
0.546219
0.410927
0.082232
0.621904
0.398006
0.995346
0.864903
0.495839
0.313682
0.269809
0.326821
0.61135
0.313108
0.07682
0.70795
0.055219
0.158735
0.88916
0.093617
0.237796
0.243919
0.280233
0.75003
0.231933
0.306723
0.00452
0.468828
0.466851
0.097174
0.368961
0.346062
0.029818
0.393445
0.635102
0.131531
0.114301
0.923273
0.812165
0.386871
0.132451
0.601021
0.659706
0.466566
0.553364
0.022647
0.499056
0.965611
0.397618
0.513612
0.564158
0.140891
0.144368
0.509624
0.587543
0.594814
0.055838
0.907866
0.832503
0.100179
0.01238
0.438546
0.830341
0.046422
0.266007
0.823726
0.544243
0.284821
0.518365
0.107861
0.628092
0.895961
0.647051
0.45869
0.657472
0.823549
0.130613
0.932063
0.072458
0.805008
0.459908
0.561747
0.978386
0.851248
0.772584
0.082876
0.988177
0.453837
0.715604
0.910796
0.250522
0.585266
0.998587
0.226748
0.010925
0.095512
0.258216
0.116355
0.195057
0.371146
0.281852
0.18868
0.940892
0.846789
0.199572
0.179028
0.848363
0.932068
0.03742
0.807713
0.251889
0.828413
0.814006
0.710033
0.960161
0.034796
0.096011
0.099194
0.791417
0.03376
0.41265
0.450202
0.916784
0.745039
0.05092
0.389213
0.753289
0.928908
0.916585
0.060906
0.318209
0.229713
0.519502
0.115078
0.095135
0.86227
0.44187
0.037272
0.771746
0.84664
0.74919
0.086245
0.369834
0.799068
0.31151
0.097026
0.014124
0.375495
0.848601
0.91114
0.385057
0.756344
0.325878
0.570186
0.00554
0.56967
0.15542
0.682013
0.388979
0.511442
0.73554
0.887119
0.683962
0.329047
0.046865
0.392288
0.884848
0.17181
0.940739
0.952273
0.32477
0.257442
0.584776
0.441251
0.51093
0.990812
0.356167
0.755726
0.621306
0.392693
0.695843
0.270157
0.157612
0.307009
0.615069
0.353423
0.755272
0.534579
0.352625
0.869863
0.477897
0.780694
0.164567
0.046649
0.984151
0.864676
0.27058
0.697215
0.134094
0.669143
0.107712
0.237061
0.633657
0.190657
0.456598
0.465114
0.285543
0.904983
0.651366
0.529602
0.697416
0.937061
0.061588
0.886762
0.886152
0.293644
0.360885
0.108017
0.698281
0.406911
0.076465
0.387025
0.51326
0.622534
0.4017
0.191682
0.601666
0.594703
0.454124
0.565355
0.842959
0.547546
0.032403
0.626212
0.970723
0.140593
0.196814
0.968655
0.116489
0.831182
0.426263
0.428341
0.686299
0.720256
0.257518
0.944458
0.012786
0.993527
0.989011
0.123848
0.834554
0.176941
0.595235
0.61828
0.070674
0.465584
0.27575
0.581379
0.05212
0.462108
0.502876
0.610424
0.74583
0.708052
0.352723
0.686836
0.695596
0.699127
0.185052
0.582638
0.766984
0.658441
0.344206
0.762046
0.516768
0.556485
0.136883
0.781602
0.130663
0.235946
0.604259
0.573009
0.030411
0.85913
0.881812
0.934254
0.893118
0.028405
0.073873
0.515618
0.78964
0.738752
0.973581
0.876109
0.380095
0.560543
0.832068
0.101503
0.305698
0.965828
0.209462
0.906125
0.511001
0.058807
0.361423
0.719058
0.879083
0.28837
0.116663
0.988784
0.91041
0.911969
0.243717
0.136482
0.090788
0.9317
0.858899
0.389886
0.021992
0.893443
0.885431
0.412531
0.728356
0.117969
0.079107
0.602393
0.574219
0.368079
0.771855
0.675718
0.373752
0.364984
0.947965
0.465789
0.901206
0.762425
0.769331
0.005989
0.272988
0.300465
0.859172
0.844086
0.895512
0.125935
0.200853
0.506777
0.439403
0.0686
0.316728
0.616325
0.92945
0.292555
0.439482
0.356894
0.396902
0.166547
0.444349
0.638479
0.316069
0.088939
0.140755
0.557563
0.438016
0.4579
0.66406
0.638743
0.960192
0.217492
0.477068
0.628992
0.726391
0.112351
0.947087
0.182615
0.036315
0.717852
0.764416
0.122931
0.279157
0.958723
0.820925
0.772315
0.774332
0.959263
0.806302
0.369301
0.74173
0.723183
0.449887
0.677433
0.772105
0.316554
0.117482
0.729179
0.776646
0.821241
0.18793
0.734271
0.041987
0.185694
0.044926
0.512548
0.211965
0.144764
0.426539
0.139707
0.222103
0.517419
0.546942
0.642892
0.920724
0.765432
0.228482
0.290492
0.096928
0.428399
0.612684
0.090747
0.736929
0.15313
0.609499
0.790113
0.858631
0.203901
0.838139
0.582595
0.08112
0.815962
0.921434
0.469032
0.087854
0.718058
0.582162
0.501344
0.446519
0.843726
0.778371
0.714224
0.438372
0.50127
0.044066
0.6627
0.842471
0.781726
0.42448
0.16397
0.971494
0.752366
0.84572
0.556603
0.931451
0.043857
0.750233
0.260361
0.859858
0.311203
0.116748
0.810863
0.103157
0.528497
0.131867
0.445819
0.101846
0.983464
0.312921
0.6349
0.17062
0.44609
0.650288
0.239478
0.269116
0.971096
0.306349
0.530741
0.121789
0.667169
0.113428
0.153584
0.904222
0.876002
0.588454
0.634277
0.042423
0.917899
0.514215
0.610181
0.326329
0.753046
0.386199
0.036081
0.112885
0.092182
0.310027
0.125266
0.354787
0.537685
0.627178
0.841725
0.674458
0.988848
0.781978
0.910894
0.40605
0.748947
0.678923
0.429843
0.066094
0.618227
0.618103
0.86953
0.990381
0.490834
0.437349
0.543583
0.707176
0.128498
0.662871
0.300058
0.527959
0.189341
0.826189
0.661315
0.125683
0.626354
0.337137
0.327508
0.884058
0.800602
0.858394
0.702781
0.781087
0.276941
0.315918
0.427041
0.974262
0.649986
0.376043
0.062548
0.646536
0.592263
0.15245
0.011444
0.293601
0.752947
0.636853
0.073844
0.337427
0.596711
0.745577
0.355667
0.241823
0.499388
0.414748
0.068763
0.821902
0.575261
0.389721
0.859002
0.198293
0.785657
0.853739
0.045583
0.456345
0.77718
0.375316
0.231858
0.499076
0.368205
0.840522
0.879379
0.831154
0.069437
0.998184
0.935032
0.40747
0.039282
0.080765
0.930997
0.791585
0.429262
0.408268
0.717815
0.980329
0.855631
0.814495
0.784562
0.112236
0.293585
0.35224
0.226965
0.045633
0.802508
0.806869
0.369885
0.649577
0.299532
0.844511
0.081215
0.982825
0.203104
0.187226
0.23743
0.274328
0.974256
0.47898
0.131396
0.862866
0.005882
0.021237
0.459212
0.151225
0.713912
0.874146
0.054263
0.546029
0.807138
0.446385
0.859101
0.918885
0.07138
0.95256
0.976579
0.282964
0.14226
0.820822
0.698561
0.227165
0.760207
0.845199
0.93832
0.41796
0.68612
0.262299
0.381095
0.519356
0.055844
0.614368
0.500084
0.39032
0.652432
0.055402
0.392882
0.64981
0.057673
0.242483
0.800859
0.914224
0.871832
0.641434
0.067224
0.854743
0.738067
0.720657
0.419857
0.717008
0.839653
0.594761
0.912524
0.138804
0.575332
0.665011
0.892661
0.504899
0.257774
0.777112
0.184559
0.215847
0.479129
0.941325
0.470804
0.955879
0.403342
0.891809
0.839942
0.759286
0.86463
0.566623
0.243941
0.35394
0.977858
0.278751
0.570989
0.434083
0.2256
0.381259
0.166708
0.262229
0.193112
0.710506
0.583227
0.282442
0.64639
0.984634
0.761356
0.3509
0.092347
0.113591
0.053948
0.192946
0.501205
0.221129
0.721207
0.899297
0.32476
0.594936
0.214853
0.062704
0.121553
0.315655
0.984609
0.508599
0.638495
0.535857
0.384443
0.815161
0.024653
0.988482
0.962258
0.387123
0.58308
0.798353
0.643821
0.722386
0.829234
0.062323
0.460041
0.391907
0.655868
0.316227
0.041629
0.916054
0.939773
0.813436
0.047649
0.557207
0.037509
0.014561
0.439552
0.774688
0.503538
0.257726
0.78311
0.121396
0.403203
0.978103
0.127379
0.403855
0.67766
0.099031
0.990077
0.453359
0.259162
0.509603
0.055346
0.474255
0.021074
0.916387
0.112032
0.479976
0.331721
0.483225
0.924965
0.742005
0.911153
0.641711
0.067509
0.278604
0.448832
0.333135
0.566214
0.573664
0.12486
0.469797
0.795531
0.514442
0.976992
0.993864
0.258598
0.700435
0.442917
0.59607
0.344841
0.603774
0.996179
0.172297
0.044094
0.351806
0.197998
0.785929
0.222581
0.642126
0.17263
0.879786
0.028773
0.661178
0.054095
0.066418
0.516787
0.308264
0.342117
0.202305
0.627403
0.716393
0.533232
0.337498
0.663942
0.820149
0.720252
0.733219
0.460136
0.855693
0.272176
0.442519
0.542159
0.774748
0.787355
0.296771
0.486133
0.117963
0.531751
0.279277
0.739958
0.295175
0.436998
0.870715
0.757747
0.69048
0.854349
0.441553
0.173924
0.804603
0.92738
0.870562
0.298627
0.42306
0.62749
0.607452
0.878454
0.150915
0.829368
0.809767
0.207238
0.489254
0.910418
0.339054
0.403418
0.053625
0.022487
0.42556
0.362083
0.711491
0.197079
0.427365
0.076595
0.684114
0.518785
0.824937
0.796976
0.938129
0.345819
0.543482
0.762507
0.882788
0.659616
0.549557
0.03056
0.120308
0.180316
0.173337
0.975705
0.404378
0.359526
0.076447
0.970434
0.274856
0.432829
0.690374
0.688047
0.34727
0.529863
0.498422
0.198465
0.258031
0.374136
0.170769
0.977114
0.821085
0.416893
0.395798
0.555311
0.202866
0.479904
0.831069
0.331695
0.066941
0.355064
0.243786
0.656892
0.358814
0.819677
0.518127
0.974756
0.6101
0.523645
0.611636
0.364239
0.924295
0.90957
0.597173
0.368153
0.438787
0.770264
0.723369
0.032015
0.361353
0.732126
0.562057
0.494885
0.402307
0.093267
0.984844
0.121842
0.24074
0.347784
0.942574
0.70071
0.024123
0.048733
0.353815
0.243947
0.998473
0.707427
0.408404
0.103129
0.641407
0.724739
0.929003
0.195783
0.370951
0.185717
0.885233
0.03598
0.45728
0.7972
0.465992
0.555148
0.426718
0.854695
0.291523
0.129382
0.764189
0.117092
0.647818
0.265404
0.870075
0.614537
0.298741
0.895553
0.652634
0.254372
0.611729
0.01207
0.695882
0.08773
0.988214
0.501694
0.040658
0.308415
0.37108
0.234618
0.576641
0.97037
0.791659
0.508643
0.117151
0.15792
0.970145
0.38855
0.677706
0.580761
0.234767
0.940794
0.615087
0.098713
0.047368
0.194628
0.397374
0.934811
0.346938
0.494227
0.545317
0.379247
0.814373
0.805082
0.226515
0.781024
0.272513
0.056735
0.745272
0.858893
0.419079
0.289604
0.139417
0.335849
0.398904
0.95752
0.468168
0.609264
0.343578
0.21333
0.333249
0.240423
0.87601
0.249249
0.316811
0.779423
0.888171
0.969212
0.167843
0.659495
0.83013
0.895417
0.38427
0.728312
0.461172
0.896657
0.73081
0.313324
0.335564
0.627303
0.011069
0.89756
0.658435
0.64421
0.021408
0.703425
0.910082
0.42238
0.599236
0.988635
0.32557
0.86896
0.010189
0.702847
0.056138
0.96017
0.158109
0.649271
0.572694
0.979908
0.729364
0.999473
0.803092
0.864031
0.175817
0.401107
0.581897
0.385995
0.829909
0.077802
0.006788
0.719971
0.876685
0.963269
0.48743
0.502971
0.103086
0.757364
0.729635
0.253819
0.765362
0.937513
0.53086
0.336785
0.955182
0.111692
0.97004
0.858688
0.69805
0.638972
0.852196
0.452082
0.402478
0.955994
0.265345
0.757368
0.158593
0.904229
0.856893
0.724927
0.551342
0.489648
0.51567
0.344839
0.702758
0.816597
0.454466
0.0394
0.964451
0.979989
0.712927
0.592396
0.445848
0.742396
0.458397
0.194731
0.005256
0.273609
0.270602
0.447309
0.852635
0.590225
0.033282
0.673482
0.668818
0.665711
0.622527
0.924186
0.149616
0.312153
0.662903
0.063875
0.124789
0.26784
0.733231
0.089805
0.76712
0.279559
0.164867
0.492797
0.014858
0.733258
0.026977
0.023912
0.384754
0.30757
0.864207
0.219117
0.039045
0.272689
0.819359
0.994854
0.069893
0.141561
0.697114
0.917732
0.007099
0.136909
0.234846
0.991067
0.761508
0.930075
0.395806
0.754412
0.183061
0.750559
0.862503
0.100163
0.20423
0.272552
0.867205
0.587124
0.387148
0.136124
0.934677
0.061409
0.078002
0.739115
0.524579
0.818838
0.478434
0.75523
0.960499
0.049925
0.965907
0.884022
0.538095
0.081629
0.119891
0.17523
0.025821
0.009216
0.58699
0.606442
0.849531
0.041981
0.158711
0.463731
0.066939
0.968805
0.483411
0.973489
0.750461
0.903232
0.724049
0.430804
0.251525
0.17616
0.522899
0.652791
0.176726
0.388738
0.826847
0.118698
0.32873
0.926373
0.479437
0.990192
0.980478
0.442086
0.993819
0.54446
0.930983
0.328878
0.457505
0.664389
0.910755
0.602216
0.241227
0.495743
0.322949
0.161704
0.042285
0.096359
0.692529
0.170441
0.256095
0.32533
0.485625
0.472357
0.44612
0.692734
0.651325
0.535951
0.490824
0.612396
0.437761
0.37949
0.342196
0.875411
0.320576
0.815087
0.980342
0.433864
0.440228
0.535006
0.955512
0.964024
0.209619
0.190003
0.669359
0.774941
0.166643
0.748169
0.503635
0.79775
0.652086
0.105007
0.667455
0.502841
0.62005
0.420282
0.852013
0.859213
0.391711
0.688616
0.872952
0.706225
0.456784
0.503511
0.870023
0.554755
0.103275
0.819851
0.4912
0.965876
0.273242
0.123753
0.283611
0.555163
0.55284
0.939491
0.347016
0.756901
0.77156
0.632576
0.086579
0.899677
0.846303
0.157465
0.094162
0.860201
0.447234
0.98046
0.156219
0.276071
0.362047
0.399963
0.67373
0.358701
0.474086
0.841368
0.75917
0.751095
0.210134
0.071897
0.121917
0.806515
0.448775
0.269605
0.579303
0.531116
0.326847
0.084507
0.215441
0.321133
0.866067
0.617242
0.802726
0.004952
0.516445
0.010712
0.140683
0.990049
0.401363
0.986885
0.493212
0.791377
0.772825
0.367451
0.248647
0.709884
0.578835
0.778106
0.560781
0.902564
0.469245
0.552381
0.660268
0.673226
0.719215
0.693759
0.428388
0.519654
0.675011
0.573063
0.247606
0.858807
0.686957
0.788303
0.126085
0.795358
0.925481
0.752257
0.099388
0.330591
0.143541
0.826811
0.58373
0.563496
0.992006
0.455366
0.204262
0.407097
0.290503
0.006836
0.961224
0.646774
0.447786
0.508594
0.366643
0.109083
0.328432
0.670705
0.216913
0.045272
0.48828
0.037895
0.46642
0.033997
0.305105
0.90136
0.586595
0.566551
0.629577
0.617852
0.83733
0.31081
0.260948
0.481475
0.601559
0.702465
0.55991
0.433744
0.394118
0.280114
0.660875
0.161914
0.805033
0.892404
0.6478
0.605046
0.761624
0.933171
0.028065
0.805636
0.252381
0.534007
0.976249
0.195815
0.511515
0.779943
0.926933
0.601862
0.117982
0.518534
0.628699
0.826798
0.198841
0.053375
0.508156
0.768236
0.539699
0.420939
0.94042
0.982702
0.748118
0.887907
0.916529
0.839879
0.51124
0.448241
0.216933
0.02393
0.13725
0.259366
0.870427
0.577534
0.289762
0.058942
0.288417
0.05146
0.346029
0.576021
0.168801
0.632227
0.439091
0.208089
0.813816
0.074084
0.994681
0.019937
0.305538
0.282992
0.29174
0.935861
0.11057
0.347539
0.284067
0.592213
0.041518
0.955212
0.528318
0.228557
0.2339
0.148995
0.495004
0.650776
0.100601
0.917834
0.712112
0.862254
0.833106
0.872005
0.788608
0.753728
0.005503
0.798395
0.961564
0.040575
0.541061
0.510073
0.652916
0.599496
0.202012
0.296547
0.544892
0.092519
0.400405
0.961463
0.752714
0.049421
0.731081
0.934273
0.49985
0.671272
0.073718
0.956622
0.186774
0.404276
0.745809
0.249354
0.11174
0.59503
0.67078
0.812405
0.563636
0.744609
0.257706
0.489188
0.428298
0.60667
0.024242
0.787815
0.045668
0.656878
0.964606
0.260836
0.652004
0.429073
0.818816
0.706433
0.212128
0.286315
0.562237
0.024066
0.250029
0.780763
0.260005
0.447302
0.864837
0.562552
0.868106
0.836202
0.377115
0.399251
0.8661
0.827698
0.835138
0.880407
0.765443
0.816651
0.87083
0.08247
0.130176
0.283852
0.648524
0.261294
0.193403
0.421706
0.569052
0.825548
0.780449
0.865024
0.458816
0.450711
0.212011
0.694038
0.789017
0.783829
0.086521
0.113901
0.69805
0.415966
0.396909
0.502018
0.25655
0.731147
0.682838
0.548258
0.451251
0.687076
0.632905
0.72431
0.966438
0.119226
0.466199
0.949726
0.146154
0.13797
0.233363
0.669979
0.720053
0.084859
0.755924
0.045475
0.467888
0.428867
0.069133
0.615147
0.503635
0.888806
0.238379
0.73009
0.725424
0.715526
0.193791
0.54099
0.152016
0.867126
0.777231
0.36584
0.469656
0.268975
0.607947
0.598583
0.611278
0.592927
0.659165
0.928266
0.657255
0.44498
0.029389
0.576922
0.546502
0.743452
0.351746
0.517035
0.021338
0.801542
0.526268
0.41955
0.183279
0.920815
0.13681
0.578556
0.725313
0.98868
0.184936
0.885878
0.897926
0.288956
0.470919
0.497161
0.083894
0.299126
0.153687
0.340671
0.32387
0.089547
0.016481
0.803774
0.414527
0.479234
0.009613
0.234525
0.821452
0.240705
0.89729
0.702285
0.302739
0.583868
0.40828
0.127712
0.632688
0.654411
0.765914
0.68161
0.882357
0.071719
0.835445
0.383377
0.052488
0.095499
0.649678
0.46435
0.970415
0.552136
0.053068
0.084753
0.653819
0.704319
0.334662
0.512665
0.562747
0.317155
0.41613
0.61959
0.548252
0.865072
0.979499
0.819789
0.197987
0.196727
0.310746
0.248096
0.617534
0.625497
0.735766
0.710868
0.336323
0.61568
0.518202
0.322959
0.754559
0.023215
0.900006
0.87322
0.284503
0.528245
0.904404
0.784076
0.067616
0.857309
0.404473
0.638003
0.90591
0.099803
0.514021
0.848245
0.613472
0.89775
0.540462
0.959647
0.358139
0.450382
0.292817
0.949936
0.660799
0.824915
0.036636
0.103061
0.189216
0.71348
0.673324
0.112048
0.378168
0.547761
0.862861
0.746856
0.891117
0.396533
0.768489
0.938071
0.862623
0.551278
0.812172
0.33936
0.574245
0.971415
0.702688
0.357558
0.716143
0.113706
0.9148
0.918441
0.634804
0.259465
0.400687
0.16286
0.402785
0.965966
0.262479
0.320352
0.814369
0.679165
0.590391
0.770243
0.044333
0.132899
0.686401
0.047641
0.807294
0.829781
0.945212
0.029847
0.276162
0.932497
0.75299
0.888964
0.709475
0.071496
0.000541
0.291401
0.261589
0.785791
0.225516
0.977638
0.528565
0.776371
0.505404
0.624006
0.153918
0.25365
0.733269
0.439754
0.232311
0.264044
0.234116
0.331302
0.55573
0.999718
0.96599
0.269479
0.756739
0.303541
0.139873
0.31865
0.645086
0.649607
0.210741
0.569392
0.934564
0.010614
0.636743
0.844222
0.687842
0.026426
0.085932
0.671587
0.096582
0.484161
0.428166
0.423489
0.444959
0.765935
0.583005
0.786799
0.585866
0.290146
0.149592
0.013297
0.349737
0.576695
0.753269
0.210956
0.327191
0.904173
0.208634
0.33006
0.310419
0.431472
0.137572
0.849758
0.990031
0.263478
0.928223
0.196413
0.310751
0.572666
0.948595
0.403957
0.949976
0.461688
0.642093
0.912138
0.296633
0.192035
0.169738
0.452619
0.188664
0.261537
0.694412
0.426054
0.183817
0.682663
0.45287
0.541417
0.521205
0.747948
0.930941
0.734909
0.820139
0.657387
0.227113
0.372089
0.552426
0.709961
0.8019
0.818128
0.304139
0.095212
0.856837
0.266438
0.233371
0.658616
0.934315
0.888064
0.617759
0.707141
0.0437
0.030506
0.908465
0.988507
0.086344
0.935868
0.144352
0.886295
0.28277
0.78074
0.716267
0.613681
0.823528
0.018955
0.261276
0.063527
0.341777
0.160695
0.455402
0.330568
0.890484
0.165045
0.420113
0.66614
0.240828
0.852341
0.482225
0.872739
0.475544
0.519682
0.932458
0.764925
0.836027
0.111702
0.686361
0.959413
0.00353
0.058421
0.793225
0.710066
0.188351
0.865753
0.821693
0.294144
0.947043
0.989063
0.56013
0.940854
0.388247
0.273981
0.261271
0.591615
0.273855
0.216412
0.665094
0.074217
0.428954
0.901973
0.391047
0.481708
0.998907
0.920941
0.886841
0.647466
0.321377
0.390717
0.15649
0.37346
0.879105
0.611573
0.760435
0.011297
0.803227
0.726807
0.385556
0.628221
0.71251
0.033605
0.103037
0.697428
0.165824
0.478541
0.574454
0.165015
0.665214
0.968984
0.623653
0.246689
0.201137
0.890632
0.860306
0.359439
0.035016
0.20192
0.607717
0.028059
0.749495
0.996253
0.93336
0.30856
0.966844
0.300012
0.649936
0.223655
0.638155
0.037739
0.255185
0.985268
0.896984
0.670779
0.759112
0.184453
0.159513
0.673378
0.700254
0.157994
0.020055
0.081321
0.69502
0.739821
0.291959
0.890179
0.194674
0.881383
0.154823
0.483919
0.119616
0.449027
0.178038
0.127574
0.147705
0.848481
0.838534
0.480271
0.347093
0.997295
0.592894
0.010972
0.967276
0.69185
0.057421
0.881255
0.962163
0.380346
0.028153
0.714457
0.516563
0.775768
0.388716
0.068873
0.274273
0.644009
0.353733
0.83138
0.428116
0.886837
0.992364
0.284146
0.53409
0.855117
0.214821
0.481584
0.932186
0.343253
0.130807
0.794165
0.825308
0.077551
0.861398
0.75261
0.268498
0.346997
0.107894
0.49686
0.046282
0.182159
0.972842
0.765965
0.870554
0.544965
0.771863
0.848524
0.979005
0.65559
0.182128
0.425903
0.311608
0.032491
0.968672
0.506
0.410091
0.623469
0.138632
0.692664
0.196442
0.663822
0.349621
0.890291
0.768262
0.040008
0.85622
0.784846
0.613301
0.153037
0.033247
0.241988
0.603663
0.346319
0.160011
0.044376
0.214933
0.468776
0.035093
0.643118
0.234185
0.860852
0.269921
0.964924
0.480451
0.817502
0.534277
0.755281
0.039802
0.447176
0.293958
0.928073
0.955239
0.349544
0.785002
0.678146
0.182669
0.77169
0.586232
0.464601
0.655983
0.723917
0.041014
0.6035
0.094327
0.297599
0.302186
0.286178
0.205932
0.068049
0.86667
0.457
0.023954
0.290336
0.509536
0.539657
0.862585
0.81161
0.780144
0.718831
0.281915
0.193949
0.356839
0.44653
0.87662
0.462399
0.883839
0.443844
0.8337
0.674202
0.110944
0.076628
0.074813
0.90173
0.073575
0.250461
0.865917
0.22024
0.685215
0.616213
0.150757
0.396098
0.92164
0.432349
0.924706
0.465238
0.291868
0.052274
0.275619
0.976635
0.921203
0.104982
0.719639
0.521333
0.928333
0.649207
0.467987
0.543669
0.041125
0.349299
0.127591
0.423751
0.310009
0.915712
0.352131
0.358664
0.413335
0.019894
0.952409
0.23077
0.15702
0.675779
0.125922
0.012201
0.824159
0.509903
0.594434
0.750666
0.167486
0.014283
0.450386
0.966996
0.96889
0.06332
0.677744
0.240374
0.528494
0.871727
0.487806
0.036163
0.563153
0.522757
0.855841
0.47703
0.377416
0.532783
0.021697
0.453019
0.113447
0.332338
0.467679
0.406356
0.437211
0.534102
0.480555
0.555236
0.30639
0.794504
0.194946
0.059826
0.279279
0.722891
0.104225
0.654509
0.492609
0.041646
0.548219
0.871156
0.854921
0.573115
0.023502
0.548122
0.944844
0.480244
0.484376
0.798674
0.583162
0.438477
0.084295
0.092789
0.973286
0.227322
0.02905
0.149378
0.047594
0.566422
0.829634
0.164028
0.656279
0.723117
0.515055
0.851691
0.256817
0.648262
0.033799
0.984188
0.660821
0.984641
0.043776
0.093901
0.973613
0.418191
0.226468
0.460357
0.603508
0.06396
0.45186
0.907064
0.361648
0.949414
0.283394
0.642327
0.514965
0.363609
0.088654
0.645557
0.48448
0.952447
0.908868
0.968907
0.977371
0.46549
0.260069
0.333201
0.732139
0.651025
0.87689
0.381973
0.108051
0.258887
0.214776
0.957465
0.114663
0.061422
0.336946
0.160475
0.786289
0.342462
0.997897
0.316038
0.090934
0.431198
0.327935
0.245861
0.309861
0.697737
0.625422
0.00504
0.827596
0.619224
0.394017
0.267106
0.518145
0.547346
0.396247
0.545418
0.749854
0.915935
0.244181
0.783172
0.297173
0.056126
0.151006
0.235803
0.812603
0.892088
0.084295
0.194259
0.658184
0.120909
0.685653
0.4405
0.874045
0.750353
0.543541
0.590759
0.104933
0.257636
0.694904
0.826692
0.436844
0.353395
0.627659
0.016017
0.149704
0.891624
0.87669
0.147487
0.015359
0.916102
0.388622
0.205829
0.964526
0.887321
0.818753
0.620304
0.109108
0.750828
0.426843
0.959906
0.829622
0.384595
0.491836
0.802317
0.155402
0.95214
0.256499
0.114101
0.101993
0.597781
0.873347
0.129329
0.214192
0.412313
0.162897
0.024234
0.092084
0.197124
0.928394
0.977586
0.416063
0.815146
0.886614
0.154579
0.542189
0.472616
0.524587
0.654005
0.882366
0.296441
0.868224
0.919947
0.426992
0.548336
0.023269
0.762356
0.17457
0.683561
0.735634
0.277857
0.980583
0.020101
0.85386
0.702902
0.324885
0.903895
0.19926
0.60743
0.398608
0.661793
0.472937
0.69848
0.511907
0.560118
0.249346
0.309886
0.283022
0.912314
0.074525
0.352533
0.974253
0.261778
0.414678
0.729207
0.609592
0.594141
0.817203
0.798677
0.724112
0.900941
0.708305
0.266217
0.737198
0.109503
0.503272
0.571184
0.227634
0.169011
0.150783
0.376067
0.570353
0.088363
0.555874
0.817764
0.325219
0.196896
0.960395
0.601451
0.692659
0.036263
0.059695
0.480216
0.248187
0.765537
0.163195
0.510051
0.675658
0.499323
0.270589
0.55383
0.840715
0.847436
0.144803
0.689925
0.37868
0.731159
0.322621
0.750198
0.166103
0.860507
0.564381
0.855452
0.18607
0.936739
0.390438
0.124333
0.269224
0.723271
0.8491
0.557921
0.878932
0.219737
0.520882
0.015814
0.034135
0.056475
0.691129
0.927512
0.407299
0.148042
0.303254
0.731738
0.497738
0.231057
0.602093
0.144836
0.974359
0.784242
0.743406
0.835389
0.633045
0.462488
0.339228
0.504242
0.743989
0.455695
0.707719
0.199927
0.294198
0.635791
0.956151
0.918035
0.338893
0.698494
0.544859
0.302476
0.705372
0.114633
0.210717
0.888443
0.338316
0.994778
0.336864
0.771088
0.206734
0.698618
0.347937
0.58394
0.46322
0.346602
0.945807
0.948731
0.814251
0.170208
0.664751
0.467178
0.236076
0.552796
0.466606
0.884652
0.971598
0.535371
0.107166
0.756744
0.421586
0.612437
0.506711
0.577025
0.316547
0.557377
0.244429
0.888414
0.055472
0.411533
0.409357
0.405671
0.031216
0.726946
0.516033
0.22114
0.082206
0.002046
0.744958
0.910476
0.708177
0.649751
0.937337
0.077063
0.054681
0.861775
0.096233
0.34543
0.359397
0.38606
0.501836
0.68032
0.157467
0.133772
0.156575
0.859393
0.899735
0.841145
0.025556
0.191154
0.169215
0.551393
0.124437
0.041107
0.885832
0.080833
0.001716
0.83601
0.416856
0.443085
0.540394
0.994766
0.898636
0.959767
0.033734
0.344582
0.596695
0.840319
0.933991
0.107346
0.897302
0.874258
0.021188
0.527491
0.232625
0.055843
0.741966
0.587941
0.587776
0.799026
0.002208
0.322836
0.11688
0.587051
0.302715
0.291099
0.249031
0.616196
0.103224
0.901831
0.586337
0.792816
0.739889
0.986634
0.292595
0.773338
0.419174
0.272162
0.69371
0.410968
0.697784
0.679611
0.516443
0.721798
0.984479
0.694028
0.580121
0.585224
0.99711
0.241143
0.178703
0.453859
0.544308
0.126147
0.648134
0.662751
0.619888
0.615306
0.396657
0.30689
0.746697
0.75617
0.531657
0.967628
0.01287
0.241796
0.840869
0.610231
0.772721
0.465466
0.187093
0.606065
0.308067
0.107795
0.14239
0.42148
0.774751
0.606797
0.444639
0.06584
0.951073
0.710975
0.633658
0.205541
0.037141
0.615294
0.962873
0.293379
0.787903
0.669617
0.233621
0.06837
0.420932
0.524962
0.61942
0.048693
0.380167
0.500241
0.597969
0.096478
0.485078
0.026784
0.14552
0.840765
0.165939
0.862484
0.104568
0.2341
0.755729
0.889192
0.386922
0.745014
0.39756
0.452602
0.229144
0.247509
0.503833
0.662907
0.064883
0.181875
0.509324
0.291058
0.164761
0.586159
0.77559
0.19958
0.598331
0.513459
0.162044
0.267021
0.909047
0.984633
0.371274
0.730391
0.56006
0.606392
0.318615
0.900517
0.515894
0.109567
0.892466
0.886456
0.541787
0.286874
0.543663
0.22702
0.572103
0.320784
0.882256
0.502404
0.12266
0.0022
0.08251
0.971838
0.981506
0.396778
0.48431
0.952699
0.086067
0.601386
0.72404
0.369296
0.845253
0.26209
0.95
0.691162
0.549812
0.70454
0.165406
0.814868
0.625846
0.103548
0.516304
0.778057
0.339839
0.727587
0.709505
0.702854
0.64675
0.169892
0.041342
0.111382
0.35987
0.272449
0.125325
0.501193
0.372476
0.426982
0.617467
0.720208
0.431125
0.13739
0.953761
0.506211
0.012635
0.745692
0.118419
0.683878
0.929442
0.958328
0.547344
0.716032
0.659901
0.90688
0.06077
0.304446
0.870157
0.863762
0.893177
0.554454
0.140842
0.258167
0.312125
0.684145
0.30768
0.887289
0.793871
0.772821
0.229052
0.844834
0.130502
0.926783
0.092668
0.020589
0.395838
0.893089
0.146596
0.097771
0.587357
0.7717
0.595288
0.589312
0.169661
0.907141
0.795977
0.058443
0.558802
0.774315
0.636002
0.371261
0.206378
0.244879
0.755695
0.351737
0.837406
0.822122
0.777111
0.569503
0.238715
0.925503
0.385161
0.885395
0.258839
0.304465
0.597413
0.821591
0.065269
0.662139
0.001515
0.250441
0.12914
0.934827
0.452386
0.958702
0.559958
0.367424
0.886492
0.178132
0.039799
0.600079
0.653357
0.86447
0.989481
0.425121
0.609868
0.808272
0.991922
0.995346
0.383981
0.478021
0.17369
0.007438
0.472517
0.063508
0.421791
0.98346
0.733978
0.14821
0.088762
0.071131
0.55513
0.30969
0.822926
0.222087
0.610183
0.203727
0.608996
0.759645
0.505081
0.660595
0.011121
0.468126
0.927295
0.89138
0.043526
0.715409
0.545849
0.920181
0.989348
0.771047
0.95906
0.177326
0.74973
0.923813
0.977684
0.304861
0.487192
0.602241
0.17219
0.016305
0.42593
0.414849
0.921648
0.151306
0.218862
0.140151
0.524507
0.351429
0.881277
0.374891
0.613759
0.220643
0.485235
0.606045
0.706691
0.426139
0.507927
0.123029
0.955649
0.07615
0.517356
0.794443
0.874326
0.046853
0.714054
0.47063
0.196512
0.102746
0.703602
0.052395
0.778996
0.224624
0.065958
0.433777
0.109764
0.826197
0.03947
0.777694
0.695511
0.737184
0.399371
0.214653
0.199271
0.014609
0.460029
0.301774
0.725745
0.475354
0.654462
0.889482
0.480847
0.47982
0.276453
0.191632
0.176687
0.645115
0.367535
0.66328
0.714522
0.614047
0.801536
0.227852
0.838891
0.233656
0.985616
0.467019
0.830173
0.116881
0.197913
0.625484
0.553654
0.662973
0.416502
0.396651
0.932602
0.339401
0.154696
0.218114
0.794002
0.709042
0.461881
0.527014
0.543849
0.802958
0.539314
0.964234
0.844341
0.699002
0.896194
0.496001
0.999574
0.770514
0.129684
0.551701
0.863698
0.235679
0.223805
0.533278
0.179984
0.416929
0.867049
0.819014
0.575498
0.175051
0.962462
0.410019
0.973471
0.93702
0.359621
0.56957
0.294566
0.94033
0.807363
0.927802
0.938372
0.104515
0.089901
0.125937
0.016278
0.607865
0.39417
0.29102
0.53799
0.775736
0.534185
0.334929
0.852315
0.810519
0.23254
0.420871
0.532078
0.420659
0.190332
0.004601
0.534307
0.575173
0.144133
0.536564
0.291318
0.918874
0.143209
0.608287
0.295823
0.456422
0.439359
0.818413
0.00154
0.392145
0.160781
0.548928
0.337774
0.703214
0.096433
0.485913
0.27829
0.011709
0.604655
0.621916
0.668308
0.297609
0.632276
0.743802
0.829362
0.537843
0.602169
0.182253
0.094651
0.169793
0.525455
0.97546
0.663557
0.791666
0.075694
0.383032
0.065293
0.346115
0.274068
0.437849
0.556269
0.0402
0.663042
0.944471
0.364147
0.980819
0.738959
0.384291
0.65261
0.423113
0.350411
0.018534
0.362361
0.636855
0.291732
0.364885
0.989341
0.34135
0.258491
0.944804
0.461098
0.325866
0.684147
0.490768
0.701103
0.505773
0.166975
0.327991
0.866997
0.93694
0.261007
0.969977
0.437681
0.880183
0.119925
0.986349
0.960937
0.512408
0.745199
0.597058
0.076265
0.74157
0.578057
0.926499
0.547701
0.762313
0.767505
0.524228
0.278449
0.75121
0.058678
0.845081
0.23472
0.288657
0.78412
0.676471
0.973181
0.591306
0.898608
0.559627
0.877043
0.440204
0.834644
0.778527
0.136513
0.212871
0.479221
0.955394
0.862967
0.848552
0.060819
0.859527
0.480836
0.001656
0.133831
0.819582
0.34257
0.184217
0.830828
0.094706
0.96882
0.589253
0.154034
0.181423
0.648759
0.249158
0.645099
0.430936
0.140587
0.257168
0.222089
0.529534
0.555673
0.358144
0.759339
0.351042
0.639156
0.875455
0.75774
0.502607
0.745565
0.414928
0.805084
0.854326
0.406048
0.544753
0.726448
0.528672
0.25674
0.041059
0.175107
0.751749
0.683465
0.689182
0.447206
0.936098
0.228591
0.820046
0.830482
0.544074
0.634823
0.004069
0.368544
0.089176
0.767905
0.776173
0.047683
0.098571
0.871232
0.648244
0.171162
0.981811
0.186548
0.266511
0.341213
0.617637
0.741854
0.972585
0.854801
0.437609
0.070922
0.618961
0.560907
0.520058
0.052182
0.856526
0.225667
0.287594
0.905278
0.339595
0.878093
0.680076
0.401856
0.445541
0.289263
0.484314
0.321712
0.194756
0.512949
0.985379
0.19425
0.452726
0.160871
0.248912
0.849982
0.548034
0.59186
0.511808
0.100235
0.356077
0.602014
0.936497
0.532927
0.05205
0.496351
0.715279
0.296105
0.836733
0.710317
0.217735
0.667154
0.693319
0.371573
0.58904
0.996652
0.771316
0.559484
0.436953
0.357928
0.905471
0.081337
0.671679
0.366319
0.330877
0.408283
0.224647
0.996562
0.600649
0.294456
0.532041
0.261486
0.011036
0.453001
0.624427
0.555755
0.992497
0.373228
0.745731
0.669062
0.537157
0.853149
0.369111
0.474031
0.428249
0.324862
0.151752
0.625199
0.604645
0.609186
0.831583
0.037635
0.855486
0.961658
0.331915
0.30112
0.262632
0.173907
0.063536
0.603129
0.366302
0.460527
0.8602
0.298846
0.581431
0.983964
0.251015
0.338289
0.50617
0.237207
0.440109
0.629819
0.686113
0.772699
0.920057
0.829449
0.803144
0.210895
0.512045
0.811378
0.282886
0.97497
0.764492
0.049465
0.774201
0.886627
0.765875
0.5562
0.002414
0.41471
0.62847
0.958837
0.384392
0.916393
0.105701
0.038936
0.155377
0.523296
0.412576
0.146616
0.507743
0.658969
0.126698
0.389365
0.623322
0.486477
0.959536
0.075308
0.844965
0.240403
0.609464
0.753038
0.677749
0.455182
0.399351
0.114329
0.982137
0.03967
0.245521
0.62587
0.102111
0.79692
0.365729
0.603354
0.546277
0.368775
0.732322
0.730727
0.236619
0.265566
0.276477
0.627405
0.019468
0.760941
0.37302
0.111225
0.643024
0.925064
0.239006
0.714616
0.858631
0.348909
0.582801
0.034084
0.900077
0.228194
0.18772
0.726535
0.141856
0.663967
0.23654
0.737588
0.797183
0.965104
0.515355
0.001633
0.091286
0.31931
0.908247
0.488811
0.048157
0.98127
0.560741
0.088997
0.996325
0.734416
0.625558
0.901217
0.62287
0.854753
0.797135
0.574023
0.372265
0.919185
0.772016
0.127497
0.987595
0.631016
0.524918
0.071779
0.664235
0.660544
0.41486
0.973712
0.806016
0.809353
0.405163
0.773268
0.703542
0.280743
0.754787
0.275862
0.596237
0.026013
0.285986
0.978885
0.048559
0.58587
0.078697
0.603867
0.411483
0.971092
0.555604
0.311036
0.895239
0.50612
0.898684
0.290145
0.961558
0.17418
0.674583
0.588065
0.964616
0.060675
0.450531
0.085742
0.523049
0.914448
0.153927
0.62875
0.198534
0.965503
0.226746
0.445546
0.291795
0.326219
0.577208
0.30826
0.481587
0.188787
0.427277
0.502094
0.509705
0.187635
0.328368
0.27902
0.171154
0.379871
0.373374
0.405128
0.8904
0.619152
0.35529
0.019113
0.660909
0.005601
0.631188
0.952802
0.000841
0.746731
0.996796
0.38788
0.934726
0.181873
0.569478
0.98083
0.895412
0.942738
0.032645
0.554597
0.006691
0.018522
0.150183
0.659241
0.478379
0.174805
0.773157
0.270133
0.320893
0.296402
0.229985
0.601758
0.855975
0.39638
0.29115
0.348368
0.08342
0.59919
0.668366
0.43194
0.931326
0.180474
0.742932
0.372144
0.313189
0.757957
0.328449
0.286512
0.720263
0.194563
0.423155
0.832072
0.569701
0.342353
0.240564
0.354554
0.781592
0.589943
0.968146
0.601649
0.633128
0.848044
0.897502
0.507412
0.657136
0.545124
0.024496
0.856359
0.388397
0.551046
0.237813
0.897883
0.808331
0.213204
0.415468
0.664945
0.51373
0.175924
0.360114
0.656519
0.523427
0.397727
0.46926
0.166651
0.548233
0.223664
0.540086
0.923129
0.092853
0.644899
0.672566
0.419009
0.632265
0.889077
0.618858
0.731009
0.094399
0.779883
0.701789
0.359168
0.270367
0.633442
0.102771
0.862453
0.28645
0.365949
0.195609
0.579215
0.705758
0.159054
0.229677
0.748511
0.18055
0.372579
0.698442
0.085712
0.508803
0.940941
0.448166
0.441885
0.964944
0.932705
0.24544
0.770696
0.679387
0.302503
0.56086
0.052901
0.232489
0.733974
0.617611
0.00584
0.650468
0.33643
0.508216
0.496079
0.632071
0.843054
0.497425
0.61679
0.171384
0.129182
0.247563
0.75147
0.325596
0.80526
0.198125
0.003206
0.878498
0.865696
0.647352
0.015491
0.371256
0.393885
0.689847
0.222001
0.846795
0.72751
0.963185
0.857598
0.729075
0.654423
0.253071
0.642239
0.906333
0.218059
0.094688
0.767194
0.908246
0.479937
0.452111
0.158478
0.916243
0.878746
0.291103
0.449877
0.963913
0.167518
0.174065
0.047307
0.820134
0.832229
0.048708
0.351001
0.463616
0.873908
0.768761
0.902674
0.310825
0.014093
0.806814
0.295705
0.758273
0.042059
0.193094
0.496407
0.67832
0.608487
0.021719
0.671624
0.207385
0.55362
0.889501
0.100647
0.908965
0.668197
0.470555
0.085867
0.523493
0.698803
0.852805
0.210678
0.694842
0.073657
0.430906
0.775803
0.111185
0.755517
0.498526
0.674652
0.114426
0.672546
0.093761
0.412271
0.73399
0.787479
0.129827
0.920687
0.486921
0.935847
0.186651
0.205151
0.18763
0.92131
0.121724
0.837854
0.368933
0.702692
0.976253
0.047596
0.877013
0.967474
0.181517
0.028978
0.037768
0.409733
0.935237
0.280929
0.260518
0.018622
0.623451
0.044385
0.738234
0.437532
0.007025
0.539654
0.523919
0.811771
0.951009
0.951112
0.975191
0.591775
0.287203
0.202908
0.365816
0.318587
0.762023
0.615848
0.260976
0.55573
0.204259
0.074441
0.07415
0.90215
0.287599
0.791454
0.695483
0.409026
0.84886
0.192387
0.259738
0.605524
0.542202
0.027854
0.347438
0.340748
0.08173
0.708494
0.155226
0.796374
0.059928
0.473316
0.260048
0.421668
0.561169
0.976068
0.681799
0.118999
0.175252
0.034638
0.241491
0.521375
0.453907
0.698916
0.618562
0.048219
0.101364
0.354533
0.276249
0.505789
0.044708
0.195107
0.549376
0.786373
0.234949
0.244165
0.874137
0.227603
0.59093
0.519043
0.569841
0.264894
0.266521
0.498133
0.037165
0.233725
0.985945
0.564151
0.084342
0.017582
0.935453
0.256546
0.518027
0.590184
0.040192
0.174105
0.360689
0.892988
0.934822
0.105882
0.765996
0.15403
0.864442
0.93663
0.383751
0.81195
0.355424
0.624796
0.232423
0.568083
0.184615
0.518666
0.474451
0.683678
0.752363
0.880726
0.374544
0.553482
0.091746
0.616501
0.871661
0.63817
0.883258
0.820455
0.10984
0.406313
0.285016
0.816725
0.530067
0.672693
0.087042
0.344985
0.187821
0.675103
0.314666
0.616435
0.841157
0.687442
0.240874
0.616427
0.559163
0.929778
0.034592
0.096734
0.622879
0.972425
0.464228
0.554386
0.686075
0.555182
0.861141
0.184721
0.374984
0.925333
0.968795
0.290432
0.894246
0.250249
0.66317
0.579523
0.91762
0.551727
0.917382
0.299476
0.153715
0.655978
0.069836
0.260127
0.972382
0.471343
0.992717
0.115712
0.662414
0.286919
0.767416
0.253173
0.249901
0.452594
0.36843
0.069387
0.158799
0.305288
0.999176
0.266947
0.079571
0.673721
0.121517
0.542914
0.952756
0.878168
0.23081
0.908063
0.946079
0.75852
0.40784
0.611801
0.847323
0.721191
0.636841
0.496432
0.78882
0.499188
0.619171
0.791467
0.984384
0.642213
0.183519
0.671113
0.994452
0.784674
0.620792
0.31292
0.428275
0.688066
0.632192
0.116669
0.727929
0.190501
0.515294
0.514295
0.665203
0.016462
0.614408
0.305136
0.394037
0.3231
0.255347
0.796192
0.845444
0.10546
0.366082
0.351569
0.102786
0.320973
0.104087
0.374328
0.53812
0.807477
0.252449
0.987431
0.723424
0.970409
0.680087
0.965264
0.229558
0.369949
0.037456
0.810598
0.935507
0.674711
0.95737
0.31346
0.671456
0.223731
0.45786
0.752827
0.399542
0.836281
0.52607
0.351323
0.524207
0.935305
0.947097
0.129459
0.869083
0.570306
0.772183
0.141876
0.881146
0.456278
0.750429
0.829862
0.761208
0.229856
0.432103
0.621326
0.870546
0.918293
0.942779
0.08273
0.806864
0.992628
0.026819
0.567195
0.212134
0.490978
0.528561
0.141984
0.922363
0.725496
0.113995
0.185761
0.380183
0.381832
0.022554
0.84029
0.571022
0.053021
0.835232
0.543988
0.988925
0.978383
0.904402
0.266405
0.424263
0.034572
0.803393
0.517969
0.222644
0.215348
0.371361
0.967096
0.468482
0.401132
0.7019
0.97912
0.931682
0.409134
0.599787
0.614138
0.654431
0.461764
0.951899
0.832387
0.482859
0.481073
0.777652
0.26881
0.896515
0.409456
0.252879
0.176547
0.878006
0.285418
0.230787
0.285255
0.569426
0.049968
0.812784
0.930534
0.272339
0.155079
0.982129
0.782195
0.184625
0.447592
0.357779
0.211113
0.63419
0.16773
0.340452
0.101744
0.92039
0.099797
0.977643
0.59898
0.201785
0.293163
0.614187
0.076622
0.572614
0.442261
0.31462
0.801232
0.614367
0.363726
0.52999
0.58476
0.212839
0.809834
0.839232
0.083867
0.674024
0.961505
0.376316
0.961855
0.784627
0.383372
0.235927
0.457784
0.14466
0.268543
0.89887
0.209239
0.731503
0.82224
0.261082
0.627498
0.07916
0.517523
0.945899
0.127901
0.816879
0.300908
0.996969
0.354443
0.915849
0.324682
0.014922
0.680223
0.254858
0.895505
0.535546
0.456556
0.37682
0.69375
0.621319
0.227953
0.067035
0.684317
0.256252
0.362943
0.820494
0.961279
0.66728
0.756857
0.573159
0.988744
0.73873
0.975259
0.619002
0.228941
0.164105
0.933986
0.589654
0.858572
0.574878
0.327266
0.207776
0.194132
0.435524
0.089859
0.195611
0.212284
0.113842
0.930528
0.213281
0.030395
0.765461
0.359442
0.419779
0.546822
0.683942
0.094952
0.337127
0.994143
0.783611
0.394666
0.065228
0.186636
0.660527
0.381357
0.604622
0.183941
0.688839
0.9727
0.618723
0.187982
0.012228
0.907084
0.73049
0.919659
0.047082
0.542521
0.022884
0.416693
0.569002
0.722103
0.267674
0.269535
0.287109
0.593211
0.273757
0.854089
0.389811
0.526271
0.364901
0.722185
0.065921
0.363893
0.087806
0.428099
0.299038
0.901014
0.038416
0.5532
0.960167
0.606121
0.73517
0.160981
0.289916
0.254233
0.908542
0.818261
0.616648
0.07766
0.888747
0.269128
0.494289
0.613013
0.240886
0.108002
0.633018
0.027263
0.352632
0.957603
0.791853
0.369886
0.776413
0.838253
0.66625
0.798047
0.097732
0.006528
0.84773
0.105051
0.635805
0.530242
0.228765
0.899453
0.659415
0.607662
0.886608
0.94368
0.03521
0.73429
0.569317
0.357088
0.787455
0.003318
0.392352
0.949698
0.197001
0.974603
0.362307
0.453805
0.591645
0.67874
0.868546
0.54684
0.934508
0.871238
0.71933
0.826767
0.330365
0.057194
0.114496
0.003695
0.433057
0.393658
0.389447
0.299558
0.11165
0.270061
0.610108
0.143983
0.528598
0.532287
0.610489
0.65786
0.166538
0.583452
0.244257
0.583186
0.836403
0.144523
0.787845
0.178653
0.174443
0.746314
0.180705
0.32349
0.04805
0.201721
0.339894
0.621797
0.116975
0.139934
0.827645
0.655212
0.770917
0.159911
0.61987
0.383076
0.85225
0.521764
0.565228
0.613173
0.888338
0.369784
0.870374
0.141566
0.526194
0.157025
0.356323
0.135309
0.365054
0.733376
0.416182
0.18829
0.145687
0.322919
0.125607
0.134864
0.474802
0.021364
0.293849
0.82312
0.841186
0.001102
0.032034
0.265814
0.375498
0.713408
0.894307
0.13269
0.755911
0.544829
0.216289
0.077614
0.330809
0.718806
0.407056
0.031239
0.257077
0.589076
0.847302
0.9126
0.599042
0.974777
0.151065
0.000352
0.038638
0.88227
0.052233
0.31873
0.074346
0.980661
0.050406
0.65191
0.383297
0.945211
0.316768
0.536893
0.981384
0.394223
0.645152
0.601916
0.632434
0.343771
0.899
0.821725
0.430771
0.12322
0.915899
0.629263
0.182615
0.861644
0.121427
0.611808
0.977309
0.118235
0.821286
0.265023
0.770586
0.46366
0.792078
0.417951
0.992452
0.323458
0.127445
0.507605
0.67644
0.318406
0.644295
0.019346
0.713876
0.545314
0.229231
0.829618
0.923671
0.183883
0.812021
0.424179
0.857114
0.330892
0.712737
0.757789
0.745222
0.278228
0.341574
0.426822
0.152145
0.785507
0.574134
0.613149
0.266845
0.138135
0.665791
0.356636
0.520211
0.38581
0.780636
0.162248
0.510546
0.204664
0.748482
0.166135
0.582374
0.989608
0.29576
0.345182
0.301071
0.732158
0.533321
0.165477
0.891616
0.378633
0.067473
0.877521
0.234677
0.067673
0.939944
0.50835
0.974171
0.949639
0.601049
0.465481
0.529742
0.361283
0.095301
0.683581
0.418876
0.368322
0.374944
0.95504
0.173762
0.041074
0.891691
0.827119
0.254417
0.049942
0.042992
0.940018
0.108724
0.625261
0.293841
0.964274
0.568491
0.041022
0.472374
0.394517
0.122138
0.003181
0.426414
0.998072
0.041977
0.139916
0.437068
0.228808
0.383749
0.061933
0.195526
0.911782
0.7735
0.257853
0.388419
0.646061
0.966894
0.759909
0.701707
0.009955
0.119656
0.007578
0.774116
0.396675
0.402636
0.944538
0.491748
0.535286
0.371395
0.837802
0.587347
0.339921
0.776265
0.916312
0.620715
0.237211
0.525632
0.219822
0.22591
0.990231
0.185353
0.925881
0.384875
0.079322
0.310588
0.700962
0.735047
0.377583
0.123133
0.803156
0.069605
0.528765
0.982076
0.013579
0.62594
0.902609
0.754478
0.199986
0.918092
0.550563
0.376522
0.8766
0.278678
0.297011
0.346342
0.477634
0.47079
0.942816
0.789551
0.1293
0.416062
0.193004
0.028612
0.173575
0.77488
0.407949
0.156789
0.510532
0.270304
0.122399
0.025193
0.06198
0.305362
0.937708
0.295124
0.802922
0.04332
0.808194
0.442233
0.057352
0.264089
0.015423
0.34136
0.522396
0.428302
0.565765
0.074629
0.180455
0.906188
0.437281
0.323967
0.445226
0.374658
0.965993
0.757758
0.695035
0.092582
0.562191
0.009535
0.91443
0.923712
0.256245
0.525126
0.82768
0.493406
0.589441
0.445118
0.095456
0.806416
0.996757
0.531021
0.065709
0.520607
0.06394
0.043224
0.304925
0.734437
0.650884
0.354183
0.650491
0.041251
0.619525
0.25084
0.727101
0.725635
0.002184
0.393998
0.077557
0.816065
0.538208
0.999477
0.089695
0.770162
0.768717
0.294949
0.735482
0.57009
0.655674
0.582392
0.19974
0.404745
0.490498
0.847253
0.287606
0.236726
0.608936
0.774715
0.007271
0.682631
0.942966
0.992088
0.952966
0.538897
0.496385
0.34462
0.025236
0.737932
0.281795
0.016784
0.370227
0.811454
0.835245
0.432997
0.688831
0.51301
0.287167
0.667884
0.193674
0.940411
0.444371
0.55228
0.166357
0.080752
0.249296
0.914598
0.831851
0.305676
0.688285
0.806072
0.891584
0.757977
0.322699
0.037771
0.097229
0.541809
0.636972
0.739072
0.412014
0.568066
0.763249
0.375568
0.832155
0.091213
0.559829
0.888697
0.404007
0.028935
0.770599
0.537243
0.685867
0.901978
0.198874
0.573245
0.607432
0.481038
0.488789
0.659136
0.184208
0.761493
0.650313
0.216448
0.464434
0.400829
0.771356
0.822034
0.004455
0.812241
0.409083
0.26209
0.877867
0.937232
0.163046
0.872908
0.971217
0.127049
0.713625
0.951781
0.824748
0.669527
0.738315
0.176666
0.192917
0.030287
0.896419
0.528655
0.520913
0.658234
0.753412
0.986699
0.560278
0.079405
0.189594
0.68544
0.842497
0.875504
0.281469
0.517836
0.560071
0.528791
0.517986
0.521522
0.437562
0.178441
0.982408
0.295998
0.852651
0.638915
0.645438
0.888058
0.931133
0.698991
0.377719
0.905353
0.289567
0.026767
0.238735
0.910336
0.984931
0.866695
0.217246
0.873887
0.91954
0.717236
0.328235
0.12232
0.773623
0.199849
0.305489
0.816843
0.352408
0.784053
0.232977
0.741486
0.443578
0.523603
0.472813
0.132176
0.333799
0.63927
0.816067
0.362165
0.255396
0.900346
0.088492
0.390305
0.369141
0.733611
0.671292
0.953331
0.736401
0.676746
0.65483
0.45115
0.114878
0.861975
0.916193
0.783143
0.319103
0.043303
0.900546
0.686378
0.651895
0.532205
0.177324
0.951933
0.451813
0.986907
0.582585
0.511292
0.961195
0.331933
0.016633
0.022416
0.377901
0.131322
0.679893
0.478031
0.538848
0.58402
0.249489
0.200735
0.123749
0.659011
0.536145
0.81733
0.203409
0.548444
0.880304
0.064655
0.957673
0.353716
0.476035
0.322864
0.561767
0.526671
0.21332
0.754131
0.608829
0.661068
0.451776
0.771204
0.329067
0.29912
0.431435
0.921125
0.846958
0.665045
0.643872
0.104012
0.726642
0.684946
0.452246
0.082994
0.466348
0.769444
0.963801
0.796453
0.006149
0.401599
0.356664
0.963163
0.233098
0.745812
0.911302
0.261134
0.418002
0.30015
0.826003
0.855491
0.556365
0.287746
0.981112
0.396878
0.421376
0.830133
0.271054
0.320486
0.108657
0.109516
0.49313
0.710338
0.014402
0.87947
0.406166
0.75978
0.009742
0.854173
0.852115
0.196755
0.075884
0.609621
0.834206
0.93136
0.131894
0.356038
0.897008
0.806669
0.233228
0.148315
0.576286
0.011427
0.262465
0.952986
0.957665
0.277576
0.340838
0.859052
0.685033
0.880051
0.334952
0.930191
0.18319
0.08565
0.413184
0.992097
0.588378
0.5598
0.381873
0.72614
0.252423
0.865496
0.249977
0.355501
0.005883
0.940529
0.774172
0.546461
0.585499
0.59913
0.305734
0.470697
0.531401
0.298364
0.075956
0.633172
0.368714
0.661259
0.10126
0.099114
0.833491
0.619747
0.682867
0.917804
0.56363
0.520405
0.444664
0.66942
0.119056
0.988363
0.490773
0.772012
0.002139
0.735022
0.990528
0.560912
0.026692
0.223781
0.759124
0.964412
0.102414
0.663445
0.496398
0.862334
0.084669
0.240624
0.344092
0.784111
0.346066
0.245604
0.067125
0.119566
0.328078
0.519622
0.021285
0.637678
0.626856
0.660943
0.875959
0.06888
0.817873
0.520108
0.978834
0.130077
0.064307
0.86901
0.10328
0.228084
0.690068
0.966381
0.862023
0.781196
0.236968
0.663715
0.513304
0.210671
0.608676
0.316767
0.533922
0.78105
0.817209
0.67285
0.10069
0.185629
0.266254
0.736396
0.081472
0.516901
0.156107
0.696294
0.659201
0.486674
0.756674
0.03113
0.835823
0.42167
0.870422
0.640676
0.421385
0.268886
0.718288
0.57954
0.009416
0.478155
0.355979
0.833336
0.355025
0.615666
0.935163
0.688564
0.081814
0.603715
0.186292
0.252359
0.434085
0.978539
0.712131
0.654682
0.689664
0.366551
0.203166
0.174061
0.553286
0.783656
0.003423
0.434345
0.959146
0.498293
0.465402
0.461057
0.857595
0.959309
0.182306
0.210115
0.915133
0.665471
0.979826
0.437763
0.50399
0.614925
0.250717
0.959157
0.790711
0.217669
0.104895
0.642858
0.508037
0.446704
0.810172
0.480284
0.705671
0.673872
0.295182
0.359308
0.706145
0.239466
0.119622
0.956685
0.623912
0.042722
0.921959
0.228899
0.568732
0.998378
0.878571
0.969922
0.676628
0.1566
0.824416
0.69034
0.23037
0.690861
0.611005
0.901659
0.679183
0.031521
0.853653
0.523097
0.121826
0.18288
0.629334
0.770652
0.850181
0.892432
0.783159
0.520596
0.341483
0.235894
0.676803
0.157864
0.364311
0.762277
0.168153
0.083863
0.353332
0.375544
0.504283
0.794699
0.048904
0.080006
0.624884
0.90386
0.387868
0.215419
0.991275
0.843401
0.475692
0.757115
0.064273
0.31148
0.142633
0.418311
0.036619
0.093502
0.030735
0.452392
0.611787
0.332676
0.20295
0.406509
0.831606
0.630002
0.004656
0.606389
0.857895
0.089169
0.797132
0.554904
0.533616
0.654672
0.624004
0.81588
0.12153
0.003296
0.280093
0.629977
0.463409
0.189441
0.12868
0.947406
0.853191
0.379011
0.033588
0.170982
0.393709
0.917296
0.123442
0.257159
0.830018
0.687143
0.974233
0.02037
0.952416
0.16734
0.479006
0.428853
0.01363
0.380974
0.190637
0.807313
0.962448
0.448739
0.663995
0.435779
0.080409
0.805189
0.249879
0.460428
0.565534
0.217792
0.473787
0.777984
0.719298
0.561977
0.337924
0.984338
0.705205
0.875613
0.329575
0.520011
0.114672
0.774025
0.169867
0.128104
0.144681
0.382955
0.197854
0.61345
0.67749
0.155557
0.541837
0.520385
0.539357
0.775733
0.95624
0.872803
0.427506
0.165609
0.730728
0.637969
0.986319
0.917406
0.963916
0.912132
0.36623
0.672406
0.088832
0.128888
0.123987
0.136549
0.361129
0.588224
0.677854
0.396091
0.095447
0.422962
0.874414
0.877032
0.218719
0.64296
0.893309
0.934637
0.641232
0.456198
0.744175
0.143692
0.076045
0.792891
0.597412
0.711853
0.206342
0.684854
0.23636
0.97749
0.803316
0.773064
0.612222
0.542103
0.008815
0.724117
0.661146
0.343668
0.399503
0.797424
0.474995
0.368298
0.7992
0.379732
0.988405
0.642014
0.274781
0.817514
0.777094
0.751676
0.171253
0.458584
0.698208
0.005891
0.712848
0.854722
0.737857
0.578739
0.026204
0.994166
0.797077
0.301858
0.922477
0.254201
0.295462
0.841241
0.811621
0.945283
0.049366
0.027823
0.521795
0.141477
0.969662
0.459217
0.588659
0.791078
0.684311
0.450152
0.760104
0.220689
0.741822
0.958212
0.780244
0.592712
0.586774
0.723076
0.266638
0.250691
0.540183
0.949593
0.768936
0.595397
0.874532
0.437514
0.080227
0.787092
0.995991
0.242794
0.871383
0.186296
0.829037
0.149616
0.40553
0.905101
0.814942
0.153113
0.503711
0.993831
0.337512
0.834945
0.230287
0.695869
0.48049
0.938551
0.468173
0.790488
0.680939
0.299078
0.22678
0.030911
0.50242
0.493598
0.921467
0.731465
0.373912
0.825853
0.098231
0.922986
0.985394
0.633553
0.192341
0.479377
0.357
0.373333
0.218699
0.72842
0.847042
0.814311
0.294916
0.372998
0.774931
0.45768
0.220748
0.796592
0.757502
0.900804
0.45506
0.573232
0.612736
0.770384
0.925594
0.144958
0.627638
0.476823
0.377843
0.102053
0.575381
0.927044
0.566068
0.717218
0.108059
0.732809
0.427806
0.062818
0.490017
0.315581
0.638287
0.773932
0.895692
0.441895
0.777794
0.837105
0.213868
0.292804
0.323712
0.147555
0.01708
0.379712
0.016614
0.993854
0.208183
0.10834
0.211055
0.778959
0.270943
0.201224
0.059995
0.167359
0.937409
0.612458
0.173103
0.998171
0.605586
0.724351
0.971019
0.653551
0.311917
0.980873
0.679015
0.329574
0.82907
0.217882
0.81062
0.750847
0.610007
0.901313
0.895408
0.603801
0.048757
0.812177
0.78295
0.649564
0.932734
0.699541
0.873892
0.821676
0.249364
0.388264
0.823927
0.349704
0.616615
0.83911
0.771199
0.154316
0.816956
0.555706
0.631799
0.150623
0.680719
0.747373
0.353745
0.893384
0.986054
0.861713
0.978523
0.917806
0.417344
0.604634
0.388695
0.39822
0.449923
0.168573
0.738907
0.064873
0.730458
0.479254
0.922863
0.204783
0.341042
0.257473
0.202516
0.82135
0.596684
0.297663
0.339023
0.558388
0.239097
0.558246
0.441223
0.887426
0.707169
0.180288
0.22958
0.62605
0.059711
0.553435
0.30437
0.68855
0.951941
0.890771
0.812229
0.48662
0.283597
0.695899
0.820049
0.51875
0.730814
0.908142
0.183903
0.729339
0.854721
0.068741
0.418259
0.102036
0.029839
0.222782
0.10761
0.381298
0.663037
0.657259
0.991878
0.598673
0.033186
0.492988
0.85952
0.637756
0.873274
0.93107
0.556951
0.655948
0.685848
0.223848
0.001484
0.118529
0.736333
0.160341
0.170661
0.152092
0.501403
0.229595
0.447294
0.283505
0.12382
0.207776
0.610571
0.9637
0.007658
0.816595
0.164349
0.520278
0.174593
0.759619
0.736168
0.917326
0.734819
0.880394
0.980464
0.243745
0.933566
0.567776
0.01578
0.557498
0.566191
0.578927
0.365546
0.827265
0.706717
0.373943
0.346995
0.54005
0.973107
0.543897
0.424367
0.455283
0.685413
0.590073
0.105633
0.413108
0.575102
0.550717
0.987415
0.345996
0.897709
0.417286
0.199616
0.207488
0.242516
0.599649
0.607581
0.193341
0.988887
0.709095
0.20187
0.370559
0.814194
0.78646
0.164833
0.096078
0.844838
0.866789
0.861546
0.471134
0.536377
0.360916
0.217285
0.992731
0.407699
0.910866
0.838296
0.036966
0.569498
0.713543
0.988727
0.702803
0.455145
0.560493
0.999445
0.24602
0.304274
0.095872
0.487427
0.306376
0.339256
0.968448
0.660207
0.447323
0.640306
0.754752
0.15867
0.69008
0.844814
0.373614
0.411837
0.053445
0.199456
0.923652
0.149794
0.129849
0.550497
0.872709
0.793488
0.787254
0.065044
0.604836
0.19556
0.193361
0.090553
0.938842
0.05083
0.913956
0.596797
0.619513
0.488024
0.554035
0.164359
0.895093
0.249613
0.716043
0.987408
0.875929
0.626371
0.699311
0.685154
0.607691
0.919614
0.003801
0.417949
0.896572
0.195999
0.285948
0.702195
0.073422
0.421586
0.974029
0.61037
0.146942
0.172194
0.907757
0.943182
0.474879
0.085254
0.651171
0.249408
0.043407
0.424449
0.381586
0.015582
0.266484
0.945135
0.745619
0.19315
0.023329
0.060759
0.755096
0.455244
0.774629
0.51147
0.764856
0.953833
0.108721
0.624303
0.508042
0.562507
0.983766
0.285877
0.572454
0.753685
0.099216
0.662526
0.478846
0.777154
0.207628
0.293947
0.724748
0.998402
0.421837
0.932258
0.379551
0.203357
0.926067
0.215324
0.976214
0.01429
0.33461
0.692428
0.604012
0.141211
0.768372
0.374514
0.379301
0.126157
0.127488
0.352763
0.680581
0.805002
0.24947
0.381664
0.367048
0.658664
0.457685
0.164957
0.053815
0.241406
0.701494
0.133411
0.365144
0.574477
0.848637
0.48196
0.519561
0.254306
0.659509
0.47227
0.627128
0.666496
0.51934
0.990547
0.473415
0.485439
0.986054
0.625946
0.710208
0.950089
0.137214
0.53829
0.722335
0.158222
0.970795
0.071142
0.612786
0.429087
0.873772
0.456818
0.913132
0.747985
0.344565
0.650649
0.446952
0.598559
0.389676
0.849997
0.776499
0.72636
0.228807
0.742465
0.007121
0.709515
0.579392
0.054327
0.045505
0.019098
0.10139
0.129877
0.790752
0.539182
0.898579
0.922888
0.30064
0.390447
0.137711
0.181107
0.860395
0.281869
0.160902
0.182593
0.549832
0.489472
0.952299
0.030956
0.876208
0.022283
0.589372
0.969097
0.490072
0.184273
0.028325
0.599904
0.41323
0.930392
0.402664
0.506354
0.676429
0.980893
0.842012
0.410225
0.415446
0.435398
0.911368
0.922257
0.865244
0.99824
0.01651
0.547122
0.800331
0.914857
0.711074
0.748001
0.752405
0.186571
0.340822
0.054659
0.234366
0.147644
0.05084
0.894167
0.426752
0.623015
0.998789
0.883925
0.268134
0.831828
0.966477
0.896958
0.082186
0.74204
0.893175
0.911261
0.250487
0.483198
0.419626
0.343951
0.149666
0.244759
0.549848
0.694533
0.713221
0.117664
0.257008
0.294274
0.364381
0.125773
0.024098
0.374239
0.772218
0.703236
0.071058
0.466439
0.18135
0.228059
0.849406
0.378764
0.326996
0.137151
0.764965
0.814177
0.999058
0.116769
0.396851
0.297033
0.479955
0.424736
0.718276
0.343722
0.988866
0.849982
0.299706
0.833334
0.306716
0.386186
0.97626
0.791306
0.04172
0.556154
0.241774
0.590045
0.183442
0.290987
0.135887
0.408326
0.291739
0.105788
0.720705
0.29061
0.843686
0.324981
0.896687
0.503314
0.324468
0.109932
0.550015
0.800319
0.328299
0.277056
0.518562
0.334417
0.984974
0.593151
0.917383
0.716885
0.50126
0.707918
0.238427
0.607175
0.676683
0.547608
0.965355
0.052077
0.897917
0.261072
0.522749
0.88466
0.98224
0.003848
0.603046
0.926741
0.086933
0.481502
0.24819
0.858418
0.358491
0.097296
0.077208
0.992635
0.639282
0.143283
0.581115
0.143668
0.843314
0.405205
0.3157
0.683134
0.026993
0.262909
0.297328
0.083279
0.844322
0.117805
0.113316
0.57066
0.286089
0.779668
0.865846
0.214572
0.768831
0.14952
0.602453
0.845267
0.446665
0.382495
0.358132
0.147288
0.624247
0.696931
0.461743
0.61331
0.990241
0.170129
0.73856
0.644539
0.784792
0.346055
0.726799
0.16754
0.897948
0.55368
0.57048
0.731863
0.092939
0.940159
0.351365
0.039214
0.917816
0.332189
0.095699
0.564746
0.752827
0.064211
0.640392
0.103277
0.804478
0.75919
0.837625
0.779464
0.036066
0.834112
0.062998
0.829402
0.327433
0.501525
0.585506
0.533823
0.380404
0.732982
0.539722
0.913002
0.654323
0.463529
0.60479
0.889379
0.648697
0.767523
0.439649
0.654836
0.404352
0.163966
0.037835
0.989727
0.129749
0.39252
0.47847
0.034355
0.726447
0.296644
0.302303
0.509801
0.721338
0.211055
0.536329
0.707133
0.81348
0.166712
0.219109
0.041272
0.382005
0.480444
0.27934
0.781805
0.636119
0.00493
0.010037
0.47367
0.700359
0.490217
0.204211
0.950394
0.565121
0.792543
0.856888
0.263785
0.763527
0.680915
0.445409
0.547239
0.6534
0.188674
0.530306
0.823724
0.34015
0.500655
0.881999
0.278289
0.429208
0.83179
0.468904
0.488724
0.580898
0.642913
0.926602
0.069926
0.810473
0.939213
0.988859
0.444835
0.048
0.092272
0.451925
0.539198
0.581579
0.945717
0.3995
0.455235
0.567465
0.990243
0.053292
0.383703
0.849681
0.018272
0.745683
0.747733
0.987655
0.891469
0.382266
0.449453
0.548754
0.112084
0.361693
0.199039
0.97841
0.868493
0.398417
0.688158
0.773345
0.032957
0.081805
0.902936
0.3421
0.103299
0.468449
0.692828
0.842861
0.810441
0.305741
0.252765
0.69783
0.208035
0.979797
0.915632
0.789965
0.735791
0.17343
0.629497
0.60096
0.589275
0.603432
0.429706
0.758773
0.177104
0.420615
0.841594
0.547188
0.64349
0.19526
0.225892
0.61556
0.071189
0.588067
0.079042
0.962598
0.637271
0.61749
0.526672
0.881393
0.332375
0.920116
0.224136
0.934574
0.866155
0.055271
0.570619
0.153172
0.682815
0.510182
0.577826
0.793702
0.561529
0.380398
0.259371
0.632066
0.012649
0.61739
0.803738
0.182323
0.951794
0.712942
0.471593
0.584363
0.596297
0.221799
0.967908
0.810081
0.834617
0.426307
0.675885
0.932536
0.577422
0.422696
0.068276
0.049289
0.555283
0.946875
0.07003
0.495446
0.609767
0.977507
0.635212
0.200035
0.239572
0.69883
0.580244
0.021264
0.514958
0.929297
0.673245
0.28659
0.776656
0.957403
0.309227
0.355752
0.082454
0.517141
0.093726
0.12808
0.324381
0.559006
0.19433
0.537355
0.504506
0.173728
0.270946
0.192775
0.669573
0.481989
0.44383
0.902647
0.639828
0.092622
0.615303
0.873867
0.799229
0.498572
0.941271
0.874004
0.812368
0.204683
0.742229
0.520111
0.164659
0.910087
0.278127
0.247963
0.21706
0.145343
0.31922
0.298114
0.733206
0.547437
0.050475
0.989562
0.623604
0.739927
0.929441
0.10839
0.501909
0.174152
0.67991
0.685782
0.74938
0.443926
0.738513
0.078827
0.24147
0.175132
0.463576
0.570991
0.606106
0.582308
0.219984
0.231741
0.386614
0.082831
0.762478
0.614797
0.698213
0.713928
0.552719
0.145292
0.528588
0.516634
0.461916
0.844844
0.327612
0.373248
0.849043
0.324225
0.423107
0.151855
0.201831
0.258011
0.998615
0.947199
0.175837
0.282928
0.613503
0.460318
0.00594
0.441838
0.576299
0.015866
0.981819
0.661654
0.711856
0.186707
0.587484
0.835165
0.81663
0.829326
0.187465
0.251085
0.064228
0.932108
0.421945
0.047789
0.559111
0.016036
0.870389
0.931846
0.763158
0.812534
0.575439
0.202607
0.354989
0.365094
0.993448
0.3592
0.682542
0.335412
0.498165
0.83711
0.978937
0.937126
0.261115
0.758136
0.372747
0.508039
0.158817
0.530997
0.437804
0.06868
0.24613
0.01975
0.677861
0.727909
0.911043
0.207775
0.351712
0.339651
0.259719
0.640174
0.496384
0.084078
0.352895
0.566794
0.597795
0.771059
0.725537
0.775706
0.916878
0.189317
0.226056
0.531491
0.173098
0.542374
0.247177
0.794266
0.984218
0.615697
0.942298
0.792246
0.862342
0.96078
0.914112
0.6137
0.483021
0.992618
0.60894
0.489335
0.4289
0.575441
0.097796
0.481255
0.229809
0.582472
0.805685
0.907413
0.952
0.9905
0.774917
0.55201
0.08984
0.052744
0.070086
0.156275
0.046627
0.478499
0.6301
0.707058
0.296842
0.745392
0.872215
0.718229
0.951779
0.277508
0.864822
0.218166
0.645798
0.088624
0.189292
0.564077
0.166362
0.785905
0.061477
0.027078
0.106496
0.254625
0.368557
0.602678
0.509256
0.024882
0.841836
0.203534
0.925946
0.08771
0.660581
0.631972
0.711048
0.038635
0.884987
0.856772
0.61436
0.872403
0.871758
0.274903
0.175197
0.479137
0.718692
0.545389
0.609665
0.991018
0.236049
0.787194
0.577108
0.836975
0.265766
0.32805
0.897096
0.609989
0.059207
0.917366
0.517711
0.164437
0.546093
0.068831
0.365403
0.857444
0.505331
0.507112
0.052853
0.534476
0.89039
0.529349
0.328859
0.590433
0.772002
0.136145
0.851715
0.701388
0.134344
0.623034
0.177046
0.094575
0.396989
0.129793
0.386258
0.361877
0.522787
0.038028
0.130175
0.412529
0.379155
0.643425
0.596174
0.844928
0.951922
0.577968
0.518163
0.157236
0.672645
0.932254
0.235338
0.286744
0.991239
0.528032
0.49916
0.436194
0.127613
0.039046
0.281377
0.496729
0.008308
0.892837
0.552749
0.440648
0.638907
0.511361
0.576958
0.363743
0.795298
0.10602
0.715714
0.333691
0.275631
0.57899
0.261454
0.698327
0.740005
0.119778
0.73869
0.464678
0.740141
0.237994
0.087523
0.450556
0.727176
0.24109
0.234453
0.281638
0.407264
0.471916
0.315179
0.801141
0.117452
0.348028
0.120863
0.887793
0.817478
0.012107
0.539317
0.616793
0.552346
0.275152
0.271496
0.36545
0.561166
0.106845
0.442206
0.096507
0.674204
0.746268
0.19026
0.578651
0.029545
0.436768
0.29885
0.009332
0.777689
0.011738
0.531246
0.339031
0.501914
0.990648
0.583428
0.425487
0.305596
0.33774
0.835338
0.423313
0.169172
0.526902
0.062001
0.747108
0.377357
0.944345
0.936671
0.768238
0.810401
0.628463
0.691422
0.618623
0.833391
0.398902
0.744017
0.923625
0.400327
0.140278
0.133213
0.337647
0.577974
0.45014
0.165341
0.611879
0.374657
0.851241
0.748473
0.414505
0.619045
0.159458
0.37334
0.797901
0.383233
0.629455
0.633738
0.860809
0.849845
0.926386
0.50894
0.310402
0.455513
0.050242
0.629879
0.06228
0.741376
0.132906
0.253544
0.888413
0.231091
0.028598
0.552927
0.25128
0.318837
0.212851
0.402188
0.878131
0.389263
0.527858
0.342506
0.591241
0.372626
0.461078
0.900418
0.35309
0.153173
0.239441
0.538614
0.217054
0.323207
0.075081
0.972913
0.039753
0.713316
0.161044
0.590539
0.497239
0.931042
0.297397
0.200371
0.051974
0.806989
0.701414
0.72024
0.603045
0.345704
0.031196
0.054094
0.0044
0.9835
0.515592
0.865057
0.70406
0.454535
0.433633
0.468537
0.69788
0.140153
0.931658
0.398373
0.105629
0.728905
0.262332
0.96682
0.990069
0.881993
0.534471
0.08033
0.442447
0.321277
0.757211
0.334839
0.956128
0.751289
0.287244
0.676783
0.489485
0.116446
0.425084
0.444752
0.73704
0.51704
0.641693
0.120891
0.508446
0.898359
0.434759
0.928918
0.764294
0.191309
0.534471
0.437772
0.593077
0.444118
0.330966
0.485204
0.272841
0.671383
0.357814
0.919508
0.11312
0.668025
0.607355
0.438513
0.327507
0.364915
0.983518
0.125201
0.196271
0.93019
0.194278
0.169475
0.720158
0.599113
0.156387
0.902493
0.794593
0.961272
0.767775
0.948295
0.075175
0.781477
0.631239
0.058528
0.757689
0.188865
0.037264
0.5978
0.02712
0.846413
0.931324
0.964477
0.573018
0.624185
0.644679
0.428752
0.66036
0.032249
0.274527
0.640419
0.41064
0.035614
0.775878
0.442015
0.257904
0.553488
0.295726
0.98353
0.511265
0.435593
0.741998
0.196035
0.587192
0.312007
0.411752
0.196175
0.455653
0.098235
0.848202
0.486813
0.735753
0.188243
0.006471
0.985016
0.085345
0.674415
0.890633
0.151455
0.129415
0.965437
0.819644
0.514081
0.607794
0.267025
0.711686
0.827808
0.526742
0.665568
0.909433
0.550659
0.439881
0.448405
0.01784
0.452721
0.885299
0.04472
0.638032
0.775918
0.333956
0.084832
0.905621
0.675762
0.688206
0.341009
0.485069
0.468871
0.436104
0.892749
0.797829
0.014155
0.231903
0.068417
0.590889
0.877733
0.402217
0.732679
0.128369
0.428686
0.232596
0.912004
0.101982
0.147547
0.520145
0.826212
0.789692
0.785315
0.390638
0.490717
0.440986
0.066649
0.548197
0.002123
0.46134
0.748626
0.278565
0.919604
0.83666
0.911415
0.021872
0.992732
0.381777
0.585555
0.967438
0.002479
0.663017
0.903677
0.334846
0.5152
0.34229
0.617492
0.856209
0.111188
0.597145
0.170839
0.348557
0.653528
0.969089
0.923676
0.117026
0.572352
0.930024
0.9788
0.004458
0.818837
0.344526
0.820419
0.796571
0.502496
0.161716
0.008379
0.647401
0.214874
0.031066
0.641972
0.775965
0.29443
0.242586
0.562422
0.561648
0.293263
0.373718
0.014351
0.772198
0.578279
0.471241
0.887488
0.422173
0.133686
0.843081
0.317564
0.640666
0.555278
0.900692
0.306965
0.421042
0.491605
0.062723
0.835337
0.283197
0.494906
0.514624
0.275745
0.383447
0.82012
0.936699
0.024485
0.951817
0.244355
0.102247
0.46342
0.239818
0.896735
0.100486
0.760894
0.826199
0.676543
0.727485
0.912031
0.235808
0.104964
0.363119
0.738302
0.924008
0.143176
0.365385
0.414513
0.840492
0.965672
0.721178
0.269078
0.694814
0.190397
0.21783
0.073103
0.875262
0.272598
0.455356
0.529261
0.950376
0.760924
0.253997
0.891925
0.819104
0.647622
0.576718
0.654735
0.899353
0.733198
0.976105
0.260281
0.258577
0.575069
0.812138
0.425941
0.626999
0.717786
0.497107
0.258524
0.384064
0.21656
0.506406
0.477172
0.942442
0.889621
0.459213
0.086832
0.259425
0.160871
0.161211
0.072772
0.678666
0.426417
0.473775
0.897274
0.179257
0.61084
0.409046
0.189026
0.721956
0.131319
0.675573
0.155331
0.029082
0.577784
0.115646
0.432134
0.439123
0.979362
0.030201
0.498103
0.44518
0.346757
0.74394
0.282171
0.225539
0.493207
0.99352
0.859415
0.401014
0.016729
0.787919
0.724066
0.461314
0.150279
0.73606
0.811989
0.471073
0.279907
0.630598
0.6821
0.975307
0.258419
0.347703
0.201869
0.76024
0.664329
0.050575
0.414164
0.50892
0.91698
0.836503
0.143486
0.098303
0.044382
0.469632
0.383445
0.24825
0.087907
0.258627
0.609252
0.54327
0.447839
0.851995
0.223841
0.818153
0.697769
0.582095
0.445551
0.566931
0.753105
0.81717
0.076472
0.885466
0.567362
0.451881
0.595229
0.369099
0.2897
0.886555
0.91883
0.20309
0.6369
0.603324
0.224534
0.053943
0.175551
0.744044
0.01959
0.165806
0.34478
0.970685
0.191013
0.296223
0.671176
0.673773
0.195361
0.624856
0.806358
0.578129
0.522177
0.568879
0.426732
0.295891
0.449202
0.698412
0.986477
0.525967
0.864822
0.757961
0.670836
0.753439
0.24894
0.882024
0.04239
0.759426
0.34244
0.118182
0.515278
0.473538
0.652533
0.716673
0.932153
0.883889
0.953241
0.309313
0.690743
0.332403
0.577099
0.849245
0.00101
0.799087
0.453337
0.831107
0.427015
0.498693
0.735208
0.852676
0.146644
0.076839
0.015297
0.317295
0.944295
0.604088
0.299536
0.927987
0.899974
0.391967
0.723064
0.251616
0.008762
0.044031
0.163073
0.07026
0.520516
0.50527
0.925996
0.190529
0.030492
0.123764
0.35994
0.146608
0.587797
0.036947
0.566487
0.327442
0.313931
0.355697
0.735934
0.706337
0.022215
0.92038
0.096903
0.351665
0.025589
0.857521
0.587258
0.221375
0.85797
0.410676
0.426251
0.514119
0.763417
0.321724
0.423233
0.042956
0.282765
0.083498
0.705492
0.301974
0.902585
0.832966
0.155771
0.454139
0.514417
0.182814
0.61501
0.888239
0.519098
0.83828
0.460426
0.853293
0.220603
0.364126
0.686565
0.087845
0.503939
0.451468
0.946546
0.473875
0.67946
0.20553
0.869562
0.987239
0.563286
0.509916
0.205939
0.65167
0.793637
0.314313
0.389424
0.762544
0.913435
0.199082
0.1365
0.995446
0.668678
0.873017
0.112007
0.142794
0.658108
0.214908
0.830966
0.703037
0.577964
0.904653
0.778877
0.790057
0.640976
0.322713
0.921722
0.315223
0.352218
0.02704
0.152875
0.212609
0.910445
0.024979
0.055668
0.173378
0.625162
0.285165
0.925483
0.652791
0.931248
0.738879
0.981282
0.506765
0.926386
0.822536
0.972679
0.325541
0.753113
0.927499
0.992546
0.786274
0.021164
0.92198
0.465163
0.685061
0.432507
0.407652
0.501519
0.666672
0.219188
0.068609
0.07243
0.145245
0.292227
0.435341
0.625187
0.88799
0.753033
0.477018
0.587747
0.136872
0.904046
0.100124
0.40585
0.599753
0.823151
0.679762
0.444388
0.164411
0.720517
0.347203
0.228388
0.118671
0.947393
0.313303
0.298033
0.335106
0.34901
0.555548
0.394117
0.330345
0.620865
0.251419
0.673413
0.326847
0.209656
0.017098
0.312198
0.556354
0.599866
0.438202
0.568244
0.552122
0.192742
0.153282
0.104195
0.456048
0.807323
0.410306
0.933906
0.831646
0.322282
0.637183
0.325622
0.981486
0.86361
0.450098
0.716155
0.998103
0.724376
0.841071
0.756594
0.851446
0.040858
0.065192
0.240948
0.179558
0.765579
0.751405
0.693102
0.698847
0.92925
0.755959
0.721712
0.056564
0.448988
0.743788
0.103539
0.394242
0.516376
0.787368
0.114854
0.963186
0.332524
0.5347
0.145126
0.335361
0.750932
0.374601
0.598384
0.649894
0.401608
0.25389
0.967142
0.427471
0.833131
0.217005
0.626324
0.333419
0.46693
0.45996
0.531389
0.11238
0.266166
0.282227
0.565387
0.609003
0.419939
0.923153
0.911975
0.45375
0.820404
0.146777
0.20431
0.400434
0.922713
0.87135
0.745771
0.255347
0.495407
0.577644
0.952436
0.747995
0.53923
0.289394
0.160438
0.529015
0.087735
0.836643
0.488754
0.866872
0.630848
0.608507
0.40695
0.287547
0.195709
0.534185
0.534574
0.407504
0.989482
0.796316
0.894963
0.596507
0.657973
0.134036
0.520416
0.297925
0.17199
0.365288
0.421962
0.150372
0.785763
0.220473
0.630417
0.448088
0.570183
0.017261
0.734308
0.233427
0.335715
0.3994
0.225198
0.917468
0.837495
0.131574
0.74302
0.982333
0.217741
0.366296
0.001541
0.147142
0.372586
0.98074
0.356434
0.867541
0.051133
0.398824
0.864255
0.936234
0.308258
0.209538
0.051287
0.746419
0.940247
0.764707
0.456099
0.382851
0.052945
0.525978
0.42557
0.845775
0.101729
0.674552
0.33811
0.991176
0.354685
0.008165
0.619221
0.154611
0.915484
0.866608
0.862465
0.204756
0.890948
0.19811
0.287591
0.183437
0.920318
0.633331
0.070124
0.074201
0.791953
0.795205
0.398368
0.584756
0.815019
0.939731
0.635092
0.646774
0.435899
0.204991
0.110801
0.469121
0.672067
0.31673
0.706033
0.214931
0.067226
0.82032
0.226897
0.018056
0.234771
0.345732
0.325526
0.006757
0.996257
0.254496
0.808569
0.944938
0.617555
0.411365
0.911811
0.644365
0.291534
0.956154
0.885948
0.562537
0.122444
0.184963
0.646054
0.971751
0.894304
0.434327
0.133889
0.148561
0.173515
0.799707
0.44173
0.636402
0.251322
0.866413
0.75802
0.884948
0.837275
0.006076
0.159091
0.348335
0.22215
0.033435
0.635099
0.309612
0.878066
0.073507
0.00593
0.616643
0.168097
0.911459
0.367075
0.468792
0.384122
0.240362
0.484847
0.173271
0.980936
0.180315
0.831062
0.382192
0.732915
0.356231
0.958344
0.731114
0.663762
0.933144
0.464503
0.518144
0.059542
0.388991
0.169002
0.197076
0.43442
0.284641
0.74671
0.918721
0.864903
0.621003
0.901904
0.928092
0.12074
0.278154
0.372509
0.012
0.192006
0.496885
0.394165
0.829535
0.724074
0.042007
0.92899
0.060951
0.847282
0.399051
0.329016
0.468231
0.153898
0.984623
0.285102
0.044157
0.832529
0.208416
0.764634
0.876571
0.838839
0.096639
0.26286
0.43203
0.644482
0.013426
0.297447
0.574543
0.902236
0.278108
0.278622
0.605007
0.69723
0.523315
0.985431
0.921061
0.144519
0.320148
0.700055
0.03557
0.291045
0.89453
0.849791
0.03125
0.750488
0.749659
0.440063
0.902898
0.558537
0.316897
0.064046
0.620707
0.786632
0.170955
0.211188
0.715838
0.314516
0.561476
0.019338
0.360344
0.101403
0.108109
0.002025
0.495112
0.299631
0.599364
0.373027
0.349666
0.582273
0.67493
0.987754
0.381963
0.414076
0.535941
0.024128
0.912264
0.619457
0.200788
0.572569
0.970469
0.199769
0.847388
0.447485
0.747048
0.827471
0.500808
0.876706
0.487642
0.808365
0.245793
0.456716
0.074286
0.877679
0.154635
0.064605
0.043606
0.756842
0.683798
0.617168
0.533954
0.507904
0.004181
0.831283
0.638258
0.937411
0.820621
0.097814
0.706921
0.427858
0.242989
0.656446
0.026804
0.868902
0.848839
0.79267
0.581177
0.105524
0.864087
0.258721
0.808037
0.074049
0.10254
0.838
0.451133
0.94373
0.786184
0.454606
0.785541
0.23018
0.837613
0.361865
0.739477
0.560926
0.170749
0.708398
0.773554
0.634089
0.749852
0.124387
0.426628
0.028114
0.148492
0.749727
0.626522
0.219686
0.902842
0.741709
0.767933
0.217731
0.229368
0.336038
0.986365
0.15305
0.723434
0.56246
0.569467
0.857272
0.042237
0.524475
0.440464
0.065257
0.898754
0.651507
0.192232
0.862175
0.183973
0.609564
0.29663
0.021152
0.874249
0.052614
0.648479
0.039177
0.632507
0.946908
0.365523
0.751871
0.939558
0.815471
0.327299
0.248828
0.250031
0.194448
0.532269
0.233681
0.713951
0.314321
0.945483
0.593115
0.517543
0.576712
0.321645
0.069496
0.2365
0.509429
0.051335
0.843949
0.694959
0.051459
0.823283
0.301491
0.819549
0.176357
0.07837
0.498803
0.8135
0.961666
0.299535
0.920235
0.799095
0.980914
0.71591
0.088347
0.717132
0.847011
0.792313
0.207836
0.279534
0.769043
0.610002
0.997522
0.795608
0.34348
0.66225
0.709322
0.53116
0.913274
0.761529
0.038876
0.766017
0.720538
0.733765
0.2362
0.182926
0.185696
0.185565
0.666946
0.588588
0.909342
0.616309
0.188141
0.418184
0.330388
0.510795
0.682066
0.454649
0.426425
0.294698
0.178947
0.584572
0.904282
0.569103
0.671351
0.902529
0.24059
0.862947
0.045904
0.996903
0.942169
0.22779
0.200371
0.151419
0.166418
0.492115
0.130371
0.083778
0.973253
0.876688
0.938494
0.788176
0.440053
0.628772
0.389718
0.754458
0.448767
0.497738
0.882355
0.253413
0.844813
0.15213
0.632131
0.887804
0.300017
0.322235
0.894236
0.118749
0.063932
0.80568
0.298361
0.144434
0.790529
0.281805
0.839434
0.000281
0.59494
0.755714
0.136111
0.042214
0.865147
0.701624
0.50613
0.230639
0.906225
0.703318
0.558603
0.682383
0.273431
0.450603
0.042967
0.013797
0.859617
0.397006
0.639544
0.305909
0.060095
0.664434
0.527851
0.901324
0.270369
0.190056
0.450693
0.371545
0.350442
0.666651
0.07653
0.014995
0.777842
0.490577
0.924664
0.282822
0.416067
0.80003
0.502734
0.043425
0.561609
0.388398
0.666835
0.929713
0.119839
0.023089
0.324581
0.067116
0.146007
0.119271
0.605274
0.246043
0.998017
0.544269
0.132685
0.867607
0.348698
0.511965
0.163414
0.374341
0.18247
0.615696
0.667188
0.898395
0.317017
0.185992
0.756118
0.304146
0.786569
0.304781
0.66898
0.080669
0.418961
0.433617
0.685693
0.560463
0.667637
0.518814
0.024495
0.464805
0.543036
0.351242
0.983671
0.228526
0.810421
0.803033
0.250596
0.054311
0.825507
0.551986
0.48963
0.699584
0.922679
0.058442
0.15761
0.475525
0.741966
0.904915
0.496527
0.910393
0.013313
0.004015
0.953024
0.981618
0.32724
0.647446
0.443454
0.819994
0.354632
0.31416
0.004044
0.149393
0.564919
0.197966
0.730652
0.937886
0.955421
0.873772
0.744204
0.920069
0.702257
0.841142
0.421487
0.061291
0.556263
0.441802
0.797211
0.428255
0.961964
0.188963
0.944265
0.698397
0.267836
0.811518
0.68599
0.9377
0.742381
0.55
0.651053
0.396392
0.609678
0.382966
0.544907
0.387556
0.336439
0.471684
0.124115
0.607129
0.638304
0.071975
0.650401
0.028208
0.327015
0.469351
0.541633
0.334613
0.812504
0.122024
0.084257
0.098113
0.170911
0.16553
0.605414
0.139391
0.850035
0.543579
0.850917
0.660627
0.306428
0.566637
0.009723
0.368983
0.738141
0.388764
0.761194
0.814195
0.753259
0.251152
0.55128
0.747973
0.322129
0.20438
0.593538
0.186394
0.98719
0.800961
0.463536
0.8457
0.942609
0.314717
0.519905
0.030068
0.86747
0.185365
0.047962
0.080601
0.697048
0.064395
0.704674
0.252922
0.705409
0.332475
0.100295
0.975149
0.510979
0.091804
0.780906
0.671438
0.583784
0.825243
0.413515
0.848301
0.27213
0.2276
0.500086
0.531793
0.410576
0.406804
0.096712
0.556703
0.833511
0.148558
0.795247
0.065816
0.263714
0.62777
0.847117
0.234615
0.090713
0.758573
0.104572
0.134073
0.841072
0.563393
0.130493
0.192136
0.82203
0.296763
0.815863
0.850207
0.30257
0.818233
0.368602
0.725439
0.802344
0.235435
0.77498
0.952869
0.819985
0.159245
0.474226
0.936583
0.674237
0.603548
0.677541
0.936995
0.030334
0.402748
0.099096
0.611561
0.969308
0.936862
0.302098
0.215563
0.196132
0.344927
0.255757
0.483811
0.63208
0.548976
0.194978
0.30398
0.524702
0.721505
0.816611
0.602712
0.538355
0.319481
0.620542
0.03594
0.046485
0.589172
0.308923
0.932934
0.717216
0.436177
0.39127
0.837286
0.022175
0.772606
0.786189
0.996552
0.484688
0.914466
0.903752
0.917342
0.126033
0.385472
0.531323
0.612653
0.715576
0.266188
0.072244
0.180832
0.508935
0.157342
0.338655
0.023454
0.256097
0.349213
0.608778
0.602598
0.354296
0.326788
0.153533
0.543726
0.510816
0.466586
0.681727
0.997711
0.461274
0.568552
0.735329
0.63955
0.385597
0.252534
0.469922
0.167809
0.457248
0.998399
0.917389
0.646805
0.270427
0.074059
0.314624
0.690148
0.44848
0.943385
0.487067
0.047061
0.824158
0.982683
0.540806
0.586864
0.346284
0.260722
0.223963
0.326414
0.393656
0.403616
0.52269
0.524177
0.564201
0.161729
0.610901
0.466998
0.699642
0.111614
0.137403
0.782371
0.692906
0.386141
0.159074
0.632892
0.899616
0.56159
0.30289
0.201417
0.205126
0.506468
0.302085
0.602447
0.102109
0.945221
0.084512
0.274684
0.738999
0.564487
0.92105
0.389905
0.417549
0.489967
0.733107
0.601279
0.20996
0.094293
0.78955
0.303784
0.087392
0.938093
0.758848
0.095957
0.274109
0.787072
0.103978
0.149638
0.234746
0.772441
0.291515
0.381675
0.732492
0.379462
0.838963
0.516038
0.217161
0.276763
0.297388
0.629235
0.757922
0.251576
0.716472
0.381292
0.757934
0.038037
0.392633
0.943836
0.73268
0.970286
0.73815
0.979211
0.608775
0.909129
0.864852
0.748661
0.805362
0.97357
0.656511
0.108466
0.863379
0.182196
0.187976
0.521094
0.50859
0.761607
0.8551
0.297441
0.544968
0.879205
0.750002
0.392566
0.640088
0.075878
0.472818
0.374472
0.018036
0.396816
0.637556
0.40013
0.032136
0.92472
0.139475
0.898527
0.060854
0.113465
0.154587
0.761327
0.726643
0.77742
0.989397
0.904094
0.966427
0.704719
0.526846
0.864738
0.861796
0.457206
0.852874
0.912859
0.006432
0.078795
0.154086
0.236104
0.648628
0.255645
0.905664
0.966754
0.719879
0.883461
0.865624
0.7327
0.057124
0.055191
0.720422
0.680067
0.604514
0.355788
0.252736
0.474638
0.706421
0.464541
0.637065
0.792287
0.45418
0.585439
0.975187
0.303379
0.892339
0.232285
0.332662
0.181808
0.114443
0.479855
0.632861
0.657957
0.954222
0.951824
0.427908
0.66624
0.591691
0.99533
0.552036
0.918925
0.148845
0.443271
0.756504
0.880073
0.056375
0.134129
0.876708
0.924676
0.066944
0.973802
0.217739
0.368577
0.622894
0.255325
0.544628
0.657527
0.403361
0.846404
0.751222
0.555755
0.749603
0.944456
0.880883
0.838274
0.023343
0.425396
0.964793
0.220321
0.106497
0.677673
0.504843
0.031579
0.29858
0.396639
0.415607
0.692631
0.594698
0.39983
0.447671
0.163253
0.684776
0.880503
0.378572
0.338698
0.246563
0.198294
0.298464
0.810326
0.065125
0.589255
0.744234
0.281966
0.387136
0.068716
0.191761
0.110661
0.069461
0.217557
0.008497
0.886702
0.894479
0.83192
0.691654
0.553366
0.058236
0.05817
0.921423
0.387177
0.377345
0.607245
0.732659
0.945008
0.547182
0.959144
0.659468
0.564379
0.193853
0.967122
0.887152
0.429775
0.973602
0.921364
0.391907
0.190419
0.695587
0.502313
0.400062
0.451261
0.719148
0.986852
0.378341
0.172625
0.200659
0.417866
0.636541
0.080416
0.223558
0.369504
0.932509
0.236061
0.656362
0.092708
0.563243
0.020381
0.61126
0.470981
0.680369
0.073456
0.98861
0.209222
0.300625
0.626639
0.644927
0.928017
0.938442
0.086232
0.878875
0.916396
0.373515
0.679149
0.521155
0.950496
0.681151
0.859169
0.582334
0.582604
0.524264
0.835576
0.622779
0.123693
0.870246
0.73088
0.716933
0.600071
0.051208
0.645094
0.494296
0.874887
0.887688
0.88849
0.280053
0.809986
0.979045
0.392477
0.930047
0.678031
0.693487
0.824713
0.785695
0.512536
0.693643
0.016923
0.490516
0.596917
0.537094
0.424321
0.71496
0.193726
0.952846
0.437317
0.900276
0.615257
0.032731
0.154541
0.886905
0.684818
0.936924
0.948255
0.718189
0.188653
0.87603
0.035083
0.335173
0.396644
0.95085
0.434882
0.553786
0.513143
0.20218
0.8825
0.294784
0.363382
0.575303
0.520274
0.627422
0.422349
0.612281
0.580814
0.221717
0.389456
0.976875
0.122564
0.695065
0.531405
0.959855
0.33307
0.209282
0.360976
0.482199
0.021791
0.919349
0.607871
0.52353
0.697976
0.313071
0.649539
0.762611
0.235974
0.931956
0.286391
0.713585
0.199053
0.423279
0.005624
0.786416
0.656237
0.614906
0.272729
0.534791
0.580287
0.680925
0.423088
0.881006
0.778099
0.793886
0.03065
0.818802
0.681527
0.538214
0.880297
0.573666
0.551581
0.429697
0.013526
0.61034
0.308088
0.435311
0.469812
0.284803
0.566741
0.429993
0.998374
0.459753
0.95385
0.782815
0.790822
0.404801
0.816946
0.5222
0.026309
0.828776
0.846749
0.207034
0.347799
0.056509
0.879153
0.287119
0.98493
0.559404
0.206057
0.494607
0.572798
0.724724
0.738262
0.693072
0.460362
0.855115
0.774757
0.943964
0.946821
0.169106
0.062838
0.357115
0.315709
0.582432
0.11513
0.541701
0.119305
0.577353
0.497769
0.29509
0.242391
0.504423
0.78971
0.753024
0.319964
0.167999
0.098187
0.28324
0.468036
0.41044
0.676018
0.189644
0.173503
0.771978
0.805151
0.507058
0.975378
0.539984
0.411842
0.638393
0.422124
0.10752
0.27795
0.312487
0.948676
0.252747
0.794995
0.524531
0.899942
0.550979
0.987609
0.206427
0.548217
0.500908
0.808401
0.17244
0.123068
0.586189
0.570312
0.496999
0.94143
0.470725
0.872371
0.659247
0.892599
0.034411
0.910903
0.038455
0.846256
0.214771
0.482373
0.206902
0.396473
0.86948
0.524466
0.51199
0.882381
0.970396
0.297083
0.636405
0.621139
0.436324
0.00816
0.138382
0.072556
0.239473
0.617093
0.765004
0.626617
0.72939
0.217209
0.474938
0.013117
0.846256
0.374176
0.09504
0.478044
0.296627
0.402351
0.05051
0.557738
0.361993
0.600849
0.290022
0.348506
0.993586
0.72334
0.854062
0.076921
0.741371
0.292214
0.373261
0.095586
0.166669
0.214863
0.156841
0.154625
0.662356
0.235916
0.701153
0.546889
0.5877
0.631451
0.574317
0.741954
0.176135
0.765908
0.971839
0.68874
0.984378
0.037033
0.636439
0.919749
0.821277
0.527061
0.706832
0.749221
0.147532
0.083026
0.896154
0.270515
0.62965
0.535529
0.954754
0.126382
0.325456
0.406019
0.976413
0.096613
0.825028
0.484154
0.616497
0.712595
0.490209
0.692362
0.760005
0.9892
0.431741
0.156736
0.886645
0.699511
0.185047
0.628683
0.841561
0.156335
0.329882
0.591989
0.322699
0.077973
0.91133
0.537133
0.177691
0.352302
0.896593
0.425389
0.889664
0.687952
0.513419
0.332887
0.162473
0.243211
0.36807
0.830392
0.865858
0.667035
0.09217
0.246241
0.923599
0.049021
0.57363
0.186397
0.724008
0.484445
0.60541
0.492764
0.685618
0.762881
0.583502
0.362281
0.265327
0.288856
0.942111
0.583712
0.937277
0.68138
0.843284
0.939877
0.110183
0.491686
0.413548
0.501211
0.77759
0.317827
0.157756
0.155064
0.054354
0.315924
0.158545
0.909788
0.589166
0.530498
0.566696
0.790059
0.63381
0.798308
0.542789
0.991714
0.123331
0.406643
0.801862
0.905748
0.660441
0.570804
0.659897
0.574633
0.42724
0.41215
0.61191
0.71983
0.303523
0.779738
0.782553
0.334813
0.931298
0.952655
0.328746
0.229264
0.357036
0.663497
0.496091
0.736058
0.516874
0.017385
0.672065
0.401891
0.807193
0.666349
0.008995
0.660644
0.269825
0.214806
0.516554
0.83113
0.902546
0.452574
0.859724
0.00772
0.704034
0.782117
0.484109
0.101369
0.596623
0.604573
0.553209
0.641845
0.955432
0.930544
0.124303
0.081485
0.6231
0.849387
0.569041
0.720442
0.165711
0.240456
0.215719
0.371495
0.080956
0.634187
0.975753
0.121448
0.583015
0.966029
0.401494
0.846452
0.737264
0.350525
0.767567
0.329
0.804556
0.900204
0.613865
0.664781
0.852989
0.058929
0.119694
0.606948
0.889488
0.340682
0.407111
0.398908
0.676066
0.915624
0.00462
0.042664
0.279724
0.88335
0.753434
0.249942
0.771336
0.803994
0.279534
0.07008
0.647926
0.305534
0.943284
0.352003
0.464477
0.617765
0.02633
0.899077
0.983649
0.806321
0.181921
0.231021
0.552815
0.220729
0.588967
0.158152
0.544169
0.652567
0.028561
0.643742
0.373191
0.046531
0.616403
0.849531
0.994056
0.575162
0.3251
0.076222
0.190684
0.244305
0.483377
0.046386
0.912402
0.641658
0.916695
0.485269
0.754278
0.969741
0.604703
0.889253
0.870982
0.871999
0.628873
0.836997
0.97519
0.445042
0.447627
0.144756
0.426672
0.579785
0.859497
0.359306
0.037547
0.141907
0.187902
0.735985
0.396162
0.568442
0.569188
0.37279
0.756112
0.673588
0.435803
0.546621
0.365157
0.798561
0.501031
0.523259
0.462576
0.743401
0.150616
0.487545
0.986243
0.696453
0.574921
0.224399
0.881674
0.215287
0.389179
0.568235
0.854455
0.98588
0.901231
0.604017
0.120945
0.502101
0.930353
0.485553
0.627381
0.169374
0.714169
0.012204
0.811624
0.918349
0.610669
0.880007
0.836503
0.651014
0.967306
0.668733
0.075205
0.984449
0.131877
0.859766
0.725434
0.424934
0.252862
0.2617
0.060232
0.085308
0.294883
0.471145
0.047401
0.063399
0.260974
0.913843
0.389374
0.045756
0.467914
0.096058
0.056745
0.298873
0.496032
0.021099
0.140204
0.126555
0.035946
0.912326
0.227719
0.290145
0.771491
0.529254
0.806208
0.939
0.3557
0.107567
0.703855
0.491607
0.462577
0.033746
0.79077
0.34722
0.420037
0.500499
0.821861
0.004734
0.638068
0.184984
0.488902
0.231912
0.579989
0.086537
0.681748
0.886597
0.626325
0.063149
0.606234
0.139533
0.13764
0.860912
0.798927
0.058632
0.230369
0.200611
0.242762
0.833872
0.06843
0.508486
0.195655
0.272486
0.619876
0.192589
0.329238
0.662328
0.73401
0.526731
0.543186
0.188947
0.394792
0.222362
0.208157
0.632298
0.483276
0.113117
0.636649
0.129212
0.985924
0.960322
0.713352
0.400504
0.378019
0.42127
0.862419
0.883714
0.180278
0.270498
0.395401
0.326468
0.493737
0.835908
0.990035
0.626798
0.674136
0.500949
0.881074
0.22591
0.950359
0.061634
0.799335
0.896138
0.605537
0.455828
0.840535
0.308286
0.39477
0.974477
0.797414
0.510629
0.861303
0.143828
0.351814
0.082187
0.140245
0.822905
0.92045
0.615989
0.595947
0.239993
0.730565
0.663884
0.512712
0.502387
0.357928
0.2575
0.122368
0.450488
0.630314
0.450933
0.355659
0.679491
0.36738
0.082137
0.363035
0.383061
0.43523
0.27461
0.236821
0.917755
0.997207
0.859226
0.855083
0.222405
0.305696
0.70736
0.036825
0.353602
0.081464
0.712154
0.966953
0.418992
0.951923
0.787978
0.078775
0.432749
0.012617
0.300004
0.927855
0.771728
0.434256
0.868251
0.330102
0.505088
0.87194
0.591279
0.937346
0.974806
0.892035
0.461332
0.765266
0.992376
0.959205
0.216309
0.564002
0.297618
0.916488
0.555101
0.548482
0.761508
0.114234
0.022131
0.307794
0.774251
0.39644
0.540776
0.316936
0.262852
0.478989
0.044792
0.463951
0.804886
0.124313
0.468732
0.981577
0.855946
0.553481
0.967943
0.419955
0.901339
0.56083
0.632557
0.411689
0.447447
0.969687
0.690688
0.607984
0.290048
0.659011
0.647805
0.995053
0.206793
0.601706
0.219236
0.279963
0.24163
0.33021
0.450019
0.208684
0.619066
0.423801
0.695793
0.864355
0.33933
0.984673
0.536753
0.057364
0.569135
0.511426
0.076274
0.877805
0.179616
0.775593
0.346107
0.725356
0.454801
0.233427
0.886781
0.710157
0.903642
0.580627
0.009995
0.669181
0.557241
0.109329
0.336012
0.00375
0.000677
0.107131
0.620934
0.349193
0.727968
0.764114
0.368641
0.801278
0.320662
0.033373
0.223567
0.302596
0.373181
0.260508
0.705653
0.736047
0.555238
0.344001
0.768348
0.712593
0.848728
0.718171
0.000587
0.693955
0.133879
0.759757
0.261891
0.733361
0.749167
0.262674
0.798681
0.508211
0.037233
0.090572
0.113773
0.317577
0.205182
0.007581
0.138848
0.72496
0.229654
0.828592
0.284522
0.194584
0.578854
0.048065
0.208314
0.658815
0.401702
0.526712
0.202812
0.896487
0.915952
0.140559
0.583919
0.570445
0.157326
0.234543
0.007492
0.281595
0.265351
0.444598
0.611983
0.782777
0.508924
0.833339
0.736538
0.805529
0.955904
0.078619
0.619614
0.394917
0.506831
0.874417
0.880358
0.705536
0.050935
0.60208
0.780933
0.88404
0.014782
0.090668
0.855393
0.546445
0.447101
0.73844
0.610906
0.458709
0.434338
0.45562
0.642713
0.837146
0.309711
0.122334
0.792244
0.932344
0.965781
0.955026
0.131548
0.792205
0.692272
0.046131
0.423463
0.146083
0.51125
0.091707
0.869823
0.136721
0.533837
0.217814
0.184184
0.029477
0.847802
0.643307
0.403026
0.773229
0.672234
0.678706
0.844585
0.984382
0.752506
0.540582
0.115423
0.414701
0.961521
0.474544
0.031951
0.416688
0.991911
0.827005
0.377465
0.834493
0.60137
0.041869
0.74987
0.519611
0.72995
0.61326
0.304201
0.518422
0.990118
0.18514
0.520252
0.063511
0.990649
0.75533
0.046087
0.677827
0.029012
0.120995
0.819338
0.811382
0.799673
0.553417
0.052438
0.603498
0.831192
0.122058
0.377167
0.254614
0.914835
0.681001
0.803706
0.451714
0.108417
0.287094
0.518663
0.353993
0.425518
0.401564
0.259852
0.55984
0.797629
0.436951
0.566769
0.721715
0.492401
0.532203
0.215463
0.089321
0.184644
0.981039
0.81168
0.720354
0.967999
0.049818
0.882226
0.570731
0.416041
0.367622
0.00594
0.309966
0.15317
0.262568
0.822566
0.022934
0.647192
0.527798
0.562872
0.564774
0.1239
0.243061
0.96363
0.210044
0.68113
0.023165
0.301458
0.590781
0.091666
0.493214
0.82317
0.882493
0.842661
0.400602
0.465277
0.606918
0.20106
0.79585
0.204613
0.140764
0.253323
0.037809
0.818813
0.194732
0.213418
0.697391
0.648758
0.995661
0.65748
0.950591
0.052582
0.84146
0.917565
0.443346
0.461552
0.500912
0.201651
0.363939
0.897717
0.523406
0.361266
0.618102
0.930886
0.568806
0.325316
0.190983
0.927074
0.318482
0.547064
0.178987
0.175727
0.040902
0.430958
0.528864
0.556684
0.518769
0.059857
0.644463
0.405148
0.679277
0.285018
0.244471
0.341479
0.219239
0.724643
0.88435
0.014869
0.677849
0.187574
0.289955
0.953749
0.855945
0.560006
0.566834
0.508598
0.406721
0.959538
0.105796
0.637005
0.754163
0.659185
0.242007
0.273555
0.114684
0.340296
0.082913
0.948853
0.375416
0.808328
0.462288
0.887042
0.645205
0.389729
0.761116
0.175617
0.441276
0.329993
0.685567
0.796379
0.52139
0.994809
0.747995
0.721649
0.292441
0.909424
0.257286
0.913655
0.082416
0.417205
0.281677
0.257444
0.653149
0.842345
0.345168
0.025822
0.718728
0.217649
0.552988
0.681085
0.589613
0.435977
0.075165
0.302028
0.004999
0.760832
0.78696
0.736556
0.727599
0.267496
0.932405
0.671981
0.399998
0.893952
0.784336
0.619484
0.832482
0.160857
0.536993
0.705387
0.728401
0.796059
0.499593
0.450568
0.799439
0.301868
0.663089
0.79423
0.524495
0.329503
0.403052
0.959594
0.58744
0.986142
0.942767
0.483378
0.306118
0.963093
0.744334
0.450677
0.290794
0.856741
0.141081
0.532621
0.00187
0.263282
0.486648
0.799221
0.936556
0.887635
0.273292
0.161758
0.163965
0.354472
0.440184
0.03246
0.601396
0.889181
0.063712
0.916011
0.610884
0.627342
0.92404
0.811509
0.267459
0.022871
0.207077
0.074513
0.32387
0.770046
0.912358
0.997151
0.061204
0.974334
0.108929
0.012309
0.627136
0.720905
0.221139
0.410417
0.680068
0.271096
0.034128
0.152252
0.533424
0.818158
0.359877
0.245477
0.527119
0.322537
0.03292
0.679109
0.260427
0.868394
0.633767
0.012754
0.498492
0.58884
0.587839
0.637398
0.01218
0.045203
0.241596
0.43092
0.936291
0.873602
0.845057
0.49652
0.880576
0.147189
0.847833
0.729191
0.481551
0.28225
0.634237
0.117304
0.490818
0.68059
0.744378
0.69309
0.67569
0.092993
0.05662
0.388634
0.124517
0.093463
0.513537
0.237313
0.297663
0.118521
0.034623
0.605945
0.015187
0.761131
0.262706
0.17318
0.588222
0.400537
0.600609
0.066399
0.820397
0.291088
0.588698
0.171342
0.838838
0.131092
0.363467
0.483264
0.924719
0.279292
0.853447
0.572385
0.66485
0.441866
0.330884
0.667202
0.808758
0.699259
0.415656
0.469019
0.429418
0.126677
0.781841
0.248101
0.80587
0.078445
0.200469
0.095757
0.005696
0.89378
0.784657
0.180635
0.070647
0.705008
0.171874
0.699565
0.238816
0.093638
0.686602
0.929468
0.350871
0.524361
0.128264
0.689084
0.197208
0.51803
0.797767
0.44332
0.789514
0.166483
0.314522
0.240486
0.353451
0.988135
0.356904
0.111206
0.629921
0.59958
0.066311
0.997014
0.724172
0.11837
0.5475
0.854238
0.652752
0.73117
0.475274
0.965515
0.367156
0.033218
0.767291
0.4735
0.272986
0.050508
0.842218
0.188206
0.159268
0.130146
0.37701
0.809275
0.949454
0.859158
0.702075
0.241185
0.834509
0.070171
0.188345
0.780644
0.856618
0.771595
0.477088
0.470483
0.267128
0.318121
0.486371
0.531299
0.764152
0.966498
0.159845
0.011315
0.445261
0.340981
0.721007
0.303736
0.669039
0.427279
0.650233
0.748621
0.02565
0.180781
0.970607
0.770159
0.994854
0.504381
0.118657
0.053863
0.611717
0.900451
0.485589
0.402813
0.85548
0.599522
0.179413
0.830149
0.647608
0.310324
0.953274
0.519476
0.784354
0.318237
0.490862
0.835297
0.912805
0.727394
0.812753
0.254011
0.040159
0.011741
0.847554
0.037043
0.876027
0.798388
0.188445
0.886265
0.589547
0.637286
0.577856
0.846448
0.090413
0.034838
0.721123
0.64521
0.324857
0.878257
0.714373
0.402154
0.164128
0.926746
0.600595
0.068413
0.232172
0.527832
0.582263
0.797714
0.775322
0.021495
0.804513
0.246039
0.695708
0.737273
0.834328
0.066683
0.072526
0.28728
0.835767
0.974139
0.722364
0.597663
0.960894
0.060619
0.858529
0.882104
0.891661
0.240841
0.055391
0.493937
0.899964
0.684014
0.674526
0.060411
0.656546
0.193268
0.19741
0.587601
0.021992
0.923137
0.299675
0.739975
0.203062
0.03491
0.025554
0.620609
0.330229
0.032068
0.784829
0.60318
0.859326
0.64206
0.552244
0.869973
0.184823
0.83161
0.758548
0.566877
0.571971
0.163817
0.009724
0.974698
0.655938
0.754983
0.064646
0.991711
0.193569
0.677968
0.647211
0.886342
0.292221
0.361796
0.778166
0.93662
0.127211
0.689782
0.60161
0.576067
0.122403
0.613831
0.195577
0.464382
0.394469
0.146787
0.342559
0.458934
0.706876
0.17377
0.524453
0.476268
0.947349
0.074034
0.329882
0.075434
0.866385
0.656502
0.37188
0.122948
0.473064
0.201986
0.646627
0.735837
0.245106
0.416404
0.185524
0.770884
0.103482
0.275237
0.88039
0.90779
0.278775
0.09771
0.172893
0.427322
0.347616
0.962597
0.761482
0.487994
0.764796
0.592829
0.401511
0.363932
0.349795
0.434059
0.894924
0.689427
0.391834
0.142053
0.961926
0.352675
0.426098
0.361248
0.574898
0.153541
0.097885
0.692539
0.925225
0.645814
0.033273
0.554479
0.507775
0.741643
0.713234
0.112669
0.764162
0.909743
0.996069
0.947078
0.600914
0.221266
0.192662
0.85728
0.407725
0.411684
0.450761
0.145811
0.830868
0.406806
0.972744
0.357529
0.318528
0.26101
0.333171
0.389299
0.163793
0.042607
0.952323
0.192296
0.318297
0.17082
0.880491
0.709983
0.504496
0.769115
0.745609
0.649735
0.836513
0.38483
0.14587
0.714675
0.842717
0.402591
0.904023
0.204808
0.917403
0.786833
0.105882
0.622816
0.343219
0.492974
0.655738
0.983779
0.127341
0.341631
0.769875
0.759952
0.594284
0.349368
0.580541
0.871621
0.614606
0.799425
0.385987
0.400343
0.511707
0.04707
0.739669
0.335825
0.186398
0.855115
0.878255
0.518529
0.775498
0.039089
0.654431
0.563103
0.844222
0.237978
0.279464
0.308183
0.121113
0.266477
0.178811
0.360617
0.549283
0.173271
0.791338
0.87665
0.401019
0.220704
0.926206
0.144153
0.17363
0.160385
0.685775
0.237693
0.755638
0.345891
0.587096
0.579548
0.133087
0.140711
0.505486
0.756108
0.898447
0.431204
0.054663
0.909816
0.214743
0.282793
0.991209
0.977055
0.217107
0.841559
0.117029
0.974708
0.849374
0.890576
0.823975
0.04597
0.506624
0.944826
0.678769
0.07006
0.172711
0.719325
0.681382
0.934728
0.138125
0.905285
0.541694
0.852735
0.815993
0.223697
0.245976
0.17709
0.629148
0.038912
0.918433
0.214094
0.683532
0.230294
0.700229
0.833055
0.685876
0.719592
0.996424
0.951623
0.332252
0.10512
0.584063
0.372961
0.502754
0.022691
0.620069
0.613879
0.046274
0.518308
0.661789
0.088014
0.869386
0.969246
0.370402
0.620545
0.989401
0.253698
0.929374
0.988915
0.320779
0.76086
0.866627
0.478622
0.109204
0.357013
0.274325
0.029452
0.001679
0.581712
0.679443
0.688575
0.36122
0.678372
0.563142
0.005168
0.055752
0.764728
0.499373
0.378918
0.272307
0.711006
0.123532
0.793821
0.894434
0.358674
0.11841
0.157241
0.137092
0.034424
0.708077
0.913041
0.556608
0.137341
0.351383
0.079028
0.85433
0.159601
0.896747
0.116256
0.587168
0.015799
0.570145
0.659848
0.484053
0.880814
0.482563
0.786516
0.548969
0.097797
0.128699
0.454254
0.037221
0.390142
0.656099
0.432107
0.788972
0.003535
0.643909
0.509727
0.634881
0.00635
0.485726
0.684035
0.459435
0.281912
0.19271
0.900781
0.058071
0.717185
0.662671
0.714401
0.830423
0.67547
0.448622
0.731665
0.393091
0.802415
0.676222
0.074359
0.755413
0.467621
0.463979
0.431664
0.518041
0.081007
0.593223
0.608091
0.551522
0.950509
0.505149
0.865146
0.100672
0.802751
0.520939
0.036767
0.658818
0.569839
0.515811
0.55059
0.740237
0.323766
0.639985
0.276074
0.429241
0.024513
0.005818
0.851139
0.650484
0.804344
0.656959
0.770387
0.142837
0.305959
0.16292
0.456292
0.875645
0.904155
0.570453
0.887743
0.129695
0.47397
0.857682
0.335193
0.249585
0.732224
0.12504
0.081849
0.644253
0.320622
0.172805
0.991228
0.963168
0.723305
0.526557
0.569315
0.576233
0.25324
0.00602
0.041936
0.418561
0.70731
0.68521
0.202269
0.198353
0.284597
0.431373
0.858218
0.153677
0.625116
0.660954
0.630376
0.253771
0.222281
0.859556
0.462177
0.22404
0.930935
0.563314
0.755367
0.303513
0.489133
0.383937
0.359802
0.040355
0.571896
0.674281
0.966463
0.892943
0.135979
0.606502
0.290508
0.802997
0.816479
0.767819
0.462961
0.193528
0.567433
0.474382
0.978923
0.063741
0.033929
0.534824
0.322884
0.137569
0.24687
0.158394
0.520886
0.446621
0.527808
0.689599
0.61857
0.340037
0.631264
0.158847
0.886711
0.550708
0.992832
0.861035
0.395553
0.704721
0.59585
0.955051
0.972695
0.580713
0.96548
0.751091
0.603289
0.923813
0.797287
0.274748
0.952486
0.397832
0.852025
0.95394
0.415178
0.652008
0.334416
0.788127
0.638665
0.949511
0.39378
0.010261
0.186944
0.664398
0.494044
0.278937
0.890882
0.471148
0.141228
0.806542
0.467976
0.807302
0.791186
0.313879
0.466158
0.431663
0.300166
0.402441
0.515912
0.716774
0.233138
0.889333
0.115836
0.626953
0.815881
0.887413
0.740903
0.249269
0.215214
0.871761
0.202068
0.304486
0.343826
0.588261
0.197092
0.480695
0.933718
0.947417
0.696559
0.7081
0.383577
0.051801
0.94556
0.715666
0.545185
0.367475
0.814714
0.568706
0.805025
0.925943
0.60868
0.188385
0.614312
0.957077
0.100237
0.836562
0.630907
0.302785
0.633298
0.434056
0.053626
0.60733
0.224362
0.748384
0.697755
0.97045
0.796319
0.065533
0.516422
0.141767
0.257025
0.905008
0.036863
0.856066
0.451689
0.226129
0.219481
0.347042
0.477436
0.670045
0.446458
0.878521
0.315496
0.192039
0.229323
0.60773
0.950816
0.699042
0.811554
0.660129
0.22173
0.968491
0.748514
0.801741
0.648735
0.403892
0.59326
0.954664
0.547671
0.935172
0.631721
0.776703
0.770291
0.259817
0.036476
0.510643
0.052082
0.88749
0.11694
0.148522
0.67534
0.397205
0.651756
0.689603
0.704075
0.999049
0.563082
0.415163
0.457893
0.571747
0.02913
0.426441
0.104842
0.403972
0.71569
0.522833
0.935863
0.217511
0.283873
0.7428
0.459684
0.973408
0.251092
0.911535
0.557462
0.947449
0.168153
0.064453
0.364322
0.036636
0.26683
0.286624
0.379476
0.63654
0.512819
0.613405
0.024898
0.511603
0.617624
0.056121
0.630102
0.582669
0.183306
0.341076
0.249066
0.084317
0.401231
0.757869
0.567192
0.761367
0.095028
0.499777
0.917628
0.820181
0.686654
0.011977
0.826688
0.415063
0.91024
0.473783
0.011462
0.382056
0.935028
0.345179
0.30209
0.487845
0.632977
0.958305
0.549168
0.36155
0.096254
0.619659
0.48828
0.921141
0.437986
0.816923
0.801939
0.518929
0.329347
0.528793
0.58737
0.154335
0.933065
0.775525
0.693436
0.451728
0.822622
0.993234
0.738922
0.22617
0.499666
0.648859
0.497778
0.792252
0.118398
0.842989
0.900175
0.271694
0.148365
0.149064
0.910966
0.889999
0.691031
0.820527
0.664653
0.969565
0.947122
0.22348
0.650894
0.598732
0.663451
0.034145
0.037323
0.610443
0.366024
0.146474
0.039733
0.667037
0.867555
0.002244
0.128662
0.291602
0.275007
0.696161
0.59941
0.135507
0.594438
0.311983
0.071059
0.90189
0.939675
0.803493
0.028196
0.997253
0.228721
0.370302
0.232418
0.246841
0.938252
0.029462
0.63198
0.609784
0.179232
0.839612
0.323281
0.750337
0.347822
0.494029
0.763023
0.84972
0.169868
0.412868
0.321708
0.99933
0.885716
0.988247
0.34282
0.632648
0.626517
0.455094
0.253688
0.663133
0.737924
0.932563
0.573624
0.263653
0.030342
0.13902
0.868095
0.416074
0.974396
0.872145
0.814489
0.343799
0.346059
0.755012
0.084244
0.869916
0.495422
0.268918
0.685524
0.69053
0.301
0.42574
0.66646
0.77241
0.463303
0.77774
0.581132
0.603234
0.468294
0.417742
0.532194
0.376401
0.946244
0.106258
0.642907
0.584638
0.431765
0.105715
0.4395
0.806855
0.634916
0.153325
0.951961
0.649207
0.017006
0.599203
0.433908
0.873089
0.44642
0.910526
0.38261
0.869024
0.87265
0.686652
0.660905
0.507396
0.504626
0.347629
0.81093
0.15139
0.567768
0.050186
0.851474
0.887311
0.414969
0.131251
0.515919
0.482819
0.478351
0.200911
0.533077
0.914874
0.894727
0.961543
0.403891
0.06485
0.902594
0.044005
0.498867
0.154482
0.679347
0.353472
0.638713
0.390829
0.257894
0.862609
0.09681
0.926851
0.192747
0.314776
0.499554
0.432898
0.449542
0.040681
0.788207
0.828874
0.962471
0.856686
0.337029
0.720495
0.526957
0.461969
0.053
0.041044
0.46765
0.749987
0.189415
0.83311
0.126611
0.529939
0.467176
0.520979
0.246847
0.177429
0.845061
0.094512
0.958555
0.670524
0.231679
0.430811
0.763326
0.603891
0.830822
0.894592
0.026813
0.608862
0.061134
0.293796
0.983029
0.724768
0.728591
0.838393
0.754737
0.009275
0.700116
0.305756
0.426281
0.10968
0.811221
0.443642
0.475602
0.360109
0.606075
0.812512
0.302878
0.755829
0.404382
0.710042
0.234417
0.189305
0.795402
0.325328
0.906207
0.007594
0.854769
0.554786
0.026673
0.857221
0.69758
0.844951
0.168048
0.770671
0.852495
0.015693
0.861777
0.525899
0.744265
0.343805
0.0819
0.437766
0.383922
0.331927
0.774945
0.327978
0.197934
0.423363
0.283278
0.286686
0.111407
0.401438
0.102863
0.23826
0.026619
0.645006
0.502616
0.518231
0.032943
0.699846
0.074439
0.438013
0.975454
0.453963
0.061631
0.167351
0.219739
0.133056
0.941757
0.10781
0.461718
0.926233
0.060909
0.255219
0.108697
0.151514
0.613492
0.6114
0.522863
0.384196
0.902088
0.137716
0.301384
0.614176
0.156799
0.953321
0.863431
0.48288
0.949342
0.306264
0.654303
0.972648
0.168312
0.358323
0.890438
0.943385
0.405838
0.950117
0.036014
0.031812
0.483762
0.458313
0.321526
0.951383
0.884325
0.535989
0.144751
0.185968
0.905138
0.363713
0.81614
0.347482
0.07652
0.352262
0.341107
0.590347
0.520122
0.03282
0.008265
0.298747
0.081575
0.979524
0.154006
0.459599
0.049371
0.62008
0.288079
0.490274
0.147733
0.463965
0.117596
0.842645
0.736884
0.606779
0.251232
0.133801
0.0526
0.196402
0.226206
0.679459
0.740705
0.013661
0.743966
0.01475
0.162928
0.781289
0.266342
0.725418
0.390028
0.453547
0.735486
0.292266
0.961596
0.407294
0.08989
0.589813
0.783664
0.249548
0.822745
0.524474
0.805038
0.512933
0.593289
0.566283
0.951819
0.912339
0.851531
0.600426
0.628669
0.675345
0.254737
0.131677
0.880411
0.371962
0.213827
0.780583
0.382588
0.244319
0.807621
0.791205
0.681268
0.303905
0.034929
0.141162
0.167733
0.229034
0.81262
0.807887
0.473097
0.470726
0.351613
0.807191
0.521699
0.409754
0.016397
0.783796
0.488113
0.059791
0.72606
0.993304
0.851953
0.881637
0.60249
0.88415
0.267021
0.779885
0.302703
0.252394
0.356881
0.274874
0.608164
0.530894
0.578521
0.556865
0.321127
0.818504
0.318958
0.54275
0.338017
0.576409
0.480737
0.796792
0.241734
0.321366
0.763414
0.332643
0.160186
0.68582
0.921444
0.121955
0.562094
0.118144
0.656747
0.453197
0.457804
0.558128
0.304088
0.235283
0.827872
0.462844
0.31429
0.940411
0.657381
0.597041
0.156684
0.837451
0.287216
0.868764
0.401102
0.915673
0.490329
0.693065
0.55876
0.722319
0.917557
0.74725
0.550245
0.159115
0.173686
0.896118
0.983908
0.775676
0.058272
0.61874
0.037545
0.327703
0.357774
0.886601
0.525317
0.85101
0.169107
0.632404
0.564607
0.637301
0.874494
0.749221
0.002094
0.422381
0.08368
0.386528
0.037012
0.189006
0.455288
0.383801
0.884343
0.013418
0.48941
0.183318
0.129381
0.711658
0.734081
0.42405
0.738386
0.074079
0.407777
0.773778
0.81563
0.47001
0.854992
0.049539
0.454025
0.700652
0.892836
0.961655
0.269244
0.673872
0.064178
0.355601
0.908457
0.815605
0.587297
0.836293
0.170508
0.441973
0.319772
0.637961
0.856469
0.039794
0.97814
0.044817
0.641446
0.388574
0.967123
0.695708
0.581957
0.179085
0.778716
0.585174
0.034819
0.788527
0.513522
0.446917
0.961764
0.294047
0.106488
0.61374
0.220721
0.732065
0.255707
0.87986
0.80995
0.591985
0.591941
0.30348
0.698824
0.314329
0.530048
0.292661
0.578037
0.505813
0.26649
0.023376
0.569765
0.092753
0.004974
0.451038
0.862905
0.482182
0.988755
0.115186
0.601452
0.824563
0.715382
0.999861
0.399421
0.724922
0.536695
0.258326
0.227711
0.183892
0.071341
0.199357
0.071076
0.323571
0.976922
0.832169
0.713321
0.230936
0.421242
0.931819
0.545138
0.857357
0.051932
0.365062
0.746954
0.789497
0.613708
0.702063
0.354432
0.814608
0.503149
0.815848
0.793793
0.342916
0.11672
0.997532
0.778305
0.743712
0.390797
0.15989
0.467736
0.9412
0.426008
0.819248
0.087186
0.287538
0.108264
0.597514
0.297436
0.963061
0.943011
0.723071
0.66998
0.189459
0.269391
0.613013
0.907949
0.25361
0.846665
0.630586
0.807543
0.146697
0.857715
0.999623
0.026914
0.509255
0.210443
0.277865
0.312943
0.448693
0.966709
0.292384
0.391425
0.497633
0.708137
0.740936
0.29551
0.373169
0.470849
0.529874
0.82881
0.889661
0.33996
0.470237
0.967423
0.385453
0.173205
0.704748
0.348232
0.738943
0.739899
0.94695
0.218424
0.376052
0.387796
0.816272
0.744278
0.378268
0.575546
0.969801
0.048782
0.41371
0.547828
0.468568
0.982243
0.72201
0.829673
0.476006
0.938896
0.92821
0.519349
0.356994
0.759489
0.708173
0.022447
0.108091
0.359106
0.903598
0.935996
0.545589
0.025924
0.485991
0.88171
0.237952
0.352633
4.1e-05
0.888157
0.248846
0.316962
0.230662
0.336655
0.813814
0.169649
0.634972
0.618474
0.164404
0.854649
0.931729
0.028393
0.801737
0.752252
0.424175
0.213886
0.605536
0.564929
0.865085
0.624514
0.779383
0.763375
0.805485
0.648107
0.192748
0.395587
0.625634
0.946822
0.640018
0.029652
0.212582
0.234572
0.647958
0.315757
0.249097
0.527198
0.979154
0.916194
0.196653
0.973557
0.821916
0.924333
0.854302
0.38091
0.994641
0.519363
0.884232
0.411628
0.576951
0.809796
0.526888
0.131462
0.643358
0.46915
0.510857
0.663216
0.311887
0.006006
0.012404
0.458099
0.460343
0.38291
0.118516
0.084273
0.018342
0.436491
0.427487
0.283845
0.98453
0.372851
0.267415
0.384731
0.844543
0.79423
0.375261
0.814262
0.572274
0.136834
0.253399
0.071412
0.97868
0.91905
0.665057
0.276585
0.948705
0.836728
0.220062
0.492582
0.763418
0.628249
0.396207
0.119597
0.78779
0.92791
0.675728
0.807504
0.139298
0.353509
0.311604
0.815386
0.957903
0.106474
0.096124
0.468312
0.381318
0.227902
0.265412
0.609121
0.514897
0.840817
0.972913
0.888296
0.973065
0.111807
0.686629
0.583593
0.969006
0.237703
0.443351
0.35371
0.950369
0.825469
0.661288
0.577793
0.734457
0.079527
0.667709
0.058094
0.982832
0.435505
0.043344
0.843431
0.214063
0.391232
0.488488
0.716938
0.713519
0.661521
0.71372
0.530731
0.102559
0.201536
0.970975
0.007615
0.41646
0.945386
0.802586
0.468131
0.749979
0.082619
0.339893
0.637297
0.86141
0.08704
0.661099
0.103501
0.167835
0.075666
0.993078
0.041349
0.997202
0.650577
0.350488
0.7199
0.53757
0.367349
0.854837
0.931445
0.885345
0.015993
0.368689
0.725968
0.215678
0.41367
0.81864
0.975271
0.466683
0.012352
0.691964
0.879494
0.110238
0.827309
0.487969
0.840346
0.445367
0.708153
0.048334
0.090287
0.472294
0.767707
0.070645
0.637155
0.47196
0.885422
0.236716
0.703239
0.247311
0.040508
0.803103
0.819889
0.280902
0.307583
0.302978
0.896993
0.635081
0.557946
0.173844
0.929753
0.411245
0.239059
0.40074
0.475971
0.070008
0.951895
0.620291
0.731915
0.142179
0.98675
0.268587
0.090257
0.22852
0.053686
0.369313
0.662527
0.172222
0.452793
0.005436
0.917214
0.17357
0.180755
0.136504
0.924138
0.4217
0.307309
0.267756
0.919776
0.862148
0.157016
0.167739
0.870608
0.667353
0.124394
0.050372
0.338992
0.1806
0.605399
0.196131
0.712903
0.516776
0.494035
0.600459
0.464719
0.821963
0.874377
0.418731
0.112976
0.813754
0.357117
0.322401
0.455901
0.087759
0.552343
0.966276
0.40495
0.928486
0.734662
0.10677
0.39425
0.339382
0.637318
0.032008
0.722918
0.749263
0.32387
0.92713
0.309061
0.321854
0.220575
0.376385
0.501285
0.357941
0.168756
0.534204
0.815278
0.794479
0.398805
0.136685
0.10026
0.118299
0.895896
0.196708
0.690304
0.692034
0.579768
0.869772
0.444686
0.5767
0.016074
0.985467
0.716054
0.579849
0.113699
0.484591
0.601822
0.796917
0.398564
0.717525
0.147653
0.86805
0.115764
0.728732
0.216602
0.874284
0.837784
0.920275
0.527053
0.144046
0.017703
0.89502
0.459595
0.605782
0.350612
0.895639
0.426691
0.193839
0.430472
0.967731
0.027802
0.546601
0.4201
0.383018
0.105041
0.351691
0.039624
0.253466
0.647511
0.193757
0.220716
0.93194
0.858061
0.614672
0.480152
0.619084
0.125032
0.932047
0.116454
0.371266
0.306121
0.59219
0.577576
0.946002
0.770988
0.774232
0.333331
0.847982
0.701889
0.556658
0.747326
0.513112
0.893761
0.790823
0.71807
0.447548
0.802785
0.0591
0.838754
0.844453
0.808106
0.730421
0.68409
0.885301
0.04438
0.207273
0.5857
0.781853
0.195658
0.597918
0.280053
0.173873
0.970802
0.831495
0.650575
0.174289
0.678524
0.350093
0.117199
0.744243
0.433556
0.296825
0.550047
0.984285
0.375309
0.736485
0.045152
0.832962
0.250909
0.268284
0.228067
0.620857
0.639411
0.536143
0.896429
0.744736
0.854957
0.689525
0.852504
0.917082
0.821273
0.526925
0.18496
0.278361
0.648857
0.097096
0.700982
0.019842
0.09345
0.62613
0.099963
0.319834
0.82565
0.334858
0.404423
0.327532
0.995958
0.290647
0.752307
0.726639
0.565706
0.946252
0.559246
0.500451
0.754775
0.398475
0.917421
0.956325
0.677438
0.713808
0.119007
0.79947
0.96879
0.688094
0.325923
0.858249
0.209612
0.376316
0.632545
0.528086
0.166237
0.207321
0.812533
0.863589
0.129709
0.511324
0.753142
0.04084
0.737456
0.416303
0.507892
0.573082
0.194823
0.643504
0.933153
0.804181
0.01683
0.630901
0.159059
0.899181
0.544138
0.17207
0.935736
0.95851
0.913535
0.848307
0.466542
0.126641
0.568122
0.209963
0.11173
0.291592
0.063667
0.646746
0.419385
0.511219
0.083435
0.197255
0.259498
0.515571
0.376951
0.472666
0.716308
0.554079
0.167071
0.705099
0.482489
0.67055
0.573432
0.548687
0.883415
0.065873
0.16679
0.140399
0.556184
0.008446
0.941529
0.8091
0.399653
0.689319
0.918423
0.844084
0.926008
0.015783
0.351683
0.493642
0.456604
0.923172
0.197432
0.712321
0.071108
0.587171
0.35779
0.084283
0.464229
0.62228
0.639631
0.62528
0.514122
0.368487
0.063848
0.845613
0.413703
0.16843
0.687597
0.357369
0.490397
0.156102
0.996264
0.446031
0.800644
0.051026
0.460555
0.963311
0.173594
0.344045
0.05515
0.696945
0.022388
0.668546
0.5267
0.153382
0.595271
0.126988
0.345779
0.713865
0.030589
0.588671
0.141249
0.912725
0.989284
0.269022
0.413822
0.825658
0.793914
0.198002
0.354566
0.015584
0.83196
0.317484
0.645093
0.095131
0.702502
0.085302
0.573223
0.221733
0.135122
0.741252
0.673853
0.665087
0.77128
0.183199
0.902906
0.666481
0.847841
0.394336
0.34147
0.058934
0.307002
0.562832
0.415273
0.245921
0.351336
0.414891
0.114868
0.584071
0.579641
0.723705
0.437903
0.961671
0.628222
0.971161
0.01492
0.523478
0.331681
0.038742
0.838781
0.785096
0.827183
0.735358
0.023323
0.621063
0.146458
0.821377
0.781997
0.211835
0.253167
0.805375
0.619124
0.584888
0.207017
0.895579
0.67283
0.01695
0.248761
0.884815
0.283934
0.144497
0.478591
0.738373
0.625301
0.668399
0.060495
0.612762
0.326954
0.33115
0.13061
0.539765
0.57928
0.036509
0.869357
0.414408
0.137734
0.644299
0.194784
0.133008
0.963603
0.257432
0.66
0.098472
0.94732
0.836269
0.690471
0.378186
0.420384
0.21872
0.164049
0.117563
0.095464
0.720264
0.094678
0.014974
0.706938
0.478035
0.589925
0.41823
0.28062
0.018382
0.010584
0.265812
0.045149
0.193883
0.624651
0.723859
0.59671
0.628575
0.582293
0.948481
0.615149
0.41219
0.31258
0.99688
0.350955
0.994496
0.023564
0.518308
0.937151
0.384091
0.957013
0.700175
0.783804
0.827723
0.144025
0.041938
0.189327
0.310372
0.981608
0.688593
0.871144
0.404285
0.613937
0.619978
0.693257
0.980008
0.114146
0.324033
0.452549
0.633161
0.291951
0.234233
0.042427
0.216312
0.366636
0.405888
0.081334
0.096418
0.633333
0.043027
0.932826
0.754512
0.488876
0.396821
0.969732
0.70635
0.263978
0.941151
0.620607
0.478481
0.569116
0.694257
0.933908
0.178558
0.147142
0.021011
0.153679
0.660568
0.19005
0.887167
0.334872
0.429281
0.056323
0.428762
0.736882
0.693651
0.563361
0.624904
0.651969
0.620752
0.592503
0.810349
0.214524
0.049429
0.950716
0.75237
0.432606
0.277838
0.882423
0.12964
0.059087
0.321421
0.301476
0.476293
0.572203
0.755937
0.387861
0.945193
0.83266
0.187751
0.277335
0.560043
0.182448
0.699994
0.089844
0.401154
0.468859
0.831976
0.046505
0.355393
0.142152
0.082414
0.100214
0.135734
0.626031
0.539696
0.850536
0.311807
0.526072
0.626155
0.80569
0.524827
0.136702
0.743462
0.311255
0.114629
0.003081
0.562838
0.435826
0.888475
0.214796
0.763839
0.028771
0.798797
0.713112
0.215178
0.761842
0.607179
0.160845
0.371217
0.095171
0.083162
0.200964
0.589875
0.977721
0.393587
0.13017
0.881863
0.872106
0.556508
0.90228
0.635499
0.973357
0.739168
0.515454
0.498937
0.627711
0.047378
0.853197
0.980549
0.228352
0.782107
0.701032
0.33855
0.276931
0.682565
0.473266
0.957319
0.360294
0.390634
0.434029
0.491152
0.76913
0.342554
0.719995
0.479141
0.217074
0.465505
0.004006
0.628901
0.764678
0.626381
0.646641
0.784476
0.696388
0.004594
0.531565
0.370102
0.50202
0.602888
0.450054
0.543756
0.462131
0.087435
0.368048
0.135524
0.002966
0.280434
0.765125
0.415716
0.828305
0.36865
0.220952
0.342729
0.716611
0.72909
0.68951
0.601807
0.190061
0.581474
0.402183
0.02411
0.686838
0.960657
0.362813
0.073434
0.560401
0.395976
0.296468
0.013902
0.568394
0.634392
0.980232
0.715655
0.029353
0.224488
0.874094
0.621921
0.130431
0.345157
0.33679
0.664715
0.948266
0.264417
0.51859
0.287059
0.322039
0.528949
0.54891
0.73302
0.586525
0.052536
0.07147
0.227738
0.374055
0.266457
0.760598
0.944562
0.963595
0.458194
0.162726
0.451579
0.734715
0.508343
0.09809
0.808215
0.621328
0.441943
0.840187
0.532866
0.586325
0.780682
0.450639
0.567689
0.871484
0.628038
0.334413
0.677706
0.212364
0.472264
0.423311
0.797189
0.641912
0.539689
0.811976
0.901867
0.868079
0.4449
0.911908
0.709437
0.669198
0.07983
0.238723
0.792292
0.869739
0.182337
0.994542
0.258924
0.831253
0.319383
0.626044
0.399459
0.333568
0.1107
0.39885
0.689211
0.802628
0.221334
0.900229
0.788992
0.175932
0.482722
0.379597
0.557202
0.241959
0.487651
0.36107
0.890343
0.400726
0.490136
0.12016
0.312521
0.031948
0.999119
0.199737
0.816759
0.616896
0.346505
0.89511
0.633032
0.490708
0.067723
0.610125
0.856827
0.81393
0.901595
0.974948
0.961662
0.188945
0.525559
0.922268
0.997461
0.833296
0.174173
0.64289
0.779726
0.222217
0.271341
0.06777
0.69109
0.644558
0.743315
0.238975
0.888245
0.891546
0.317833
0.486151
0.64639
0.74886
0.411453
0.821553
0.443725
0.333147
0.37492
0.752304
0.542574
0.84325
0.665802
0.014262
0.691103
0.857563
0.660908
0.602355
0.48242
0.425024
0.991875
0.134138
0.625447
0.144115
0.048617
0.470161
0.150911
0.122891
0.787699
0.207277
0.978269
0.208623
0.965155
0.979714
0.850361
0.558472
0.746877
0.701225
0.309275
0.514803
0.28128
0.141117
0.592988
0.100098
0.208817
0.783776
0.310783
0.933814
0.983233
0.007857
0.512322
0.001507
0.705361
0.47671
0.821496
0.498615
0.583344
0.860329
0.444992
0.309993
0.204876
0.266626
0.326814
0.848198
0.454862
0.107743
0.662073
0.968006
0.964631
0.28823
0.888417
0.077197
0.215927
0.981563
0.92682
0.32818
0.44739
0.375699
0.406931
0.24673
0.539758
0.404482
0.19129
0.885049
0.462746
0.552389
0.63696
0.583725
0.193566
0.282098
0.490087
0.934186
0.019961
0.897399
0.778678
0.931932
0.173052
0.770301
0.290032
0.770436
0.088004
0.760075
0.72914
0.154814
0.015013
0.88087
0.699178
0.751853
0.568785
0.360289
0.7334
0.025599
0.547794
0.079649
0.2033
0.863003
0.761991
0.066051
0.17426
0.054693
0.463096
0.448123
0.26984
0.510311
0.689988
0.500633
0.271052
0.598532
0.542788
0.402231
0.167897
0.662043
0.507222
0.203539
0.982596
0.878123
0.041695
0.842333
0.860373
0.096985
0.754203
0.267499
0.278852
0.814976
0.80255
0.839637
0.667152
0.245143
0.153828
0.70936
0.245183
0.291711
0.409361
0.361471
0.97046
0.632738
0.720618
0.465654
0.208241
0.939422
0.032487
0.457703
0.267812
0.521407
0.700217
0.83833
0.990872
0.210821
0.102597
0.19238
0.513621
0.906999
0.698676
0.770062
0.882342
0.339653
0.608983
0.627287
0.802182
0.120632
0.205273
0.009772
0.546825
0.83951
0.098491
0.235784
0.276177
0.672366
0.66351
0.440914
0.631736
0.241701
0.516732
0.105542
0.530049
0.766216
0.100503
0.353164
0.570214
0.930478
0.44722
0.153793
0.179662
0.936903
0.77798
0.49265
0.769945
0.024326
0.159318
0.544953
0.331226
0.082346
0.767152
0.178496
0.426273
0.451316
0.054917
0.285288
0.891011
0.94641
0.452921
0.170674
0.842168
0.04608
0.425301
0.775191
0.751753
0.082943
0.82724
0.444819
0.662263
0.75471
0.416864
0.604999
0.787285
0.619769
0.718241
0.226503
0.837416
0.227579
0.395475
0.091694
0.253829
0.308579
0.685305
0.216966
0.735233
0.156419
0.051976
0.79663
0.318558
0.906275
0.167103
0.461895
0.884674
0.863225
0.598605
0.298426
0.846863
0.523874
0.719069
0.250194
0.777163
0.101311
0.065863
0.79238
0.510549
0.5112
0.404535
0.204054
0.217027
0.805691
0.799166
0.172796
0.949992
0.454507
0.732771
0.400021
0.487709
0.767365
0.971199
0.170637
0.164146
0.276425
0.901029
0.580372
0.008845
0.606834
0.312635
0.718912
0.497588
0.63826
0.951289
0.362909
0.6785
0.407282
0.196822
0.019319
0.527762
0.304855
0.917529
0.700133
0.90924
0.072937
0.716172
0.530519
0.83959
0.460549
0.73184
0.486274
0.256154
0.421565
0.71346
0.390622
0.148566
0.363215
0.099197
0.832815
0.133585
0.725494
0.955468
0.647464
0.887748
0.178561
0.686226
0.514222
0.412376
0.384365
0.789988
0.144817
0.813731
0.971945
0.355542
0.132467
0.197201
0.176111
0.393257
0.318925
0.76319
0.593099
0.208376
0.790124
0.253634
0.460805
0.539195
0.573181
0.864508
0.960388
0.915765
0.6155
0.382988
0.659372
0.039079
0.924546
0.169366
0.813213
0.599429
0.621889
0.377931
0.586877
0.876082
0.197144
0.900248
0.799979
0.120785
0.939898
0.998219
0.251005
0.415242
0.048103
0.987232
0.057172
0.472399
0.640941
0.465917
0.002339
0.964112
0.407686
0.65689
0.757683
0.877065
0.724216
0.748151
0.337373
0.49453
0.888743
0.351103
0.61072
0.469937
0.562369
0.651131
0.463685
0.386881
0.80473
0.237501
0.33477
0.386199
0.362739
0.841442
0.670154
0.87072
0.561607
0.491277
0.174525
0.826905
0.226539
0.480892
0.381347
0.110097
0.026478
0.488724
0.589075
0.498633
0.69637
0.047009
0.061854
0.189552
0.062134
0.178384
0.016638
0.354923
0.174942
0.189407
0.270352
0.121964
0.895682
0.615968
0.689235
0.203358
0.360467
0.279083
0.516016
0.885953
0.489239
0.431108
0.844769
0.294044
0.07506
0.301529
0.046829
0.648272
0.500356
0.15342
0.309027
0.891136
0.781726
0.697971
0.292262
0.991726
0.007883
0.040067
0.328894
0.474959
0.681408
0.37146
0.66603
0.960788
0.753058
0.926426
0.195667
0.86658
0.839781
0.625071
0.546042
0.898026
0.230912
0.142493
0.553295
0.441611
0.490273
0.045965
0.878909
0.436796
0.31067
0.625431
0.470766
0.729594
0.635991
0.805779
0.803421
0.169878
0.463776
0.230591
0.34885
0.365662
0.613804
0.428087
0.573462
0.354709
0.702994
0.429126
0.065052
0.654482
0.262162
0.644344
0.447055
0.712766
0.436028
0.279595
0.545946
0.494244
0.565963
0.734979
0.326027
0.237192
0.003538
0.57822
0.889568
0.743709
0.726909
0.18566
0.722148
0.933663
0.196779
0.68238
0.552245
0.42595
0.844128
0.061297
0.538456
0.990909
0.658447
0.30914
0.390311
0.703569
0.027091
0.964528
0.18253
0.926627
0.420181
0.73548
0.181741
0.222251
0.839549
0.113279
0.268328
0.152392
0.256118
0.080477
0.244477
0.435808
0.153376
0.327833
0.967489
0.749253
0.815587
0.268052
0.128585
0.005178
0.078849
0.621602
0.809204
0.157602
0.849161
0.111692
0.427836
0.903541
0.922795
0.308775
0.094474
0.642409
0.785765
0.381905
0.446136
0.434682
0.396548
0.469786
0.155704
0.693982
0.771473
0.710382
0.077961
0.910088
0.996183
0.653165
0.811956
0.183797
0.575838
0.39086
0.015704
0.57377
0.819563
0.956811
0.566198
0.979802
0.884251
0.942603
0.970247
0.757097
0.692725
0.359412
0.068504
0.749875
0.720276
0.187629
0.117293
0.88111
0.545588
0.844726
0.544987
0.217046
0.325406
0.254833
0.065988
0.184652
0.525006
0.142105
0.058047
0.962507
0.40347
0.346694
0.147811
0.301916
0.300318
0.083417
0.99384
0.875706
0.720651
0.772084
0.724636
0.059432
0.286442
0.368499
0.838183
0.97479
0.448199
0.566162
0.586094
0.741819
0.074343
0.733491
0.943747
0.644101
0.821785
0.266063
0.182094
0.695545
0.557235
0.615024
0.977971
0.71448
0.880968
0.0353
0.776254
0.189155
0.854941
0.9515
0.549197
0.80943
0.664346
0.441355
0.467028
0.138967
0.584762
0.857882
0.042618
0.690496
0.746682
0.164216
0.310202
0.379642
0.876691
0.668463
0.042566
0.181468
0.339575
0.214422
0.404785
0.960804
0.984263
0.815305
0.867424
0.693437
0.021158
0.488766
0.228025
0.23311
0.007804
0.540791
0.783162
0.043736
0.547581
0.398776
0.814671
0.675539
0.682722
0.022255
0.490298
0.333415
0.653614
0.111627
0.692864
0.537424
0.924241
0.152305
0.916647
0.948297
0.553
0.263915
0.419519
0.620904
0.376636
0.566943
0.541711
0.965832
0.014823
0.977455
0.227115
0.124627
0.034167
0.40469
0.803291
0.613409
0.832346
0.783418
0.784723
0.4411
0.264709
0.042084
0.646269
0.156366
0.861558
0.702066
0.770506
0.19885
0.211172
0.274591
0.987329
0.706518
0.174566
0.83034
0.346489
0.478788
0.899245
0.627919
0.94324
0.549592
0.883427
0.711579
0.409695
0.667435
0.244711
0.827251
0.641768
0.013476
0.07427
0.531719
0.1005
0.658751
0.277702
0.878007
0.078966
0.646273
0.62364
0.135741
0.15862
0.141864
0.814049
0.585949
0.341553
0.669772
0.270693
0.223287
0.050574
0.264124
0.701453
0.346082
0.433021
0.756489
0.338787
0.7491
0.18244
0.67152
0.870937
0.207054
0.245036
0.247813
0.820359
0.618579
0.384556
0.539398
0.366386
0.357873
0.874458
0.041206
0.884038
0.853633
0.38048
0.271298
0.354171
0.699303
0.943209
0.062749
0.773433
0.696813
0.910832
0.48559
0.382927
0.682631
0.377658
0.961111
0.080346
0.220109
0.610115
0.048702
0.172663
0.142764
0.986789
0.894527
0.069763
0.714902
0.718136
0.261334
0.240735
0.762705
0.571635
0.941675
0.782788
0.881851
0.262914
0.853668
0.462036
0.926241
0.359628
0.520643
0.284677
0.213545
0.970395
0.526278
0.520941
0.984175
0.998936
0.390803
0.721562
0.406494
0.742101
0.92344
0.396505
0.925541
0.519813
0.873118
0.232404
0.981849
0.240913
0.463153
0.598962
0.860057
0.155137
0.125037
0.798748
0.14188
0.381654
0.022523
0.477104
0.107731
0.728989
0.80808
0.157433
0.963199
0.369275
0.589234
0.119188
0.416642
0.016051
0.935217
0.999329
0.378597
0.725684
0.96824
0.876046
0.677629
0.120372
0.107363
0.891362
0.971417
0.718956
0.613433
0.617012
0.417465
0.346811
0.593034
0.540881
0.931378
0.31067
0.421986
0.166725
0.868721
0.968687
0.533621
0.440208
0.947706
0.827071
0.942382
0.012452
0.633419
0.6012
0.967276
0.672694
0.703171
0.198029
0.539078
0.301019
0.294296
0.684005
0.945456
0.210318
0.697867
0.412811
0.285349
0.408822
0.621873
0.211519
0.866663
0.054065
0.234296
0.992054
0.457924
0.411191
0.654364
0.290085
0.530834
0.910645
0.82857
0.249732
0.744229
0.072045
0.912761
0.554902
0.596127
0.136384
0.488748
0.500294
0.326992
0.803095
0.596064
0.179524
0.839805
0.131844
0.282338
0.40639
0.471344
0.552645
0.116628
0.380204
0.499683
0.434041
0.029049
0.822486
0.105688
0.919203
0.393152
0.372919
0.603144
0.975976
0.304992
0.712657
0.872689
0.049788
0.317657
0.392842
0.186546
0.468837
0.680209
0.893449
0.494444
0.208549
0.465025
0.969634
0.897856
0.197931
0.276811
0.453271
0.767793
0.971298
0.812954
0.64989
0.169241
0.676441
0.955057
0.792579
0.216231
0.185352
0.062388
0.567057
0.173894
0.420064
0.209287
0.411914
0.749605
0.9257
0.000192
0.476903
0.163685
0.087796
0.800586
0.601258
0.864252
0.862134
0.71505
0.846137
0.665739
0.188915
0.602348
0.80824
0.750329
0.425048
0.804278
0.075656
0.107853
0.271628
0.984855
0.925246
0.454959
0.294825
0.161282
0.308994
0.945072
0.319263
0.534196
0.465922
0.894026
0.820807
0.9572
0.358459
0.285547
0.21827
0.907825
0.566071
0.122318
0.688436
0.143396
0.694342
0.24736
0.849851
0.839051
0.346983
0.734207
0.660143
0.125479
0.148194
0.133642
0.41803
0.485025
0.806859
0.100908
0.101712
0.592327
0.772941
0.922439
0.183995
0.702561
0.115775
0.030036
0.011401
0.4904
0.660489
0.159013
0.496796
0.761446
0.548813
0.283591
0.034946
0.900982
0.188194
0.410624
0.072598
0.485506
0.866693
0.272583
0.405552
0.604029
0.064077
0.275524
0.556382
0.717651
0.17407
0.251766
0.780099
0.437496
0.13915
0.730076
0.675437
0.832884
0.612268
0.250945
0.265777
0.854232
0.758862
0.319077
0.328659
0.052788
0.811496
0.064267
0.723935
0.552622
0.673643
0.802544
0.745773
0.247761
0.483595
0.575204
0.28872
0.612962
0.915366
0.617731
0.654066
0.497178
0.59396
0.298777
0.657999
0.301896
0.251302
0.378155
0.196328
0.678742
0.068245
0.50863
0.386841
0.291478
0.469608
0.315158
0.198476
0.14285
0.746563
0.279436
0.525814
0.727192
0.880459
0.870142
0.205235
0.417487
0.828905
0.233854
0.435686
0.944847
0.616069
0.8641
0.161825
0.089403
0.293947
0.777469
0.580803
0.740649
0.305101
0.841936
0.041461
0.66057
0.917085
0.484043
0.899138
0.796799
0.028945
0.192484
0.241997
0.399462
0.941388
0.726971
0.242999
0.829364
0.171371
0.811497
0.820002
0.667707
0.892593
0.4825
0.909726
0.549585
0.617113
0.096464
0.895118
0.750563
0.112518
0.434377
0.949287
0.704286
0.907493
0.790481
0.491599
0.362447
0.685504
0.722363
0.596016
0.037613
0.471147
0.119507
0.270741
0.698409
0.630012
0.784169
0.724558
0.528824
0.586839
0.240978
0.051501
0.886347
0.000598
0.721253
0.141345
0.998928
0.57889
0.269884
0.394096
0.793697
0.121916
0.891049
0.276413
0.409322
0.201667
0.35758
0.338165
0.311258
0.851587
0.835147
0.260202
0.686896
0.086616
0.538092
0.208345
0.118011
0.027001
0.115779
0.552511
0.333301
0.106189
0.299225
0.947951
0.564668
0.948802
0.553771
0.619278
0.975662
0.698822
0.673709
0.230166
0.121382
0.769062
0.449815
0.675717
0.307655
0.135844
0.417536
0.082822
0.275266
0.878777
0.556288
0.297993
0.467316
0.35868
0.31165
0.223916
0.154216
0.36739
0.605379
0.109734
0.8575
0.283804
0.168591
0.286331
0.107972
0.582318
0.147313
0.029928
0.675428
0.946594
0.696737
0.494338
0.038649
0.801742
0.48457
0.706255
0.39884
0.877519
0.438175
0.962764
0.620947
0.889392
0.619966
0.341292
0.128852
0.852436
0.297075
0.340558
0.183547
0.25908
0.242668
0.790105
0.491185
0.948568
0.814587
0.280614
0.914723
0.143477
0.736085
0.78768
0.586097
0.519451
0.530092
0.827359
0.469901
0.823626
0.153598
0.556235
0.39697
0.303779
0.736844
0.919437
0.65211
0.452241
0.423808
0.58476
0.131255
0.911734
0.624581
0.356998
0.47672
0.963108
0.845817
0.788859
0.573692
0.397593
0.693445
0.807608
0.673874
0.943882
0.658121
0.949018
0.63997
0.310709
0.33241
0.157981
0.334817
0.360931
0.246665
0.751656
0.768493
0.574249
0.204176
0.305248
0.185699
0.811064
0.971467
0.272433
0.55612
0.299253
0.061444
0.570787
0.857875
0.765384
0.534285
0.056842
0.672008
0.193702
0.372035
0.692667
0.67229
0.717986
0.209884
0.951862
0.231441
0.747832
0.686424
0.604098
0.641373
0.598701
0.530275
0.955688
0.430172
0.526382
0.035517
0.24687
0.836573
0.933726
0.254961
0.709381
0.392939
0.203772
0.643097
0.977053
0.42639
0.735981
0.163964
0.238651
0.74183
0.611386
0.66697
0.393712
0.056014
0.525931
0.043466
0.342746
0.349648
0.301767
0.108406
0.55385
0.468608
0.50976
0.750199
0.599364
0.299612
0.779225
0.783599
0.047637
0.041727
0.305026
0.969553
0.63843
0.483777
0.488296
0.287609
0.628204
0.170076
0.376685
0.63442
0.181774
0.739764
0.768155
0.708034
0.340713
0.41445
0.011674
0.124428
0.556158
0.597242
0.107875
0.61513
0.971255
0.228185
0.999684
0.18525
0.08951
0.856952
0.137777
0.995385
0.191081
0.083302
0.601291
0.062734
0.463168
0.118315
0.472384
0.411838
0.26162
0.155905
0.656816
0.053704
0.732549
0.7324
0.285233
0.885761
0.294782
0.770221
0.309404
0.914486
0.664618
0.143914
0.378943
0.254412
0.625512
0.218843
0.209262
0.885301
0.631599
0.735737
0.009319
0.522831
0.39161
0.677343
0.185399
0.166072
0.124194
0.190975
0.595495
0.534379
0.155143
0.238883
0.184782
0.351275
0.768052
0.674301
0.255551
0.793114
0.504614
0.543673
0.727119
0.086371
0.199746
0.637497
0.970123
0.976206
0.098931
0.687709
0.504122
0.449888
0.1944
0.964955
0.849764
0.073536
0.28848
0.293459
0.103349
0.705936
0.512991
0.752999
0.430149
0.102686
0.87794
0.221674
0.675539
0.060271
0.03445
0.293732
0.271697
0.238044
0.423946
0.112502
0.889544
0.922035
0.095974
0.211367
0.700047
0.224531
0.453091
0.209591
0.881811
0.695041
0.019858
0.793432
0.082632
0.497503
0.824832
0.044319
0.161854
0.773579
0.529677
0.59933
0.097078
0.557214
0.149551
0.26288
0.446791
0.276418
0.40995
0.441579
0.61544
0.513961
0.976097
0.821747
0.039651
0.891841
0.079171
0.85733
0.731784
0.103996
0.989677
0.137605
0.385199
0.915927
0.320728
0.323424
0.743821
0.96426
0.397324
0.305841
0.091716
0.995265
0.958421
0.879537
0.261161
0.840844
0.46955
0.409161
0.457169
0.796225
0.657921
0.128211
0.089747
0.972621
0.035395
0.547694
0.026074
0.677395
0.807095
0.122666
0.948252
0.993782
0.917677
0.355538
0.790219
0.473482
0.150469
0.83465
0.700931
0.422935
0.747815
0.717686
0.003113
0.380329
0.00201
0.087013
0.576424
0.784528
0.729971
0.812543
0.351193
0.270582
0.749243
0.451146
0.62305
0.340815
0.607802
0.793221
0.533373
0.37475
0.751533
0.212888
0.150601
0.291165
0.236839
0.865316
0.325644
0.679313
0.022671
0.367342
0.310193
0.529408
0.81083
0.884242
0.878122
0.984972
0.557159
0.344219
0.296819
0.748567
0.080911
0.146047
0.169343
0.908225
0.105341
0.461467
0.473284
0.668055
0.96627
0.866755
0.965684
0.586362
0.24145
0.890443
0.664049
0.52688
0.348448
0.058081
0.889697
0.716875
0.375031
0.40499
0.851846
0.287406
0.20001
0.235187
0.206013
0.752778
0.778979
0.087552
0.834269
0.882818
0.133944
0.991726
0.353152
0.885171
0.73236
0.454449
0.374025
0.901921
0.930314
0.064793
0.816019
0.346112
0.687109
0.392887
0.269346
0.362268
0.833282
0.476364
0.514221
0.69645
0.194079
0.379016
0.810139
0.611477
0.036743
0.945017
0.703513
0.743228
0.524215
0.700426
0.482015
0.619629
0.653213
0.826441
0.790271
0.931395
0.099534
0.987705
0.846059
0.898931
0.558977
0.45035
0.880301
0.368488
0.619352
0.742204
0.086852
0.660156
0.574158
0.676203
0.669189
0.998617
0.341361
0.492761
0.259981
0.617214
0.807629
0.005522
0.275779
0.08063
0.105092
0.821163
0.358459
0.285924
0.334403
0.11714
0.399899
0.189299
0.271201
0.296803
0.183572
0.765967
0.573567
0.628449
0.563597
0.993623
0.043136
0.726061
0.688419
0.603149
0.084184
0.756015
0.756419
0.696703
0.001935
0.665402
0.329249
0.422843
0.759587
0.733759
0.653108
0.917022
0.762187
0.54007
0.645612
0.966358
0.448175
0.84502
0.549927
0.205171
0.243325
0.399155
0.715927
0.960021
0.055212
0.204299
0.057549
0.71455
0.68118
0.048453
0.102256
0.340274
0.959961
0.176387
0.430283
0.443825
0.896378
0.351907
0.327845
0.271477
0.419149
0.974528
0.092877
0.515786
0.160318
0.487925
0.492815
0.706139
0.31999
0.816317
0.770345
0.61786
0.632219
0.403116
0.803014
0.697271
0.407344
0.423243
0.147727
0.058708
0.152048
0.191666
0.368776
0.363071
0.133898
0.274842
0.218907
0.320416
0.762045
0.606108
0.407355
0.250684
0.564891
0.871333
0.534554
0.894002
0.403932
0.648574
0.641566
0.648686
0.644769
0.933749
0.023728
0.934461
0.123256
0.039019
0.612777
0.223221
0.258219
0.465586
0.873601
0.016635
0.239307
0.564749
0.2704
0.541156
0.378223
0.121885
0.299032
0.046469
0.985517
0.875738
0.668068
0.271468
0.921505
0.737627
0.581118
0.949908
0.021555
0.242913
0.599902
0.573908
0.714945
0.229894
0.141269
0.530418
0.932431
0.247307
0.335579
0.495451
0.740145
0.340444
0.036211
0.300023
0.5599
0.094771
0.817727
0.309556
0.373392
0.246396
0.89762
0.855239
0.01087
0.28161
0.706441
0.842849
0.037429
0.32201
0.670633
0.900866
0.554389
0.913834
0.944936
0.617238
0.131468
0.36058
0.108026
0.006271
0.19403
0.941973
0.606752
0.600224
0.858445
0.358667
0.447809
0.141518
0.503608
0.395051
0.51139
0.008728
0.381033
0.364476
0.599636
0.457304
0.122634
0.659309
0.26874
0.954342
0.638997
0.847595
0.616068
0.142921
0.185849
0.586737
0.728545
0.29658
0.742892
0.139996
0.571957
0.104566
0.482384
0.75178
0.30849
0.764101
0.608614
0.307796
0.293614
0.016664
0.364002
0.01759
0.765341
0.265434
0.959642
0.780901
0.634769
0.045488
0.135385
0.191086
0.476952
0.030841
0.401379
0.815278
0.87997
0.778339
0.809728
0.636715
0.360668
0.127091
0.094787
0.70489
0.160238
0.381104
0.585148
0.95654
0.117001
0.991623
0.045573
0.887841
0.721012
0.902119
0.322437
0.214919
0.257326
0.079852
0.901886
0.841743
0.45698
0.204315
0.107174
0.151849
0.714806
0.559846
0.590211
0.727569
0.995216
0.169829
0.398756
0.425733
0.322946
0.218975
0.112707
0.493057
0.202649
0.478003
0.643385
0.574665
0.86549
0.559334
0.973611
0.185721
0.809839
0.896983
0.973174
0.302438
0.80589
0.067625
0.952818
0.807488
0.967837
0.012817
0.510321
0.139434
0.978325
0.804121
0.464854
0.532226
0.829087
0.640601
0.479816
0.719017
0.136422
0.522767
0.319847
0.258283
0.429179
0.156528
0.053864
0.045086
0.590319
0.298899
0.682717
0.394282
0.935297
0.61509
0.534839
0.392247
0.712249
0.902243
0.976867
0.043221
0.187972
0.588233
0.435364
0.611879
0.044643
0.469946
0.350054
0.037326
0.328222
0.228256
0.944794
0.830153
0.366343
0.708396
0.453106
0.803115
0.909962
0.453823
0.757666
0.501959
0.945311
0.901919
0.16778
0.264665
0.892427
0.257907
0.426328
0.479866
0.473636
0.716284
0.24937
0.293253
0.128825
0.285567
0.2305
0.841203
0.427106
0.961856
0.129333
0.830077
0.304669
0.004123
0.751826
0.537219
0.03214
0.564832
0.364129
0.084324
0.174931
0.979636
0.681666
0.009911
0.445514
0.156251
0.19989
0.508085
0.776223
0.737182
0.268385
0.846352
0.911207
0.373279
0.355384
0.639732
0.569968
0.293844
0.169623
0.625718
0.719129
0.518227
0.796824
0.186493
0.770549
0.658744
0.906022
0.639685
0.853777
0.502839
0.872233
0.886246
0.130411
0.812074
0.834668
0.358414
0.874205
0.939624
0.59136
0.44258
0.185904
0.807339
0.072014
0.53174
0.928784
0.632233
0.801484
0.329904
0.261561
0.33266
0.60518
0.28244
0.348942
0.063561
0.920052
0.348637
0.040114
0.538685
0.57998
0.519334
0.435025
0.483543
0.525416
0.128076
0.627508
0.889011
0.460415
0.409607
0.985773
0.347007
0.084422
0.804837
0.009728
0.230996
0.613525
0.459283
0.137932
0.685325
0.740097
0.06968
0.685202
0.062227
0.730161
0.19897
0.478674
0.838283
0.580727
0.549706
0.933654
0.803555
0.770954
0.984492
0.089902
0.739221
0.615134
0.961887
0.282743
0.958853
0.194312
0.419899
0.689481
0.37268
0.326981
0.18919
0.769968
0.844182
0.431701
0.671778
0.828017
0.046959
0.308274
0.044981
0.262462
0.990279
0.814196
0.653098
0.078119
0.88521
0.055781
0.430237
0.406831
0.583915
0.489396
0.71399
0.953466
0.874966
0.307883
0.317969
0.114545
0.407732
0.100865
0.001821
0.432708
0.041975
0.497415
0.157192
0.319823
0.444387
0.921596
0.076255
0.475371
0.465028
0.451609
0.462231
0.135305
0.037182
0.822133
0.258537
0.631352
0.011867
0.039719
0.870591
0.28892
0.175136
0.482616
0.889835
0.776803
0.742729
0.420234
0.06907
0.653031
0.086002
0.831362
0.86376
0.38829
0.395315
0.096565
0.730839
0.250109
0.200147
0.634432
0.259689
0.258144
0.777615
0.961894
0.399435
0.746451
0.350378
0.440699
0.689122
0.041312
0.238423
0.798548
0.236315
0.239468
0.690264
0.181449
0.738967
0.847813
0.192682
0.134031
0.327846
0.548628
0.15052
0.022947
0.484828
0.627096
0.977792
0.010049
0.854403
0.691588
0.137419
0.11816
0.964747
0.008196
0.058041
0.211698
0.478228
0.857668
0.14645
0.684164
0.913145
0.846864
0.672306
0.142429
0.039332
0.07907
0.721478
0.961429
0.547769
0.073765
0.311121
0.458056
0.441936
0.296171
0.730181
0.947498
0.258763
0.559748
0.831845
0.195747
0.89496
0.532962
0.919398
0.114719
0.288555
0.242627
0.370526
0.760074
0.508155
0.828143
0.839925
0.514129
0.669311
0.168686
0.844431
0.045927
0.410262
0.922205
0.60821
0.486075
0.734231
0.531664
0.849698
0.013918
0.021455
0.256065
0.844752
0.211767
0.336647
0.860874
0.41845
0.315864
0.782867
0.810352
0.252165
0.056905
0.717911
0.248553
0.17072
0.704567
0.042382
0.837101
0.176978
0.459957
0.570991
0.282627
0.412246
0.738527
0.923631
0.547523
0.576088
0.49653
0.726972
0.476237
0.920988
0.138526
0.56844
0.347972
0.513314
0.378676
0.88785
0.359643
0.423898
0.048947
0.54404
0.917071
0.218991
0.196593
0.063624
0.330682
0.193518
0.944118
0.484294
0.918011
0.487873
0.745082
0.496878
0.058441
0.16366
0.044564
0.024324
0.541394
0.049814
0.661026
0.349125
0.98279
0.386723
0.480422
0.0347
0.32079
0.547574
0.082489
0.591653
0.61486
0.578781
0.41122
0.125187
0.052252
0.140178
0.872786
0.579751
0.053284
0.004727
0.009866
0.469864
0.831343
0.845028
0.597058
0.777158
0.543232
0.289652
0.716503
0.775005
0.479192
0.581561
0.751085
0.334756
0.247739
0.446789
0.409519
0.927114
0.685405
0.056587
0.567385
0.505787
0.253851
0.297843
0.773412
0.706793
0.669144
0.969904
0.564876
0.426522
0.163185
0.434508
0.737054
0.505579
0.168086
0.767902
0.984957
0.403346
0.145244
0.51301
0.670067
0.239188
0.630521
0.302567
0.826814
0.221116
0.737703
0.107885
0.107223
0.45534
0.90462
0.999103
0.445733
0.796578
0.471078
0.310347
0.014158
0.159534
0.825238
0.956064
0.809802
0.161517
0.574117
0.142836
0.835037
0.498488
0.510607
0.40401
0.382277
0.141611
0.062973
0.35934
0.882882
0.880529
0.379281
0.215305
0.531726
0.824978
0.45633
0.894603
0.335551
0.796262
0.613016
0.885768
0.492955
0.027214
0.196462
0.801298
0.925172
0.593753
0.050018
0.381749
0.468755
0.707462
0.264768
0.111341
0.908783
0.907443
0.721942
0.738145
0.906655
0.636819
0.18881
0.452954
0.875762
0.760937
0.306254
0.512193
0.822633
0.626847
0.630891
0.064279
0.182377
0.988127
0.208169
0.730716
0.831841
0.728872
0.776963
0.914787
0.966761
0.606586
0.443076
0.939457
0.826135
0.897344
0.206657
0.03633
0.826624
0.995412
0.450751
0.993037
0.895296
0.012712
0.123446
0.17241
0.050151
0.466169
0.250926
0.652665
0.96852
0.828618
0.894765
0.056536
0.47159
0.563432
0.336291
0.204289
0.303496
0.247162
0.84011
0.744401
0.292793
0.967511
0.064553
0.401359
0.087092
0.264667
0.119312
0.090025
0.092619
0.400608
0.04702
0.580538
0.185786
0.105295
0.63676
0.719369
0.081862
0.667722
0.796285
0.155277
0.472394
0.419033
0.841624
0.940421
0.030933
0.880037
0.176222
0.390478
0.432333
0.32948
0.676592
0.609883
0.128696
0.546008
0.257534
0.578313
0.020148
0.501355
0.537042
0.711812
0.729622
0.228558
0.799425
0.461577
0.561886
0.342273
0.536757
0.790733
0.950633
0.095029
0.592985
0.866521
0.297389
0.563529
0.063846
0.421395
0.870619
0.71531
0.799591
0.531717
0.98757
0.317103
0.819655
0.972427
0.071062
0.371259
0.716573
0.043883
0.153708
0.31795
0.300585
0.360365
0.342412
0.630402
0.933486
0.956756
0.359462
0.246304
0.831745
0.817847
0.272153
0.600817
0.498053
0.378661
0.939862
0.328345
0.182759
0.313414
0.090224
0.482353
0.711558
0.99529
0.638185
0.832073
0.685083
0.102017
0.725772
0.412687
0.372752
0.589592
0.801926
0.477645
0.955681
0.626966
0.514699
0.2207
0.384191
0.453017
0.372516
0.790443
0.23283
0.57246
0.041911
0.227173
0.483533
0.640312
0.789713
0.041667
0.06072
0.830482
0.876482
0.602557
0.847545
0.003314
0.515995
0.289988
0.141709
0.766735
0.276796
0.417914
0.008841
0.521363
0.12712
0.554601
0.626045
0.975289
0.101555
0.678567
0.512276
0.132617
0.309518
0.81142
0.272925
0.051722
0.685978
0.536215
0.885245
0.506408
0.113095
0.254951
0.693643
0.09995
0.620981
0.300347
0.916412
0.301986
0.015486
0.57289
0.537099
0.40351
0.430495
0.806978
0.936013
0.44997
0.423723
0.945184
0.137574
0.979229
0.14425
0.933157
0.969344
0.400773
0.065411
0.348448
0.814797
0.033466
0.853595
0.109173
0.364441
0.25967
0.283677
0.273088
0.528391
0.315384
0.95064
0.555655
0.830882
0.90651
0.309529
0.290357
0.16983
0.350072
0.261331
0.888335
0.961719
0.325041
0.790558
0.69287
0.774302
0.76121
0.155827
0.312144
0.666912
0.960137
0.179285
0.344254
0.631446
0.833491
0.022545
0.43697
0.080279
0.922702
0.503419
0.127985
0.06002
0.822903
0.166303
0.975796
0.973587
0.416584
0.296342
0.371489
0.495933
0.867515
0.641541
0.41637
0.217324
0.901957
0.933238
0.548597
0.612263
0.421745
0.929414
0.812899
0.629857
0.852941
0.580497
0.270724
0.625276
0.44173
0.578505
0.545744
0.614765
0.779021
0.463602
0.352819
0.983761
0.836855
0.768923
0.833849
0.883371
0.157698
0.240334
0.231324
0.419354
0.851663
0.61563
0.383597
0.364914
0.763841
0.281616
0.682737
0.932514
0.819561
0.463199
0.100926
0.759008
0.530199
0.173454
0.154957
0.296773
0.714725
0.995494
0.612943
0.840573
0.981358
0.570976
0.038116
0.468513
0.476949
0.662191
0.960588
0.80248
0.691236
0.429349
0.085254
0.193956
0.623442
0.261752
0.692211
0.571626
0.266806
0.905924
0.937099
0.650776
0.797345
0.255002
0.015873
0.449477
0.853789
0.401497
0.304305
0.324518
0.903804
0.013733
0.100035
0.563091
0.465215
0.059231
0.908772
0.889716
0.911955
0.158298
0.725398
0.558167
0.831275
0.830907
0.402947
0.92706
0.672679
0.029143
0.052617
0.060734
0.043767
0.702707
0.422053
0.282441
0.39999
0.324658
0.199931
0.121752
0.440518
0.982922
0.310014
0.327387
0.31701
0.352517
0.328869
0.19711
0.296159
0.145262
0.896422
0.458735
0.967441
0.369957
0.794497
0.903402
0.641579
0.685953
0.684875
0.73367
0.480342
0.651587
0.436428
0.150857
0.803045
0.588436
0.526509
0.40474
0.599267
0.931354
0.054165
0.794422
0.041678
0.772474
0.292347
0.592055
0.183205
0.865336
0.189381
0.030598
0.314148
0.028252
0.691617
0.533162
0.380387
0.765203
0.456886
0.167474
0.521667
0.26768
0.158235
0.447709
0.227578
0.206512
0.139638
0.645725
0.340126
0.939838
0.74635
0.776236
0.304586
0.111502
0.969936
0.637657
0.833255
0.520885
0.002874
0.346591
0.139585
0.307972
0.778256
0.492016
0.142876
0.933125
0.219546
0.854276
0.480054
0.611794
0.398043
0.862642
0.762777
0.349565
0.440305
0.389078
0.654677
0.44235
0.011451
0.862773
0.610543
0.522923
0.727979
0.317036
0.570488
0.097883
0.201029
0.133189
0.269381
0.087623
0.542334
0.138437
0.200138
0.82157
0.87128
0.72099
0.311154
0.617592
0.162924
0.707838
0.366304
0.141896
0.683696
0.547025
0.850222
0.446837
0.054468
0.837472
0.13243
0.677511
0.164823
0.813672
0.481433
0.148475
0.761623
0.609871
0.852509
0.993108
0.805517
0.333161
0.344929
0.079955
0.456001
0.221088
0.663841
0.075664
0.829491
0.491639
0.95191
0.516846
0.207397
0.631478
0.851464
0.231564
0.758328
0.381667
0.283304
0.50661
0.977826
0.83078
0.022705
0.853929
0.310247
0.188387
0.377481
0.009732
0.418726
0.599669
0.622134
0.987112
0.024261
0.224605
0.479576
0.91984
0.844971
0.361382
0.367698
0.480199
0.985456
0.674584
0.157168
0.315179
0.673956
0.269434
0.105631
0.454987
0.148981
0.954173
0.36911
0.132775
0.674686
0.639446
0.841344
0.661923
0.775717
0.639333
0.788384
0.616025
0.925576
0.722917
0.214438
0.776981
0.75156
0.284202
0.12316
0.29167
0.858828
0.875237
0.90089
0.562336
0.759107
0.049667
0.10682
0.664284
0.052673
0.049644
0.280587
0.562269
0.660643
0.471791
0.167802
0.094311
0.403606
0.755537
0.783495
0.417717
0.76366
0.13765
0.198153
0.60083
0.137295
0.99177
0.711951
0.253858
0.751416
0.816736
0.480398
0.342332
0.240206
0.107727
0.890324
0.908144
0.517777
0.953109
0.561645
0.491039
0.531164
0.060965
0.037724
0.055561
0.727078
0.062065
0.875427
0.727036
0.48353
0.483175
0.493813
0.173282
0.487248
0.622556
0.74018
0.485495
0.742541
0.965832
0.886115
0.878673
0.317897
0.973432
0.644879
0.970826
0.97345
2.1e-05
0.58819
0.821341
0.131024
0.937484
0.138468
0.592366
0.524554
0.706648
0.829384
0.512028
0.017009
0.047545
0.129168
0.306864
0.56496
0.256135
0.573928
0.892812
0.800859
0.032701
0.983677
0.660369
0.83475
0.425513
0.652893
0.399975
0.585704
0.549856
0.860583
0.367597
0.380142
0.019604
0.834824
0.839444
0.422291
0.549677
0.300226
0.810598
0.659919
0.284862
0.336769
0.929319
0.469571
0.416088
0.385213
0.06592
0.888526
0.076447
0.745972
0.753583
0.709789
0.97343
0.012374
0.450505
0.329681
0.468475
0.201548
0.223255
0.420077
0.603236
0.818034
0.054268
0.490611
0.316835
0.560644
0.251091
0.617352
0.531125
0.627849
0.985451
0.11712
0.714472
0.453918
0.105551
0.842051
0.878979
0.616891
0.645858
0.683227
0.397351
0.263482
0.36901
0.320353
0.70667
0.757975
0.161955
0.219081
0.198151
0.657573
0.348571
0.869349
0.342443
0.762978
0.143099
0.607339
0.057513
0.19271
0.19365
0.263927
0.139813
0.650407
0.622247
0.330304
0.115941
0.681514
0.722116
0.054384
0.172429
0.394499
0.628399
0.848309
0.82273
0.130266
0.023502
0.216637
0.846213
0.916103
0.023877
0.855355
0.425261
0.390925
0.394925
0.108836
0.007829
0.110359
0.459455
0.424969
0.281327
0.026635
0.361074
0.613885
0.216728
0.741451
0.978888
0.816381
0.128762
0.862712
0.696042
0.983191
0.394192
0.205061
0.752002
0.999597
0.222047
0.427829
0.1236
0.116556
0.963262
0.019044
0.054838
0.851857
0.046767
0.795906
0.56199
0.546343
0.575329
0.153466
0.462029
0.769741
0.668556
0.740828
0.366345
0.796808
0.745581
0.642902
0.037235
0.343657
0.104144
0.766943
0.202032
0.109738
0.826174
0.020117
0.412908
0.062051
0.088534
0.963544
0.525651
0.721264
0.957578
0.007129
0.687174
0.506962
0.348858
0.02945
0.08905
0.141191
0.765289
0.604185
0.50534
0.777162
0.310674
0.938351
0.311934
0.575106
0.762688
0.106126
0.710918
0.30993
0.498332
0.314321
0.985785
0.637206
0.184889
0.635461
0.916191
0.01004
0.63116
0.198936
0.469814
0.105915
0.47615
0.891259
0.580612
0.12706
0.436396
0.331256
0.546203
0.297212
0.314592
0.347817
0.461453
0.287664
0.248088
0.598704
0.403306
0.552854
0.563314
0.020587
0.083823
0.831583
0.993674
0.23979
0.199858
0.335769
0.490506
0.051523
0.862855
0.861634
0.103676
0.620706
0.335821
0.034708
0.015484
0.285952
0.62144
0.774951
0.55838
0.560499
0.685875
0.726866
0.97866
0.710152
0.159411
0.12243
0.198064
0.264639
0.078183
0.06787
0.998789
0.634204
0.466406
0.972064
0.75671
0.807557
0.50635
0.948919
0.492196
0.759622
0.017599
0.536116
0.225538
0.608346
0.093245
0.734954
0.016294
0.064451
0.589213
0.572115
0.437494
0.331788
0.187412
0.988383
0.009385
0.933879
0.497409
0.253505
0.915906
0.848637
0.244274
0.083795
0.758554
0.708677
0.970619
0.957544
0.143358
0.696939
0.769557
0.057557
0.665078
0.27069
0.641185
0.461575
0.975549
0.909017
0.424505
0.642843
0.106827
0.129474
0.777058
0.980625
0.411797
0.428949
0.982939
0.660385
0.519983
0.528701
0.910663
0.201974
0.326928
0.654897
0.029064
0.14133
0.297435
0.584103
0.849075
0.101739
0.899071
0.778751
0.70325
0.048687
0.549158
0.405055
0.660794
0.513035
0.255609
0.340806
0.809279
0.829839
0.335502
0.977392
0.715496
0.745421
0.149455
0.334516
0.355195
0.564587
0.303835
0.569098
0.409814
0.284683
0.561813
0.216201
0.391426
0.96136
0.794951
0.828629
0.983665
0.790748
0.691548
0.93728
0.881355
0.570705
0.245731
0.17153
0.585525
0.837091
0.235983
0.22095
0.470764
0.880686
0.584283
0.797701
0.960266
0.213406
0.616801
0.153116
0.484692
0.638506
0.172257
0.322194
0.328093
0.529167
0.035685
0.174496
0.994716
0.634962
0.548412
0.336207
0.300143
0.556732
0.681325
0.037593
0.910652
0.187182
0.367232
0.600224
0.144619
0.802495
0.47532
0.532528
0.841843
0.7735
0.532077
0.759276
0.808429
0.169708
0.528463
0.556387
0.968953
0.621067
0.583077
0.412367
0.944168
0.07411
0.324402
0.831685
0.369944
0.989531
0.233005
0.243838
0.587915
0.460437
0.16375
0.913275
0.953512
0.194686
0.784243
0.491056
0.218778
0.699256
0.726164
0.281323
0.037663
0.224903
0.600726
0.157614
0.000911
0.948488
0.098871
0.732281
0.585884
0.166484
0.707616
0.436935
0.746587
0.054423
0.024948
0.913725
0.809127
0.193819
0.203396
0.426343
0.971141
0.60372
0.148547
0.15614
0.268423
0.535977
0.665231
0.524602
0.916069
0.140423
0.413773
0.363376
0.089587
0.817929
0.948137
0.074199
0.981761
0.281584
0.750505
0.653262
0.014037
0.68441
0.248939
0.222302
0.640381
0.785871
0.618193
0.437
0.35128
0.845414
0.708098
0.467577
0.90565
0.14911
0.321073
0.300323
0.142279
0.669484
0.01473
0.288932
0.577138
0.106427
0.988578
0.490683
0.677637
0.810665
0.172081
0.11089
0.181472
0.750325
0.241432
0.521169
0.598335
0.793184
0.678346
0.32426
0.05662
0.687413
0.426529
0.772622
0.027435
0.735497
0.904484
0.281202
0.995389
0.702994
0.321461
0.596279
0.233784
0.484322
0.702413
0.171513
0.995605
0.212316
0.349883
0.031311
0.473715
0.753837
0.794622
0.224179
0.497909
0.83516
0.101007
0.967103
0.813186
0.029815
0.545994
0.141625
0.710162
0.79922
0.223733
0.183841
0.609907
0.293218
0.386837
0.231448
0.807155
0.080192
0.277126
0.173317
0.991848
0.152994
0.59165
0.994
0.434421
0.884745
0.233257
0.865327
0.129784
0.62666
0.828587
0.399638
0.343217
0.79086
0.043887
0.299694
0.096706
0.849645
0.701591
0.081427
0.149881
0.941657
0.16667
0.241524
0.011679
0.372633
0.605813
0.523875
0.22594
0.06319
0.807726
0.747979
0.272937
0.084107
0.610967
0.569919
0.196865
0.016412
0.734293
0.662203
0.014381
0.345616
0.615587
0.392635
0.948593
0.264053
0.123976
0.273355
0.148731
0.43331
0.555562
0.418972
0.458081
0.720222
0.010752
0.191078
0.058942
0.825134
0.776447
0.512301
0.837376
0.374493
0.828626
0.594939
0.911851
0.630466
0.50088
0.405466
0.672268
0.075504
0.161749
0.819861
0.755827
0.756844
0.540122
0.880995
0.596001
0.370215
0.484442
0.728472
0.764746
0.024034
0.823351
0.338337
0.427045
0.60738
0.563092
0.534071
0.183657
0.542857
0.287757
0.080918
0.764385
0.321024
0.916968
0.457948
0.0607
0.843796
0.321114
0.096841
0.656647
0.45019
0.071896
0.973836
0.722865
0.582779
0.957349
0.156311
0.763445
0.701577
0.942503
0.883953
0.399589
0.521634
0.392559
0.88964
0.870153
0.008873
0.661174
0.208439
0.411573
0.461786
0.645755
0.998331
0.091087
0.483872
0.025429
0.940814
0.512348
0.535636
0.245841
0.964264
0.937842
0.597802
0.765703
0.503825
0.839652
0.218047
0.091469
0.296598
0.842379
0.842316
0.28545
0.084134
0.465849
0.787764
0.587873
0.822489
0.995701
0.894817
0.212837
0.68917
0.93412
0.00792
0.954112
0.342836
0.352842
0.437757
0.074928
0.994729
0.529042
0.223791
0.304319
0.181706
0.599636
0.094673
0.912747
0.491118
0.917862
0.104583
0.696644
0.333551
0.086834
0.462864
0.587517
0.779558
0.629248
0.648094
0.063947
0.164538
0.858559
0.133762
0.480559
0.700861
0.274228
0.884927
0.936706
0.28407
0.911819
0.090137
0.05398
0.311192
0.373188
0.482407
0.308759
0.99962
0.135081
0.547112
0.77326
0.611327
0.432823
0.266912
0.608288
0.464562
0.857001
0.146124
0.382702
0.686194
0.816654
0.205452
0.960079
0.590034
0.673583
0.081268
0.909376
0.529319
0.599481
0.557545
0.429446
0.663129
0.184053
0.399596
0.238393
0.743813
0.38438
0.297533
0.536698
0.139185
0.608773
0.773083
0.161317
0.917461
0.714712
0.894485
0.382342
0.845374
0.79618
0.541737
0.732751
0.804636
0.638319
0.675091
0.554605
0.828668
0.905059
0.053788
0.050573
0.518394
0.853993
0.945912
0.611146
0.076897
0.410309
0.152356
0.099775
0.049249
0.304698
0.697202
0.500232
0.583854
0.814109
0.140472
0.833402
0.899907
0.64102
0.685991
0.378824
0.551826
0.358245
0.144293
0.033049
0.08113
0.539318
0.581333
0.830236
0.767132
0.319723
0.031095
0.830717
0.565709
0.037159
0.349289
0.351278
0.429947
0.178685
0.183643
0.069028
0.301313
0.300117
0.750085
0.80826
0.473122
0.605839
0.095081
0.077224
0.557732
0.067853
0.851668
0.353292
0.97327
0.799613
0.681423
0.976243
0.113314
0.959856
0.524443
0.33264
0.942557
0.50944
0.354331
0.924348
0.370885
0.702341
0.111707
0.624975
0.111424
0.372933
0.208292
0.507298
0.736432
0.435109
0.282804
0.835618
0.40811
0.860893
0.96537
0.830433
0.025952
0.768343
0.448105
0.827824
0.773113
0.288356
0.998603
0.619747
0.827137
0.415366
0.991334
0.632062
0.267165
0.20466
0.57785
0.520856
0.424333
0.180691
0.760526
0.437216
0.868616
0.761195
0.23326
0.694984
0.848984
0.656357
0.604749
0.605306
0.628293
0.820874
0.742568
0.716634
0.289355
0.114872
0.075376
0.671198
0.909511
0.289803
0.862929
0.516709
0.27066
0.408195
0.286243
0.324305
0.343989
0.746338
0.555446
0.579986
0.67505
0.640159
0.483561
0.19334
0.640029
0.308174
0.180896
0.118842
0.00577
0.144156
0.855418
0.3102
0.139915
0.92717
0.738516
0.1088
0.022442
0.780671
0.039701
0.642794
0.93006
0.483921
0.663388
0.079327
0.658997
0.218649
0.184526
0.045264
0.534141
0.488741
0.288092
0.37807
0.730144
0.179363
0.059585
0.78005
0.151488
0.924426
0.701783
0.475578
0.341164
0.638148
0.426578
0.241853
0.827655
0.52799
0.969465
0.390676
0.978363
0.526405
0.120646
0.652073
0.107422
0.964805
0.565751
0.960232
0.246434
0.01578
0.976475
0.961642
0.497678
0.327126
0.854071
0.54446
0.63449
0.299317
0.94967
0.820422
0.930743
0.639013
0.344083
0.479935
0.736886
0.79508
0.091961
0.695138
0.967952
0.791193
0.167092
0.865825
0.961349
0.981953
0.466774
0.629094
0.785372
0.548932
0.807772
0.716569
0.731479
0.992615
0.363763
0.180956
0.913628
0.58553
0.229031
0.286005
0.062907
0.632118
0.160485
0.206023
0.018188
0.857448
0.043909
0.743465
0.557407
0.291
0.762556
0.061572
0.980291
0.746107
0.145677
0.338716
0.775468
0.270654
0.842404
0.24227
0.27146
0.137579
0.595105
0.780363
0.339624
0.463906
0.599552
0.212887
0.159813
0.673333
0.79941
0.140377
0.215226
0.433462
0.512334
0.558069
0.13801
0.208986
0.677324
0.466795
0.606773
0.852904
0.57566
0.599532
0.905199
0.746952
0.602108
0.895909
0.499842
0.495234
0.475098
0.248387
0.891252
0.061132
0.920593
0.024645
0.570407
0.256953
0.416851
0.759161
0.084224
0.796472
0.733911
0.196423
0.540384
0.197457
0.143199
0.13184
0.362898
0.562452
0.731758
0.553982
0.09247
0.906532
0.887894
0.49447
0.048632
0.853044
0.369392
0.357144
0.407375
0.081708
0.089385
0.333357
0.896175
0.641241
0.954703
0.882508
0.00675
0.492588
0.432824
0.48991
0.705158
0.608619
0.96417
0.0339
0.808747
0.965535
0.111587
0.464612
0.015289
0.94851
0.675759
0.069487
0.794036
0.311831
0.402204
0.698459
0.392056
0.191326
0.82059
0.111352
0.036897
0.862966
0.874856
0.290292
0.651467
0.944335
0.429985
0.869031
0.346295
0.33367
0.042678
0.306341
0.762102
0.095046
0.81414
0.366943
0.744203
0.425726
0.369291
0.873099
0.971758
0.430683
0.01657
0.548164
0.558175
0.253804
0.05188
0.816543
0.569096
0.03598
0.844225
0.128516
0.805572
0.039221
0.720792
0.932073
0.42725
0.778117
0.963079
0.605474
0.984757
0.314438
0.10054
0.889961
0.500152
0.065822
0.327928
0.993491
0.04653
0.964384
0.823858
0.847535
0.506135
0.141564
0.22277
0.617972
0.142052
0.049589
0.404288
0.78958
0.499427
0.575052
0.767747
0.389409
0.719014
0.976798
0.776559
0.942503
0.648718
0.923851
0.914832
0.882258
0.51105
0.163723
0.657944
0.822992
0.735502
0.550151
0.739332
0.908103
0.693183
0.035368
0.267037
0.638994
0.170824
0.55667
0.8834
0.99865
0.314654
0.790576
0.736789
0.608733
0.746504
0.676993
0.03961
0.789219
0.996632
0.630235
0.732928
0.542689
0.624096
0.043015
0.805491
0.878344
0.32299
0.786901
0.162179
0.890725
0.94168
0.808543
0.906756
0.689706
0.228299
0.277591
0.654464
0.651077
0.469264
0.638762
0.580175
0.591241
0.880744
0.907632
0.370522
0.902353
0.264086
0.292629
0.557818
0.444443
0.117535
0.164816
0.548454
0.696871
0.972142
0.124898
0.20706
0.152531
0.877408
0.740073
0.784649
0.34013
0.070618
0.194272
0.918076
0.273945
0.525154
0.054849
0.076998
0.689025
0.669197
0.839262
0.559665
0.05948
0.670573
0.062825
0.59406
0.274393
0.064942
0.096405
0.836209
0.179007
0.325931
0.508999
0.22686
0.226225
0.321608
0.949317
0.952743
0.086764
0.626295
0.469728
0.672852
0.743216
0.152626
0.44701
0.68228
0.443928
0.151134
0.06645
0.752442
0.385753
0.491101
0.177062
0.608288
0.722231
0.514587
0.723516
0.825742
0.73574
0.171592
0.906208
0.559641
0.661763
0.070033
0.498818
0.053542
0.081959
0.651075
0.534724
0.23795
0.783229
0.401413
0.025788
0.509379
0.629403
0.42457
0.117676
0.144593
0.741446
0.452856
0.466298
0.426241
0.827884
0.604263
0.303782
0.454429
0.801084
0.00215
0.463247
0.036068
0.634441
0.98519
0.697386
0.156192
0.228873
0.673916
0.395247
0.560316
0.489601
0.273927
0.683542
0.733395
0.632432
0.118284
0.052425
0.792888
0.173757
0.853248
0.589164
0.510083
0.20449
0.327589
0.382348
0.92097
0.524459
0.326281
0.276878
0.632813
0.941919
0.245247
0.381014
0.7995
0.599752
0.833989
0.892921
0.451654
0.034232
0.935458
0.578267
0.997606
0.957795
0.787873
0.577205
0.068786
0.130504
0.036482
0.249977
0.919095
0.43564
0.816838
0.434901
0.596935
0.712869
0.69106
0.241966
0.41261
0.075031
0.75302
0.77905
0.128826
0.700515
0.452152
0.839575
0.575333
0.133638
0.810766
0.786676
0.844291
0.130545
0.278208
0.986849
0.215153
0.045782
0.338029
0.551845
0.127046
0.132682
0.928816
0.985913
0.404687
0.72024
0.56215
0.647124
0.096076
0.644676
0.417191
0.836
0.444777
0.257768
0.941702
0.136827
0.835773
0.775396
0.783222
0.001467
0.54847
0.818049
0.637008
0.38837
0.420387
0.897651
0.646772
0.876738
0.194734
0.057603
0.221667
0.794233
0.295059
0.046594
0.641525
0.122066
0.521934
0.574023
0.820062
0.52865
0.582538
0.085937
0.220206
0.854719
0.956956
0.287178
0.483459
0.831446
0.411862
0.464721
0.356614
0.599575
0.185617
0.864158
0.941035
0.971552
0.951969
0.602224
0.550552
0.23653
0.869446
0.347035
0.081598
0.438033
0.211619
0.978245
0.017883
0.012727
0.114741
0.329716
0.3277
0.261562
0.534293
0.581452
0.529209
0.269116
0.826277
0.22385
0.610039
0.480469
0.448776
0.805552
0.197988
0.822784
0.722237
0.220225
0.838872
0.682933
0.827897
0.266
0.821972
0.709331
0.048544
0.361363
0.696892
0.958954
0.154511
0.099288
0.039177
0.685055
0.019893
0.987282
0.819752
0.878917
0.958705
0.984917
0.428561
0.070151
0.209762
0.663844
0.600552
0.695854
0.0807
0.908135
0.636536
0.765855
0.818123
0.20827
0.177795
0.402929
0.696355
0.094638
0.561809
0.404047
0.742514
0.463208
0.083637
0.915635
0.842095
0.25637
0.086961
0.434643
0.146413
0.611555
0.440019
0.290188
0.587637
0.627547
0.355688
0.437469
0.357404
0.319634
0.071427
0.730564
0.346275
0.914091
0.824928
0.136866
0.955735
0.103885
0.750037
0.909583
0.411336
0.326602
0.724675
0.764941
0.502546
0.079292
0.927968
0.431312
0.624561
0.257346
0.113949
0.160213
0.272743
0.898743
0.95262
0.496593
0.807197
0.41289
0.58203
0.195557
0.570394
0.011098
0.329393
0.796103
0.820573
0.830074
0.127684
0.711271
0.023336
0.135496
0.011357
0.298434
0.121275
0.096211
0.400772
0.516689
0.016852
0.958484
0.725625
0.012002
0.005457
0.497094
0.003607
0.959445
0.616789
0.060689
0.765854
0.538016
0.449001
0.773642
0.965687
0.804805
0.664986
0.437499
0.040864
0.060079
0.667339
0.394944
0.48102
0.889561
0.703674
0.035267
0.759502
0.969867
0.39395
0.79271
0.535059
0.61522
0.682372
0.906439
0.422475
0.203559
0.774809
0.639331
0.710921
0.357211
0.102671
0.369531
0.864548
0.683967
0.891459
0.279117
0.701902
0.770666
0.95153
0.29695
0.110903
0.54301
0.33378
0.860476
0.937859
0.806746
0.903723
0.9212
0.921447
0.512636
0.613504
0.718462
0.852555
0.640767
0.936509
0.672129
0.924133
0.742466
0.20312
0.691963
0.493941
0.056655
0.123138
0.997492
0.38552
0.099773
0.41636
0.22559
0.096182
0.00569
0.448283
0.802763
0.762087
0.792877
0.422432
0.930733
0.198606
0.092821
0.13854
0.897859
0.451873
0.206187
0.084262
0.803178
0.19762
0.687741
0.981706
0.651533
0.579066
0.957384
0.79339
0.688574
0.957332
0.80002
0.662102
0.612365
0.672206
0.918288
0.808056
0.651343
0.326935
0.870298
0.660273
0.024595
0.992427
0.465296
0.228278
0.250915
0.460773
0.55191
0.99381
0.101777
0.133821
0.906657
0.686735
0.698919
0.507778
0.439416
0.551575
0.094574
0.091898
0.298254
0.331393
0.726941
0.906204
0.636555
0.535966
0.762922
0.847331
0.857042
0.252538
0.341575
0.207169
0.932118
0.049867
0.748108
0.260334
0.78893
0.020134
0.361321
0.770748
0.950735
0.840904
0.658311
0.622337
0.74045
0.736873
0.601373
0.963839
0.358747
0.439193
0.3909
0.557816
0.276027
0.390035
0.789824
0.620782
0.81573
0.891654
0.719997
0.505671
0.886122
0.390818
0.515721
0.398354
0.022938
0.985903
0.363706
0.321785
0.898779
0.641375
0.406831
0.707891
0.800416
0.003988
0.255922
0.59857
0.902554
0.77485
0.896656
0.394386
0.564708
0.038257
0.048534
0.289038
0.389483
0.694417
0.901959
0.352575
0.261238
0.673339
0.770194
0.140573
0.266581
0.132425
0.79731
0.216799
0.39194
0.380661
0.430603
0.52158
0.668645
0.29433
0.189283
0.230753
0.288893
0.216143
0.03831
0.936571
0.304445
0.463377
0.847784
0.225218
0.215141
0.146221
0.04633
0.0941
0.526034
0.197455
0.30043
0.241259
0.942762
0.416092
0.643435
0.632553
0.714811
0.392499
0.372627
0.302734
0.655298
0.144053
0.200971
0.015386
0.004613
0.466646
0.159482
0.204531
0.871629
0.363062
0.509333
0.471323
0.46283
0.912084
0.522393
0.856948
0.492468
0.27554
0.248185
0.663173
0.446129
0.714127
0.684489
0.014203
0.214699
0.392527
0.979652
0.514888
0.09936
0.054888
0.987274
0.344911
0.064916
0.568006
0.006123
0.43686
0.100497
0.023159
0.774555
0.264734
0.539734
0.48987
0.0582
0.443066
0.937415
0.021572
0.219467
0.135111
0.652219
0.009071
0.855775
0.564513
0.171874
0.59995
0.190817
0.933852
0.238983
0.984824
0.893197
0.22476
0.42296
0.53276
0.386484
0.299989
0.36036
0.343399
0.43387
0.498045
0.037278
0.481941
0.669685
0.405553
0.553046
0.528356
0.671245
0.411846
0.158174
0.06552
0.342226
0.967459
0.790621
0.895843
0.797137
0.118684
0.001481
0.8625
0.545156
0.563482
0.323284
0.353066
0.410009
0.117148
0.639354
0.813579
0.996457
0.695222
0.997486
0.598856
0.514164
0.534358
0.758373
0.432473
0.682432
0.23313
0.820479
0.220193
0.008409
0.042492
0.311454
0.357369
0.318811
0.468651
0.334702
0.626111
0.524796
0.851296
0.777139
0.179065
0.528465
0.004731
0.861944
0.979984
0.77156
0.867552
0.593949
0.633259
0.913411
0.466985
0.084151
0.543412
0.28093
0.401743
0.149013
0.702785
0.327152
0.175126
0.758528
0.613379
0.878059
0.529925
0.179161
0.941056
0.897561
0.035577
0.459669
0.133928
0.794165
0.10248
0.501764
0.993451
0.854871
0.996145
0.209272
0.725421
0.680306
0.037519
0.465186
0.846942
0.688212
0.952621
0.161247
0.47377
0.698698
0.974314
0.411186
0.292121
0.039546
0.03463
0.852394
0.90306
0.269883
0.939654
0.498024
0.894502
0.465199
0.774777
0.622463
0.706111
0.038301
0.131182
0.355741
0.900889
0.5179
0.560251
0.598409
0.952066
0.717651
0.307411
0.460546
0.310549
0.22182
0.314036
0.047501
0.791847
0.27008
0.61048
0.635441
0.775658
0.821678
0.367947
0.707358
0.858762
0.534044
0.227577
0.461226
0.239524
0.341845
0.617622
0.617962
0.784861
0.683997
0.666878
0.294759
0.594226
0.66139
0.518622
0.035047
0.81013
0.271124
0.25698
0.555483
0.158946
0.039255
0.199732
0.283494
0.163209
0.604399
0.432958
0.284616
0.162745
0.702665
0.200407
0.371257
0.641655
0.748762
0.252819
0.855717
0.442507
0.826178
0.366886
0.444728
0.679237
0.616178
0.301048
0.132231
0.628567
0.155117
0.999707
0.277055
0.20907
0.949532
0.379497
0.289378
0.245202
0.75654
0.609278
0.825013
0.997972
0.295509
0.026369
0.679702
0.695027
0.298589
0.709027
0.396122
0.579204
0.251954
0.758061
0.211394
0.286307
0.13779
0.598962
0.562736
0.025494
0.041095
0.144094
0.077276
0.108879
0.88958
0.944357
0.022908
0.817024
0.625094
0.87945
0.412447
0.783168
0.741447
0.445807
0.179266
0.021827
0.328363
0.004938
0.953919
0.634488
0.35203
0.922757
0.598334
0.544163
0.227075
0.004848
0.897349
0.344444
0.743573
0.119042
0.166637
0.022127
0.789944
0.397475
0.410193
0.681775
0.947776
0.48179
0.124589
0.496063
0.671108
0.044117
0.446878
0.257035
0.399418
0.419142
0.744792
0.406838
0.765017
0.216658
0.739906
0.755505
0.996195
0.717707
0.315278
0.459981
0.383018
0.256571
0.774528
0.206443
0.009046
0.168042
0.815927
0.929264
0.633261
0.469801
0.48267
0.668383
0.839701
0.918239
0.42845
0.006546
0.442667
0.409527
0.058892
0.609846
0.561259
0.333938
0.746584
0.768257
0.583362
0.220908
0.338984
0.277002
0.889623
0.092644
0.621417
0.431687
0.314758
0.558126
0.811675
0.963867
0.297325
0.968855
0.836137
0.974862
0.663478
0.637779
0.893606
0.975339
0.190408
0.603378
0.496063
0.976199
0.413749
0.206998
0.959671
0.330517
0.718767
0.942649
0.800766
0.685299
0.962553
0.369813
0.589293
0.233852
0.336196
0.763345
0.629824
0.5012
0.684065
0.07093
0.687219
0.977603
0.953449
0.349881
0.257417
0.574902
0.580865
0.281736
0.957388
0.891292
0.700807
0.822673
0.29858
0.195781
0.18829
0.173965
0.440965
0.098368
0.844545
0.365621
0.170836
0.544866
0.732626
0.202755
0.183542
0.547563
0.955137
0.361157
0.761063
0.395763
0.955132
0.036023
0.606029
0.530965
0.045833
0.244224
0.241778
0.347952
0.010762
0.957618
0.843235
0.225007
0.184734
0.05411
0.837226
0.355581
0.429278
0.646658
0.35129
0.293147
0.020747
0.43035
0.485095
0.754126
0.303226
0.973872
0.993154
0.523867
0.289669
0.532654
0.331483
0.054776
0.940819
0.946258
0.192363
0.846639
0.183793
0.737602
0.239793
0.768602
0.663179
0.53182
0.030489
0.75769
0.746325
0.124648
0.445705
0.418408
0.776
0.580892
0.455774
0.287196
0.928781
0.699072
0.398115
0.008717
0.677077
0.41746
0.885379
0.170352
0.514083
0.047994
0.738349
0.823793
0.474789
0.884262
0.824933
0.379677
0.464629
0.344296
0.769186
0.151917
0.193657
0.677938
0.096902
0.262612
0.948036
0.455127
0.046117
0.994186
0.773762
0.946438
0.043209
0.127904
0.522583
0.508093
0.757006
0.337735
0.74993
0.095884
0.894017
0.834877
0.114468
0.343364
0.774938
0.228391
0.473114
0.760524
0.352066
0.439839
0.710171
0.261765
0.07812
0.361402
0.614672
0.645987
0.077311
0.796852
0.894577
0.229919
0.523196
0.767871
0.98044
0.314637
0.710353
0.980092
0.08709
0.838006
0.890607
0.146813
0.713711
0.145838
0.068524
0.0248
0.035708
0.831992
0.160804
0.986123
0.656134
0.2765
0.292658
0.902562
0.478147
0.3495
0.865093
0.37577
0.050799
0.506799
0.923684
0.902388
0.741958
0.223498
0.06794
0.678847
0.628575
0.775603
0.820425
0.089848
0.783354
0.867936
0.340935
0.087184
0.56769
0.764181
0.833982
0.241069
0.267432
0.725457
0.665078
0.980058
0.552712
0.000232
0.309959
0.369847
0.36121
0.417744
0.789915
0.776364
0.613819
0.218094
0.875153
0.436057
0.210707
0.300151
0.381884
0.576497
0.417172
0.431898
0.582052
0.523244
0.716507
0.532864
0.051138
0.839182
0.516972
0.843467
0.51374
0.915988
0.704612
0.466365
0.934123
0.647088
0.532378
0.922193
0.145276
0.603492
0.41434
0.052621
0.038481
0.083629
0.214382
0.711578
0.645402
0.12349
0.886066
0.752416
0.558527
0.777088
0.579592
0.772073
0.662869
0.026747
0.731476
0.072049
0.508165
0.403662
0.374666
0.851672
0.172404
0.475073
0.098406
0.925535
0.388287
0.063945
0.773637
0.807761
0.601624
0.674947
0.849982
0.671885
0.176267
0.076304
0.247381
0.098674
0.938
0.122052
0.76027
0.916568
0.067853
0.220223
0.766887
0.045675
0.576147
0.008464
0.193305
0.582705
0.575089
0.518262
0.926962
0.524521
0.023031
0.162901
0.931543
0.596911
0.032024
0.045221
0.786644
0.120053
0.544167
0.983295
0.11137
0.428749
0.644263
0.453172
0.47383
0.889561
0.259608
0.974588
0.910635
0.213121
0.224774
0.016616
0.47443
0.907156
0.995443
0.068878
0.40721
0.04714
0.022951
0.179884
0.286241
0.15106
0.942818
0.455632
0.574895
0.560526
0.425564
0.585555
0.781454
0.487299
0.080312
0.870008
0.429087
0.200973
0.267463
0.47274
0.316821
0.767136
0.842191
0.295322
0.714447
0.201614
0.123007
0.362478
0.0118
0.40553
0.602193
0.52523
0.187172
0.816242
0.527463
0.049274
0.308332
0.55164
0.802501
0.557609
0.165571
0.76647
0.153041
0.645456
0.438599
0.872521
0.068833
0.851795
0.333192
0.612891
0.182237
0.936978
0.960416
0.91146
0.859666
0.434893
0.854919
0.420746
0.39713
0.519337
0.380064
0.63965
0.817976
0.696142
0.496996
0.311945
0.590959
0.678115
0.36405
0.161798
0.065619
0.946242
0.903336
0.899293
0.662594
0.488043
0.095797
0.20766
0.190035
0.385355
0.550899
0.581228
0.520003
0.169227
0.055389
0.401798
0.95794
0.124512
0.431783
0.609839
0.088261
0.215436
0.709306
0.127408
0.491974
0.644798
0.487642
0.824398
0.451018
0.878666
0.585423
0.729829
0.970129
0.73602
0.180015
0.263548
0.556376
0.348
0.102372
0.119583
0.258254
0.436255
0.076887
0.728311
0.165065
0.956263
0.696406
0.854198
0.206531
0.085237
0.875853
0.244337
0.626292
0.481073
0.687205
0.39678
0.551515
0.138627
0.808077
0.971473
0.531959
0.507725
0.908137
0.112722
0.675311
0.588993
0.277085
0.660916
0.805924
0.233229
0.559537
0.3645
0.114853
0.624703
0.983955
0.233975
0.769843
0.917755
0.786189
0.649094
0.36524
0.904256
0.158442
0.529269
0.136533
0.609207
0.713843
0.084571
0.712356
0.908063
0.281645
0.227593
0.793767
0.970269
0.454568
0.955654
0.738204
0.847591
0.786561
0.561066
0.928867
0.183724
0.167859
0.169352
0.131493
0.309059
0.327575
0.001926
0.091933
0.511465
0.229192
0.477091
0.385016
0.581063
0.537398
0.730981
0.210582
0.476825
0.511993
0.892294
0.93975
0.202326
0.686414
0.653764
0.647705
0.041591
0.698535
0.106048
0.414854
0.44645
0.865302
0.192906
0.492462
0.200969
0.579724
0.45016
0.936322
0.632942
0.954509
0.902883
0.538927
0.187088
0.4991
0.345334
0.647238
0.006765
0.860252
0.356685
0.767593
0.745129
0.854448
0.354331
0.928036
0.577047
0.919684
0.169168
0.201783
0.673622
0.229625
0.033333
0.842506
0.929569
0.501236
0.139069
0.434143
0.267353
0.37234
0.916997
0.833544
0.59199
0.64254
0.00809
0.225319
0.427245
0.06397
0.673729
0.851732
0.804045
0.369829
0.128711
0.590814
0.412249
0.850695
0.332572
0.102799
0.33845
0.686902
0.031446
0.259334
0.224946
0.73186
0.127716
0.955513
0.255244
0.880713
0.408728
0.811324
0.842949
0.412071
0.090982
0.784884
0.341003
0.226868
0.790989
0.96512
0.783992
0.876475
0.128257
0.876999
0.458114
0.341921
0.390379
0.82944
0.020595
0.9159
0.916817
0.711012
0.740663
0.296964
0.969986
0.763774
0.789164
0.586268
0.210321
0.188293
0.744681
0.793992
0.738463
0.886745
0.236423
0.180464
0.197145
0.202822
0.571942
0.713178
0.974604
0.219376
0.577355
0.059458
0.02671
0.280218
0.395874
0.499214
0.816465
0.657956
0.457736
0.11165
0.336999
0.38265
0.482299
0.263644
0.303163
0.649665
0.709479
0.997393
0.744923
0.61501
0.354288
0.607749
0.999284
0.753085
0.973764
0.480721
0.029923
0.254558
0.741614
0.183906
0.398148
0.936166
0.527736
0.175862
0.343286
0.955165
0.10948
0.050471
0.136218
0.349601
0.14131
0.973712
0.318808
0.919971
0.041076
0.440541
0.720826
0.650809
0.841023
0.088643
0.532302
0.689005
0.74806
0.091496
0.839785
0.68497
0.995124
0.567635
0.959646
0.535569
0.229882
0.643557
0.932113
0.505792
0.869715
0.65302
0.201338
0.46962
0.985448
0.7554
0.729598
0.377256
0.185395
0.838956
0.797632
0.707199
0.175237
0.523405
0.048253
0.202751
0.760056
0.693312
0.165413
0.931216
0.246834
0.931545
0.55972
0.333335
0.457192
0.444129
0.189481
0.487346
0.009258
0.895284
0.197242
0.197866
0.649031
0.021119
0.3062
0.781417
0.53481
0.275162
0.725984
0.221473
0.469821
0.358268
0.752589
0.342211
0.24995
0.155979
0.333814
0.630313
0.234483
0.378077
0.868416
0.586821
0.801174
0.552076
0.687289
0.83922
0.243265
0.435161
0.904387
0.874971
0.531685
0.724714
0.073954
0.709065
0.179932
0.623409
0.678875
0.044644
0.550948
0.720402
0.470413
0.326259
0.304927
0.401227
0.523002
0.709219
0.807229
0.23083
0.66352
0.835872
0.928679
0.444551
0.121424
0.912894
0.627037
0.112601
0.837065
0.431615
0.904897
0.030258
0.683401
0.945373
0.122982
0.957386
0.783704
0.122134
0.424781
0.317617
0.931711
0.222582
0.202248
0.389173
0.348625
0.406363
0.157671
0.562938
0.272366
0.983296
0.108711
0.36212
0.751557
0.246757
0.131042
0.660672
0.837398
0.026142
0.586259
0.636276
0.051893
0.608737
0.621849
0.56575
0.097966
0.6162
0.039538
0.879966
0.608136
0.778816
0.534473
0.499922
0.497144
0.637556
0.507515
0.191576
0.810646
0.418078
0.663016
0.569967
0.287217
0.096961
0.790366
0.875355
0.641209
0.792765
0.697715
0.95005
0.593071
0.920893
0.698796
0.266991
0.12255
0.591262
0.283039
0.675542
0.136769
0.931198
0.605581
0.085273
0.037853
0.017286
0.144431
0.19009
0.244264
0.758564
0.120731
0.741011
0.1845
0.285984
0.632671
0.453932
0.970652
0.154404
0.089678
0.249396
0.325996
0.867151
0.891825
0.5224
0.408185
0.861289
0.642846
0.501969
0.071862
0.077273
0.28446
0.967892
0.367325
0.669061
0.555325
0.156542
0.866033
0.655559
0.227469
0.873335
0.51774
0.949379
0.221281
0.838819
0.975145
0.694668
0.78113
0.153308
0.083689
0.261157
0.221406
0.893789
0.550073
0.59273
0.26014
0.246149
0.270678
0.720161
0.146364
0.680502
0.36517
0.524597
0.424754
0.980158
0.601024
0.033237
0.8695
0.373355
0.293819
0.566938
0.414231
0.479754
0.606125
0.327296
0.263515
0.965881
0.90257
0.419041
0.772673
0.845342
0.582451
0.668692
0.421861
0.102761
0.960259
0.674372
0.397992
0.068134
0.765303
0.660998
0.788474
0.420603
0.119426
0.190162
0.393814
0.841516
0.477302
0.94648
0.218312
0.050172
0.180705
0.788344
0.428908
0.318513
0.232177
0.422567
0.108704
0.90678
0.134028
0.697073
0.254778
0.857581
0.350027
0.83831
0.972664
0.201469
0.927486
0.258674
0.31035
0.596362
0.865885
0.636702
0.763631
0.563426
0.239979
0.702868
0.205119
0.080818
0.176508
0.750916
0.88983
0.952773
0.181978
0.671842
0.731166
0.423808
0.035409
0.447847
0.957018
0.197075
0.43949
0.784162
0.094585
0.781413
0.314597
0.317271
0.553749
0.850379
0.167662
0.772014
0.474705
0.382215
0.011598
0.577625
0.333179
0.549885
0.710802
0.653896
0.129259
0.554793
0.331546
0.417194
0.431934
0.558056
0.043278
0.479064
0.190754
0.865629
0.774285
0.2039
0.345333
0.064136
0.850779
0.478085
0.439527
0.012601
0.329676
0.407355
0.663652
0.440785
0.941122
0.881222
0.479472
0.833494
0.197819
0.597943
0.803087
0.002806
0.54398
0.401917
0.306716
0.904942
0.005739
0.479143
0.740606
0.283089
0.225205
0.876798
0.909069
0.231429
0.961852
0.370674
0.265607
0.25627
0.778217
0.931412
0.485669
0.718753
0.068807
0.139124
0.009297
0.308554
0.472211
0.582921
0.079186
0.92675
0.832892
0.340653
0.01272
0.514227
0.258552
0.423048
0.486697
0.707966
0.967268
0.244187
0.406508
0.803733
0.103241
0.482156
0.270246
0.163944
0.537688
0.086891
0.687515
0.324229
0.290248
0.145616
0.947324
0.942072
0.568016
0.587698
0.045354
0.441204
0.391136
0.360217
0.401433
0.682864
0.488274
0.167088
0.503963
0.727801
0.866341
0.716649
0.586354
0.56261
0.583456
0.736554
0.7871
0.620079
0.800362
0.333558
0.542124
0.501445
0.372371
0.234769
0.421242
0.029973
0.833914
0.667738
0.718341
0.848567
0.157211
0.681299
0.922007
0.559449
0.185594
0.724703
0.118379
0.768325
0.787013
0.576146
0.720758
0.571186
0.591145
0.727434
0.376669
0.18509
0.923384
0.006791
0.206263
0.442368
0.522125
0.300557
0.149195
0.259309
0.530654
0.197868
0.794713
0.729414
0.818134
0.70265
0.99403
0.501902
0.085041
0.451653
0.582526
0.798276
0.573996
0.549924
0.131037
0.799026
0.232309
0.625217
0.225745
0.215534
0.097054
0.271944
0.436106
0.702184
0.13376
0.545037
0.92157
0.678882
0.757082
0.739329
0.531865
0.235471
0.897105
0.487102
0.422692
0.019665
0.193561
0.634365
0.480155
0.931683
0.731533
0.003742
0.09501
0.833992
0.886472
0.198362
0.647275
0.078661
0.83054
0.796781
0.643031
0.951288
0.06715
0.946412
0.152327
0.978577
0.753565
0.258516
0.492066
0.979059
0.035862
0.318352
0.830847
0.790121
0.80973
0.597703
0.900704
0.729544
0.245933
0.206953
0.033512
0.234155
0.862592
0.613654
0.23139
0.178195
0.463477
0.405142
0.487346
0.459205
0.772257
0.996857
0.564395
0.538381
0.051946
0.903506
0.487197
0.242668
0.212185
0.423329
0.928777
0.481626
0.029575
0.675078
0.533199
0.45653
0.412992
0.533668
0.492937
0.57046
0.450263
0.794276
0.58496
0.616179
0.623809
0.540373
0.825742
0.623203
0.41289
0.411709
0.077056
0.812476
0.440692
0.899304
0.943473
0.702641
0.171404
0.205535
0.857958
0.662634
0.568656
0.142632
0.979917
0.175393
0.900044
0.507086
0.933278
0.296667
0.303809
0.686387
0.643667
0.789878
0.628182
0.269668
0.752525
0.37061
0.466383
0.672542
0.363595
0.945547
0.782605
0.235762
0.922109
0.797497
0.290803
0.87793
0.778963
0.640315
0.536785
0.726597
0.355053
0.500817
0.076288
0.951891
0.26134
0.566436
0.300118
0.221533
0.391023
0.403733
0.97603
0.566347
0.190672
0.970908
0.236125
0.333401
0.541412
0.475085
0.784439
0.354708
0.23002
0.809787
0.490745
0.914391
0.743982
0.893062
0.273295
0.951988
0.975048
0.26654
0.095054
0.309804
0.326716
0.55764
0.846017
0.348067
0.243644
0.89738
0.129595
0.781677
0.27137
0.723425
0.172383
0.264384
0.532109
0.443474
0.572304
0.65683
0.012529
0.985116
0.653118
0.851976
0.568182
0.712284
0.77108
0.89071
0.516735
0.842726
0.607473
0.715156
0.088698
0.29503
0.384852
0.214084
0.606544
0.743869
0.279881
0.722244
0.966521
0.036681
0.174286
0.738995
0.871392
0.437586
0.557863
0.699592
0.930029
0.118009
0.743427
0.949973
0.29596
0.134437
0.913922
0.827865
0.345028
0.961493
0.215925
0.569732
0.888675
0.666989
0.766949
0.721931
0.722979
0.691246
0.449225
0.627876
0.383633
0.865631
0.820988
0.109403
0.97628
0.082647
0.548015
0.259802
0.957144
0.242752
0.710956
0.691548
0.127339
0.288051
0.921581
0.263004
0.846647
0.847226
0.790281
0.131117
0.649983
0.747594
0.880806
0.027165
0.212008
0.567684
0.228175
0.565517
0.396876
0.317723
0.15924
0.078305
0.932502
0.602675
0.6857
0.769409
0.416999
0.584552
0.610583
0.460784
0.053198
0.121741
0.392533
0.631637
0.1693
0.737465
0.753895
0.535246
0.30276
0.083087
0.88364
0.525536
0.481939
0.453695
0.278047
0.212506
0.209927
0.575107
0.842521
0.525202
0.336871
0.994331
0.492256
0.650016
0.697309
0.202477
0.389169
0.079811
0.068793
0.359633
0.573835
0.867577
0.216906
0.764548
0.774685
0.40831
0.894329
0.378094
0.290885
0.351521
0.623564
0.577997
0.630671
0.119738
0.434496
0.154834
0.121858
0.7626
0.639206
0.953046
0.501346
0.30469
0.50585
0.160922
0.348823
0.019813
0.347275
0.241527
0.544253
0.033238
0.343286
0.598688
0.981286
0.137121
0.856682
0.35019
0.555755
0.050115
0.831741
0.624679
0.636885
0.400549
0.03865
0.736339
0.075074
0.891156
0.100041
0.939097
0.838612
0.682734
0.209495
0.921683
0.415159
0.103372
0.956
0.577444
0.44272
0.781588
0.954932
0.827524
0.966675
0.916483
0.249308
0.133944
0.302099
0.847461
0.961671
0.04043
0.801877
0.094984
0.354485
0.100572
0.469419
0.23298
0.269755
0.500534
0.733039
0.024436
0.729313
0.141792
0.604565
0.384941
0.540869
0.482464
0.415353
0.512909
0.636835
0.564028
0.860245
0.100541
0.963742
0.327218
0.022957
0.131179
0.481159
0.216774
0.03825
0.97724
0.395291
0.682484
0.805181
0.452578
0.725315
0.866708
0.604513
0.534323
0.666334
0.774207
0.584585
0.935973
0.116493
0.506466
0.764881
0.239238
0.862023
0.950528
0.365818
0.942596
0.251686
0.916446
0.419709
0.995259
0.02779
0.641698
0.646997
0.405899
0.707248
0.532335
0.255357
0.371853
0.296416
0.022639
0.375002
0.261345
0.064667
0.599797
0.430448
0.951079
0.304079
0.950492
0.996596
0.385258
0.141034
0.828023
0.228682
0.568777
0.403605
0.479491
0.356785
0.81533
0.88755
0.318501
0.840348
0.018641
0.731959
0.055102
0.536863
0.164715
0.715899
0.884524
0.980154
0.758892
0.647747
0.842121
0.084481
0.055547
0.025175
0.951968
0.746635
0.202332
0.995384
0.330425
0.611693
0.504758
0.756797
0.171028
0.530827
0.341639
0.660777
0.875322
0.84097
0.725985
0.601287
0.167172
0.602128
0.69688
0.36098
0.694773
0.071268
0.757086
0.345545
0.530469
0.813187
0.199368
0.158516
0.355835
0.832361
0.889164
0.227601
0.482656
0.541858
0.382462
0.537473
0.412303
0.926167
0.29726
0.405909
0.20765
0.749629
0.704754
0.145493
0.520478
0.686862
0.792123
0.219284
0.798114
0.709649
0.254453
0.82965
0.056243
0.933259
0.881922
0.782432
0.741918
0.119936
0.260736
0.940856
0.075438
0.44099
0.594058
0.588665
0.849327
0.148672
0.503581
0.117413
0.593936
0.113866
0.477821
0.05051
0.606611
0.363074
0.769177
0.279136
0.009925
0.912637
0.357564
0.715209
0.531403
0.659936
0.151007
0.81055
0.211679
0.811102
0.272836
0.753349
0.660315
0.675334
0.576136
0.755969
0.072538
0.243627
0.348204
0.004135
0.401793
0.881331
0.326267
0.499617
0.733347
0.73944
0.997156
0.332318
0.092696
0.930173
0.009905
0.562588
0.665886
0.754526
0.417001
0.563479
0.162716
0.303329
0.459179
0.816872
0.767289
0.022426
0.85838
0.585844
0.620926
0.355616
0.702855
0.659522
0.892762
0.641292
0.422699
0.415304
0.660721
0.030599
0.174981
0.046406
0.353771
0.389427
0.062035
0.10796
0.011554
0.056601
0.007183
0.957135
0.897426
0.764525
0.795244
0.766737
0.286957
0.218874
0.796545
0.652368
0.174245
0.672925
0.863962
0.318465
0.914434
0.659205
0.547702
0.395469
0.507009
0.945971
0.080748
0.939437
0.491292
0.797002
0.085204
0.10184
0.912596
0.596849
0.463221
0.86452
0.206268
0.237869
0.954754
0.93703
0.831884
0.425341
0.627135
0.82991
0.854294
0.848681
0.024847
0.676923
0.986405
0.966271
0.803461
0.626628
0.131773
0.672383
0.779206
0.680733
0.265046
0.204807
0.191488
0.155106
0.541959
0.245749
0.03149
0.931564
0.459021
0.164613
0.813341
0.503419
0.556651
0.679938
0.537265
0.744202
0.375418
0.174031
0.10444
0.091109
0.384161
0.988747
0.763071
0.307796
0.42228
0.821954
0.329648
0.289214
0.609819
0.404995
0.828485
0.634323
0.29883
0.37581
0.364921
0.975814
0.758987
0.890933
0.747451
0.495492
0.382857
0.450097
0.908801
0.816058
0.838386
0.907553
0.464682
0.312404
0.594943
0.501221
0.2598
0.225236
0.926362
0.644071
0.327037
0.657285
0.033875
0.158519
0.735427
0.246273
0.065061
0.098944
0.202379
0.192488
0.200633
0.641412
0.869848
0.457825
0.409174
0.483086
0.429426
0.037947
0.657195
0.024825
0.208374
0.044678
0.042212
0.29179
0.67347
0.952656
0.543173
0.859032
0.225519
0.046927
0.213157
0.992365
0.212322
0.332215
0.169556
0.586224
0.652848
0.337596
0.216127
0.642532
0.985621
0.438405
0.169231
0.486652
0.204068
0.170027
0.418897
0.255269
0.195179
0.752777
0.716823
0.256269
0.853034
0.620206
0.839311
0.266577
0.634851
0.759347
0.361336
0.169891
0.778338
0.065703
0.636353
0.976686
0.43468
0.977392
0.886961
0.164376
0.757824
0.253823
0.70768
0.467524
0.543354
0.624371
0.402629
0.856249
0.531319
0.283279
0.195402
0.222793
0.866598
0.134223
0.628896
0.694066
0.141264
0.70597
0.933891
0.701436
0.328012
0.006357
0.643876
0.615126
0.42519
0.143047
0.971974
0.180534
0.761397
0.186958
0.354296
0.762832
0.497188
0.248667
0.904779
0.936247
0.205342
0.043302
0.110381
0.938329
0.514852
0.02801
0.909853
0.338372
0.688209
0.703213
0.343697
0.855759
0.658085
0.504984
0.271115
0.339457
0.145266
0.694956
0.738728
0.600855
0.774763
0.804402
0.566066
0.520477
0.016671
0.897906
0.004541
0.434177
0.504923
0.786647
0.975852
0.164262
0.359577
0.986951
0.209742
0.268483
0.474108
0.703402
0.768451
0.803878
0.226813
0.352232
0.65645
0.631949
0.664185
0.488093
0.058683
0.975609
0.449638
0.176972
0.822488
0.194121
0.00168
0.802318
0.285979
0.194356
0.042117
0.130075
0.713681
0.497379
0.412952
0.209556
0.387798
0.593755
0.844413
0.679231
0.802038
0.476132
0.871905
0.946724
0.771433
0.645131
0.311928
0.025487
0.204117
0.94857
0.92823
0.158676
0.48739
0.805444
0.377647
0.93022
0.123577
0.837068
0.626167
0.384904
0.901313
0.068366
0.255665
0.793204
0.347289
0.976583
0.983327
0.203123
0.887276
0.107508
0.605288
0.495516
0.948329
0.626342
0.242655
0.86862
0.405423
0.649129
0.785139
0.137687
0.586504
0.725464
0.262906
0.534617
0.605073
0.059158
0.598827
0.925265
0.368472
0.855806
0.546469
0.084498
0.745205
0.53271
0.061622
0.236913
0.594875
0.024822
0.474063
0.529033
0.255473
0.809166
0.885348
0.696725
0.623486
0.701786
0.089979
0.192993
0.965609
0.060286
0.513559
0.828859
0.842064
0.705901
0.235728
0.325225
0.17273
0.523611
0.394051
0.393809
0.176736
0.52337
0.310034
0.545503
0.143629
0.568181
0.839607
0.097963
0.96173
0.64659
0.013704
0.61514
0.648923
0.577475
0.886114
0.404051
0.234297
0.138759
0.115189
0.810021
0.074581
0.023763
0.169324
0.998487
0.577189
0.986694
0.081694
0.008615
0.243882
0.082876
0.913902
0.532389
0.541163
0.564056
0.889244
0.409888
0.666102
0.621762
0.196633
0.793382
0.141205
0.014445
0.480705
0.112378
0.208728
0.377401
0.790714
0.191862
0.228523
0.488247
0.131745
0.943634
0.259379
0.56154
0.767333
0.814031
0.933109
0.302434
0.970578
0.077799
0.661494
0.900844
0.185324
0.69377
0.769437
0.445912
0.53341
0.406961
0.631041
0.392164
0.693537
0.823441
0.485165
0.22768
0.086633
0.63381
0.901862
0.52703
0.599281
0.174795
0.271345
0.283146
0.493531
0.29912
0.118544
0.046965
0.457751
0.427131
0.465488
0.015104
0.925485
0.24582
0.002483
0.209539
0.74458
0.899926
0.003237
0.332847
0.779323
0.178965
0.14136
0.62345
0.842629
0.517901
0.663545
0.802307
0.015704
0.88721
0.995082
0.167374
0.290438
0.87177
0.441307
0.971418
0.874367
0.270975
0.224245
0.519698
0.638402
0.317342
0.343192
0.321534
0.80998
0.009814
0.250321
0.033318
0.027765
0.538645
0.946697
0.503794
0.399893
0.931386
0.000149
0.086739
0.032018
0.015656
0.893109
0.140431
0.603847
0.389339
0.735287
0.438565
0.784846
0.326976
0.667159
0.250024
0.903113
0.748163
0.205032
0.374527
0.510641
0.746437
0.810874
0.086983
0.102469
0.147644
0.351086
0.794904
0.683659
0.35764
0.085111
0.777276
0.951377
0.824416
0.346504
0.443195
0.234671
0.613088
0.992311
0.23687
0.212932
0.35981
0.509014
0.752376
0.641232
0.131941
0.983204
0.372001
0.109948
0.204133
0.83206
0.606419
0.10055
0.188071
0.294146
0.518999
0.409392
0.530526
0.86354
0.151405
0.820272
0.216198
0.766632
0.142006
0.759389
0.43902
0.025202
0.894432
0.587146
0.892484
0.75851
0.446479
0.838249
0.490408
0.490915
0.507026
0.094598
0.28171
0.878139
0.882876
0.587954
0.554021
0.389637
0.013602
0.11267
0.586624
0.624586
0.825498
0.182704
0.54719
0.262267
0.882461
0.289397
0.066467
0.961718
0.944577
0.8914
0.347225
0.233689
0.910928
0.970023
0.040248
0.423253
0.285155
0.502446
0.87975
0.537697
0.80271
0.560371
0.152893
0.111372
0.644092
0.513908
0.807861
0.334706
0.467696
0.00794
0.084799
0.139968
0.392627
0.034573
0.231916
0.114226
0.053267
0.606307
0.645174
0.89227
0.984472
0.720653
0.467431
0.482258
0.213741
0.026264
0.929899
0.004136
0.162791
0.030018
0.932459
0.989834
0.946579
0.293781
0.161714
0.710264
0.722248
0.965226
0.560656
0.8604
0.341706
0.86859
0.300841
0.631885
0.851358
0.846499
0.26878
0.73903
0.139247
0.571548
0.25459
0.471669
0.738716
0.514851
0.515336
0.240003
0.383066
0.516463
0.981587
0.773133
0.810648
0.896509
0.465274
0.610239
0.252216
0.61427
0.42919
0.041612
0.120028
0.145546
0.250351
0.32716
0.212567
0.367809
0.759675
0.756839
0.766162
0.84643
0.086339
0.074303
0.764431
0.528046
0.344695
0.704059
0.4482
0.579972
0.251252
0.828622
0.908959
0.407326
0.95025
0.534373
0.451435
0.463769
0.929686
0.364617
0.118411
0.205537
0.690803
0.883628
0.39428
0.957018
0.485283
0.644053
0.510337
0.799448
0.466
0.577233
0.987265
0.728521
0.679867
0.326849
0.285512
0.904548
0.059236
0.514293
0.38796
0.665455
0.363903
0.818476
0.362676
0.998794
0.700573
0.263697
0.506679
0.681628
0.689134
0.161568
0.376362
0.71099
0.63887
0.346449
0.967666
0.379508
0.316644
0.122081
0.864888
0.855402
0.415757
0.065179
0.123377
0.841162
0.625981
0.121427
0.603216
0.628717
0.920206
0.609946
0.023737
0.907223
0.135604
0.605448
0.060149
0.957106
0.246778
0.231679
0.935278
0.619484
0.809713
0.510014
0.672905
0.492272
0.909563
0.449034
0.652209
0.488753
0.783785
0.456795
0.785951
0.585627
0.149386
0.014264
0.683243
0.050092
0.156547
0.309397
0.023465
0.044288
0.035224
0.17823
0.091824
0.071914
0.461261
0.111435
0.393824
0.554082
0.124898
0.961909
0.877482
0.943785
0.803972
0.433578
0.268664
0.074131
0.085265
0.252382
0.406575
0.646662
0.434097
0.954585
0.113458
0.048571
0.413345
0.069944
0.291486
0.569459
0.051118
0.073857
0.45098
0.742032
0.042085
0.864027
0.616477
0.866618
0.14456
0.172104
0.443728
0.158007
0.292627
0.492844
0.876455
0.502625
0.994181
0.440234
0.788511
0.507149
0.798276
0.802164
0.847872
0.05048
0.377132
0.32904
0.188201
0.796204
0.468999
0.67831
0.355964
0.765198
0.575785
0.638022
0.413773
0.62555
0.826187
0.873002
0.183418
0.809918
0.431782
0.464765
0.026814
0.631318
0.476439
0.65017
0.079658
0.281961
0.176223
0.923964
0.39643
0.369172
0.714077
0.045074
0.961104
0.696623
0.578955
0.31772
0.110357
0.570914
0.840204
0.483331
0.770128
0.932825
0.176381
0.426345
0.661578
0.957022
0.591269
0.299133
0.212586
0.979541
0.882926
0.56711
0.102682
0.266739
0.590766
0.607749
0.311032
0.356798
0.020539
0.729784
0.049825
0.318373
0.971051
0.457204
0.257625
0.620451
0.704462
0.032287
0.370548
0.028395
0.825932
0.208917
0.518634
0.149161
0.290591
0.641746
0.653601
0.569832
0.774565
0.403356
0.101467
0.296923
0.348644
0.730351
0.215646
0.298979
0.802761
0.051971
0.623378
0.920627
0.144137
0.328442
0.248987
0.396396
0.678147
0.975945
0.647962
0.677992
0.065561
0.136907
0.520952
0.951235
0.22684
0.33621
0.861094
0.159214
0.726242
0.923119
0.827001
0.392101
0.653757
0.048933
0.999947
0.682629
0.025672
0.686003
0.131348
0.394634
0.437482
0.032298
0.694367
0.841181
0.720628
0.259136
0.685429
0.057288
0.312395
0.018419
0.29931
0.676111
0.59219
0.200072
0.635868
0.303364
0.615435
0.039224
0.524212
0.715746
0.990495
0.326211
0.843451
0.912269
0.633505
0.081077
0.292184
0.045628
0.596671
0.968662
0.697374
0.904684
0.897681
0.850085
0.74126
0.361343
0.357689
0.230015
0.590759
0.731314
0.047308
0.453613
0.052324
0.00998
0.604347
0.807731
0.235175
0.344447
0.76333
0.219339
0.877071
0.624594
0.036273
0.66028
0.260088
0.451965
0.948005
0.673928
0.720128
0.629329
0.78533
0.337582
0.107582
0.879446
0.511621
0.267735
0.338048
0.955087
0.025961
0.646514
0.088558
0.739217
0.52983
0.692137
0.847628
0.776865
0.883487
0.55467
0.397449
0.847324
0.35297
0.609921
0.379572
0.121888
0.984965
0.685721
0.992048
0.38896
0.494631
0.495976
0.377372
0.60443
0.772496
0.988582
0.066116
0.10937
0.888831
0.888464
0.819334
0.548042
0.049588
0.366124
0.884072
0.587495
0.455332
0.324976
0.004645
0.78717
0.419121
0.261311
0.88252
0.833559
0.660026
0.926412
0.616004
0.282956
0.071938
0.229656
0.465449
0.783736
0.010116
0.673542
0.030208
0.050701
0.51615
0.316933
0.359957
0.600449
0.452302
0.434664
0.927189
0.248706
0.956427
0.351241
0.306121
0.880694
0.511645
0.554386
0.778599
0.666209
0.754606
0.631449
0.984006
0.636226
0.558061
0.964791
0.316937
0.167827
0.81376
0.708341
0.644003
0.014004
0.441456
0.904221
0.637175
0.643919
0.297042
0.641202
0.255528
0.875564
0.793363
0.182677
0.246581
0.656855
0.321935
0.783067
0.146656
0.339488
0.730504
0.417014
0.633284
0.770265
0.337557
0.960727
0.998506
0.65883
0.130952
0.876397
0.236612
0.907627
0.295334
0.78972
0.055066
0.808261
0.680822
0.928457
0.685087
0.4821
0.808718
0.768149
0.371741
0.211506
0.740221
0.167994
0.008581
0.067548
0.992885
0.057437
0.491593
0.035599
0.168589
0.664965
0.047186
0.458589
0.817558
0.78122
0.221868
0.603446
0.318353
0.61411
0.750883
0.33743
0.061587
0.329306
0.371939
0.180438
0.378284
0.068682
0.762861
0.135979
0.521313
0.771638
0.416531
0.645089
0.829677
0.645571
0.130349
0.270622
0.442299
0.391463
0.51706
0.207329
0.811225
0.486978
0.61084
0.004294
0.050464
0.074073
0.057932
0.967318
0.7186
0.175906
0.017972
0.889651
0.273158
0.164707
0.479547
0.474936
0.943792
0.692821
0.194157
0.511792
0.640928
0.65884
0.552465
0.657666
0.452429
0.812284
0.120095
0.414981
0.163546
0.79579
0.174466
0.170733
0.438575
0.297178
0.505182
0.854448
0.08707
0.15908
0.58044
0.374899
0.384916
0.994521
0.899369
0.921501
0.602097
0.675625
0.260564
0.312485
0.125287
0.515269
0.882778
0.20745
0.785848
0.737372
0.593215
0.350193
0.613381
0.200762
0.381385
0.752174
0.352363
0.041877
0.716482
0.947101
0.296457
0.264595
0.208948
0.781094
0.907848
0.518812
0.88006
0.836713
0.475401
0.455629
0.245292
0.358057
0.138764
0.890967
0.003533
0.544245
0.182876
0.49422
0.961514
0.818752
0.509834
0.12118
0.555585
0.756481
0.215814
0.103917
0.32397
0.451835
0.991688
0.503138
0.110039
0.11468
0.324669
0.884465
0.201191
0.382744
0.012705
0.219725
0.734029
0.066045
0.292339
0.496473
0.892498
0.318272
0.667208
0.214517
0.823235
0.245637
0.109503
0.666848
0.892181
0.794152
0.564838
0.372068
0.848031
0.10437
0.57045
0.363487
0.872539
0.833152
0.822593
0.97879
0.482966
0.429236
0.053142
0.59268
0.30098
0.335236
0.585227
0.275906
0.784642
0.266454
0.21799
0.839378
0.206115
0.190771
0.701099
0.221939
0.415104
0.119925
0.125244
0.853329
0.508952
0.69824
0.822997
0.986361
0.104085
0.938037
0.336068
0.462354
0.449995
0.992789
0.310217
0.378639
0.676539
0.478909
0.617614
0.979493
0.907307
0.069798
0.802931
0.293013
0.748015
0.578483
0.084388
0.257874
0.1132
0.308832
0.379601
0.590102
0.195175
0.747192
0.794139
0.429367
0.40907
0.259686
0.19473
0.645397
0.680256
0.426121
0.733678
0.439836
0.32924
0.069812
0.913608
0.424318
0.267971
0.825329
0.716542
0.128959
0.878729
0.487569
0.401422
0.635928
0.008633
0.42249
0.606741
0.758444
0.135898
0.827948
0.765698
0.612248
0.386126
0.10194
0.404129
0.974195
0.647867
0.197059
0.396017
0.240181
0.34603
0.946033
0.005605
0.14996
0.518081
0.066655
0.219672
0.93131
0.287417
0.055334
0.976426
0.336861
0.732126
0.620871
0.130185
0.381551
0.998643
0.369671
0.799696
0.253343
0.589716
0.084393
0.303697
0.859965
0.613657
0.65198
0.177857
0.797663
0.269956
0.309862
0.692041
0.012186
0.954775
0.348497
0.559694
0.967135
0.861673
0.703946
0.723449
0.269791
0.124242
0.621378
0.720081
0.262062
0.023129
0.069245
0.714665
0.110671
0.917673
0.178975
0.522769
0.63681
0.370009
0.983528
0.697544
0.910362
0.910256
0.343515
0.890863
0.228142
0.065587
0.191061
0.877477
0.056506
0.630741
0.765793
0.891693
0.466256
0.205945
0.619841
0.942734
0.825643
0.763522
0.427239
0.62005
0.523373
0.788121
0.37958
0.08904
0.022707
0.978978
0.674767
0.671295
0.270179
0.000284
0.605094
0.120131
0.27592
0.510216
0.150313
0.739271
0.26641
0.581417
0.743111
0.049361
0.540444
0.112871
0.802126
0.696955
0.482779
0.434638
0.264653
0.114829
0.077625
0.556741
0.641309
0.832175
0.660945
0.760728
0.058912
0.209532
0.332232
0.730545
0.77068
0.125596
0.08397
0.888916
0.795758
0.449628
0.412285
0.770761
0.16596
0.598242
0.073518
0.237514
0.621508
0.130559
0.159619
0.218709
0.150783
0.702099
0.035036
0.775172
0.308566
0.127017
0.763651
0.311875
0.092257
0.273895
0.400715
0.029182
0.749419
0.758466
0.880079
0.63471
0.895956
0.869489
0.385972
0.646534
0.435217
0.421758
0.822033
0.892154
0.861137
0.531068
0.519157
0.790214
0.047773
0.489818
0.811007
0.904927
0.597229
0.748278
0.644784
0.521819
0.052471
0.51674
0.114789
0.126498
0.957233
0.89801
0.796082
0.039217
0.948805
0.707576
0.007552
0.331237
0.752122
0.896819
0.879367
0.731092
0.203665
0.074248
0.766567
0.599235
0.915972
0.64873
0.097282
0.631551
0.956346
0.691912
0.585849
0.682208
0.619873
0.248285
0.37215
0.254872
0.600228
0.047496
0.640265
0.777928
0.289536
0.856951
0.861835
0.495875
0.064189
0.594472
0.60393
0.538275
0.358572
0.694981
0.131472
0.683239
0.767219
0.817146
0.891628
0.345646
0.679491
0.875486
0.529553
0.990621
0.683199
0.230563
0.901031
0.846385
0.015647
0.92685
0.79315
0.997477
0.750637
0.170045
0.918898
0.14605
0.575601
0.624999
0.069667
0.382357
0.235148
0.329376
0.863014
0.920016
0.000458
0.68254
0.126427
0.655799
0.240082
0.280508
0.741722
0.241968
0.245075
0.389728
0.120908
0.824278
0.405934
0.533604
0.232778
0.10983
0.481719
0.692226
0.201158
0.460591
0.511439
0.764209
0.33154
0.692618
0.707026
0.935524
0.578685
0.103982
0.364605
0.358341
0.924562
0.487922
0.023964
0.083979
0.537318
0.167789
0.842565
0.61908
0.258149
0.18083
0.74452
0.482586
0.058718
0.116291
0.850279
0.776354
0.238833
0.959154
0.821114
0.737894
0.401752
0.608295
0.953624
0.388899
0.299564
0.944318
0.350127
0.170856
0.840696
0.841542
0.454252
0.103149
0.486563
0.043342
0.849123
0.660567
0.952623
0.807236
0.112496
0.132383
0.370281
0.983707
0.103725
0.77205
0.302915
0.49638
0.801314
0.103452
0.738528
0.009672
0.930181
0.3354
0.856467
0.3196
0.691113
0.164784
0.717407
0.341391
0.866109
0.575228
0.45908
0.187855
0.901867
0.663118
0.114359
0.758116
0.029885
0.466607
0.711106
0.993217
0.534515
0.787623
0.752868
0.178594
0.192099
0.38628
0.319997
0.942083
0.656192
0.278336
0.211016
0.353231
0.039605
0.327926
0.891809
0.261729
0.433827
0.484255
0.207915
0.350032
0.511116
0.624464
0.131121
0.721648
0.803906
0.012548
0.926843
0.451935
0.1604
0.350777
0.473185
0.097329
0.117818
0.527354
0.707422
0.295095
0.896794
0.866949
0.238251
0.521747
0.879237
0.116581
0.781569
0.747908
0.820724
0.684386
0.456739
0.363943
0.526353
0.242804
0.799048
0.438036
0.213252
0.108628
0.00805
0.647882
0.323753
0.212341
0.704269
0.838785
0.796217
0.510529
0.29894
0.282074
0.315463
0.385966
0.581048
0.713313
0.778447
0.898005
0.870703
0.617136
0.727138
0.610065
0.791468
0.90671
0.162278
0.186776
0.999716
0.976031
0.246248
0.863161
0.7236
0.812455
0.758862
0.483138
0.856504
0.138201
0.601045
0.74801
0.997984
0.311089
0.702332
0.881532
0.492332
0.46837
0.177964
0.710513
0.136726
0.891994
0.340851
0.555954
0.525063
0.908066
0.932749
0.86799
0.500994
0.83781
0.10433
0.488018
0.799792
0.684157
0.244868
0.405417
0.815177
0.17968
0.880563
0.550614
0.246775
0.218398
0.470079
0.759409
0.788867
0.958727
0.85514
0.058953
0.588588
0.30279
0.784019
0.884088
0.683151
0.563797
0.377523
0.151681
0.129737
0.879008
0.721343
0.497883
0.489491
0.167323
0.343853
0.950029
0.349751
0.998359
0.558883
0.680594
0.816586
0.108394
0.796583
0.877681
0.521936
0.931275
0.773051
0.368034
0.084679
0.208727
0.372281
0.283455
0.852145
0.690344
0.259982
0.414771
0.751057
0.682204
0.253089
0.474534
0.15765
0.467203
0.32256
0.882449
0.051142
0.428296
0.649175
0.381433
0.794631
0.647359
0.754884
0.32329
0.455206
0.719742
0.663529
0.90885
0.916404
0.954978
0.583504
0.644412
0.910113
0.878537
0.777306
0.728029
0.309476
0.006287
0.693008
0.068439
0.760414
0.779505
0.617585
0.718672
0.077321
0.053875
0.426077
0.720894
0.284088
0.427785
0.753672
0.39424
0.196483
0.180048
0.759882
0.258435
0.188581
0.00899
0.202723
0.109846
0.555477
0.025186
0.107705
0.464323
0.657949
0.56677
0.749189
0.010842
0.409014
0.098295
0.605007
0.770334
0.114508
0.481498
0.087397
0.3957
0.745234
0.474515
0.857843
0.336554
0.524359
0.295029
0.528509
0.075423
0.453419
0.899689
0.842883
0.091871
0.41429
0.917295
0.136296
0.748969
0.112027
0.544086
0.325545
0.473454
0.809219
0.020744
0.341446
0.232746
0.871619
0.485965
0.964483
0.257945
0.363357
0.241237
0.156919
0.852324
0.692459
0.763852
0.021815
0.373643
0.284216
0.542366
0.60486
0.819011
0.931318
0.793013
0.662477
0.65451
0.20375
0.857471
0.950314
0.55885
0.654269
0.335665
0.862091
0.170534
0.977757
0.513051
0.774755
0.214331
0.257093
0.60579
0.147635
0.907023
0.322367
0.774015
0.180418
0.514003
0.287014
0.690069
0.006142
0.166306
0.107137
0.743375
0.540077
0.487581
0.103356
0.035387
0.951263
0.714655
0.290962
0.632362
0.300872
0.80944
0.583247
0.488127
0.21969
0.102066
0.169165
0.06605
0.000178
0.397814
0.178954
0.772926
0.123171
0.713185
0.698367
0.107593
0.516037
0.399904
0.886545
0.866989
0.02285
0.797236
0.912787
0.264664
0.209475
0.992733
0.06821
0.540718
0.063002
0.47659
0.965898
0.287161
0.894919
0.842531
0.383324
0.863424
0.703912
0.631276
0.664247
0.23414
0.466717
0.556196
0.400769
0.688919
0.717161
0.206217
0.532456
0.481684
0.865401
0.459757
0.49756
0.669597
0.41855
0.329406
0.79798
0.886801
0.71876
0.323129
0.211022
0.175352
0.774765
0.164622
0.762759
0.114841
0.979658
0.799745
0.619104
0.560528
0.1669
0.951046
0.908823
0.520156
0.864428
0.583395
0.823693
0.476312
0.984822
0.629179
0.613368
0.739402
0.695309
0.520295
0.039659
0.454603
0.001311
0.206653
0.110701
0.957029
0.967058
0.595005
0.005615
0.870151
0.117301
0.630025
0.60112
0.078521
0.579741
0.305934
0.140681
0.513356
0.854961
0.295157
0.937407
0.951926
0.860779
0.816539
0.849402
0.967683
0.323413
0.04473
0.936672
0.273954
0.682441
0.586345
0.752944
0.598663
0.66324
0.053325
0.846077
0.131737
0.627819
0.462804
0.427495
0.398614
0.170459
0.587562
0.412325
0.35145
0.768581
0.33899
0.046169
0.25794
0.730657
0.998892
0.6757
0.171778
0.461003
0.445318
0.370282
0.521459
0.415964
0.357788
0.295736
0.010885
0.410997
0.894601
0.339294
0.818598
0.121692
0.583417
0.900522
0.77601
0.720283
0.657039
0.411597
0.149659
0.666485
0.781814
0.143374
0.082844
0.599281
0.839642
0.210814
0.659765
0.005292
0.250924
0.814525
0.275194
0.844903
0.709949
0.741131
0.487083
0.065529
0.114014
0.115364
0.115998
0.818975
0.505623
0.827853
0.539205
0.161531
0.439206
0.112624
0.007758
0.971953
0.777952
0.745247
0.766612
0.100866
0.152579
0.882212
0.566888
0.03429
0.744421
0.613154
0.449024
0.644361
0.151954
0.187455
0.652885
0.70873
0.954436
0.020151
0.173829
0.546358
0.778561
0.346196
0.671733
0.349918
0.19595
0.87119
0.538371
0.369235
0.178709
0.798489
0.032277
0.208971
0.942385
0.40703
0.931044
0.698463
0.044625
0.726891
0.395929
0.105783
0.015808
0.647656
0.054989
0.565635
0.593943
0.090841
0.569787
0.973984
0.180114
0.04005
0.135427
0.382166
0.356188
0.735114
0.484793
0.396563
0.19604
0.401745
0.516374
0.175117
0.331611
0.141416
0.17105
0.313185
0.782726
0.473328
0.412047
0.529616
0.451919
0.668925
0.727267
0.378444
0.379474
0.907852
0.708859
0.751779
0.677367
0.795349
0.383141
0.556545
0.836977
0.508872
0.583529
0.655505
0.333843
0.670218
0.616938
0.226719
0.516928
0.26208
0.151886
0.928259
0.846629
0.103033
0.546095
0.556574
0.323255
0.959203
0.70255
0.259338
0.994137
0.470463
0.534869
0.622251
0.626583
0.977999
0.281309
0.994007
0.390549
0.76621
0.674406
0.569329
0.617376
0.571943
0.868539
0.816034
0.308002
0.610016
0.652954
0.487435
0.711546
0.216896
0.441129
0.604768
0.134745
0.509812
0.127424
0.428414
0.294516
0.740146
0.721231
0.338491
0.159607
0.649607
0.585981
0.599168
0.897865
0.461563
0.847739
0.930428
0.448107
0.572267
0.615186
0.642493
0.020881
0.429362
0.813875
0.583922
0.153145
0.93084
0.907012
0.13039
0.319069
0.109519
0.324927
0.212805
0.173
0.225976
0.326207
0.651309
0.699466
0.528159
0.126305
0.896741
0.065893
0.191034
0.921655
0.993079
0.2923
0.215452
0.445143
0.088395
0.132513
0.962758
0.64693
0.067856
0.289241
0.952355
0.310002
0.608999
0.047093
0.448837
0.656132
0.631966
0.776501
0.850178
0.855799
0.407296
0.502497
0.447291
0.858031
0.057345
0.59599
0.806537
0.224202
0.599309
0.074242
0.354484
0.091061
0.225557
0.550004
0.06972
0.957231
0.732149
0.799411
0.062005
0.373319
0.74793
0.714671
0.18012
0.73805
0.252356
0.788237
0.570406
0.845151
0.635069
0.504336
0.287302
0.692028
0.565154
0.780728
0.236977
0.486912
0.666557
0.271957
0.588617
0.406866
0.708894
0.93505
0.735085
0.621566
0.815934
0.055404
0.91826
0.499989
0.133846
0.66056
0.442209
0.128845
0.378195
0.530292
0.693613
0.14404
0.899975
0.883936
0.845571
0.213139
0.058039
0.175276
0.137583
0.114833
0.626581
0.16706
0.656185
0.422957
0.627063
0.131685
0.881146
0.631726
0.060589
0.495664
0.359627
0.615313
0.49988
0.245141
0.986798
0.902128
0.529217
0.22676
0.994369
0.189609
0.500122
0.842406
0.818932
0.41502
0.752304
0.012006
0.467913
0.732467
0.352331
0.606752
0.192752
0.694846
0.932595
0.297043
0.282553
0.784629
0.266276
0.459855
0.329235
0.959164
0.027484
0.564433
0.89294
0.059708
0.571344
0.387033
0.944841
0.551266
0.382312
0.299556
0.577732
0.459995
0.302218
0.508533
0.069898
0.523192
0.463069
0.12124
0.713799
0.701622
0.967937
0.842658
0.467966
0.2078
0.801032
0.853986
0.096701
0.582925
0.966769
0.727251
0.2458
0.455406
0.217004
0.673119
0.316242
0.504083
0.186054
0.857184
0.611433
0.799271
0.103146
0.972103
0.360177
0.88096
0.295314
0.653723
0.828364
0.645758
0.740875
0.514421
0.618436
0.289144
0.944855
0.764467
0.276536
0.854115
0.179328
0.725623
0.734762
0.518318
0.578074
0.890119
0.58196
0.97659
0.048062
0.787371
0.949299
0.208555
0.945245
0.52778
0.076104
0.729246
0.845869
0.405021
0.710719
0.705288
0.81634
0.658754
0.468763
0.194275
0.070645
0.977935
0.119986
0.476053
0.810411
0.780126
0.321375
0.296264
0.368821
0.539702
0.610204
0.508654
0.807962
0.414548
0.356011
0.316075
0.088138
0.699483
0.876671
0.54179
0.73252
0.109981
0.710582
0.788529
0.852952
0.166936
0.637601
0.041295
0.312704
0.595478
0.309324
0.203258
0.670307
0.89685
0.222638
0.901065
0.691305
0.923371
0.487922
0.286512
0.912671
0.750726
0.480725
0.993282
0.327913
0.045362
0.842261
0.70574
0.681319
0.931046
0.553913
0.432412
0.865231
0.439458
0.716137
0.522516
0.952879
0.324695
0.64635
0.685688
0.406606
0.795229
0.191971
0.80527
0.861112
0.652007
0.750302
0.69082
0.405527
0.579326
0.786738
0.793731
0.475171
0.674175
0.535488
0.609262
0.140193
0.858292
0.523773
0.541067
0.996961
0.451144
0.154058
0.306832
0.340813
0.92174
0.74503
0.98919
0.44761