1024 4
0
44
85
355
999
1
124
230
521
948
2
27
97
144
263
3
126
472
555
780
4
62
283
608
643
5
125
130
270
973
6
381
408
659
800
7
151
209
698
805
8
226
632
634
822
9
31
337
402
651
10
202
392
531
920
11
167
215
524
635
12
712
824
974
998
13
100
364
786
1008
14
113
316
666
903
15
179
572
633
848
16
18
222
491
907
17
391
493
673
798
18
95
176
245
535
19
145
526
775
800
20
78
598
643
846
21
192
648
787
824
22
336
424
438
951
23
104
290
661
708
24
25
324
480
1023
25
513
572
690
996
26
145
630
809
983
4
27
235
293
354
28
109
284
750
858
29
253
600
719
824
30
610
675
851
884
31
66
299
487
805
32
319
559
639
817
33
50
89
336
835
34
379
586
633
867
35
159
413
844
894
36
82
868
973
1001
37
384
888
926
949
38
270
290
548
830
39
331
630
664
883
40
359
652
714
922
41
254
394
696
707
42
441
534
766
792
43
260
444
629
703
44
256
303
821
886
45
48
428
562
732
46
417
497
575
967
47
116
360
377
901
47
48
805
947
1023
49
239
555
756
806
50
76
106
747
789
51
114
137
822
870
52
474
567
799
856
53
237
422
801
867
0
54
246
269
368
55
572
715
763
866
56
679
694
963
1003
57
226
389
620
856
3
58
376
662
885
59
156
298
832
906
60
260
427
830
1022
61
641
702
764
954
62
216
248
857
910
63
75
843
971
984
64
555
603
649
993
65
566
635
680
931
66
157
686
707
941
67
418
580
634
869
68
176
392
591
868
28
69
213
903
1006
65
70
376
742
871
71
380
791
828
921
41
72
214
420
544
73
501
594
638
828
51
74
765
858
973
71
75
124
744
953
31
76
154
205
753
59
77
819
985
1021
78
211
234
420
745
79
128
621
850
1003
16
80
152
262
807
81
241
260
454
533
82
356
521
544
663
22
60
83
112
544
84
426
559
686
956
55
85
395
689
823
86
192
624
646
682
87
94
172
256
789
42
88
218
359
987
89
308
326
427
869
14
90
99
242
311
91
151
590
832
934
92
131
222
314
563
93
331
460
583
591
94
486
525
566
731
95
147
266
279
394
96
266
352
473
708
26
34
97
225
438
43
98
462
501
522
58
99
457
521
979
100
159
311
406
736
101
128
260
290
762
90
102
343
626
743
19
103
385
519
841
70
104
120
257
852
105
327
402
805
927
31
106
490
641
1011
55
107
206
331
438
108
171
264
703
1011
109
370
627
722
832
110
194
523
536
595
111
129
458
520
655
93
112
197
680
891
113
130
200
647
893
114
399
453
788
796
115
452
606
761
985
116
190
298
696
959
117
410
627
644
901
65
66
118
126
704
119
415
434
621
622
47
99
120
794
994
121
313
421
489
766
122
299
335
441
603
123
467
645
897
923
90
124
127
632
680
125
240
264
771
991
126
177
368
518
601
127
235
486
827
883
19
128
544
545
606
129
165
560
568
943
36
42
130
268
456
2
42
108
131
941
132
136
303
817
1005
133
226
546
674
676
71
121
134
223
894
33
109
135
550
929
55
136
237
346
517
137
431
439
704
903
89
138
140
804
896
139
254
688
701
800
140
425
453
577
790
141
151
576
698
946
142
235
554
768
922
143
289
711
786
804
144
446
524
618
917
145
393
581
863
944
11
30
89
146
630
147
312
378
435
950
148
548
696
890
945
149
252
401
570
594
150
170
617
881
893
73
151
690
765
899
152
322
392
554
562
153
187
256
804
911
154
341
548
807
893
4
155
267
625
887
0
156
795
851
948
26
157
243
939
979
158
257
266
758
835
159
383
476
621
1015
6
57
127
160
876
152
161
390
454
715
162
529
530
748
880
163
648
782
837
889
164
230
342
798
823
165
281
529
920
956
166
261
276
831
891
6
167
168
724
943
20
168
267
371
901
169
382
399
468
1008
170
177
902
1004
1010
171
248
486
943
973
172
275
451
601
818
110
173
306
707
717
174
192
265
790
997
167
175
191
316
423
68
176
295
626
928
54
177
565
829
942
81
178
690
770
898
131
179
565
765
823
180
306
382
394
518
21
181
370
445
610
161
182
352
829
841
130
183
344
563
964
184
547
693
781
869
101
185
539
583
636
20
98
186
726
892
176
187
217
603
976
188
507
757
762
994
189
219
244
249
693
190
341
401
416
832
83
191
636
659
878
192
267
440
505
792
111
193
466
856
1002
194
216
517
788
923
195
302
423
549
745
196
254
323
806
941
36
168
197
645
843
163
198
298
344
924
199
327
416
538
1008
1
200
283
1007
1019
201
261
472
561
911
120
202
424
737
980
108
203
813
934
1018
33
127
196
204
702
32
167
205
209
369
161
206
542
726
972
82
207
665
838
910
1
127
190
208
462
209
318
476
546
811
166
168
210
276
492
200
211
378
898
979
22
32
212
650
956
61
213
386
732
1010
96
156
214
574
612
215
277
686
939
1011
216
408
547
684
826
35
217
535
835
920
97
218
572
614
645
219
292
549
675
891
151
220
518
699
800
221
344
882
944
1019
139
222
317
478
849
223
572
582
649
666
86
186
224
781
801
225
288
645
970
990
206
226
374
854
927
3
33
145
227
659
212
228
667
807
939
229
313
317
595
624
230
267
503
544
698
231
696
824
844
1016
232
332
581
674
679
60
233
362
723
974
160
234
464
592
911
235
436
481
686
755
236
377
384
525
909
36
237
551
620
624
92
238
579
613
689
152
239
280
635
1019
108
240
683
790
968
226
241
295
391
440
196
242
337
467
761
75
243
490
624
981
244
291
355
485
818
210
245
263
376
503
184
246
600
653
741
42
86
247
656
663
248
287
835
903
963
103
249
489
639
1020
250
252
261
669
910
32
251
254
530
728
252
613
628
669
882
165
253
590
792
944
254
414
451
517
685
83
157
187
255
382
256
317
320
931
1003
118
257
443
461
529
73
219
258
403
441
259
423
586
672
1015
65
260
580
583
918
261
371
716
896
1012
90
108
262
461
647
31
91
263
426
471
264
430
444
984
1005
60
108
128
265
432
174
266
419
516
1014
121
267
456
808
813
78
268
636
883
935
232
269
390
494
994
270
442
513
950
995
178
271
913
930
1005
74
272
351
456
902
200
273
726
782
854
21
274
556
792
923
216
275
411
529
680
25
54
276
438
552
63
277
464
795
949
278
293
490
496
606
96
279
368
531
569
280
443
487
677
1023
27
226
281
385
399
54
110
239
282
979
44
283
326
672
980
284
661
900
915
997
285
297
659
808
933
110
286
326
388
874
6
182
287
368
481
17
179
288
472
587
70
289
509
668
878
103
217
290
358
405
71
291
343
520
645
35
248
292
667
875
210
286
293
382
517
180
294
456
656
691
295
656
700
706
782
102
296
458
572
728
263
297
374
614
678
187
280
298
649
956
299
409
604
719
983
69
300
362
428
478
6
38
109
301
581
207
302
692
748
784
211
303
689
809
843
159
304
392
400
1006
305
404
656
757
774
194
229
306
567
694
125
204
307
610
794
48
59
287
308
932
97
309
310
463
992
275
304
310
326
784
98
257
311
620
700
312
599
840
934
963
77
313
358
649
780
64
236
314
658
796
150
210
234
315
661
205
212
316
612
713
229
317
662
673
839
30
156
273
318
528
56
319
800
803
817
11
113
320
578
642
256
272
321
644
763
180
322
380
479
823
142
323
456
525
901
175
324
582
748
848
97
178
325
730
1001
326
701
861
962
1010
321
327
617
620
921
231
328
670
789
1002
282
329
484
764
987
154
198
330
462
613
74
120
331
380
802
332
608
691
943
1012
333
521
532
929
935
175
311
334
596
982
335
359
486
543
873
294
336
444
736
1017
173
337
357
449
738
280
338
384
818
931
339
389
445
533
632
77
263
340
442
567
341
424
468
790
1016
342
475
525
797
984
343
711
760
778
878
92
220
344
508
844
345
685
690
819
931
106
346
595
716
810
347
537
647
899
970
131
297
348
707
1001
349
513
600
612
945
38
167
350
969
1016
334
351
414
667
1019
37
352
679
815
1022
143
353
401
457
645
162
166
319
354
839
323
355
485
896
957
119
276
356
598
857
357
407
489
863
911
202
358
467
476
899
218
359
544
603
640
258
360
445
527
649
361
576
692
830
973
82
362
537
675
796
363
499
737
787
922
101
153
364
396
837
163
213
365
613
655
366
498
566
690
936
156
222
367
453
528
219
339
368
412
559
337
369
613
767
871
370
490
509
688
879
95
173
201
363
371
251
372
419
460
501
1
7
348
373
784
19
290
372
374
749
46
212
240
375
415
322
352
376
415
947
13
377
485
546
647
17
269
342
378
796
379
472
577
628
826
288
380
382
388
530
110
381
382
407
646
23
382
405
640
879
348
383
401
908
946
25
118
384
617
829
93
234
270
375
385
64
87
136
289
386
171
203
382
387
668
244
388
793
914
986
374
389
424
430
576
173
292
353
390
964
361
391
467
484
789
96
392
444
554
647
69
116
393
466
559
81
139
296
394
522
56
168
394
395
580
135
219
396
413
643
193
297
397
787
969
384
398
544
751
760
284
399
926
965
984
131
234
400
444
463
286
349
401
416
940
286
401
402
610
752
25
385
403
637
996
195
251
404
561
591
56
346
405
645
860
20
85
241
406
568
214
407
415
689
989
20
345
408
597
692
60
409
625
681
898
87
107
154
172
410
6
93
370
411
487
7
412
629
662
771
413
435
692
972
997
396
414
620
684
881
39
170
415
560
591
74
258
416
566
977
355
417
499
931
1004
228
229
418
848
855
351
396
419
486
581
228
420
964
988
1015
86
421
496
549
669
188
422
522
708
951
168
356
361
423
553
52
359
424
436
949
425
498
658
923
950
131
426
528
728
758
427
622
858
947
951
272
428
885
890
965
152
374
429
439
895
135
430
440
564
661
154
358
375
431
986
432
726
805
851
922
59
343
433
610
957
198
252
259
289
434
29
425
435
534
776
75
436
542
703
915
172
363
437
458
1003
39
438
448
841
925
46
76
439
598
642
162
440
735
826
1012
441
472
662
729
956
26
89
442
517
883
20
89
293
443
729
444
531
718
832
863
9
91
445
750
1016
10
119
446
505
517
147
172
260
447
624
41
183
399
448
515
83
331
449
733
821
400
427
450
540
675
451
757
911
938
966
326
452
646
650
914
17
207
246
453
911
107
177
250
350
454
125
455
469
673
733
39
91
207
456
576
274
335
409
457
890
216
458
492
649
987
16
74
459
498
681
301
433
460
942
967
405
444
461
665
864
46
301
439
462
589
463
601
758
835
946
450
464
648
853
961
232
465
530
543
943
25
79
290
466
696
235
299
352
393
467
219
399
468
787
832
239
337
380
469
499
167
470
791
793
830
112
471
872
900
991
472
538
591
744
765
13
173
473
527
584
175
474
499
812
967
33
120
221
475
572
35
52
220
253
476
71
195
228
238
477
298
355
478
532
722
9
353
479
775
924
471
480
501
524
609
18
339
481
692
756
397
418
482
831
904
59
67
398
483
665
484
496
522
882
950
134
183
449
485
791
251
486
752
767
795
20
68
174
487
978
233
488
613
625
874
395
489
536
578
992
48
106
176
490
721
42
193
491
707
783
120
294
333
492
621
399
493
581
661
977
370
494
637
744
915
68
495
725
815
999
179
487
496
653
917
424
497
584
753
960
244
498
522
575
651
59
195
327
499
778
166
233
439
500
1007
90
458
501
960
985
270
494
502
504
891
160
250
503
705
942
38
247
292
430
504
288
505
549
676
702
506
561
696
764
871
21
261
507
514
728
51
154
336
508
871
124
298
437
509
585
74
282
357
510
1010
12
272
511
824
865
204
512
649
695
799
37
187
282
293
513
16
426
514
782
787
37
44
320
515
723
443
516
520
568
792
171
399
517
654
715
87
398
491
518
981
109
116
519
639
753
373
520
654
690
759
188
521
575
707
922
203
522
925
941
994
315
323
339
523
524
158
336
466
524
1016
398
501
525
682
812
392
521
526
531
947
447
527
850
924
986
205
217
246
400
528
454
529
597
657
882
103
530
549
645
904
79
203
400
531
878
48
532
811
890
948
299
401
533
612
677
126
318
534
643
846
121
535
545
675
878
0
536
538
706
968
54
57
325
537
716
127
168
538
702
776
539
607
625
693
832
49
353
442
540
798
37
243
387
541
757
208
510
542
682
1009
318
377
543
927
1014
359
544
668
815
1000
241
277
300
440
545
130
251
479
546
944
22
547
720
764
769
548
571
793
867
940
87
88
517
549
785
165
550
575
598
884
311
374
551
608
1017
148
358
416
552
591
502
553
554
639
699
452
554
609
809
945
16
56
200
403
555
319
556
625
676
834
357
557
710
856
961
371
558
680
721
729
254
434
447
559
1023
244
531
545
560
764
68
403
453
469
561
179
256
519
562
937
267
346
464
563
779
199
516
564
753
832
115
423
518
523
565
83
349
471
566
630
383
567
764
767
945
9
339
515
568
576
167
438
569
628
972
333
535
547
570
764
283
544
571
653
684
98
168
572
751
783
33
116
473
573
802
81
259
295
574
578
91
220
575
632
784
40
230
336
576
799
395
404
415
577
819
103
109
578
590
931
337
399
516
579
709
105
297
364
580
984
88
581
699
859
976
14
137
511
582
924
272
293
312
371
583
186
293
336
584
789
199
362
557
585
783
470
514
585
586
688
175
218
486
587
1005
384
588
720
873
1020
61
419
589
597
690
285
370
590
892
987
58
113
341
591
645
418
535
592
797
963
133
212
237
593
828
225
368
594
609
818
118
119
595
651
799
455
596
646
979
1018
199
597
631
839
882
99
342
415
598
640
158
552
599
697
799
106
357
399
600
782
17
130
601
741
844
520
583
602
660
689
127
136
562
603
994
46
510
534
604
703
76
168
338
584
605
138
202
548
606
881
251
450
607
698
970
93
100
608
967
1023
177
495
609
674
851
349
369
483
610
972
608
611
673
748
966
67
153
612
979
981
13
208
527
613
721
225
385
508
568
614
53
87
362
485
615
273
397
616
795
963
81
556
617
769
806
286
351
375
618
662
122
204
302
619
852
2
116
212
620
819
77
288
293
621
890
617
622
692
767
784
273
445
501
623
1010
55
487
488
624
992
294
328
625
936
964
14
44
226
482
626
609
627
779
783
952
303
628
690
703
901
53
77
491
629
914
284
630
827
903
1000
435
449
551
631
759
60
124
160
175
632
11
13
633
813
1018
97
128
403
634
893
10
53
312
383
635
238
547
636
970
987
71
494
637
660
854
157
191
276
577
638
639
675
753
757
982
383
640
804
856
875
411
528
570
641
858
5
272
280
642
759
91
346
577
643
669
467
511
552
644
985
31
567
594
608
645
77
339
443
646
829
11
244
434
445
647
340
648
887
989
1009
315
649
727
834
943
75
214
317
650
910
380
647
651
950
1016
11
135
652
740
849
4
219
406
653
1009
250
275
287
572
654
7
37
396
655
933
335
586
647
656
1019
129
334
360
518
657
2
88
658
669
685
183
589
659
752
875
260
455
500
660
915
126
213
309
661
712
102
662
715
819
997
40
154
269
663
732
1
279
596
664
818
90
254
609
665
944
384
510
666
726
834
44
519
522
667
908
130
507
595
631
668
91
669
782
845
946
298
415
670
1002
1014
175
260
427
671
790
303
467
555
672
804
204
211
483
673
1021
641
674
711
746
863
250
313
675
810
820
149
485
676
800
995
669
677
710
742
886
18
147
348
611
678
34
198
638
674
679
167
562
680
909
1005
68
141
231
675
681
22
299
613
682
818
216
463
559
683
724
54
74
684
717
953
259
685
939
962
1009
189
241
569
686
823
57
687
735
990
998
196
258
294
688
992
283
450
628
689
707
367
407
690
763
778
34
336
569
691
735
88
474
539
692
898
274
387
693
738
957
24
460
550
587
694
25
321
695
1009
1022
136
232
696
984
1011
541
641
697
779
885
23
103
148
280
698
297
426
699
701
795
198
364
407
567
700
326
359
701
972
978
43
409
618
702
843
81
264
703
786
994
350
641
704
754
846
52
157
397
705
823
172
275
706
719
1009
15
150
254
707
862
3
148
708
721
841
303
412
709
845
1003
407
579
609
710
933
292
308
522
711
816
222
679
712
844
976
20
203
615
713
990
106
175
691
714
729
18
338
518
708
715
166
269
320
541
716
340
717
788
821
868
402
571
718
858
895
70
466
719
732
737
293
337
343
720
882
143
280
568
664
721
318
435
543
722
787
121
131
161
562
723
5
414
590
724
843
131
162
500
725
844
263
300
625
726
965
10
533
607
727
797
286
468
728
798
902
24
49
389
729
888
92
128
629
730
733
529
731
774
904
919
168
537
732
979
1022
49
165
492
578
733
169
234
734
794
922
598
721
735
856
874
0
483
526
736
857
54
94
663
737
897
277
317
384
738
828
112
215
516
739
931
9
308
578
733
740
186
741
868
912
931
9
154
379
742
801
111
591
669
743
1017
462
744
751
865
961
64
101
130
745
861
58
251
273
293
746
720
735
747
763
900
233
257
748
768
879
165
378
598
652
749
181
198
750
866
1009
98
421
452
634
751
235
427
607
720
752
169
259
560
689
753
225
414
427
754
802
90
567
670
755
1009
448
476
574
756
765
487
546
673
741
757
113
364
456
723
758
435
547
751
759
1023
43
176
222
350
760
311
652
761
802
807
255
289
573
618
762
173
568
569
763
930
125
188
364
764
877
73
442
765
871
909
286
591
674
766
1018
221
243
289
767
1003
447
533
768
918
1011
15
48
354
769
822
269
277
365
770
812
200
488
771
893
959
133
158
287
772
924
84
467
533
573
773
302
483
518
546
774
7
335
737
775
853
6
440
696
776
857
140
543
777
887
995
184
362
455
664
778
63
779
811
826
936
62
188
472
780
829
4
175
494
750
781
246
573
771
782
921
334
437
476
599
783
50
194
726
757
784
87
500
785
828
979
179
786
890
922
1022
27
230
309
770
787
280
577
663
788
879
67
265
783
789
895
107
647
697
790
873
446
623
764
791
985
39
46
144
741
792
286
517
548
793
828
56
248
351
794
1011
233
246
276
353
795
79
169
796
968
995
389
559
673
797
837
140
565
628
716
798
65
203
217
408
799
224
413
800
924
946
351
352
418
675
801
103
221
351
629
802
69
529
626
803
896
135
454
804
946
967
43
154
805
970
998
88
222
284
679
806
79
113
122
807
872
103
424
540
808
987
57
809
861
863
916
437
542
810
836
854
475
496
509
811
977
71
526
779
812
1016
216
223
701
813
840
11
178
377
685
814
417
710
815
918
946
178
184
340
560
816
395
498
639
817
979
12
441
452
676
818
14
241
570
819
827
301
319
344
820
861
218
413
473
541
821
46
142
811
822
1014
318
570
708
823
935
53
333
751
824
986
7
264
356
406
825
319
357
716
803
826
188
369
734
827
887
15
174
651
825
828
11
438
790
829
834
187
379
640
765
830
287
378
524
831
872
178
241
399
832
917
447
470
634
720
833
181
183
445
586
834
438
529
714
737
835
309
530
836
864
926
652
747
750
837
951
470
671
732
755
838
246
839
951
962
1016
505
616
840
884
915
71
494
517
771
841
145
381
752
842
851
286
581
743
843
887
75
285
446
564
844
190
830
845
847
923
132
723
734
846
930
437
471
496
847
924
482
724
768
848
916
345
424
727
770
849
373
609
850
893
936
302
685
789
851
959
671
691
802
852
872
370
510
792
853
882
228
854
884
950
996
151
390
467
855
922
356
856
876
982
1005
113
119
305
857
1022
52
531
838
858
966
9
62
63
721
859
110
184
331
415
860
140
439
551
829
861
196
862
923
966
1003
172
300
363
489
863
155
163
336
859
864
471
590
622
865
947
614
809
866
957
976
298
377
475
771
867
513
559
868
909
993
85
229
729
869
903
466
798
810
862
870
388
533
754
755
871
266
529
816
870
872
13
747
749
873
954
53
524
665
687
874
7
634
729
731
875
105
167
472
789
876
191
273
565
654
877
294
295
628
826
878
7
98
162
800
879
158
424
880
986
1005
315
520
773
881
905
253
338
617
698
882
174
241
298
608
883
26
93
179
871
884
56
345
455
876
885
225
320
488
646
886
461
639
887
936
987
165
398
669
888
1019
54
585
777
872
889
361
567
727
890
895
361
449
484
514
891
247
342
655
690
892
54
124
261
600
893
48
231
859
894
925
61
228
552
821
895
5
37
54
226
896
161
438
563
576
897
208
304
354
376
898
68
300
686
751
899
335
491
900
920
947
317
462
675
901
980
294
434
584
669
902
396
442
686
785
903
135
654
807
860
904
26
251
716
905
996
187
310
642
656
906
206
231
521
714
907
46
275
793
908
940
124
433
684
869
909
221
581
811
910
975
458
479
849
891
911
83
293
554
729
912
523
678
790
913
1016
201
409
414
690
914
11
167
328
493
915
506
601
812
873
916
284
413
917
930
1016
7
41
789
896
918
223
282
498
919
970
515
619
823
920
977
180
292
409
702
921
44
703
723
922
991
173
244
347
365
923
159
320
453
591
924
76
539
741
874
925
375
412
782
894
926
33
193
222
745
927
427
903
925
928
992
130
744
755
929
959
233
803
930
990
1009
88
250
512
754
931
268
306
700
756
932
380
577
700
933
955
216
406
761
922
934
120
159
851
879
935
280
583
667
936
991
266
929
937
975
1008
345
351
466
938
993
17
82
901
922
939
460
695
933
940
953
5
95
143
680
941
338
392
507
645
942
273
402
488
613
943
350
594
683
737
944
54
338
816
945
1002
411
715
846
914
946
360
554
709
934
947
243
743
865
948
1013
101
173
176
949
1005
97
348
468
469
950
115
211
461
808
951
132
429
609
711
952
468
513
936
953
986
426
543
572
716
954
199
484
828
903
955
151
319
571
900
956
120
152
271
400
957
6
246
568
810
958
217
627
714
924
959
255
304
349
469
960
172
277
318
614
961
140
327
444
676
962
72
430
815
954
963
60
427
536
964
991
132
826
925
965
994
495
743
938
966
1011
338
444
672
702
967
161
192
412
867
968
172
530
801
805
969
154
320
608
823
970
471
831
850
901
971
56
201
466
728
972
91
687
693
921
973
472
557
636
865
974
4
491
673
934
975
15
140
431
465
976
368
486
823
859
977
36
369
757
883
978
171
531
812
979
1020
303
324
852
896
980
318
439
517
744
981
51
78
834
982
1016
96
113
360
795
983
290
445
728
969
984
35
169
399
985
1012
193
203
515
667
986
435
703
791
966
987
309
695
747
886
988
87
641
766
778
989
546
698
880
912
990
64
405
657
719
991
342
451
650
832
992
32
193
194
457
993
61
345
548
577
994
3
71
586
956
995
85
193
207
693
996
47
78
172
833
997
383
758
784
836
998
197
214
424
767
999
248
370
597
732
1000
399
557
647
906
1001
497
678
883
906
1002
188
259
663
788
1003
259
492
854
1004
1018
82
475
789
913
1005
4
319
777
896
1006
94
580
715
947
1007
420
471
531
547
1008
124
163
896
936
1009
133
338
936
955
1010
12
236
504
1002
1011
352
881
949
961
1012
606
754
834
886
1013
26
51
319
665
1014
144
260
370
996
1015
77
128
237
727
1016
7
8
688
1001
1017
116
320
332
482
1018
380
466
517
580
1019
47
171
516
560
1020
36
126
203
697
1021
308
378
540
721
1022
66
464
503
797
1023
0.278302
0.849387
0.663203
0.622923
0.889403
0.018008
0.465693
0.315463
0.999171
0.393671
0.744371
0.375699
0.416523
0.186929
0.863124
0.75469
0.192434
0.510665
0.825057
0.487503
0.292106
0.600283
0.815478
0.044406
0.544633
0.700339
0.412378
0.866777
0.491463
0.456142
0.414029
0.237412
0.610946
0.880203
0.365613
0.623196
0.270305
0.1164
0.785253
0.067716
0.969635
0.032722
0.474724
0.449875
0.355654
0.793525
0.54733
0.860014
0.41368
0.552043
0.392462
0.955608
0.704697
0.28492
0.748141
0.338751
0.976678
0.866097
0.139585
0.324428
0.113663
0.012387
0.432175
0.868298
0.243834
0.665401
0.956234
0.577828
0.937353
0.081712
0.490894
0.720215
0.911634
0.382745
0.06203
0.959377
0.864184
0.109645
0.613562
0.596015
0.734076
0.964957
0.963134
0.914139
0.306694
0.190984
0.096493
0.349709
0.056513
0.050332
0.583237
0.46204
0.804684
0.000748
0.36918
0.277912
0.126858
0.552373
0.319861
0.219038
0.262861
0.544323
0.95009
0.731574
0.093535
0.516038
0.772107
0.088902
0.437627
0.278833
0.822714
0.543413
0.854782
0.765259
0.62691
0.360055
0.72258
0.28911
0.813572
0.177222
0.960429
0.629423
0.311276
0.827778
0.603271
0.320637
0.712831
0.759923
0.23105
0.974643
0.038066
0.973418
0.324687
0.991183
0.585452
0.852872
0.143292
0.705808
0.239723
0.980831
0.098334
0.656301
0.505254
0.514302
0.09979
0.113313
0.211461
0.185745
0.463429
0.794185
0.498775
0.598919
0.085093
0.183559
0.834749
0.792015
0.962745
0.016373
0.892671
0.252222
0.450594
0.328981
0.677874
0.092097
0.453547
0.997068
0.597439
0.190953
0.954384
0.68648
0.267178
0.081265
0.859514
0.894644
0.012455
0.894092
0.776821
0.25758
0.341494
0.056716
0.024558
0.544788
0.418961
0.829555
0.366433
0.646667
0.091931
0.240567
0.868677
0.504037
0.153996
0.330203
0.558102
0.961896
0.490879
0.988686
0.377608
0.374761
0.030656
0.436526
0.784552
0.543896
0.104911
0.640725
0.502529
0.979018
0.518384
0.922294
0.842187
0.82367
0.454048
0.469215
0.180817
0.364257
0.399902
0.026474
0.797892
0.987214
0.205809
0.666006
0.786963
0.354848
0.03294
0.488455
0.743045
0.119144
0.658271
0.190614
0.401037
0.013896
0.382386
0.456366
0.187495
0.012412
0.758135
0.141266
0.021772
0.820068
0.089736
0.550655
0.561646
0.942221
0.069252
0.219537
0.705987
0.750153
0.438045
0.572653
0.408071
0.030522
0.852958
0.036564
0.587086
0.881199
0.241849
0.469227
0.624285
0.11638
0.84675
0.577204
0.524616
0.215218
0.632512
0.822727
0.221112
0.300897
0.496152
0.858837
0.517735
0.5283
0.460732
0.294419
0.169304
0.039185
0.923804
0.906029
0.973391
0.054889
0.2286
0.764472
0.249205
0.307247
0.889294
0.260948
0.229594
0.233063
0.313235
0.561632
0.524643
0.765602
0.016599
0.739868
0.425736
0.299411
0.220989
0.401953
0.016451
0.314
0.287383
0.43619
0.270281
0.117245
0.665685
0.890322
0.535383
0.368602
0.156027
0.052747
0.486567
0.591938
0.594582
0.08942
0.131795
0.188564
0.592237
0.812455
0.015958
0.303338
0.20999
0.105286
0.617084
0.983736
0.317045
0.647784
0.457882
0.172518
0.892139
0.202129
0.52338
0.338728
0.666146
0.719074
0.901557
0.402823
0.309918
0.002941
0.378518
0.030243
0.908015
0.434751
0.797867
0.469397
0.3535
0.516952
0.1585
0.569324
0.617915
0.337096
0.44978
0.5972
0.812668
0.352571
0.221047
0.352443
0.869321
0.017025
0.202922
0.904363
0.691181
0.336925
0.283436
0.089773
0.244254
0.13572
0.702567
0.923914
0.251989
0.484253
0.697161
0.755955
0.691588
0.304288
0.347148
0.556352
0.584579
0.410042
0.696567
0.532015
0.236535
0.92218
0.673864
0.198286
0.835228
0.807906
0.607665
0.196742
0.171733
0.654672
0.195001
0.93587
0.227612
0.894449
0.198402
0.148932
0.413601
0.993816
0.107319
0.226121
0.85261
0.729373
0.891865
0.812199
0.32104
0.122186
0.785713
0.731393
0.705947
0.625726
0.126475
0.52489
0.382365
0.953308
0.158182
0.75615
0.74687
0.004819
0.983177
0.80389
0.54053
0.582041
0.402
0.952164
0.310932
0.773927
0.004087
0.103345
0.212735
0.740352
0.243622
0.340241
0.483525
0.858923
0.985664
0.724709
0.599368
0.361545
0.970963
0.189159
0.203892
0.162827
0.59383
0.553548
0.242313
0.993478
0.269895
0.196091
0.321426
0.36006
0.253243
0.348342
0.684186
0.758345
0.881165
0.746533
0.797398
0.070301
0.202081
0.405131
0.168871
0.667263
0.329155
0.755063
0.499563
0.352438
0.840625
0.941398
0.188629
0.787391
0.629349
0.674192
0.771609
0.876205
0.142845
0.077234
0.305375
0.694825
0.505721
0.030947
0.8197
0.301909
0.31204
0.371844
0.946326
0.538561
0.382806
0.969297
0.436288
0.932864
0.012172
0.69641
0.202347
0.619726
0.00061
0.449625
0.468787
0.823174
0.023947
0.450204
0.144166
0.107818
0.767729
0.246033
0.762008
0.394669
0.954813
0.816529
0.008205
0.0388
0.918713
0.715694
0.122617
0.601695
0.117345
0.548213
0.610416
0.486859
0.598168
0.940054
0.57868
0.423166
0.496515
0.316388
0.647157
0.82995
0.141441
0.935505
0.405712
0.487601
0.322145
0.652647
0.239969
0.140805
0.610541
0.398113
0.463846
0.531911
0.164549
0.858521
0.46324
0.652053
0.13087
0.034576
0.659993
0.747619
0.785896
0.208292
0.509135
0.71399
0.876062
0.651819
0.384611
0.206297
0.545591
0.178275
0.692086
0.123996
0.092846
0.767941
0.221143
0.107597
0.71005
0.970827
0.755306
0.601499
0.473531
0.879458
0.386008
0.462599
0.667786
0.990865
0.964699
0.139821
0.097017
0.956137
0.476856
0.816891
0.053702
0.736495
0.901991
0.350389
0.939831
0.035495
0.921324
0.686477
0.362584
0.029511
0.363429
0.127825
0.955966
0.470718
0.369243
0.307344
0.801849
0.231861
0.938527
0.653986
0.117803
0.884041
0.893078
0.392793
0.337824
0.581624
0.67805
0.799393
0.768639
0.242757
0.953001
0.143211
0.955336
0.315555
0.507992
0.253763
0.906812
0.976589
0.900813
0.231568
0.02856
0.263789
0.250859
0.183706
0.774991
0.656659
0.929399
0.402448
0.669574
0.209604
0.034
0.620872
0.541535
0.697658
0.417217
0.346484
0.770828
0.766627
0.481667
0.930737
0.90405
0.200398
0.927994
0.991844
0.582958
0.642613
0.453329
0.477861
0.07157
0.955507
0.021672
0.346505
0.156078
0.766499
0.056963
0.06387
0.487357
0.379078
0.000199
0.608788
0.274443
0.473835
0.088728
0.324835
0.689427
0.636474
0.135144
0.849193
0.417891
0.458023
0.253159
0.460234
0.183066
0.38257
0.073395
0.124801
0.410326
0.068359
0.069404
0.45955
0.408287
0.678651
0.932998
0.232186
0.51871
0.260263
0.749181
0.80883
0.202967
0.100766
0.647112
0.661851
0.218919
0.991681
0.766192
0.088037
0.887455
0.224193
0.448536
0.72153
0.429918
0.819545
0.647795
0.935259
0.800587
0.98894
0.919778
0.057518
0.969792
0.167299
0.930482
0.928366
0.406016
0.020021
0.78047
0.631105
0.132139
0.758441
0.833384
0.075498
0.440098
0.907979
0.163101
0.97613
0.13843
0.129791
0.556034
0.459111
0.4405
0.517413
0.921128
0.357836
0.369091
0.281932
0.133895
0.93431
0.801742
0.492893
0.677947
0.120442
0.036684
0.784527
0.095404
0.445026
0.347505
0.687973
0.856818
0.570437
0.055196
0.745516
0.125594
0.641336
0.736449
0.987921
0.56006
0.497351
0.602601
0.974846
0.45147
0.962789
0.914476
0.820162
0.242926
0.041831
0.095421
0.799757
0.88288
0.022117
0.100944
0.535162
0.807555
0.679141
0.861122
0.365885
0.596554
0.308687
0.17403
0.73763
0.440088
0.309933
0.771042
0.360845
0.039404
0.705106
0.207378
0.264117
0.144673
0.839813
0.935105
0.321274
0.387462
0.563289
0.404818
0.409194
0.656483
0.377299
0.390954
0.853187
0.016792
0.472623
0.671765
0.028639
0.111378
0.193069
0.318893
0.514292
0.572566
0.496532
0.666594
0.886672
0.16843
0.170998
0.636654
0.656714
0.943692
0.557107
0.22639
0.597654
0.461316
0.894326
0.755898
0.716039
0.32675
0.675134
0.831238
0.638302
0.851308
0.707332
0.468776
0.658624
0.734456
0.684763
0.050997
0.473903
0.786567
0.830206
0.760615
0.581642
0.918211
0.17576
0.958217
0.167144
0.290214
0.478604
0.305945
0.938485
0.631397
0.554945
0.208236
0.734982
0.97655
0.1851
0.156574
0.586662
0.951445
0.295755
0.322279
0.395861
0.890959
0.191561
0.14967
0.062226
0.687033
0.57713
0.337569
0.214221
0.385106
0.700802
0.65129
0.246465
0.541887
0.720059
0.339904
0.50862
0.831591
0.505414
0.826427
0.245592
0.828341
0.330974
0.889276
0.720405
0.223409
0.831522
0.443531
0.616624
0.858214
0.783989
0.769573
0.335102
0.255385
0.411972
0.316138
0.565022
0.57692
0.673772
0.591528
0.986981
0.461356
0.092748
0.367852
0.638537
0.442241
0.373001
0.938919
0.85958
0.652969
0.399932
0.036112
0.258667
0.088875
0.189868
0.985576
0.664552
0.952982
0.692179
0.24122
0.644772
0.209979
0.492547
0.034098
0.098286
0.805671
0.203893
0.761601
0.596233
0.429436
0.114945
0.749876
0.607327
0.263421
0.891321
0.539788
0.996629
0.938565
0.805114
0.707758
0.534474
0.420915
0.113166
0.984595
0.377931
0.576589
0.094943
0.334666
0.308856
0.278651
0.351856
0.334276
0.515025
0.728293
0.20855
0.598526
0.942653
0.848252
0.202765
0.699143
0.485749
0.193118
0.578383
0.692556
0.266194
0.031176
0.494281
0.346746
0.434993
0.513462
0.908326
0.133699
0.693184
0.708693
0.001836
0.094247
0.176555
0.156612
0.397624
0.149545
0.3307
0.388324
0.655785
0.115781
0.524882
0.885909
0.996581
0.458238
0.898535
0.30634
0.115141
0.303723
0.872774
0.595863
0.029477
0.97515
0.101017
0.505219
0.878414
0.484922
0.413643
0.280304
0.116064
0.912324
0.653418
0.346038
0.183406
0.168825
0.421409
0.683273
0.055835
0.442889
0.977903
0.03899
0.048899
0.728355
0.833471
0.586094
0.665981
0.409955
0.97208
0.410543
0.116871
0.680448
0.720984
0.378111
0.24621
0.721092
0.718422
0.987884
0.198176
0.079441
0.022361
0.607272
0.054661
0.912333
0.694337
0.779258
0.772961
0.741312
0.039208
0.585682
0.798173
0.336637
0.648452
0.984183
0.82071
0.097165
0.47432
0.48607
0.90032
0.578932
0.345604
0.942114
0.579769
0.26965
0.868441
0.049148
0.554555
0.733266
0.394115
0.025868
0.963024
0.360882
0.318093
0.668814
0.012776
0.828529
0.814148
0.549506
0.628623
0.46659
0.6811
0.2298
0.690067
0.167601
0.890352
0.620544
0.617057
0.014496
0.000839
0.089746
0.063234
0.350815
0.886195
0.479459
0.532775
0.905394
0.317623
0.470783
0.003867
0.884652
0.845641
0.124748
0.999341
0.288082
0.645059
0.746003
0.268593
0.181243
0.993932
0.238926
0.116293
0.982109
0.120019
0.800886
0.576928
0.825709
0.88487
0.650192
0.68769
0.025254
0.526352
0.396926
0.620319
0.907301
0.316271
0.109051
0.277488
0.930314
0.282397
0.351357
0.542735
0.185727
0.725358
0.892794
0.988078
0.039346
0.072879
0.598375
0.9763
0.094606
0.298882
0.688822
0.374918
0.351766
0.729268
0.610737
0.181295
0.07729
0.330688
0.617881
0.002806
0.788779
0.32499
0.190657
0.927304
0.720434
0.643727
0.217723
0.361956
0.920569
0.920398
0.752923
0.535141
0.050198
0.071449
0.72296
0.414808
0.400156
0.060287
0.486476
0.090613
0.624334
0.368402
0.744437
0.116752
0.885815
0.135443
0.813849
0.102344
0.931069
0.776486
0.009423
0.164487
0.492692
0.544009
0.544521
0.598963
0.341467
0.630834
0.419548
0.710678
0.417287
0.028511
0.888272
0.098852
0.871422
0.85673
0.001944
0.284401
0.580378
0.87406
0.85612
0.924731
0.020975
0.269649
0.407617
0.121074
0.928675
0.664785
0.089528
0.224305
0.204501
0.184657
0.616481
0.751204
0.793193
0.79642
0.850885
0.114169
0.757122
0.861375
0.960358
0.402485
0.011402
0.988424
0.548512
0.087491
0.388871
0.365855
0.507464
0.70144
0.14782
0.604885
0.677025
0.414702
0.828706
0.539237
0.517828
0.200451
0.660635
0.44867
0.0832
0.07818
0.285461
0.084578
0.105289
0.389153
0.072806
0.759811
0.486534
0.691675
0.135789
0.958923
0.385194
0.490981
0.847039
0.664052
0.507553
0.076414
0.740251
0.15363
0.723015
0.904285
0.612885
0.70436
0.379672
0.827066
0.486737
0.038118
0.48904
0.23992
0.423757
0.60973
0.533336
0.683514
0.838031
0.016054
0.44226
0.528398
0.307263
0.155686
0.259303
0.688514
0.61161
0.093065
0.531206
0.316506
0.322494
3.3e-05
0.106914
0.321732
0.329931
0.337138
0.518175
0.843291
0.395389
0.759724
0.540968
0.267121
0.012659
0.517556
0.818394
0.051719
0.462284
0.460443
0.649774
0.693971
0.507768
0.03353
0.571526
0.08808
0.837452
0.314638
0.182786
0.649923
0.51196
0.081626
0.647586
0.214841
0.856499
0.435709
0.327455
0.322528
0.4951
0.988644
0.6428
0.216827
0.877928
0.498549
0.25113
0.633596
0.384103
0.63767
0.044995
0.013732
0.412972
0.285941
0.342904
0.835373
0.632106
0.428578
0.356615
0.80294
0.379859
0.877548
0.24629
0.574277
0.644805
0.675383
0.394625
0.533125
0.85313
0.98067
0.817528
0.036594
0.30804
0.840695
0.3212
0.976939
0.984412
0.823398
0.48938
0.28482
0.747911
0.443095
0.578001
0.563699
0.910172
0.370066
0.529259
0.453937
0.622732
0.497298
0.536675
0.618502
0.206072
0.097333
0.982771
0.532462
0.05606
0.735303
0.992276
0.281177
0.024387
0.908199
0.511388
0.602048
0.157299
0.381222
0.417484
0.765208
0.661222
0.168124
0.360934
0.853285
0.967077
0.081149
0.797555
0.351906
0.391417
0.310144
0.607525
0.423167
0.858883
0.243758
0.217188
0.97745
0.86024
0.31712
0.253487
0.501551
0.286122
0.66111
0.629463
0.92516
0.548073
0.606588
0.89153
0.470785
0.779453
0.144842
0.595815
0.401362
0.038369
0.322922
0.368175
0.781726
0.290954
0.821987
0.515619
0.052598
0.32437
0.054956
0.63224
0.800985
0.757179
0.32227
0.657094
0.499654
0.386628
0.447849
0.906965
0.352012
0.779908
0.469932
0.268373
0.464907
0.821797
0.934501
0.520155
0.747236
0.407388
0.412904
0.077426
0.726988
0.511445
0.279811
0.210962
0.944748
0.898391
0.584087
0.291452
0.24958
0.374461
0.147119
0.153865
0.556956
0.499857
0.281522
0.643771
0.152932
0.152349
0.072103
0.193018
0.496167
0.946551
0.51362
0.973426
0.849451
0.366637
0.482193
0.144738
0.940277
0.041996
0.207767
0.212378
0.967314
0.620351
0.288178
0.417633
0.939364
0.143639
0.636352
0.74851
0.986817
0.79017
0.042033
0.84312
0.848584
0.935131
0.745363
0.661697
0.757271
0.44352
0.008183
0.177473
0.267447
0.02685
0.58664
0.652932
0.174568
0.10669
0.647358
0.56797
0.540266
0.970929
0.630226
0.352568
0.619071
0.556596
0.722046
0.655786
0.082482
0.253879
0.893705
0.228727
0.681321
0.776334
0.404413
0.068667
0.538227
0.838971
0.063143
0.932
0.71419
0.451583
0.361463
0.035985
0.28198
0.412003
0.320471
0.123136
0.515712
0.578296
0.06145
0.052655
0.601009
0.291932
0.013854
0.643234
0.262957
0.802889
0.904579
0.852588
0.54793
0.744256
0.985309
0.10092
0.108521
0.683727
0.630533
0.773954
0.332511
0.016648
0.897157
0.053037
0.896771
0.71136
0.942955
0.33871
0.291372
0.801127
0.390813
0.142227
0.054039
0.218415
0.326348
0.04727
0.719767
0.167058
0.125717
0.732824
0.935812
0.544533
0.555966
0.482657
0.244706
0.484534
0.836218
0.709633
0.724664
0.688825
0.025069
0.797636
0.568891
0.808866
0.296522
0.63936
0.814833
0.667945
0.553304
0.700619
0.13308
0.333657
0.951921
0.862915
0.802622
0.623165
0.423698
0.021681
0.564106
0.484806
0.414753
0.859084
0.560728
0.046895
0.267645
0.94716
0.8085
0.924238
0.945581
0.346546
0.835242
0.049651
0.989408
0.052014
0.680917
0.663237
0.3674
0.01003
0.936045
0.045692
0.102704
0.703772
0.959865
0.093677
0.651906
0.394934
0.841277
0.324138
0.971694
0.150104
0.295748
0.203294
0.942286
0.220434
0.567787
0.301413
0.180717
0.566927
0.229602
0.73783
0.567564
0.871536
0.181671
0.437894
0.401487
0.037764
0.975823
0.063787
0.215899
0.219022
0.502872
0.551677
0.061874
0.464746
0.231803
0.075053
0.947076
0.475374
0.32792
0.214677
0.515087
0.75462
0.802012
0.131285
0.864435
0.453498
0.697222
0.228062
0.32826
0.03293
0.183858
0.639265
0.816367
0.466251
0.168587
0.541949
0.279933
0.727202
0.402689
0.60764
0.017177
0.455431
0.596595
0.505472
0.333765
0.682873
0.878031
0.04456
0.482746
0.376153
0.088037
0.801635
0.621166
0.920069
0.330377
0.666113
0.08158
0.098642
0.79015
0.415724
0.221772
0.17325
0.000383
0.873501
0.65432
0.838831
0.35799
0.820982
0.837269
0.08628
0.287557
0.020832
0.959406
0.688392
0.155144
0.11687
0.907126
0.996227
0.225177
0.464989
0.912048
0.556828
0.099554
0.443029
0.868918
0.000642
0.053508
0.232691
0.895912
0.500666
0.13843
0.8128
0.878635
0.149094
0.028649
0.869099
0.598879
0.048935
0.389388
0.631376
0.950661
0.990466
0.306416
0.362353
0.976392
0.59152
0.64902
0.000556
0.627954
0.460203
0.751748
0.093722
0.207946
0.343176
0.165883
0.132728
0.135111
0.272431
0.162054
0.812514
0.538471
0.754101
0.098493
0.762805
0.157737
0.543909
0.382343
0.678045
0.167804
0.892013
0.596436
0.242737
0.631037
0.492715
0.046988
0.065608
0.828429
0.255891
0.893361
0.060441
0.362528
0.168971
0.671123
0.443902
0.21701
0.484631
0.744633
0.51609
0.993527
0.008024
0.740907
0.683583
0.115599
0.352489
0.054566
0.891775
0.523994
0.61907
0.721247
0.776326
0.344665
0.038924
0.435893
0.854153
0.862497
0.019519
0.010149
0.459641
0.312535
0.227396
0.549774
0.35853
0.079671
0.134501
0.892312
0.728179
0.696419
0.882596
0.563367
0.104487
0.686651
0.791134
0.464012
0.561185
0.142688
0.427112
0.700202
0.616886
0.844346
0.478221
0.825628
0.788931
0.91303
0.382294
0.035563
0.745382
0.821343
0.848756
0.490329
0.193635
0.584178
0.086828
0.05846
0.425874
0.577656
0.893576
0.228976
0.558772
0.140668
0.93047
0.055605
0.113903
0.114762
0.272379
0.371824
0.636056
0.911496
0.453531
0.036556
0.919141
0.650955
0.552205
0.752999
0.285047
0.983915
0.955302
0.428298
0.900281
0.063138
0.070312
0.562526
0.443345
0.174169
0.652474
0.952102
0.914218
0.137558
0.92291
0.722817
0.576386
0.948945
0.039179
0.159014
0.164665
0.54765
0.553001
0.705359
0.912815
0.591704
0.058853
0.961851
0.299079
0.709434
0.193485
0.699641
0.043353
0.164646
0.071371
0.292287
0.291703
0.099821
0.497657
0.128629
0.490513
0.030721
0.891582
0.756993
0.524022
0.612457
0.359269
0.101038
0.116366
0.483285
0.361749
0.994433
0.46079
0.228072
0.349172
0.317464
0.573042
0.839208
0.282838
0.343208
0.614194
0.772956
0.696354
0.013945
0.192826
0.835339
0.730423
0.290037
0.946562
0.644314
0.042147
0.464829
0.805487
0.8553
0.720882
0.93805
0.600876
0.426365
0.068982
0.267629
0.955058
0.254183
0.656444
0.885188
0.069073
0.209352
0.491173
0.57013
0.24181
0.170189
0.539525
0.602231
0.580636
0.110954
0.031414
0.299086
0.531388
0.363832
0.169081
0.609175
0.440194
0.109586
0.001624
0.363072
0.864474
0.702106
0.450947
0.004539
0.813221
0.05379
0.560471
0.027732
0.796508
0.243459
0.288124
0.277522
0.032857
0.155115
0.874172
0.426356
0.760434
0.310789
0.842323
0.888504
0.595952
0.695109
0.470182
0.429134
0.237073
0.814426
0.579638
0.061874
0.213682
0.158281
0.221054
0.722101
0.320254
0.781661
0.928435
0.360375
0.432027
0.381391
0.471405
0.960871
0.760704
0.724647
0.011163
0.286864
0.124435
0.172282
0.294202
0.259257
0.141068
0.833798
0.103969
0.733649
0.994932
0.971565
0.548584
0.869515
0.81212
0.687145
0.412992
0.423379
0.869405
0.430347
0.131239
0.189742
0.102952
0.827471
0.397578
0.346466
0.752941
0.429969
0.740676
0.35764
0.053496
0.172163
0.677033
0.598176
0.715339
0.789331
0.917489
0.137732
0.632094
0.443079
0.540724
0.894044
0.362482
0.133234
0.575199
0.394931
0.715566
0.706476
0.163378
0.559951
0.524731
0.589339
0.566164
0.257203
0.654565
0.667641
0.557418
0.277211
0.318381
0.805471
0.670562
0.020133
0.991654
0.964046
0.336399
0.668507
0.014551
0.620654
0.824298
0.166787
0.107429
0.815449
0.405283
0.959095
0.286116
0.903462
0.333754
0.414927
0.405444
0.435592
0.479913
0.416297
0.627125
0.889534
0.621439
0.434588
0.13659
0.202392
0.870775
0.641983
0.804947
0.75173
0.638721
0.462523
0.688057
0.58761
0.187477
0.398191
0.226395
0.055847
0.715567
0.463002
0.747629
0.936251
0.225768
0.228026
0.641376
0.56204
0.50573
0.929066
0.351631
0.840792
0.609855
0.611112
0.50698
0.618484
0.32788
0.980771
0.228782
0.072106
0.663012
0.059061
0.118546
0.675702
0.913989
0.441116
0.280978
0.0825
0.891051
0.951492
0.582803
0.256009
0.139718
0.833833
0.312134
0.652559
0.978744
0.947934
0.806709
0.335858
0.217665
0.402765
0.026017
0.657602
0.680865
0.718825
0.94774
0.226821
0.042735
0.62722
0.253663
0.348512
0.666716
0.009285
0.476294
0.667542
0.837627
0.795516
0.831645
0.19458
0.009838
0.930139
0.171812
0.833757
0.827399
0.979813
0.469598
0.372317
0.795795
0.012728
0.898362
0.526965
0.770432
0.832142
0.151504
0.573739
0.839099
0.385768
0.990964
0.072529
0.871316
0.814654
0.786469
0.555866
0.440267
0.922053
0.33179
0.991663
0.159294
0.93832
0.752812
0.844284
0.240129
0.212406
0.17234
0.483954
0.461937
0.309603
0.106987
0.978816
0.706511
0.722299
0.929699
0.45553
0.819908
0.365614
0.028825
0.244391
0.069089
0.964533
0.825814
0.320342
0.489661
0.006848
0.445836
0.583554
0.248501
0.1207
0.73912
0.103937
0.320312
0.145492
0.774893
0.647356
0.997622
0.012646
0.501187
0.70652
0.112203
0.400213
0.180643
0.076821
0.644664
0.335926
0.859949
0.445795
0.952126
0.387356
0.832324
0.648301
0.841945
0.427435
0.754615
0.25728
0.036255
0.657854
0.239102
0.532575
0.641969
0.361189
0.344142
0.28097
0.248775
0.153248
0.844042
0.511307
0.940067
0.761054
0.733456
0.142274
0.597087
0.957251
0.2849
0.086487
0.097111
0.927823
0.745435
0.891159
0.650269
0.525198
0.479888
0.536856
0.720847
0.158695
0.870277
0.591868
0.559046
0.47641
0.097191
0.810504
0.765171
0.32376
0.785674
0.190964
0.593353
0.672053
0.425627
0.769083
0.034296
0.77847
0.128139
0.605394
0.990569
0.250922
0.096767
0.348165
0.604759
0.996334
0.774101
0.430704
0.212834
0.779973
0.311164
0.577746
0.426076
0.81983
0.273693
0.348337
0.944987
0.019441
0.132229
0.420802
0.137981
0.93697
0.664758
0.467388
0.398392
0.438061
0.383526
0.744035
0.204822
0.803526
0.77792
0.306982
0.450329
0.701666
0.233196
0.757599
0.227721
0.768922
0.413377
0.616031
0.039233
0.464971
0.18911
0.2776
0.375153
0.583995
0.34179
0.186013
0.675101
0.761019
0.665573
0.7126
0.366405
0.379095
0.829764
0.243181
0.488762
0.69548
0.652051
0.01927
0.218228
0.289109
0.273565
0.664496
0.979198
0.468115
0.025153
0.891316
0.224372
0.200121
0.681181
0.769711
0.22928
0.916175
0.675255
0.819607
0.55267
0.617241
0.188726
0.852061
0.56372
0.869785
0.360632
0.312592
0.394975
0.271435
0.065285
0.421035
0.838638
0.134913
0.888245
0.752765
0.651213
0.755678
0.761565
0.974652
0.191134
0.437361
0.307365
0.281885
0.070137
0.675552
0.337579
0.615456
0.145914
0.527403
0.036654
0.247049
0.521351
0.452873
0.011575
0.385325
0.93792
0.159519
0.67498
0.071287
0.315476
0.841684
0.120139
0.664271
0.671742
0.551889
0.192532
0.476709
0.551074
0.937159
0.317683
0.466477
0.611089
0.485507
0.315207
0.245158
0.92338
0.365404
0.352845
0.163416
0.419729
0.451712
0.777866
0.294512
0.15584
0.363577
0.573093
0.177733
0.223154
0.048142
0.558201
0.420496
0.319329
0.072271
0.058039
0.171951
0.623746
0.647628
0.07657
0.247975
0.578906
0.967957
0.090098
0.022732
0.397485
0.960244
0.629359
0.600051
0.643964
0.575176
0.359262
0.745296
0.200417
0.644998
0.100843
0.450809
0.061801
0.731966
0.79606
0.585657
0.628846
0.869782
0.028353
0.457629
0.189824
0.705391
0.89825
0.642449
0.867443
0.123872
0.883704
0.581767
0.335119
0.818299
0.094164
0.023035
0.781265
0.352496
0.255203
0.740456
0.97384
0.978475
0.190225
0.057819
0.611766
0.755937
0.155612
0.845871
0.056958
0.896355
0.808736
0.299556
0.188559
0.491048
0.101451
0.887739
0.406481
0.72331
0.400273
0.285791
0.450952
0.875919
0.082474
0.397123
0.142958
0.985703
0.511246
0.440948
0.444181
0.86295
0.206141
0.573007
0.986071
0.000769
0.263576
0.715061
0.110526
0.742923
0.280825
0.446242
0.53014
0.767754
0.435225
0.36944
0.417302
0.317286
0.74221
0.433991
0.019478
0.175466
0.655453
0.024973
0.115541
0.819451
0.080144
0.649972
0.871078
0.069766
0.246185
0.780809
0.44371
0.466929
0.60937
0.70886
0.239457
0.744554
0.084642
0.054746
0.015121
0.471377
0.26426
0.548137
0.635678
0.256514
0.37603
0.650803
0.439122
0.698379
0.986921
0.416489
0.125923
0.207457
0.13479
0.870737
0.070449
0.390278
0.107495
0.961208
0.685407
0.995212
0.855882
0.102564
0.605567
0.415799
0.662303
0.794867
0.744192
0.272285
0.854921
0.350361
0.365967
0.991338
0.1532
0.501023
0.935247
0.848927
0.555496
0.421286
0.854264
0.700135
0.256277
0.329194
0.92946
0.386771
0.71531
0.460525
0.237132
0.829335
0.669007
0.613945
0.827647
0.396428
0.989566
0.593467
0.34751
0.312158
0.707897
0.186764
0.130971
0.944579
0.301687
0.489133
0.616835
0.684896
0.802662
0.398913
0.978802
0.021826
0.32011
0.370258
0.497923
0.584109
0.193518
0.159413
0.760019
0.026979
0.698459
0.275006
0.841736
0.057834
0.86606
0.828109
0.404362
0.053055
0.434557
0.715799
0.643221
0.197105
0.51388
0.571242
0.615798
0.219826
0.281626
0.588459
0.427937
0.40061
0.99953
0.017552
0.610602
0.455449
0.985543
0.532417
0.62014
0.734756
0.401234
0.574627
0.077905
0.12985
0.361257
0.615409
0.81583
0.558678
0.37703
0.925176
0.512902
0.936559
0.973111
0.06286
0.279307
0.610266
0.720495
0.974915
0.316803
0.341675
0.762256
0.820475
0.531265
0.863002
0.316981
0.848891
0.046219
0.889245
0.196838
0.851491
0.425728
0.946076
0.334219
0.128506
0.516134
0.02638
0.568692
0.806275
0.239995
0.272678
0.589529
0.36477
0.313935
0.042961
0.942807
0.198274
0.030924
0.598279
0.234875
0.678372
0.250367
0.6587
0.513081
0.059501
0.245793
0.486644
0.759172
0.412618
0.809313
0.531568
0.617763
0.055288
0.908029
0.597541
0.603493
0.77576
0.525288
0.462295
0.288896
0.938871
0.309954
0.429908
0.619723
0.345791
0.254169
0.020876
0.7623
0.514036
0.187914
0.289672
0.775049
0.545177
0.118653
0.503002
0.843435
0.673134
0.984713
0.737512
0.668934
0.603819
0.146952
0.751571
0.397443
0.917366
0.224432
0.17405
0.846851
0.219962
0.040448
0.734007
0.950421
0.759891
0.377982
0.653363
0.163732
0.594744
0.94823
0.213704
0.083882
0.229282
0.513788
0.54758
0.884908
0.678155
0.655783
0.185117
0.609338
0.745797
0.859191
0.358802
0.024913
0.889102
0.656986
0.907716
0.248929
0.961205
0.124525
0.462191
0.716248
0.278824
0.375626
0.693418
0.145029
0.655635
0.128794
0.689283
0.056647
0.105338
0.462395
0.447322
0.610103
0.951224
0.442823
0.278964
0.177362
0.069897
0.551965
0.107476
0.750791
0.526463
0.965563
0.696806
0.083085
0.076307
0.549162
0.944397
0.107607
0.446997
0.513887
0.085111
0.780705
0.376401
0.303101
0.896576
0.91665
0.17033
0.154381
0.820135
0.130747
0.283605
0.458314
0.1686
0.24667
0.542579
0.294651
0.639015
0.783948
0.620762
0.703952
0.169852
0.305679
0.709107
0.5916
0.499781
0.418488
0.262702
0.157545
0.415325
0.9673
0.063193
0.510427
0.089571
0.596896
0.190265
0.365065
0.506853
0.2173
0.692099
0.66416
0.33569
0.285317
0.171039
0.475025
0.621842
0.857532
0.501635
0.580024
0.809307
0.010659
0.955468
0.653739
0.815926
0.963166
0.944997
0.504005
0.498325
0.513906
0.160013
0.081783
0.162494
0.653549
0.335684
0.287095
0.310672
0.204381
0.701554
0.172114
0.072989
0.635961
0.756907
0.321594
0.157229
0.461708
0.11554
0.827661
0.254887
0.692534
0.147085
0.326389
0.929467
0.826536
0.945883
0.642613
0.779395
0.152209
0.740299
0.135925
0.474326
0.857784
0.032283
0.608456
0.384076
0.201184
0.66122
0.290999
0.138386
0.559838
0.77357
0.313184
0.687393
0.968255
0.926401
0.834632
0.057845
0.702951
0.974753
0.374269
0.735767
0.294529
0.484671
0.425779
0.730834
0.674401
0.952406
0.602503
0.3908
0.480317
0.735636
0.716506
0.182538
0.590179
0.36612
0.852478
0.271921
0.88032
0.633481
0.357123
0.303587
0.422587
0.594386
0.315565
0.304699
0.235913
0.111861
0.831749
0.397905
0.717573
0.5014
0.23797
0.271263
0.775968
0.802716
0.908739
0.548831
0.740481
0.277209
0.072868
0.251103
0.74288
0.261918
0.175302
0.548412
0.062596
0.440883
0.727113
0.712445
0.3028
0.984138
0.740787
0.24868
0.929382
0.710278
0.606376
0.177517
0.520438
0.69622
0.269256
0.802294
0.538065
0.489167
0.250063
0.076764
0.404689
0.027343
0.36382
0.840106
0.812554
0.232167
0.543211
0.395086
0.96091
0.987569
0.980744
0.044635
0.941385
0.924321
0.351973
0.896644
0.206134
0.091192
0.074396
0.133891
0.800963
0.865747
0.654448
0.468236
0.074305
0.548002
0.505005
0.370935
0.026476
0.079468
0.596672
0.661189
0.114755
0.991645
0.320082
0.615152
0.617182
0.609564
0.629137
0.871146
0.064379
0.230842
0.17488
0.469625
0.812786
0.97359
0.17685
0.429587
0.303417
0.230422
0.54495
0.701551
0.062892
0.480183
0.481862
0.208416
0.695516
0.383062
0.221407
0.824013
0.372899
0.360521
0.098723
0.460287
0.649323
0.634412
0.915664
0.794019
0.361262
0.031484
0.795051
0.226872
0.314697
0.65567
0.633719
0.248556
0.941721
0.732003
0.786234
0.135714
0.960094
0.153636
0.078091
0.608887
0.145634
0.912113
0.009978
0.078388
0.324453
0.217536
0.663104
0.22828
0.695072
0.753671
0.723197
0.874174
0.537334
0.490946
0.715345
0.646965
0.951067
0.038418
0.170883
0.379508
0.620096
0.373744
0.354949
0.535909
0.263673
0.439969
0.848398
0.300544
0.606824
0.934883
0.048731
0.04733
0.107424
0.999113
0.889809
0.333189
0.355032
0.48687
0.245505
0.0824
0.654377
0.893342
0.276987
0.485052
0.807469
0.684716
0.49278
0.035441
0.092139
0.30868
0.308805
0.003618
0.378132
0.31476
0.422531
0.803361
0.155345
0.146749
0.792355
0.572308
0.287522
0.427633
0.759081
0.766392
0.896363
0.422019
0.90494
0.974524
0.110536
0.433445
0.672383
0.326995
0.642227
0.102323
0.732081
0.101319
0.05764
0.293133
0.761844
0.327786
0.6414
0.961613
0.935701
0.036953
0.551293
0.777975
0.804125
0.752508
0.017916
0.246554
0.424214
0.036948
0.395196
0.399736
0.135901
0.631345
0.991404
0.819451
0.801343
0.803423
0.403122
0.259372
0.966905
0.235014
0.68032
0.241231
0.676395
0.898096
0.757493
0.078752
0.400884
0.80666
0.277197
0.774518
0.144191
0.136557
0.428322
0.266183
0.67792
0.874688
0.139155
0.455149
0.896077
0.659503
0.703444
0.025298
0.959351
0.31505
0.142758
0.519775
0.640048
0.707949
0.420612
0.410945
0.516576
0.53311
0.951999
0.024397
0.197625
0.0817
0.654575
0.203712
0.341786
0.302818
0.379695
0.271513
0.81372
0.168568
0.378574
0.530493
0.389761
0.228421
0.117511
0.969684
0.628925
0.618925
0.442782
0.874424
0.004985
0.718852
0.657479
0.142983
0.847689
0.037691
0.904979
0.97645
0.098974
0.419703
0.186373
0.406805
0.376991
0.947979
0.99416
0.455888
0.641368
0.765819
0.532363
0.912153
0.895082
0.181793
0.250948
0.204342
0.918121
0.698179
0.724989
0.306041
0.784659
0.825781
0.210306
0.217453
0.285712
0.672583
0.272008
0.662634
0.232328
0.094746
0.457368
0.775364
0.077731
0.46775
0.182289
0.513602
0.509374
0.672453
0.558806
0.14047
0.574927
0.04967
0.858718
0.440829
0.464109
0.524506
0.131731
0.654055
0.610692
0.138544
0.396208
0.131259
0.196975
0.117166
0.441374
0.035871
0.267508
0.302273
0.809895
0.842653
0.159709
0.891723
0.980088
0.267663
0.13323
0.48513
0.248239
0.816823
0.092677
0.477348
0.080379
0.69589
0.560941
0.254765
0.751209
0.290427
0.405581
0.213846
0.349519
0.296052
0.162413
0.849105
0.996215
0.340884
0.208128
0.32225
0.072571
0.023526
0.645575
0.887977
0.572112
0.583546
0.579415
0.759094
0.460368
0.226271
0.159268
0.109905
0.435479
0.734238
0.553772
0.219152
0.921918
0.929902
0.364987
0.455133
0.238006
0.946064
0.627829
0.939404
0.543722
0.041738
0.105984
0.47147
0.965577
0.972255
0.491286
0.354892
0.256321
0.051337
0.13978
0.040943
0.612699
0.211687
0.105195
0.060558
0.623912
0.007082
0.144435
0.907588
0.738065
0.478875
0.267541
0.291743
0.535343
0.507904
0.475299
0.34358
0.245027
0.686342
0.667722
0.41348
0.854747
0.538332
0.291083
0.598549
0.425596
0.418977
0.478102
0.513616
0.322635
0.478992
0.515752
0.374158
0.780451
0.533842
0.494073
0.017383
0.816275
0.435692
0.26754
0.729652
0.354244
0.061672
0.510327
0.320831
0.974373
0.331404
0.489275
0.032766
0.539417
0.691787
0.829236
0.666267
0.686718
0.200466
0.351838
0.377824
0.486814
0.584086
0.510848
0.08875
0.131126
0.881285
0.793838
0.421172
0.255776
0.268432
0.690948
0.127582
0.75165
0.851966
0.13206
0.520326
0.859362
0.160829
0.451017
0.473664
0.164348
0.145875
0.685049
0.096787
0.874583
0.763518
0.956642
0.543804
0.278724
0.366291
0.696654
0.727206
0.024536
0.610886
0.807208
0.550479
0.118078
0.480273
0.976609
0.027711
0.884453
0.369757
0.713888
0.186841
0.436398
0.664794
0.259848
0.07593
0.052157
0.960878
0.000482
0.009236
0.969423
0.177202
0.607819
0.325134
0.697761
0.670979
0.797201
0.083179
0.224379
0.117862
0.877925
0.814269
0.668652
0.074453
0.447607
0.147969
0.440028
0.84449
0.592885
0.4758
0.588647
0.480262
0.196631
0.771865
0.333608
0.430006
0.459157
0.722666
0.680445
0.954723
0.739647
0.478361
0.419534
0.755449
0.324988
0.921156
0.643725
0.217143
0.474917
0.423539
0.422967
0.290376
0.034212
0.381438
0.265007
0.142701
0.141968
0.644894
0.020262
0.223468
0.461734
0.670499
0.032051
0.010348
0.239751
0.365794
0.360192
0.144132
0.971893
0.471372
0.465945
0.331396
0.382142
0.635968
0.701335
0.344907
0.895466
0.590587
0.567055
0.585464
0.454594
0.044174
0.660362
0.379164
0.249188
0.446067
0.359254
0.598577
0.409802
0.225267
0.839143
0.689748
0.856727
0.146675
0.862954
0.858776
0.824444
0.491036
0.540709
0.417782
0.301193
0.52677
0.221914
0.818186
0.388605
0.301466
0.168484
0.485452
0.315649
0.207749
0.117302
0.330435
0.632016
0.316602
0.914654
0.959355
0.210509
0.150172
0.119655
0.587907
0.818499
0.893973
0.593621
0.494094
0.19979
0.766802
0.45985
0.092408
0.638357
0.203898
0.449127
0.63039
0.69424
0.253441
0.234626
0.713982
0.349334
0.813099
0.860889
0.073812
0.423685
0.82234
0.208
0.655243
0.743037
0.269585
0.57945
0.227254
0.740501
0.71254
0.36823
0.905079
0.786605
0.997794
0.887193
0.832899
0.052966
0.611542
0.321097
0.661464
0.279889
0.109035
0.928036
0.840298
0.576557
0.528337
0.877039
0.776702
0.766356
0.569375
0.681391
0.103962
0.622134
0.622035
0.137064
0.813701
0.15755
0.423216
0.8643
0.982341
0.229839
0.525728
0.958948
0.783486
0.915421
0.117053
0.36817
0.845586
0.340179
0.810195
0.452974
0.719282
0.214537
0.595867
0.149124
0.173054
0.143313
0.490047
0.115925
0.164214
0.874418
0.260855
0.94299
0.112842
0.510796
0.973926
0.68408
0.670094
0.994526
0.878996
0.12433
0.01701
0.528557
0.184303
0.635019
0.788579
0.488057
0.993281
0.939672
0.996351
0.830487
0.135893
0.878465
0.695711
0.002496
0.940509
0.480296
0.506605
0.764624
0.205847
0.899922
0.63629
0.656524
0.773891
0.019708
0.37475
0.378263
0.526518
0.254818
0.03514
0.151251
0.197443
0.827656
0.6492
0.511671
0.233999
0.178841
0.73529
0.972855
0.182352
0.374588
0.350842
0.835849
0.170986
0.4528
0.974745
0.37196
0.598181
0.640154
0.61141
0.935592
0.098573
0.21168
0.22599
0.491334
0.494981
0.968895
0.905336
0.61063
0.033349
0.80775
0.857879
0.745034
0.339964
0.827209
0.918663
0.27831
0.222429
0.264054
0.021843
0.975811
0.705882
0.232153
0.370446
0.966615
0.177554
0.9282
0.317362
0.12453
0.156839
0.560952
0.367673
0.04801
0.59351
0.117303
0.843099
0.509152
0.439151
0.486732
0.97238
0.497055
0.949088
0.905422
0.94922
0.752547
0.615554
0.149721
0.67892
0.218819
0.922352
0.439272
0.593289
0.985436
0.851982
0.009492
0.321075
0.253394
0.543718
0.614233
0.143479
0.589507
0.082814
0.521217
0.421384
0.704229
0.767981
0.831829
0.255653
0.243846
0.035512
0.982187
0.126099
0.938556
0.761327
0.286792
0.893215
0.702704
0.082126
0.482954
0.36531
0.67783
0.184012
0.642255
0.270869
0.531576
0.715119
0.074439
0.960444
0.034878
0.652753
0.29289
0.499204
0.795919
0.920783
0.053131
0.031925
0.990306
0.653432
0.715584
0.944498
0.527132
0.63706
0.633872
0.52304
0.780442
0.561402
0.433993
0.81108
0.914774
0.447387
0.022085
0.770079
0.633012
0.383978
0.103141
0.602055
0.523569
0.011773
0.428497
0.691898
0.439915
0.623522
0.703008
0.79697
0.415433
0.421249
0.616625
0.026188
0.604403
0.370002
0.123517
0.998426
0.65671
0.888457
0.02907
0.112574
0.677437
0.68003
0.550337
0.512679
0.761234
0.374294
0.279129
0.641195
0.293046
0.053099
0.847785
0.086366
0.687326
0.609719
0.950521
0.886123
0.562393
0.721867
0.758196
0.118434
0.760748
0.45702
0.35545
0.648733
0.612664
0.750331
0.364324
0.590801
0.454597
0.95752
0.360256
0.33565
0.808721
0.24462
0.726034
0.978527
0.923767
0.84363
0.19176
0.571508
0.834423
0.433707
0.178438
0.529984
0.973995
0.056649
0.412362
0.343462
0.761715
0.527897
0.25909
0.39362
0.195914
0.546109
0.707254
0.756918
0.107977
0.299317
0.462907
0.646496
0.881729
0.572624
0.799589
0.176622
0.073524
0.731742
0.989946
0.038475
0.455853
0.036572
0.778998
0.248897
0.911865
0.002885
0.605482
0.504205
0.584171
0.533428
0.207332
0.423085
0.079431
0.522383
0.406724
0.430936
0.739032
0.576867
0.642033
0.900747
0.865293
0.403781
0.804817
0.946787
0.000212
0.470279
0.165372
0.059861
0.092732
0.710937
0.325757
0.96293
0.832433
0.697984
0.384677
0.623066
0.757432
0.183619
0.045249
0.370207
0.36937
0.230865
0.862082
0.861961
0.282981
0.592399
0.859423
0.518217
0.253874
0.278969
0.547431
0.801318
0.837448
0.093631
0.499145
0.923175
0.193697
0.733523
0.183802
0.441098
0.826706
0.478486
0.619434
0.234829
0.358447
0.358226
0.939076
0.214301
0.424899
0.40765
0.773033
0.737497
0.289327
0.462319
0.49642
0.096149
0.011858
0.089147
0.466005
0.836947
0.022314
0.350965
0.348744
0.689127
0.92796
0.981166
0.032918
0.165626
0.696055
0.638072
0.20478
0.721731
0.231414
0.890281
0.790451
0.420584
0.362738
0.416224
0.272789
0.288819
0.251364
0.862402
0.21071
0.378339
0.795843
0.355549
0.227716
0.997718
0.682817
0.353485
0.663904
0.067764
0.355772
0.276809
0.783654
0.392027
0.362454
0.508171
0.378194
0.518891
0.54031
0.304632
0.023768
0.341782
0.45043
0.480323
0.612221
0.895312
0.672958
0.160929
0.964332
0.738601
0.4145
0.7952
0.906248
0.257721
0.786629
0.124834
0.311843
0.487537
0.312676
0.369497
0.833235
0.382561
0.630924
0.355621
0.552905
0.951612
0.968858
0.030283
0.358478
0.953311
0.873926
0.727351
0.959904
0.160271
0.507587
0.038433
0.463051
0.742588
0.639641
0.372919
0.761442
0.595046
0.83304
0.77076
0.083281
0.276676
0.702824
0.293783
0.37817
0.083525
0.275578
0.628121
0.842289
0.18966
0.282862
0.914945
0.749772
0.786796
0.452898
0.214242
0.855555
0.286246
0.225495
0.510903
0.827887
0.186999
0.859895
0.496897
0.094885
0.813592
0.361737
0.756012
0.320402
0.514963
0.010855
0.889404
0.957981
0.962022
0.181039
0.713919
0.754564
0.006879
0.224898
0.638591
0.909738
0.451302
0.781257
0.341917
0.509323
0.64316
0.190515
0.221188
0.442628
0.383374
0.829781
0.55837
0.282741
0.224606
0.204257
0.204823
0.901102
0.606858
0.382472
0.267968
0.501777
0.739095
0.988965
0.767832
0.339491
0.678118
0.420805
0.191939
0.45892
0.829376
0.257662
0.215285
0.569592
0.793742
0.860969
0.041197
0.477221
0.659375
0.349154
0.463652
0.554853
0.074761
0.169883
0.769903
0.390079
0.975918
0.699731
0.855772
0.501499
0.572255
0.103934
0.932051
0.953433
0.568797
0.477519
0.194057
0.431721
0.238522
0.762496
0.54251
0.466912
0.349351
0.884209
0.009291
0.467701
0.453923
0.597059
0.905801
0.106054
0.136455
0.411224
0.246314
0.961802
0.771052
0.841862
0.645911
0.246127
0.958043
0.245759
0.378628
0.502665
0.181838
0.814274
0.031435
0.036235
0.180985
0.614184
0.953591
0.034105
0.988861
0.192008
0.404331
0.705464
0.468077
0.240305
0.18607
0.851178
0.885185
0.220249
0.295829
0.100308
0.868463
0.522841
0.758787
0.807665
0.887111
0.592479
0.095201
0.52236
0.652315
0.107574
0.323382
0.48041
0.342995
0.398101
0.472309
0.817194
0.164859
0.705381
0.38675
0.900586
0.903084
0.656937
0.358363
0.370672
0.42333
0.619851
0.064589
0.911176
0.075324
0.686165
0.967498
0.474984
0.011083
0.175982
0.907385
0.407449
0.959017
0.468049
0.586283
0.631132
0.345082
0.369895
0.234701
0.448915
0.323975
0.623981
0.644504
0.916281
0.956277
0.425336
0.416635
0.828888
0.290998
0.735781
0.49835
0.139519
0.746288
0.09591
0.986564
0.260383
0.733412
0.856179
0.923589
0.311316
0.102315
0.308097
0.061813
0.910309
0.085647
0.447722
0.136745
0.396411
0.364143
0.98744
0.931
0.070414
0.908929
0.957342
0.384672
0.327204
0.638097
0.590144
0.165262
0.677766
0.855536
0.623629
0.352128
0.921119
0.929312
0.686806
0.960047
0.893566
0.016056
0.221207
0.073292
0.131263
0.118863
0.071612
0.862362
0.639691
0.403433
0.618638
0.279719
0.591787
0.636947
0.728266
0.256462
0.857665
0.407399
0.124895
0.102522
0.449832
0.810224
0.213599
0.088292
0.755508
0.472827
0.405104
0.535535
0.35467
0.35785
0.364084
0.329275
0.959982
0.10161
0.389509
0.786854
0.417982
0.58145
0.895889
0.349385
0.221516
0.930341
0.736528
0.107388
0.852955
0.477713
0.05958
0.934888
0.633988
0.106868
0.166256
0.164996
0.67514
0.189185
0.962752
0.809121
0.104471
0.669147
0.594005
0.331881
0.093657
0.183266
0.914177
0.878038
0.574271
0.12593
0.906321
0.874947
0.02099
0.88043
0.442052
0.566534
0.670082
0.996561
0.577988
0.83148
0.032507
0.199409
0.215261
0.324968
0.786638
0.51514
0.440009
0.31255
0.500518
0.571649
0.565041
0.489916
0.359052
0.525638
0.752676
0.547182
0.134442
0.033452
0.882225
0.858675
0.18103
0.599855
0.869562
0.630559
0.641512
0.671922
0.680325
0.795764
0.802221
0.012649
0.472003
0.11192
0.908372
0.127061
0.056468
0.676345
0.728133
0.842204
0.853732
0.980367
0.484511
0.81983
0.249367
0.077675
0.19556
0.087999
0.601017
0.688387
0.936631
0.325255
0.585641
0.252161
0.965198
0.692005
0.049799
0.564397
0.818322
0.790388
0.535851
0.204952
0.102924
0.297881
0.019523
0.822911
0.036947
0.834288
0.071977
0.867487
0.239979
0.581207
0.179265
0.483763
0.47738
0.032077
0.21467
0.341707
0.59878
0.014769
0.392836
0.643099
0.674978
0.27058
0.438285
0.334774
0.480362
0.13671
0.945338
0.894797
0.471751
0.687771
0.230949
0.488058
0.96575
0.493479
0.75964
0.561309
0.921044
0.911367
0.571898
0.41753
0.613175
0.516183
0.662224
0.157112
0.347508
0.75013
0.085738
0.694526
0.26822
0.0197
0.076691
0.421113
0.580661
0.151959
0.915224
0.165353
0.160548
0.554159
0.180787
0.549824
0.221838
0.5032
0.095415
0.414222
0.177514
0.009762
0.488571
0.908164
0.183439
0.744632
0.272601
0.927909
0.733039
0.174167
0.966422
0.801804
0.934259
0.139972
0.770464
0.175913
0.877161
0.20428
0.03327
0.944759
0.608306
0.795467
0.324426
0.488171
0.974646
0.474809
0.249447
0.193388
0.35678
0.055511
0.37489
0.363832
0.441379
0.005238
0.718668
0.994666
0.3078
0.034608
0.907802
0.265722
0.220721
0.551688
0.983739
0.008485
0.040318
0.318915
0.168193
0.501157
0.831211
0.695457
0.226052
0.988848
0.327464
0.797397
0.903186
0.582011
0.029575
0.525428
0.260057
0.176966
0.095868
0.034304
0.721662
0.902155
0.073036
0.010239
0.242798
0.584662
0.798496
0.82903
0.931398
0.220465
0.683639
0.755142
0.687716
0.091845
0.566903
0.601191
0.857896
0.23217
0.487887
0.164368
0.231334
0.402658
0.576351
0.819079
0.062698
0.966169
0.068567
0.481682
0.870489
0.188336
0.29969
0.434368
0.265058
0.745635
0.719375
0.722102
0.597369
0.407708
0.328649
0.083003
0.842623
0.375399
0.379053
0.864905
0.015535
0.358565
0.676828
0.337219
0.82304
0.6565
0.050719
0.968722
0.574759
0.478341
0.375688
0.270413
0.63121
0.677543
0.376387
0.24925
0.188864
0.448929
0.873013
0.763707
0.251612
0.487575
0.343286
0.596266
0.996027
0.716084
0.399092
0.473258
0.224158
0.287976
0.969624
0.692473
0.718935
0.149775
0.528047
0.259665
0.376121
0.709985
0.10927
0.654465
0.859827
0.115788
0.591428
0.784828
0.119004
0.387067
0.352083
0.028124
0.451932
0.760402
0.680875
0.011968
0.443297
0.171219
0.407116
0.116444
0.981947
0.367039
0.312591
0.657447
0.441154
0.269706
0.931489
0.936661
0.868562
0.375409
0.478622
0.859274
0.662088
0.568886
0.437945
0.780675
0.774139
0.769552
0.954086
0.353579
0.700434
0.711937
0.324165
0.738593
0.955859
0.150467
0.025379
0.655421
0.574547
0.787341
0.912647
0.774876
0.919823
0.299147
0.55499
0.655693
0.459266
0.18978
0.700424
0.630891
0.26716
0.776753
0.426146
0.868905
0.964355
0.453291
0.617647
0.89071
0.12944
0.95674
0.789619
0.153489
0.792398
0.025467
0.206291
0.56782
0.398125
0.723144
0.879039
0.762115
0.475362
0.242462
0.843265
0.879574
0.121448
0.154049
0.091575
0.719941
0.408352
0.195199
0.108679
0.458084
0.59179
0.249217
0.593251
0.953449
0.002496
0.627182
0.905799
0.629307
0.166205
0.483828
0.635242
0.969998
0.877613
0.292484
0.832778
0.79123
0.414907
0.489899
0.58702
0.841776
0.438715
0.144181
0.114386
0.271361
0.27647
0.696036
0.125337
0.939862
0.966444
0.47228
0.545788
0.995848
0.315939
0.195437
0.838217
0.580572
0.796559
0.928022
0.314969
0.710577
0.565035
0.395967
0.063777
0.687085
0.422887
0.295413
0.53195
0.967639
0.476908
0.568452
0.059329
0.499828
0.77899
0.867014
0.131994
0.033178
0.414304
0.976333
0.94329
0.431947
0.612755
0.176132
0.694982
0.391753
0.096689
0.996169
0.740632
0.828949
0.41176
0.839346
0.457885
0.797792
0.69159
0.792461
0.399801
0.762547
0.594609
0.400526
0.984948
0.815579
0.115317
0.017091
0.162405
0.691154
0.721654
0.373931
0.712392
0.095148
0.238091
0.12508
0.947194
0.025008
0.028252
0.804512
0.335051
0.953278
0.947559
0.621894
0.058676
0.449024
0.589606
0.891045
0.127098
0.205381
0.291272
0.406603
0.003099
0.865189
0.065164
0.022778
0.766373
0.424735
0.18028
0.286663
0.003637
0.517794
0.077517
0.631602
0.055861
0.76706
0.328366
0.62517
0.062328
0.053561
0.766059
0.574962
0.836213
0.904301
0.881318
0.677948
0.874446
0.060477
0.856751
0.412602
0.41923
0.488323
0.149079
0.773373
0.477947
0.081169
0.188714
0.64546
0.242193
0.813998
0.078226
0.146529
0.730407
0.532625
0.071669
0.984941
0.510224
0.127941
0.871311
0.350816
0.3278
0.491755
0.319756
0.656522
0.865067
0.211076
0.202563
0.094992
0.392893
0.043879
0.91016
0.644608
0.149111
0.435067
0.070578
0.763852
0.311658
0.69959
0.061094
0.416572
0.026933
0.992861
0.810618
0.947651
0.203875
0.091281
0.127691
0.796252
0.201192
0.723146
0.143922
0.417776
0.72685
0.378881
0.309759
0.062962
0.484073
0.261863
0.386978
0.072152
0.557075
0.908489
0.648231
0.342054
0.791543
0.846329
0.697883
0.437571
0.902305
0.925413
0.773656
0.904184
0.118223
0.227508
0.476905
0.281192
0.429393
0.744766
0.662047
0.085587
0.625709
0.602216
0.811955
0.713064
0.595001
0.178655
0.613692
0.171798
0.704893
0.776473
0.940807
0.36044
0.872043
0.534523
0.457297
0.143164
0.597037
0.959262
0.031733
0.278322
0.545884
0.642554
0.30489
0.278513
0.60292
0.610386
0.105307
0.842442
0.059013
0.331013
0.872309
0.236181
0.737778
0.073402
0.583724
0.37071
0.916308
0.922523
0.242357
0.301386
0.367944
0.092538
0.544542
0.310849
0.617627
0.218024
0.516313
0.43106
0.462689
0.787691
0.996424
0.817013
0.017947
0.710397
0.16021
0.928766
0.949964
0.20089
0.201607
0.184687
0.718156
0.515311
0.839677
0.418279
0.230272
0.545687
0.095162
0.592607
0.295675
0.768104
0.08159
0.540951
0.644656
0.587497
0.244323
0.035662
0.834847
0.648026
0.775389
0.971975
0.724631
0.390257
0.913685
0.781635
0.676949
0.468434
0.372141
0.564481
0.632296
0.564138
0.602233
0.022668
0.409656
0.7821
0.406529
0.158829
0.428217
0.994043
0.997185
0.708565
0.294688
0.573877
0.694546
0.838011
0.35662
0.48493
0.633844
0.417726
0.109243
0.07608
0.893423
0.692658
0.987311
0.564349
0.90526
0.458225
0.375971
0.024628
0.668746
0.780543
0.99256
0.891941
0.494941
0.001702
0.485825
0.158657
0.574128
0.555104
0.318588
0.136856
0.137932
0.400073
0.499151
0.328995
0.547124
0.712294
0.557675
0.996007
0.089857
0.170682
0.89593
0.305102
0.934329
0.231686
0.394422
0.433422
0.710286
0.979506
0.888283
0.901036
0.376102
0.970143
0.90861
0.980557
0.733293
0.825605
0.676114
0.139271
0.590192
0.362584
0.192065
0.229682
0.073443
0.038684
0.870745
0.540802
0.688137
0.148267
0.455023
0.782555
0.732408
0.327395
0.236747
0.951542
0.698239
0.285404
0.002007
0.192557
0.906038
0.315797
0.091009
0.071258
0.310714
0.778392
0.6601
0.694862
0.733452
0.718644
0.902473
0.676397
0.57348
0.798124
0.448274
0.760153
0.356451
0.448249
0.200643
0.909905
0.980985
0.014021
0.959103
0.242453
0.026038
0.69321
0.06646
0.641383
0.404232
0.024315
0.105386
0.216968
0.855735
0.174913
0.980475
0.035724
0.056933
0.679995
0.930227
0.01346
0.047043
0.776191
0.479251
0.163301
0.6202
0.116225
0.987185
0.370188
0.310062
0.812516
0.635227
0.605492
0.677642
0.270638
0.785449
0.494085
0.513591
0.621772
0.650012
0.170802
0.507936
0.336161
0.884872
0.976477
0.29819
0.081602
0.904758
0.61446
0.481046
0.971373
0.879331
0.171871
0.591021
0.058535
0.365872
0.963105
0.242358
0.701008
0.775955
0.362199
0.999053
0.499298
0.678216
0.279906
0.769619
0.1038
0.308583
0.736025
0.847917
0.44793
0.314165
0.347206
0.203002
0.318116
0.180626
0.823316
0.621757
0.921585
0.399214
0.013371
0.667517
0.513198
0.716217
0.86643
0.131669
0.544745
0.854926
0.788176
0.147632
0.68426
0.003354
0.352287
0.599786
0.332031
0.244574
0.396918
0.825292
0.274696
0.591722
0.849227
0.036335
0.799158
0.771587
0.572585
0.978014
0.349226
0.016645
0.506569
0.236415
0.883511
0.036304
0.90849
0.008439
0.206603
0.501715
0.752078
0.450189
0.804316
0.981862
0.575214
0.777219
0.108245
0.671424
0.429149
0.429694
0.306602
0.867491
0.95355
0.13614
0.67561
0.920746
0.179701
0.589499
0.86716
0.993654
0.690384
0.221853
0.061699
0.55518
0.050255
0.236502
0.032936
0.314519
0.359374
0.379626
0.024612
0.941671
0.876602
0.483169
0.687749
0.016464
0.788665
0.016218
0.217226
0.624978
0.223794
0.942625
0.359532
0.735686
0.029753
0.311646
0.507803
0.048142
0.664677
0.757559
0.373626
0.755786
0.017135
0.137924
0.817885
0.447856
0.45437
0.587293
0.06879
0.874097
0.920778
0.904342
0.683204
0.569138
0.230886
0.399569
0.582463
0.563827
0.962211
0.06645
0.26221
0.599231
0.159962
0.204397
0.69922
0.766262
0.352785
0.250854
0.280977
0.157707
0.810062
0.763391
0.653431
0.333561
0.944147
0.150461
0.134413
0.46499
0.003761
0.336812
0.833137
0.582413
0.424299
0.837998
0.060976
0.954337
0.590281
0.816305
0.897118
0.77874
0.549559
0.866605
0.250794
0.916473
0.959843
0.475742
0.314271
0.036871
0.634926
0.372341
0.182296
0.343883
0.650055
0.12891
0.603423
0.510424
0.30721
0.586596
0.280953
0.405603
0.724698
0.842513
0.103109
0.462224
0.664747
0.16791
0.285815
0.435494
0.462051
0.370233
0.820247
0.810139
0.985413
0.125155
0.175161
0.213964
0.455857
0.846024
0.980236
0.331074
0.584008
0.235206
0.12967
0.618962
0.327625
0.002057
0.875044
0.142061
0.704355
0.958764
0.310162
0.545239
0.936214
0.396739
0.684168
0.778235
0.966048
0.010714
0.763834
0.883366
0.433753
0.90672
0.444564
0.672778
0.822207
0.626118
0.398074
0.582135
0.661122
0.216604
0.811255
0.987083
0.773307
0.389124
0.584398
0.388367
0.304645
0.537923
0.372613
0.158025
0.440315
0.765145
0.050505
0.203861
0.297128
0.15333
0.50727
0.739075
0.858487
0.173503
0.742234
0.343049
0.733161
0.35238
0.699532
0.169805
0.108929
0.043032
0.25287
0.310393
0.73093
0.0812
0.381734
0.453907
0.323094
0.90988
0.924291
0.791437
0.4869
0.144791
0.589193
0.618171
0.699592
0.582821
0.979322
0.512969
0.991574
0.093355
0.554505
0.511793
0.532727
0.40543
0.34354
0.844406
0.455956
0.90171
0.545978
0.196297
0.017564
0.790333
0.276341
0.905056
0.286087
0.911406
0.410616
0.5879
0.762244
0.516486
0.935763
0.489431
0.356941
0.826155
0.589293
0.753891
0.498783
0.934668
0.463721
0.090354
0.359037
0.305404
0.882277
0.046542
0.320766
0.393259
0.655898
0.315394
0.583948
0.46361
0.015695
0.996511
0.527813
0.556532
0.910152
0.003432
0.080266
0.887676
0.621833
0.622412
0.196843
0.108686
0.554596
0.482387
0.052486
0.587543
0.760727
0.79984
0.126279
0.948125
0.413415
0.897805
0.341199
0.857014
0.108445
0.243955
0.995676
0.233947
0.212428
0.366988
0.487017
0.849786
0.496185
0.239463
0.992409
0.147345
0.745343
0.315909
0.104733
0.899897
0.11947
0.47269
0.357562
0.852705
0.167939
0.696205
0.256393
0.344579
0.671617
0.520616
0.933234
0.137771
0.742207
0.640033
0.669737
0.930676
0.10343
0.548653
0.826069
0.375826
0.872833
0.419325
0.203603
0.758836
0.230413
0.238313
0.258017
0.219733
0.941203
0.246415
0.185911
0.07462
0.935318
0.560311
0.241409
0.107073
0.459059
0.376621
0.617631
0.04311
0.602753
0.678109
0.317129
0.280709
0.478162
0.185114
0.999394
0.36798
0.27314
0.254924
0.366811
0.39731
0.060126
0.492349
0.973061
0.688384
0.243078
0.723183
0.616385
0.487762
0.125166
0.611508
0.060098
0.045684
0.110302
0.729893
0.102124
0.84267
0.280216
0.822521
0.496108
0.158527
0.092265
0.703443
0.894706
0.058183
0.554006
0.692708
0.356679
0.367296
0.053691
0.212724
0.408427
0.243213
0.090055
0.645525
0.398649
0.667835
0.301522
0.022549
0.698748
0.827505
0.791636
0.970018
0.021953
0.921642
0.527788
0.648225
0.639063
0.251375
0.659694
0.937102
0.575019
0.253192
0.517916
0.460561
0.496215
0.085459
0.938745
0.181898
0.606654
0.04913
0.71332
0.13098
0.030105
0.540567
0.422844
0.175658
0.899557
0.700723
0.785674
0.741021
0.278169
0.945934
0.597778
0.488481
0.607839
0.327756
0.897251
0.618967
0.868786
0.129248
0.477477
0.822948
0.182926
0.68111
0.715113
0.821003
0.513442
0.341193
0.327106
0.414956
0.603772
0.415134
0.947287
0.760877
0.846626
0.929286
0.980777
0.601499
0.333152
0.34192
0.86941
0.969466
0.625137
0.763731
0.46944
0.751648
0.240453
0.597638
0.574435
0.182765
0.11982
0.032863
0.702548
0.413685
0.116533
0.621583
0.939674
0.352829
0.989793
0.574138
0.995376
0.18717
0.474686
0.021258
0.354758
0.47678
0.779799
0.795266
0.680013
0.003274
0.099255
0.381375
0.055073
0.302597
0.893316
0.878913
0.6291
0.732744
0.786194
0.982672
0.966501
0.43539
0.141544
0.373794
0.418679
0.68421
0.103702
0.113958
0.228153
0.816442
0.294685
0.639431
0.141787
0.865856
0.315813
0.482164
0.520113
0.73576
0.471076
0.059321
0.628289
0.943474
0.896798
0.200001
0.866644
0.992435
0.432084
0.18974
0.568123
0.337154
0.015469
0.11468
0.649548
0.381768
0.953551
0.197194
0.529805
0.295478
0.495609
0.785965
0.521084
0.814411
0.233322
0.47759
0.194801
0.702589
0.278335
0.317255
0.155283
0.462907
0.629092
0.845493
0.781643
0.067397
0.557701
0.746497
0.891396
0.621859
0.040439
0.897081
0.793741
0.854195
0.349261
0.638067
0.116322
0.142811
0.452693
0.297367
0.945121
0.692572
0.023853
0.702162
0.713908
0.54884
0.654043
0.098422
0.837584
0.446381
0.188632
0.725513
0.061938
0.707046
0.18554
0.040906
0.060503
0.859302
0.029684
0.318471
0.068639
0.8574
0.571867
0.869
0.366006
0.996125
0.080141
0.862814
0.392327
0.713332
0.946573
0.378078
0.43577
0.959781
0.324783
0.857644
0.836726
0.592727
0.500878
0.497034
0.186079
0.127561
0.51836
0.472085
0.804658
0.085203
0.820694
0.402893
0.734042
0.632663
0.242903
0.184925
0.628105
0.899546
0.089132
0.792446
0.026495
0.289909
0.323464
0.664482
0.537927
0.380509
0.094035
0.051162
0.183639
0.583463
0.411972
0.309154
0.081734
0.355183
0.297863
0.68466
0.494843
0.533584
0.946123
0.50974
0.95519
0.468416
0.746622
0.273657
0.017089
0.93695
0.512487
0.504477
0.92141
0.102272
0.110454
0.293599
0.882383
0.970326
0.499644
0.482983
0.669527
0.882915
0.595874
0.947687
0.121751
0.960624
0.88877
0.49386
0.203289
0.308413
0.391288
0.452261
0.670237
0.412551
0.010366
0.662221
0.556325
0.125138
0.843862
0.522524
0.598432
0.288575
0.465169
0.668752
0.032153
0.048265
0.396313
0.145637
0.111815
0.922906
0.178705
0.65828
0.623358
0.769229
0.36736
0.049997
0.26055
0.636444
0.902856
0.676814
0.949611
0.485867
0.778755
0.973586
0.579275
0.631898
0.757914
0.367226
0.606986
0.298843
0.586283
0.31837
0.567479
0.613715
0.300538
0.624029
0.220838
0.955582
0.318286
0.204361
0.074154
0.623049
0.294748
0.168424
0.854389
0.450371
0.962122
0.697335
0.131269
0.397942
0.088896
0.969003
0.330961
0.400723
0.133197
0.767522
0.976745
0.460795
0.508946
0.300154
0.320627
0.789495
0.568132
0.397442
0.564635
0.30487
0.678662
0.139092
0.071808
0.677315
0.734429
0.981755
0.045539
0.760667
0.944695
0.452885
0.830846
0.922292
0.655645
0.228996
0.693868
0.455698
0.143939
0.897528
0.758667
0.938214
0.796474
0.99241
0.931516
0.406419
0.223347
0.280377
0.967713
0.388371
0.229854
0.038579
0.560465
0.945479
0.175739
0.294985
0.888069
0.113135
0.30736
0.260606
0.778495
0.642012
0.998275
0.823509
0.543119
0.34701
0.672898
0.372702
0.259674
0.060209
0.326382
0.212993
0.532768
0.757105
0.618238
0.63768
0.029222
0.8732
0.116301
0.519122
0.945628
0.235649
0.718873
0.039866
0.221289
0.558508
0.146687
0.599964
0.526843
0.314673
0.712922
0.344466
0.648399
0.829687
0.057682
0.443403
0.915411
0.323853
0.865623
0.18575
0.077454
0.915349
0.095685
0.237244
0.333242
0.945943
0.771386
0.660701
0.217216
0.483847
0.979001
0.651386
0.965666
0.199606
0.122221
0.027278
0.942036
0.064696
0.912324
0.864829
0.094319
0.569497
0.381982
0.49323
0.821487
0.981401
0.164946
0.581106
0.536879
0.252658
0.70355
0.266817
0.579223
0.289604
0.059229
0.156436
0.317097
0.88842
0.524694
0.647635
0.657196
0.910871
0.250111
0.430051
0.390686
0.147944
0.742207
0.835858
0.656255
0.479676
0.521156
0.640055
0.936997
0.322982
0.172414
0.520562
0.18576
0.76606
0.988804
0.65129
0.836872
0.988852
0.009433
0.533491
0.770615
0.485453
0.077243
0.507298
0.292634
0.858231
0.774314
0.63453
0.4669
0.557611
0.503339
0.62521
0.159465
0.293489
0.730548
0.244741
0.689256
0.299843
0.494134
0.522684
0.881671
0.170256
0.251922
0.798388
0.888146
0.157938
0.701662
0.318878
0.050077
0.825174
0.606844
0.536302
0.814203
0.772086
0.470919
0.366174
0.510032
0.527277
0.877082
0.211158
0.809611
0.419525
0.169588
0.835498
0.622247
0.861728
0.61004
0.017794
0.129532
0.295554
0.18098
0.358004
0.245091
0.418557
0.043293
0.911921
0.875292
0.444573
0.538999
0.436684
0.674958
0.877638
0.822607
0.692469
0.80129
0.889976
0.663862
0.075316
0.27501
0.945806
0.386993
0.211181
0.73571
0.719982
0.047587
0.258896
0.209257
0.170499
0.432509
0.751694
0.599715
0.346313
0.231191
0.094499
0.305467
0.331282
0.613317
0.133264
0.088574
0.898614
0.24938
0.994729
0.213342
0.349303
0.986731
0.718038
0.680193
0.275943
0.460233
0.73594
0.486028
0.085838
0.595369
0.925738
0.661926
0.894303
0.423883
0.677677
0.413045
0.404142
0.176126
0.000835
0.472944
0.506119
0.31371
0.582741
0.055381
0.295115
0.33572
0.774351
0.235076
0.840318
0.85311
0.003605
0.149067
0.312408
0.001976
0.004831
0.857642
0.221601
0.090358
0.485434
0.677485
0.079495
0.821859
0.501263
0.784951
0.766586
0.394667
0.750785
0.182948
0.541363
0.046219
0.494028
0.375437
0.867702
0.695039
0.09437
0.230581
0.330324
0.513283
0.336429
0.568339
0.99015
0.578948
0.313017
0.370215
0.525315
0.236144
0.587377
0.06425
0.876814
0.658998
0.832281
0.167203
0.18108
0.676285
0.540963
0.252788
0.684655
0.686631
0.294795
0.930945
0.700866
0.786738
0.570397
0.306253
0.216015
0.23804
0.548908
0.02117
0.142347
0.933689
0.235018
0.231679
0.457099
0.417854
0.594868
0.965079
0.858349
0.356071
0.449952
0.072896
0.662206
0.064173
0.62135
0.085101
0.370504
0.131711
0.196606
0.608798
0.112682
0.774159
0.424739
0.915808
0.50065
0.978779
0.164145
0.891193
0.841202
0.73304
0.868611
0.743764
0.034716
0.294544
0.311074
0.080391
0.726528
0.156517
0.070216
0.047815
0.103268
0.874108
0.883
0.821664
0.520129
0.99177
0.736256
0.92882
0.823017
0.072779
0.679932
0.838804
0.502349
0.137866
0.229507
0.326452
0.695955
0.639836
0.415711
0.818031
0.890566
0.431344
0.770715
0.850803
0.350068
0.574578
0.615082
0.53083
0.761666
0.287458
0.085414
0.745067
0.888547
0.555641
0.337352
0.70676
0.434572
0.189662
0.17966
0.584429
0.918332
0.954476
0.052418
0.631818
0.450229
0.562399
0.567132
0.140222
0.236207
0.616378
0.114334
0.008358
0.117964
0.248042
0.159104
0.149199
0.653656
0.405028
0.726718
0.118446
0.907559
0.150935
0.765316
0.813342
0.282874
0.146272
0.771353
0.668745
0.569606
0.337781
0.642742
0.847762
0.883886
0.947565
0.769277
0.047166
0.120821
0.978574
0.830653
0.75827
0.934504
0.13393
0.54631
0.337911
0.538564
0.13075
0.879132
0.768527
0.430429
0.84149
0.38695
0.775811
0.196845
0.478463
0.789462
0.425992
0.416034
0.444756
0.733485
0.146303
0.756924
0.706345
0.221761
0.130044
0.597241
0.741378
0.053409
0.049667
0.195224
0.349889
0.202505
0.096619
0.589452
0.513486
0.914671
0.969236
0.154474
0.606503
0.159169
0.170519
0.918389
0.703982
0.509783
0.665285
0.417168
0.607368
0.368655
0.68825
0.372218
0.647251
0.273428
0.47187
0.573235
0.037404
0.740083
0.074157
0.491119
0.878668
0.614406
0.783283
0.822428
0.004094
0.885982
0.217022
0.424203
0.564379
0.116837
0.495917
0.871127
0.575434
0.044925
0.02967
0.293394
0.62245
0.694942
0.208764
0.09883
0.74059
0.905417
0.232537
0.802659
0.764717
0.559581
0.788004
0.068468
0.940199
0.575703
0.931643
0.749905
0.645326
0.06935
0.216275
0.253656
0.602641
0.545884
0.699908
0.324592
0.457398
0.833617
0.36248
0.70579
0.06291
0.594232
0.575784
0.9583
0.694876
0.772945
0.970048
0.450452
0.671846
0.880358
0.081313
0.094136
0.106026
0.741136
0.763386
0.648561
0.116078
0.991615
0.045589
0.635131
0.503342
0.177144
0.147799
0.599089
0.378126
0.720604
0.26519
0.565666
0.351525
0.034932
0.745708
0.430897
0.592364
0.950462
0.708198
0.360411
0.914661
0.340209
0.862608
0.909407
0.605206
0.722226
0.356327
0.109261
0.186749
0.598426
0.812229
0.877388
0.681103
0.809836
0.997089
0.243867
0.929406
0.548581
0.603147
0.724429
0.154114
0.093802
0.900402
0.105573
0.252133
0.404037
0.853598
0.732368
0.67378
0.878911
0.883909
0.865543
0.267622
0.110175
0.856934
0.845795
0.710981
0.789522
0.769952
0.050222
0.854003
0.351379
0.985408
0.924817
0.673237
0.233248
0.379609
0.882187
0.344291
0.420418
0.442982
0.94108
0.712535
0.467678
0.044101
0.033418
0.706833
0.36202
0.9413
0.48824
0.433481
0.710941
0.199006
0.306073
0.68078
0.809353
0.173147
0.043104
0.511113
0.078604
0.360873
0.845741
0.278406
0.616766
0.220464
0.293305
0.514609
0.085233
0.271345
0.482076
0.103506
0.199597
0.196275
0.582145
0.666956
0.088118
0.267481
0.847077
0.186494
0.906841
0.532017
0.65966
0.634759
0.019253
0.582092
0.425037
0.062939
0.405518
0.709494
0.528864
0.571805
0.874922
0.731527
0.177365
0.359863
0.989608
0.130678
0.806605
0.75225
0.743166
0.334183
0.788563
0.455016
0.968095
0.051893
0.386025
0.326771
0.346325
0.79693
0.709562
0.7884
0.926033
0.080433
0.73096
0.275527
0.116202
0.999545
0.281078
0.617368
0.587982
0.915719
0.061351
0.014497
0.715645
0.205652
0.116501
0.95932
0.875702
0.617831
0.64461
0.501914
0.69724
0.082455
0.837258
0.138496
0.190392
0.366221
0.690461
0.287785
0.170459
0.26534
0.827539
0.126206
0.461024
0.832673
0.088216
0.844596
0.923787
0.257916
0.474405
0.870976
0.639161
0.438391
0.319526
0.641591
0.778889
0.769088
0.300529
0.592943
0.268575
0.314284
0.272613
0.057043
0.98065
0.765173
0.936799
0.736809
0.471975
0.094488
0.210068
0.016504
0.342722
0.593097
0.114289
0.464532
0.265626
0.892212
0.60327
0.250214
0.665678
0.58166
0.699553
0.698642
0.202562
0.686706
0.03739
0.75205
0.799842
0.545909
0.025662
0.11025
0.424617
0.137378
0.18016
0.188046
0.798059
0.505641
0.651879
0.055021
0.712008
0.216846
0.383961
0.396009
0.027337
0.996974
0.618907
0.993544
0.922263
0.737692
0.453987
0.522131
0.340299
0.207866
0.256615
0.770129
0.009338
0.729953
0.378994
0.994157
0.716328
0.069624
0.783298
0.52239
0.767071
0.542251
0.844536
0.248883
0.714499
0.729255
0.757825
0.653715
0.931978
0.181408
0.775206
0.128094
0.484641
0.451983
0.248066
0.629115
0.799626
0.209123
0.061198
0.919273
0.015038
0.76208
0.120153
0.211236
0.600683
0.762174
0.707647
0.120367
0.238141
0.39848
0.442728
0.555981
0.142063
0.074355
0.130257
0.032573
0.748164
0.370774
0.1712
0.085366
0.184943
0.445404
0.468459
0.148654
0.024198
0.643128
0.064229
0.439535
0.121921
0.634539
0.757483
0.045859
0.479399
0.722991
0.281727
0.464765
0.699407
0.69766
0.668823
0.659385
0.680264
0.214573
0.101975
0.492861
0.528953
0.947022
0.098107
0.167623
0.545771
0.914384
0.747262
0.34968
0.226021
0.711361
0.686931
0.053394
0.052082
0.33906
0.730846
0.97018
0.71759
0.175865
0.421817
0.162026
0.860531
0.417305
0.752438
0.438063
0.62513
0.772928
0.398556
0.234521
0.401182
0.803707
0.292728
0.244147
0.184419
0.07114
0.203448
0.446467
0.42963
0.300733
0.75425
0.263038
0.459007
0.365256
0.201432
0.186199
0.319766
0.501291
0.974709
0.341068
0.790133
0.080829
0.191204
0.433457
0.384999
0.230717
0.348708
0.655813
0.690346
0.698959
0.672165
0.667391
0.957741
0.927371
0.345881
0.445702
0.680626
0.661308
0.395151
0.768783
0.975283
0.798417
0.037911
0.187008
0.896229
0.686844
0.304193
0.600748
0.831681
0.285062
0.002812
0.687603
0.647208
0.290953
0.106901
0.152421
0.322436
0.557768
0.114496
0.012585
0.621417
0.19789
0.926076
0.385515
0.941895
0.266664
0.358363
0.63326
0.365724
0.865274
0.291069
0.808544
0.158946
0.492163
0.300285
0.575131
0.262936
0.529624
0.314429
0.91645
0.603833
0.211473
0.585759
0.682445
0.886041
0.820735
0.736504
0.23309
0.577118
0.052907
0.750535
0.183587
0.666336
0.759713
0.402021
0.510861
0.358422
0.8841
0.304233
0.4149
0.558822
0.849482
0.598679
0.321962
0.17382
0.474958
0.808023
0.695167
0.603625
0.1596
0.928647
0.317084
0.393044
0.438942
0.809834
0.33103
0.970889
0.330564
0.72191
0.531841
0.99645
0.007873
0.21718
0.775321
0.846461
0.994415
0.025941
0.994456
0.788731
0.388654
0.127313
0.150616
0.073997
0.709337
0.307084
0.097575
0.28868
0.007129
0.58873
0.701018
0.673208
0.531822
0.615534
0.773018
0.257903
0.907942
0.716757
0.449305
0.702211
0.615888
0.713417
0.834278
0.617444
0.417361
0.139544
0.690197
0.414106
0.393045
0.03316
0.401174
0.047434
0.730958
0.250951
0.411082
0.750125
0.624186
0.872646
0.155978
0.201404
0.399509
0.302663
0.007009
0.823575
0.086763
0.742475
0.796667
0.266037
0.204402
0.303757
0.807897
0.950188
0.253672
0.7301
0.614419
0.407661
0.878061
0.55196
0.877629
0.339396
0.884096
0.672569
0.468245
0.343613
0.732813
0.410258
0.832153
0.257716
0.621652
0.957868
0.44317
0.917847
0.082014
0.136769
0.854849
0.914601
0.179666
0.270976
0.537011
0.035947
0.250595
0.745398
0.5241
0.813283
0.817872
0.169736
0.644107
0.818742
0.341728
0.2543
0.754747
0.419829
0.77819
0.655809
0.957865
0.246955
0.102276
0.07802
0.308787
0.445191
0.966927
0.344376
0.351948
0.722849
0.674839
0.678103
0.02371
0.615816
0.927821
0.651112
0.733514
0.70611
0.973814
0.064228
0.281812
0.727085
0.019496
0.601397
0.356947
0.313091
0.380979
0.254761
0.62943
0.585287
0.072594
0.82927
0.788782
0.609546
0.273555
0.883724
0.353444
0.472197
0.349507
0.249145
0.216988
0.430186
0.285382
0.645427
0.951128
0.449302
0.913685
0.40873
0.990306
0.438694
0.739544
0.752797
0.82161
0.828688
0.024045
0.512418
0.201016
0.629057
0.960235
0.788405
0.127765
0.083516
0.414266
0.264839
0.030588
0.076359
0.476526
0.573979
0.778963
0.022873
0.574018
0.564713
0.525027
0.299259
0.665738
0.060724
0.39959
0.028498
0.546465
0.765133
0.395011
0.515051
0.64244
0.899292
0.294738
0.747812
0.977416
0.739373
0.815339
0.591915
0.664381
0.370085
0.927265
0.920537
0.221747
0.538733
0.292929
0.967956
0.66356
0.68598
0.655507
0.879877
0.515184
0.18473
0.22202
0.528226
0.833321
0.366512
0.229332
0.656507
0.458662
0.309855
0.750366
0.808538
0.714459
0.552246
0.74682
0.126117
0.185133
0.670296
0.377977
0.069989
0.110829
0.407346
0.758261
0.787626
0.890241
0.303058
0.625298
0.519224
0.927089
0.510246
0.628685
0.491169
0.353977
0.018844
0.597931
0.153392
0.638765
0.769881
0.962368
0.776063
0.154633
0.788711
0.747912
0.801467
0.428029
0.919264
0.446307
0.381058
0.769386
0.809049
0.607243
0.125252
0.693261
0.163217
0.70116
0.165068
0.975809
0.102965
0.665605
0.210872
0.931105
0.132074
0.854303
0.480566
0.078694
0.360006
0.26187
0.898798
0.919878
0.711081
0.287321
0.45008
0.861233
0.533052
0.824072
0.96744
0.83486
0.621024
0.189616
0.050181
0.230162
0.67268
0.11759
0.764921
0.503706
0.166947
0.189257
0.963512
0.34204
0.09244
0.820446
0.229611
0.795354
0.756172
0.217828
0.093438
0.619558
0.414965
0.599213
0.773037
0.662654
0.268352
0.219047
0.879135
0.613153
0.870975
0.319474
0.780534
0.92396
0.908881
0.112812
0.181053
0.475137
0.578682
0.370418
0.670889
0.878969
0.846716
0.24342
0.652203
0.995497
0.083403
0.965245
0.183804
0.956602
0.830165
0.337338
0.174359
0.5628
0.584295
0.931091
0.550121
0.750669
0.676601
0.658681
0.251612
0.545367
0.288484
0.399902
0.836228
0.847482
0.776285
0.604277
0.125469
0.05534
0.465745
0.151531
0.628297
0.908894
0.701695
0.180193
0.459696
0.074724
0.262826
0.314291
0.668055
0.614239
0.01767
0.354195
0.935729
0.048408
0.081266
0.124783
0.132448
0.149991
0.332361
0.50799
0.165012
0.07596
0.995274
0.282093
0.436703
0.132768
0.87538
0.444254
0.26835
0.243531
0.597607
0.401599
0.94701
0.991862
0.550804
0.326573
0.558592
0.638525
0.219052
0.087089
0.023498
0.229862
0.844235
0.162166
0.867813
0.279897
0.979341
0.257577
0.136739
0.613928
0.002935
0.683894
0.446392
0.771512
0.140997
0.275239
0.968953
0.622764
0.952989
0.755727
0.691866
0.60424
0.288312
0.659732
0.069214
0.213632
0.256562
0.821283
0.473344
0.166764
0.954154
0.748861
0.482325
0.196836
0.962749
0.393186
0.621701
0.042918
0.762453
0.57996
0.983772
0.626408
0.15018
0.296024
0.479108
0.619325
0.466354
0.646957
0.596801
0.532798
0.212402
0.569585
0.211008
0.918556
0.805293
0.024373
0.233994
0.588691
0.10448
0.291628
0.098175
0.235209
0.470657
0.134217
0.525788
0.54487
0.965413
0.599108
0.912823
0.065911
0.534246
0.298907
0.5888
0.094787
0.020291
0.760251
0.894392
0.310397
0.68051
0.819141
0.683466
0.86244
0.351644
0.695262
0.75579
0.786389
0.359435
0.255481
0.021194
0.020493
0.635452
0.586487
0.670184
0.433994
0.431744
0.428305
0.961802
0.966189
0.321904
0.813613
0.439272
0.509578
0.334847
0.226677
0.587176
0.653169
0.155237
0.240514
0.473025
0.708452
0.197874
0.876201
0.100046
0.847032
0.408021
0.563811
0.154122
0.014149
0.788287
0.699696
0.248689
0.899577
0.526067
0.214976
0.30323
0.635673
0.926695
0.714915
0.680998
0.602195
0.371472
0.105179
0.370394
0.899502
0.658884
0.230534
0.899754
0.273651
0.41732
0.178246
0.1944
0.109354
0.102229
0.301017
0.052817
0.447391
0.34836
0.433862
0.097597
0.900425
0.305329
0.100192
0.322022
0.480422
0.375462
0.58639
0.760056
0.10657
0.950421
0.530729
0.962442
0.334926
0.336061
0.255375
0.307036
0.318991
0.838054
0.366734
0.629334
0.444699
0.308993
0.396692
0.428929
0.229691
0.814398
0.830051
0.010423
0.518285
0.73956
0.957833
0.073335
0.716655
0.73623
0.475033
0.706286
0.729654
0.669747
0.239786
0.376335
0.123038
0.557392
0.063032
0.65737
0.632358
0.998418
0.846124
0.87141
0.902126
0.22645
0.459354
0.19512
0.63837
0.96991
0.543615
0.58014
0.977989
0.248422
0.192011
0.942573
0.814806
0.598812
0.668096
0.45639
0.101732
0.932266
0.869135
0.389515
0.254908
0.312843
0.696481
0.234804
0.385327
0.867904
0.830507
0.950726
0.887748
0.71792
0.913182
0.545365
0.343117
0.767997
0.339489
0.130576
0.30632
0.315724
0.046245
0.311461
0.93962
0.118338
0.585592
0.227659
0.135815
0.466387
0.276777
0.399983
0.290107
0.469956
0.878784
0.907721
0.747309
0.298679
0.006074
0.872618
0.209213
0.499571
0.890534
0.704446
0.104654
0.796084
0.647763
0.556633
0.835008
0.330168
0.615421
0.950508
0.690526
0.852365
0.073015
0.101433
0.275225
0.583669
0.228118
0.360164
0.150981
0.495898
0.603187
0.926931
0.44516
0.508958
0.221277
0.024448
0.632221
0.156205
0.682131
0.149827
0.182707
0.018437
0.753858
0.60662
0.316902
0.84683
0.90053
0.334
0.654163
0.682977
0.63095
0.754895
0.629357
0.312625
0.546119
0.307381
0.180077
0.058076
0.487526
0.082803
0.558649
0.599275
0.40497
0.963631
0.605779
0.776963
0.249009
0.486799
0.906727
0.728356
0.542055
0.402576
0.347488
0.698452
0.456221
0.176613
0.466007
0.969739
0.449029
0.59376
0.787824
0.508758
0.540084
0.56572
0.997221
0.616389
0.083197
0.16072
0.372465
0.920576
0.251731
0.756294
0.814037
0.33065
0.028623
0.136125
0.4684
0.475731
0.931545
0.59862
0.055554
0.766409
0.990295
0.830548
0.927807
0.568606
0.663935
0.695485
0.382398
0.993462
0.18662
0.445677
0.443058
0.474754
0.437687
0.164681
0.068253
0.510315
0.704843
0.831113
0.690083
0.897878
0.649465
0.02062
0.830779
0.750795
0.412519
0.071952
0.83993
0.390422
0.139555
0.309964
0.969202
0.822491
0.816631
0.759546
0.052156
0.798704
0.803128
0.586128
0.702642
0.268436
0.630981
0.002907
0.704617
0.882233
0.872313
0.493352
0.071849
0.381936
0.070667
0.889723
0.801686
0.514753
0.282815
0.499343
0.822117
0.781757
0.359355
0.920809
0.959165
0.125301
0.742107
0.977337
0.931567
0.485359
0.59895
0.30716
0.608279
0.395131
0.742838
0.924361
0.298835
0.330311
0.433533
0.898748
0.193228
0.397959
0.66111
0.552524
0.54975
0.037524
0.352314
0.940348
0.769368
0.638668
0.005209
0.825947
0.118844
0.720888
0.54807
0.802388
0.368551
0.169218
0.029625
0.529744
0.728062
0.148702
0.294885
0.671508
0.20788
0.544222
0.328798
0.268977
0.513044
0.00102
0.086764
0.980557
0.8768
0.415447
0.36229
0.714742
0.230766
0.868445
0.192907
0.339498
0.452408
0.996714
0.8534
0.492426
0.316164
0.6598
0.752112
0.528862
0.373856
0.666105
0.692861
0.737779
0.238478
0.654851
0.171045
0.812998
0.228765
0.279679
0.03569
0.921621
0.978416
0.777886
0.932992
0.516559
0.361368
0.740396
0.49223
0.306858
0.422981
0.163522
0.280885
0.099848
0.086132
0.244429
0.72677
0.651554
0.737003
0.04075
0.87266
0.980459
0.814195
0.143366
0.486787
0.420682
0.265938
0.237922
0.001293
0.908731
0.400304
0.204372
0.693554
0.031156
0.753199
0.092946
0.986334
0.820782
0.205143
0.052602
0.166274
0.438461
0.926294
0.819701
0.827131
0.856079
0.975908
0.855015
0.849612
0.23678
0.831726
0.850549
0.418013
0.505658
0.952661
0.597097
0.405141
0.573528
0.757037
0.546916
0.960905
0.547793
0.355345
0.681723
0.983746
0.311265
0.111961
0.674249
0.023408
0.885205
0.619687
0.88033
0.620009
0.326812
0.349648
0.502454
0.594654
0.832729
0.489757
0.806314
0.641234
0.251834
0.836333
0.308168
0.772557
0.51968
0.666004
0.11466
0.742779
0.087055
0.590397
0.768486
0.199385
0.603763
0.883548
0.86509
0.618383
0.779559
0.738396
0.742093
0.538604
0.275408
0.151283
0.155338
0.342426
0.57986
0.606343
0.301003
0.189494
0.900694
0.03905
0.050917
0.987002
0.186346
0.414253
0.511286
0.38372
0.37766
0.610946
0.396118
0.722187
0.296984
0.600275
0.099282
0.672961
0.520245
0.038761
0.936481
0.073372
0.136196
0.659289
0.072183
0.115528
0.432174
0.611941
0.368828
0.045827
0.541182
0.314442
0.316826
0.414698
0.06169
0.665634
0.708345
0.145157
0.904226
0.654483
0.424288
0.276041
0.256206
0.02604
0.446
0.484987
0.778019
0.409183
0.385164
0.271249
0.795888
0.881367
0.28596
0.519144
0.762706
0.526317
0.304422
0.534537
0.242709
0.897564
0.811676
0.210746
0.241481
0.327301
0.565947
0.309117
0.315312
0.691221
0.808683
0.463466
0.351048
0.476057
0.19688
0.493867
0.21717
0.461239
0.084749
0.810002
0.210302
0.020918
0.88166
0.941019
0.962737
0.191627
0.213828
0.967751
0.080907
0.849684
0.097133
0.79964
0.378933
0.692388
0.366439
0.10084
0.906138
0.939121
0.747843
0.723785
0.927958
0.12262
0.596923
0.288514
0.913269
0.870922
0.383798
0.200688
0.432713
0.804813
0.869514
0.237774
0.214054
0.324964
0.950538
0.139066
0.447749
0.315366
0.462872
0.233489
0.59005
0.250433
0.122953
0.028106
0.569074
0.530436
0.418239
0.976309
0.803803
0.403528
0.385677
0.051626
0.86913
0.29314
0.141102
0.596979
0.621303
0.070551
0.896255
0.530079
0.646894
0.814877
0.712515
0.397586
0.645982
0.883906
0.120249
0.083821
0.117537
0.87289
0.899508
0.934746
0.678305
0.984743
0.160109
0.346191
0.17432
0.228013
0.172294
0.509371
0.132776
0.9188
0.509566
0.914262
0.424109
0.726049
0.140746
0.377185
0.485641
0.218855
0.934303
0.761874
0.089343
0.304319
0.053057
0.15335
0.936418
0.768488
0.835633
0.332525
0.660027
0.426818
0.713709
0.025982
0.811219
0.698188
0.319294
0.839752
0.315612
0.813055
0.423574
0.094402
0.123452
0.06504
0.424621
0.873887
0.232991
0.172075
0.204692
0.494356
0.593233
0.065306
0.327791
0.671123
0.726124
0.210814
0.597017
0.148729
0.097254
0.325794
0.869967
0.661172
0.017055
0.631612
0.53
0.769682
0.401337
0.533916
0.08402
0.466744
0.418904
0.045006
0.21157
0.930829
0.522475
0.88661
0.811115
0.26091
0.815175
0.638088
0.729346
0.546874
0.528645
0.908074
0.227232
0.304484
0.952262
0.25764
0.510255
0.178826
0.965876
0.720326
0.061255
0.884114
0.974568
0.311855
0.890692
0.372683
0.287112
0.882451
0.379205
0.661587
0.118669
0.753081
0.51173
0.692037
0.653309
0.026211
0.251284
0.801688
0.530805
0.72516
0.841214
0.604922
0.114616
0.286045
0.610058
0.879662
0.998827
0.133365
0.006984
0.633931
0.799237
0.124806
0.196159
0.037552
0.033173
0.246256
0.292703
0.585448
0.905212
0.019313
0.12398
0.317709
0.776282
0.011873
0.968537
0.178699
0.248258
0.237385
0.165136
0.8804
0.047501
0.957887
0.258797
0.023459
0.378251
0.677767
0.731109
0.344176
0.698313
0.721068
0.802317
0.041891
0.186769
0.982649
0.068077
0.46522
0.381773
0.342168
0.255161
0.995297
0.580814
0.08415
0.801931
0.358225
0.213051
0.639309
0.900236
0.129133
0.678728
0.294822
0.892907
0.128031
0.107629
0.926735
0.957487
0.782829
0.531289
0.045032
0.925903
0.23553
0.593582
0.036628
0.517338
0.147334
0.983654
0.151532
0.403554
0.512711
0.130091
0.654288
0.246879
0.971396
0.69705
0.299329
0.283634
0.32697
0.488386
0.85183
0.584164
0.274671
0.372628
0.632201
0.773722
0.130488
0.006889
0.238668
0.609467
0.702033
0.150568
0.74101
0.039124
0.668553
0.150133
0.756254
0.360946
0.750383
0.332666
0.953787
0.223406
0.519092
0.91745
0.147662
0.244703
0.771515
0.093363
0.752585
0.41712
0.907008
0.700106
0.217222
0.235382
0.532458
0.883344
0.411006
0.454434
0.448184
0.017878
0.845836
0.048639
0.355078
0.057729
0.517898
0.575096
0.567633
0.794894
0.880951
0.984873
0.297176
0.394528
0.522112
0.508773
0.576239
0.686944
0.781029
0.630641
0.380409
0.610931
0.773916
0.212717
0.14202
0.190313
0.680021
0.473402
0.051541
0.412664
0.812756
0.774181
0.55419
0.24061
0.734629
0.133389
0.775203
0.262811
0.909006
0.995597
0.422419
0.741507
0.945143
0.109996
0.765357
0.472181
0.963725
0.435229
0.061777
0.983682
0.96156
0.999618
0.907038
0.228656
0.826684
0.037092
0.078248
0.737096
0.060268
0.236683
0.7157
0.804946
0.602681
0.731059
0.797206
0.747123
0.274538
0.793055
0.887561
0.832949
0.154851
0.785826
0.627991
0.452445
0.519245
0.337339
0.105466
0.107998
0.272148
0.063233
0.541104
0.426364
0.472974
0.752751
0.702664
0.185429
0.072035
0.517431
0.234408
0.554932
0.114097
0.926201
0.647945
0.48258
0.736045
0.540924
0.399053
0.707536
0.256217
0.461651
0.053589
0.849211
0.937958
0.689063
0.827125
0.80784
0.511767
0.102179
0.056157
0.968705
0.400985
0.532746
0.378967
0.858603
0.227529
0.758357
0.704029
0.167021
0.803624
0.737945
0.206882
0.180811
0.156876
0.055547
0.470205
0.595342
0.22243
0.481496
0.892869
0.089845
0.656281
0.685426
0.813118
0.617531
0.029011
0.804893
0.575099
0.009244
0.39957
0.448537
0.198858
0.711742
0.255573
0.678001
0.028922
0.712328
0.991325
0.865691
0.546685
0.25203
0.618197
0.644386
0.746932
0.216967
0.543253
0.470226
0.808654
0.240687
0.053642
0.943578
0.217324
0.842591
0.691947
0.11378
0.993699
0.94679
0.243292
0.598563
0.684756
0.818105
0.850208
0.285573
0.191521
0.185945
0.87641
0.98305
0.057976
0.638053
0.928974
0.774602
0.029115
0.711388
0.932052
0.222164
0.103239
0.875599
0.626615
0.749953
0.289165
0.776092
0.977341
0.842393
0.447546
0.960324
0.139267
0.201589
0.786454
0.157964
0.980379
0.720328
0.516959
0.456174
0.404424
0.858004
0.179949
0.191376
0.825507
0.846845
0.745407
0.339647
0.232236
0.129683
0.644631
0.752036
0.385179
0.325358
0.127172
0.616805
0.49562
0.3758
0.49811
0.327619
0.722252
0.36553
0.95284
0.440298
0.035185
0.497229
0.156264
0.367972
0.109084
0.772762
0.518313
0.129487
0.740098
0.074991
0.743073
0.94884
0.891972
0.413744
0.516157
0.179978
0.278086
0.055235
0.781743
3.3e-05
0.163325
0.916135
0.301668
0.222176
0.091389
0.168834
0.395759
0.303994
0.295705
0.787128
0.213661
0.816876
0.798204
0.149069
0.697058
0.638125
0.183871
0.478151
0.897851
0.021071
0.794854
0.482649
0.057865
0.368848
0.866412
0.958359
0.238005
0.762214
0.299686
0.147865
0.893475
0.669552
0.163033
0.842934
0.922587
0.082234
0.53389
0.40331
0.852342
0.248916
0.832776
0.484891
0.353451
0.908471
0.463308
0.105838
0.319137
0.252624
0.340819
0.969435
0.225351
0.831799
0.829064
0.249095
0.017621
0.403354
0.942829
0.634894
0.756218
0.397346
0.390018
0.864172
0.978204
0.930852
0.780905
0.572655
0.414289
0.708115
0.054877
0.478752
0.434585
0.725992
0.932685
0.147143
0.147993
0.403824
0.607123
0.274898
0.366115
0.313881
0.487139
0.118112
0.77842
0.660617
0.056076
0.803365
0.39312
0.551948
0.764792
0.065036
0.261372
0.072296
0.645945
0.82581
0.869994
0.286007
0.937917
0.254421
0.49935
0.714104
0.659891
0.281548
0.732702
0.103729
0.603099
0.420615
0.152417
0.463025
0.394218
0.793867
0.562338
0.706807
0.876135
0.898084
0.151575
0.16972
0.415472
0.307553
0.90562
0.433782
0.458641
0.424081
0.331892
0.666828
0.76015
0.62479
0.810745
0.742386
0.715195
0.402988
0.596692
0.545487
0.68917
0.080441
0.406459
0.164652
0.466568
0.198071
0.875591
0.571456
0.271286
0.706873
0.362705
0.390081
0.011719
0.605201
0.286834
0.73673
0.918667
0.432835
0.795031
0.413534
0.729851
0.929337
0.230611
0.700309
0.31998
0.973354
0.939592
0.376461
0.395267
0.73901
0.926992
0.276999
0.21149
0.293727
0.314772
0.604419
0.606829
0.760122
0.408862
0.325027
0.199655
0.74043
0.729675
0.333459
0.051866
0.824751
0.025958
0.616465
0.377535
0.365332
0.973443
0.955287
0.296171
0.173197
0.158052
0.753456
0.891269
0.858437
0.655055
0.097561
0.083952
0.218546
0.844368
0.704289
0.392756
0.740341
0.305786
0.127906
0.122134
0.904789
0.503202
0.293331
0.888196
0.21346
0.565949
0.477678
0.538164
0.706153
0.536832
0.107453
0.497854
0.221114
0.320956
0.459747
0.293531
0.397119
0.391283
0.855235
0.377578
0.129014
0.282037
0.775001
0.239242
0.694588
0.39146
0.511126
0.761475
0.422938
0.956121
0.922591
0.402586
0.325751
0.790724
0.983304
0.004568
0.446727
0.300403
0.196625
0.867756
0.425223
0.805412
0.995432
0.117789
0.663052
0.562855
0.3234
0.830515
0.134383
0.768812
0.430009
0.6464
0.177848
0.996516
0.049148
0.898774
0.873904
0.499412
0.752883
0.227907
0.227811
0.525137
0.557768
0.315651
0.873985
0.785481
0.999786
0.459324
0.864164
0.745708
0.281742
0.561487
0.256698
0.473121
0.673913
0.953139
0.035156
0.023644
0.978955
0.510976
0.625764
0.964409
0.881008
0.282535
0.804921
0.162476
0.364188
0.892915
0.485028
0.680926
0.922506
0.839191
0.793041
0.808284
0.075708
0.992821
0.201203
0.377766
0.130139
0.26675
0.188291
0.285038
0.475695
0.295432
0.413404
0.142178
0.431764
0.321758
0.87364
0.490255
0.035605
0.229901
0.36386
0.952569
0.139967
0.536774
0.797362
0.549129
0.158753
0.49915
0.996279
0.169305
0.822706
0.263186
0.889038
0.78586
0.584509
0.618762
0.739712
0.193537
0.25929
0.560032
0.834761
0.072533
0.760447
0.988639
0.792729
0.010273
0.997875
0.715908
0.348933
0.315043
0.567805
0.461448
0.681988
0.102212
0.698552
0.50643
0.07781
0.949684
0.321369
0.187649
0.790453
0.304096
0.180242
0.94261
0.36392
0.274335
0.655123
0.15334
0.400268
0.748361
0.324321
0.064078
0.659571
0.78703
0.186153
0.696787
0.406442
0.894224
0.624214
0.043432
0.182722
0.075082
0.013377
0.878587
0.913012
0.780991
0.849102
0.868342
0.524753
0.544887
0.498807
0.318336
0.881063
0.609052
0.944071
0.569006
0.109613
0.26883
0.46113
0.202721
0.438452
0.459826
0.353861
0.974112
0.425647
0.618663
0.430748
0.430944
0.570925
0.556934
0.077388
0.86546
0.84564
0.400335
0.737103
0.273809
0.130549
0.964635
0.60108
0.919563
0.995363
0.326858
0.671606
0.111724
0.638704
0.487937
0.758886
0.329032
0.510703
0.975258
0.291604
0.490224
0.96078
0.414309
0.376153
0.704914
0.37056
0.406081
0.845954
0.824857
0.173189
0.359665
0.443735
0.452935
0.008346
0.002348
0.413082
0.978251
0.034974
0.893162
0.903693
0.520075
0.594771
0.009934
0.965172
0.557458
0.850821
0.396761
0.466476
0.041258
0.366731
0.079559
0.100277
0.574589
0.629061
0.897094
0.846702
0.29879
0.275032
0.514452
0.388197
0.740728
0.414947
0.049951
0.813431
0.794165
0.495422
0.887089
0.585003
0.980408
0.554467
0.56121
0.735582
0.87639
0.450651
0.268142
0.676194
0.062476
0.20675
0.710495
0.082506
0.26125
0.40356
0.414052
0.976097
0.633449
0.691772
0.861826
0.309698
0.593371
0.99569
0.266055
0.467246
0.647234
0.292421
0.719053
0.615261
0.999215
0.037203
0.005748
0.022859
0.52637
0.682779
0.813215
0.788575
0.636842
0.279334
0.392201
0.852983
0.861527
0.480369
0.567058
0.232323
0.515311
0.13416
0.601489
0.611526
0.237631
0.815315
0.968096
0.760835
0.998335
0.910674
0.606605
0.074363
0.921314
0.237319
0.15095
0.83879
0.545953
0.684426
0.46051
0.332937
0.818908
0.762704
0.979302
0.538589
0.152771
0.888383
0.182396
0.936778
0.537391
0.024778
0.966731
0.742248
0.362376
0.876449
0.072451
0.949137
0.816944
0.822594
0.147872
0.138425
0.429469
0.703669
0.57322
0.806792
0.539419
0.274739
0.101742
0.81493
0.625945
0.324828
0.750211
0.256618
0.956559
0.37878
0.062263
0.556852
0.313254
0.012482
0.131896
0.679762
0.694321
0.923457
0.754153
0.555342
0.495069
0.193827
0.421143
0.957603
0.647807
0.101815
0.583861
0.921078
0.742602
0.619269
0.798687
0.491327
0.05202
0.72714
0.866756
0.458796
0.096531
0.187229
0.173376
0.344772
0.344348
0.912582
0.015129
0.862152
0.527152
0.708274
0.836028
0.170509
0.320677
0.165436
0.20051
0.258449
0.377034
0.257911
0.251347
0.837869
0.909148
0.492908
0.245731
0.886919
0.555397
0.150638
0.42623
0.776264
0.142438
0.170933
0.457144
0.240675
0.71883
0.905623
0.819441
0.007796
0.04627
0.084089
0.103929
0.014501
0.450118
0.90305
0.82579
0.382467
0.179294
0.551394
0.487951
0.347996
0.875777
0.183298
0.715363
0.025169
0.462552
0.140258
0.539207
0.16285
0.9358
0.676908
0.228728
0.337494
0.652063
0.312597
0.371075
0.687691
0.889482
0.568941
0.19989
0.410837
0.199151
0.738783
0.18315
0.600485
0.155857
0.534569
0.963265
0.210453
0.585058
0.144435
0.970252
0.515776
0.364707
0.356967
0.099166
0.491577
0.89553
0.276209
0.464002
0.516789
0.327661
0.022776
0.72053
0.559952
0.761858
0.92615
0.023359
0.218181
0.744843
0.034003
0.534537
0.155409
0.501733
0.681958
0.172587
0.058575
0.609206
0.688295
0.513573
0.859359
0.872188
0.528387
0.597726
0.438035
0.265646
0.8344
0.512571
0.613626
0.937268
0.30884
0.321686
0.007293
0.335232
0.321142
0.159382
0.522819
0.844307
0.885483
0.882041
0.542814
0.765325
0.072208
0.861007
0.635207
0.921697
0.347127
0.639718
0.57804
0.507596
0.073794
0.576321
0.56332
0.026673
0.719931
0.906875
0.132029
0.261323
0.478657
0.320235
0.747696
0.840886
0.93437
0.290444
0.610794
0.451481
0.631791
0.243178
0.803831
0.367181
0.221866
0.741949
0.161741
0.077477
0.347265
0.370463
0.572334
0.67052
0.468113
0.748274
0.592016
0.049459
0.022041
0.315606
0.764927
0.411072
0.388719
0.762667
0.275229
0.345212
0.114385
0.701861
0.21113
0.391271
0.063305
0.782636
0.060544
0.818915
0.743989
0.133194
0.976742
0.182208
0.878015
0.221906
0.741352
0.923021
0.014029
0.925858
0.662204
0.279453
0.48157
0.969744
0.864292
0.209535
0.318271
0.883163
0.208782
0.183296
0.380385
0.85552
0.938483
0.342096
0.105778
0.199843
0.942903
0.763817
0.743185
0.873855
0.836455
0.949853
0.600964
0.716277
0.624445
0.903817
0.796304
0.63381
0.374539
0.199716
0.58979
0.155865
0.280401
0.256402
0.595392
0.226644
0.19048
0.741736
0.084231
0.487408
0.792713
0.516264
0.201227
0.056316
0.83159
0.866864
0.032274
0.686186
0.039485
0.982109
0.173707
0.195653
0.44335
0.363109
0.878204
0.782193
0.953771
0.468272
0.722323
0.241389
0.33915
0.081642
0.094397
0.193157
0.963517
0.699553
0.247435
0.502044
0.054002
0.379747
0.273004
0.700701
0.920533
0.400187
0.572784
0.653122
0.701429
0.21538
0.344427
0.119038
0.923378
0.956135
0.085672
0.535982
0.696048
0.951478
0.530431
0.981263
0.621159
0.899266
0.440033
0.696485
0.024223
0.904752
0.007814
0.707129
0.68663
0.172694
0.303005
0.407121
0.455091
0.223254
0.826243
0.743606
0.070957
0.532516
0.08012
0.781906
0.721747
0.267406
0.280124
0.806272
0.269556
0.820455
0.429014
0.70108
0.9785
0.661674
0.14779
0.997929
0.744778
0.750074
0.053361
0.772919
0.089433
0.064144
0.257117
0.33426
0.320372
0.100234
0.422475
0.215656
0.166558
0.423943
0.108917
0.140085
0.731852
0.285943
0.42515
0.560264
0.256813
0.625215
0.253008
0.341454
0.051471
0.933158
0.063978
0.961248
0.254944
0.42427
0.074661
0.70216
0.793258
0.711958
0.444558
0.28622
0.437818
0.712828
0.526004
0.482352
0.951283
0.834656
0.788082
0.33472
0.9179
0.677129
0.868489
0.962877
0.793797
0.869576
0.591451
0.751064
0.500241
0.614853
0.383276
0.700766
0.525153
0.279943
0.30388
0.2884
0.77405
0.242175
0.60372
0.041925
0.756837
0.516965
0.607965
0.291862
0.240259
0.666109
0.305139
0.389848
0.620577
0.160049
0.035661
0.929044
0.706932
0.499319
0.60989
0.603239
0.541989
0.509241
0.984072
0.669179
0.381988
0.461822
0.152732
0.501243
0.914183
0.113527
0.415441
0.567449
0.623403
0.921879
0.10296
0.994302
0.620444
0.095946
0.858073
0.046854
0.166579
0.091829
0.685646
0.994391
0.645225
0.376661
0.107182
0.97569
0.508786
0.408953
0.974813
0.16389
0.781227
0.448729
0.337378
0.511515
0.268963
0.522114
0.494097
0.932251
0.030698
0.342202
0.320091
0.757497
0.747127
0.187536
0.540354
0.696162
0.702385
0.833452
0.394583
0.624505
0.47897
0.942406
0.962209
0.646962
0.302793
0.28444
0.096222
0.809693
0.854156
0.753243
0.931996
0.7381
0.54213
0.270164
0.537693
0.386406
0.515421
0.285523
0.93088
0.983604
0.019124
0.198983
0.619454
0.951489
0.59773
0.969072
0.80131
0.65285
0.434063
0.830996
0.92402
0.690909
0.502505
0.875789
0.445242
0.373645
0.688996
0.780926
0.928064
0.614034
0.152794
0.927633
0.733233
0.697565
0.328848
0.12276
0.343323
0.908223
0.715596
0.40272
0.45956
0.090227
0.237965
0.966244
0.680159
0.652437
0.171087
0.040625
0.988246
0.598391
0.970886
0.750968
0.679855
0.737824
0.100246
0.191293
0.304823
0.376561
0.847472
0.807251
0.224597
0.108467
0.997467
0.583292
0.658584
0.071756
0.999864
0.855774
0.961305
0.540385
0.618317
0.317119
0.77148
0.809268
0.806321
0.834082
0.550795
0.688103
0.111412
0.280861
0.370572
0.594008
0.671877
0.308938
0.798605
0.19985
0.120545
0.217518
0.432636
0.97152
0.363437
0.968704
0.545195
0.168851
0.311971
0.82232
0.495629
0.818832
0.19629
0.636446
0.011954
0.457144
0.549221
0.348387
0.780819
0.90516
0.297204
0.592913
0.287215
0.394991
0.788528
0.528109
0.078792
0.264094
0.225886
0.998706
0.606685
0.334731
0.690175
0.076561
0.583905
0.228018
0.192262
0.213409
0.060059
0.043617
0.457995
0.986903
0.638954
0.828222
0.635801
0.905942
0.677298
0.899981
0.053808
0.715397
0.62156
0.225458
0.851389
0.47067
0.02414
0.520016
0.404493
0.019411
0.373279
0.911728
0.496815
0.530874
0.945887
0.961044
0.362592
0.320936
0.114802
0.573735
0.661382
0.049719
0.788464
0.174861
0.331027
0.949588
0.686893
0.522088
0.184515
0.793823
0.256331
0.728243
0.687071
0.810365
0.200926
0.239705
0.549897
0.094213
0.331959
0.867334
0.602901
0.706543
0.094202
0.999661
0.660182
0.134729
0.819472
0.707174
0.612595
0.553802
0.846178
0.226624
0.860413
0.979003
0.726744
0.655159
0.328231
0.012046
0.890236
0.707376
0.090622
0.865681
0.342532
0.287382
0.443409
0.164928
0.60912
0.534863
0.421368
0.553694
0.83542
0.071603
0.242656
0.296299
0.370023
0.889233
0.842284
0.233177
0.178602
0.993601
0.36125
0.217548
0.740408
0.593412
0.329583
0.073407
0.046004
0.33514
0.382288
0.581241
0.147165
0.279553
0.692396
0.278483
0.77899
0.705279
0.10359
0.844733
0.95827
0.654823
0.770505
0.912449
0.024096
0.854758
0.275902
0.647974
0.387333
0.244007
0.448878
0.951807
0.010018
0.091528
0.11398
0.643028
0.922407
0.651139
0.753432
0.612802
0.222107
0.647968
0.032617
0.166372
0.452882
0.532736
0.788908
0.903719
0.770813
0.929225
0.653942
0.288856
0.306216
0.730258
0.330048
0.636165
0.871377
0.80681
0.707846
0.324998
0.417938
0.572183
0.312958
0.751502
0.405933
0.40446
0.97906
0.292196
0.267986
0.778106
0.105234
0.077514
0.069862
0.050262
0.089303
0.436308
0.392594
0.153338
0.920581
0.789145
0.170301
0.035401
0.438137
0.749241
0.926163
0.093301
0.032913
0.670486
0.07933
0.312857
0.60397
0.195072
0.461977
0.165612
0.518115
0.736945
0.118261
0.014892
0.753647
0.542135
0.910992
0.766576
0.587526
0.648551
0.027437
0.023816
0.315066
0.095811
0.12033
0.28932
0.728332
0.099057
0.345529
0.842752
0.252036
0.822335
0.069031
0.61255
0.177567
0.596743
0.340004
0.142624
0.026544
0.339115
0.883141
0.629939
0.078253
0.302878
0.263662
0.984201
0.202617
0.080513
0.560029
0.816699
0.516682
0.562758
0.508327
0.238979
0.088489
0.063127
0.846048
0.763301
0.073399
0.492069
0.58878
0.708424
0.679318
0.832367
0.00323
0.509455
0.781654
0.782773
0.474672
0.225407
0.869773
0.773659
0.23462
0.534376
0.213086
0.704695
0.906882
0.363224
0.111245
0.69538
0.262535
0.453504
0.657026
0.46406
0.937652
0.037458
0.516848
0.383321
0.695906
0.100621
0.338931
0.768244
0.78476
0.157533
0.352115
0.430837
0.872385
0.691192
0.03407
0.746445
0.986082
0.838952
0.654162
0.32554
0.767138
0.095167
0.114819
0.300306
0.637191
0.01003
0.786703
0.533946
0.331354
0.682425
0.37658
0.471208
0.584525
0.854806
0.870561
0.307089
0.328489
0.051887
0.678592
0.972718
0.166382
0.302905
0.983721
0.913673
0.888073
0.256243
0.127233
0.481916
0.22183
0.134511
0.811716
0.373761
0.854292
0.064219
0.18627
0.538964
0.036252
0.025936
0.586678
0.508388
0.913947
0.743371
0.823834
0.52964
0.061897
0.509844
0.156246
0.123062
0.959316
0.3147
0.364831
0.977144
0.162468
0.158628
0.244752
0.931619
0.547435
0.191004
0.707227
0.770959
0.068257
0.63826
0.927953
0.780826
0.524214
0.513731
0.559953
0.439556
0.256022
0.177864
0.895094
0.301408
0.954337
0.73636
0.910749
0.375183
0.005571
0.32272
0.695016
0.184677
0.234499
0.533288
0.390181
0.305882
0.326615
0.9474
0.678441
0.854049
0.140947
0.365143
0.167386
0.725831
0.040165
0.542927
0.306139
0.39222
0.895682
0.065432
0.91166
0.750866
0.58344
0.979152
0.577499
0.71201
0.219174
0.663146
0.098508
0.40164
0.96506
0.380569
0.740207
0.695337
0.991919
0.6269
0.148903
0.35707
0.690021
0.310802
0.086963
0.888282
0.111856
0.808838
0.996284
0.247903
0.172784
0.404936
0.871859
0.204818
0.558873
0.537926
0.91221
0.719233
0.894364
0.373332
0.680387
0.55175
0.449673
0.476548
0.973833
0.380058
0.075662
0.667803
0.400827
0.687277
0.933152
0.854452
0.70939
0.789143
0.179076
0.133212
0.204084
0.611326
0.588091
0.601845
0.607539
0.592464
0.799491
0.038095
0.099951
0.426066
0.254886
0.615994
0.974803
0.327151
0.153165
0.321156
0.728995
0.46295
0.696026
0.489572
0.028256
0.373243
0.53184
0.12004
0.044374
0.870381
0.947353
0.636781
0.380404
0.841456
0.888818
0.930318
0.791832
0.661007
0.088076
0.927648
0.816643
0.687248
0.012011
0.727453
0.937547
0.548212
0.280112
0.895774
0.168605
0.474016
0.919925
0.089893
0.831667
0.340916
0.227139
0.786061
0.411612
0.755361
0.59386
0.85853
0.470232
0.699829
0.910355
0.859805
0.946471
0.213304
0.401229
0.143037
0.544135
0.14215
0.181722
0.093778
0.385095
0.877509
0.567714
0.678181
0.890791
0.8946
0.710861
0.55863
0.986361
0.893141
0.776321
0.675044
0.806843
0.528518
0.880526
0.498252
0.439917
0.250449
0.131774
0.754079
0.661402
0.989107
0.2256
0.894897
0.192504
0.174639
0.336998
0.335457
0.063996
0.572512
0.634722
0.801412
0.409689
0.885006
0.031341
0.016147
0.299017
0.143151
0.68889
0.106671
0.25863
0.653896
0.645677
0.980266
0.385124
0.283191
0.840821
0.550573
0.136676
0.549836
0.75694
0.883702
0.263489
0.895824
0.694037
0.315545
0.550962
0.272206
0.724442
0.305418
0.53078
0.056981
0.828563
0.508561
0.629506
0.231413
0.50157
0.907238
0.553409
0.039035
0.695871
0.729776
0.420662
0.130499
0.998453
0.723019
0.941157
0.620494
0.340148
0.250565
0.002911
0.336566
0.517768
0.009097
0.056441
0.490717
0.653781
0.999596
0.276719
0.460785
0.924719
0.490144
0.311944
0.440503
0.195215
0.803303
0.983691
0.452907
0.886495
0.013833
0.53443
0.319496
0.474949
0.266513
0.85405
0.658095
0.478203
0.87786
0.703061
0.21808
0.510808
0.565862
0.862069
0.93866
0.739592
0.338962
0.241825
0.978422
0.359711
0.017963
0.239425
0.507143
0.371227
0.768734
0.770814
0.943365
0.296526
0.72522
0.29264
0.303312
0.580831
0.53902
0.556847
0.603595
0.935413
0.661305
0.033745
0.600182
0.636194
0.656136
0.182801
0.62078
0.59115
0.930827
0.413148
0.29304
0.697266
0.528057
0.792317
0.724849
0.751916
0.070947
0.303128
0.319852
0.593959
0.983429
0.779694
0.351921
0.880768
0.726466
0.70043
0.50352
0.678267
0.681315
0.157391
0.582671
0.103164
0.572709
0.405874
0.987243
0.492229
0.184992
0.583608
0.69925
0.893793
0.533019
0.707597
0.246527
0.333683
0.828557
0.777065
0.420433
0.636992
0.085311
0.874599
0.341366
0.77081
0.821972
0.130915
0.426047
0.918236
0.255965
0.964747
0.311261
0.1735
0.534568
0.913789
0.318067
0.707804
0.269099
0.353872
0.906263
0.513172
0.729963
0.285324
0.30686
0.896568
0.504641
0.959577
0.94574
0.970694
0.186745
0.692159
0.389049
0.268658
0.614474
0.107016
0.64614
0.536309
0.176222
0.80163
0.196398
0.008064
0.716565
0.671287
0.696755
0.092101
0.634358
0.336621
0.033599
0.43913
0.064912
0.481928
0.012617
0.121012
0.205039
0.760283
0.73762
0.685996
0.688308
0.441277
0.040871
0.81477
0.260246
0.15899
0.881444
0.6593
0.230079
0.848234
0.069783
0.519996
0.588546
0.741715
0.478071
0.286652
0.066119
0.131232
0.124457
0.214443
0.967564
0.679238
0.631574
0.637815
0.467139
0.633272
0.718826
0.601933
0.403957
0.259479
0.651045
0.161749
0.969805
0.212224
0.440466
0.86511
0.763697
0.030604
0.458967
0.538603
0.908885
0.524257
0.612327
0.552343
0.813627
0.548632
0.483166
0.299844
0.129539
0.319466
0.759248
0.097184
0.883503
0.552464
0.470797
0.620527
0.400922
0.077364
0.935191
0.393161
0.6444
0.780091
0.55246
0.247864
0.053222
0.060706
0.96324
0.172677
0.216278
0.286166
0.627876
0.351899
0.265636
0.97139
0.268517
0.779207
0.927258
0.152666
0.660166
0.943022
0.340561
0.673534
0.815799
0.652176
0.45041
0.70337
0.330503
0.893608
0.484084
0.099889
0.594513
0.480604
0.97776
0.696381
0.116431
0.132791
0.037971
0.305378
0.322403
0.918322
0.662486
0.438518
0.169001
0.498552
0.026637
0.813478
0.917899
0.645603
0.092496
0.998106
0.788683
0.742519
0.846711
0.907568
0.037786
0.56755
0.876416
0.042551
0.466234
0.380442
0.12461
0.991648
0.889361
0.385952
0.48907
0.865871
0.488987
0.761684
0.934306
0.383185
0.422844
0.720699
0.850334
0.448069
0.310176
0.490568
0.489388
0.703137
0.022951
0.644722
0.751978
0.434754
0.700171
0.77247
0.959133
0.855512
0.791389
0.868105
0.951773
0.819247
0.270126
0.438919
0.808311
0.05028
0.9028
0.432395
0.246435
0.800818
0.424959
0.60961
0.045293
0.245138
0.045001
0.584219
0.880308
0.220128
0.026039
0.067788
0.094162
0.393056
0.141254
0.61049
0.438362
0.429005
0.365808
0.889931
0.002847
0.110056
0.560964
0.375039
0.636077
0.153099
0.867365
0.418748
0.178165
0.213189
0.584102
0.340979
0.673353
0.137799
0.342462
0.178695
0.412936
0.548794
0.597307
0.88823
0.31495
0.406939
0.241022
0.539102
0.802182
0.396367
0.313563
0.226139
0.553278
0.655972
0.421782
0.51108
0.850836
0.84898
0.144531
0.848668
0.226775
0.131756
0.719149
0.932947
0.775888
0.34228
0.996695
0.450259
0.099272
0.81307
0.141646
0.565483
0.799389
0.710062
0.951332
0.164
0.124363
0.552214
0.552334
0.757112
0.988574
0.469286
0.163316
0.300166
0.683003
0.153745
0.591053
0.881175
0.900962
0.183526
0.233888
0.103013
0.302124
0.216207
0.936262
0.684157
0.304677
0.894686
0.547615
0.619014
0.54175
0.165591
0.909817
0.33546
0.974208
0.755757
0.691208
0.038132
0.045976
0.380772
0.411337
0.272472
0.41589
0.42351
0.897296
0.24782
0.906316
0.017109
0.645244
0.430762
0.508421
0.614778
0.750549
0.510592
0.755307
0.256925
0.418321
0.231044
0.026566
0.792716
0.736386
0.290892
0.750002
0.530871
0.684332
0.273322
0.05411
0.727035
0.654287
0.336359
0.835233
0.409557
0.800277
0.629875
0.942954
0.01342
0.199608
0.099027
0.655333
0.959443
0.284453
0.231734
0.298302
0.587588
0.204695
0.524699
0.961079
0.563979
0.761745
0.214509
0.662937
0.018869
0.447698
0.877473
0.416617
0.00982
0.887629
0.216632
0.95808
0.685157
0.442303
0.008977
0.690886
0.713803
0.547821
0.965825
0.519039
0.351225
0.752527
0.32107
0.725724
0.769993
0.137606
0.102702
0.383678
0.219947
0.973401
0.231033
0.293897
0.158833
0.200175
0.107805
0.716993
0.242359
0.706794
0.405985
0.397144
0.185573
0.024963
0.269813
0.425518
0.5002
0.786231
0.08896
0.267264
0.24594
0.356439
0.296265
0.617522
0.95176
0.8557
0.603747
0.86163
0.500051
0.548341
0.1864
0.375527
0.662227
0.325241
0.226489
0.172668
0.581859
0.840321
0.327388
0.03794
0.731492
0.962433
0.33743
0.097542
0.229767
0.915578
0.138916
0.797357
0.113596
0.939718
0.986393
0.962102
0.590081
0.018997
0.080466
0.170526
0.051004
0.95485
0.236019
0.105207
0.321955
0.722151
0.136887
0.966555
0.115786
0.989212
0.296601
0.913448
0.223192
0.583822
0.054663
0.784959
0.847499
0.182602
0.753981
0.162157
0.022549
0.998551
0.95066
0.289594
0.971258
0.452774
0.475891
0.288485
0.040906
0.859051
0.72057
0.866767
0.650829
0.602041
0.825595
0.481288
0.540987
0.685064
0.834773
0.269008
0.654366
0.823136
0.198599
0.128047
0.766708
0.094058
0.509056
0.827477
0.237206
0.21889
0.829151
0.877316
0.673007
0.745044
0.363917
0.517956
0.695651
0.479949
0.272576
0.934968
0.940004
0.850166
0.562826
0.275747
0.805056
0.868502
0.329351
0.003956
0.204486
0.704817
0.95723
0.488289
0.866111
0.584469
0.229935
0.466444
0.093485
0.053831
0.030577
0.257116
0.364572
0.079323
0.800476
0.513362
0.725138
0.156932
0.738257
0.60135
0.05298
0.01258
0.11589
0.591714
0.074696
0.30655
0.779625
0.711193
0.16443
0.499755
0.365266
0.179661
0.946292
0.254123
0.226245
0.228884
0.136121
0.895618
0.919683
0.973035
0.895783
0.604645
0.038276
0.414637
0.411095
0.232537
0.95514
0.059647
0.10182
0.29481
0.480167
0.211614
0.788411
0.183711
0.097147
0.635918
0.617895
0.609785
0.517656
0.678992
0.936322
0.902077
0.721386
0.300406
0.738356
0.372944
0.587373
0.905411
0.398553
0.623189
0.082261
0.623378
0.687171
0.673875
0.07185
0.086928
0.646557
0.663457
0.863404
0.204892
0.797483
0.297881
0.248483
0.377403
0.57026
0.363245
0.242892
0.653531
0.070281
0.057421
0.584929
0.251483
0.598166
0.475319
0.354808
0.511122
0.218783
0.700248
0.182165
0.573788
0.029876
0.876416
0.971352
0.10275
0.067848
0.044322
0.485114
0.990403
0.132279
0.183361
0.471473
0.603457
0.685402
0.787177
0.921641
0.266171
0.816954
0.372421
0.425517
0.139048
0.37878
0.380309
0.083619
0.423602
0.653669
0.34506
0.628735
0.573291
0.711406
0.214902
0.175268
0.66516
0.661554
0.749562
0.808747
0.106927
0.225335
0.248948
0.929459
0.176271
0.197013
0.085622
0.382691
0.753283
0.354248
0.484833
0.6542
0.110857
0.12756
0.879096
0.518457
0.861688
0.378412
0.069469
0.390712
0.020783
0.829559
0.947212
0.386243
0.082285
0.763423
0.354417
0.583126
0.165637
0.238712
0.912031
0.764424
0.795376
0.554398
0.082255
0.598205
0.359436
0.765988
0.565584
0.190481
0.34435
0.378246
0.869448
0.155735
0.023308
0.084373
0.92603
0.135266
0.746534
0.886166
0.583788
0.845788
0.93474
0.703314
0.207717
0.042808
0.838287
0.217153
0.300256
0.900788
0.905111
0.335506
0.833902
0.054846
0.860792
0.329641
0.365743
0.25821
0.949219
0.43542
0.169618
0.993664
0.772971
0.436482
0.938069
0.734361
0.654554
0.292832
0.072069
0.097632
0.53134
0.751874
0.75258
0.853652
0.757374
0.697458
0.791501
0.566456
0.944843
0.488108
0.286124
0.296715
0.465107
0.964186
0.710784
0.630447
0.32787
0.894241
0.443037
0.892729
0.819802
0.944717
0.346236
0.589521
0.835307
0.934786
0.392322
0.080782
0.741677
0.738865
0.467085
0.644852
0.428928
0.75223
0.413504
0.475095
0.677368
0.787402
0.022667
0.666388
0.902606
0.952588
0.595605
0.016777
0.089047
0.594071
0.720533
0.721752
0.337444
0.661855
0.68126
0.82186
0.877439
0.647029
0.862097
0.355516
0.252391
0.891901
0.74094
0.616778
0.49829
0.238753
0.767837
0.911782
0.08942
0.565472
0.764453
0.314001
0.547294
0.921988
0.297551
0.547094
0.753138
0.032245
0.861438
0.294305
0.928577
0.50322
0.005059
0.431003
0.780127
0.98313
0.769399
0.274738
0.428515
0.942304
0.06873
0.194494
0.469795
0.281124
0.232514
0.18756
0.663183
0.762052
0.629924
0.832187
0.3251
0.130423
0.625153
0.930551
0.656754
0.165201
0.985289
0.895344
0.852168
0.549705
0.29127
0.876322
0.941461
0.264169
0.581436
0.189439
0.075054
0.914625
0.835804
0.149234
0.03691
0.44321
0.740219
0.99998
0.444467
0.978361
0.25475
0.565525
0.175265
0.06827
0.266433
0.668192
0.566708
0.853446
0.895063
0.253592
0.157487
0.890549
0.231832
0.864786
0.033031
0.85487
0.042462
0.393879
0.629826
0.700912
0.755181
0.620796
0.039189
0.244542
0.939902
0.525598
0.571849
0.854329
0.539109
0.096362
0.640528
0.124561
0.842632
0.829494
0.110554
0.063937
0.499612
0.223395
0.167221
0.953605
0.037549
0.696853
0.096751
0.671132
0.617383
0.105038
0.676334
0.117596
0.235237
0.500751
0.99185
0.128828
0.794447
0.416141
0.56262
0.646507
0.300296
0.134642
0.203698
0.741323
0.281387
0.26043
0.741144
0.872377
0.593697
0.111588
0.251108
0.543522
0.830062
0.881739
0.525994
0.3052
0.570276
0.122811
0.314159
0.6637
0.187833
0.344334
0.747233
0.063371
0.361733
0.052199
0.372297
0.306843
0.874127
0.005251
0.30619
0.196964
0.015052
0.134035
0.049969
0.964512
0.481721
0.565404
0.346081
0.232668
0.145715
0.858681
0.949313
0.312731
0.90579
0.773327
0.754601
0.260768
0.743343
0.017506
0.965211
0.542617
0.607598
0.925114
0.571404
0.245787
0.118581
0.022515
0.770006
0.805715
0.513184
0.090745
0.959501
0.059713
0.39734
0.241856
0.48966
0.882245
0.062427
0.497541
0.226352
0.286775
0.011079
0.998153
0.834829
0.141445
0.601533
0.116927
0.911361
0.54751
0.144134
0.849513
0.752846
0.908835
0.443302
0.232374
0.971471
0.337751
0.575621
0.904977
0.159504
0.672522
0.805541
0.577485
0.422528
0.36798
0.879993
0.486097
0.002847
0.130735
0.502084
0.728978
0.28051
0.14645
0.586301
0.5419
0.37045
0.814138
0.718332
0.850139
0.483122
0.115595
0.50139
0.631341
0.669447
0.511958
0.917178
0.239007
0.840082
0.185558
0.254718
0.44023
0.563379
0.053379
0.606903
0.353848
0.246989
0.602853
0.158534
0.491258
0.373427
0.082823
0.09312
0.111126
0.543153
0.920077
0.424876
0.223126
0.27945
0.665151
0.686216
0.494453
0.338228
0.513697
0.167476
0.540753
0.354995
0.354728
0.254583
0.051772
0.563202
0.211831
0.541903
0.400725
0.885271
0.997094
0.427233
0.213676
0.41152
0.9269
0.613955
0.669242
0.907816
0.17856
0.401075
0.247965
0.258729
0.105592
0.664074
0.342141
0.482326
0.50147
0.56503
0.619658
0.948745
0.399902
0.953118
0.119254
0.635896
0.131148
0.142641
0.6458
0.646943
0.776244
0.487665
0.70092
0.759191
0.813342
0.283187
0.093074
0.280482
0.287205
0.014393
0.984939
0.569698
0.154721
0.317085
0.087192
0.784638
0.564568
0.39345
0.721257
0.116476
0.498597
0.636351
0.628088
0.83935
0.706055
0.419231
0.573031
0.487716
0.124588
0.884426
0.485333
0.469189
0.28506
0.089791
0.876832
0.732469
0.126716
0.090106
0.080627
0.98226
0.102193
0.389509
0.558553
0.874946
0.572633
0.997578
0.025963
0.543363
0.695895
0.182644
0.635582
0.034441
0.346832
0.4487
0.812071
0.35015
0.409404
0.252329
0.890248
0.998723
0.915728
0.115127
0.750076
0.641281
0.364607
0.878428
0.582461
0.938399
0.649562
0.077321
0.22526
0.411323
0.550806
0.893013
0.091393
0.339678
0.010418
0.812963
0.756068
0.96171
0.712474
0.086605
0.011504
0.474129
0.325136
0.356524
0.907406
0.580345
0.555915
0.71714
0.476132
0.065758
0.529047
0.587002
0.196757
0.246101
0.002317
0.515418
0.861921
0.91163
0.076442
0.192131
0.852321
0.684174
0.043378
0.597667
0.109894
0.723063
0.466373
0.566518
0.221121
0.009777
0.27891
0.864639
0.229575
0.868048
0.859992
0.984416
0.299066
0.690092
0.257808
0.40416
0.36784
0.084541
0.314246
0.171345
0.696014
0.884184
0.45196
0.260024
0.032461
0.614461
0.483596
0.907842
0.580375
0.187122
0.6679
0.748596
0.107098
0.741953
0.459762
0.308489
0.448074
0.007539
0.62581
0.164775
0.814985
0.861496
0.631358
0.579515
0.486713
0.478889
0.421164
0.651096
0.637246
0.059626
0.652366
0.983792
0.474247
0.715748
0.140981
0.790807
0.512373
0.051404
0.212232
0.723101
0.695362
0.745496
0.636698
0.266679
0.516931
0.375424
0.789817
0.922258
0.438007
0.572291
0.729277
0.817202
0.650028
0.219092
0.110716
0.659129
0.535405
0.54679
0.478828
0.525147
0.962473
0.192173
0.835595
0.611302
0.850644
0.137105
0.304792
0.659651
0.300287
0.61179
0.548988
0.606959
0.882881
0.393582
0.862189
0.893142
0.69092
0.14969
0.587568
0.172095
0.15086
0.761426
0.47556
0.829155
0.008405
0.206632
0.361689
0.775813
0.677581
0.687571
0.736727
0.48297
0.896041
0.325994
0.369193
0.90453
0.593472
0.753944
0.095949
0.730403
0.336771
0.439881
0.420565
0.121267
0.113099
0.564523
0.394752
0.006289
0.376257
0.943024
0.917984
0.495282
0.0267
0.736621
0.780948
0.005404
0.811039
0.258385
0.414718
0.097899
0.64274
0.052911
0.174218
0.406604
0.900588
0.931504
0.728039
0.87946
0.334487
0.989597
0.284852
0.770812
0.788688
0.138809
0.008097
0.759179
0.305265
0.772239
0.487044
0.217931
0.973433
0.518724
0.786631
0.313586
0.309781
0.685812
0.389148
0.921171
0.320571
0.961251
0.474094
0.947487
0.250097
0.491209
0.131392
0.71535
0.543483
0.437339
0.418526
0.466916
0.066876
0.452821
0.657819
0.630919
0.328067
0.629826
0.248229
0.868961
0.313482
0.494439
0.110535
0.453798
0.065632
0.380798
0.191852
0.233098
0.157183
0.746803
0.01357
0.729824
0.140434
0.177629
0.971228
0.085522
0.814373
0.358266
0.220023
0.090712
0.970617
0.839352
0.524331
0.386219
0.351168
0.407759
0.328927
0.829392
0.20166
0.405356
0.954575
0.115223
0.960381
0.059723
0.222652
0.934864
0.343822
0.09585
0.255718
0.923872
0.539387
0.727525
0.287962
0.515221
0.649268
0.134329
0.271693
0.238261
0.238223
0.521071
0.244715
0.111958
0.797412
0.586558
0.188744
0.371833
0.748617
0.407365
0.061136
0.027103
0.262225
0.234467
0.175648
0.063825
0.264558
0.717886
0.492102
0.419272
0.196299
0.324546
0.481864
0.891681
0.863177
0.863461
0.957736
0.498952
0.409316
0.634104
0.33915
0.90133
0.777219
0.134571
0.648226
0.08683
0.109345
0.485881
0.271943
0.524868
0.99105
0.905682
0.862691
0.247707
0.74789
0.546587
0.744956
0.424517
0.396805
0.475171
0.049914
0.135786
0.587812
0.060315
0.401644
0.100098
0.527623
0.674126
0.1703
0.868314
0.386647
0.923948
0.781739
0.393092
0.814168
0.663618
0.808323
0.56419
0.273954
0.176207
0.303855
0.995428
0.342867
0.571023
0.06239
0.989433
0.78322
0.34021
0.497642
0.510595
0.060147
0.704775
0.890904
0.31391
0.038428
0.175444
0.953817
0.800242
0.868965
0.386256
0.895255
0.829931
0.026185
0.653309
0.070416
0.927249
0.239604
0.473365
0.507102
0.304436
0.146942
0.384588
0.45535
0.497378
0.187652
0.82127
0.748481
0.190527
0.752001
0.551215
0.82822
0.567987
0.961361
0.248089
0.273887
0.253173
0.305548
0.718235
0.263786
0.10459
0.775815
0.085832
0.183223
0.349254
0.535122
0.984251
0.899081
0.07709
0.767818
0.456584
0.919476
0.676935
0.233921
0.834453
0.12841
0.000176
0.523543
0.050624
0.984583
0.159574
0.956966
0.213198
0.203216
0.110385
0.541908
0.721784
0.527389
0.012163
0.569351
0.093052
0.474875
0.219804
0.267728
0.602483
0.569551
0.363804
0.295822
0.708386
0.164821
0.246154
0.990642
0.533639
0.739988
0.293547
0.565358
0.033318
0.964454
0.249785
0.53724
0.330343
0.45216
0.52303
0.324888
0.938032
0.14702
0.418191
0.029886
0.172402
0.218509
0.962933
0.476905
0.761355
0.11236
0.623211
0.988729
0.379696
0.431736
0.359932
0.723011
0.895664
0.685905
0.901208
0.01063
0.91415
0.908919
0.101452
0.745085
0.156365
0.469755
0.198082
0.465295
0.09039
0.060256
0.31833
0.615235
0.721206
0.844699
0.942933
0.670543
0.367746
0.289502
0.770721
0.699917
0.815635
0.117386
0.254617
0.67386
0.543942
0.924006
0.35256
0.76633
0.208713
0.987746
0.292053
0.367694
0.758937
0.503398
0.108069
0.654514
0.137202
0.069282
0.495735
0.304055
0.285092
0.532832
0.682509
0.92343
0.926676
0.504047
0.088259
0.172871
0.923612
0.666822
0.020823
0.725418
0.809973
0.935375
0.207135
0.633659
0.771334
0.92374
0.990357
0.751977
0.818792
0.549968
0.219707
0.368943
0.248337
0.531113
0.20428
0.969237
0.232333
0.495374
0.843626
0.582287
0.288189
0.351344
0.898629
0.505896
0.26971
0.255631
0.289332
0.102
0.197719
0.075398
0.006213
0.35478
0.04572
0.231472
0.013332
0.888121
0.32265
0.511296
0.223619
0.545266
0.998012
0.589751
0.117888
0.930298
0.915151
0.878095
0.399678
0.091741
0.37649
0.204808
0.403064
0.695347
0.511198
0.082517
0.999036
0.257544
0.168096
0.893667
0.735702
0.397761
0.161049
0.446963
0.015951
0.15173
0.345255
0.745941
0.063242
0.992455
0.34601
0.653469
0.166611
0.775234
0.517832
0.195716
0.279204
0.077202
0.123826
0.293932
0.13055
0.675855
0.26011
0.602022
0.092745
0.14197
0.702758
0.300405
0.48389
0.336803
0.147565
0.863927
0.242628
0.595984
0.520354
0.790985
0.723137
0.19601
0.85148
0.207696
0.210455
0.306939
0.712623
0.933433
0.564824
0.66015
0.930426
0.660246
0.031969
0.269799
0.450713
0.001095
0.919389
0.420183
0.541695
0.369849
0.076908
0.999878
0.507892
0.684872
0.57422
0.277612
0.482003
0.269745
0.490615
0.559592
0.15491
0.103452
0.941331
0.089212
0.650487
0.88355
0.888978
0.483194
0.501197
0.560118
0.638898
0.029279
0.444337
0.053706
0.059859
0.366019
0.50313
0.412114
0.109147
0.218813
0.498027
0.859888
0.439476
0.388606
0.575373
0.940613
0.863664
0.890526
0.977432
0.429287
0.944043
0.800989
0.233786
0.041395
0.951298
0.471737
0.737982
0.823171
0.967654
0.337722
0.584585
0.053761
0.24745
0.859434
0.312421
0.316895
0.149039
0.542113
0.511031
0.85338
0.22711
0.338384
0.048662
0.712135
0.046488
0.868303
0.046243
0.298821
0.286727
0.777927
0.022099
0.706523
0.70313
0.21446
0.8339
0.869786
0.222972
0.446734
0.826152
0.685129
0.207999
0.338135
0.645193
0.729331
0.055707
0.192391
0.980874
0.729403
0.344411
0.656341
0.061717
0.795969
0.821223
0.049819
0.406057
0.763673
0.201091
0.702944
0.77457
0.27148
0.055295
0.07946
0.429442
0.621701
0.439709
0.069543
0.400826
0.417606
0.071334
0.27663
0.846008
0.425997
0.696358
0.616875
0.639656
0.242316
0.647802
0.306391
0.357678
0.037817
0.06058
0.120034
0.553352
0.187051
0.406225
0.538249
0.77523
0.262137
0.955354
0.70866
0.207479
0.1527
0.93124
0.776461
0.124773
0.693476
0.906884
0.969385
0.626666
0.884128
0.691322
0.187919
0.10333
0.29431
0.372366
0.940116
0.95747
0.233037
0.868825
0.535406
0.059786
0.166272
0.160091
0.734201
0.695937
0.68071
0.826864
0.946834
0.244684
0.813553
0.631188
0.471361
0.302499
0.219637
0.799722
0.923341
0.786526
0.556361
0.906765
0.186179
0.817306
0.756168
0.615486
0.978569
0.400742
0.971191
0.4918
0.613041
0.247351
0.791096
0.456721
0.657932
0.790518
0.088313
0.65115
0.426355
0.210641
0.046333
0.837356
0.496464
0.935856
0.680658
0.704963
0.550605
0.400714
0.266844
0.51393
0.460338
0.585459
0.904963
0.449671
0.01506
0.090864
0.632251
0.933351
0.443544
0.941709
0.142514
0.719565
0.800805
0.755827
0.313432
0.383538
0.127274
0.867428
0.084734
0.303683
0.931394
0.173984
0.196874
0.569632
0.03969
0.735854
0.986409
0.271804
0.225908
0.903714
0.413993
0.240435
0.368261
0.146826
0.731246
0.624552
0.403206
0.131607
0.412378
0.765704
0.104859
0.821305
0.153827
0.540206
0.733554
0.164239
0.987543
0.03627
0.121103
0.740082
0.664919
0.621369
0.592486
0.32985
0.607148
0.459698
0.230773
0.30479
0.985581
0.511585
0.991415
0.662769
0.318905
0.710202
0.615259
0.39125
0.773844
0.062653
0.012256
0.581289
0.921834
0.257202
0.972499
0.197216
0.779523
0.992076
0.574716
0.554328
0.910663
0.140537
0.884546
0.159056
0.575732
0.512996
0.120732
0.162347
0.291045
0.678492
0.607639
0.188909
0.523039
0.605452
0.615611
0.303251
0.172715
0.719633
0.52615
0.967378
0.544765
0.820434
0.924403
0.238137
0.561514
0.598503
0.964448
0.414726
0.796211
0.259518
0.873371
0.890999
0.175717
0.557908
0.687263
0.252832
0.772563
0.148768
0.24876
0.930991
0.047675
0.82369
0.015112
0.786389
0.586394
0.529179
0.637326
0.262972
0.945616
0.977373
0.814409
0.680828
0.859777
0.527213
0.381489
0.929399
0.650231
0.657124
0.583135
0.180742
0.925928
0.998128
0.780439
0.130817
0.05735
0.65844
0.238561
0.161133
0.61038
0.063471
0.073021
0.302099
0.928831
0.316461
0.474929
0.395032
0.77128
0.653782
0.06232
0.338083
0.794462
0.860347
0.496053
0.844854
0.422833
0.522834
0.752735
0.93742
0.987522
0.800161
0.038771
0.791794
0.056035
0.15009
0.898023
0.319636
0.523709
0.215929
0.088677
0.631714
0.517021
0.61632
0.577854
0.811931
0.581295
0.228481
0.638023
0.327423
0.122067
0.754628
0.552829
0.366784
0.881693
0.413309
0.619812
0.794114
0.437572
0.707835
0.384202
0.47634
0.54437
0.730778
0.360403
0.110826
0.047167
0.636106
0.27338
0.182833
0.609167
0.507639
0.604671
0.83507
0.367053
0.227673
0.239275
0.678748
0.139523
0.32566
0.796282
0.44068
0.911525
0.612555
0.517142
0.856793
0.392538
0.720042
0.176527
0.786651
0.951868
0.445898
0.091913
0.322567
0.315324
0.293212
0.662552
0.394646
0.06225
0.874501
0.043101
0.490489
0.524424
0.116754
0.780966
0.264814
0.896795
0.270834
0.066586
0.472147
0.299046
0.887285
0.721906
0.699296
0.633621
0.449837
0.678563
0.239024
0.610018
0.208873
0.855287
0.653225
0.183527
0.125869
0.847064
0.558328
0.064701
0.099875
0.319522
0.198176
0.302744
0.454509
0.95021
0.55614
0.084333
0.560215
0.534658
0.302936
0.313501
0.851357
0.148517
0.984844
0.647673
0.259268
0.940708
0.050009
0.568021
0.495253
0.913627
0.418316
0.566847
0.730019
0.495889
0.898866
0.985812
0.93787
0.091368
0.04174
0.678
0.490893
0.093625
0.0919
0.361769
0.586472
0.021833
0.821899
0.06436
0.247296
0.236651
0.802913
0.507799
0.986745
0.1972
0.053722
0.043959
0.000167
0.780117
0.795719
0.819201
0.262895
0.20484
0.409193
0.859893
0.124949
0.451646
0.614209
0.325589
0.328571
0.55629
0.642771
0.353571
0.281555
0.646881
0.559627
0.513401
0.486638
0.660353
0.750608
0.733916
0.746866
0.911358
0.320524
0.234197
0.850931
0.281562
0.607361
0.974611
0.055683
0.627146
0.355543
0.422067
0.273662
0.477886
0.629767
0.539326
0.926163
0.265148
0.268463
0.978829
0.631504
0.746575
0.436758
0.367666
0.387368
0.475865
0.781579
0.206794
0.351122
0.214306
0.757174
0.71741
0.17612
0.72105
0.107836
0.595081
0.805817
0.995703
0.089455
0.401229
0.638196
0.055079
0.079614
0.657105
0.69121
0.473428
0.837413
0.048142
0.744541
0.591339
0.463436
0.725033
0.670765
0.102172
0.068955
0.503942
0.008991
0.97489
0.138667
0.174296
0.604266
0.495321
0.558562
0.491819
0.231732
0.985751
0.104171
0.22624
0.684696
0.090109
0.510548
0.987665
0.281485
0.574917
0.257666
0.36787
0.202914
0.473098
0.159208
0.831666
0.747944
0.410405
0.595006
0.330332
0.259255
0.717017
0.778408
0.34288
0.687651
0.148178
0.542364
0.310855
0.214359
0.431935
0.188722
0.725301
0.091211
0.64418
0.125686
0.625084
0.415627
0.082779
0.045212
0.451827
0.405748
0.161957
0.272603
0.970014
0.347247
0.897394
0.488158
0.68265
0.633832
0.944696
0.003261
0.25983
0.664546
0.998164
0.820219
0.705172
0.419647
0.554644
0.269382
0.57152
0.776199
0.578144
0.372875
0.484736
0.505395
0.299882
0.572155
0.872357
0.916318
0.231661
0.369332
0.041758
0.791042
0.494346
0.765026
0.906762
0.780726
0.161982
0.542127
0.310568
0.802989
0.058369
0.040281
0.599466
0.888366
0.138588
0.090485
0.702337
0.053097
0.628343
0.599593
0.652373
0.982691
0.908247
0.311042
0.768859
0.840525
0.375546
0.959066
0.37811
0.352549
0.845407
0.444353
0.130142
0.499686
0.878086
0.062167
0.387359
0.074147
0.071368
0.682847
0.236497
0.53751
0.867802
0.005067
0.024738
0.989359
0.311239
0.542858
0.799009
0.123408
0.174281
0.840877
0.357857
0.359723
0.497851
0.760829
0.414543
0.795948
0.865441
0.201501
0.982754
0.567939
0.683554
0.398558
0.376473
0.579999
0.032727
0.985689
0.210241
0.524209
0.0598
0.892184
0.286741
0.382244
0.284395
0.611861
0.17562
0.012687
0.890832
0.154883
0.055449
0.816763
0.791958
0.912308
0.341254
0.182494
0.021214
0.564911
0.591729
0.505145
0.974857
0.238654
0.961413
0.960176
0.209291
0.171074
0.729566
0.812956
0.054664
0.797919
0.894429
0.312936
0.551533
0.369507
0.390697
0.301258
0.500372
0.716216
0.149219
0.764582
0.401865
0.208759
0.35339
0.856998
0.765806
0.217969
0.258697
0.710445
0.60821
0.79487
0.148698
0.768733
0.88224
0.507516
0.47091
0.146257
0.173677
0.859156
0.914236
0.500044
0.404715
0.030023
0.449692
0.969498
0.664707
0.167812
0.165371
0.992324
0.287915
0.790929
0.312247
0.086676
0.662703
0.645657
0.451705
0.570486
0.39206
0.586792
0.265425
0.028011
0.1394
0.583529
0.847958
0.869962
0.830125
0.070956
0.625787
0.203761
0.340212
0.125064
0.971072
0.85053
0.42714
0.126897
0.458988
0.294862
0.409303
0.85814
0.078802
0.835355
0.808267
0.773545
0.790845
0.482009
0.704981
0.5241
0.194196
0.636238
0.825964
0.240257
0.305118
0.805691
0.25464
0.459951
0.654686
0.847984
0.901915
0.731235
0.87985
0.905519
0.817376
0.528101
0.193826
0.083977
0.249475
0.923467
0.866379
0.534685
0.700532
0.200033
0.312255
0.846758
0.780746
0.571445
0.500718
0.826166
0.344852
0.18774
0.553925
0.396213
0.883121
0.852225
0.569108
0.317349
0.204638
0.337002
0.056967
0.55791
0.101777
0.398953
0.120979
0.632736
0.549478
0.145008
0.738547
0.946474
0.650079
0.732795
0.577254
0.910206
0.538595
0.100432
0.511408
0.535838
0.157658
0.963238
0.439967
0.553573
0.823773
0.270166
0.319656
0.323186
0.972411
0.504128
0.255511
0.434682
0.527013
0.661266
0.764064
0.019374
0.407213
0.338656
0.916883
0.746178
0.24284
0.998478
0.338833
0.85084
0.944324
0.921115
0.384567
0.501615
0.933483
0.366712
0.591219
0.984597
0.965705
0.28475
0.111356
0.921794
0.812881
0.621194
0.578549
0.423478
0.105255
0.234581
0.780477
0.211195
0.924083
0.983575
0.099262
0.557373
0.234412
0.271158
0.714287
0.176597
0.236246
0.823637
0.620161
0.109207
0.90881
0.65831
0.138231
0.536775
0.680857
0.903673
0.39085
0.948939
0.763955
0.804845
0.232986
0.464128
0.124178
0.004846
0.815856
0.783283
0.051861
0.740587
0.772067
0.536491
0.974811
0.628691
0.670375
0.431267
0.982113
0.564555
0.692381
0.225838
0.118833
0.638895
0.715966
0.974328
0.064767
0.174357
0.816506
0.05626
0.299479
0.728678
0.943411
0.094552
0.991262
0.570554
0.349421
0.229038
0.351683
0.692377
0.178519
0.706882
0.258259
0.309474
0.858977
0.302051
0.752977
0.037938
0.853803
0.108266
0.187342
0.495921
0.883646
0.679189
0.373054
0.149226
0.532608
0.701873
0.360768
0.094417
0.426951
0.56674
0.832377
0.519362
0.413857
0.691216
0.172274
0.413401
0.165028
0.842747
0.938466
0.755049
0.701924
0.395943
0.068767
0.32887
0.970463
0.887042
0.317644
0.581632
0.934139
0.07893
0.663987
0.988395
0.015586
0.282147
0.779445
0.032898
0.943938
0.726974
0.486013
0.747925
0.101874
0.08465
0.230724
0.820034
0.20663
0.532744
0.876815
0.491407
0.696706
0.949706
0.479626
0.398986
0.168227
0.583606
0.017388
0.91259
0.42287
0.434069
0.991186
0.602922
0.917861
0.778709
0.133371
0.027952
0.175315
0.723601
0.981351
0.768345
0.384745
0.199535
0.183948
0.923558
0.983685
0.451117
0.108612
0.109997
0.204962
0.05191
0.679247
0.780036
0.015951
0.187618
0.035865
0.875453
0.554747
0.60874
0.674164
0.281377
0.611411
0.120587
0.545403
0.085382
0.814672
0.117909
0.721271
0.765439
0.994753
0.303454
0.333115
0.673852
0.058033
0.987372
0.481576
0.352309
0.039332
0.888907
0.111755
0.382931
0.077384
0.318444
0.020108
0.267105
0.002176
0.881257
0.602279
0.580321
0.175758
0.682086
0.920207
0.911813
0.400642
0.728468
0.806696
0.382974
0.230995
0.627916
0.048069
0.584935
0.593134
0.035963
0.290997
0.951709
0.386526
0.041926
0.98287
0.156244
0.217712
0.830694
0.636215
0.472026
0.62213
0.200168
0.880643
0.248009
0.756186
0.416154
0.012155
0.772155
0.341421
0.360603
0.443716
0.503628
0.977547
0.098785
0.889817
0.369441
0.931965
0.373973
0.305879
0.843427
0.976208
0.417294
0.8679
0.236557
0.472202
0.044927
0.919987
0.519226
0.20171
0.332264
0.401785
0.437942
0.25402
0.787368
0.018925
0.477331
0.750506
0.771662
0.453074
0.885496
0.112209
0.910192
0.011027
0.343449
0.19933
0.891171
0.934048
0.796653
0.175404
0.663258
0.233707
0.528189
0.726897
0.006215
0.30499
0.143946
0.803582
0.715083
0.602124
0.344247
0.98098
0.305958
0.203061
0.918478
0.157149
0.969232
0.865396
0.010176
0.883628
0.241828
0.978775
0.189714
0.744762
0.745647
0.124036
0.811966
0.956092
0.646188
0.062039
0.023393
0.706948
0.877782
0.422825
0.039307
0.486712
0.526753
0.89894
0.536652
0.049417
0.572447
0.763444
0.209207
0.483399
0.14544
0.775045
0.819345
0.637137
0.393198
0.13634
0.070201
0.080244
0.95852
0.224368
0.462301
0.355855
0.775456
0.205148
0.683589
0.285229
0.832728
0.564493
0.350829
0.100414
0.040783
0.546219
0.277237
0.454674
0.271242
0.887494
0.10385
0.999521
0.589911
0.559583
0.763888
0.024517
0.787612
0.68386
0.186764
0.868521
0.500593
0.552109
0.306135
0.864018
0.284937
0.388656
0.809128
0.030573
0.030397
0.02749
0.756603
0.171813
0.386302
0.00648
0.787764
0.433095
0.706094
0.652469
0.001113
0.712426
0.509069
0.681982
0.733319
0.070053
0.475605
0.852625
0.60488
0.626182
0.341737
0.772802
0.712409
0.794108
0.2366
0.788906
0.398535
0.258255
0.631262
0.088993
0.05646
0.211674
0.538858
0.256162
0.947437
0.655801
0.167761
0.732765
0.079687
0.644283
0.232856
0.024282
0.871999
0.164951
0.887172
0.511089
0.854646
0.054768
0.725106
0.435154
0.92132
0.237491
0.44008
0.304055
0.67729
0.949851
0.299665
0.705908
0.160195
0.41097
0.391412
0.502221
0.574681
0.602584
0.002304
0.385198
0.599636
0.408065
0.066502
0.965406
0.71568
0.575635
0.820697
0.273567
0.641155
0.296622
0.774566
0.960602
0.896445
0.52266
0.362166
0.434748
0.748565
0.791636
0.244037
0.504642
0.195614
0.523679
0.277911
0.33153
0.337467
0.285986
0.516762
0.51164
0.850506
0.406379
0.226686
0.506518
0.187233
0.878066
0.695152
0.220963
0.669398
0.300452
0.639238
0.701659
0.641363
0.698245
0.102985
0.38277
0.509635
0.973883
0.580556
0.49011
0.348319
0.453185
0.866287
0.827878
0.549954
0.102049
0.743133
0.590769
0.183179
0.433659
0.959086
0.988156
0.498063
0.485315
0.215862
0.074295
0.169627
0.772976
0.360636
0.035358
0.408275
0.746761
0.342888
0.951229
0.945076
0.661325
0.353105
0.100976
0.568211
0.068681
0.699988
0.771256
0.3714
0.403563
0.539324
0.812031
0.950941
0.690579
0.078577
0.820681
0.433126
0.104683
0.75918
0.555627
0.849387
0.042578
0.851206
0.016755
0.294229
0.668998
0.967493
0.79721
0.083603
0.286076
0.872697
0.316815
0.070173
0.848953
0.50422
0.16454
0.346829
0.265825
0.648452
0.564018
0.606178
0.964394
0.866799
0.519503
0.596161
0.036828
0.406361
0.482127
0.891167
0.898717
0.500124
0.693839
0.979176
0.44555
0.989791
0.978468
0.100015
0.446525
0.773766
0.441224
0.529729
0.364729
0.525562
0.410189
0.977024
0.579701
0.16985
0.389189
0.149086
0.75257
0.978962
0.729914
0.821699
0.569948
0.463535
0.753148
0.995603
0.495145
0.653846
0.148125
0.304518
0.471216
0.270684
0.06835
0.064742
0.255155
0.477037
0.657177
0.347394
0.451581
0.008328
0.992826
0.667311
0.191086
0.14429
0.905383
0.843618
0.427719
0.850442
0.380406
0.996077
0.743191
0.000448
0.333997
0.13629
0.451724
0.61785
0.122698
0.500558
0.693704
0.910069
0.504481
0.862705
0.59303
0.295417
0.614758
0.800786
0.987323
0.531299
0.454861
0.399906
0.227033
0.837121
0.101001
0.175189
0.778654
0.191735
0.906513
0.802679
0.977138
0.848677
0.943371
0.39702
0.887362
0.576957
0.407595
0.102555
0.080704
0.61749
0.553233
0.224803
0.528491
0.368279
0.634698
0.694711
0.666529
0.641686
0.298003
0.823879
0.705968
0.881016
0.936849
0.822383
0.7744
0.072979
0.409099
0.218126
0.617273
0.77595
0.194167
0.894048
0.933898
0.155913
0.849021
0.14546
0.181954
0.502654
0.968422
0.752141
0.715463
0.735182
0.567415
0.725365
0.347401
0.389327
0.480632
0.647407
0.733521
0.608002
0.888147
0.688247
0.117715
0.313791
0.502291
0.358425
0.05433
0.663332
0.22264
0.32563
0.482086
0.66561
0.692922
0.012464
0.172549
0.150328
0.672736
0.429307
0.286807
0.282287
0.025759
0.459575
0.456791
0.928134
0.567254
0.904913
0.312223
0.326143
0.993056
0.675899
0.898395
0.070691
0.33313
0.898702
0.261558
0.430433
0.570767
0.253272
0.383302
0.695317
0.353711
0.700091
0.3417
0.83936
0.696295
0.912078
0.370584
0.39632
0.238485
0.697369
0.927229
0.011961
0.865771
0.930552
0.586037
0.061537
0.177569
0.037289
0.015373
0.340905
0.493047
0.12379
0.720449
0.846735
0.849355
0.833188
0.582088
0.14841
0.608919
0.213789
0.464211
0.480601
0.838072
0.934835
0.87195
0.384101
0.103522
0.491379
0.324304
0.583035
0.485297
0.241733
0.488959
0.037891
0.745029
0.215625
0.416097
0.944733
0.07662
0.88697
0.927906
0.880041
0.508971
0.922846
0.17276
0.534603
0.572007
0.632003
0.063807
0.63935
0.112665
0.127757
0.562675
0.696405
0.058912
0.816888
0.863949
0.099461
0.743294
0.390359
0.064784
0.526346
0.985911
0.505579
0.450361
0.094244
0.263809
0.102326
0.494557
0.933508
0.5815
0.621491
0.473437
0.789301
0.849898
0.122503
0.603866
0.992626
0.82021
0.923084
0.162667
0.279006
0.594432
0.934786
0.535158
0.002574
0.423793
0.431702
0.444908
0.313336
0.525886
0.498041
0.289023
0.32815
0.601649
0.354658
0.458427
0.029631
0.929372
0.615077
0.758376
0.199431
0.126348
0.36782
0.53955
0.20973
0.447928
0.130739
0.832522
0.223144
0.695183
0.644173
0.89881
0.310451
0.715541
0.129578
0.440912
0.558499
0.132659
0.197951
0.957818
0.095215
0.867797
0.541572
0.634841
0.866002
0.263261
0.246771
0.083384
0.987478
0.697996
0.026333
0.047026
0.098152
0.431384
0.448522
0.536117
0.71176
0.536236
0.703388
0.192401
0.861819
0.586462
0.119878
0.312334
0.423812
0.00602
0.704134
0.80028
0.164234
0.503235
0.394996
0.791447
0.785452
0.018266
0.6084
0.737598
0.392309
0.473806
0.094184
0.948605
0.517655
0.064267
0.054905
0.18619
0.291735
0.830805
0.230102
0.178232
0.162692
0.233187
0.403883
0.474609
0.141053
0.789872
0.105217
0.467333
0.382653
0.226271
0.647641
0.733153
0.17068
0.32666
0.977486
0.013135
0.568926
0.516588
0.559816
0.543285
0.904169
0.826713
0.514243
0.211053
0.437613
0.817868
0.365135
0.033502
0.275838
0.547635
0.806097
0.696609
0.84955
0.415798
0.565665
0.835899
0.081492
0.366837
0.190704
0.808274
0.78159
0.288572
0.430648
0.064221
0.269435
0.481089
0.896861
0.74034
0.270177
0.408752
0.521428
0.193826
0.249616
0.381299
0.657592
0.382128
0.87152
0.794116
0.438715
0.085572
0.631807
0.055538
0.972561
0.425821
0.911045
0.539668
0.379779
0.805515
0.741349
0.62799
0.784548
0.25379
0.423856
0.784947
0.670336
0.165264
0.823359
0.129003
0.674919
0.78424
0.217845
0.663904
0.93335
0.633295
0.556499
0.065212
0.954694
0.049632
0.931518
0.451525
0.704323
0.626249
0.791852
0.217214
0.162083
0.294227
0.982878
0.990384
0.845104
0.875627
0.063813
0.896283
0.838573
0.710448
0.70624
0.935831
0.523496
0.606284
0.991013
0.936856
0.055538
0.525248
0.736152
0.035431
0.227169
0.081021
0.016601
0.527945
0.651025
0.807845
0.403167
0.725177
0.593522
0.644685
0.969384
0.312666
0.984551
0.672886
0.680778
0.132944
0.390079
0.317545
0.865095
0.187299
0.10399
0.715239
0.354327
0.956171
0.560534
0.718213
0.906419
0.440621
0.74351
0.581261
0.472404
0.471141
0.368308
0.433367
0.323875
0.63689
0.967959
0.01276
0.096506
0.982973
0.087003
0.26203
0.996581
0.821087
0.282512
0.481341
0.074681
0.834984
0.133344
0.875381
0.51246
0.441117
0.730914
0.953277
0.799136
0.547968
0.535832
0.117739
0.212082
0.023863
0.61002
0.572293
0.431391
0.046298
0.633554
0.693779
0.517926
0.634203
0.493879
0.355533
0.534502
0.463061
0.851409
0.501652
0.408926
0.767593
0.607526
0.247437
0.916759
0.725867
0.326631
0.482664
0.956116
0.574094
0.469395
0.347275
0.833459
0.972511
0.285725
0.83511
0.322982
0.692565
0.65041
0.813106
0.047417
0.254945
0.162259
0.526344
0.308246
0.518129
0.577469
0.842053
0.589636
0.27963
0.358448
0.905464
0.684168
0.93647
0.209684
0.084336
0.278287
0.551709
0.654969
0.198558
0.432462
0.125563
0.041347
0.437486
0.943918
0.001889
0.056305
0.131623
0.863297
0.832831
0.739743
0.672195
0.679519
0.808209
0.695721
0.121371
0.489
0.662931
0.073921
0.031838
0.979328
0.203158
0.859473
0.738994
0.996746
0.465889
0.379094
0.733913
0.590563
0.126003
0.923058
0.472646
0.510013
0.47982
0.795914
0.469984
0.618251
0.414608
0.98828
0.863727
0.512291
0.30356
0.527132
0.207102
0.264777
0.077358
0.959524
0.005936
0.629946
0.616635
0.993996
0.735662
0.474032
0.420692
0.7779
0.625502
0.622042
0.869613
0.395041
0.265465
0.090189
0.233017
0.928431
0.763652
0.631085
0.173109
0.655928
0.875993
0.326644
0.648172
0.644928
0.642325
0.367026
0.926008
0.664927
0.632582
0.006189
0.683632
0.640668
0.547793
0.521991
0.698847
0.640387
0.126863
0.755085
0.823894
0.63803
0.089984
0.70366
0.035258
0.415956
0.880178
0.009839
0.299161
0.750288
0.43206
0.193064
0.689419
0.180254
0.613021
0.327103
0.171943
0.885348
0.285554
0.416924
0.797279
0.096697
0.01351
0.219641
0.969041
0.280653
0.321439
0.956245
0.913724
0.475859
0.032846
0.097178
0.477279
0.639348
0.646438
0.392548
0.427108
0.764731
0.042337
0.898258
0.869699
0.748833
0.294982
0.627375
0.404048
0.425431
0.650479
0.075936
0.798228
0.413751
0.103359
0.516657
0.621152
0.725778
0.137014
0.063819
0.277232
0.317728
0.956775
0.694064
0.227692
0.746664
0.955048
0.449042
0.249304
0.362211
0.828194
0.091439
0.71091
0.781101
0.292423
0.193527
0.779072
0.601745
0.977966
0.106843
0.573578
0.999978
0.605693
0.840267
0.163458
0.220366
0.731511
0.065827
0.544429
0.474257
0.803307
0.419868
0.413849
0.280539
0.469277
0.954483
0.181935
0.182203
0.303269
0.269356
0.211844
0.182781
0.065916
0.782763
0.911447
0.75771
0.066042
0.649242
0.152829
0.715238
0.984581
0.084802
0.103948
0.985881
0.842469
0.010569
0.019262
0.80934
0.506405
0.42913
0.378636
0.404398
0.203677
0.719467
0.718668
0.445085
0.070566
0.682004
0.315159
0.570739
0.364018
0.410898
0.502887
0.736154
0.417454
0.829992
0.554606
0.778856
0.67145
0.103168
0.784401
0.554349
0.542759
0.267882
0.341272
0.100884
0.008399
0.072313
0.455465
0.030793
0.963958
0.964034
0.80959
0.92108
0.089196
0.239096
0.94009
0.13405
0.233387
0.328063
0.752257
0.025571
0.394563
0.749494
0.086238
0.671768
0.347171
0.044744
0.428158
0.178719
0.471157
0.370573
0.22241
0.205498
0.096182
0.879858
0.659016
0.442318
0.457768
0.843172
0.842971
0.189889
0.633469
0.738882
0.992355
0.193712
0.4927
0.336586
0.693484
0.716749
0.548304
0.693026
0.969418
0.594658
0.544949
0.380399
0.80685
0.995858
0.897276
0.918395
0.090076
0.058906
0.274552
0.998113
0.661655
0.664725
0.23937
0.005482
0.491714
0.948796
0.332111
0.813484
0.943587
0.311766
0.24258
0.510965
0.810564
0.28537
0.272065
0.02325
0.484649
0.056354
0.49303
0.435576
0.360549
0.103744
0.286021
0.33604
0.447372
0.579989
0.902093
0.663579
0.109818
0.358543
0.717849
0.688429
0.833791
0.127722
0.59464
0.20954
0.725212
0.813348
0.980758
0.174791
0.972657
0.20639
0.974424
0.604948
0.230291
0.454188
0.990942
0.100313
0.857339
0.645288
0.015503
0.694189
0.017201
0.858448
0.688988
0.061964
0.893456
0.114549
0.378762
0.771006
0.45585
0.196918
0.049919
0.13498
0.719188
0.795503
0.631609
0.331866
0.764004
0.851085
0.586635
0.005692
0.384569
0.63694
0.145754
0.40279
0.479341
0.308849
0.464655
0.907408
0.903848
0.20372
0.895284
0.459347
0.889081
0.90581
0.21525
0.129757
0.635938
0.172119
0.580106
0.182391
0.797561
0.141651
0.422257
0.323605
0.631781
0.668195
0.318169
0.619443
0.133767
0.033903
0.273614
0.851139
0.958708
0.907648
0.550949
0.967877
0.538471
0.450261
0.667464
0.891441
0.891204
0.671267
0.681282
0.533078
0.423947
0.119115
0.83275
0.74963
0.027545
0.325869
0.103303
0.468967
0.459716
0.990361
0.919069
0.818582
0.237533
0.064576
0.993623
0.468942
0.08964
0.728312
0.095124
0.752084
0.720717
0.592924
0.836763
0.209621
0.636854
0.905566
0.100058
0.974173
0.967927
0.571965
0.104192
0.741371
0.223029
0.617788
0.279491
0.81566
0.527856
0.826375
0.092995
0.911405
0.800506
0.219349
0.614344
0.05736
0.569573
0.939637
0.248957
0.661417
0.535968
0.670574
0.605601
0.304795
0.569245
0.1421
0.08393
0.574178
0.011973
0.387955
0.409222
0.478639
0.424665
0.82353
0.580012
0.524292
0.246762
0.447368
0.827673
0.031369
0.711265
0.265513
0.709609
0.41146
0.299899
0.367913
0.071155
0.853574
0.13829
0.91427
0.132386
0.767396
0.964058
0.722655
0.634494
0.332462
0.472005
0.166934
0.827506
0.372688
0.634418
0.226847
0.038914
0.918392
0.385539
0.646689
0.586567
0.218818
0.648838
0.303383
0.470294
0.849543
0.255898
0.597806
0.783855
0.600414
0.170308
0.516859
0.828497
0.121438
0.785254
0.37989
0.172368
0.310758
0.236811
0.68126
0.632706
0.845953
0.931569
0.421046
0.662649
0.021156
0.710994
0.172022
0.628842
0.750625
0.945923
0.243422
0.864445
0.738929
0.051475
0.948726
0.245337
0.515826
0.281417
0.386624
0.306243
0.445092
0.784143
0.03998
0.735306
0.10709
0.647705
0.134671
0.212767
0.209174
0.008415
0.661992
0.957572
0.798719
0.808815
0.771099
0.283429
0.874038
0.839618
0.31689
0.210975
0.458226
0.3797
0.639193
0.625264
0.223715
0.785481
0.477948
0.340695
0.568928
0.79407
0.30842
0.659737
0.075021
0.336145
0.735483
0.593565
0.904647
0.612826
0.730408
0.358286
0.489347
0.897208
0.497682
0.999646
0.427505
0.938753
0.874789
0.83263
0.755263
0.898015
0.067577
0.397213
0.727694
0.572947
0.451889
0.631879
0.121452
0.948031
0.611535
0.8232
0.519234
0.010008
0.169615
0.508562
0.262509
0.898564
0.260796
0.358346
0.28174
0.853732
0.156533
0.93264
0.68568
0.272373
0.974766
0.301634
0.374701
0.138918
0.608897
0.023963
0.750347
0.595929
0.235089
0.80363
0.603272
0.233021
0.264434
0.156608
0.864258
0.463531
0.51146
0.959301
0.68329
0.373449
0.88374
0.738366
0.016325
0.190751
0.015967
0.576786
0.822794
0.794688
0.75616
0.410747
0.987238
0.437381
0.322312
0.52251
0.305487
0.404492
0.733574
0.44412
0.069898
0.621791
0.083496
0.462436
0.9953
0.153869
0.408881
0.156424
0.912724
0.687396
0.881512
0.557218
0.678421
0.62237
0.496416
0.135898
0.738655
0.561907
0.756255
0.675156
0.794595
0.217865
0.903699
0.034469
0.861599
0.9332
0.657867
0.033273
0.810646
0.293488
0.313659
0.031316
0.730213
0.472385
0.02129
0.210702
0.645053
0.468503
0.902105
0.357752
0.364901
0.274909
0.906731
0.591094
0.570039
0.053301
0.739944
0.47336
0.996511
0.064027
0.506159
0.304051
0.711078
0.07392
0.279605
0.393534
0.241756
0.385345
0.672568
0.994382
0.452198
0.955461
0.633507
0.655492
0.572453
0.836324
0.638744
0.521772
0.804654
0.106806
0.037316
0.602164
0.745014
0.0422
0.978455
0.270285
0.138683
0.697823
0.835442
0.94468
0.631904
0.882642
0.298054
0.775201
0.388589
0.725287
0.565885
0.023217
0.331161
0.801303
0.371193
0.981565
0.995135
0.415435
0.320043
0.333407
0.682182
0.602693
0.891024
0.117281
0.115627
0.810955
0.163811
0.096739
0.220386
0.917711
0.731297
0.167591
0.17838
0.364626
0.839729
0.184371
0.292157
0.335029
0.753591
0.342194
0.523188
0.350502
0.315794
0.109828
0.658094
0.889846
0.455253
0.112013
0.15741
0.299112
0.673196
0.709164
0.869926
0.42214
0.099622
0.150597
0.57749
0.6734
0.015609
0.356256
0.672408
0.416239
0.310662
0.23504
0.417129
0.33818
0.935477
0.875101
0.586704
0.10219
0.447513
0.970188
0.836412
0.0931
0.999458
0.408489
0.204167
0.149278
0.651418
0.190195
0.986536
0.852418
0.576442
0.320347
0.463128
0.431143
0.173826
0.934038
0.006112
0.813747
0.085263
0.787293
0.580114
0.361396
0.512239
0.803079
0.523776
0.880843
0.054763
0.158446
0.830325
0.814625
0.188047
0.286096
0.676947
0.156746
0.167357
0.797155
0.522906
0.348395
0.271427
0.803705
0.020895
0.768797
0.42102
0.592672
0.448176
0.916576
0.699605
0.080537
0.770794
0.086902
0.129544
0.048634
0.016941
0.090138
0.495414
0.150795
0.19277
0.809526
0.401472
0.396219
0.513693
0.07478
0.988379
0.573624
0.842392
0.435405
0.767436
0.334003
0.745899
0.875817
0.996441
0.136222
0.086426
0.781409
0.000719
0.128565
0.248237
0.44452
0.516663
0.101333
0.817979
0.402658
0.914469
0.032572
0.626821
0.001474
0.337905
0.96177
0.566918
0.483495
0.666501
0.729388
0.892027
0.428421
0.718258
0.381932
0.002726
0.412918
0.673679
0.384856
0.545563
0.655082
0.261926
0.509663
0.343654
0.381411
0.635969
0.482844
0.398877
0.813497
0.17062
0.028478
0.918763
0.407684
0.441141
0.963431
0.772244
0.171226
0.472094
0.525296
0.588366
0.227786
0.740173
0.125073
0.534878
0.468171
0.911674
0.512408
0.132575
0.040122
0.853656
0.366217
0.523624
0.934264
0.133783
0.398812
0.019882
0.1792
0.632492
0.168625
0.244369
0.511336
0.124585
0.363953
0.139967
0.109598
0.132082
0.569333
0.67456
0.886583
0.223438
0.576495
0.359673
0.556346
0.429677
0.974101
0.51787
0.939974
0.141242
0.605296
0.985405
0.196318
0.275311
0.74406
0.992686
0.279242
0.279842
0.807609
0.073867
0.200052
0.101861
0.520783
0.888931
0.593516
0.824523
0.571986
0.316155
0.579417
0.566526
0.203756
0.183047
0.08245
0.853152
0.818334
0.1576
0.901841
0.679135
0.251168
0.135668
0.366828
0.650657
0.641716
0.781242
0.0302
0.045354
0.874697
0.720403
0.193056
0.38464
0.590667
0.474757
0.86874
0.729701
0.405009
0.655949
0.528116
0.818708
0.933366
0.964831
0.664475
0.077273
0.12321
0.129057
0.74806
0.164012
0.145424
0.554065
0.882367
0.228595
0.316941
0.554783
0.630638
0.113995
0.999802
0.394633
0.465023
0.578588
0.489304
0.545707
0.688204
0.600038
0.958848
0.168962
0.30801
0.729735
0.092992
0.751354
0.298745
0.714657
0.709528
0.256663
0.343389
0.098354
0.234744
0.855127
0.813145
0.676996
0.84547
0.184452
0.037451
0.255519
0.309062
0.333591
0.627168
0.246333
0.036526
0.517369
0.163018
0.986712
0.290968
0.280793
0.23368
0.919414
0.792647
0.060884
0.816282
0.34598
0.426089
0.379425
0.759297
0.797588
0.792034
0.325512
0.482314
0.964382
0.299572
0.390022
0.553311
0.550588
0.939252
0.766582
0.137185
0.049826
0.029769
0.14962
0.171109
0.39429
0.663253
0.182727
0.101291
0.42986
0.235156
0.901743
0.063629
0.368063
0.403036
0.325381
0.830631
0.104962
0.377905
0.476216
0.559433
0.92954
0.954538
0.813265
0.141362
0.249232
0.983212
0.929499
0.107587
0.138037
0.710252
0.349328
0.815267
0.338205
0.328133
0.790504
0.482148
0.234638
0.619514
0.473119
0.475041
0.53443
0.92217
0.939267
0.096022
0.302299
0.604177
0.097674
0.459018
0.551509
0.265599
0.039737
0.118959
0.466879
0.107608
0.344172
0.709963
0.664569
0.721525
0.790637
0.694598
0.980071
0.2103
0.420951
0.654292
0.552232
0.783881
0.446747
0.678413
0.824488
0.680263
0.948827
0.379996
0.558425
0.927034
0.396388
0.139328
0.02166
0.172708
0.260124
0.455745
0.141006
0.833718
0.640436
0.953173
0.941064
0.118857
0.314909
0.926687
0.341845
0.330603
0.846716
0.520207
0.574808
0.478625
0.191249
0.776992
0.880686
0.725064
0.771452
0.426101
0.84027
0.997845
0.22923
0.309298
0.191883
0.072877
0.995901
0.417949
0.638795
0.942322
0.208434
0.276872
0.263443
0.019555
0.885696
0.988518
0.29355
0.208159
0.99575
0.588008
0.239578
0.409896
0.977496
0.660318
0.99047
0.135579
0.496032
0.453012
0.091742
0.037946
0.937432
0.887352
0.664647
0.584612
0.993359
0.84844
0.214627
0.440276
0.564472
0.728768
0.591135
0.856551
0.389226
0.518151
0.16517
0.307255
0.699724
0.172022
0.284597
0.552113
0.346683
0.418839
0.609937
0.887854
0.408976
0.158424
0.29302
0.940149
0.378171
0.065488
0.345266
0.706689
0.096124
0.318379
0.858732
0.740762
0.107235
0.401806
0.089312
0.139856
0.202142
0.164306
0.820378
0.564251
0.187345
0.478639
0.973987
0.925874
0.461406
0.346779
0.336625
0.075519
0.908189
0.447541
0.82273
0.256913
0.525806
0.703088
0.026931
0.787621
0.788246
0.491559
0.23254
0.933538
0.500657
0.01665
0.425951
0.866833
0.373765
0.907476
0.741263
0.792859
0.064222
0.751271
0.032668
0.840615
0.56798
0.51844
0.623999
0.010711
0.350724
0.543288
0.018057
0.31053
0.940319
0.393233
0.011178
0.034275
0.108057
0.098691
0.193452
0.130351
0.290115
0.192025
0.268427
0.47688
0.030346
0.59768
0.183892
0.141526
0.473456
0.371443
0.344927
0.319111
0.169959
0.653456
0.802047
0.941234
0.877034
0.447213
0.919124
0.941766
0.507048
0.931406
0.297483
0.388859
0.962063
0.603315
0.155409
0.228926
0.182986
0.087099
0.802448
0.336874
0.426599
0.370898
0.210174
0.826008
0.935301
0.12851
0.376624
0.689949
0.033396
0.436336
0.094486
0.142438
0.798707
0.538805
0.060416
0.062676
0.876851
0.208897
0.6267
0.976933
0.376276
0.447563
0.046889
0.609358
0.567294
0.636791
0.862999
0.357759
0.089968
0.454559
0.374235
0.678554
0.363632
0.708323
0.756157
0.663008
0.184587
0.222892
0.329518
0.972664
0.241401
0.651512
0.385593
0.865259
0.778764
0.480588
0.560105
0.784451
0.949388
0.528528
0.85206
0.652679
0.835584
0.219264
0.372408
0.017056
0.745523
0.823406
0.828968
0.572817
0.70405
0.846746
0.828672
0.273143
0.907096
0.408281
0.907684
0.199661
0.315377
0.723243
0.673346
0.74472
0.230969
0.907801
0.947474
0.711988
0.344193
0.997075
0.742857
0.633673
0.594668
0.73
0.000514
0.911195
0.334562
0.259011
0.424069
0.003891
0.250929
0.855923
0.451913
0.41599
0.360567
0.948236
0.734297
0.031268
0.631635
0.951161
0.815848
0.094354
0.49064
0.568442
0.104108
0.313553
0.859853
0.421944
0.414516
0.34324
0.361119
0.081997
0.260094
0.054541
0.948074
0.91426
0.161601
0.255547
0.745106
0.963384
0.713651
0.404092
0.558849
0.981114
0.735318
0.974755
0.173593
0.900822
0.987299
0.438635
0.701946
0.22784
0.645527
0.328379
0.719732
0.835028
0.961927
0.65236
0.185869
0.825195
0.864441
0.684958
0.937905
0.41979
0.322165
0.405457
0.680674
0.961687
0.507905
0.344503
0.573719
0.782718
0.265578
0.746618
0.996388
0.585519
0.302825
0.892987
0.369444
0.777947
0.174519
0.093717
0.005751
0.54329
0.749374
0.121434
0.422979
0.450115
0.717879
0.833226
0.00179
0.007501
0.757263
0.344483
0.238118
0.878346
0.553878
0.834333
0.645738
0.500781
0.567914
0.021419
0.46801
0.702466
0.750576
0.303935
0.344871
0.559537
0.838213
0.039599
0.287688
0.36156
0.166574
0.322751
0.640375
0.038803
0.716017
0.982394
0.768111
0.573741
0.472093
0.27239
0.445801
0.083903
0.357377
0.802078
0.30136
0.841923
0.186762
0.088801
0.191873
0.269937
0.757394
0.500238
0.572456
0.811885
0.033393
0.205965
0.753522
0.388943
0.670173
0.560913
0.656931
0.769859
0.170472
0.927198
0.970842
0.810982
0.902897
0.577097
0.698265
0.450731
0.178938
0.591971
0.730874
0.775792
0.105436
0.041379
0.742359
0.999176
0.051801
0.149545
0.60938
0.976563
0.647882
0.272793
0.565436
0.677314
0.024514
0.11945
0.902071
0.813464
0.496159
0.143218
0.256844
0.551484
0.85046
0.361256
0.715874
0.271878
0.224579
0.861011
0.249548
0.923011
0.379556
0.534295
0.945625
0.510663
0.577218
0.471664
0.322888
0.639096
0.872689
0.022685
0.292248
0.124977
0.867965
0.403212
0.977314
0.320467
0.125202
0.290457
0.07503
0.279315
0.926924
0.691838
0.329891
0.221644
0.177159
0.941041
0.561279
0.874725
0.215169
0.754725
0.584305
0.408511
0.198889
0.266255
0.783649
0.643393
0.662232
0.16503
0.208646
0.563767
0.136635
0.336548
0.669875
0.589956
0.568697
0.418278
0.558094
0.686919
0.4275
0.162651
0.849671
0.328431
0.804451
0.96716
0.53763
0.255831
0.709448
0.345128
0.731029
0.666729
0.396757
0.664107
0.401255
0.631048
0.051596
0.719201
0.303127
0.972886
0.05391
0.125573
0.817634
0.756126
0.889982
0.840129
0.086767
0.939827
0.088963
0.419091
0.611109
0.897402
0.592
0.092791
0.491265
0.064642
0.341307
0.321821
0.811318
0.472181
0.489331
0.770592
0.487999
0.261471
0.625341
0.690107
0.758889
0.946356
0.262047
0.627333
0.710874
0.113351
0.996894
0.315274
0.200946
0.338202
0.273916
0.195218
0.927444
0.900159
0.850495
0.926666
0.918705
0.406314
0.31831
0.191433
0.803896
0.479845
0.313202
0.606059
0.056539
0.012134
0.205585
0.960084
0.607305
0.571145
0.362122
0.437289
0.175547
0.696181
0.081939
0.957861
0.051752
0.258109
0.006714
0.062687
0.256033
0.729323
0.679289
0.422286
0.71895
0.024807
0.75416
0.13935
0.897051
0.351241
0.39244
0.64922
0.490123
0.157569
0.649643
0.661048
0.95043
0.284842
0.53148
0.861855
0.358374
0.321163
0.118689
0.502155
0.135616
0.084748
0.671679
0.686944
0.499573
0.953956
0.482844
0.40592
0.834184
0.857515
0.510722
0.402992
0.272802
0.537605
0.877861
0.019548
0.053662
0.529948
0.695661
0.212369
0.074036
0.212727
0.736663
0.747794
0.343489
0.457676
0.561129
0.527812
0.402919
0.793806
0.880603
0.150906
0.746683
0.133546
0.587751
0.880037
0.297418
0.335332
0.271135
0.658026
0.828451
0.977863
0.363458
0.295724
0.681641
0.306895
0.281924
0.484486
0.169424
0.30095
0.666465
0.19755
0.056221
0.180769
0.861801
0.968124
0.823278
0.558472
0.744312
0.136574
0.304275
0.764847
0.842345
0.745136
0.544229
0.543278
0.393303
0.044219
0.453929
0.86191
0.768188
0.414022
0.548308
0.997293
0.568352
0.73151
0.382565
0.288778
0.042264
0.897218
0.881186
0.954458
0.542215
0.753398
0.686303
0.128281
0.091562
0.629357
0.290753
0.89528
0.806792
0.594494
0.582046
0.239359
0.162559
0.026078
0.404954
0.368772
0.954906
0.558686
0.48344
0.321001
0.459286
0.110439
0.519107
0.121643
0.591258
0.344799
0.510597
0.681339
0.124033
0.502667
0.819016
0.734601
0.689875
0.95219
0.935246
0.973457
0.274128
0.676517
0.649155
0.546265
0.85213
0.561403
0.365091
0.941646
0.927824
0.054644
0.474683
0.781217
0.204057
0.514758
0.974743
0.190166
0.695051
0.827656
0.608229
0.932717
0.98031
0.320623
0.271091
0.525393
0.18052
0.371664
0.189803
0.284787
0.143504
0.292851
0.89965
0.549355
0.312516
0.417613
0.743108
0.104126
0.651037
0.122329
0.904559
0.412271
0.018753
0.730197
0.126021
0.383216
0.331751
0.256597
0.410862
0.046585
0.583384
0.235006
0.958253
0.089742
0.573378
0.674914
0.220982
0.489908
0.212008
0.325633
0.832823
0.441365
0.164686
0.20848
0.415754
0.53521
0.692385
0.72993
0.43844
0.221104
0.429572
0.103185
0.232194
0.027132
0.208756
0.492971
0.259778
0.629631
0.099639
0.392857
0.482029
0.238088
0.525101
0.195575
0.90429
0.51305
0.025504
0.727256
0.648131
0.826188
0.328643
0.992518
0.67325
0.550742
0.323544
0.427513
0.297209
0.953924
0.111694
0.900399
0.747891
0.579666
0.971546
0.682273
0.706774
0.125597
0.058071
0.18432
0.494569
0.07611
0.168769
0.822221
0.12524
0.450356
0.501989
0.812148
0.577728
0.215978
0.664723
0.290024
0.357728
0.428444
0.186662
0.275972
0.655014
0.863847
0.112544
0.068815
0.611396
0.862676
0.626744
0.200963
0.552686
0.441526
0.809618
0.759614
0.723581
0.86105
0.059928
0.361161
0.032445
0.47304
0.234691
0.42376
0.542231
0.942353
0.421824
0.167945
0.310201
0.393199
0.449918
0.508023
0.455993
0.039436
0.768021
0.249162
0.498209
0.475569
0.809857
0.321059
0.544232
0.312148
0.094151
0.462324
0.694556
0.457461
0.027382
0.642686
0.700013
0.251898
0.804517
0.009103
0.399039
0.737341
0.826075
0.215898
0.155276
0.302735
0.985586
0.916619
0.156706
0.352634
0.647037
0.809308
0.32722
0.519364
0.299019
0.100203
0.998578
0.233286
0.746194
0.064221
0.477524
0.88974
0.124193
0.559865
0.2477
0.861379
0.759081
0.608735
0.141821
0.588906
0.106788
0.420644
0.13743
0.508563
0.975755
0.62864
0.378464
0.18048
0.938667
0.134953
0.297563
0.464564
0.774056
0.42163
0.709143
0.081734
0.164555
0.275999
0.299036
0.596526
0.284789
0.035319
0.134594
0.652604
0.406865
0.462446
0.916726
0.245518
0.57062
0.600238
0.7796
0.865398
0.72503
0.261876
0.782202
0.105594
0.584943
0.603958
0.531272
0.007658
0.530712
0.03635
0.911574
0.734494
0.687577
0.142273
0.683759
0.214143
0.522422
0.229712
0.611039
0.147247
0.323236
0.315734
0.370737
0.888
0.621455
0.873729
0.139217
0.27359
0.860405
0.042655
0.836771
0.725436
0.441117
0.497865
0.387832
0.040929
0.274771
0.102903
0.113938
0.966487
0.74972
0.760176
0.17139
0.714429
0.268016
0.505896
0.378295
0.521735
0.223574
0.369517
0.41965
0.833767
0.520486
0.279019
0.837797
0.397443
0.082971
0.676824
0.462256
0.018818
0.441974
0.841058
0.025934
0.084706
0.432653
0.476343
0.806196
0.817374
0.925398
0.06708
0.676493
0.89378
0.133667
0.972095
0.69094
0.8663
0.475854
0.289458
0.192675
0.009711
0.82071
0.385052
0.048846
0.830055
0.399067
0.960417
0.347947
0.941816
0.622031
0.004261
0.664851
0.760838
0.911692
0.476025
0.801488
0.725688
0.070304
0.418734
0.335387
0.851551
0.347252
0.304265
0.718876
0.123552
0.867121
0.873004
0.147496
0.236225
0.090642
0.530751
0.475422
0.939068
0.043821
0.876425
0.17945
0.234846
0.772595
0.510047
0.392534
0.439751
0.80744
0.959797
0.928886
0.116334
0.5776
0.369428
0.073368
0.84869
0.296285
0.666215
0.366362
0.375388
0.184858
0.355005
0.298727
0.440691
0.896731
0.098329
0.460169
0.443657
0.485409
0.654191
0.321036
0.724242
0.852431
0.456824
0.163211
0.855306
0.890552
0.200072
0.142902
0.460422
0.225516
0.847797
0.767025
0.878408
0.294553
0.597721
0.827077
0.947392
0.268322
0.8392
0.333585
0.383612
0.150469
0.18445
0.347858
0.669014
0.491316
0.903432
0.159344
0.669854
0.801468
0.164695
0.744391
0.303737
0.242127
0.187154
0.773983
0.220814
0.291009
0.558676
0.318759
0.274414
0.291305
0.884897
0.044903
0.206628
0.18538
0.491442
0.117085
0.553422
0.261632
0.774472
0.661699
0.801633
0.017072
0.649676
0.699469
0.577556
0.041334
0.528397
0.162331
0.365844
0.933353
0.068103
0.626029
0.236429
0.659133
0.955099
0.377321
0.203567
0.842728
0.901467
0.158508
0.177726
0.9397
0.373907
0.497744
0.921947
0.700452
0.184816
0.167709
0.293164
0.449378
0.05077
0.306431
0.529441
0.687063
0.530768
0.340351
0.60702
0.276088
0.492914
0.343544
0.093383
0.158605
0.971068
0.069803
0.80797
0.952604
0.677089
0.034625
0.62824
0.374458
0.737941
0.510126
0.348736
0.033221
0.989403
0.195029
0.27809
0.857816
0.943192
0.350568
0.467597
0.986212
0.639675
0.849931
0.954495
0.79254
0.905719
0.76343
0.697869
0.236048
0.853854
0.5798
0.07837
0.049449
0.963211
0.341855
0.312201
0.487183
0.750133
0.13474
0.02565
0.83444
0.53933
0.96349
0.643707
0.666213
0.194327
0.532397
0.084902
0.53212
0.273906
0.493874
0.675372
0.12491
0.613056
0.389754
0.580168
0.902169
0.15644
0.14179
0.81135
0.673517
0.561756
0.844246
0.584471
0.113769
0.489498
0.964809
0.98049
0.752327
0.400971
0.606835
0.283742
0.881361
0.410806
0.081017
0.276952
0.863666
0.286129
0.582151
0.473631
0.256739
0.903717
0.244424
0.067845
0.5789
0.264305
0.522796
0.078669
0.017965
0.772876
0.527117
0.424847
0.679099
0.570629
0.461215
0.830454
0.618251
0.097914
0.350421
0.046572
0.884771
0.394048
0.884923
0.015001
0.560156
0.206418
0.726342
0.98764
0.055447
0.897844
0.364043
0.661902
0.759992
0.033652
0.455376
0.843623
0.006719
0.771764
0.302202
0.577787
0.730971
0.780867
0.80219
0.737657
0.757496
0.525459
0.05856
0.792688
0.046924
0.787575
0.467477
0.978929
0.99423
0.502354
0.704438
0.097884
0.519815
0.482374
0.07572
0.085169
0.369722
0.835432
0.72462
0.675135
0.866913
0.146971
0.953156
0.196669
0.207414
0.567356
0.600798
0.953845
0.515659
0.433183
0.611311
0.078138
0.346782
0.098529
0.1188
0.175036
0.654332
0.320624
0.76939
0.592482
0.079543
0.90873
0.991343
0.086835
0.699062
0.297859
0.596121
0.351573
0.821193
0.451431
0.312403
0.121136
0.022647
0.804625
0.742046
0.708752
0.312957
0.180834
0.113488
0.975472
0.522087
0.607339
0.96242
0.59079
0.696786
0.665016
0.25387
0.754793
0.00345
0.702331
0.966415
0.699272
0.465621
0.857052
0.845132
0.497496
0.130507
0.939994
0.059251
0.100335
0.26784
0.248188
0.38681
0.414276
0.384171
0.587483
0.735811
0.632462
0.558969
0.485841
0.823832
0.019901
0.931303
0.364398
0.283644
0.233856
0.134143
0.200933
0.277455
0.827904
0.722236
0.073898
0.810879
0.710353
0.726692
0.34592
0.495726
0.349785
0.77619
0.552247
0.548315
0.115
0.311009
0.897162
0.785392
0.044531
0.905003
0.82859
0.630727
0.358269
0.073742
0.652114
0.49242
0.068943
0.837282
0.860824
0.13193
0.646906
0.832188
0.702875
0.579308
0.500691
0.62175
0.325505
0.368112
0.476242
0.931468
0.436693
0.638976
0.737948
0.730277
0.842508
0.024078
0.760577
0.925135
0.838486
0.143864
0.943495
0.541715
0.526165
0.135763
0.013599
0.946737
0.572441
0.370325
0.805499
0.69354
0.791863
0.471596
0.611184
0.595953
0.673227
0.676796
0.736016
0.812097
0.467447
0.184107
0.931108
0.137126
0.762175
0.84336
0.312385
0.514439
0.030386
0.699949
0.483059
0.253149
0.807133
0.749071
0.506219
0.550675
0.493825
0.12477
0.120307
0.198345
0.545513
0.898968
0.438267
0.969566
0.382648
0.462004
0.294465
0.697431
0.825722
0.634943
0.821297
0.641237
0.50345
0.6099
0.890122
0.328145
0.263069
0.399596
0.475441
0.053395
0.900366
0.797488
0.334071
0.997384
0.151192
0.302613
0.395303
0.586382
0.772549
0.278069
0.835074
0.488047
0.971158
0.679562
0.79147
0.106682
0.603086
0.878753
0.102677
0.808585
0.286673
0.484347
0.046194
0.992952
0.596419
0.694209
0.625452
0.030653
0.18722
0.860775
0.21548
0.951731
0.817872
0.244543
0.39904
0.34873
0.927525
0.936228
0.61725
0.652541
0.655978
0.837571
0.906526
0.792991
0.847494
0.88623
0.393401
0.166515
0.731747
0.026676
0.31883
0.323952
0.063934
0.107545
0.132616
0.450808
0.592642
0.589141
0.417699
0.059771
0.678382
0.269704
0.161172
0.585772
0.673914
0.877747
0.370814
0.919121
0.475305
0.741115
0.28084
0.919748
0.919968
0.301709
0.62842
0.163803
0.152048
0.574855
0.122106
0.915709
0.312095
0.346746
0.439976
0.786056
0.61155
0.174972
0.287078
0.065579
0.771363
0.377602
0.206422
0.446256
0.078971
0.227503
0.449667
0.942831
0.001971
0.236436
0.56111
0.631973
0.150426
0.118967
0.4608
0.03382
0.18527
0.423865
0.341909
0.955803
0.12979
0.57625
0.638325
0.085841
0.199718
0.601983
0.628238
0.042965
0.713677
0.71507
0.675217
0.722852
0.006858
0.259605
0.149461
0.690719
0.238645
0.004274
0.033972
0.024688
0.193969
0.444842
0.583248
0.544838
0.217643
0.110322
0.166208
0.433554
0.316022
0.461295
0.034014
0.216501
0.743734
0.704761
0.312864
0.386396
0.757669
0.692757
0.464257
0.779922
0.894354
0.824096
0.800517
0.732558
0.127646
0.22527
0.284844
0.273636
0.140308
0.404721
0.325278
0.436211
0.362287
0.868209
0.912591
0.421233
0.210303
0.62443
0.140839
0.336515
0.384977
0.171553
0.433328
0.665355
0.201
0.542884
0.439332
0.550553
0.869082
0.435092
0.441584
0.857026
0.122674
0.347549
0.25837
0.900042
0.840811
0.802939
0.4211
0.681766
0.409329
0.923947
0.99589
0.557828
0.95854
0.81067
0.042387
0.124486
0.137001
0.160617
0.666151
0.686995
0.174834
0.766173
0.542937
0.326253
0.741914
0.319591
0.832332
0.28991
0.936577
0.434548
0.743393
0.514074
0.940443
0.005007
0.215431
0.312296
0.785482
0.033833
0.141621
0.077732
0.263939
0.563032
0.475721
0.141821
0.713922
0.544928
0.537557
0.44742
0.502649
0.820215
0.406734
0.717921
0.97755
0.486358
0.854319
0.863394
0.83959
0.759037
0.71147
0.283058
0.021704
0.408159
0.551773
0.942451
0.59931
0.243946
0.498581
0.32918
0.426696
0.203249
0.432002
0.59723
0.116456
0.3112
0.986987
0.043945
0.060592
0.374914
0.310432
0.953233
0.974171
0.128041
0.528452
0.253521
0.00649
0.346665
0.783265
0.131332
0.675976
0.906414
0.59399
0.86675
0.393591
0.238155
0.907195
0.58017
0.22439
0.144656
0.805824
0.953661
0.855767
0.208345
0.674477
0.634548
0.599838
0.460897
0.782571
0.031961
0.478791
0.262553
0.277328
0.470032
0.147841
0.548503
0.457262
0.252951
0.766741
0.38971
0.399777
0.570892
0.602798
0.156057
0.980059
0.950102
0.069415
0.392947
0.538128
0.567099
0.337575
0.614075
0.484638
0.587446
0.834926
0.843632
0.817234
0.20477
0.563128
0.506505
0.445758
0.545804
0.065948
0.193024
0.749893
0.437717
0.77972
0.403124
0.668391
0.057275
0.984728
0.565695
0.599054
0.407901
0.111121
0.695404
0.263418
0.844283
0.927963
0.829538
0.150033
0.969472
0.4706
0.706977
0.415984
0.182675
0.386712
0.300924
0.468509
0.911946
0.737705
0.5215
0.909567
0.865756
0.143612
0.286408
0.654978
0.238273
0.500003
0.884018
0.189519
0.162563
0.204837
0.560349
0.049754
0.743854
0.451565
0.175773
0.119642
0.750552
0.678086
0.566337
0.72741
0.971369
0.773856
0.035956
0.611214
0.535959
0.744874
0.534708
0.86007
0.677079
0.853646
0.089193
0.46534
0.871972
0.222218
0.454454
0.184454
0.517118
0.81264
0.251703
0.192606
0.18382
0.375505
0.429528
0.883558
0.592178
0.561948
0.816245
0.298326
0.161119
0.230533
0.45475
0.953822
0.074083
0.629866
0.332512
0.787159
0.689441
0.799887
0.352462
0.491002
0.907905
0.678462
0.943771
0.770741
0.084883
0.716585
0.406354
0.467254
0.086978
0.112965
0.736114
0.215002
0.554423
0.457821
0.004503
0.270495
0.428775
0.243276
0.817612
0.077189
0.917896
0.964746
0.442358
0.503963
0.724746
0.358924
0.89703
0.34428
0.69216
0.945666
0.333273
0.395891
0.011916
0.432372
0.161256
0.029518
0.986127
0.860121
0.734075
0.719196
0.29127
0.002428
0.521756
0.640901
0.827321
0.480097
0.521487
0.838436
0.609288
0.145539
0.909959
0.228453
0.242924
0.336908
0.121556
0.185986
0.617304
0.728504
0.681347
0.635344
0.349239
0.376816
0.931512
0.420408
0.857572
0.449841
0.038258
0.152626
0.696504
0.163568
0.072523
0.62928
0.916364
0.466521
0.63722
0.068866
0.231274
0.0386
0.491729
0.33962
0.833597
0.619626
0.279316
0.963078
0.494891
0.441331
0.361552
0.382732
0.796045
0.633262
0.271732
0.732141
0.553473
0.329555
0.320379
0.788347
0.432166
0.50385
0.963777
0.237793
0.505668
0.739289
0.691165
0.789867
0.013604
0.693754
0.232925
0.72577
0.409874
0.431831
0.426459
0.51117
0.489517
0.974653
0.44223
0.059992
0.538398
0.441836
0.691274
0.842072
0.714299
0.568352
0.458279
0.716308
0.249444
0.815248
0.913505
0.370922
0.151909
0.032524
0.750304
0.35642
0.106879
0.153666
0.647571
0.605466
0.369798
0.507463
0.40546
0.065457
0.373215
0.078547
0.771746
0.689064
0.448148
0.238089
0.846756
0.613645
0.618041
0.423706
0.967287
0.750577
0.109065
0.147094
0.591084
0.27376
0.438623
0.274563
0.116508
0.395115
0.776158
0.248094
0.503354
0.426919
0.316436
0.655733
0.11318
0.334795
0.269515
0.584315
0.613324
0.09292
0.354701
0.197613
0.068264
0.952965
0.649221
0.710118
0.943452
0.342084
0.600111
0.913619
0.653417
0.916931
0.958562
0.240128
0.318002
0.670016
0.567443
0.026079
0.050589
0.641476
0.475533
0.020685
0.382853
0.799854
0.820432
0.147053
0.06936
0.070658
0.917055
0.513814
0.804965
0.388942
0.115059
0.073453
0.682281
0.409192
0.654856
0.100207
0.23373
0.298833
0.578587
0.722765
0.751505
0.072077
0.476479
0.941159
0.879709
0.514427
0.205432
0.906199
0.070299
0.598047
0.937004
0.982576
0.497839
0.504362
0.276633
0.713116
0.581216
0.18624
0.635568
0.39121
0.560174
0.886037
0.571534
0.673063
0.913217
0.04365
0.957273
0.883933
0.123418
0.680079
0.080851
0.172073
0.884061
0.501975
0.630552
0.310921
0.645599
0.462099
0.335148
0.356856
0.753576
0.146791
0.103536
0.642782
0.502662
0.268059
0.573344
0.138067
0.748914
0.90189
0.319001
0.075644
0.878692
0.120235
0.212653
0.527285
0.864534
0.695932
0.198269
0.392601
0.568294
0.073276
0.279658
0.205816
0.88137
0.472294
0.889786
0.362807
0.699409
0.473478
0.632577
0.663156
0.632228
0.892328
0.474018
0.843283
0.441987
0.965937
0.116074
0.384583
0.231381
0.860193
0.414432
0.669707
0.645845
0.719532
0.377456
0.643981
0.88329
0.740385
0.497096
0.645206
0.714545
0.169528
0.509926
0.883723
0.665358
0.792028
0.006024
0.490305
0.651921
0.609945
0.152381
0.122061
0.93329
0.913752
0.715038
0.226434
0.044512
0.03008
0.861804
0.087857
0.539063
0.848725
0.292287
0.093371
0.098179
0.563199
0.257201
0.946181
0.397953
0.526097
0.797748
0.468952
0.614495
0.089109
0.358704
0.42121
0.286972
0.630383
0.087089
0.426432
0.431489
0.795282
0.411354
0.462034
0.595402
0.526166
0.244499
0.590307
0.522703
0.165197
0.829185
0.000652
0.788598
0.11705
0.978486
0.159515
0.705711
0.972082
0.112826
0.846208
0.252498
0.886571
0.502953
0.280279
0.811361
0.273478
0.207055
0.904167
0.167623
0.32062
0.294593
0.092957
0.724137
0.508247
0.184316
0.043755
0.43005
0.656896
0.467685
0.57045
0.848261
0.231596
0.957972
0.016329
0.690011
0.782994
0.052471
0.069087
0.376723
0.055145
0.991934
0.924493
0.190346
0.823822
0.563043
0.347113
0.686012
0.081539
0.913204
0.77443
0.178332
0.198114
0.618899
0.581346
0.68461
0.98633
0.10863
0.106368
0.049995
0.389241
0.282913
0.084222
0.804219
0.003517
0.773707
0.888656
0.313673
0.879551
0.676336
0.58512
0.777577
0.900791
0.091041
0.687538
0.671189
0.228871
0.176248
0.638142
0.242076
0.5189
0.099916
0.531568
0.741915
0.735291
0.038162
0.901091
0.612784
0.177405
0.09224
0.63005
0.908821
0.66134
0.96223
0.841067
0.320119
0.054034
0.480969
0.514898
0.737397
0.789906
0.699277
0.596334
0.15293
0.279766
0.198036
0.961491
0.367079
0.811674
0.683312
0.637947
0.044794
0.740229
0.292422
0.140233
0.485692
0.975535
0.961519
0.710454
0.678112
0.332142
0.559394
0.54088
0.78708
0.76545
0.114397
0.336789
0.950982
0.803776
0.290577
0.763586
0.807561
0.23367
0.150413
0.032717
0.795674
0.063451
0.550036
0.799262
0.454598
0.245466
0.253322
0.075603
0.036585
0.097149
0.887626
0.881135
0.797832
0.574873
0.099606
0.273154
0.930492
0.374423
0.878717
0.101114
0.67241
0.712253
0.039609
0.929103
0.425794
0.165052
0.869452
0.562134
0.651514
0.793799
0.548908
0.408674
0.587814
0.635798
0.097495
0.205886
0.145562
0.564753
0.046041
0.946283
0.416758
0.791702
0.169696
0.809222
0.09138
0.060106
0.509186
0.445196
0.686439
0.094718
0.248352
0.30844
0.29252
0.259116
0.690476
0.29926
0.061761
0.066466
0.97186
0.636149
0.482749
0.7597
0.380436
0.055038
0.512847
0.618208
0.733145
0.673533
0.274852
0.306952
0.880019
0.694437
0.158309
0.068548
0.482723
0.341614
0.740437
0.898754
0.067095
0.495246
0.325977
0.756725
0.581278
0.126497
0.345178
0.906993
0.581007
0.94057
0.148259
0.713533
0.712978
0.466045
0.494051
0.951086
0.602536
0.014071
0.550771
0.948912
0.233511
0.988211
0.887779
0.975855
0.509612
0.793771
0.865504
0.161038
0.779663
0.434573
0.285792
0.067103
0.506747
0.052767
0.318425
0.134313
0.537619
0.816157
0.269691
0.546491
0.804937
0.167324
0.533907
0.460611
0.515943
0.590044
0.321438
0.379826
0.367273
0.379577
0.754145
0.835481
0.55021
0.721363
0.515954
0.947448
0.615673
0.360224
0.395166
0.60733
0.036261
0.579057
0.538523
0.028641
0.616944
0.723609
0.299721
0.205313
0.315953
0.563313
0.54362
0.234305
0.109585
0.532757
0.995033
0.994957
0.025755
0.230746
0.70428
0.924734
0.35608
0.131785
0.229765
0.047289
0.727695
0.983308
0.187665
0.887889
0.287288
0.653656
0.529537
0.956299
0.716128
0.442146
0.420835
0.64113
0.291915
0.093028
0.545613
0.396954
0.792107
0.899955
0.769835
0.361546
0.431874
0.673681
0.237187
0.279364
0.319705
0.947069
0.51647
0.078547
0.606842
0.476449
0.110101
0.852973
0.668248
0.591095
0.99995
0.819101
0.221253
0.32816
0.666918
0.151607
0.51671
0.207219
0.47289
0.690887
0.773747
0.7334
0.745852
0.710829
0.563109
0.845325
0.102959
0.890219
0.986112
0.220183
0.067061
0.450222
0.379545
0.790228
0.018291
0.087389
0.714487
0.476505
0.39532
0.233195
0.512976
0.562265
0.232609
0.363107
0.075269
0.262451
0.929688
0.007777
0.693521
0.050039
0.252047
0.257574
0.939161
0.330437
0.242353
0.707788
0.92836
0.358511
0.534177
0.92908
0.264697
0.61861
0.540235
0.993342
0.902786
0.675151
0.037152
0.441323
0.032749
0.76591
0.517927
0.837456
0.826746
0.469227
0.208595
0.759183
0.469761
0.517217
0.336682
0.777595
0.802199
0.773896
0.808289
0.794916
0.049874
0.676843
0.87931
0.77978
0.731152
0.786928
0.888171
0.104121
0.906202
0.131688
0.793509
0.151471
0.978697
0.200852
0.198892
0.445585
0.493904
0.909474
0.67044
0.649384
0.746917
0.636915
0.940141
0.337835
0.541396
0.068791
0.661365
0.967981
0.915559
0.889528
0.074857
0.461535
0.846248
0.332871
0.959806
0.185326
0.828212
0.587665
0.094188
0.664234
0.739986
0.695208
0.065997
0.065796
0.826936
0.308861
0.854147
0.100243
0.762539
0.171731
0.703679
0.654006
0.688394
0.63839
0.70204
0.969131
0.291379
0.856123
0.38933
0.857973
0.622125
0.631425
0.503075
0.971165
0.495341
0.888935
0.367392
0.019367
0.063345
0.897863
0.396384
0.313232
0.524093
0.088197
0.523755
0.204177
0.092216
0.866236
0.133985
0.104767
0.132087
0.265991
0.850779
0.385847
0.944725
0.561314
0.487111
0.720943
0.479848
0.243457
0.544404
0.175747
0.519335
0.942984
0.10893
0.237709
0.636278
0.150909
0.010888
0.550778
0.632706
0.647828
0.597091
0.317146
0.851376
0.521292
0.152641
0.852573
0.784445
0.331834
0.922256
0.027395
0.344669
0.524201
0.884751
0.867228
0.540148
0.907646
0.800817
0.487028
0.685551
7e-05
0.089037
0.065198
0.30403
0.137086
0.976446
0.523395
0.057745
0.49565
0.663424
0.630235
0.286728
0.304336
0.940616
0.276094
0.138155
0.530542
0.111015
0.798852
0.393314
0.334333
0.90232
0.998335
0.083351
0.899927
0.01288
0.49576
0.09975
0.765161
0.108002
0.943834
0.975704
0.313389
0.882914
0.524745
0.116276
0.570795
0.193104
0.042724
0.692272
0.375187
0.347649
0.795306
0.565956
0.805693
0.839097
0.281936
0.146535
0.596216
0.645975
0.541972
0.401741
0.589781
0.584083
0.089576
0.771702
0.648346
0.662839
0.33871
0.23679
0.726391
0.044529
0.178618
0.86399
0.14438
0.572295
0.371445
0.666166
0.717553
0.838682
0.415801
0.916072
0.623944
0.107502
0.901075
0.454238
0.256066
0.296901
0.865312
0.888423
0.109326
0.376636
0.002056
0.552371
0.315203
0.196311
0.78488
0.528657
0.970584
0.063323
0.314183
0.76677
0.006629
0.422704
0.013447
0.754107
0.952384
0.83656
0.850259
0.105387
0.214801
0.095795
0.634601
0.501579
0.421694
0.421626
0.352638
0.743894
0.624237
0.783522
0.733451
0.723133
0.210329
0.653197
0.95428
0.470997
0.19832
0.020567
0.030207
0.571898
0.51702
0.283258
0.436091
0.826735
0.863243
0.455233
0.093797
0.545364
0.744426
0.059909
0.180804
0.670936
0.686361
0.533643
0.31384
0.396763
0.881723
0.388765
0.906703
0.994013
0.383481
0.564647
0.417892
0.424455
0.408847
0.576534
0.50111
0.765532
0.159874
0.888338
0.514406
0.517154
0.690461
0.639743
0.355181
0.041424
0.212111
0.109025
0.442805
0.314672
0.014416
0.43866
0.551693
0.219594
0.062466
0.754521
0.649621
0.725548
0.844536
0.946217
0.382796
0.894662
0.06838
0.464413
0.510922
0.589926
0.662971
0.24114
0.867175
0.422407
0.703161
0.88215
0.349758
0.8229
0.777575
0.694682
0.430751
0.222561
0.343318
0.506788
0.494116
0.233779
0.094579
0.917208
0.766542
0.926716
0.381256
0.234838
0.423168
0.063051
0.451287
0.610787
0.843152
0.179926
0.374305
0.26479
0.189545
0.180609
0.789419
0.934932
0.464481
0.600856
0.596092
0.098139
0.853103
0.185308
0.419055
0.888698
0.658458
0.240782
0.129268
0.681276
0.323086
0.795819
0.776496
0.121308
0.918144
0.957529
0.264247
0.266119
0.682695
0.252398
0.488578
0.408329
0.297515
0.23901
0.328124
0.963518
0.159731
0.39941
0.846166
0.337462
0.785016
0.125545
0.686726
0.358892
0.284353
0.689903
0.612248
0.752023
0.381444
0.839562
0.274307
0.749466
0.897273
0.891887
0.188566
0.063966
0.94952
0.827454
0.235501
0.586333
0.079495
0.77021
0.907571
0.466337
0.398685
0.108944
0.887059
0.394659
0.950206
0.990155
0.70146
0.082357
0.320608
0.536643
0.136518
0.258825
0.186681
0.665015
0.878222
0.689946
0.642365
0.280621
0.992812
0.944104
0.163603
0.468372
0.965128
0.440545
0.524605
0.523171
0.095446
0.994881
0.783592
0.216248
0.564277
0.455754
0.47545
0.650825
0.778779
0.833737
0.467637
0.992367
0.789881
0.365858
0.884573
0.348899
0.472671
0.718176
0.487862
0.236657
0.859178
0.684274
0.26796
0.054429
0.159319
0.755223
0.872912
0.23223
0.058819
0.773143
0.453101
0.872098
0.199688
0.946358
0.653036
0.172865
0.954555
0.972639
0.765498
0.749055
0.63791
0.488154
0.959323
0.904776
0.754049
0.745924
0.562628
0.03082
0.736364
0.51421
0.856818
0.385353
0.733386
0.509493
0.72352
0.551506
0.833827
0.116753
0.533496
0.378824
0.03852
0.611627
0.578779
0.425145
0.040822
0.143084
0.050392
0.356107
0.391285
0.438394
0.013174
0.008055
0.995053
0.561612
0.958522
0.261821
0.77581
0.615183
0.652137
0.590318
0.744844
0.424735
0.93285
0.654919
0.139264
0.401095
0.568026
0.16936
0.799119
0.632523
0.876116
0.137834
0.20568
0.604768
0.56051
0.516218
0.481101
0.369177
0.201668
0.527185
0.788096
0.248329
0.475315
0.172972
0.096096
0.116085
0.514334
0.096192
0.026119
0.623773
0.464137
0.291086
0.110908
0.558226
0.596884
0.125002
0.539086
0.1654
0.723403
0.230699
0.053827
0.666654
0.242768
0.512653
0.925144
0.701727
0.629543
0.794975
0.87313
0.18789
0.835592
0.131982
0.913454
0.135387
0.120846
0.750646
0.83293
0.51506
0.087503
0.366031
0.784316
0.458359
0.195533
0.595315
0.381677
0.88225
0.867495
0.015065
0.148822
0.398441
0.956281
0.447741
0.100378
0.618243
0.995922
0.153378
0.489475
0.07391
0.049882
0.589896
0.554292
0.995737
0.759275
0.646429
0.292634
0.909072
0.476189
0.522972
0.441624
0.846308
0.771312
0.813347
0.868869
0.762025
0.110138
0.011473
0.563183
0.514229
0.881637
0.322999
0.224566
0.326682
0.30496
0.08271
0.32736
0.768489
0.858349
0.86254
0.839009
0.580647
0.568436
0.701112
0.967503
0.664948
0.311595
0.510515
0.385997
0.792501
0.823972
0.665577
0.878829
0.688746
0.136466
0.004329
0.35381
0.515379
0.398957
0.117848
0.894926
0.733967
0.546464
0.665322
0.370653
0.555215
0.140606
0.692775
0.119307
0.670466
0.70709
0.916367
0.018984
0.366648
0.394322
0.677664
0.088176
0.943839
0.359474
0.409916
0.50329
0.69219
0.739579
0.699919
0.204846
0.838535
0.377853
0.715264
0.959305
0.016238
0.135986
0.420591
0.842085
0.931954
0.222589
0.926869
0.936924
0.928629
0.106346
0.331683
0.70296
0.769214
0.415797
0.49931
0.522802
0.526382
0.625199
0.863857
0.108173
0.039639
0.252911
0.018093
0.810639
0.394964
0.561996
0.499827
0.985427
0.488177
0.948611
0.773447
0.207778
0.777301
0.72559
0.39437
0.891684
0.814436
0.496276
0.026046
0.145129
0.690661
0.950897
0.944633
0.16706
0.259413
0.191335
0.272255
0.157856
0.116347
0.305699
0.075253
0.141458
0.383879
0.482488
0.869615
0.445824
0.251669
0.298761
0.57291
0.794689
0.926691
0.477171
0.37176
0.455417
0.256198
0.662064
0.146015
0.983724
0.03509
0.47013
0.019125
0.940959
0.990743
0.423563
0.836852
0.351945
0.370073
0.692122
0.441576
0.323667
0.425625
0.97103
0.662854
0.444218
0.555077
0.028991
0.035372
0.707097
0.227798
0.271746
0.453844
0.510948
0.531565
0.125156
0.269652
0.580153
0.747007
0.893319
0.788096
0.432411
0.301498
0.857039
0.164915
0.982906
0.55561
0.616571
0.537677
0.646473
0.212563
0.143784
0.378872
0.24289
0.396964
0.254142
0.059071
0.75914
0.705859
0.974219
0.637273
0.770839
0.114776
0.955801
0.246034
0.084646
0.077283
0.254872
0.115254
0.299082
0.616547
0.444545
0.99611
0.988145
0.73513
0.054117
0.376981
0.789174
0.098886
0.101727
0.073643
0.803129
0.357282
0.000522
0.535041
0.327322
0.553494
0.93577
0.689885
0.032664
0.371187
0.047703
0.479918
0.840832
0.142464
0.018744
0.724019
0.594619
0.251011
0.926691
0.542599
0.510534
0.308115
0.487294
0.583051
0.307848
0.859401
0.360456
0.816974
0.699246
0.651899
0.375686
0.178964
0.177061
0.682567
0.517353
0.528809
0.069383
0.859625
0.710436
8.6e-05
0.779236
0.796859
0.960858
0.874678
0.251078
0.691724
0.186058
0.935655
0.092886
0.772634
0.9968
0.632987
0.935228
0.228891
0.9607
0.88507
0.684895
0.68711
0.152699
0.838439
0.266778
0.332346
0.464726
0.356507
0.889063
0.527451
0.933376
0.213042
0.527569
0.85713
0.490438
0.238535
0.496894
0.77292
0.705794
0.613365
0.198729
0.56644
0.226939
0.999699
0.348963
0.631971
0.368417
0.283511
0.828341
0.511772
0.940439
0.592954
0.05203
0.444867
0.132841
0.370021
0.080536
0.823072
0.449452
0.821257
0.892157
0.895973
0.695112
0.931888
0.264335
0.812587
0.050773
0.774904
0.685093
0.981873
0.733129
0.158883
0.411024
0.804274
0.892724
0.365701
0.268373
0.663193
0.31101
0.044102
0.838368
0.212246
0.63813
0.133691
0.052835
0.214536
0.444425
0.586518
0.380524
0.574432
0.596717
0.415026
0.138638
0.326758
0.08054
0.861721
0.70498
0.684294
0.71101
0.905958
0.679138
0.509674
0.555012
0.28677
0.691829
0.268115
0.307752
0.512422
0.177223
0.910801
0.339697
0.92562
0.419006
0.050529
0.568525
0.000234
0.181125
0.686569
0.989583
0.253209
0.047704
0.691016
0.744364
0.280373
0.309784
0.146102
0.254582
0.048127
0.385573
0.639042
0.449834
0.969435
0.963552
0.148062
0.738287
0.209581
0.15226
0.201421
0.736609
0.346364
0.355137
0.178459
0.505918
0.707654
0.858794
0.076989
0.327932
0.612125
0.208556
0.180083
0.644324
0.558602
0.946401
0.956967
0.320658
0.585202
0.125409
0.66414
0.890328
0.352782
0.402941
0.375606
0.549608
0.729751
0.00484
0.744401
0.686758
0.294558
0.698223
0.220666
0.50589
0.679874
0.311346
0.665238
0.334392
0.664636
0.383981
0.717007
0.984108
0.6986
0.829183
0.820839
0.903795
0.091626
0.652803
0.356172
0.911473
0.402007
0.641445
0.662972
0.526516
0.79069
0.90966
0.815041
0.336137
0.863918
0.053557
0.078299
0.8037
0.914765
0.321801
0.327619
0.532642
0.533865
0.97746
0.194223
0.766083
0.346266
0.470941
0.79569
0.979088
0.130244
0.631975
0.423656
0.595903
0.120217
0.997539
0.17854
0.412335
0.239605
0.442018
0.339212
0.336779
0.411982
0.318114
0.949352
0.185859
0.92199
0.973801
0.040378
0.895862
0.125334
0.576966
0.225806
0.255327
0.174917
0.154083
0.113407
0.278445
0.615496
0.507853
0.449759
0.640652
0.579311
0.658696
0.808551
0.864067
0.438335
0.358756
0.587659
0.32652
0.671962
0.907583
0.24696
0.21682
0.854118
0.632235
0.556575
0.127466
0.519937
0.799522
0.803314
0.596774
0.90728
0.955529
0.989422
0.330018
0.381753
0.107784
0.413448
0.088044
0.930562
0.628108
0.138304
0.192749
0.924122
0.458294
0.740583
0.033471
0.296589
0.362354
0.323304
0.329248
0.676097
0.763926
0.861046
0.188864
0.278072
0.036251
0.16545
0.78215
0.128752
0.815783
0.610421
0.204023
0.757875
0.855665
0.745194
0.656589
0.718379
0.622043
0.743661
0.527689
0.213944
0.003237
0.282677
0.188295
0.546228
0.100272
0.824387
0.558823
0.768503
0.565868
0.38717
0.158711
0.289523
0.782506
0.629356
0.587617
0.908335
0.4842
0.973585
0.445005
0.271971
0.669492
0.376055
0.563893
0.750053
0.223577
0.023721
0.805633
0.583284
0.429322
0.685306
0.317569
0.791096
0.895186
0.707682
0.660412
0.251934
0.931434
0.259913
0.343993
0.477706
0.623857
0.40994
0.207925
0.454299
0.639207
0.445734
0.888251
0.032346
0.762695
0.968955
0.757032
0.70463
0.914416
0.685541
0.773795
0.171008
0.630632
0.815115
0.344265
0.011694
0.920501
0.277766
0.894635
0.568422
0.918004
0.157173
0.397563
0.823363
0.050055
0.06388
0.200583
0.461157
0.781105
0.655817
0.539112
0.376303
0.635521
0.266373
0.601932
0.211221
0.867848
0.668734
0.750362
0.661037
0.437321
0.935759
0.600345
0.146617
0.613045
0.683263
0.548883
0.304841
0.965954
0.259869
0.6981
0.400879
0.558724
0.353663
0.682519
0.2118
0.404693
0.263141
0.355126
0.051771
0.634979
0.428903
0.044743
0.133809
0.62505
0.912118
0.700287
0.356642
0.109257
0.871613
0.141389
0.007143
0.310656
0.624292
0.437389
0.120379
0.959071
0.852573
0.880977
0.365649
0.901975
0.422365
0.965529
0.805451
0.796606
0.008426
0.661923
0.021929
0.715272
0.458926
0.248473
0.244974
0.895299
0.868634
0.356323
0.350692
0.873447
0.024997
0.227693
0.757598
0.7762
0.040872
0.185589
0.657138
0.979513
0.668662
0.917337
0.030328
0.303788
0.294134
0.929815
0.249358
0.497127
0.911039
0.539972
0.923977
0.482597
0.201567
0.168331
0.492665
0.046678
0.782127
0.751615
0.266101
0.900709
0.8524
0.210065
0.42484
0.255546
0.070851
0.742371
0.071665
0.47558
0.698058
0.413904
0.053033
0.182003
0.400344
0.660655
0.36372
0.893699
0.613755
0.10786
0.941926
0.400662
0.318062
0.170506
0.499598
0.458555
0.800761
0.596533
0.126456
0.844807
0.298811
0.415775
0.766135
0.517739
0.548101
0.123086
0.888129
0.892548
0.040724
0.100062
0.352529
0.381705
0.482757
0.492331
0.005934
0.948424
0.813398
0.142871
0.603005
0.07769
0.035591
0.375989
0.935758
0.513079
0.127711
0.080935
0.907651
0.71408
0.248033
0.407229
0.80399
0.071963
0.922555
0.819012
0.908597
0.254708
0.524339
0.663834
0.457996
0.51854
0.326729
0.918732
0.740568
0.198425
0.420079
0.77049
0.261979
0.688574
0.282485
0.091534
0.112214
0.975987
0.488785
0.92178
0.000768
0.859803
0.187151
0.78903
0.370034
0.439251
0.686849
0.749726
0.623382
0.327973
0.045441
0.789005
0.537984
0.677241
0.876211
0.275023
0.606908
0.457153
0.422497
0.538339
0.771151
0.683796
0.812207
0.24402
0.363061
0.796741
0.920708
0.976251
0.44496
0.955265
0.040244
0.71864
0.364801
0.39553
0.101781
0.264475
0.545443
0.656937
0.555801
0.411322
0.996115
0.496505
0.973465
0.725232
0.991123
0.703723
0.330814
0.154769
0.430202
0.121569
0.650478
0.280053
0.862545
0.718927
0.052972
0.692213
0.322176
0.754613
0.010691
0.751613
0.076586
0.98956
0.516083
0.915671
0.267411
0.909511
0.148925
0.41177
0.707738
0.819852
0.453146
0.374966
0.897942
0.395383
0.300873
0.695599
0.048351
0.333611
0.612551
0.926582
0.257939
0.406869
0.048382
0.022222
0.610894
0.241522
0.058614
0.244129
0.836783
0.047297
0.134976
0.34725
0.934134
0.124389
0.983557
0.646219
0.841622
0.158212
0.966702
0.593589
0.140687
0.978243
0.133084
0.025678
0.980775
0.957195
0.405073
0.846876
0.561354
0.476635
0.636539
0.16671
0.092698
0.847694
0.446503
0.814896
0.58465
0.010351
0.932893
0.742693
0.750736
0.839284
0.637823
0.04193
0.474122
0.922533
0.719274
0.28171
0.887332
0.560927
0.820411
0.83494
0.949624
0.754975
0.515855
0.458381
0.817473
0.54237
0.408374
0.726651
0.996125
0.231318
0.92305
0.572623
0.09118
0.989853
0.283009
0.822543
0.072433
0.480135
0.483778
0.759912
0.858808
0.618146
0.595925
0.676265
0.691892
0.588149
0.489958
0.868771
0.260124
0.141696
0.954287
0.433397
0.665012
0.269343
0.006555
0.731815
0.413699
0.098095
0.783668
0.012043
0.598474
0.603956
0.193908
0.085499
0.015887
0.73391
0.8852
0.639236
0.67711
0.162814
0.857692
0.3046
0.241561
0.089162
0.960564
0.327655
0.240068
0.277498
0.220551
0.879944
0.275106
0.909813
0.073773
0.400786
0.191568
0.142593
0.846449
0.601107
0.523348
0.328459
0.153053
0.189376
0.610076
0.934347
0.17353
0.258979
0.281831
0.967013
0.979323
0.91061
0.231946
0.631952
0.889384
0.798758
0.112806
0.021063
0.611324
0.709272
0.595309
0.189781
0.65659
0.550706
0.127687
0.829639
0.820114
0.517365
0.402624
0.737062
0.737113
0.398402
0.290604
0.670572
0.646658
0.669243
0.805574
0.286098
0.907105
0.95355
0.248414
0.566328
0.336136
0.825942
0.718974
0.150904
0.818762
0.179391
0.586793
0.373721
0.453432
0.103
0.131779
0.411003
0.859296
0.702927
0.422006
0.42029
0.446232
0.181842
0.781965
0.747689
0.996653
0.593027
0.268406
0.303232
0.323489
0.956572
0.108739
0.584171
0.969854
0.298128
0.924967
0.259492
0.965805
0.384225
0.886054
0.780284
0.975937
0.200843
0.635419
0.858778
0.218941
0.610075
0.403665
0.904018
0.203026
0.264355
0.843956
0.099305
0.247612
0.364573
0.674679
0.509016
0.770198
0.153607
0.376294
0.663859
0.064773
0.892727
0.068239
0.937552
0.720921
0.304966
0.29806
0.517818
0.561812
0.020036
0.584238
0.084135
0.242095
0.184202
0.582985
0.9687
0.445974
0.296332
0.593294
0.262908
0.444583
0.70614
0.466731
0.181515
0.936236
0.539136
0.449234
0.425528
0.853333
0.703145
0.259731
0.908361
0.488493
0.685291
0.759555
0.264186
0.976703
0.808682
0.591686
0.838968
0.577995
0.208008
0.344592
0.135216
0.850933
0.700603
0.226137
0.014531
0.926958
0.014642
0.590092
0.309489
0.460569
0.778428
0.05879
0.86727
0.341578
0.009479
0.635773
0.296549
0.401322
0.912051
0.460692
0.413053
0.522505
0.203202
0.01172
0.536412
0.624436
0.291006
0.792813
0.099449
0.069678
0.618156
0.164139
0.585129
0.754894
0.466935
0.665166
0.372882
0.165501
0.698814
0.486642
0.408993
0.333478
0.821259
0.822054
0.888205
0.038258
0.553209
0.988879
0.397278
0.314723
0.357419
0.405874
0.997145
0.027543
0.130727
0.012461
0.121451
0.122634
0.542794
0.364912
0.926766
0.686001
0.064833
0.579769
0.250602
0.939889
0.818096
0.221546
0.90954
0.095199
0.199681
0.65322
0.283238
0.52671
0.986397
0.135038
0.965599
0.72184
0.529821
0.700937
0.012021
0.528578
0.601228
0.383124
0.359379
0.077887
0.512397
0.579776
0.129105
0.763652
0.363033
0.029577
0.608051
0.83082
0.474213
0.321541
0.226605
0.897897
0.470297
0.467525
0.123444
0.353071
0.894568
0.707544
0.776202
0.668068
0.834647
0.59653
0.079261
0.772554
0.399974
0.200765
0.529528
0.828528
0.250172
0.765103
0.751825
0.146938
0.438571
0.629371
0.788743
0.541341
0.41392
0.049909
0.270157
0.690597
0.194645
0.065881
0.629506
0.912577
0.15797
0.779102
0.962814
0.49728
0.585819
0.965522
0.52545
0.552003
0.994598
0.233017
0.961203
0.27318
0.446685
0.316438
0.296045
0.517674
0.454425
0.301391
0.204425
0.628939
0.369873
0.294349
0.047377
0.716275
0.838615
0.112453
0.692955
0.424875
0.40779
0.955665
0.97093
0.323398
0.784831
0.745757
0.806176
0.249066
0.072251
0.784352
0.278211
0.712312
0.595883
0.987742
0.92973
0.048024
0.798855
0.506136
0.720929
0.797506
0.06055
0.676364
0.313306
0.752679
0.082484
0.882507
0.138014
0.522388
0.210017
0.413772
0.344582
0.326804
0.37386
0.009659
0.388983
0.819161
0.297362
0.773665
0.53412
0.986497
0.792204
0.901937
0.378517
0.10352
0.784317
0.13143
0.220248
0.890618
0.477556
0.205016
0.380865
0.698864
0.583093
0.607685
0.754196
0.561649
0.809247
0.473087
0.414289
0.966728
0.742953
0.868713
0.822645
0.018657
0.141124
0.557173
0.092575
0.146572
0.276222
0.493202
0.617532
0.852328
0.740838
0.360462
0.094368
0.941174
0.907624
0.234614
0.35882
0.131463
0.984916
0.934482
0.238203
0.228119
0.430982
0.389176
0.808121
0.009542
0.800288
0.060353
0.834608
0.169012
0.808781
0.553617
0.364416
0.291799
0.694599
0.506297
0.31641
0.873179
0.90774
0.574253
0.497222
0.441474
0.275536
0.022607
0.757496
0.582865
0.477114
0.412042
0.084869
0.407677
0.442966
0.000918
0.122415
0.760354
0.347738
0.595061
0.429891
0.435881
0.301668
0.050748
0.534717
0.802163
0.903217
0.244952
0.119938
0.948414
0.388168
0.048329
0.6454
0.571851
0.074728
0.403937
0.265438
0.119405
0.170325
0.968031
0.071208
0.262122
0.927756
0.030364
0.128977
0.566672
0.280622
0.37599
0.370193
0.955957
0.056363
0.814754
0.298119
0.313706
0.532663
0.978306
0.39042
0.864919
0.534146
0.17013
0.499024
0.979676
0.9279
0.043849
0.05046
0.288334
0.070378
0.379588
0.819489
0.661898
0.552251
0.288301
0.18129
0.858903
0.691714
0.360574
0.932109
0.973409
0.346511
0.07646
0.363751
0.935644
0.566058
0.023598
0.343718
0.05743
0.044036
0.812602
0.95108
0.894948
0.270292
0.323834
0.609474
0.046131
0.100938
0.387244
0.137205
0.624654
0.329706
0.48306
0.221553
0.825062
0.569584
0.317304
0.929768
0.969211
0.08165
0.885623
0.574721
0.049653
0.555837
0.977882
0.345673
0.173144
0.927994
0.105082
0.285282
0.355109
0.375636
0.989818
0.703392
0.878623
0.945934
0.937503
0.853842
0.210617
0.313491
0.820256
0.075422
0.397302
0.320557
0.697783
0.993705
0.65526
0.615911
0.243131
0.885871
0.374828
0.137183
0.393373
0.905813
0.145946
0.023551
0.469965
0.996077
0.741495
0.479654
0.107571
0.365507
0.365934
0.63787
0.476494
0.238329
0.589825
0.958961
0.568744
0.695644
0.063639
0.302713
0.584582
0.025127
0.717246
0.234441
0.95309
0.739633
0.060263
0.464646
0.481099
0.217965
0.641044
0.930971
0.918991
0.763164
0.61377
0.910018
0.447432
0.931404
0.068232
0.375822
0.756564
0.954614
0.949974
0.756652
0.288128
0.484809
0.180254
0.22555
0.43261
0.3292
0.341214
0.265789
0.481942
0.698924
0.299941
0.331082
0.271303
0.053093
0.335757
0.932269
0.812506
0.461193
0.825005
0.755323
0.584511
0.963075
0.657836
0.025587
0.743798
0.689595
0.590202
0.507291
0.179963
0.647639
0.5891
0.088754
0.593591
0.004609
0.386165
0.543792
0.830447
0.907359
0.870974
0.178254
0.998917
0.531685
0.022291
0.350232
0.651881
0.265238
0.013846
0.148969
0.385375
0.941336
0.071992
0.559859
0.682729
0.444979
0.28662
0.565191
0.286093
0.126228
0.204168
0.577617
0.224915
0.940055
0.043243
0.910072
0.372489
0.495246
0.497315
0.371094
0.303399
0.308477
0.348256
0.7026
0.289665
0.82519
0.855226
0.649431
0.174193
0.151213
0.450057
0.037589
0.221333
0.173054
0.397249
0.824733
0.907722
0.587323
0.438781
0.96221
0.997665
0.171464
0.004511
0.545293
0.613007
0.174719
0.852584
0.292459
0.687834
0.224483
0.265463
0.850623
0.672611
0.996992
0.829415
0.063877
0.319865
0.847057
0.319286
0.393653
0.107148
0.787012
0.57351
0.918837
0.124332
0.534374
0.849321
0.123458
0.253686
0.300613
0.277576
0.883384
0.588567
0.426402
0.46994
0.283653
0.322449
0.412056
0.286417
0.328072
0.158937
0.614922
0.973659
0.420756
0.809248
0.867674
0.914071
0.526277
0.303737
0.220945
0.745736
0.946226
0.107222
0.526652
0.138051
0.441884
0.546989
0.72636
0.688817
0.093172
0.118248
0.763212
0.864635
0.574514
0.450862
0.721281
0.379059
0.182972
0.890084
0.652745
0.950809
0.127291
0.370661
0.211623
0.434812
0.135279
0.437335
0.879867
0.768228
0.060715
0.291547
0.334588
0.139572
0.320264
0.137601
0.534131
0.459496
0.716503
0.634671
0.636792
0.997108
0.357813
0.719072
0.268603
0.57478
0.008706
0.627713
0.566787
0.295155
0.660077
0.004621
0.240418
0.206039
0.695199
0.649645
0.65587
0.907145
0.945463
0.004791
0.556857
0.790767
0.95138
0.650224
0.88314
0.847342
0.105644
0.483122
0.305359
0.799732
0.773391
0.849061
0.402341
0.885509
0.422012
0.180539
0.579448
0.557971
0.784954
0.147355
0.247688
0.631758
0.378241
0.334059
0.012237
0.002053
0.004219
0.426889
0.734387
0.203599
0.443767
0.673932
0.174916
0.59567
0.710358
0.970338
0.434683
0.473907
0.575904
0.640099
0.880663
0.486348
0.784897
0.027009
0.880343
0.209274
0.37648
0.402906
0.963047
0.269971
0.127679
0.63627
0.25786
0.748462
0.811387
0.090126
0.704007
0.355788
0.955455
0.545259
0.222988
0.50107
0.056065
0.853574
0.532571
0.864039
0.291472
0.839661
0.068392
0.603571
0.823006
0.950368
0.86243
0.259267
0.734846
0.133677
0.306423
0.012226
0.653875
0.78809
0.767693
0.320211
0.178429
0.450066
0.884055
0.328333
0.675512
0.939867
0.841407
0.404814
0.050827
0.611705
0.979571
0.650123
0.002612
0.280676
0.053525
0.487704
0.467356
0.583575
0.823684
0.595246
0.575958
0.553822
0.127889
0.902678
0.421569
0.608494
0.761612
0.152233
0.871098
0.895778
0.405279
0.854018
0.057234
0.66433
0.809057
0.486759
0.384697
0.555578
0.291539
0.946819
0.315439
0.440563
0.107617
0.097354
0.448821
0.692208
0.858111
0.618595
0.752013
0.546329
0.288096
0.207704
0.52698
0.965614
0.510358
0.547611
0.476613
0.077281
0.794368
0.600357
0.950725
0.99881
0.565566
0.048051
0.141313
0.83541
0.764721
0.787969
0.616833
0.192773
0.740077
0.153335
0.583192
0.408632
0.569269
0.286289
0.250385
0.113732
0.439366
0.140344
0.612031
0.861565
0.601216
0.132758
0.136805
0.21177
0.022226
0.893407
0.675537
0.73282
0.963302
0.767663
0.604914
0.932382
0.805397
0.214306
0.052833
0.498755
0.247397
0.885196
0.07636
0.392077
0.615936
0.269573
0.431437
0.162582
0.123796
0.49713
0.232368
0.936657
0.363196
0.483004
0.594825
0.16942
0.003769
0.326042
0.259071
0.558946
0.169024
0.100116
0.230405
0.045542
0.82938
0.672423
0.992808
0.70629
0.361823
0.272436
0.518775
0.25932
0.787838
0.566322
0.92801
0.897255
0.741397
0.144296
0.773935
0.625389
0.956707
0.858861
0.766555
0.652942
0.425922
0.235888
0.314989
0.885845
0.883927
0.609014
0.222068
0.096299
0.583297
0.967125
0.7438
0.37888
0.893496
0.731665
0.943065
0.322515
0.671593
0.023123
0.356768
0.139933
0.902458
0.162624
0.033701
0.194888
0.657619
0.990886
0.071386
0.417265
0.208609
0.269095
0.934515
0.4982
0.33893
0.817941
0.699594
0.647928
0.96696
0.656058
0.188722
0.769062
0.28676
0.539818
0.419984
0.382659
0.336245
0.298206
0.836303
0.284673
0.462912
0.877412
0.498868
0.750454
0.299407
0.493489
0.74241
0.811844
0.942874
0.002921
0.683846
0.750797
0.523629
0.341474
0.033938
0.477588
0.941994
0.582739
0.622912
0.049145
0.853124
0.077299
0.70452
0.294846
0.482572
0.44566
0.237804
0.267805
0.11347
0.921369
0.917468
0.604639
0.806729
0.756324
0.062047
0.27889
0.240743
0.151821
0.867035
0.024324
0.128902
0.220885
0.129172
0.140618
0.207157
0.456652
0.579324
0.957628
0.610015
0.354951
0.968921
0.403872
0.828377
0.709124
0.691567
0.032291
0.147935
0.437876
0.738947
0.573321
0.139337
0.395889
0.010052
0.145411
0.581035
0.348862
0.544704
0.284828
0.911314
0.694759
0.405084
0.008263
0.569078
0.91226
0.82927
0.548137
0.775155
0.875031
0.899345
0.433601
0.821168
0.776601
0.023596
0.243253
0.375796
0.069205
0.242926
0.691385
0.461938
0.514989
0.690133
0.538269
0.962162
0.957075
0.463839
0.308546
0.603642
0.97984
0.918355
0.826294
0.575864
0.594524
0.134971
0.326582
0.604646
0.182233
0.214099
0.484971
0.937736
0.614916
0.740308
0.45557
0.719719
0.761216
0.936742
0.298194
0.104587
0.08946
0.460744
0.933112
0.071775
0.397819
0.154392
0.233354
0.131737
0.981768
0.836488
0.209518
0.181885
0.760743
0.572424
0.84325
0.976013
0.581148
0.068464
0.242223
0.510669
0.157953
0.191107
0.866479
0.922505
0.853735
0.044182
0.14748
0.355117
0.609927
0.958045
0.050872
0.562163
0.441516
0.161054
0.532624
0.426643
0.044067
0.62604
0.94164
0.173743
0.959279
0.317531
0.233916
0.682343
0.483447
0.984001
0.954117
0.480612
0.40597
0.410637
0.000419
0.830366
0.909306
0.874582
0.788967
0.630852
0.974439
0.781101
0.795638
0.218853
0.418494
0.83143
0.479968
0.548372
0.189049
0.922452
0.942211
0.905175
0.526432
0.798535
0.383775
0.129942
0.236973
0.813437
0.704594
0.49812
0.043991
0.338421
0.988877
0.20384
0.328843
0.64663
0.929004
0.089759
0.011797
0.702048
0.647258
0.183659
0.766204
0.628355
0.695123
0.420784
0.067129
0.217053
0.062037
0.925996
0.888664
0.296152
0.833338
0.969895
0.684058
0.688112
0.240125
0.699599
0.343652
0.203599
0.371772
0.458134
0.385265
0.626934
0.353279
0.362544
0.558158
0.338399
0.090417
0.637616
0.671579
0.978065
0.967677
0.814622
0.509428
0.761889
0.534488
0.983045
0.495222
0.797736
0.50665
0.406583
0.325299
0.097618
0.501595
0.600419
0.076587
0.376376
0.883801
0.380333
0.488331
0.794045
0.838593
0.388291
0.812514
0.484486
0.768839
0.470412
0.578621
0.555598
0.917657
0.064747
0.843249
0.172863
0.24093
0.163292
0.452135
0.194687
0.309398
0.302654
0.755276
0.963406
0.707529
0.998704
0.704982
0.778385
0.071443
0.466532
0.985643
0.220099
0.186144
0.350015
0.461931
0.582733
0.207613
0.498866
0.619711
0.65264
0.312731
0.562663
0.8532
0.344299
0.319632
0.153412
0.675196
0.396432
0.891402
0.840899
0.522508
0.645062
0.1947
0.941604
0.60707
0.956096
0.290033
0.911824
0.097338
0.801724
0.176669
0.946424
0.127276
0.350263
0.143397
0.407971
0.974807
0.318529
0.337965
0.286039
0.395938
0.682106
0.873122
0.031324
0.132543
0.332513
0.638891
0.361559
0.948702
0.404465
0.777083
0.353997
0.128632
0.056123
0.254937
0.575992
0.7243
0.682161
0.907657
0.791574
0.362142
0.627035
0.965943
0.550043
0.825311
0.670208
0.051747
0.102929
0.590599
0.998493
0.915749
0.838045
0.581801
0.566671
0.069805
0.047328
0.561406
0.822507
0.56602
0.859826
0.569355
0.928348
0.838388
0.640195
0.118336
0.688795
0.661658
0.717594
0.738325
0.899823
0.899131
0.279464
0.224763
0.363015
0.31076
0.049214
0.994621
0.362012
0.84032
0.735605
0.674882
0.612354
0.162757
0.236015
0.612319
0.2405
0.456627
0.694998
0.020838
0.493324
0.314646
0.518873
0.219056
0.695752
0.47291
0.077772
0.620406
0.677947
0.184882
0.744609
0.820341
0.555985
0.588294
0.857876
0.264625
0.98728
0.01666
0.759474
0.060967
0.297063
0.617088
0.495976
0.159789
0.999226
0.373928
0.81715
0.735974
0.813653
0.447663
0.365291
0.254889
0.789815
0.679622
0.022966
0.714289
0.817635
0.569205
0.373911
0.779815
0.900385
0.574525
0.430451
0.639216
0.815174
0.889499
0.855243
0.448342
0.816067
0.168125
0.559026
0.904501
0.840615
0.028014
0.132573
0.511247
0.07243
0.428745
0.053037
0.990158
0.556325
0.127492
0.846113
0.933214
0.105763
0.839399
0.508839
0.526787
0.545772
0.32651
0.489743
0.584369
0.844498
0.93704
0.204676
0.061973
0.612341
0.560178
0.438059
0.836766
0.328917
0.119898
0.99096
0.761793
0.230645
0.982332
0.031742
0.877982
0.71717
0.514049
0.160392
0.434224
0.580572
0.215949
0.140551
0.218069
0.477486
0.906895
0.200838
0.963748
0.823134
0.636124
0.810656
0.867589
0.970164
0.023392
0.055417
0.068096
0.526415
0.871032
0.856546
0.600009
0.234414
0.612639
0.805542
0.494939
0.770297
0.654032
0.144171
0.161093
0.36239
0.062821
0.22329
0.058951
0.055044
0.463947
0.229851
0.707539
0.948714
0.350505
0.123416
0.676182
0.5364
0.377227
0.095137
0.07252
0.795746
0.232704
0.486528
0.563661
0.404397
0.402733
0.491463
0.23721
0.459851
0.776221
0.567657
0.132616
0.991767
0.938565
0.440145
0.972046
0.229792
0.294758
0.511818
0.063228
0.674447
0.780993
0.642019
0.22052
0.271756
0.548221
0.733173
0.032993
0.250549
0.770367
0.570959
0.410682
0.004162
0.287439
0.581118
0.488588
0.528458
0.855058
0.597683
0.642641
0.330549
0.654478
0.933827
0.434569
0.970386
0.476938
0.525633
0.025039
0.607977
0.128209
0.403402
0.796354
0.310534
0.248053
0.694819
0.859772
0.237432
0.409024
0.829911
0.58729
0.995203
0.687119
0.306197
0.827847
0.719991
0.687971
0.986846
0.010179
0.441104
0.553515
0.080727
0.553321
0.678412
0.498757
0.332247
0.815188
0.561306
0.030744
0.411114
0.097921
0.757007
0.311428
0.7951
0.905312
0.983676
0.56907
0.497987
0.658917
0.472617
0.593504
0.334357
0.725357
0.569663
0.164191
0.216988
0.661232
0.643206
0.862494
0.19128
0.723919
0.416387
0.80314
0.988912
0.561702
0.186694
0.817147
0.969888
0.483943
0.717937
0.960059
0.630545
0.912143
0.537238
0.737523
0.390468
0.726247
0.502564
0.814734
0.483942
0.623281
0.257291
0.871542
0.408311
0.428769
0.698242
0.283082
0.753015
0.446999
0.657277
0.557604
0.134312
0.948497
0.0441
0.796016
0.022895
0.915491
0.750922
0.018508
0.976189
0.292514
0.540919
0.425487
0.409731
0.76607
0.459376
0.398891
0.862294
0.341576
0.51619
0.080803
0.540135
0.810512
0.101338
0.982141
0.829181
0.212214
0.062708
0.492772
0.617479
0.017265
0.113732
0.173606
0.039622
0.796642
0.930697
0.146958
0.743293
0.987601
0.015586
0.216483
0.951239
0.365341
0.167376
0.726313
0.294104
0.71638
0.137661
0.925992
0.959967
0.858577
0.509519
0.696924
0.93841
0.161219
0.897338
0.168822
0.766499
0.94558
0.147278
0.996157
0.256568
0.106838
0.630283
0.465252
0.2964
0.359112
0.101178
0.861554
0.564639
0.416576
0.025023
0.413111
0.290598
0.573744
0.908706
0.671079
0.300247
0.45674
0.184594
0.443344
0.644616
0.59756
0.507232
0.784693
0.699363
0.023865
0.079055
0.890156
0.713861
0.794715
0.071613
0.087339
0.991763
0.105247
0.719669
0.771249
0.606584
0.848047
0.334575
0.597433
0.161597
0.170233
0.578181
0.244526
0.236473
0.970156
0.584459
0.675635
0.069776
0.457458
0.310675
0.925144
0.754577
0.350149
0.627153
0.6577
0.79844
0.401026
0.907988
0.767762
0.588396
0.741457
0.807651
0.346433
0.743803
0.847529
0.632449
0.482479
0.29673
0.916906
0.70438
0.28175
0.620325
0.611403
0.28781
0.322734
0.583838
0.032762
0.995509
0.526423
0.038651
0.899885
0.413421
0.673434
0.921137
0.085932
0.720572
0.233235
0.244663
0.508227
0.003617
0.872421
0.992948
0.89579
0.916194
0.027933
0.477845
0.728541
0.187656
0.203794
0.211657
0.929949
0.865068
0.633848
0.991934
0.417222
0.62466
0.010869
0.24814
0.315083
0.677995
0.144783
0.744286
0.402698
0.051055
0.753294
0.818602
0.581787
0.462991
0.136388
0.802896
0.530297
0.267636
0.023743
0.19828
0.467121
0.131278
0.984774
0.889743
0.888324
0.072264
0.332364
0.576848
0.795594
0.465182
0.515465
0.621843
0.562575
0.596031
0.765215
0.592843
0.648503
0.767126
0.808815
0.616885
0.951186
0.12003
0.595931
0.193
0.247181
0.618377
0.63726
0.958448
0.32087
0.772405
0.901679
0.210364
0.37904
0.222221
0.82329
0.926154
0.91687
0.262826
0.113829
0.115544
0.39561
0.069946
0.309768
0.454437
0.601256
0.4145
0.880777
0.679644
0.278896
0.513213
0.354866
0.708218
0.539552
0.100698
0.471755
0.745229
0.219175
0.973018
0.717569
0.39701
0.579595
0.565115
0.193418
0.3983
0.574157
0.56909
0.536481
0.646229
0.075354
0.068067
0.085305
0.835
0.558299
0.651578
0.549059
0.419194
0.787148
0.724841
0.256494
0.910886
0.270207
0.048356
0.901964
0.800939
0.018002
0.14316
0.739505
0.928048
0.852322
0.685226
0.174527
0.770388
0.44336
0.841645
0.439604
0.725366
0.453536
0.211258
0.492566
0.486096
0.120798
0.388167
0.112691
0.3561
0.633471
0.139525
0.579969
0.602836
0.925535
0.406527
0.327802
0.756975
0.02771
0.218724
0.385228
0.55518
0.349638
0.919086
0.121953
0.720378
0.297319
0.313649
0.675704
0.424641
0.760315
0.237256
0.964376
0.933789
0.848933
0.598908
0.778163
0.526477
0.530942
0.373914
0.991309
0.271706
0.377493
0.991801
0.404707
0.870564
0.114523
0.011936
0.628105
0.640233
0.816382
0.764329
0.929186
0.165299
0.919357
0.381296
0.036073
0.198831
0.267147
0.621099
0.721937
0.148495
0.629901
0.36649
0.550843
0.269463
0.095191
0.765356
0.374051
0.811756
0.792141
0.165967
0.991603
0.134502
0.156892
0.515767
0.757233
0.501559
0.706693
0.318721
0.42883
0.371434
0.80459
0.654514
0.271812
0.061706
0.305239
0.944803
0.566614
0.702477
0.888684
0.469362
0.584861
0.598282
0.361535
0.653452
0.646454
0.551458
0.766749
0.791417
0.559091
0.470021
0.087602
0.02355
0.891343
0.069046
0.321838
0.575148
0.716384
0.660606
0.775574
0.469766
0.645839
0.410427
0.477175
0.898056
0.719364
0.543386
0.59075
0.830998
0.958642
0.144628
0.325206
0.291897
0.607776
0.354436
0.794209
0.03227
0.612867
0.201069
0.097583
0.641526
0.795899
0.711263
0.609091
0.351189
0.635766
0.169537
0.26644
0.054124
0.693969
0.682988
0.314357
0.424947
0.052604
0.044898
0.018188
0.196901
0.332275
0.285475
0.143304
0.367536
0.22692
0.85195
0.804626
0.961247
0.435129
0.131178
0.373194
0.815107
0.606427
0.810372
0.962966
0.89368
0.705887
0.73439
0.28398
0.244409
0.543148
0.950962
0.648043
0.574307
0.942763
0.510185
0.519024
0.298136
0.7318
0.092831
0.739551
0.184873
0.313183
0.172789
0.053913
0.78595
0.625014
0.477201
0.145845
0.892088
0.012989
0.526434
0.156757
0.531208
0.053489
0.611931
0.313179
0.36837
0.982207
0.848441
0.630581
0.277382
0.47191
0.333578
0.881476
0.448274
0.825655
0.429196
0.324487
0.70836
0.084573
0.504414
0.059581
0.446597
0.881729
0.785066
0.162725
0.741415
0.293372
0.152699
0.150368
0.200632
0.127203
0.765402
0.876543
0.638644
0.888127
0.53527
0.490046
0.451447
0.401703
0.909067
0.434028
0.087999
0.963045
0.992772
0.383404
0.047704
0.593375
0.073678
0.487512
0.325671
0.550853
0.757107
0.39895
0.952661
0.606416
0.903489
0.034194
0.504705
0.112371
0.373021
0.772277
0.029508
0.034804
0.371641
0.459216
0.741746
0.528786
0.640389
0.6981
0.737864
0.190744
0.826318
0.080134
0.642142
0.364476
0.689979
0.823267
0.673739
0.311115
0.753913
0.748011
0.345561
0.382819
0.954678
0.791179
0.910167
0.050675
0.975159
0.084453
0.578419
0.627271
0.735716
0.688983
0.783489
0.0581
0.323274
0.193905
0.444322
0.020635
0.151601
0.308929
0.541153
0.520555
0.903825
0.949419
0.83971
0.191733
0.926107
0.974829
0.079657
0.474632
0.315016
0.464237
0.965331
0.317993
0.024402
0.293201
0.195867
0.558245
0.465265
0.647349
0.053237
0.976943
0.161465
0.532112
0.574397
0.946404
0.953285
0.875232
0.101803
0.790451
0.538351
0.64442
0.561952
0.192969
0.268421
0.432039
0.644632
0.980019
0.126858
0.299312
0.946019
0.352761
0.022096
0.437975
0.47213
0.241398
0.86101
0.985267
0.461236
0.325224
0.641121
0.708361
0.266578
0.228625
0.568528
0.103724
0.887759
0.274571
0.338807
0.348022
0.183939
0.616873
0.326361
0.406943
0.454287
0.205261
0.32925
0.583613
0.280968
0.894323
0.717247
0.980635
0.932917
0.660846
0.215088
0.315453
0.36489
0.853921
0.494939
0.065708
0.326564
0.958142
0.199237
0.602852
0.804043
0.553995
0.591447
0.276326
0.420569
0.649726
0.168057
0.90735
0.100068
0.821357
0.709433
0.860085
0.484864
0.923722
0.668091
0.363902
0.534633
0.558909
0.680441
0.634927
0.072872
0.561386
0.878801
0.279225
0.504113
0.527772
0.657117
0.29006
0.291562
0.783046
0.470534
0.178914
0.563935
0.010423
0.286275
0.080617
0.249958
0.533404
0.37429
0.045146
0.81046
0.403454
0.451626
0.522466
0.785342
0.592652
0.487436
0.446477
0.182657
0.717656
0.805082
0.226522
0.845346
0.402107
0.772617
0.803494
0.933921
0.452078
0.116867
0.884664
0.714544
0.745351
0.351309
0.433051
0.928929
0.441481
0.638547
0.252356
0.05262
0.258344
0.860267
0.983977
0.308534
0.941013
0.584272
0.901362
0.998486
0.81965
0.09964
0.450013
0.644155
0.102031
0.218276
0.180845
0.863009
0.24682
0.341174
0.112018
0.370991
0.698516
0.855735
0.133629
0.087757
0.638891
0.080741
0.473242
0.548838
0.931039
0.190035
0.066614
0.093951
0.353961
0.554822
0.112201
0.931225
0.223329
0.114719
0.815001
0.394794
0.80925
0.041491
0.381873
0.915026
0.758708
0.565089
0.24817
0.150968
0.709788
0.985293
0.345142
0.626782
0.364776
0.282352
0.347309
0.116635
0.524754
0.600395
0.818908
0.195166
0.105319
0.273075
0.296524
0.764274
0.23747
0.621318
0.059008
0.07479
0.035391
0.988268
0.626528
0.519003
0.284248
0.959844
0.486399
0.285542
0.74509
0.995884
0.247942
0.979782
0.976451
0.564213
0.467439
0.983021
0.262591
0.452278
0.75746
0.425435
0.419701
0.821794
0.417742
0.55041
0.795565
0.789616
0.617147
0.246561
0.208054
0.595513
0.947279
0.707688
0.418826
0.909255
0.212817
0.911865
0.443527
0.024612
0.256583
0.866122
0.0803
0.743844
0.814129
0.307959
0.973528
0.467877
0.557515
0.865557
0.961837
0.963523
0.935734
0.797516
0.938599
0.237407
0.189304
0.289314
0.020191
0.446506
0.699092
0.924328
0.355533
0.979556
0.77469
0.111514
0.269251
0.392281
0.614994
0.861505
0.170088
0.114493
0.460104
0.617381
0.908872
0.964173
0.115374
0.838585
0.941538
0.410814
0.730328
0.27349
0.160931
0.160101
0.455908
0.401609
0.880671
0.637098
0.570122
0.540915
0.992
0.974993
0.865845
0.786379
0.659853
0.386576
0.441935
0.431334
0.034035
0.155131
0.390635
0.761631
0.962652
0.251885
0.051088
0.927364
0.979773
0.296963
0.390417
0.299933
0.033531
0.660856
0.806538
0.344277
0.386926
0.814465
0.78965
0.305455
0.337369
0.680244
0.586084
0.258374
0.190157
0.247475
0.729948
0.987203
0.268972
0.769925
0.300444
0.533917
0.735181
0.127705
0.852277
0.223663
0.703567
0.990539
0.850872
0.088373
0.620538
0.286431
0.55331
0.912455
0.849179
0.690537
0.343496
0.726529
0.462245
0.097967
0.101361
0.71812
0.173024
0.226705
0.201284
0.039351
0.466265
0.989403
0.728298
0.062207
0.439925
0.646906
0.948261
0.007287
0.216638
0.672034
0.479298
0.123151
0.454703
0.393572
0.916743
0.88707
0.990213
0.448204
0.968381
0.996689
0.769923
0.05155
0.920043
0.172456
0.379742
0.949689
0.61021
0.862901
0.31601
0.334387
0.948767
0.125404
0.921531
0.080291
0.591659
0.157626
0.840524
0.587752
0.617214
0.81443
0.457019
0.081075
0.556402
0.923877
0.465336
0.102395
0.26471
0.09683
0.090212
0.735942
0.66801
0.23343
0.400093
0.878395
0.935209
0.335191
0.792259
0.395091
0.403229
0.848242
0.734844
0.357488
0.331144
0.836975
0.364571
0.5984
0.084237
0.746223
0.160159
0.501897
0.442851
0.007473
0.990194
0.414149
0.833965
0.317999
0.640203
0.211614
0.076643
0.266705
0.252054
0.128354
0.568517
0.194893
0.297305
0.06648
0.085618
0.407707
0.57245
0.680984
0.328754
0.450094
0.162307
0.227471
0.38314
0.49904
0.341298
0.032539
0.546427
0.81841
0.083151
0.079233
0.833944
0.926135
0.468322
0.269583
0.575116
0.013411
0.488307
0.634963
0.097092
0.995267
0.215411
0.341874
0.016938
0.723203
0.674692
0.003478
0.337526
0.985351
0.682431
0.816196
0.484959
0.397073
0.34325
0.801819
0.503114
0.70078
0.068911
0.323752
0.894625
0.581032
0.300756
0.331965
0.264625
0.29196
0.61446
0.198836
0.863734
0.013839
0.675438
0.048157
0.521451
0.919407
0.592009
0.555878
0.960134
0.432224
0.044115
0.058027
0.994109
0.540288
0.20344
0.423755
0.819528
0.436046
0.750676
0.648468
0.408494
0.886909
0.233992
0.208612
0.494382
0.968432
0.230552
0.641993
0.312173
0.153314
0.177333
0.018308
0.145144
0.760157
0.975702
0.905741
0.228955
0.937896
0.571479
0.785774
0.751018
0.5102
0.202436
0.814686
0.397121
0.12463
0.960912
0.792706
0.05742
0.307166
0.321077
0.477485
0.778991
0.972415
0.941439
0.392469
0.604968
0.342457
0.48611
0.035709
0.077228
0.479518
0.959425
0.025522
0.854427
0.625002
0.646014
0.045079
0.991239
0.952613
0.280027
0.185867
0.359414
0.080266
0.305113
0.820068
0.229222
0.576024
0.197034
0.922513
0.50468
0.066488
0.645214
0.335692
0.452171
0.893474
0.886847
0.910454
0.867211
0.657302
0.045153
0.773313
0.554367
0.058395
0.064134
0.122918
0.960996
0.929893
0.666441
0.321486
0.213853
0.576961
0.612507
0.902873
0.28732
0.050134
0.000488
0.730972
0.364061
0.032804
0.485852
0.10269
0.678429
0.728034
0.044845
0.788757
0.032912
0.611842
0.570818
0.947089
0.660172
0.64263
0.998047
0.602321
0.268907
0.294784
0.809805
0.13416
0.097582
0.223299
0.842257
0.287631
0.319609
0.017851
0.997708
0.093323
0.985584
0.143126
0.716807
0.133324
0.862474
0.886811
0.931656
0.7202
0.154488
0.559192
0.170237
0.918847
0.317138
0.717132
0.822797
0.741678
0.968979
0.807039
0.239122
0.584216
0.231392
0.792421
0.941187
0.20269
0.561733
0.438158
0.050561
0.997322
0.604877
0.672071
0.393086
0.388061
0.834258
0.569352
0.658747
0.314602
0.789629
0.436773
0.368469
0.441835
0.349639
0.932197
0.217815
0.094601
0.438851
0.516312
0.719919
0.88721
0.478382
0.345638
0.549039
0.474124
0.364219
0.610765
0.916244
0.972809
0.724404
0.593036
0.335807
0.302921
0.228906
0.071554
0.435021
0.10866
0.217369
0.565834
0.474822
0.375184
0.559739
0.266126
0.817158
0.284087
0.491311
0.668206
0.96105
0.560743
0.067135
0.66611
0.35834
0.413183
0.933448
0.583696
0.242698
0.530014
0.184207
0.40196
0.105862
0.376719
0.637873
0.30681
0.982567
0.57896
0.349521
0.635022
0.027924
0.213165
0.817269
0.313001
0.651271
0.798236
0.986954
0.870604
0.031187
0.800186
0.146225
0.216196
0.759646
0.313267
0.284608
0.354607
0.020558
0.416245
0.300277
0.4449
0.905909
0.104114
0.769878
0.91881
0.169965
0.763405
0.90705
0.065059
0.697486
0.127342
0.287449
0.505485
0.234772
0.456681
0.048905
0.47882
0.481532
0.045013
0.554217
0.110688
0.690008
0.718128
0.609792
0.185189
0.74765
0.721804
0.632374
0.053233
0.871321
0.557184
0.184475
0.487425
0.405176
0.374388
0.128074
0.327436
0.838354
0.200079
0.164566
0.403413
0.8814
0.116848
0.890227
0.875317
0.934469
0.697547
0.830913
0.504108
0.321972
0.945086
0.860581
0.701608
0.238538
0.050913
0.977399
0.879253
0.906401
0.97264
0.842712
0.936831
0.592887
0.29405
0.873521
0.936689
0.067179
0.385081
0.773594
0.721714
0.185226
0.652718
0.882519
0.240048
0.760266
0.068887
0.10333
0.315667
0.373306
0.866898
0.38762
0.698868
0.023112
0.61544
0.416494
0.159183
0.519236
0.679393
0.586859
0.543491
0.849442
0.312669
0.757236
0.618284
0.177137
0.263679
0.879073
0.125369
0.395332
0.948392
0.743308
0.117544
0.569785
0.206476
0.336345
0.289308
0.637972
0.560194
0.4982
0.64489
0.875776
0.723867
0.863575
0.837438
0.393068
0.957092
0.063239
0.195175
0.085365
0.997315
0.429213
0.029794
0.902947
0.038945
0.606681
0.090418
0.248648
0.4426
0.359442
0.144503
0.452432
0.131812
0.5645
0.496665
0.992735
0.161322
0.124387
0.070046
0.250756
0.187687
0.741699
0.395044
0.128243
0.120753
0.476972
0.826305
0.914319
0.808311
0.983197
0.39337
0.291629
0.756826
0.998043
0.436168
0.933603
0.630506
0.066218
0.493367
0.637069
0.289762
0.489143
0.602328
0.028759
0.3406
0.438009
0.356706
0.223925
0.078475
0.391564
0.558426
0.601515
0.57005
0.934214
0.97362
0.191586
0.015335
0.443314
0.196206
0.380161
0.972334
0.463425
0.710283
0.314761
0.204186
0.928028
0.334057
0.080602
0.770355
0.452669
0.783827
0.134763
0.674928
0.501414
0.003042
0.519151
0.928108
0.451185
0.487184
0.746961
0.622076
0.971633
0.923298
0.338476
0.511381
0.317695
0.966018
0.999375
0.734614
0.349375
0.839577
0.070184
0.175015
0.543267
0.977488
0.783226
0.492681
0.859568
0.020114
0.703957
0.170197
0.63322
0.955968
0.557628
0.869074
0.329103
0.289858
0.569938
0.73234
0.529777
0.547074
0.261676
0.461379
0.642863
0.771636
0.803943
0.870268
0.936992
0.55384
0.616137
0.549951
0.526956
0.301858
0.044082
0.831568
0.251092
0.985244
0.974443
0.329594
0.643571
0.365267
0.795775
0.435117
0.116506
0.237174
0.837638
0.773814
0.145166
0.580495
0.210272
0.726788
0.850507
0.268585
0.066848
0.661037
0.474362
0.78068
0.326107
0.616078
0.459424
0.11448
0.057666
0.866162
0.915876
0.512837
0.280539
0.733918
0.065465
0.365941
0.313454
0.588766
0.801553
0.509039
0.909766
0.838091
0.779614
0.9667
0.975126
0.558866
0.997656
0.422474
0.4374
0.686579
0.121672
0.930273
0.100987
0.825591
0.752863
0.475968
0.613846
0.60346
0.039427
0.588472
0.500493
0.691132
0.959811
0.911144
0.563371
0.801084
0.663822
0.202437
0.830777
0.628159
0.069696
0.699695
0.969062
0.661851
0.979517
0.824774
0.048994
0.615267
0.893253
0.250672
0.771204
0.676563
0.383021
0.053746
0.620203
0.345288
0.296059
0.686025
0.267271
0.50932
0.883152
0.128812
0.434584
0.38752
0.656454
0.856075
0.98501
0.306036
0.050513
0.831927
0.616653
0.807728
0.975118
0.661506
0.474644
0.660706
0.684209
0.119346
0.05697
0.56629
0.156348
0.831605
0.920228
0.036267
0.129884
0.937706
0.579084
0.46815
0.315145
0.140935
0.15282
0.780989
0.576647
0.255335
0.368009
0.051415
0.264355
0.416043
0.500872
0.909172
0.775919
0.160998
0.770673
0.564001
0.673538
0.155961
0.634571
0.499877
0.991117
0.938847
0.338971
0.114722
0.97243
0.434292
0.340282
0.566207
0.681984
0.000567
0.502944
0.409489
0.622182
0.741658
0.432395
0.784934
0.981084
0.089316
0.65084
0.497511
0.896248
0.801989
0.295031
0.511483
0.051155
0.633307
0.149771
0.314252
0.500263
0.107693
0.126768
0.544114
0.785311
0.367979
0.369174
0.467529
0.683605
0.536866
0.984053
0.793783
0.611688
0.611447
0.137397
0.538451
0.468412
0.306938
0.332535
0.070449
0.037169
0.848859
0.005243
0.74434
0.201902
0.108402
0.661323
0.709603
0.870222
0.912847
0.541745
0.865096
0.000862
0.455198
0.805827
0.748495
0.150802
0.963175
0.097755
0.807721
0.069731
0.203383
0.268655
0.351178
0.500729
0.237896
0.118791
0.062179
0.505741
0.010487
0.806166
0.202307
0.05625
0.718356
0.74888
0.990231
0.765626
0.763838
0.574519
0.775578
0.494868
0.386196
0.090477
0.421546
0.85303
0.057718
0.202742
0.731634
0.413187
0.788963
0.282622
0.626038
0.575748
0.00265
0.353488
0.610247
0.80577
0.943438
0.384606
0.143491
0.765069
0.882807
0.692556
0.281325
0.075161
0.044078
0.915216
0.751055
0.46684
0.132936
0.983298
0.226954
0.874374
0.579385
0.015789
0.747421
0.986246
0.031273
0.003757
0.275018
0.373739
0.75396
0.72691
0.498939
0.201234
0.07868
0.416516
0.843669
0.083701
0.450499
0.909066
0.446531
0.520414
0.260235
0.647698
0.81968
0.585225
0.29167
0.66663
0.008778
0.666827
0.457927
0.75203
0.022104
0.763925
0.733219
0.845723
0.146095
0.213999
0.251593
0.854245
0.278288
0.94743
0.011018
0.331579
0.041078
0.367623
0.436849
0.0751
0.612117
0.555213
0.085458
0.982544
0.751708
0.695338
0.824869
0.957029
0.914486
0.594647
0.052794
0.417178
0.586036
0.459769
0.235992
0.359675
0.764588
0.545963
0.889665
0.803378
0.122018
0.254208
0.637886
0.273863
0.45955
0.657202
0.926251
0.994278
0.59406
0.515613
0.74378
0.326188
0.492278
0.894233
0.622465
0.721409
0.736504
0.564429
0.415893
0.891884
0.915905
0.316918
0.867735
0.771877
0.478295
0.088685
0.915751
0.68787
0.910374
0.104925
0.525171
0.284702
0.877241
0.803506
0.910264
0.704201
0.456806
0.93324
0.184612
0.641407
0.248342
0.928794
0.918114
0.422256
0.201546
0.46083
0.130842
0.204074
0.874136
0.877814
0.113747
0.508005
0.90971
0.952699
0.56788
0.790153
0.301308
0.244981
0.347042
0.180141
0.484068
0.646614
0.219552
0.689808
0.744855
0.928125
0.427058
0.462517
0.395966
0.709716
0.672259
0.821491
0.223638
0.664713
0.609741
0.474073
0.216126
0.397079
0.053599
0.198985
0.112074
0.305059
0.957332
0.004728
0.940402
0.830581
0.988541
0.981208
0.971152
0.467352
0.990711
0.597208
0.713374
0.418501
0.487984
0.417648
0.838557
0.802927
0.24654
0.184337
0.276883
0.446163
0.597969
0.668024
0.133668
0.111539
0.433183
0.726442
0.738416
0.651457
0.221732
0.098183
0.967124
0.80599
0.005606
0.544691
0.385625
0.301954
0.638053
0.52463
0.480614
0.693624
0.435835
0.777701
0.822914
0.83494
0.50446
0.635566
0.46246
0.892718
0.996478
0.939323
0.307773
0.738778
0.012265
0.496685
0.532483
0.884166
0.742042
0.852468
0.193249
0.799828
0.152074
0.131202
0.0268
0.816021
0.532837
0.247267
0.672464
0.944582
0.315824
0.529721
0.894243
0.948857
0.104898
0.974137
0.513183
0.438164
0.864703
0.419508
0.987653
0.075058
0.622204
0.497894
0.112035
0.159038
0.921252
0.873663
0.95255
0.016123
0.799848
0.854667
0.94107
0.563766
0.587192
0.819564
0.574515
0.203496
0.891951
0.250188
0.404174
0.975128
0.858938
0.79089
0.045978
0.0748
0.064468
0.934501
0.063149
0.490196
0.158855
0.317258
0.89257
0.603773
0.72417
0.448168
0.994705
0.438296
0.665359
0.105531
0.396835
0.250823
0.05001
0.963775
0.774742
0.116291
0.054861
0.534521
0.954785
0.574623
0.518796
0.261486
0.758905
0.263102
0.851054
0.318859
0.800438
0.187877
0.35743
0.671247
0.449828
0.823499
0.252398
0.357476
0.142621
0.645084
0.173514
0.552643
0.421309
0.46856
0.022605
0.773186
0.201577
0.573505
0.689583
0.999233
0.733305
0.370367
0.336991
0.580585
0.478184
0.213574
0.604554
0.52864
0.672202
0.583048
0.811997
0.701115
0.740541
0.771883
0.346246
0.903708
0.599103
0.40847
0.877044
0.905677
0.290711
0.458087
0.729036
0.48405
0.601354
0.874999
0.780666
0.019068
0.168634
0.00973
0.809682
0.575475
0.437824
0.766691
0.342494
0.633831
0.606506
0.843674
0.377453
0.396681
0.659441
0.964114
0.963122
0.4987
0.933385
0.058417
0.44906
0.190933
0.522982
0.35247
0.474418
0.58707
0.61733
0.107368
0.812246
0.803344
0.246134
0.050261
0.315034
0.220782
0.22745
0.349089
0.296784
0.24187
0.878199
0.994862
0.400205
0.317185
0.362937
0.764333
0.48018
0.405168
0.359837
0.991195
0.464228
0.605114
0.343604
0.566998
0.936072
0.685644
0.402073
0.537075
0.212832
0.23827
0.785998
0.703039
0.217534
0.121919
0.871341
0.306069
0.953789
0.865484
0.788508
0.668766
0.589759
0.01484
0.747767
0.499257
0.417389
0.130172
0.852997
0.065836
0.267756
0.199666
0.584614
0.566845
0.138969
0.209338
0.642645
0.371404
0.284337
0.238069
0.223736
0.354101
0.869318
0.433431
0.026706
0.300837
0.051338
0.044198
0.297751
0.904017
0.130239
0.899922
0.167431
0.618352
0.453047
0.108669
0.268674
0.924946
0.100973
0.936355
0.421116
0.807354
0.225962
0.498394
0.057861
0.244222
0.825021
0.636499
0.988613
0.356588
0.54166
0.612801
0.545946
0.683592
0.078065
0.555852
0.502495
0.071569
0.53721
0.058533
0.097942
0.957588
0.012512
0.360711
0.820752
0.165321
0.688977
0.074671
0.486731
0.200155
0.208762
0.369966
0.799231
0.652367
0.957802
0.597925
0.228364
0.167157
0.573766
0.701439
0.013868
0.023391
0.496637
0.441201
0.599289
0.747619
0.045283
0.774697
0.151393
0.07098
0.767279
0.091255
0.392672
0.670018
0.11487
0.505639
0.909813
0.774719
0.484975
0.788862
0.891509
0.299243
0.777665
0.419642
0.457077
0.838437
0.461392
0.168004
0.363087
0.330912
0.580516
0.644537
0.004966
0.914654
0.814167
0.504822
0.926037
0.648238
0.769138
0.208908
0.303854
0.440662
0.175545
0.654807
0.38457
0.019392
0.867319
0.715133
0.10587
0.652985
0.971495
0.810296
0.672023
0.807129
0.455084
0.493617
0.864595
0.829198
0.763573
0.537222
0.383991
0.233014
0.714785
0.181238
0.682199
0.986165
0.210187
0.900064
0.158754
0.450043
0.66353
0.072774
0.507607
0.65594
0.193319
0.327627
0.513241
0.781368
0.693304
0.499224
0.874731
0.20346
0.362498
0.026095
0.276751
0.086463
0.68658
0.823203
0.666984
0.989468
0.063518
0.864699
0.600484
0.329033
0.113567
0.94102
0.942837
0.440748
0.597829
0.367032
0.588469
0.229263
0.600475
0.52491
0.203185
0.552023
0.479839
0.845182
0.976013
0.293751
0.954771
0.899068
0.503096
0.426712
0.162644
0.285568
0.813952
0.423087
0.542531
0.265625
0.115863
0.671499
0.972061
0.876638
0.48262
0.397782
0.082474
0.337316
0.315469
0.17353
0.28384
0.688267
0.607757
0.716052
0.194361
0.437191
0.027492
0.274617
0.209922
0.017325
0.914088
0.574182
0.811074
0.928691
0.293209
0.162216
0.693769
0.547937
0.138809
0.396892
0.673661
0.911965
0.04127
0.834024
0.187956
0.513732
0.735863
0.737621
0.747354
0.889921
0.711978
0.092182
0.368539
0.956735
0.329633
0.069354
0.734979
0.55401
0.372634
0.903711
0.09223
0.485884
0.730115
0.436668
0.807773
0.765772
0.372175
0.648076
0.359215
0.27149
0.749637
0.072964
0.712997
0.50914
0.090443
0.508998
0.490646
0.35453
0.601861
0.341395
0.522205
0.06473
0.332381
0.305607
0.037289
0.235192
0.880698
0.782773
0.538032
0.047504
0.84362
0.75379
0.144135
0.24828
0.020481
0.585898
0.538715
0.191093
0.31926
0.988636
0.508901
0.244307
0.939682
0.993298
0.663156
0.225412
0.238858
0.703201
0.426535
0.741859
0.734965
0.740178
0.122762
0.337117
0.526652
0.645272
0.620679
0.82847
0.814172
0.636149
0.085084
0.276457
0.464803
0.304287
0.020118
0.744708
0.854902
0.762337
0.252752
0.837378
0.104622
0.998864
0.2938
0.055467
0.864881
0.715581
0.374948
0.570381
0.05222
0.975847
0.473894
0.387177
0.287789
0.880536
0.299668
0.522406
0.771118
0.881402
0.21663
0.032334
0.492654
0.987902
0.596594
0.165923
0.679446
0.619977
0.347874
0.554516
0.138144
0.123313
0.151116
0.140901
0.512803
0.012066
0.247947
0.538594
0.371776
0.541188
0.268722
0.289963
0.421147
0.668599
0.056344
0.411642
0.194818
0.966844
0.241421
0.884159
0.326342
0.88368
0.80109
0.610321
0.139924
0.900457
0.438402
0.82552
0.846364
0.776833
0.099098
0.550604
0.491493
0.132902
0.166968
0.953579
0.308414
0.517161
0.755133
0.428479
0.224413
0.275606
0.696208
0.373682
0.429098
0.587981
0.603399
0.79081
0.820546
0.183962
0.142409
0.304832
0.701141
0.860864
0.941817
0.724425
0.199395
0.166888
0.307596
0.372076
0.520592
0.472652
0.351892
0.335795
0.742998
0.783276
0.950684
0.355628
0.000804
0.596313
0.203838
0.214913
0.946346
0.596216
0.444327
0.689089
0.850365
0.843377
0.989402
0.039709
0.901107
0.232397
0.597324
0.441367
0.736695
0.608769
0.015568
0.296908
0.489938
0.497863
0.330801
0.725352
0.120097
0.551709
0.578195
0.932223
0.061554
0.85327
0.904898
0.413568
0.616006
0.130289
0.343809
0.932372
0.700332
0.614987
0.246971
0.867751
0.219732
0.212982
0.692844
0.483371
0.430814
0.281695
0.666458
0.397686
0.196888
0.306417
0.198508
0.300471
0.483999
0.265214
0.728328
0.703194
0.774274
0.80593
0.876126
0.374418
0.974959
0.895382
0.328891
0.981126
0.781243
0.592172
0.435184
0.297115
0.429285
0.154264
0.955751
0.959045
0.986747
0.064389
0.133855
0.083357
0.767513
0.340196
0.326007
0.89784
0.89461
0.841803
0.182515
0.951538
0.519753
0.734393
0.3523
0.984185
0.920013
0.065531
0.492845
0.320299
0.500408
0.043879
0.919946
0.873207
0.269625
0.073528
0.136601
0.55457
0.90995
0.072792
0.90369
0.40183
0.848542
0.16489
0.208734
0.318869
0.348207
0.263362
0.234426
0.592409
0.270733
0.518582
0.896328
0.277953
0.643353
0.754315
0.268836
0.713686
0.081717
0.560432
0.862182
0.891612
0.632193
0.628438
0.407961
0.651135
0.72841
0.452448
0.594
0.751715
0.073193
0.066381
0.777804
0.549066
0.908018
0.619349
0.888945
0.892196
0.144177
0.598432
0.882142
0.22357
0.615717
0.260773
0.338299
0.482466
0.609355
0.529745
0.876977
0.651525
0.171596
0.101759
0.982433
0.501227
0.851166
0.319409
0.917119
0.725403
0.030833
0.517564
0.368964
0.828855
0.706495
0.337218
0.645769
0.122157
0.293544
0.316593
0.597906
0.043071
0.960239
0.326467
0.723622
0.238755
0.791992
0.997753
0.01532
0.697074
0.291979
0.871323
0.232211
0.578884
0.965447
0.039949
0.720102
0.282238
0.539031
0.376935
0.183045
0.087095
0.176193
0.357547
0.976352
0.935621
0.573422
0.441006
0.142491
0.765631
0.545955
0.013746
0.603516
0.53311
0.791501
0.178304
0.130095
0.528891
0.162192
0.477206
0.44426
0.703714
0.157608
0.469129
0.851712
0.647593
0.87817
0.907044
0.564056
0.423225
0.76815
0.542559
0.358771
0.306176
0.969456
0.979901
0.106372
0.470033
0.829464
0.755005
0.202915
0.029535
0.259226
0.19755
0.170285
0.653882
0.093206
0.852812
0.923284
0.015598
0.121538
0.913941
0.31965
0.489709
0.310566
0.822517
0.70967
0.479741
0.169312
0.767082
0.17044
0.869617
0.322161
0.94112
0.429514
0.239226
0.836719
0.035967
0.403023
0.093383
0.910421
0.348325
0.074032
0.537916
0.665205
0.684563
0.907958
0.907285
0.810092
0.566784
0.417764
0.940266
0.178873
0.645791
0.028523
0.425335
0.31373
0.755105
0.03768
0.110928
0.015955
0.785671
0.320437
0.234836
0.894292
0.153399
0.664704
0.832157
0.749065
0.469696
0.932524
0.273381
0.33178
0.268967
0.707979
0.411878
0.29494
0.527044
0.932872
0.434754
0.731728
0.003521
0.635707
0.700408
0.420571
0.47343
0.390389
0.674898
0.425629
0.431604
0.856439
0.99128
0.244152
0.363334
0.387122
0.929819
0.069412
0.215713
0.268205
0.808608
0.098802
0.007187
0.198513
0.824203
0.133393
0.154687
0.617698
0.559932
0.15687
0.691034
0.307438
0.235995
0.813041
0.340532
0.843021
0.136014
0.380675
0.12905
0.885397
0.816813
0.015303
0.773522
0.080055
0.75195
0.62317
0.901717
0.229042
0.63163
0.664208
0.451643
0.926419
0.729323
0.956331
0.840299
0.260865
0.293112
0.874506
0.928943
0.184103
0.101633
0.664544
0.448942
0.693784
0.778471
0.654648
0.095471
0.299011
0.261849
0.861376
0.728541
0.745045
0.770518
0.487279
0.226374
0.048084
0.721899
0.313135
0.826357
0.556502
0.110896
0.599649
0.599832
0.07096
0.905971
0.087829
0.621319
0.498826
0.892218
0.489088
0.714076
0.150438
0.240168
0.46868
0.632877
0.45796
0.261332
0.557054
0.440853
0.11597
0.378222
0.333587
0.722298
0.113627
0.684875
0.98519
0.643649
0.744826
0.837923
0.149929
0.300364
0.149544
0.888555
0.280683
0.697414
0.090578
0.421268
0.771231
0.31497
0.892916
0.254079
0.040835
0.537816
0.97495
0.172231
0.288937
0.933426
0.215051
0.910919
0.45021
0.625331
0.01902
0.147188
0.291332
0.022854
0.278927
0.070805
0.15949
0.965067
0.661316
0.611236
0.17071
0.886832
0.478905
0.566797
0.105981
0.531015
0.092625
0.258218
0.019494
0.936893
0.130527
0.856497
0.776475
0.988437
0.779492
0.257319
0.909222
0.545633
0.321665
0.98728
0.096074
0.455244
0.029424
0.46382
0.342263
0.605801
0.053896
0.999603
0.799742
0.775102
0.973035
0.218036
0.175857
0.288203
0.341832
0.743035
0.932352
0.238932
0.279381
0.764525
0.889224
0.643795
0.600218
0.795321
0.435024
0.025508
0.131999
0.315926
0.137677
0.51141
0.273796
0.582379
0.023555
0.464341
0.997006
0.003872
0.418252
0.87895
0.725989
0.530274
0.541388
0.525269
0.59003
0.463087
0.521314
0.265319
0.689502
0.592836
0.02652
0.304526
0.284636
0.544181
0.900786
0.457982
0.445012
0.808827
0.914297
0.125532
0.142356
0.549903
0.662149
0.126728
0.234006
0.422872
0.948772
0.544807
0.747694
0.439511
0.26588
0.52283
0.786102
0.863455
0.296141
0.726662
0.880302
0.80511
0.529238
0.857915
0.397163
0.803377
0.225061
0.711306
0.084779
0.734332
0.842966
0.548446
0.996283
0.68684
0.268093
0.223373
0.384924
0.930687
0.111945
0.493768
0.196861
0.408115
0.922283
0.401313
0.013733
0.839595
0.696467
0.816088
0.952059
0.109013
0.642697
0.952207
0.146338
0.424503
0.070613
0.225128
0.05646
0.066148
0.590884
0.926573
0.69159
0.468032
0.266127
0.746671
0.845504
0.026915
0.538888
0.941829
0.847383
0.866577
0.354666
0.103738
0.283374
0.007179
0.508748
0.772492
0.699959
0.123675
0.54712
0.717742
0.517427
0.893188
0.422471
0.346781
0.388202
0.725623
0.936014
0.247691
0.216762
0.167306
0.655193
0.912247
0.696591
0.832564
0.073102
0.399247
0.645269
0.955314
0.214529
0.894541
0.826403
0.357364
0.639038
0.679445
0.89178
0.543756
0.937393
0.933016
0.362688
0.946963
0.653129
0.85174
0.253168
0.498589
0.990917
0.332821
0.981506
0.703762
0.284003
0.910601
0.914316
0.027279
0.384874
0.396157
0.388407
0.893623
0.399957
0.037654
0.140838
0.140407
0.851317
0.045649
0.320667
0.130445
0.767864
0.943866
0.388948
0.185936
0.430159
0.732563
0.200079
0.843284
0.157675
0.217125
0.578535
0.657309
0.586756
0.643012
0.943468
0.631213
0.674442
0.405472
0.671507
0.769922
0.068478
0.427465
0.858874
0.1243
0.415065
0.312684
0.66652
0.957038
0.165029
0.221341
0.768793
0.624495
0.436074
0.485498
0.696234
0.438618
0.780012
0.802906
0.826583
0.033484
0.369079
0.97468
0.507724
0.257334
0.073975
0.527065
0.806108
0.354035
0.348893
0.42002
0.613376
0.916076
0.941235
0.140344
0.879703
0.021541
0.626844
0.996258
0.047183
0.233844
0.619726
0.281094
0.693772
0.021364
0.016316
0.55578
0.955176
0.838854
0.65286
0.010376
0.333259
0.213122
0.520487
0.712842
0.148884
0.787111
0.315183
0.008286
0.637468
0.172639
0.14458
0.032362
0.556932
0.253276
0.232872
0.443632
0.695027
0.473929
0.739706
0.098211
0.647439
0.398079
0.957505
0.621978
0.096071
0.048842
0.883312
0.030153
0.871949
0.946424
0.204779
0.722495
0.301688
0.965658
0.945217
0.572246
0.148938
0.04659
0.707857
0.598018
0.005128
0.48578
0.632803
0.485769
0.228714
0.893301
0.037171
0.721211
0.57385
0.961469
0.937937
0.367362
0.729059
0.767148
0.083326
0.261874
0.015911
0.376237
0.838161
0.042169
0.638453
0.114944
0.213851
0.41175
0.176002
0.84701
0.973221
0.825852
0.127998
0.072673
0.604444
0.671768
0.380306
0.604918
0.560997
0.678891
0.151627
0.459098
0.69166
0.987813
0.416745
0.076747
0.620161
0.767243
0.0871
0.402067
0.257292
0.203485
0.293787
0.984446
0.941738
0.825774
0.314139
0.11742
0.991163
0.617628
0.472695
0.355225
0.29101
0.761243
0.120863
0.176626
0.563173
0.583107
0.065091
0.641072
0.221732
0.805013
0.466273
0.956281
0.165343
0.175672
0.82778
0.162061
0.505116
0.637918
0.970312
0.501051
0.011337
0.615961
0.287231
0.411369
0.642877
0.900991
0.264445
0.575033
0.144084
0.50056
0.883864
0.217262
0.090332
0.02055
0.423383
0.788189
0.129699
0.224625
0.281825
0.773358
0.029534
0.213576
0.157265
0.229922
0.888387
0.453022
0.563289
0.623837
0.431207
0.386452
0.406298
0.573958
0.675939
0.314718
0.332763
0.009361
0.606069
0.67477
0.157155
0.267824
0.334917
0.213541
0.78621
0.25009
0.442265
0.921771
0.537519
0.993668
0.671387
0.292547
0.370123
0.624786
0.271213
0.094803
0.302132
0.102216
0.45468
0.761876
0.064546
0.944615
0.652914
0.791385
0.552746
0.447538
0.454807
0.484602
0.987736
0.4556
0.978608
0.135944
0.602119
0.295167
0.416261
0.123529
0.34813
0.266468
0.96906
0.525552
0.25402
0.492555
0.669544
0.64714
0.754848
0.956309
0.377577
0.558806
0.452328
0.336347
0.824592
0.322776
0.57536
0.964404
0.34082
0.754956
0.2228
0.815018
0.970086
0.323392
0.692358
0.822385
0.44714
0.072296
0.98517
0.634383
0.709609
0.642226
0.32271
0.465889
0.212459
0.91836
0.574381
0.960026
0.456211
0.220723
0.168128
0.808667
0.827676
0.323649
0.57556
0.190158
0.069117
0.365207
0.650112
0.031878
0.969215
0.77868
0.265848
0.662918
0.949964
0.170526
0.181081
0.912237
0.968579
0.765008
0.042444
0.543568
0.709023
0.701561
0.209378
0.162832
0.164863
0.151949
0.822246
0.526637
0.408193
0.660754
0.817272
0.288375
0.5257
0.111166
0.528885
0.416783
0.777899
0.104023
0.220521
0.580992
0.37431
0.088733
0.407097
0.201713
0.748366
0.472834
0.263518
0.673921
0.577687
0.018014
0.315765
0.8294
0.887952
0.966614
0.033193
0.072049
0.106637
0.920823
0.549876
0.205286
0.25629
0.516538
0.529529
0.281852
0.554709
0.642257
0.245451
0.491183
0.741476
0.554827
0.831868
0.561203
0.372483
0.336783
0.534858
0.724477
0.491385
0.385133
0.202174
0.623943
0.135173
0.145347
0.517219
0.402728
0.522392
0.43547
0.56134
0.449245
0.617995
0.453268
0.005052
0.478949
0.421843
0.83589
0.028318
0.724445
0.652118
0.198181
0.854447
0.832205
0.243882
0.757302
0.214733
0.762859
0.856316
0.860346
0.448811
0.804292
0.854106
0.374962
0.480379
0.028272
0.749774
0.929658
0.052967
0.337186
0.852797
0.995138
0.083462
0.225553
0.540226
0.782882
0.922886
0.543603
0.274382
0.350154
0.303364
0.836967
0.312094
0.804244
0.993021
0.327856
0.012597
0.834879
0.760622
0.917456
0.734126
0.851122
0.956813
0.823094
0.291414
0.530329
0.072999
0.868442
0.66317
0.125231
0.304431
0.30018
0.994629
0.632512
0.812138
0.962554
0.550863
0.261076
0.856888
0.28036
0.858166
0.357122
0.399213
0.878585
0.299445
0.658749
0.167312
0.627589
0.598426
0.243318
0.111044
0.216714
0.477707
0.199956
0.827913
0.750038
0.792727
0.49909
0.962545
0.802052
0.921592
0.393356
0.92067
0.207834
0.700403
0.889574
0.957671
0.64008
0.695109
0.648852
0.994857
0.085348
0.387659
0.827511
0.332219
0.34296
0.150689
0.754449
0.676193
0.809253
0.596221
0.863782
0.636387
0.266497
0.572957
0.210493
0.48903
0.091694
0.173391
0.451334
0.004894
0.443882
0.595019
0.351518
0.559937
0.268207
0.490859
0.93585
0.653269
0.496005
0.847523
0.862781
0.31027
0.233881
0.072752
0.958297
0.086253
0.972995
0.005591
0.683495
0.814974
0.565787
0.387297
0.428936
0.346181
0.571817
0.498874
0.367711
0.290762
0.589128
0.050671
0.953943
0.355517
0.361074
0.213068
0.167729
0.146281
0.667024
0.142766
0.265585
0.029894
0.297128
0.331728
0.853162
0.912755
0.143674
0.384751
0.44125
0.20196
0.733332
0.341139
0.34027
0.164931
0.067355
0.170406
0.829477
0.452721
0.055608
0.111314
0.764731
0.024097
0.28325
0.784725
0.872654
0.782841
0.816239
0.936485
0.826755
0.015656
0.942795
0.487768
0.151604
0.319302
0.81209
0.280842
0.115368
0.339921
0.312661
0.088315
0.685119
0.792315
0.055109
0.29533
0.353552
0.746634
0.1614
0.749559
0.083167
0.10715
0.705427
0.563463
0.07597
0.483363
0.161636
0.023686
0.671659
0.460802
0.95062
0.39901
0.820101
0.438156
0.822839
0.385965
0.010726
0.21606
0.146599
0.17811
0.332877
0.904106
0.766718
0.050079
0.916412
0.308771
0.903071
0.867132
0.93191
0.367701
0.52749
0.731408
0.108471
0.016801
0.654399
0.972167
0.304756
0.2413
0.21155
0.986882
0.086324
0.966877
0.458516
0.782419
0.036239
0.129644
0.004038
0.031813
0.899834
0.324491
0.82507
0.502809
0.116009
0.985033
0.586131
0.298819
0.479036
0.021303
0.040776
0.478424
0.918705
0.263523
0.945731
0.200486
0.471997
0.911079
0.027319
0.09402
0.794661
0.693888
0.483888
0.278579
0.710429
0.986527
0.471074
0.390607
0.477596
0.905743
0.313107
0.276666
0.634969
0.350077
0.240498
0.835711
0.847222
0.560215
0.033699
0.689351
0.705342
0.357376
0.847951
0.648732
0.454141
0.170765
0.633491
0.763467
0.572449
0.716735
0.09098
0.476493
0.411575
0.559176
0.989418
0.817748
0.022705
0.132225
0.648318
0.510226
0.658479
0.413493
0.122527
0.562422
0.019485
0.952181
0.111852
0.375488
0.376895
0.067919
0.328144
0.515381
0.869365
0.285233
0.933048
0.408416
0.969664
0.785358
0.231413
0.792169
0.77883
0.240175
0.525392
0.721781
0.985914
0.375769
0.953927
0.158504
0.536953
0.759917
0.27298
0.339679
0.22758
0.452567
0.214551
0.027314
0.072426
0.376915
0.276025
0.34711
0.883352
0.190065
0.409917
0.029966
0.265907
0.242319
0.769457
0.644956
0.430444
0.024981
0.551367
0.951108
0.599176
0.367912
0.85846
0.624642
0.34921
0.882973
0.023031
0.232292
0.550704
0.499239
0.708116
0.219618
0.238665
0.832233
0.904567
0.347805
0.043748
0.737494
0.33309
0.546053
0.145246
0.269385
0.152924
0.487714
0.682677
0.092705
0.896713
0.66858
0.994748
0.63647
0.201183
0.714801
0.633677
0.523924
0.793438
0.556229
0.808098
0.508693
0.401006
0.795747
0.484709
0.072877
0.708014
0.749209
0.66598
0.328836
0.877785
0.207412
0.012784
0.824372
0.782127
0.25761
0.08859
0.905209
0.373794
0.301855
0.871874
0.112445
0.133338
0.069891
0.398452
0.974106
0.539272
0.300524
0.780775
0.873671
0.379382
0.66109
0.205315
0.914582
0.127029
0.800116
0.175603
0.634112
0.035713
0.389557
0.018283
0.871384
0.856659
0.560875
0.173226
0.473989
0.739923
0.51915
0.136542
0.83997
0.885139
0.663762
0.549852
0.79394
0.454619
0.584325
0.269655
0.80884
0.781691
0.69763
0.185107
0.166882
0.275787
0.532033
0.421191
0.030035
0.085931
0.463685
0.728686
0.436989
0.961354
0.227059
0.635297
0.296282
0.068377
0.889501
0.831814
0.849663
0.249316
0.053295
0.875859
0.882071
0.866169
0.697252
0.284451
0.244698
0.582769
0.640696
0.642948
0.417306
0.037141
0.897653
0.492711
0.086739
0.020051
0.577652
0.763908
0.985772
0.437849
0.663571
0.293827
0.224108
0.133458
0.01639
0.358666
0.388241
0.340654
0.382191
0.794054
0.351151
0.037609
0.917288
0.316215
0.769222
0.734674
0.423428
0.4558
0.426483
0.618914
0.473333
0.880299
0.563918
0.880882
0.750325
0.999914
0.408255
0.23769
0.231573
0.196177
0.637978
0.283275
0.370739
0.302156
0.197175
0.102642
0.193536
0.184312
0.869621
0.948198
0.335529
0.352677
0.099437
0.366841
0.451054
0.09659
0.756484
0.124398
0.274624
0.086692
0.407951
0.777553
0.743825
0.703981
0.416407
0.404916
0.705412
0.029993
0.181726
0.291385
0.567236
0.60148
0.533171
0.032605
0.218465
0.434091
0.002214
0.060863
0.800597
0.425192
0.509184
0.838289
0.157908
0.567911
0.198889
0.502221
0.3109
0.961468
0.703124
0.888067
0.718532
0.130867
0.460869
0.383997
0.737953
0.015594
0.466266
0.759952
0.216712
0.251602
0.429706
0.771881
0.230357
0.725208
0.033063
0.262153
0.346415
0.92817
0.420345
0.732389
0.814416
0.660123
0.861017
0.445145
0.566147
0.243512
0.495624
0.950195
0.948768
0.35518
0.867276
0.175595
0.420036
0.849059
0.771203
0.706436
0.801528
0.848157
0.573179
0.247693
0.297357
0.683476
0.356025
0.79553
0.852386
0.334288
0.623061
0.062589
0.844604
0.389113
0.714741
0.691385
0.0189
0.072347
0.118943
0.634517
0.969113
0.031832
0.230619
0.386587
0.469115
0.952584
0.847933
0.989752
0.494075
0.270625
0.599455
0.637761
0.803411
0.29066
0.092037
0.592939
0.284796
0.649586
0.760954
0.887053
0.947902
0.835041
0.177877
0.063998
0.973908
0.54543
0.973106
0.992068
0.684069
0.561291
0.166679
0.478255
0.808555
0.005943
0.543358
0.203975
0.316068
0.542562
0.656033
0.133343
0.550346
0.148941
0.037788
0.47881
0.304648
0.732215
0.582114
0.387287
0.768015
0.850975
0.31835
0.684141
0.168519
0.612194
0.618235
0.180558
0.72746
0.688549
0.554529
0.826949
0.084097
0.842559
0.376085
0.815848
0.307815
0.303141
0.204858
0.143566
0.082191
0.314215
0.080185
0.746587
0.494887
0.519504
0.949845
0.773462
0.001426
0.075418
0.212617
0.28179
0.513281
0.474288
0.915912
0.756766
0.678997
0.472586
0.430428
0.506309
0.508302
0.936929
0.041259
0.48998
0.737188
0.49624
0.811793
0.819629
0.960484
0.546979
0.818728
0.953395
0.991067
0.970088
0.551823
0.988829
0.16541
0.453292
0.144514
0.537204
0.066965
0.22332
0.396233
0.66636
0.832644
0.428545
0.377839
0.466253
0.622347
0.000342
0.396838
0.40422
0.166883
0.923064
0.200706
0.368305
0.087672
0.586883
0.729062
0.435755
0.645063
0.254479
0.288576
0.701546
0.711356
0.310947
0.542086
0.245735
0.295139
0.55463
0.086499
0.691351
0.246539
0.660482
0.092667
0.910059
0.32857
0.27156
0.620503
0.194673
0.494088
0.371064
0.37579
0.994482
0.268472
0.361347
0.331362
0.080313
0.95686
0.577825
0.859822
0.816769
0.651906
0.0405
0.469809
0.84692
0.873341
0.66839
0.890412
0.182914
0.803498
0.600272
0.365415
0.795665
0.984841
0.03819
0.087275
0.501696
0.71541
0.341614
0.620955
0.331503
0.813613
0.200052
0.088371
0.861777
0.958646
0.698444
0.553432
0.023706
0.446372
0.702399
0.492688
0.052699
0.386307
0.363956
0.018293
0.049156
0.486613
0.125135
0.280962
0.664935
0.768247
0.786511
0.023738
0.80262
0.759479
0.466691
0.156396
0.888059
0.913783
0.538364
0.295665
0.43314
0.518098
0.247466
0.738001
0.055961
0.849021
0.666059
0.638524
0.885405
0.408967
0.257739
0.866919
0.372387
0.43536
0.701904
0.957993
0.436162
0.716777
0.579771
0.716929
0.711769
0.540242
0.864012
0.427057
0.846516
0.090467
0.215741
0.268757
0.557318
0.065503
0.049613
0.014763
0.858041
0.314134
0.427367
0.355213
0.125081
0.627246
0.900679
0.28564
0.011626
0.038925
0.921176
0.681205
0.063861
0.232919
0.999898
0.879369
0.962144
0.493917
0.111393
0.429191
0.434077
0.567549
0.983659
0.327141
0.008892
0.369741
0.009859
0.948284
0.894115
0.88214
0.898651
0.203998
0.728583
0.189685
0.416022
0.647413
0.883826
0.319306
0.441886
0.616957
0.580976
0.75907
0.630173
0.688564
0.737297
0.380669
0.129771
0.62881
0.091392
0.02279
0.366264
0.063793
0.0924
0.351251
0.812244
0.218364
0.400561
0.80662
0.507781
0.972991
0.027211
0.733208
0.787307
0.290645
0.75731
0.03884
0.578654
0.759708
0.964905
0.451683
0.12397
0.599422
0.075441
0.158337
0.522232
0.154829
0.219068
0.875758
0.785758
0.372796
0.16998
0.821967
0.083669
0.946888
0.207513
0.084086
0.457349
0.462219
0.916906
0.923881
0.892204
0.044803
0.378473
0.092602
0.611458
0.332662
0.981894
0.071612
0.050168
0.148497
0.752195
0.061069
0.477296
0.630826
0.808666
0.252676
0.340036
0.225329
0.59185
0.900785
0.757772
0.521961
0.258816
0.702203
0.918783
0.635999
0.139352
0.113266
0.132546
0.95128
0.649113
0.839114
0.839519
0.516775
0.355825
0.402079
0.658622
0.326729
0.920498
0.298516
0.255964
0.011758
0.051944
0.151172
0.82901
0.303315
0.774113
0.170198
0.289918
0.877929
0.085132
0.989952
0.04681
0.519527
0.293739
0.681032
0.944624
0.756936
0.862218
0.551303
0.254871
0.166599
0.508645
0.814008
0.866917
0.023382
0.874262
0.415248
0.273375
0.515346
0.707593
0.277598
0.071081
0.682792
0.210064
0.896424
0.722254
0.350193
0.209208
0.563467
0.259779
0.360903
0.03807
0.078914
0.76296
0.476134
0.111457
0.50706
0.259614
0.416107
0.15596
0.204987
0.954576
0.115036
0.855656
0.189192
0.545567
0.824431
0.260393
0.898064
0.618445
0.559043
0.556157
0.893358
0.182994
0.595173
0.320705
0.983259
0.640924
0.927786
0.435312
0.857438
0.229099
0.565457
0.748693
0.390273
0.848611
0.484805
0.567014
0.382707
0.941701
0.373553
0.406591
0.462275
0.881144
0.732263
0.218015
0.460147
0.078352
0.018709
0.695095
0.673917
0.972062
0.424184
0.730226
0.967564
0.624178
0.305316
0.093736
0.482476
0.245076
0.505
0.848947
0.34514
0.523826
0.869325
0.811732
0.887106
0.626867
0.198131
0.960426
0.970186
0.193067
0.023698
0.202938
0.48413
0.428425
0.041167
0.693419
0.847522
0.344539
0.472992
0.023641
0.785973
0.792414
0.205771
0.86611
0.512311
0.999167
0.688123
0.102097
0.448852
0.23222
0.344117
0.059429
0.239036
0.619999
0.842328
0.702499
0.468299
0.190827
0.145776
0.419312
0.340494
0.358195
0.504905
0.699986
0.593184
0.735628
0.795262
0.992956
0.998484
0.240504
0.243888
0.153382
0.153787
0.264713
0.701487
0.570799
0.682754
0.335843
0.551985
0.403394
0.94932
0.100428
0.015773
0.89984
0.194707
0.037314
0.853009
0.227866
0.14887
0.219956
0.871062
0.086858
0.363842
0.564256
0.275833
0.84476
0.233627
0.350836
0.689369
0.650413
0.650126
0.889011
0.913058
0.100939
0.771662
0.191295
0.429619
0.11866
0.075239
0.682771
0.528228
0.011463
0.75513
0.927363
0.408842
0.32865
0.754465
0.704725
0.354723
0.53777
0.338991
0.711096
0.650113
0.760913
0.687509
0.58092
0.801604
0.059503
0.410267
0.170271
0.661367
0.716341
0.103546
0.063683
0.587793
0.305898
0.607561
0.551966
0.962673
0.681287
0.573424
0.707644
0.256368
0.747532
0.405411
0.959043
0.7701
0.433774
0.586262
0.031475
0.347216
0.825219
0.146458
0.0673
0.358681
0.512621
0.408115
0.561554
0.296806
0.852411
0.859804
0.263964
0.149685
0.477613
0.074595
0.770768
0.471932
0.457948
0.342768
0.006437
0.674567
0.574378
0.188115
0.10669
0.650639
0.701782
0.259645
0.531233
0.51456
0.87983
0.817768
0.644833
0.424775
0.192645
0.57319
0.178835
0.05145
0.408097
0.900666
0.639729
0.416625
0.82748
0.35956
0.993951
0.992353
0.072813
0.157285
0.398385
0.667392
0.003006
0.431773
0.032011
0.850209
0.885795
0.734207
0.55151
0.994536
0.367401
0.017908
0.87665
0.701749
0.436995
0.784169
0.409241
0.868171
0.370178
0.782235
0.660966
0.123373
0.750298
0.768172
0.322496
0.369346
0.732834
0.17478
0.559665
0.460509
0.098208
0.663804
0.538804
0.78556
0.030351
0.01815
0.141409
0.098041
0.932366
0.292346
0.787356
0.900781
0.594709
0.825937
0.771188
0.385173
0.519309
0.040503
0.29651
0.202236
0.903888
0.062679
0.834207
0.69567
0.749851
0.831727
0.972163
0.483945
0.842996
0.228251
0.878747
0.501501
0.125137
0.031556
0.040246
0.755481
0.638507
0.915515
0.617437
0.022795
0.955435
0.974819
0.39233
0.838373
0.102142
0.547642
0.688731
0.185654
0.444954
0.17873
0.646409
0.033878
0.439589
0.444221
0.596281
0.965366
0.437724
0.747226
0.830128
0.422442
0.861466
0.337689
0.714725
0.268542
0.353049
0.636415
0.128873
0.77811
0.270323
0.135476
0.872701
0.885618
0.270577
0.339912
0.275742
0.143741
0.075013
0.156157
0.273356
0.943698
0.52928
0.166565
0.567999
0.061964
0.064221
0.202032
0.034057
0.372794
0.434012
0.685252
0.787263
0.251023
0.268361
0.495353
0.014575
0.390027
0.753912
0.791807
0.97136
0.438708
0.246216
0.702078
0.950168
0.26423
0.943442
0.678221
0.238841
0.130586
0.475088
0.162695
0.309761
0.35963
0.64229
0.690233
0.599192
0.733365
0.820702
0.539379
0.231679
0.647934
0.78845
0.527266
0.213981
0.848136
0.248746
0.520732
0.215033
0.307979
0.894236
0.644313
0.066408
0.644198
0.340947
0.981738
0.67742
0.927936
0.378042
0.151859
0.215606
0.845539
0.210639
0.014709
0.306903
0.153516
0.610298
0.091155
0.834914
0.299671
0.247327
0.034393
0.577133
0.85421
0.908228
0.494098
0.663129
0.875943
0.392707
0.716831
0.232973
0.364438
0.644346
0.833425
0.422463
0.454071
0.494416
0.912574
0.675998
0.564036
0.254972
0.977807
0.62624
0.805292
0.875152
0.365229
0.457155
0.291283
0.367282
0.928664
0.033303
0.917993
0.634256
0.547913
0.196945
0.946697
0.20946
0.797219
0.024244
0.86785
0.909646
0.39647
0.199124
0.723707
0.32012
0.909269
0.336565
0.773445
0.951718
0.712585
0.866451
0.927484
0.991956
0.396486
0.97506
0.59823
0.464358
0.895219
0.031513
0.542158
0.027166
0.920828
0.967224
0.140024
0.725131
0.370541
0.495893
0.915996
0.948458
0.90678
0.380195
0.822466
0.310807
0.137013
0.500475
0.107888
0.420689
0.366124
0.890033
0.611711
0.799605
0.639826
0.099356
0.933074
0.518736
0.167053
0.793281
0.070649
0.862246
0.180959
0.374825
0.12113
0.901139
0.5564
0.108743
0.572536
0.481503
0.665574
0.195477
0.884899
0.627171
0.174252
0.86336
0.053727
0.132123
0.153545
0.627339
0.020106
0.929454
0.06028
0.032758
0.366914
0.957928
0.191663
0.22499
0.701902
0.064003
0.951791
0.213873
0.629075
0.90794
0.793593
0.760255
0.263385
0.350219
0.681401
0.188825
0.004264
0.218792
0.216264
0.496741
0.956948
0.657231
0.929737
0.105098
0.142228
0.931759
0.226223
0.002066
0.828112
0.133198
0.736432
0.333248
0.012591
0.585821
0.339147
0.589706
0.934225
0.960847
0.735196
0.64751
0.521474
0.965844
0.163477
0.97723
0.206773
0.06123
0.563346
0.184166
0.817641
0.74266
0.775342
0.852517
0.789407
0.365909
0.614562
0.909853
0.650124
0.357816
0.411688
0.983314
0.986519
0.480235
0.796884
0.79482
0.782523
0.198677
0.164292
0.769568
0.067772
0.004435
0.348414
0.034473
0.962149
0.143677
0.785763
0.924487
0.197898
0.58522
0.770283
0.26971
0.775977
0.244935
0.613822
0.793799
0.865504
0.507838
0.774763
0.319529
0.037273
0.387887
0.642536
0.57732
0.561979
0.856823
0.180932
0.676686
0.814572
0.747282
0.378504
0.630128
0.676677
0.277019
0.131609
0.020244
0.86775
0.01158
0.934994
0.130896
0.245029
0.26894
0.068999
0.03545
0.907139
0.957206
0.910781
0.007452
0.260328
0.318496
0.346106
0.458964
0.189341
0.828104
0.30314
0.133045
0.783842
0.636736
0.805614
0.993672
0.462054
0.92961
0.304411
0.220983
0.481272
0.328461
0.245561
0.253446
0.178856
0.571208
0.24202
0.923648
0.163127
0.585816
0.850027
0.389264
0.77008
0.565777
0.714413
0.317066
0.975583
0.768587
0.034945
0.857955
0.877812
0.732974
0.01196
0.946133
0.337141
0.039646
0.326516
0.40185
0.326466
0.692529
0.960442
0.401195
0.113787
0.861831
0.654394
0.313415
0.803301
0.663277
0.063835
0.222271
0.758562
0.652905
0.898647
0.355454
0.724647
0.663876
0.680246
0.150518
0.735571
0.477371
0.812069
0.807329
0.632069
0.252191
0.118096
0.061961
0.862664
0.167897
0.417649
0.771088
0.054888
0.096895
0.458684
0.855003
0.550784
0.038417
0.589678
0.276044
0.005155
0.29159
0.04363
0.4656
0.599813
0.218901
0.494258
0.739219
0.495963
0.889463
0.340822
0.725499
0.842614
0.383425
0.980244
0.736157
0.88309
0.104572
0.291735
0.726167
0.198847
0.710804
0.160819
0.29567
0.619339
0.345054
0.264794
0.768048
0.777252
0.968823
0.932519
0.250029
0.115144
0.239347
0.501069
0.472401
0.832078
0.414821
0.916124
0.831395
0.2616
0.405327
0.540905
0.860283
0.661863
0.393462
0.909165
0.919071
0.910806
0.331837
0.932517
0.301413
0.110364
0.115839
0.735471
0.792109
0.616732
0.7617
0.885704
0.606853
0.243706
0.945492
0.157922
0.783772
0.498178
0.986488
0.466681
0.865685
0.133101
0.932918
0.9244
0.426246
0.397904
0.084783
0.062186
0.721463
0.158782
0.56158
0.302389
0.348957
0.847913
0.451463
0.777088
0.818021
0.793965
0.918997
0.976403
0.020937
0.991481
0.300559
0.76279
0.365576
0.293548
0.519744
0.77952
0.186579
0.685466
0.355853
0.362724
0.536729
0.204417
0.984934
0.813776
0.626884
0.249834
0.793529
0.049074
0.116764
0.92898
0.012265
0.439534
0.277269
0.048422
0.501724
0.803611
0.207346
0.35945
0.965675
0.740464
0.396912
0.841797
0.986756
0.417488
0.12507
0.922312
0.833407
0.286109
0.38029
0.954624
0.904159
0.475262
0.868106
0.459302
0.28058
0.579043
0.905709
0.014513
0.748245
0.873927
0.851501
0.292134
0.468436
0.246907
0.398768
0.018565
0.958194
0.833596
0.265759
0.441067
0.47704
0.151739
0.610393
0.059475
0.569474
0.571512
0.632344
0.733369
0.440388
0.261728
0.013366
0.542765
0.181169
0.686003
0.148608
0.951659
0.803448
0.652411
0.077049
0.874562
0.915819
0.199616
0.833618
0.297208
0.709101
0.811406
0.810695
0.380041
0.866505
0.04895
0.453214
0.483399
0.142644
0.301379
0.585736
0.81847
0.678319
0.683336
0.438698
0.769971
0.317267
0.46253
0.80223
0.111438
0.394021
0.4983
0.385113
0.066484
0.645475
0.356071
0.094345
0.409297
0.952884
0.120443
0.33821
0.637682
0.454248
0.168491
0.992424
0.529914
0.380128
0.39755
0.051963
0.977125
0.117821
0.82855
0.644215
0.227679
0.009434
0.960048
0.180648
0.339519
0.440274
0.366375
0.249856
0.969674
0.485949
0.256162
0.026788
0.040629
0.07348
0.301757
0.736853
0.642519
0.028554
0.716422
0.5339
0.60799
0.262886
0.561884
0.281653
0.951179
0.044052
0.770205
0.74314
0.687248
0.797687
0.822022
0.97106
0.877235
0.010467
0.188198
0.731079
0.030642
0.28062
0.112967
0.580339
0.27526
0.494697
0.781737
0.973352
0.383564
0.158533
0.404935
0.336421
0.659828
0.248011
0.839413
0.671932
0.590297
0.402688
0.611537
0.045398
0.775631
0.602758
0.334412
0.982943
0.632907
0.965251
0.051472
0.793366
0.302377
0.084416
0.184995
0.718455
0.905192
0.991412
0.709407
0.679274
0.833278
0.089293
0.201403
0.875732
0.251607
0.215016
0.87666
0.566914
0.544699
0.944892
0.623163
0.771526
0.575751
0.588586
0.960365
0.206332
0.698355
0.877322
0.84472
0.421606
0.160348
0.524463
0.107842
0.307806
0.516745
0.073465
0.579392
0.908593
0.634723
0.156816
0.863853
0.435898
0.961372
0.229204
0.599988
0.682996
0.654196
0.32722
0.046815
0.633923
0.482823
0.654823
0.444355
0.954342
0.436191
0.575974
0.52952
0.581239
0.220848
0.029002
0.600849
0.143815
0.182267
0.186255
0.740846
0.697359
0.18249
0.154139
0.963061
0.736183
0.630322
0.901618
0.147689
0.536554
0.450771
0.097876
0.082257
0.459425
0.961708
0.636789
0.563015
0.133119
0.664873
0.448387
0.233454
0.100369
0.265822
0.809798
0.722337
0.049064
0.493227
0.927412
0.31533
0.393617
0.420786
0.282293
0.484115
0.947658
0.289139
0.084931
0.447871
0.728151
0.906247
0.196165
0.001316
0.330226
0.79454
0.479619
0.487637
0.951382
0.163942
0.429524
0.600212
0.819094
0.53914
0.166637
0.063772
0.56547
0.934477
0.825244
0.282701
0.898021
0.959564
0.264918
0.413211
0.569027
0.948658
0.068199
0.371837
0.025851
0.314838
0.831255
0.549795
0.960412
0.889806
0.320022
0.096573
0.468642
0.570449
0.073653
0.911212
0.246796
0.419281
0.352818
0.707834
0.430077
0.219522
0.078621
0.304187
0.34419
0.760537
0.446052
0.892747
0.132934
0.825478
0.609461
0.599267
0.287491
0.333456
0.77772
0.64854
0.088835
0.223064
0.101947
0.733636
0.272648
0.769954
0.84355
0.476827
0.723667
0.553517
0.586071
0.076844
0.391727
0.958246
0.370597
0.326965
0.623068
0.793739
0.458658
0.749581
0.316475
0.362836
0.296393
0.680083
0.955535
0.28054
0.006262
0.989295
0.315816
0.880764
0.71155
0.557843
0.118334
0.683603
0.846252
0.101009
0.430312
0.401936
0.811365
0.719721
0.728325
0.17778
0.898102
0.884828
0.867433
0.332593
0.741467
0.877355
0.419922
0.027242
0.338196
0.324955
0.207872
0.00647
0.371487
0.871681
0.844982
0.879924
0.345885
0.747133
0.988454
0.22416
0.63129
0.225632
0.303704
0.454662
0.254812
0.355292
0.561265
0.289688
0.838423
0.747023
0.669606
0.498305
0.036477
0.150247
0.536699
0.598212
0.68318
0.147216
0.596174
0.643925
0.612437
0.645913
0.129225
0.377548
0.556461
0.690111
0.418231
0.596037
0.595165
0.359805
0.458875
0.311532
0.915485
0.305329
0.646151
0.484918
0.940282
0.326453
0.373433
0.490699
0.753312
0.146271
0.975415
0.947069
0.014937
0.613312
0.235457
0.692916
0.629455
0.838768
0.93402
0.791213
0.962559
0.229084
0.01939
0.060353
0.999171
0.768585
0.040479
0.205038
0.877333
0.583791
0.143594
0.108657
0.126958
0.20336
0.483573
0.538147
0.794895
0.227997
0.313925
0.011561
0.746493
0.342404
0.498801
0.698275
0.309854
0.655154
0.993972
0.751409
0.295367
0.534546
0.800959
0.8516
0.159812
0.179977
0.145106
0.063634
0.040452
0.465377
0.263892
0.597123
0.276725
0.131006
0.368683
0.416903
0.150568
0.506557
0.219797
0.486745
0.551567
0.174302
0.963573
0.582631
0.007824
0.319797
0.221969
0.664162
0.118279
0.980289
0.714303
0.307047
0.172465
0.947404
0.876189
0.311459
0.941022
0.902713
0.143448
0.898853
0.952886
0.176073
0.30651
0.716833
0.040311
0.920633
0.765181
0.087494
0.376016
0.687232
0.814194
0.086121
0.401114
0.710595
0.047936
0.574047
0.280752
0.464056
0.461368
0.170798
0.527395
0.493044
0.417545
0.935887
0.767699
0.591159
0.140153
0.195813
0.650363
0.558964
0.727897
0.141547
0.480129
0.184465
0.722357
0.315072
0.841049
0.572228
0.194774
0.004634
0.865503
0.123887
0.533437
0.692506
0.054149
0.650692
0.779563
0.121789
0.007972
0.894791
0.382464
0.286786
0.226151
0.182319
0.980316
0.618613
0.166132
0.02208
0.816533
0.330788
0.32144
0.381318
0.131126
0.550957
0.572993
0.358663
0.07326
0.701312
0.457321
0.433142
0.511844
0.135345
0.76034
0.687324
0.72847
0.220476
0.737443
0.210659
0.41578
0.832318
0.714886
0.964287
0.025022
0.498146
0.427052
0.603901
0.520296
0.061748
0.998134
0.269096
0.074626
0.603383
0.223353
0.327428
0.294669
0.007202
0.243866
0.130061
0.584912
0.433023
0.520881
0.175076
0.114753
0.786392
0.746681
0.132988
0.49545
0.44237
0.70751
0.972567
0.016924
0.012122
0.906113
0.430855
0.481506
0.894775
0.952309
0.983302
0.965476
0.738804
0.769123
0.878963
0.257797
0.861704
0.64242
0.980025
0.573329
0.955492
0.089187
0.17038
0.596215
0.738518
0.486546
0.094127
0.71417
0.067008
0.551603
0.990136
0.482515
0.077101
0.255768
0.139357
0.430249
0.965059
0.00555
0.379321
0.479364
0.193881
0.285724
0.370419
0.249268
0.919351
0.216512
0.240746
0.465472
0.737292
0.21433
0.574985
0.314121
0.641968
0.818794
0.998268
0.749467
0.117612
0.116232
0.675361
0.651437
0.905153
0.505124
0.267118
0.548176
0.325146
0.301951
0.118723
0.130154
0.682767
0.316979
0.189277
0.191566
0.051255
0.034965
0.350229
0.96941
0.640045
0.689308
0.383982
0.118198
0.77723
0.357579
0.894044
0.875878
0.144382
0.525257
0.305154
0.007363
0.052745
0.838859
0.667499
0.374335
0.042833
0.475076
0.583841
0.344846
0.327096
0.298756
0.217245
0.153722
0.888616
0.922909
0.261684
0.362228
0.104695
0.839575
0.029907
0.934563
0.608888
0.928201
0.071377
0.045125
0.394016
0.45878
0.617918
0.670387
0.090318
0.90793
0.097436
0.8657
0.296748
0.836547
0.158097
0.28317
0.159007
0.248158
0.875827
0.998614
0.985797
0.517096
0.372017
0.525428
0.211617
0.160612
0.451592
0.737248
0.486467
0.452343
0.478873
0.113463
0.007497
0.43872
0.705293
0.895326
0.795686
0.495037
0.798077
0.245576
0.637506
0.350471
0.62801
0.639501
0.256955
0.223999
0.277543
0.22625
0.283829
0.394613
0.803915
0.640064
0.10466
0.620012
0.38783
0.468412
0.904178
0.145988
0.400827
0.166698
0.299091
0.232472
0.427932
0.959587
0.672279
0.342704
0.645641
0.261839
0.3139
0.156235
0.637999
0.513664
0.992709
0.288043
0.843283
0.028164
0.926114
0.55133
0.504693
0.550604
0.59648
0.777877
0.577197
0.360831
0.337885
0.252631
0.088876
0.053116
0.994376
0.308694
0.440789
0.486259
0.165603
0.536232
0.736572
0.449778
0.260346
0.185444
0.759047
0.993725
0.491297
0.509003
0.871051
0.511041
0.439203
0.131169
0.003501
0.000498
0.672743
0.245552
0.779499
0.421395
0.89399
0.462427
0.298219
0.452466
0.415791
0.595903
0.405547
0.445555
0.1459
0.063659
0.104037
0.369532
0.793663
0.592076
0.801164
0.830984
0.371238
0.18659
0.787139
0.84565
0.864416
0.826034
0.321457
0.498569
0.779835
0.099947
0.958673
0.39955
0.802263
0.173705
0.58253
0.307606
0.928526
0.566043
0.836098
0.939699
0.781874
0.685638
0.15527
0.270871
0.238987
0.303431
0.406354
0.45409
0.264973
0.997216
0.270867
0.566305
0.303463
0.543188
0.234604
0.716508
0.25303
0.014831
0.206339
0.42686
0.044828
0.536818
0.027038
0.468609
0.884338
0.434516
0.082879
0.083909
0.425689
0.209807
0.270079
0.64142
0.73801
0.661974
0.705795
0.386272
0.136078
0.103642
0.410081
0.223543
0.310344
0.157523
0.891173
0.712656
0.887861
0.614435
0.539099
0.900302
0.910197
0.368094
0.005597
0.849888
0.884634
0.799645
0.025109
0.005143
0.62271
0.178365
0.351663
0.978985
0.165169
0.511804
0.312809
0.29204
0.699723
0.853176
0.189421
0.465732
0.262688
0.115131
0.569832
0.81922
0.327448
0.781112
0.430957
0.411801
0.124361
0.6551
0.007899
0.721644
0.620434
0.094266
0.330044
0.913214
0.875294
0.094002
0.223856
0.469468
0.817863
0.867083
0.971386
0.291563
0.952385
0.68768
0.337026
0.473624
0.081095
0.050685
0.541574
0.475977
0.385979
0.160855
0.492721
0.029915
0.427647
0.180509
0.164436
0.726819
0.855639
0.852862
0.872712
0.700998
0.595553
0.508043
0.443371
0.935764
0.368497
0.57641
0.285798
0.429683
0.276809
0.911745
0.342684
0.158552
0.8112
0.165054
0.035954
0.379845
0.802004
0.294171
0.97312
0.85939
0.875048
0.977901
0.541871
0.786534
0.127824
0.856399
0.084018
0.500765
0.936839
0.525581
0.121436
0.421105
0.229613
0.225056
0.4034
0.227686
0.662185
0.75694
0.437652
0.989636
0.944954
0.486076
0.097396
0.49118
0.612137
0.004445
0.596601
0.298043
0.456673
0.558759
0.204037
0.891123
0.950216
0.655715
0.501896
0.304371
0.21276
0.768057
0.860949
0.052446
0.036459
0.16565
0.69172
0.075103
0.180902
0.163636
0.408892
0.942555
0.950926
0.903319
0.807387
0.46131
0.226787
0.935364
0.100301
0.276663
0.638169
0.952698
0.05511
0.679923
0.315412
0.311586
0.680279
0.029408
0.825777
0.434685
0.22994
0.049159
0.640578
0.522276
0.77227
0.567216
0.429187
0.867796
0.454634
0.925037
0.236352
0.253071
0.228281
0.255291
0.655383
0.438544
0.481261
0.731561
0.171867
0.560121
0.043065
0.946553
0.340446
0.937493
0.522148
0.082064
0.561633
0.227709
0.398183
0.602269
0.841575
0.528884
0.798556
0.211759
0.575578
0.340453
0.201605
0.131966
0.945865
0.533246
0.287044
0.05561
0.817338
0.436869
0.078905
0.901518
0.053202
0.951611
0.793334
0.710357
0.545445
0.320621
0.182616
0.838106
0.894501
0.784159
0.512391
0.349091
0.451371
0.213153
0.108387
0.731228
0.37113
0.159879
0.902066
0.738141
0.039267
0.155593
0.089877
0.740143
0.833915
0.647231
0.758763
0.042323
0.993932
0.171328
0.306178
0.113501
0.750013
0.273781
0.65476
0.081653
0.663525
0.154077
0.552028
0.888312
0.929395
0.511066
0.465745
0.841873
0.658898
0.37985
0.165428
0.783784
0.086606
0.577187
0.164394
0.004703
0.080692
0.298721
0.618989
0.902801
0.202036
0.766831
0.590735
0.17596
0.636503
0.2045
0.433377
0.645515
0.167112
0.622454
0.842041
0.057725
0.166514
0.756852
0.790392
0.161214
0.878747
0.735502
0.452478
0.340888
0.932936
0.253351
0.405643
0.58598
0.228475
0.729219
0.067035
0.947029
0.594646
0.266609
0.950805
0.060129
0.640248
0.184306
0.470302
0.814002
0.888148
0.91489
0.758502
0.415309
0.544664
0.097393
0.325665
0.746185
0.317151
0.638008
0.463404
0.665569
0.764752
0.949987
0.902023
0.85904
0.04518
0.159001
0.368264
0.632005
0.319036
0.460853
0.003851
0.808183
0.181965
0.662197
0.802509
0.123663
0.787345
0.907754
0.381534
0.37827
0.698203
0.718774
0.769027
0.991704
0.998153
0.520921
0.161026
0.194365
0.858066
0.487389
0.385654
0.504241
0.732048
0.173096
0.965064
0.862205
0.609479
0.58486
0.17929
0.236033
0.853717
0.842388
0.574813
0.581903
0.203615
0.640012
0.634315
0.868401
0.415279
0.779858
0.972415
0.193939
0.424906
0.602493
0.827881
0.870516
0.132091
0.122023
0.889014
0.316824
0.089681
0.736593
0.670316
0.074266
0.943718
0.156593
0.94685
0.13745
0.750866
0.672777
0.500452
0.895118
0.111456
0.967851
0.259267
0.169895
0.622737
0.272847
0.407822
0.804537
0.626719
0.342585
0.534403
0.289414
0.718116
0.363769
0.211037
0.642117
0.895035
0.534833
0.820315
0.005402
0.905348
0.842853
0.890351
0.755757
0.30661
0.284006
0.041629
0.024072
0.400035
0.594296
0.929786
0.344232
0.798873
0.295306
0.213785
0.868668
0.434957
0.547763
0.798991
0.057357
0.674827
0.159263
0.755071
0.181933
0.433765
0.804406
0.153671
0.857904
0.348283
0.880205
0.910927
0.391237
0.658204
0.604853
0.097555
0.236892
0.235246
0.152523
0.202773
0.450895
0.981187
0.18538
0.867703
0.458177
0.356753
0.575905
0.619614
0.861542
0.92394
0.774777
0.699443
0.865133
0.786932
0.364878
0.336417
0.541309
0.6287
0.959717
0.61163
0.324205
0.382589
0.18581
0.222118
0.508695
0.135261
0.564168
0.244968
0.446991
0.18492
0.228558
0.09171
0.37019
0.724451
0.435275
0.711853
0.757438
0.878276
0.44411
0.523588
0.771986
0.274725
0.521555
0.472104
0.147185
0.945093
0.149134
0.60689
0.211184
0.507524
0.345215
0.822951
0.741474
0.840351
0.06396
0.760218
0.265577
0.112396
0.418994
0.261362
0.905356
0.678129
0.473275
0.209754
0.237793
0.502142
0.665443
0.435457
0.186707
0.46187
0.560732
0.865076
0.787834
0.387619
0.000504
0.803352
0.280501
0.955238
0.594546
0.15686
0.771652
0.562959
0.860854
0.960124
0.864714
0.470526
0.780037
0.786717
0.865504
0.05249
0.542425
0.275597
0.680346
0.797832
0.307576
0.141196
0.238976
0.496161
0.902575
0.706051
0.533698
0.851683
0.587279
0.747481
0.337191
0.009817
0.646283
0.854881
0.851114
0.903866
0.988057
0.211167
0.097009
0.747312
0.837288
0.693402
0.253043
0.269909
0.59722
0.892429
0.044622
0.015911
0.270205
0.157207
0.06735
0.690021
0.449059
0.228553
0.602204
0.472007
0.991581
0.554702
0.260558
0.860046
0.022108
0.973121
0.613796
0.233614
0.422195
0.569096
0.176313
0.2378
0.863107
0.595025
0.5203
0.754813
0.861368
0.393666
0.203817
0.321827
0.573007
0.509612
0.698025
0.727203
0.175434
0.803414
0.73251
0.91676
0.568831
0.750311
0.742291
0.762802
0.26659
0.852756
0.132703
0.30499
0.568304
0.840695
0.694574
0.416155
0.436202
0.224055
0.667337
0.604401
0.685122
0.186615
0.392587
0.973554
0.729304
0.394866
0.647133
0.973455
0.280681
0.290126
0.618591
0.384468
0.260638
0.336344
0.962314
0.859697
0.78
0.552026
0.932182
0.493572
0.725718
0.459512
0.880689
0.295063
0.550386
0.662399
0.210865
0.990396
0.278266
0.459051
0.981175
0.884797
0.191251
0.263472
0.519751
0.005643
0.224751
0.45552
0.987373
0.776326
0.294935
0.385269
0.255156
0.418691
0.33287
0.440264
0.205977
0.124169
0.811311
0.303495
0.927697
0.159057
0.072809
0.429234
0.151417
0.664989
0.374486
0.85889
0.112605
0.408984
0.550845
0.087734
0.942415
0.793415
0.462559
0.59389
0.413883
0.01455
0.203005
0.414123
0.19842
0.969134
0.563914
0.084315
0.69884
0.260058
0.255167
0.148176
0.309469
0.886376
0.719008
0.51123
0.269278
0.915149
0.309375
0.464476
0.576736
0.3295
0.269785
0.828038
0.767487
0.638898
0.470611
0.785246
0.521735
0.377688
0.425251
0.985027
0.644938
0.673339
0.375883
0.878185
0.62322
0.701056
0.132978
0.173339
0.129688
0.888969
0.527174
0.567157
0.584563
0.784405
0.509464
0.790563
0.49177
0.053102
0.302681
0.222137
0.509175
0.40204
0.787308
0.084575
0.708129
0.43349
0.507553
0.984306
0.534309
0.611597
0.269782
0.993918
0.697585
0.944405
0.771088
0.949697
0.436919
0.505956
0.96905
0.848545
0.083874
0.461341
0.098842
0.633895
0.701134
0.989975
0.960855
0.300796
0.359424
0.148911
0.061626
0.739668
0.512732
0.140395
0.923451
0.710483
0.689016
0.586622
0.832244
0.836746
0.443273
0.925767
0.489604
0.611165
0.683078
0.236258
0.391085
0.484799
0.124178
0.168391
0.398212
0.775081
0.964459
0.499735
0.635092
0.033741
0.868912
0.877937
0.641368
0.924304
0.468519
0.026745
0.981933
0.391911
0.430667
0.283807
0.864067
0.799198
0.707094
0.567618
0.989219
0.642703
0.091273
0.651847
0.373112
0.91953
0.592545
0.26594
0.585697
0.256726
0.353741
0.14745
0.826182
0.535339
0.746391
0.707992
0.377577
0.363053
0.099465
0.312123
0.158707
0.728092
0.309015
0.485235
0.120328
0.870886
0.284076
0.734148
0.898321
0.77852
0.340051
0.064264
0.893764
0.99408
0.676714
0.173093
0.389194
0.780306
0.81976
0.865552
0.921036
0.047927
0.774637
0.011965
0.843486
0.781871
0.853449
0.577206
0.811726
0.276724
0.29618
0.801696
0.738508
0.927937
0.587652
0.079589
0.241112
0.571548
0.062315
0.538179
0.576926
0.48633
0.584076
0.443521
0.338946
0.52757
0.122449
0.48014
0.696243
0.726692
0.921531
0.132946
0.009506
0.338064
0.371165
0.683781
0.207609
0.696742
0.182719
0.200608
0.846025
0.89358
0.317461
0.875253
0.80235
0.349968
0.227988
0.098753
0.506128
0.164707
0.085245
0.460041
0.694609
0.504113
0.222385
0.575378
0.626265
0.146873
0.31978
0.159492
0.190059
0.523477
0.172586
0.802704
0.966961
0.179125
0.499832
0.617434
0.257086
0.168516
0.279933
0.770499
0.98324
0.07778
0.538526
0.039819
0.279544
0.491523
0.315408
0.145768
0.758552
0.967749
0.413659
0.087483
0.94799
0.86685
0.93673
0.842801
0.607676
0.7009
0.839972
0.846395
0.440151
0.685263
0.358003
0.485356
0.852273
0.053026
0.409932
0.230744
0.841228
0.933695
0.495885
0.527765
0.199939
0.464616
0.74184
0.039026
0.867973
0.270948
0.318389
0.272739
0.893477
0.598544
0.887642
0.007388
0.891849
0.079778
0.713008
0.367558
0.576642
0.352016
0.887962
0.526341
0.16227
0.039583
0.661447
0.790651
0.6671
0.087062
0.088443
0.778542
0.677893
0.976909
0.144947
0.823136
0.43662
0.664084
0.728304
0.460729
0.267908
0.316094
0.006459
0.004258
0.1848
0.110048
0.051539
0.308245
0.451536
0.512354
0.405086
0.940138
0.530568
0.995549
0.473316
0.823066
0.974062
0.464981
0.000691
0.786756
0.736216
0.458437
0.405326
0.795808
0.35288
0.179038
0.634856
0.708471
0.165117
0.664421
0.983195
0.713276
0.652683
0.868974
0.845232
0.904691
0.039192
0.353463
0.83613
0.663968
0.280049
0.023231
0.17168
0.440932
0.259213
0.190501
0.710529
0.958723
0.195912
0.185117
0.671175
0.557725
0.530804
0.701957
0.57516
0.030615
0.815515
0.403604
0.859843
0.42909
0.631212
0.753145
0.247022
0.599799
0.681991
0.684711
0.082676
0.637479
0.57569
0.118061
0.309551
0.135331
0.009684
0.806183
0.135607
0.250772
0.761311
0.453399
0.738263
0.727266
0.386655
0.082499
0.605445
0.714634
0.014782
0.90244
0.001689
0.791548
0.587285
0.171333
0.816533
0.660604
0.429118
0.837961
0.374925
0.253873
0.864813
0.262728
0.411175
0.838003
0.755168
0.416541
0.420391
0.601787
0.639749
0.270609
0.952863
0.336674
0.024119
0.191266
0.595239
0.819614
0.789503
0.106379
0.761829
0.818111
0.090941
0.812236
0.147737
0.422606
0.104885
0.556178
0.332373
0.185835
0.058482
0.299287
0.291775
0.342141
0.38939
0.735909
0.758263
0.837776
0.1025
0.959867
0.157279
0.706848
0.438278
0.760063
0.24298
0.667852
0.426221
0.161105
0.182261
0.207049
0.120944
0.186352
0.958145
0.628837
0.290648
0.066648
0.05035
0.88008
0.480348
0.551622
0.114961
0.50683
0.86041
0.832703
0.737155
0.670207
0.443253
0.444998
0.271665
0.105046
0.10904
0.054763
0.539431
0.113463
0.957454
0.840317
0.704618
0.159176
0.414702
0.044258
0.231794
0.873805
0.306741
0.502316
0.29047
0.36336
0.863206
0.979033
0.873212
0.718593
0.021927
0.704115
0.359628
0.239151
0.191371
0.068911
0.365009
0.33285
0.340036
0.852131
0.898797
0.966327
0.286442
0.338539
0.965609
0.557354
0.27776
0.288176
0.187531
0.277299
0.61543
0.851815
0.756347
0.634368
0.005316
0.26785
0.186405
0.444924
0.519433
0.908115
0.293076
0.388619
0.884663
0.057099
0.880666
0.666288
0.989093
0.985668
0.807974
0.115817
0.361449
0.175164
0.04102
0.225104
0.38799
0.251355
0.743823
0.907903
0.431222
0.106964
0.424788
0.635398
0.16833
0.958618
0.535887
0.338743
0.910455
0.389363
0.884557
0.039914
0.603371
0.145343
0.459813
0.578739
0.95797
0.187081
0.419161
0.5616
0.094861
0.70305
0.141848
0.573458
0.50971
0.862893
0.191427
0.008424
0.821238
0.26528
0.692418
0.144007
0.350348
0.753941
0.965772
0.464754
0.048505
0.616246
0.45327
0.880629
0.707148
0.1109
0.360561
0.441367
0.614725
0.654643
0.293547
0.931565
0.555158
0.762386
0.748534
0.000156
0.82231
0.855669
0.863392
0.39554
0.026912
0.189585
0.947564
0.947719
0.413425
0.620235
0.51553
0.066978
0.232959
0.36816
0.400343
0.71266
0.306471
0.390169
0.071669
0.332091
0.372087
0.504176
0.025392
0.147425
0.288363
0.59394
0.463098
0.281709
0.645509
0.37566
0.805627
0.003704
0.942587
0.081839
0.09246
0.896898
0.802693
0.328031
0.165591
0.766776
0.285852
0.125034
0.095401
0.10068
0.037168
0.697751
0.547011
0.903559
0.014527
0.068377
0.213458
0.67747
0.742345
0.923966
0.932571
0.080763
0.683307
0.272979
0.194948
0.989165
0.96334
0.825118
0.122971
0.896262
0.372755
0.503274
0.118372
0.266413
0.949484
0.830553
0.796316
0.505655
0.618434
0.199549
0.544913
0.834469
0.564201
0.157054
0.791896
0.599789
0.505231
0.89229
0.784518
0.608248
0.494018
0.392225
0.101829
0.419398
0.126307
0.53795
0.939494
0.072528
0.469044
0.512331
0.121331
0.653334
0.754834
0.934229
0.088216
0.139911
0.88367
0.208347
0.505803
0.603167
0.49708
0.08578
0.394429
0.189688
0.047053
0.266837
0.483199
0.673887
0.360177
0.060708
0.078458
0.730876
0.874916
0.538451
0.724803
0.399229
0.51866
0.752526
0.081201
0.070572
0.609173
0.376094
0.395309
0.669512
0.664375
0.531047
0.517019
0.73806
0.649632
0.542019
0.533487
0.639982
0.732806
0.975239
0.726307
0.2374
0.924759
0.263258
0.09809
0.327866
0.22316
0.037492
0.760357
0.993917
0.970918
0.340518
0.082736
0.237199
0.964934
0.212286
0.712506
0.680361
0.977809
0.230725
0.680838
0.395233
0.848323
0.638
0.146414
0.751677
0.277104
0.457191
0.316288
0.469404
0.437461
0.434801
0.73526
0.089137
0.044655
0.398016
0.064966
0.772539
0.830925
0.545897
0.870971
0.773866
0.532382
0.156317
0.984697
0.397176
0.708198
0.654722
0.466106
0.337199
0.337718
0.488475
0.1509
0.477932
0.594147
0.483192
0.608177
0.014721
0.147308
0.787121
0.390788
0.522994
0.946638
0.138294
0.924788
0.462763
0.268231
0.542296
0.637
0.760445
0.351855
0.105613
0.313815
0.599606
0.221172
0.296794
0.776296
0.075537
0.626837
0.022739
0.563363
0.450244
0.445345
0.457779
0.703517
0.126689
0.813225
0.211048
0.963822
0.737535
0.60677
0.762217
0.18069
0.831775
0.69644
0.09433
0.985835
0.245179
0.312536
0.651863
0.93165
0.815827
0.419009
0.100286
0.215377
0.367054
0.994404
0.905862
0.055456
0.032835
0.078126
0.431473
0.454635
0.098803
0.551884
0.668018
0.905771
0.565284
0.231465
0.692033
0.373931
0.235523
0.634273
0.311154
0.114886
0.544013
0.5171
0.200316
0.026529
0.862871
0.146249
0.141469
0.425975
0.942501
0.256821
0.566292
0.106871
0.272377
0.481128
0.885852
0.939654
0.211821
0.038073
0.264475
0.422789
0.427503
0.189065
0.252349
0.729924
0.173538
0.534426
0.434391
0.337316
0.995436
0.491157
0.800931
0.200279
0.299904
0.10954
0.354602
0.610161
0.440463
0.777495
0.838149
0.828592
0.059586
0.473304
0.82989
0.237005
0.388064
0.610676
0.089961
0.450266
0.968768
0.756393
0.581927
0.788841
0.049083
0.171329
0.282932
0.217044
0.991064
0.784947
0.568915
0.092511
0.583167
0.064832
0.863075
0.210867
0.030293
0.465746
0.439742
0.015878
0.946349
0.314503
0.224396
0.594159
0.635347
0.501858
0.895311
0.912472
0.528414
0.403288
0.127198
0.280977
0.853217
0.300207
0.160358
0.763178
0.847303
0.098103
0.210796
0.076397
0.628085
0.170073
0.52559
0.327558
0.82418
0.47697
0.436241
0.774033
0.644889
0.777052
0.247745
0.569777
0.529487
0.339384
0.933024
0.640343
0.895358
0.993739
0.183255
0.149881
0.510469
0.579829
0.61074
0.920617
0.331502
0.351899
0.364106
0.032322
0.506851
0.860018
0.929772
0.179964
0.245932
0.675332
0.986316
0.471426
0.73815
0.760862
0.181099
0.640166
0.947637
0.727137
0.376223
0.960313
0.110124
0.353474
0.290852
0.023542
0.766793
0.140727
0.722687
0.688664
0.556142
0.756309
0.471548
0.013902
0.366799
0.65513
0.76524
0.695586
0.911013
0.037639
0.792269
0.8792
0.272444
0.323731
0.626346
0.49085
0.035847
0.882358
0.98806
0.360878
0.228559
0.481245
0.202313
0.875055
0.494672
0.647366
0.053686
0.449279
0.54789
0.433562
0.156973
0.146664
0.816414
0.332354
0.715018
0.042819
0.804628
0.812138
0.842372
0.176793
0.481384
0.338144
0.626495
0.130374
0.525094
0.057427
0.493747
0.503549
0.064569
0.706644
0.736867
0.185059
0.257554
0.019165
0.671213
0.461317
0.756437
0.751287
0.882079
0.201255
0.562536
0.122395
0.423551
0.035333
0.638349
0.181151
0.048238
0.008005
0.714505
0.761657
0.965667
0.864101
0.360101
0.520751
0.138554
0.474077
0.20229
0.681141
0.269884
0.877501
0.226159
0.036225
0.088294
0.303168
0.931862
0.121203
0.343874
0.51035
0.519797
0.233692
0.6664
0.385214
0.56527
0.159384
0.073866
0.224168
0.609277
0.414355
0.404809
0.225781
0.31216
0.116011
0.896037
0.216126
0.871336
0.828587
0.706347
0.760248
0.838765
0.754201
0.548888
0.125787
0.022026
0.285495
0.788207
0.029051
0.027056
0.599091
0.092866
0.389369
0.167236
0.835094
0.756935
0.347824
0.450557
0.195268
0.067171
0.368689
0.220293
0.437141
0.685418
0.67328
0.559921
0.351864
0.726753
0.042632
0.714534
0.342624
0.634145
0.722604
0.659155
0.767893
0.692377
0.151674
0.208151
0.395079
0.512954
0.49423
0.89645
0.268997
0.630315
0.8797
0.678592
0.344267
0.224381
0.1841
0.725651
0.148289
0.635968
0.559541
0.982658
0.642211
0.633866
0.27671
0.544423
0.083849
0.359067
0.717472
0.491882
0.075179
0.652914
0.737772
0.048011
0.941119
0.94944
0.662462
0.780006
0.300925
0.403523
0.14627
0.086664
0.098414
0.815892
0.185211
0.122294
0.750674
0.238622
0.261831
0.041482
0.438858
0.467616
0.402146
0.761004
0.500901
0.724951
0.704107
0.945364
0.555971
0.638871
0.483848
0.297304
0.129498
0.513815
0.179311
0.448727
0.801859
0.053435
0.642997
0.016743
0.44749
0.952401
0.537783
0.513247
0.509157
0.768712
0.196037
0.91862
0.202413
0.997916
0.58119
0.682538
0.896522
0.009435
0.716622
0.935919
0.920288
0.203523
0.427293
0.702341
0.80745
0.955652
0.332929
0.085123
0.987643
0.145531
0.714706
0.717078
0.418123
0.795445
0.431229
0.170209
0.730698
0.492761
0.965408
0.770098
0.859194
0.904413
0.455369
0.778637
0.805801
0.556421
0.912333
0.542271
0.499321
0.450393
0.328162
0.746529
0.101715
0.863288
0.865193
0.846362
0.647861
0.140162
0.189645
0.773726
0.277744
0.555756
0.905082
0.295587
0.196001
0.740747
0.482458
0.705423
0.463005
0.775211
0.751649
0.759119
0.272736
0.814078
0.790151
0.246819
0.64035
0.00238
0.12533
0.44771
0.18201
0.21011
0.385306
0.412736
0.490442
0.47817
0.280464
0.616175
0.331808
0.943557
0.992587
0.677867
0.875035
0.470511
0.663807
0.361762
0.141205
0.957611
0.956287
0.146388
0.834702
0.881392
0.791845
0.730889
0.470874
0.553276
0.83867
0.134799
0.561565
0.946395
0.99265
0.920852
0.80958
0.382625
0.447001
0.029933
0.972352
0.597369
0.477462
0.90422
0.542928
0.568091
0.499511
0.912062
0.710689
0.358219
0.80063
0.835398
0.065681
0.75972
0.554686
0.874036
0.904687
0.76283
0.568694
0.287878
0.418211
0.864735
0.841819
0.977345
0.799906
0.845831
0.769667
0.797988
0.441463
0.541098
0.991517
0.160515
0.933815
0.78627
0.996525
0.350357
0.748644
0.298067
0.120753
0.30195
0.926409
0.162692
0.206175
0.666012
0.150283
0.478906
0.632247
0.068913
0.356198
0.326498
0.824662
0.68653
0.479425
0.349592
0.674309
0.706631
0.190929
0.551114
0.136135
0.267369
0.187209
0.564088
0.812142
0.858449
0.233134
0.450354
0.661889
0.436253
0.279273
0.136283
0.356266
0.158716
0.364138
0.006498
0.107004
0.647306
0.289057
0.933368
0.592115
0.981815
0.461215
0.13232
0.051015
0.966982
0.584813
0.701704
0.849954
0.930434
0.645198
0.495504
0.595493
0.208708
0.081422
0.793334
0.051711
0.187525
0.812916
0.526494
0.750818
0.209589
0.494156
0.421625
0.715332
0.913571
0.330761
0.339328
0.258524
0.618941
0.184511
0.407815
0.951977
0.734211
0.872073
0.197561
0.464516
0.088214
0.158904
0.605577
0.227098
0.124883
0.741919
0.67202
0.743943
0.985513
0.995643
0.539782
0.304405
0.676585
0.068598
0.128504
0.767155
0.156741
0.021303
0.754991
0.880737
0.440452
0.093806
0.599438
0.378573
0.781478
0.524471
0.038513
0.400182
0.458162
0.312714
0.55283
0.040996
0.715321
0.30648
0.651796
0.753107
0.488602
0.505293
0.910066
0.718176
0.875655
0.202927
0.597706
0.70799
0.099318
0.852028
0.567513
0.166456
0.900843
0.520088
0.205285
0.307222
0.914525
0.606939
0.184813
0.937284
0.20017
0.277588
0.885659
0.680761
0.707927
0.73417
0.153908
0.597634
0.653416
0.007305
0.454946
0.663384
0.873494
0.084629
0.90809
0.043451
0.047268
0.680504
0.727727
0.446838
0.539715
0.108306
0.463362
0.699196
0.947706
0.131788
0.520196
0.925036
0.035387
0.390158
0.404876
0.031198
0.662126
0.379609
0.897191
0.972283
0.964023
0.143181
0.402332
0.534928
0.848112
0.38971
0.020067
0.103322
0.423225
0.411228
0.927003
0.22616
0.6047
0.285138
0.29915
0.667831
0.970276
0.399366
0.777109
0.262706
0.972494
0.39369
0.738585
0.47243
0.940606
0.029671
0.405924
0.89986
0.425554
0.738915
0.894011
0.406899
0.685915
0.545208
0.060948
0.239761
0.871274
0.794152
0.131176
0.914445
0.128348
0.091168
0.243567
0.283412
0.920222
0.279595
0.385872
0.398895
0.887641
0.187375
0.318072
0.305902
0.545613
0.317083
0.465057
0.600401
0.462884
0.196526
0.799628
0.518722
0.42368
0.076295
0.488491
0.397138
0.291017
0.413464
0.936818
0.987678
0.618385
0.024347
0.704983
0.337688
0.907101
0.778699
0.718655
0.919666
0.472399
0.988824
0.352892
0.294763
0.22562
0.371616
0.505928
0.661008
0.268257
0.213141
0.227152
0.104562
0.160834
0.725903
0.837613
0.595447
0.748686
0.244234
0.047713
0.369238
0.39564
0.175453
0.20214
0.217902
0.062666
0.89826
0.060392
0.120246
0.795634
0.565071
0.765482
0.016632
0.651972
0.565707
0.045969
0.724976
0.203706
0.858953
0.861591
0.920604
0.088061
0.168656
0.422178
0.784767
0.424086
0.319326
0.695912
0.194996
0.368739
0.310467
0.249139
0.21144
0.926178
0.056561
0.552258
0.65341
0.509143
0.915579
0.320074
0.909664
0.497303
0.942892
0.84756
0.692563
0.522782
0.920357
0.374334
0.859869
0.936323
0.487294
0.771706
0.590888
0.391607
0.736447
0.760643
0.326153
0.137986
0.148739
0.401467
0.080654
0.853062
0.674468
0.90144
0.78985
0.540145
0.095683
0.252719
0.22045
0.477374
0.850419
0.136384
0.996688
0.846987
0.76228
0.668631
0.500774
0.857781
0.438109
0.597993
0.61195
0.133298
0.543474
0.692834
0.72311
0.63677
0.576204
0.351989
0.683654
0.898859
0.178368
0.561305
0.933367
0.081622
0.616447
0.339828
0.887082
0.080106
0.120583
0.524509
0.551328
0.36026
0.291076
0.798455
0.480459
0.447685
0.033662
0.679142
0.269644
0.927194
0.764796
0.235495
0.896189
0.623997
0.323976
0.906531
0.966569
0.94685
0.545094
0.349874
0.909488
0.983521
0.832643
0.958865
0.949899
0.755655
0.377555
0.261034
0.61957
0.775877
0.972191
0.76037
0.429631
0.172151
0.570379
0.697855
0.361357
0.682601
0.721415
0.10118
0.161323
0.089251
0.756164
0.324271
0.261384
0.004378
0.744897
0.154628
0.177118
0.304251
0.510891
0.635224
0.323025
0.860832
0.811694
0.106009
0.302768
0.613742
0.622675
0.13656
0.678338
0.293244
0.453186
0.940806
0.117486
0.402023
0.482897
0.395095
0.310475
0.536216
0.931031
0.778636
0.332832
0.027894
0.178291
0.659447
0.992481
0.6701
0.705996
0.721063
0.643953
0.884866
0.422843
0.610705
0.577434
0.044332
0.549938
0.205725
0.105052
0.986503
0.707322
0.139588
0.862731
0.62855
0.301124
0.423977
0.724596
0.579646
0.590231
0.2146
0.830829
0.299206
0.603219
0.249374
0.824177
0.271307
0.75133
0.876166
0.79211
0.842522
0.153089
0.17854
0.825995
0.816328
0.447853
0.173392
0.536183
0.733853
0.899053
0.85711
0.724498
0.808671
0.1049
0.790338
0.952755
0.677246
0.963372
0.914495
0.151281
0.395916
0.443014
0.736327
0.665864
0.859859
0.832292
0.845988
0.360821
0.366421
0.012686
0.330901
0.01552
0.543265
0.030311
0.028725
0.574373
0.420999
0.288595
0.050678
0.243951
0.827413
0.346972
0.307431
0.139872
0.078261
0.626357
0.029485
0.263397
0.108846
0.770447
0.909562
0.882854
0.410164
0.928069
0.335285
0.812814
0.21279
0.966128
0.715709
0.21427
0.254697
0.941869
0.372286
0.398007
0.843104
0.980928
0.904212
0.538006
0.895569
0.626528
0.499388
0.53076
0.564506
0.903175
0.220072
0.472141
0.881973
0.157943
0.338814
0.48321
0.096961
0.933725
0.292279
0.653256
0.802007
0.639704
0.134895
0.963184
0.639462
0.036263
0.508312
0.037881
0.234504
0.745927
0.388692
0.269036
0.129138
0.06777
0.585359
0.756436
0.211961
0.81785
0.622474
0.269425
0.393677
0.473859
0.883511
0.25795
0.276636
0.505369
0.016471
0.524543
0.533527
0.761173
0.159921
0.235937
0.630038
0.894726
0.135359
0.123755
0.235197
0.112953
0.23523
0.66173
0.596537
0.500031
0.680473
0.412103
0.533292
0.620257
0.029887
0.768239
0.3405
0.717819
0.995355
0.230637
0.211682
0.390847
0.448813
0.247781
0.866366
0.375416
0.249144
0.798266
0.504857
0.163101
0.049895
0.899297
0.731882
0.697301
0.707216
0.645735
0.977761
0.738006
0.118028
0.399708
0.316959
0.569064
0.989211
0.951013
0.408839
0.464503
0.341496
0.598897
0.238035
0.128221
0.456984
0.83657
0.76161
0.984397
0.050145
0.914959
0.621442
0.618752
0.195749
0.574294
0.30417
0.48172
0.632486
0.902808
0.860248
0.078237
0.125992
0.55821
0.501523
0.327164
0.75887
0.527512
0.58406
0.577709
0.896448
0.497789
0.119946
0.011678
0.246999
0.478933
0.668212
0.419621
0.520404
0.016099
0.038808
0.551508
0.151776
0.411277
0.351705
0.413332
0.993338
0.649949
0.235905
0.934753
0.38248
0.736936
0.650864
0.806408
0.266863
0.594263
0.82748
0.788291
0.640462
0.571914
0.135341
0.419571
0.123879
0.097562
0.400655
0.703922
0.215547
0.294862
0.974065
0.183407
0.39176
0.530652
0.352247
0.239681
0.620108
0.88945
0.725689
0.173568
0.636402
0.835491
0.442483
0.721221
0.508429
0.931305
0.017871
0.684461
0.601858
0.764372
0.779383
0.779003
0.716265
0.533634
0.707436
0.039057
0.804327
0.447267
0.520292
0.529588
0.316251
0.13664
0.465903
0.28935
0.579259
0.668835
0.024682
0.895911
0.902636
0.144224
0.325511
0.125017
0.093778
0.093362
0.543669
0.880063
0.236819
0.10266
0.842068
0.132677
0.875162
0.031671
0.883414
0.813125
0.454782
0.327868
0.702007
0.83844
0.257907
0.9832
0.160503
0.201803
0.003031
0.775092
0.197002
0.41737
0.06911
0.548118
0.574243
0.402606
0.182292
0.474375
0.192924
0.234466
0.909764
0.234847
0.683207
0.398521
0.240339
0.968939
0.148589
0.847162
0.237243
0.170828
0.18232
0.751265
0.138182
0.683018
0.611259
0.43186
0.249519
0.594682
0.848164
0.405145
0.743732
0.160471
0.67953
0.962773
0.428614
0.172383
0.491634
0.310639
0.01049
0.453818
0.598192
0.538832
0.274806
0.340557
0.599489
0.255635
0.873403
0.535819
0.46008
0.429309
0.974459
0.387484
0.795167
0.758728
0.176704
0.644366
0.621894
0.892443
0.24441
0.269452
0.246373
0.84231
0.80977
0.482534
0.936166
0.056668
0.308245
0.603051
0.272108
0.628159
0.310168
0.710603
0.233654
0.176828
0.282559
0.940539
0.701814
0.6914
0.71159
0.486484
0.439769
0.720986
0.47622
0.41901
0.404076
0.82917
0.313535
0.827646
0.882758
0.777803
0.41007
0.25788
0.37025
0.143868
0.20718
0.349349
0.454187
0.119849
0.5923
0.422168
0.34631
0.719499
0.374153
0.030289
0.578161
0.045262
0.022498
0.785268
0.248615
0.374127
0.302764
0.947866
0.297116
0.426761
0.468203
0.239755
0.245269
0.652497
0.108981
0.236031
0.152112
0.534648
0.925701
0.807619
0.803739
0.562507
0.924086
0.445038
0.631458
0.694958
0.667731
0.111942
0.066206
0.805878
0.061729
0.77068
0.859088
0.077631
0.869116
0.052156
0.83209
0.765114
0.149227
0.457365
0.69012
0.686706
0.41721
0.928202
0.732237
0.342834
0.204341
0.110896
0.721391
0.429559
0.900372
0.399885
0.359912
0.768598
0.876852
0.953376
0.435857
0.785491
0.486452
0.714795
0.811141
0.508473
0.381485
0.262693
0.33961
0.610338
0.681178
0.178705
0.923276
0.300555
0.305966
0.083479
0.976053
0.41485
0.646858
0.267734
0.298494
0.686767
0.698259
0.060329
0.84447
0.89017
0.791274
0.341762
0.013322
0.753856
0.670963
0.418826
0.556339
0.818008
0.951737
0.892671
0.62613
0.297992
0.185389
0.065749
0.00315
0.3187
0.618996
0.259403
0.538879
0.259849
0.658419
0.951358
0.7861
0.49128
0.24395
0.335576
0.466849
0.855351
0.684676
0.495938
0.312676
0.789949
0.616851
0.312838
0.038992
0.315105
0.740642
0.00734
0.386942
0.299191
0.153692
0.850312
0.390348
0.603512
0.32338
0.150262
0.138582
0.165951
0.532873
0.849572
0.110973
0.773546
0.971791
0.150942
0.141839
0.603187
0.466496
0.473662
0.142775
0.526247
0.980529
0.881181
0.907
0.571585
0.144161
0.304137
0.899435
0.308141
0.62824
0.846029
0.886695
0.329298
0.662526
0.603645
0.175217
0.190523
0.636341
0.582573
0.696587
0.298304
0.215976
0.550033
0.528241
0.609736
0.120142
0.961956
0.813458
0.215159
0.122248
0.86999
0.139106
0.631836
0.248282
0.533032
0.685089
0.12314
0.984326
0.931926
0.493003
0.844795
0.284392
0.149384
0.516113
0.466026
0.268494
0.991864
0.885805
0.786254
0.832364
0.232199
0.913719
0.41206
0.926792
0.876773
0.383439
0.510201
0.154641
0.04884
0.857271
0.604413
0.854662
0.93562
0.232786
0.101038
0.390923
0.97802
0.480124
0.821193
0.240629
0.063049
0.531805
0.434142
0.240805
0.680873
0.029549
0.666578
0.821217
0.074355
0.99335
0.733098
0.185024
0.417627
0.897001
0.234632
0.115626
0.852371
0.605095
0.97126
0.538754
0.861084
0.596463
0.234316
0.580624
0.333159
0.976537
0.773921
0.502603
0.978143
0.494107
0.479706
0.353762
0.885461
0.491411
0.028796
0.692922
0.655342
0.461183
0.271304
0.28586
0.039046
0.946411
0.303641
0.945251
0.877764
0.833383
0.351228
0.288084
0.560584
0.663725
0.42864
0.733195
0.50513
0.535849
0.43668
0.874415
0.346506
0.741229
0.75911
0.166045
0.977374
0.34786
0.358298
0.735009
0.820104
0.164363
0.100383
0.872949
0.661402
0.245755
0.826651
0.710347
0.239941
0.694599
0.93867
0.533483
0.906346
0.434794
0.330765
0.616471
0.70407
0.323078
0.403879
0.257002
0.484051
0.601579
0.312889
0.163813
0.663857
0.500937
0.080254
0.470828
0.770192
0.278906
0.230299
0.075975
0.835322
0.105139
0.220164
0.22252
0.317133
0.910626
0.8175
0.008724
0.583689
0.176155
0.56554
0.69845
0.606649
0.377666
0.746122
0.934768
0.665212
0.280629
0.933084
0.400962
0.201485
0.354867
0.741441
0.551749
0.951436
0.804502
0.1542
0.165962
0.378956
0.822013
0.016434
0.762412
0.649051
0.941006
0.239589
0.931012
0.105527
0.135556
0.565862
0.473954
0.716114
0.68114
0.622009
0.301123
0.888799
0.868074
0.445291
0.073294
0.093517
0.26969
0.25284
0.036544
0.899822
0.7596
0.177533
0.076121
0.372311
0.357895
0.956985
0.545192
0.661942
0.357906
0.323458
0.772854
0.051579
0.811912
0.458105
0.14429
0.588308
0.059349
0.980351
0.269288
0.904469
0.181328
0.209067
0.783562
0.37763
0.129967
0.60077
0.11435
0.061814
0.055307
0.564676
0.671569
0.583214
0.067697
0.071884
0.120919
0.638541
0.880418
0.378836
0.093924
0.101175
0.707217
0.526507
0.020043
0.690749
0.061414
0.322594
0.250905
0.870878
0.138516
0.550579
0.951127
0.089629
0.48774
0.792998
0.18381
0.310843
0.70453
0.126119
0.174506
0.183753
0.39114
0.911077
0.786022
0.251346
0.51584
0.725177
0.234014
0.764187
0.163842
0.12445
0.47201
0.691047
0.98601
0.990096
0.222226
0.39904
0.219122
0.947753
0.842082
0.511395
0.874591
0.656182
0.481555
0.672029
0.864435
0.149096
0.283463
0.633374
0.710953
0.534065
0.993682
0.506119
0.402673
0.2838
0.86226
0.982244
0.198275
0.213099
0.375309
0.242562
0.176942
0.846051
0.066712
0.45163
0.034492
0.175021
0.984931
0.019935
0.837125
0.732762
0.503699
0.297034
0.187008
0.438075
0.510782
0.434264
0.683792
0.290412
0.277419
0.306701
0.342321
0.291619
0.935956
0.918532
0.16029
0.030824
0.769284
0.155898
0.742123
0.92847
0.098102
0.186626
0.89075
0.664248
0.430857
0.132575
0.011789
0.665141
0.870594
0.563462
0.949534
0.646699
0.186665
0.678211
0.613503
0.080347
0.751959
0.15194
0.232606
0.877517
0.420476
0.964593
0.260912
0.895563
0.301524
0.68746
0.635718
0.380933
0.024353
0.746386
0.941704
0.700227
0.185128
0.885101
0.695063
0.134995
0.931811
0.524024
0.588844
0.634892
0.633697
0.145014
0.078442
0.401602
0.794722
0.465051
0.384823
0.501878
0.846428
0.301858
0.361678
0.409508
0.246254
0.813992
0.476666
0.613009
0.608892
0.836091
0.904311
0.803623
0.585132
0.354778
0.308249
0.409299
0.493138
0.181713
0.979069
0.528872
0.04634
0.581646
0.497133
0.895172
0.078273
0.508043
0.261566
0.402463
0.467484
0.976214
0.514142
0.761567
0.837906
0.25171
0.85904
0.095749
0.521185
0.81417
0.208894
0.488298
0.121381
0.399288
0.486373
0.055176
0.472522
0.539622
0.654544
0.597908
0.814915
0.353144
0.67113
0.106506
0.876477
0.027159
0.892659
0.988572
0.373191
0.327952
0.75173
0.180646
0.632606
0.663625
0.780648
0.170384
0.339595
0.019451
0.212499
0.850591
0.956207
0.65955
0.196857
0.906874
0.830314
0.280468
0.4828
0.20513
0.202873
0.97201
0.193563
0.315299
0.928825
0.607125
0.28711
0.037383
0.237309
0.363735
0.523813
0.156036
0.248543
0.917624
0.789056
0.935545
0.407124
0.824419
0.226052
0.523127
0.020379
0.115604
0.094314
0.088638
0.996065
0.082972
0.592237
0.854812
0.925683
0.681227
0.275396
0.016347
0.936291
0.489941
0.310582
0.636134
0.279739
0.737583
0.009209
0.420652
0.577355
0.475498
0.12137
0.390678
0.810988
0.398737
0.934382
0.606911
0.550872
0.424909
0.359184
0.638678
0.219346
0.836655
0.082326
0.635314
0.815302
0.857834
0.230692
0.651852
0.067212
0.901857
0.930924
0.147503
0.126483
0.720553
0.191659
0.461326
0.581321
0.363617
0.313644
0.421736
0.436035
0.694157
0.326697
0.292464
0.548658
0.457304
0.497568
0.651829
0.861006
0.089754
0.957958
0.43806
0.818741
0.006581
0.241307
0.084335
0.139008
0.279618
0.521828
0.255441
0.207494
0.547629
0.014979
0.831918
0.88338
0.123594
0.275427
0.073048
0.711245
0.577394
0.931528
0.807318
0.478138
0.732211
0.475652
0.464716
0.76734
0.505438
0.774264
0.859433
0.574865
0.223808
0.596694
0.025599
0.94797
0.484823
0.113523
0.079446
0.734551
0.441863
0.581717
0.540723
0.992109
0.366547
0.989725
0.559589
0.512877
0.041777
0.470961
0.182965
0.237719
0.91732
0.954814
0.094956
0.322818
0.182747
0.93124
0.842712
0.164423
0.975249
0.312739
0.065103
0.880379
0.423683
0.113222
0.893329
0.694589
0.767945
0.219321
0.102851
0.488142
0.467139
0.590956
0.129139
0.790893
0.386822
0.187795
0.834593
0.647493
0.155606
0.57641
0.512508
0.388337
0.164012
0.128567
0.869254
0.529291
0.833662
0.069534
0.751278
0.485273
0.938385
0.717436
0.384855
0.202941
0.863812
0.770837
0.326789
0.860428
0.574456
0.545796
0.729525
0.19673
0.644751
0.572722
0.16701
0.856501
0.401006
0.379284
0.389841
0.520742
0.292119
0.103253
0.052181
0.176532
0.973461
0.38532
0.913646
0.954781
0.866202
0.978476
0.006168
0.147687
0.175444
0.945334
0.285992
0.616924
0.256333
0.468325
0.815699
0.04635
0.014863
0.277523
0.200628
0.176075
0.561553
0.740729
0.480536
0.370936
0.430502
0.09694
0.995627
0.509233
0.210495
0.550041
0.407057
0.738692
0.472868
0.438536
0.702349
0.994593
0.222022
0.372694
0.613878
0.673661
0.976597
0.564175
0.61533
0.552762
0.292379
0.593568
0.067503
0.303151
0.031761
0.658673
0.824034
0.820789
0.339382
0.442935
0.826721
0.620879
0.400463
0.459073
0.296001
0.17997
0.368215
0.93819
0.873992
0.756158
0.066918
0.08101
0.41003
0.466095
0.253848
0.756294
0.829799
0.153902
0.987813
0.630647
0.688443
0.186228
0.276433
0.93575
0.783315
0.971841
0.300783
0.320871
0.143219
0.711411
0.542087
0.999373
0.748853
0.476322
0.540302
0.521884
0.383178
0.300912
0.478067
0.17624
0.074562
0.213828
0.020723
0.703307
0.427415
0.906475
0.469937
0.084026
0.933587
0.571895
0.720166
0.956889
0.219526
0.021125
0.96428
0.063335
0.311987
0.902973
0.529086
0.053974
0.605463
0.737602
0.146329
0.910933
0.620177
0.072681
0.424921
0.990953
0.989173
0.590504
0.519733
0.592257
0.151436
0.609047
0.129783
0.671048
0.51665
0.245232
0.483901
0.598908
0.03894
0.500486
0.442349
0.747998
0.63672
0.361
0.742315
0.231837
0.383373
0.120387
0.244636
0.507629
0.258582
0.894425
0.245129
0.932319
0.056323
0.529805
0.769845
0.179132
0.176816
0.945345
0.275222
0.34882
0.810198
0.946553
0.113489
0.586919
0.957141
0.737936
0.473577
0.910458
0.592514
0.553257
0.437884
0.109566
0.686857
0.508947
0.694558
0.366831
0.818876
0.355356
0.139848
0.634427
0.880133
0.473898
0.833884
0.267211
0.095637
0.242812
0.267159
0.801007
0.955076
0.715339
0.271338
0.527174
0.509835
0.828177
0.701576
0.084572
0.776582
0.311541
0.598356
0.641399
0.442842
0.270195
0.772513
0.824161
0.430751
0.929402
0.046192
0.8321
0.846809
0.418785
0.523575
0.197536
0.052878
0.878611
0.033343
0.903766
0.856514
0.901184
0.153265
0.262982
0.152332
0.931886
0.365508
0.353975
0.740949
0.311073
0.237553
0.247034
0.515382
0.619521
0.5824
0.736236
0.004775
0.072721
0.813882
0.243494
0.425112
0.211219
0.822021
0.269335
0.45363
0.90429
0.112813
0.105206
0.725679
0.10809
0.283732
0.870385
0.228669
0.367085
0.882853
0.79476
0.575358
0.559376
0.280495
0.084586
0.007882
0.588287
0.944273
0.035232
0.470972
0.774161
0.83621
0.582597
0.563799
0.335116
0.012438
0.518968
0.967301
0.528389
0.022236
0.326276
0.993157
0.910803
0.969209
0.925703
0.373361
0.723018
0.739164
0.87764
0.926624
0.483278
0.754978
0.83282
0.208169
0.06087
0.313376
0.873873
0.334095
0.808569
0.006171
0.679976
0.381794
0.314945
0.360962
0.415434
0.67117
0.326706
0.309417
0.91347
0.200884
0.37058
0.179559
0.37046
0.678761
0.899765
0.119059
0.595612
0.186006
0.526967
0.21143
0.289667
0.213782
0.431328
0.364902
0.1714
0.511529
0.819784
0.371776
0.235402
0.885566
0.556485
0.505675
0.26338
0.536054
0.678761
0.968302
0.674638
0.850252
0.493452
0.117919
0.153779
0.473073
0.357581
0.250988
0.826629
0.521907
0.055498
0.404008
0.675786
0.484016
0.656207
0.380015
0.573078
0.81973
0.781983
0.643719
0.262273
0.638541
0.68436
0.66841
0.89553
0.483863
0.465042
0.163719
0.733133
0.742544
0.120229
0.04881
0.169877
0.688747
0.024902
0.296998
0.496574
0.198149
0.969418
0.992139
0.543609
0.704793
0.455156
0.554788
0.90947
0.247498
0.337838
0.478937
0.835549
0.161168
0.100109
0.834326
0.67605
0.99909
0.33594
0.210586
0.546569
0.407963
0.223736
0.785383
0.857051
0.207912
0.235496
0.033328
0.225282
0.282882
0.891519
0.808337
0.957271
0.800216
0.774901
0.679496
0.211532
0.479296
0.278561
0.763199
0.161022
0.800493
0.161929
0.840703
0.573401
0.007559
0.757145
0.869104
0.778648
0.988542
0.538585
0.847262
0.020741
0.597142
0.593768
0.565969
0.515279
0.174002
0.887908
0.141594
0.263116
0.876885
0.025178
0.366619
0.45364
0.281163
0.317287
0.046792
0.74667
0.502191
0.034139
0.619887
0.221304
0.022765
0.915397
0.505257
0.79814
0.133224
0.81566
0.812159
0.089538
0.530511
0.409831
0.738167
0.007191
0.416905
0.272959
0.129894
0.653182
0.555425
0.014717
0.417961
0.087698
0.888429
0.755944
0.297262
0.983609
0.711172
0.124867
0.313227
0.113954
0.269472
0.773261
0.344302
0.2504
0.480061
0.323822
0.577898
0.332133
0.532262
0.842356
0.618781
0.812059
0.417754
0.732079
0.270738
0.975658
0.245729
0.298727
0.420776
0.162112
0.104153
0.33879
0.094068
0.822225
0.756898
0.905796
0.153663
0.982364
0.21044
0.945757
0.832668
0.896837
0.355851
0.337249
0.271101
0.435671
0.652347
0.610958
0.695335
0.128138
0.43687
0.027696
0.409909
0.417971
0.319975
0.418816
0.743508
0.928223
0.967
0.164264
0.232545
0.851971
0.890615
0.448058
0.929104
0.871109
0.776627
0.44608
0.644244
0.344164
0.92499
0.970637
0.147103
0.688584
0.80963
0.714916
0.048921
0.195568
0.554063
0.376404
0.084304
0.104228
0.584054
0.317564
0.32987
0.612017
0.565219
0.543213
0.1331
0.41908
0.750618
0.08108
0.68089
0.562868
0.672927
0.596104
0.508923
0.464356
0.930911
0.103364
0.016519
0.279597
0.91744
0.45348
0.583062
0.76745
0.024593
0.054407
0.396704
0.652153
0.615488
0.492344
0.567016
0.027273
0.115603
0.821659
0.92242
0.630365
0.22863
0.762673
0.903346
0.877609
0.22663
0.609782
0.394341
0.026935
0.308319
0.241672
0.488811
0.244348
0.627844
0.372619
0.687832
0.219446
0.361728
0.247066
0.329141
0.69716
0.247349
0.123582
0.593431
0.849966
0.872469
0.896395
0.291956
0.982717
0.638722
0.999588
0.551388
0.702787
0.818905
0.003307
0.561421
0.840226
0.797627
0.073376
0.66764
0.818636
0.499459
0.085533
0.473289
0.745382
0.202435
0.552133
0.191009
0.486707
0.175319
0.439797
0.396053
0.991471
0.055123
0.990738
0.719903
0.622279
0.285763
0.068511
0.780757
0.394463
0.844832
0.425699
0.697521
0.058366
0.581337
0.972474
0.976031
0.097538
0.315756
0.238908
0.876661
0.654668
0.356804
0.537994
0.74429
0.683488
0.69782
0.081746
0.685722
0.580212
0.49486
0.78292
0.736328
0.373931
0.769209
0.225233
0.87479
0.879303
0.054764
0.213651
0.973831
0.082282
0.64046
0.587116
0.763914
0.509053
0.852809
0.692846
0.379069
0.630584
0.33781
0.924727
0.706624
0.659951
0.243541
0.050763
0.09416
0.456265
0.029006
0.584801
0.175071
0.681354
0.675978
0.10981
0.621343
0.703148
0.290427
0.844684
0.358471
0.937448
0.09908
0.722791
0.786172
0.725798
0.941711
0.322374
0.624566
0.216836
0.218706
0.786818
0.680433
0.846075
0.26661
0.479467
0.654645
0.748974
0.355512
0.961969
0.907626
0.136306
0.405299
0.771048
0.630364
0.473195
0.728821
0.404035
0.034291
0.634057
0.295791
0.051213
0.72438
0.541629
0.43746
0.083349
0.181885
0.980173
0.423367
0.529203
0.531275
0.482129
0.063764
0.017275
0.791543
0.270183
0.515456
0.106868
0.067772
0.673265
0.243061
0.370407
0.147738
0.147382
0.395952
0.03378
0.810391
0.96832
0.116452
0.694427
0.7913
0.488583
0.372928
0.048852
0.337689
0.682224
0.230069
0.028521
0.034365
0.328724
0.110998
0.547286
0.528018
0.581013
0.938599
0.705799
0.511906
0.53454
0.792354
0.41353
0.598728
0.513833
0.719776
0.73517
0.186934
0.563738
0.926094
0.642713
0.763668
0.529252
0.399796
0.983403
0.311077
0.979444
0.145651
0.38091
0.304305
0.144434
0.088539
0.476157
0.436011
0.681449
0.881785
0.100285
0.080413
0.743727
0.111333
0.582082
0.70149
0.293131
0.156281
0.025227
0.595915
0.764284
0.575129
0.081014
0.372364
0.289195
0.521407
0.792632
0.3851
0.192951
0.954324
0.274296
0.082954
0.123959
0.173338
0.396263
0.511133
0.87914
0.626258
0.289331
0.276727
0.009571
0.564926
0.444417
0.508508
0.689376
0.298115
0.679714
0.240588
0.50805
0.713566
0.790947
0.334158
0.074797
0.405711
0.755175
0.934535
0.006973
0.825094
0.64127
0.603381
0.7195
0.94996
0.059873
0.99195
0.839499
0.982978
0.87224
0.813419
0.174745
0.094754
0.630856
0.947327
0.303803
0.055552
0.815187
0.534492
0.599529
0.139932
0.59686
0.037942
0.665404
0.000958
0.861311
0.475059
0.283657
0.964738
0.696926
0.306286
0.233465
0.953204
0.818576
0.246374
0.419378
0.966037
0.656865
0.594667
0.190395
0.948627
0.468803
0.364075
0.118365
0.413639
0.50554
0.523351
0.931317
0.114427
0.059766
0.404758
0.980438
0.105314
0.818514
0.493219
0.071201
0.650501
0.121311
0.711251
0.136675
0.395301
0.960875
0.253764
0.377292
0.259168
0.110109
0.174655
0.017481
0.075681
0.520592
0.576983
0.612971
0.417921
0.015287
0.520265
0.011634
0.362694
0.468751
0.018926
0.165213
0.222862
0.102193
0.002089
0.825202
0.719494
0.956629
0.650508
0.548699
0.128541
0.486187
0.598885
0.596323
0.242097
0.739015
0.3686
0.605254
0.789245
0.071851
0.923022
0.216038
0.668905
0.363877
0.639335
0.380757
0.786535
0.652173
0.407789
0.692435
0.586745
0.540281
0.505439
0.087083
0.623402
0.013437
0.740518
0.781538
0.71756
0.75486
0.911652
0.135586
0.990585
0.765789
0.990934
0.622496
0.753723
0.159451
0.922808
0.308839
0.013797
0.114224
0.834246
0.467322
0.410573
0.212224
0.317656
0.217351
0.186549
0.360533
0.521394
0.202067
0.719398
0.674371
0.2516
0.117457
0.987598
0.638109
0.575953
0.150557
0.344287
0.886689
0.93019
0.616913
0.935755
0.810352
0.753828
0.878185
0.918912
0.497011
0.408685
0.502194
0.563577
0.583009
0.115185
0.404098
0.617482
0.88531
0.853546
0.771159
0.623808
0.935279
0.802563
0.140136
0.264023
0.60552
0.100012
0.877956
0.343403
0.241512
0.73737
0.121803
0.079521
0.055972
0.647496
0.782095
0.613074
0.498252
0.195335
0.220444
0.054631
0.151248
0.541769
0.199697
0.022435
0.912495
0.996274
0.844573
0.184088
0.77623
0.765796
0.682443
0.224298
0.914178
0.768665
0.850141
0.288562
0.167467
0.996364
0.204222
0.519652
0.145945
0.41538
0.104606
0.073423
0.339596
0.838036
0.486767
0.092252
0.744083
0.700151
0.08262
0.80861
0.023613
0.911525
0.641692
0.594341
0.541943
0.835637
0.973317
0.176774
0.374515
0.760283
0.49544
0.243487
0.335448
0.150306
0.502863
0.014497
0.930583
0.359673
0.802561
0.713721
0.196792
0.524442
0.760039
0.102722
0.94782
0.572014
0.375921
0.045008
0.900401
0.085458