1024 4
0
370
566
644
971
1
341
343
684
762
2
9
23
883
949
3
416
752
934
1007
4
63
179
306
565
5
59
183
270
818
6
188
204
223
966
7
161
571
707
811
8
426
455
548
763
0
9
240
248
651
10
144
198
492
927
11
521
567
809
836
12
559
667
824
946
13
51
55
69
570
14
279
822
948
1017
15
408
482
828
851
16
424
568
734
1001
17
530
709
831
993
18
94
530
856
867
19
76
402
716
852
20
36
95
148
453
21
369
437
862
896
22
295
468
536
902
23
76
148
773
1013
24
98
227
392
745
5
25
144
351
411
4
26
131
830
873
27
257
391
450
661
28
127
461
768
973
29
507
567
632
973
17
30
215
226
254
21
31
490
855
1023
30
32
175
680
924
33
372
399
412
867
23
34
172
859
947
35
74
384
480
604
36
234
354
675
729
37
114
128
456
498
38
44
182
416
862
39
323
438
601
969
35
40
69
571
765
41
441
550
697
769
42
108
265
288
952
43
197
367
605
678
44
340
492
566
660
45
194
331
483
693
5
46
134
147
729
47
54
346
671
814
48
391
756
794
976
1
49
393
861
1000
50
362
615
806
923
51
72
273
532
651
52
123
170
340
476
53
80
449
730
874
12
54
114
446
607
55
69
184
519
952
56
181
443
665
759
57
192
261
272
353
4
58
74
159
372
11
59
337
501
723
60
553
720
735
901
61
670
845
925
964
62
708
826
926
987
2
63
510
693
791
64
127
835
899
924
65
213
287
380
655
66
196
237
538
644
59
67
403
660
1022
68
362
545
560
813
37
69
768
787
987
66
70
455
847
869
53
71
483
686
838
72
550
578
622
969
73
84
185
425
576
74
321
913
1001
1002
12
75
232
451
824
76
265
807
812
839
18
77
347
385
921
64
78
470
635
950
79
187
557
768
898
80
138
403
564
877
1
81
139
166
480
82
316
345
422
919
58
83
209
450
588
44
84
426
864
979
85
340
620
799
808
26
86
372
828
950
87
182
411
577
865
88
278
510
700
804
89
151
577
578
803
48
90
92
571
971
91
113
155
234
578
31
92
423
585
649
93
490
547
769
860
94
503
921
972
984
95
236
507
512
914
34
59
96
285
859
97
220
590
944
975
98
303
326
468
925
99
162
418
548
749
100
149
483
590
721
101
229
344
938
1014
102
666
721
882
955
103
137
166
358
566
47
104
243
552
787
105
378
768
831
855
106
121
371
407
727
107
817
874
906
1003
108
295
445
727
800
49
109
470
725
823
15
110
115
117
324
74
111
234
544
661
48
112
538
581
948
113
179
369
891
894
114
407
635
676
808
115
169
259
693
1006
112
116
204
673
957
117
170
630
953
1020
78
118
390
591
727
119
130
239
244
467
120
419
454
652
942
121
272
624
810
813
24
122
456
859
999
89
123
215
322
345
23
124
286
357
640
125
146
333
604
796
66
126
157
453
698
127
225
353
354
393
17
94
128
294
637
129
504
671
724
970
130
423
533
578
621
131
247
312
767
944
132
182
654
742
962
133
476
500
595
794
134
216
364
385
459
135
319
437
729
852
136
291
623
796
852
137
442
617
652
816
46
138
150
164
661
43
139
287
575
748
140
574
599
809
976
67
141
296
552
573
142
211
313
789
806
143
256
610
621
706
101
120
144
287
1010
142
145
204
796
900
9
52
146
785
799
147
215
229
357
853
148
234
368
555
811
87
149
759
797
846
150
279
433
702
995
151
239
266
735
781
107
152
348
446
520
153
223
461
499
752
67
154
373
391
499
155
224
245
669
674
80
156
432
499
637
157
353
938
979
1010
6
119
158
424
680
136
159
405
591
643
134
160
163
213
220
161
162
213
618
679
162
772
852
901
911
14
97
163
806
928
100
164
561
840
936
165
166
641
662
759
7
166
514
516
637
9
167
483
595
785
71
168
201
446
989
53
169
427
760
836
170
430
579
905
933
171
634
636
707
722
133
172
205
718
915
130
173
697
823
927
174
315
465
747
871
38
175
453
600
654
49
116
176
476
857
30
44
177
595
989
10
105
178
776
916
61
125
179
241
744
168
180
337
728
774
7
181
291
434
1009
11
182
387
458
503
89
154
157
183
669
184
622
737
844
997
185
273
505
579
605
184
186
401
550
698
39
187
373
630
893
188
278
429
825
1007
64
91
189
278
719
86
117
190
349
733
48
191
292
430
493
192
247
260
601
940
24
180
193
345
477
194
412
468
816
944
7
195
255
452
457
196
326
407
737
868
170
197
224
386
885
150
198
229
672
772
84
199
527
609
993
194
200
492
844
940
201
234
395
688
808
15
202
629
974
987
114
203
359
613
683
0
7
204
715
1003
205
371
466
546
592
206
593
616
753
894
10
207
284
358
696
208
279
520
616
976
209
256
511
825
878
141
210
529
532
996
211
253
317
541
927
81
212
407
447
685
213
340
469
557
1011
132
199
214
339
557
215
336
551
832
1023
200
216
256
346
555
217
248
624
908
998
218
303
511
974
1019
127
219
248
491
706
186
204
220
653
933
219
221
482
488
883
222
412
678
900
994
132
223
314
579
889
224
296
340
712
876
170
225
281
298
826
226
380
471
680
890
85
227
368
666
989
228
308
461
628
629
35
80
229
326
916
56
230
531
585
804
182
231
334
340
641
133
181
232
370
1001
233
366
630
830
1018
111
234
476
803
998
235
273
433
558
699
131
147
236
428
609
89
237
354
463
635
238
430
730
878
884
23
239
438
893
1016
70
240
723
926
958
20
25
241
371
824
106
242
403
987
990
103
185
243
362
719
12
200
244
253
504
32
193
245
405
960
3
78
205
246
272
119
164
247
443
505
36
181
248
298
922
154
249
484
734
947
45
126
250
252
734
170
251
798
916
1016
239
252
453
736
858
167
253
302
379
838
107
254
352
396
669
4
255
700
749
769
230
256
446
633
667
257
287
418
487
690
227
258
272
335
1004
35
187
259
661
874
260
273
419
734
795
261
334
386
798
999
176
262
446
584
887
263
342
487
859
889
34
212
264
767
975
203
265
339
775
915
266
369
497
511
752
5
267
584
741
955
252
268
305
862
995
62
193
269
362
364
13
270
509
801
982
62
107
211
271
805
138
272
275
610
928
204
273
482
628
675
93
194
274
390
459
272
275
304
582
699
265
276
419
452
963
277
311
342
354
677
12
111
278
386
427
279
484
732
812
893
280
370
394
479
716
242
281
517
665
979
282
382
482
619
951
117
165
234
283
761
284
481
495
695
778
55
285
317
675
871
166
254
286
480
612
216
287
466
537
900
63
230
288
367
762
144
289
309
673
938
290
326
377
888
1002
0
89
269
291
683
94
286
292
313
680
190
243
293
322
781
294
523
773
915
963
57
256
295
706
932
46
296
575
598
619
297
342
519
854
1015
24
164
182
298
864
45
299
333
486
955
149
300
479
931
1014
301
410
523
971
998
273
302
431
449
773
73
303
750
926
954
91
235
304
707
756
108
142
305
568
999
9
186
264
306
574
89
123
307
849
957
308
357
472
800
968
47
304
309
797
873
310
543
591
667
816
94
141
311
805
900
224
312
436
779
958
272
313
450
768
984
314
505
528
837
903
315
382
402
675
994
316
330
602
679
1001
23
38
317
385
653
0
170
269
318
638
14
45
202
286
319
104
320
631
910
988
321
549
551
596
795
151
322
795
904
944
198
323
331
733
824
163
324
432
599
637
1
325
391
572
764
199
270
317
326
843
315
327
522
797
997
128
328
494
512
526
329
369
611
637
695
75
330
390
578
604
168
175
331
809
828
332
381
476
625
816
234
322
333
983
1006
5
334
482
722
859
145
335
442
698
760
44
336
817
885
1019
22
105
294
337
987
191
304
338
524
786
85
339
367
399
547
71
340
572
823
1018
65
341
671
896
910
17
78
342
944
1011
135
241
327
343
441
344
955
975
994
1007
345
630
785
888
983
237
346
349
403
644
49
107
347
435
496
229
348
558
622
708
62
335
349
744
838
346
350
385
496
918
256
351
651
715
1009
143
262
293
352
705
12
211
353
512
863
138
179
221
354
556
151
337
355
790
960
192
356
511
535
1013
357
418
533
762
961
117
358
400
531
563
359
462
710
770
977
35
291
360
648
689
0
124
203
209
361
290
362
510
875
964
199
363
461
520
764
364
454
461
805
872
39
362
365
789
854
13
350
366
792
809
358
367
413
866
946
59
173
368
928
1013
33
72
330
369
546
273
370
386
891
978
47
371
568
728
866
263
372
868
903
995
287
313
325
366
373
71
76
242
374
740
262
375
396
462
578
213
376
512
559
916
158
377
567
909
976
271
378
787
906
1003
346
379
813
864
1010
77
189
320
380
945
259
381
437
620
845
176
216
382
900
987
177
319
383
537
1006
384
706
811
837
1006
128
310
365
385
835
182
256
386
570
738
387
399
418
527
988
154
237
388
941
961
82
270
389
702
1008
7
123
390
444
792
65
183
391
417
530
205
216
284
392
501
81
250
393
501
897
144
394
700
803
1019
191
323
337
395
662
285
396
743
887
959
136
397
808
1008
1019
96
396
398
520
908
145
353
356
399
976
333
400
582
587
639
39
269
364
401
555
402
483
485
741
927
14
272
400
403
885
270
404
448
479
587
221
405
675
895
997
406
540
642
879
928
220
300
328
407
763
408
535
614
635
697
6
148
409
779
947
385
410
430
472
741
152
183
411
441
1018
192
412
562
571
662
355
413
610
684
759
181
371
414
544
967
415
577
720
823
840
100
416
636
638
803
129
152
332
379
417
187
301
316
418
672
162
419
478
836
872
26
109
420
695
759
49
421
527
791
828
207
262
360
422
651
13
355
423
499
554
264
292
424
778
944
342
425
526
764
785
278
305
426
873
941
218
425
427
434
490
282
304
428
600
612
405
406
429
471
812
365
430
490
723
1022
107
431
851
949
1016
165
432
466
965
1022
74
116
151
433
701
38
391
434
649
787
277
435
569
693
794
281
331
436
496
679
132
209
437
932
977
21
43
153
438
960
259
439
504
565
769
170
236
243
440
713
327
410
441
804
812
241
304
415
442
571
14
443
623
635
675
357
444
451
518
858
397
445
477
594
692
14
245
418
446
1013
32
447
635
924
1017
33
120
236
300
448
34
303
449
510
607
81
450
702
861
950
144
268
451
512
854
37
349
452
644
998
233
453
531
587
618
80
231
304
409
454
297
357
455
695
997
456
643
894
930
941
21
213
337
457
938
458
548
602
669
836
158
459
554
790
886
5
311
460
539
608
12
325
364
461
754
188
237
462
539
962
48
192
463
783
886
44
464
802
811
872
164
227
465
921
985
329
461
466
543
599
279
293
467
711
948
105
282
468
657
747
178
391
469
581
865
13
28
470
600
942
471
581
604
803
957
32
147
299
472
851
112
207
386
473
632
17
419
474
897
971
475
558
923
957
978
157
391
476
695
829
281
477
686
723
845
98
287
459
474
478
216
465
479
929
952
480
612
716
786
895
168
481
484
559
848
210
310
480
482
999
22
42
483
722
789
4
170
246
484
825
170
485
524
663
876
175
367
486
488
666
74
249
487
501
960
254
488
635
638
890
204
359
426
489
998
172
286
490
595
795
433
491
570
626
900
26
408
434
474
492
4
170
493
760
824
400
454
494
673
687
266
495
591
659
1016
241
306
496
583
803
63
146
366
497
622
48
464
496
498
960
129
131
499
509
527
285
322
500
786
968
27
203
501
585
785
361
502
708
756
829
140
383
503
866
928
483
504
795
808
981
197
318
332
505
689
209
356
493
506
833
366
507
691
732
959
405
508
576
895
981
109
509
637
640
910
95
186
510
529
742
151
158
511
616
914
101
166
244
512
992
71
134
201
513
745
15
19
514
651
711
31
360
411
515
727
301
338
418
516
1012
129
141
266
517
681
232
467
518
769
788
404
519
617
869
947
87
109
391
520
985
117
260
521
528
919
146
522
804
903
938
20
492
523
690
905
473
524
624
959
1005
152
346
525
623
753
326
526
644
728
1003
203
448
527
651
936
528
539
668
672
937
4
346
360
529
815
86
250
509
530
539
32
98
157
531
622
459
532
608
663
1016
414
512
533
657
768
203
224
239
534
799
77
535
607
684
842
492
536
736
760
979
347
428
537
895
1002
31
64
300
538
909
12
428
539
817
930
212
266
540
728
878
346
387
541
830
954
434
542
592
876
890
10
60
543
585
709
257
462
544
707
793
472
545
859
877
1014
238
546
746
811
882
296
547
699
865
912
229
478
479
548
564
549
736
793
939
1016
318
550
681
719
1018
47
264
471
551
788
129
552
624
652
667
191
527
553
669
759
300
349
350
396
554
485
513
525
555
939
280
556
607
693
699
300
536
557
831
931
19
77
200
254
558
17
110
219
442
559
45
559
560
864
954
47
229
523
561
912
469
505
515
562
945
355
563
683
845
926
42
290
564
580
934
222
499
565
570
986
347
566
749
851
911
125
287
567
833
897
36
464
568
801
835
356
431
569
728
897
110
420
570
937
943
308
532
551
571
793
52
525
555
572
765
88
205
525
573
1005
111
326
574
833
871
251
546
575
653
759
351
576
736
876
878
125
268
522
577
944
88
333
457
476
578
46
183
579
756
975
38
75
428
448
580
317
395
574
581
688
35
582
646
816
950
70
439
535
583
716
38
168
584
781
839
225
523
585
864
894
78
304
500
586
767
123
271
315
587
724
120
335
588
597
841
151
305
589
598
743
210
253
456
590
665
5
57
583
591
726
80
413
592
691
897
226
453
593
608
994
0
349
594
826
942
81
251
267
344
595
41
530
596
685
870
289
545
597
701
890
155
253
429
598
729
465
599
714
752
816
216
600
855
972
1011
326
601
651
841
1021
38
602
714
895
950
128
150
218
261
603
93
282
416
604
701
80
320
350
605
697
237
313
362
483
606
278
323
446
447
607
221
608
614
638
767
379
455
609
803
900
610
688
838
1001
1017
560
611
784
795
995
415
449
573
612
680
324
349
385
387
613
594
603
614
885
955
615
897
922
970
980
524
593
605
616
946
4
98
272
501
617
7
341
514
526
618
141
207
314
619
667
383
425
451
620
925
70
291
621
679
718
229
275
442
539
622
523
609
623
822
847
137
178
624
664
962
523
625
637
655
756
232
290
395
626
773
178
553
627
988
995
189
385
449
628
856
37
217
526
629
948
246
250
489
619
630
227
631
749
790
990
348
357
515
566
632
314
360
366
633
850
310
519
634
681
753
84
544
635
639
964
51
532
636
723
873
365
368
406
637
666
4
330
638
661
779
114
263
327
639
895
385
581
640
725
742
196
220
244
641
823
15
58
337
338
642
303
391
533
643
959
25
193
203
644
881
148
157
506
645
745
51
566
601
645
646
171
230
494
647
757
507
639
648
649
1009
396
548
649
693
972
96
533
534
650
658
418
651
731
742
805
131
308
312
652
955
15
120
473
653
952
168
366
487
654
823
136
512
567
655
780
263
474
503
636
656
223
657
819
925
995
316
450
526
658
846
85
441
488
659
884
61
195
304
522
660
30
314
661
665
759
339
662
736
972
975
147
318
663
867
897
230
566
653
664
689
244
344
502
665
771
377
666
742
772
1005
68
196
334
667
893
4
259
461
668
779
46
65
126
652
669
248
670
726
819
852
96
671
870
912
943
287
672
715
811
956
161
439
662
673
732
150
186
590
674
870
54
417
675
888
941
491
560
676
722
850
464
506
522
605
677
370
469
552
659
678
99
261
451
679
811
156
265
347
680
688
417
595
681
950
981
96
339
559
682
904
204
539
644
683
799
361
477
511
658
684
519
604
685
812
901
27
94
106
199
686
38
115
381
687
914
191
347
688
888
968
383
448
646
689
901
64
229
417
568
690
89
691
693
834
956
274
508
692
769
869
116
424
686
693
837
184
640
694
753
851
26
222
248
695
752
327
688
696
754
781
94
345
692
697
865
47
247
371
375
698
350
461
545
699
760
242
666
700
718
782
63
350
458
598
701
20
173
207
702
976
89
395
417
703
1016
163
704
727
893
988
4
131
513
705
940
139
207
466
467
706
208
225
368
707
817
194
283
603
663
708
76
153
292
446
709
62
70
560
710
939
440
567
711
747
923
196
240
374
712
1019
52
212
366
505
713
256
291
475
714
887
29
164
408
697
715
244
419
631
716
797
130
207
479
717
1015
281
427
653
718
766
514
719
808
820
891
438
557
720
915
924
32
321
368
501
721
30
307
371
722
846
27
82
362
723
834
514
565
574
724
791
34
103
369
725
859
53
422
721
726
1018
263
370
727
849
1008
430
487
728
770
866
196
405
729
775
891
57
295
558
730
751
295
553
596
731
970
475
559
725
732
1017
104
620
721
733
1006
68
320
734
789
991
76
176
735
903
996
20
62
653
736
878
112
207
432
500
737
53
421
738
855
888
129
197
557
739
867
14
615
740
813
845
43
309
741
777
859
11
120
373
742
853
31
193
452
532
743
32
55
472
530
744
559
745
776
794
952
148
438
620
746
905
140
463
502
747
824
95
595
699
748
1008
37
269
749
817
877
435
575
723
750
990
32
482
674
751
812
551
687
752
766
979
4
435
753
911
935
84
142
401
649
754
308
350
755
798
839
150
408
603
756
891
12
287
494
757
814
424
625
695
758
1020
291
381
566
655
759
41
112
170
360
760
49
94
603
652
761
557
617
681
682
762
196
654
704
763
994
41
57
539
764
777
635
728
765
785
961
23
432
669
766
901
219
324
618
767
823
113
695
768
834
836
0
67
419
769
951
145
375
703
770
804
569
732
768
771
953
42
306
518
695
772
135
214
588
773
954
241
384
774
836
884
451
775
787
954
1002
120
306
614
705
776
280
421
777
799
929
71
215
445
778
956
38
189
374
779
802
539
592
638
780
1023
361
448
497
781
883
77
204
782
797
812
31
38
183
691
783
385
784
792
890
1007
107
291
294
427
785
212
414
415
627
786
118
319
576
602
787
150
159
244
541
788
57
319
403
646
789
329
640
756
790
917
319
791
829
864
891
163
474
577
586
792
177
310
323
793
868
90
113
792
794
893
365
431
470
795
970
212
228
422
719
796
279
333
481
657
797
320
654
778
798
847
211
441
668
799
998
130
402
800
873
930
541
547
629
801
804
147
175
574
802
874
47
75
272
319
803
129
250
307
326
804
181
691
805
866
893
436
461
643
806
814
495
770
798
807
915
177
267
443
593
808
167
385
543
809
859
224
483
810
924
969
243
244
305
811
813
5
213
248
614
812
206
438
701
813
954
29
182
504
814
928
216
255
815
845
964
303
458
479
739
816
27
549
807
817
1006
95
112
286
507
818
24
42
475
493
819
451
649
789
820
931
186
199
217
551
821
105
316
348
527
822
313
583
598
823
834
13
328
722
736
824
4
122
267
380
825
291
374
474
826
901
20
264
792
827
999
84
307
523
823
828
1
445
454
829
959
101
685
800
830
962
268
414
536
610
831
290
336
788
832
854
265
337
628
723
833
46
123
377
524
834
325
419
529
835
1020
16
148
502
836
984
91
293
542
837
848
172
426
625
838
884
473
593
622
839
940
53
199
227
531
840
221
348
366
841
979
6
488
541
842
918
295
430
611
811
843
351
814
844
845
893
349
584
845
850
978
420
448
752
846
902
159
266
557
847
1009
320
419
830
848
887
84
130
201
803
849
205
651
749
821
850
30
85
851
949
1017
565
570
605
852
980
86
380
829
853
864
11
419
854
992
999
420
723
855
902
976
484
856
857
968
970
18
103
857
906
926
70
253
719
807
858
19
167
214
474
859
124
170
633
860
866
127
373
702
861
873
195
249
474
480
862
17
459
523
604
863
206
289
366
529
864
384
493
645
708
865
254
531
582
775
866
7
248
767
842
867
97
475
713
781
868
131
436
480
869
952
189
248
507
870
1007
115
289
472
853
871
365
546
631
730
872
34
46
558
858
873
191
464
648
799
874
45
372
655
855
875
383
495
737
876
1001
245
530
609
713
877
122
645
878
947
1006
8
70
423
488
879
322
367
632
798
880
5
274
512
520
881
141
180
485
834
882
614
691
781
883
938
381
484
670
852
884
218
311
490
600
885
375
698
789
886
908
23
98
669
887
1023
82
168
840
888
1002
40
266
466
889
940
368
594
597
739
890
341
554
722
815
891
64
315
399
411
892
384
585
646
768
893
242
498
587
655
894
116
410
755
779
895
162
376
685
896
955
202
383
498
598
897
92
382
870
898
922
88
313
866
899
947
185
349
591
784
900
198
239
446
558
901
74
201
225
826
902
1
387
659
903
1016
500
623
858
904
977
67
197
419
846
905
578
784
906
975
1016
35
138
891
907
917
55
520
792
908
986
118
178
802
833
909
213
275
755
910
955
24
189
235
242
911
140
426
473
688
912
24
68
172
558
913
37
148
315
487
914
71
301
792
876
915
186
406
419
500
916
49
577
917
919
1023
199
369
502
615
918
97
284
344
739
919
808
851
867
912
920
37
159
166
921
1022
47
548
627
692
922
2
67
402
810
923
281
385
671
924
975
74
306
578
728
925
11
35
241
469
926
763
793
903
920
927
143
150
549
928
993
151
653
666
929
992
112
640
661
734
930
205
304
425
855
931
567
781
847
932
967
639
744
781
874
933
129
387
772
867
934
441
522
616
935
1016
153
537
543
769
936
282
319
616
723
937
240
556
793
938
1019
59
352
826
939
956
21
197
642
940
1014
14
209
748
749
941
380
405
478
938
942
578
692
729
926
943
125
149
656
762
944
13
139
317
881
945
257
468
696
700
946
170
187
518
519
947
11
797
874
930
948
445
523
949
1005
1009
237
597
654
757
950
446
453
546
567
951
33
127
480
691
952
95
470
586
953
968
203
451
754
954
1019
715
716
794
898
955
29
353
425
568
956
250
348
395
813
957
344
382
628
662
958
82
221
606
852
959
129
532
819
928
960
35
203
366
594
961
255
318
560
562
962
209
356
451
519
963
94
166
388
755
964
113
150
965
975
1011
521
564
892
966
1011
194
367
416
549
967
11
18
745
751
968
157
428
702
706
969
369
577
827
967
970
381
834
914
971
1020
334
552
729
830
972
9
195
387
816
973
278
307
446
559
974
144
205
391
735
975
1
197
542
725
976
307
342
632
831
977
27
652
685
847
978
536
735
830
979
982
77
102
103
980
983
8
185
572
597
981
844
938
968
982
1014
486
558
918
976
983
733
761
800
953
984
488
516
565
774
985
301
590
897
911
986
374
441
678
715
987
201
845
926
988
1015
300
407
598
806
989
206
490
668
920
990
33
80
351
583
991
26
348
685
688
992
146
611
673
777
993
383
707
926
959
994
169
316
823
885
995
296
367
604
996
1020
4
699
823
989
997
14
244
664
996
998
25
135
901
999
1012
423
478
908
991
1000
494
517
933
963
1001
116
631
857
945
1002
474
944
984
985
1003
89
528
547
1002
1004
277
652
781
845
1005
105
134
362
417
1006
707
778
960
987
1007
41
226
366
516
1008
45
417
478
629
1009
293
405
560
588
1010
13
357
690
715
1011
26
179
348
899
1012
91
480
850
1013
1020
23
59
169
852
1014
105
401
621
627
1015
168
357
815
950
1016
19
130
141
605
1017
336
562
780
934
1018
269
528
547
840
1019
14
638
696
710
1020
264
855
872
923
1021
165
639
713
728
1022
50
345
691
771
1023
0.51062
0.245064
0.244271
0.038361
0.74274
0.836711
0.379475
0.711971
0.138341
0.188639
0.612934
0.803141
0.814517
0.051909
0.231169
0.187923
0.369828
0.559749
0.675491
0.780464
0.614626
0.065123
0.049277
0.986735
0.012811
0.071083
0.381702
0.069356
0.98294
0.335452
0.483386
0.416148
0.542141
0.165941
0.601095
0.095145
0.620041
0.703397
0.875636
0.105407
0.430242
0.312176
0.626897
0.699003
0.370178
0.474836
0.909584
0.985408
0.524183
0.781482
0.937578
0.682707
0.331961
0.744395
0.780399
0.007418
0.015279
0.800926
0.25039
0.744144
0.096696
0.145689
0.165518
0.601431
0.278757
0.273594
0.936757
0.403208
0.310472
0.990809
0.280144
0.663236
0.767893
0.059701
0.203241
0.053507
0.492592
0.327259
0.139603
0.137345
0.088461
0.94387
0.058875
0.731537
0.801769
0.630256
0.012581
0.841565
0.791951
0.765089
0.663844
0.658055
0.235572
0.228407
0.091097
0.373658
0.398298
0.20914
0.130246
0.19455
0.589414
0.294657
0.367448
0.829384
0.102295
0.33754
0.698475
0.497071
0.760191
0.005385
0.26937
0.694048
0.09908
0.21514
0.451761
0.929177
0.202617
0.974599
0.776433
0.423237
0.353335
0.998455
0.388546
0.454054
0.902434
0.173561
0.581716
0.929373
0.450511
0.918556
0.878671
0.008115
0.13368
0.773917
0.949904
0.148885
0.816546
0.691147
0.90934
0.040806
0.880761
0.796294
0.905497
0.400496
0.48208
0.806457
0.047202
0.796106
0.894994
0.714045
0.558501
0.027666
0.613997
0.341804
0.00444
0.894369
0.780063
0.647834
0.968499
0.828974
0.943209
0.358396
0.734549
0.156779
0.552261
0.732704
0.931662
0.81535
0.97422
0.644632
0.588876
0.458616
0.187059
0.923226
0.014509
0.300902
0.745352
0.324885
0.43174
0.768414
0.106901
0.972063
0.705118
0.470625
0.907987
0.489678
0.194296
0.653457
0.292125
0.470824
0.625188
0.577618
0.056568
0.442552
0.366054
0.928291
0.707618
0.336716
0.618502
0.044095
0.611985
0.155929
0.683857
0.639754
0.704023
0.414881
0.138073
0.253764
0.977735
0.207149
0.144079
0.563761
0.199365
0.497768
0.305281
0.127251
0.326622
0.234164
0.268142
0.033299
0.062754
0.807824
0.919187
0.224438
0.118219
0.623756
0.809331
0.727081
0.977797
0.473368
0.411142
0.491811
0.343689
0.658158
0.138022
0.962406
0.384912
0.963322
0.400488
0.924378
0.683353
0.042008
0.034079
0.579585
0.379244
0.083642
0.479815
0.821372
0.779598
0.833337
0.093363
0.431728
0.098407
0.767339
0.409024
0.344456
0.302947
0.799865
0.018425
0.874843
0.548607
0.369839
0.930742
0.347303
0.490396
0.191922
0.5226
0.714721
0.176775
0.343085
0.901029
0.573787
0.796826
0.75714
0.073516
0.018326
0.894091
0.972707
0.661437
0.569445
0.815963
0.97148
0.789274
0.050269
0.436158
0.463374
0.76031
0.482967
0.150168
0.058683
0.758365
0.488176
0.139259
0.251252
0.02461
0.347152
0.575026
0.284922
0.911417
0.182907
0.892226
0.965634
0.68101
0.890403
0.414231
0.323363
0.39205
0.930787
0.366092
0.603637
0.550628
0.314039
0.384943
0.501265
0.372278
0.342526
0.613156
0.12922
0.655894
0.505635
0.498651
0.284396
0.32661
0.90158
0.738355
0.419596
0.189972
0.620454
0.595551
0.888024
0.873757
0.144214
0.328489
0.908704
0.452397
0.883811
0.105465
0.069851
0.144794
0.434455
0.103895
0.422981
0.681534
0.065734
0.852372
0.819177
0.304055
0.730388
0.337801
0.066746
0.739232
0.457904
0.113721
0.11024
0.519245
0.791028
0.157394
0.083862
0.752485
0.144862
0.166862
0.569713
0.864722
0.577191
0.710796
0.010493
0.178937
0.011909
0.112752
0.483653
0.464095
0.3029
0.623121
0.599153
0.540689
0.396024
0.484087
0.499401
0.817346
0.484427
0.08004
0.006203
0.010904
0.418747
0.73954
0.865198
0.226601
0.006348
0.634927
0.44462
0.70933
0.458604
0.705111
0.036658
0.285704
0.116383
0.082125
0.196316
0.149038
0.672571
0.866788
0.427387
0.03047
0.022723
0.860769
0.723325
0.325393
0.750349
0.115343
0.871626
0.881893
0.014118
0.323844
0.776584
0.947668
0.007064
0.103163
0.509753
0.821588
0.665638
0.214664
0.418135
0.490552
0.04258
0.099909
0.447294
0.171549
0.134355
0.852898
0.633391
0.247611
0.385738
0.950216
0.495355
0.760903
0.207421
0.142751
0.005632
0.88904
0.862262
0.591179
0.955837
0.71712
0.47437
0.948661
0.012745
0.871337
0.876853
0.0389
0.238613
0.938027
0.883376
0.090306
0.867179
0.460655
0.999464
0.671486
0.30287
0.157732
0.832968
0.428988
0.806693
0.533087
0.831405
0.440649
0.780699
0.991789
0.644071
0.019215
0.229489
0.112384
0.319127
0.962717
0.056797
0.342438
0.115082
0.823263
0.35282
0.126328
0.772923
0.636006
0.354389
0.171749
0.998872
0.025316
0.92246
0.489418
0.616283
0.716554
0.419935
0.983705
0.485548
0.537569
0.177732
0.72426
0.156218
0.60507
0.669192
0.240279
0.295413
0.842464
0.57513
0.375049
0.319467
0.554202
0.398028
0.788577
0.274989
0.839871
0.140387
0.385496
0.758893
0.233348
0.440111
0.59451
0.872122
0.281805
0.420211
0.131275
0.461997
0.361908
0.030996
0.46283
0.556036
0.980687
0.778458
0.242653
0.649248
0.33674
0.453213
0.792872
0.160989
0.005328
0.190163
0.47767
0.98711
0.712039
0.661094
0.742604
0.253518
0.281014
0.834655
0.599902
0.245198
0.667914
0.093229
0.919545
0.530156
0.229454
0.893736
0.23154
0.367944
0.535748
0.872064
0.08331
0.521541
0.209426
0.45597
0.886094
0.665511
0.029815
0.27672
0.278644
0.14677
0.41891
0.900417
0.141588
0.102572
0.293319
0.230968
0.722348
0.011851
0.88522
0.554035
0.599457
0.184836
0.625099
0.80573
0.505647
0.938195
0.259643
0.786873
0.459034
0.714574
0.127372
0.337291
0.971465
0.159494
0.970552
0.886444
0.141869
0.75143
0.520552
0.935317
0.399913
0.15782
0.036251
0.594138
0.397966
0.936395
0.08084
0.647948
0.518959
0.791411
0.562362
0.006974
0.24383
0.395783
0.108642
0.453689
0.122321
0.104796
0.60015
0.09079
0.638579
0.827382
0.755643
0.727428
0.617507
0.061748
0.441548
0.105698
0.360189
0.329196
0.445228
0.457938
0.945153
0.00207
0.84024
0.47269
0.274914
0.218223
0.771576
0.874971
0.40229
0.656073
0.645993
0.07215
0.258881
0.223972
0.521191
0.737251
0.17319
0.56916
0.094967
0.875771
0.647595
0.203057
0.036139
0.090718
0.489386
0.653713
0.045337
0.814206
0.923871
0.085184
0.01072
0.023783
0.381151
0.742104
0.883492
0.834823
0.951971
0.615433
0.454081
0.244068
0.028576
0.421966
0.981419
0.160643
0.697163
0.007225
0.342858
0.952197
0.381476
0.987154
0.131112
0.708737
0.360703
0.357137
0.611105
0.23473
0.517456
0.129864
0.094609
0.708088
0.288123
0.360617
0.494725
0.707778
0.001018
0.754426
0.312285
0.455435
0.164639
0.012825
0.45663
0.441525
0.466167
0.556564
0.533373
0.308646
0.524287
0.588872
0.828973
0.528239
0.327164
0.127229
0.214779
0.914983
0.906504
0.198567
0.234029
0.027068
0.003168
0.132834
0.246409
0.086486
0.181851
0.220412
0.943724
0.620954
0.691483
0.671521
0.072277
0.360056
0.58532
0.506999
0.554729
0.528085
0.255791
0.34124
0.787571
0.172399
0.946241
0.993043
0.701898
0.292522
0.002233
0.295449
0.761194
0.209517
0.669421
0.45636
0.812128
0.778556
0.900836
0.089972
0.567331
0.83195
0.046391
0.714552
0.053787
0.024745
0.310247
0.697404
0.151951
0.691685
0.045484
0.613454
0.840152
0.262359
0.904857
0.411208
0.065631
0.03191
0.791544
0.698315
0.422179
0.975058
0.831045
0.10069
0.091521
0.485093
0.816212
0.74941
0.141741
0.911168
0.249582
0.725652
0.065745
0.239237
0.37797
0.680608
0.122079
0.109678
0.478079
0.681464
0.669722
0.682526
0.899784
0.879763
0.156169
0.804365
0.241007
0.786844
0.462437
0.710246
0.832217
0.699861
0.326349
0.059293
0.06804
0.404518
0.555493
0.796672
0.864489
0.866554
0.784855
0.667481
0.109921
0.752879
0.947902
0.481499
0.614525
0.497907
0.633118
0.472732
0.24455
0.851229
0.296143
0.793844
0.542978
0.303866
0.401252
0.578559
0.558597
0.16346
0.044391
0.317033
0.039371
0.148205
0.476318
0.616612
0.220332
0.302015
0.705429
0.94733
0.389646
0.739423
0.998366
0.177481
0.493061
0.630221
0.192934
0.387633
0.226834
0.520554
0.019319
0.656641
0.13566
0.844587
0.53414
0.760355
0.735386
0.63169
0.670392
0.046059
0.024447
0.363399
0.7351
0.9247
0.909067
0.056063
0.987844
0.858165
0.485296
0.635736
0.049784
0.612904
0.898223
0.876785
0.320252
0.620941
0.089453
0.027331
0.947177
0.224594
0.209401
0.510489
0.974474
0.666534
0.799722
0.632657
0.741294
0.594541
0.067999
0.991848
0.784554
0.199119
0.830095
0.650563
0.48631
0.278924
0.668974
0.214857
0.276955
0.850275
0.119791
0.771881
0.21124
0.187874
0.743435
0.49716
0.540198
0.596558
0.283815
0.230035
0.58675
0.378677
0.911034
0.560565
0.881421
0.892941
0.336884
0.160894
0.574116
0.573432
0.927199
0.588538
0.244291
0.542322
0.201913
0.964667
0.656778
0.051648
0.888953
0.539522
0.031838
0.331621
0.900189
0.389145
0.834255
0.100427
0.870179
0.117528
0.224558
0.101336
0.837853
0.52028
0.364975
0.953046
0.46691
0.233969
0.860334
0.099662
0.071813
0.255545
0.187893
0.851774
0.227717
0.436294
0.3985
0.489332
0.81982
0.465141
0.510348
0.909637
0.090479
0.892643
0.181815
0.291988
0.99484
0.898956
0.238623
0.039379
0.719792
0.118864
0.880603
0.356929
0.502598
0.542605
0.400892
0.577838
0.195624
0.593829
0.323116
0.089314
0.362621
0.713565
0.32512
0.708768
0.251755
0.013646
0.749042
0.212263
0.852752
0.950265
0.75737
0.993349
0.006343
0.07096
0.636273
0.604831
0.037438
0.049797
0.223561
0.281141
0.440555
0.888967
0.966351
0.958422
0.344837
0.778968
0.456314
0.813752
0.497316
0.317872
0.194078
0.111555
0.259452
0.549172
0.946108
0.347589
0.80096
0.093823
0.08596
0.736559
0.297911
0.191668
0.328236
0.35367
0.313046
0.873788
0.479955
0.714596
0.371879
0.293421
0.007888
0.039427
0.124864
0.31699
0.286867
0.193469
0.169289
0.759185
0.550877
0.945964
0.240882
0.15721
0.751383
0.387845
0.736957
0.763199
0.192449
0.09917
0.97124
0.416843
0.410761
0.424216
0.786111
0.610876
0.588513
0.891262
0.625257
0.979638
0.022723
0.198938
0.946815
0.284633
0.848432
0.716451
0.03092
0.513044
0.332984
0.814979
0.693384
0.193151
0.889581
0.181069
0.21684
0.459002
0.548759
0.288131
0.120646
0.411271
0.03557
0.038473
0.571611
0.41283
0.11016
0.838591
0.497091
0.894829
0.669485
0.26964
0.418541
0.34088
0.739082
0.672051
0.370302
0.945725
0.64782
0.144077
0.017437
0.117211
0.119323
0.351674
0.334911
0.249215
0.056435
0.56175
0.116267
0.707256
0.099384
0.051223
0.707343
0.484319
0.754013
0.164704
0.244748
0.804522
0.262512
0.616237
0.536003
0.597096
0.645602
0.021453
0.643047
0.896542
0.514114
0.651471
0.101021
0.802686
0.230178
0.736291
0.562932
0.522853
0.604259
0.278924
0.814319
0.69623
0.411238
0.181521
0.996603
0.993113
0.168803
0.21346
0.56055
0.568562
0.36562
0.288986
0.177392
0.004789
0.378557
0.625927
0.9271
0.271703
0.298736
0.331756
0.068982
0.787254
0.214808
0.254679
0.277238
0.797556
0.044956
0.328281
0.332251
0.57142
0.323114
0.329742
0.128559
0.811028
0.101326
0.439795
0.098048
0.295765
0.786701
0.943268
0.078599
0.530037
0.128569
0.000295
0.810436
0.320148
0.206883
0.385728
0.110268
0.854005
0.171198
0.230283
0.649531
0.083522
0.978022
0.202151
0.605556
0.787967
0.551395
0.043251
0.508322
0.261844
0.460813
0.780844
0.933699
0.147223
0.669896
0.826804
0.011242
0.830496
0.885878
0.807176
0.127173
0.470236
0.027251
0.838749
0.663092
0.382412
0.917708
0.234798
0.180538
0.101435
0.198923
0.972161
0.828738
0.447894
0.442445
0.214986
0.74681
0.443978
0.649421
0.335767
0.016009
0.103873
0.907491
0.16724
0.602611
0.054455
0.700084
0.928179
0.404553
0.69576
0.393136
0.732826
0.364192
0.417435
0.141412
0.898421
0.034121
0.086738
0.985365
0.702923
0.666643
0.681775
0.310127
0.467758
0.442671
0.534805
0.879901
0.363494
0.563627
0.900903
0.381714
0.480297
0.556324
0.211583
0.202816
0.344418
0.41368
0.589626
0.749372
0.903468
0.477441
0.374245
0.328999
0.861654
0.117115
0.326059
0.999727
0.022059
0.834907
0.538866
0.199062
0.613051
0.19021
0.973361
0.028459
0.886082
0.519524
0.599017
0.787892
0.819429
0.375707
0.90541
0.331103
0.879763
0.940669
0.325117
0.874208
0.924562
0.652014
0.224094
0.163227
0.944664
0.661186
0.451921
0.953509
0.572219
0.412769
0.335806
0.766715
0.197122
0.004758
0.997547
0.614413
0.71772
0.625123
0.764696
0.522859
0.536255
0.476748
0.43044
0.821708
0.782773
0.983334
0.298694
0.549089
0.113555
0.764475
0.457658
0.354729
0.293835
0.638539
0.282859
0.563896
0.020889
0.863795
0.720968
0.150803
0.626864
0.968203
0.779053
0.031844
0.669729
0.807659
0.55133
0.101092
0.997162
0.156122
0.139205
0.280086
0.79203
0.013458
0.545018
0.876418
0.834158
0.664207
0.660203
0.71778
0.319834
0.36994
0.061273
0.216528
0.260526
0.621718
0.131959
0.956435
0.426715
0.984186
0.388722
0.13289
0.834824
0.313177
0.329611
0.48398
0.745962
0.024763
0.724409
0.900134
0.790786
0.041993
0.565663
0.366343
0.666266
0.70113
0.559382
0.480375
0.815124
0.518148
0.489192
0.817552
0.934273
0.357472
0.076906
0.56648
0.012963
0.732177
0.780646
0.821035
0.116697
0.112802
0.295998
0.082103
0.638714
0.115505
0.791542
0.647099
0.00763
0.883949
0.777598
0.376
0.982609
0.334967
0.56017
0.54179
0.98153
0.064662
0.925065
0.073851
0.944594
0.453586
0.314929
0.925844
0.349442
0.71318
0.615513
0.768199
0.759598
0.939651
0.380547
0.950158
0.718948
0.88789
0.880481
0.462925
0.65771
0.856715
0.849939
0.230078
0.794297
0.188389
0.411845
0.809819
0.535783
0.085574
0.234797
0.343514
0.223446
0.891969
0.83815
0.283207
0.721825
0.692613
0.652385
0.711669
0.510659
0.118118
0.511581
0.438863
0.149832
0.879854
0.978383
0.220662
0.831005
0.934105
0.084139
0.671325
0.48527
0.007658
0.767343
0.497312
0.423069
0.680351
0.897652
0.519615
0.913139
0.691571
0.083713
0.098897
0.337643
0.810143
0.474731
0.188172
0.633441
0.745259
0.592956
0.924418
0.845789
0.544069
0.176518
0.287364
0.217636
0.687341
0.607154
0.35681
0.067079
0.01106
0.498107
0.462576
0.156759
0.828324
0.112006
0.474098
0.38376
0.292862
0.758221
0.258832
0.757212
0.706111
0.500581
0.480084
0.124811
0.346273
0.857005
0.411536
0.650661
0.348186
0.841095
0.07628
0.200254
0.899778
0.218304
0.224534
0.631003
0.089052
0.919212
0.985766
0.808139
0.952129
0.657809
0.350733
0.058695
0.444643
0.460623
0.564485
0.790916
0.684875
0.071996
0.397842
0.122105
0.653619
0.612513
0.64224
0.201921
0.209154
0.074883
0.596047
0.480044
0.128809
0.322601
0.493322
0.022908
0.465044
0.77035
0.177679
0.715453
0.095403
0.271046
0.218501
0.840389
0.987508
0.306388
0.87578
0.969515
0.568621
0.637116
0.231479
0.647429
0.622701
0.797356
0.381915
0.821282
0.101155
0.260504
0.197904
0.318913
0.797077
0.311242
0.450193
0.776366
0.194267
0.377666
0.617009
0.997006
0.871433
0.616393
0.684618
0.328745
0.635492
0.552714
0.257888
0.827527
0.648322
0.668861
0.318452
0.421483
0.054752
0.166162
0.095242
0.694673
0.493552
0.091864
0.135955
0.19183
0.008987
0.968842
0.361618
0.300188
0.424644
0.362977
0.914337
0.756701
0.535159
0.495061
0.888528
0.964567
0.992086
0.376441
0.416323
0.290058
0.260292
0.38287
0.752001
0.669187
0.89839
0.184643
0.355752
0.00135
0.162709
0.551315
0.669193
0.650804
0.107185
0.479519
0.726322
0.706104
0.514923
0.580993
0.322551
0.700623
0.212215
0.676854
0.646807
0.754041
0.9029
0.907346
0.23168
0.734486
0.392938
0.627839
0.071056
0.218108
0.144007
0.914844
0.209793
0.783178
0.968363
0.386326
0.353419
0.024151
0.016661
0.937652
0.6078
0.066544
0.946839
0.141416
0.285292
0.092475
0.297512
0.969059
0.464585
0.312846
0.116333
0.454418
0.693169
0.091453
0.563289
0.302034
0.218691
0.957952
0.753245
0.391452
0.475043
0.793805
0.524768
0.336687
0.952338
0.011801
0.02673
0.356312
0.041011
0.304091
0.045698
0.1921
0.789625
0.589752
0.94464
0.693751
0.842075
0.070818
0.422927
0.324671
0.335964
0.320138
0.013141
0.499906
0.310039
0.125475
0.016609
0.302603
0.808399
0.409777
0.264421
0.214216
0.326938
0.966325
0.962296
0.531793
0.97088
0.385163
0.166674
0.35843
0.551339
0.552368
0.255607
0.250367
0.31561
0.172235
0.326089
0.253046
0.719302
0.255126
0.466329
0.977949
0.442809
0.966401
0.162823
0.876918
0.235712
0.77122
0.520568
0.31659
0.748388
0.500191
0.682762
0.777069
0.653062
0.584952
0.173727
0.308771
0.490634
0.722745
0.122618
0.747506
0.986635
0.18621
0.93317
0.263225
0.896086
0.828888
0.16113
0.62144
0.270557
0.442067
0.731581
0.430969
0.038343
0.331225
0.596951
0.755725
0.925636
0.785134
0.555423
0.948808
0.190711
0.347106
0.599785
0.847981
0.153339
0.429316
0.281972
0.553617
0.497978
0.322521
0.801192
0.799414
0.026586
0.892556
0.28138
0.51558
0.6775
0.819197
0.204988
0.794616
0.872221
0.447795
0.025081
0.387823
0.56804
0.690248
0.251796
0.312291
0.290711
0.305679
0.379338
0.019554
0.124112
0.883181
0.967469
0.276648
0.420908
0.322956
0.890513
0.634014
0.722266
0.986513
0.35189
0.543652
0.017768
0.723167
0.728279
0.417909
0.298958
0.632253
0.581901
0.414851
0.332313
0.694186
0.744356
0.01995
0.135125
0.991569
0.133197
0.635038
0.098023
0.005244
0.695339
0.823956
0.551468
0.559478
0.615358
0.355272
0.740792
0.492742
0.806884
0.649865
0.266191
0.637297
0.468786
0.877334
0.56561
0.84662
0.675198
0.679901
0.964213
0.007569
0.773221
0.431741
0.964017
0.961093
0.144946
0.030158
0.018407
0.624338
0.273038
0.519675
0.209014
0.190854
0.908097
0.536576
0.253897
0.147179
0.455515
0.724566
0.716538
0.69052
0.905928
0.315716
0.128526
0.839514
0.192561
0.871987
0.692879
0.57918
0.466252
0.5068
0.067369
0.463923
0.981566
0.843684
0.731926
0.247564
0.334464
0.574248
0.714343
0.242942
0.038399
0.216336
0.030143
0.213773
0.336849
0.616635
0.289053
0.257711
0.82778
0.893137
0.713252
0.104778
0.834188
0.266174
0.70112
0.605069
0.753838
0.651973
0.03651
0.365502
0.739815
0.735333
0.967146
0.821267
0.521159
0.122668
0.445882
0.318455
0.090463
0.426754
0.640115
0.21247
0.501218
0.555199
0.659414
0.936925
0.019048
0.178054
0.219977
0.857729
0.011114
0.716841
0.76132
0.25301
0.035329
0.870328
0.115079
0.988209
0.644139
0.68329
0.51936
0.698826
0.368286
0.905045
0.291542
0.429936
0.261719
0.948925
0.620469
0.770045
0.400114
0.084908
0.034074
0.53901
0.612458
0.156569
0.79366
0.064615
0.245656
0.925693
0.452123
0.863702
0.987141
0.982345
0.958889
0.547714
0.410819
0.875105
0.931288
0.366597
0.510538
0.768354
0.897252
0.319578
0.49671
0.598199
0.525168
0.953495
0.538551
0.791053
0.398834
0.770154
0.419137
0.189881
0.408352
0.255553
0.014556
0.940193
0.685422
0.326731
0.235027
0.237352
0.621224
0.394118
0.061113
0.59955
0.567008
0.106105
0.123865
0.865092
0.20948
0.173654
0.094133
0.218678
0.890461
0.621013
0.916932
0.047239
0.515643
0.016386
0.45351
0.51321
0.492892
0.684976
0.319283
0.766988
0.180451
0.364632
0.637356
0.818019
0.697268
0.418152
0.245509
0.649475
0.891076
0.269144
0.562308
0.341801
0.052084
0.289367
0.357524
0.223786
0.561691
0.450683
0.087859
0.65941
0.466824
0.735051
0.917551
0.686089
0.261218
0.751943
0.152833
0.259594
0.85912
0.617493
0.755129
0.623961
0.232386
0.713436
0.603777
0.162542
0.028307
0.081903
0.242894
0.575663
0.742326
0.738509
0.494344
0.705863
0.31699
0.907841
0.725296
0.41469
0.950882
0.0467
0.495304
0.948923
0.830453
0.074845
0.397071
0.170496
0.226975
0.464373
0.657914
0.630927
0.668456
0.253565
0.773676
0.790128
0.575319
0.372519
0.496333
0.045737
0.716776
0.100542
0.426036
0.289064
0.75204
0.274674
0.372166
0.868811
0.898377
0.348394
0.233303
0.647679
0.500097
0.225836
0.7207
0.340672
0.086255
0.787148
0.249277
0.333476
0.840943
0.681868
0.988281
0.201575
0.954025
0.01179
0.857623
0.52557
0.959853
0.64577
0.44577
0.96345
0.242793
0.705314
0.243454
0.682926
0.947272
0.3802
0.132402
0.492663
0.182165
0.111422
0.369092
0.87201
0.86656
0.194983
0.611243
0.949776
0.665439
0.526363
0.008844
0.312285
0.03763
0.893665
0.53865
0.249278
0.271662
0.022065
0.352511
0.187021
0.542369
0.823204
0.395432
0.630134
0.079232
0.469756
0.97977
0.256327
0.560864
0.6409
0.15544
0.798872
0.443556
0.523447
0.022632
0.808257
0.195619
0.520033
0.938449
0.131473
0.096737
0.86188
0.505753
0.719113
0.018721
0.984706
0.556736
0.594533
0.718556
0.438504
0.29525
0.482468
0.858331
0.791225
0.568732
0.885673
0.523739
0.745659
0.836186
0.332592
0.914124
0.993262
0.30069
0.728366
0.020745
0.950913
0.516227
0.534043
0.571815
0.344913
0.857328
0.095005
0.963883
0.713083
0.971138
0.408293
0.914755
0.624025
0.502227
0.176136
0.94279
0.217578
0.108057
0.805688
0.152543
0.730417
0.258454
0.339605
0.169482
0.606683
0.623433
0.363049
0.154104
0.93954
0.799895
0.105894
0.926833
0.435752
0.810105
0.802119
0.646435
0.977682
0.64173
0.70293
0.933078
0.975345
0.871066
0.062258
0.123279
0.884556
0.531939
0.051286
0.272282
0.321539
0.758123
0.071139
0.143819
0.36412
0.776098
0.62396
0.523108
0.71763
0.245392
0.525817
0.217821
0.977518
0.938252
0.876553
0.473751
0.778932
0.413025
0.548231
0.269976
0.983343
0.044262
0.876998
0.687873
0.107337
0.214082
0.147222
0.500572
0.064516
0.507829
0.485948
0.826896
0.893509
0.235736
0.72006
0.571034
0.517598
0.494805
0.3061
0.336486
0.13039
0.138069
0.000444
0.886225
0.238763
0.525414
0.814876
0.319806
0.735364
0.931037
0.93371
0.802859
0.986833
0.174156
0.667213
0.645645
0.388606
0.342835
0.082714
0.789192
0.685313
0.725836
0.070111
0.641277
0.590204
0.817416
0.996741
0.596551
0.371405
0.390947
0.35544
0.212894
0.669674
0.509663
0.381201
0.907024
0.486916
0.4896
0.632358
0.724707
0.228934
0.220756
0.721343
0.717522
0.91339
0.261631
0.79478
0.906956
0.201839
0.702476
0.756278
0.204188
0.875579
0.689513
0.747945
0.562362
0.640423
0.910315
0.248039
0.194106
0.896536
0.278935
0.310733
0.250391
0.723699
0.390252
0.028707
0.477229
0.014265
0.127473
0.571213
0.469913
0.26025
0.838766
0.525038
0.568966
0.861936
0.04838
0.639984
0.688021
0.914457
0.213462
0.773257
0.159391
0.305416
0.315149
0.013876
0.981407
0.49558
0.379052
0.468084
0.607598
0.050263
0.16796
0.642969
0.962635
0.68645
0.958905
0.689393
0.045536
0.489937
0.458386
0.033161
0.507493
0.871818
0.615718
0.146113
0.447414
0.964847
0.102128
0.332757
0.394557
0.319189
0.612455
0.247043
0.378841
0.992237
0.681912
0.693813
0.272381
0.810111
0.992922
0.760285
0.193492
0.882451
0.017854
0.45132
0.710526
0.656293
0.831821
0.293935
0.185204
0.244567
0.674663
0.696231
0.084064
0.568369
0.792033
0.951179
0.773758
0.297331
0.875669
0.010767
0.364297
0.885087
0.872513
0.982875
0.167214
0.981604
0.041179
0.136424
0.537281
0.224464
0.817696
0.047845
0.02368
0.504182
0.724635
0.864256
0.539678
0.802867
0.198793
0.225602
0.822469
0.732817
0.108031
0.674393
0.951907
0.272634
0.825411
0.06359
0.440551
0.467322
0.625439
0.535291
0.164228
0.542585
0.597226
0.907648
0.790367
0.239649
0.839387
0.723521
0.812558
0.004211
0.673616
0.857135
0.812295
0.919267
0.272191
0.889997
0.143699
0.601125
0.577541
0.119185
0.09377
0.596624
0.910458
0.181232
0.398859
0.003525
0.041381
0.474152
0.438646
0.492988
0.244926
0.975372
0.277709
0.690398
0.04912
0.965213
0.351274
0.399189
0.213594
0.121744
0.748241
0.146885
0.685277
0.605087
0.99709
0.323144
0.602376
0.62581
0.884507
0.548628
0.194026
0.901105
0.582959
0.044892
0.444655
0.824948
0.821128
0.122959
0.853757
0.431619
0.016796
0.242053
0.137428
0.416994
0.015301
0.197484
0.86392
0.300557
0.343139
0.123341
0.936671
0.239711
0.269756
0.231335
0.846723
0.310614
0.260166
0.139746
0.602483
0.496576
0.327683
0.841484
0.066872
0.17481
0.793591
0.970451
0.457434
0.971743
0.521403
0.280904
0.152275
0.249762
0.767881
0.87426
0.593707
0.543519
0.275853
0.664108
0.974164
0.154465
0.576189
0.542175
0.333208
0.033093
0.678157
0.112161
0.099881
0.467326
0.407087
0.695384
0.30577
0.13408
0.896255
0.898577
0.911958
0.11296
0.360827
0.674655
0.752569
0.163649
0.044338
0.093249
0.345397
0.359523
0.119221
0.241895
0.679738
0.248043
0.513149
0.179947
0.613697
0.027272
0.602424
0.468231
0.764234
0.652386
0.158285
0.526156
0.133287
0.935063
0.136407
0.029448
0.194581
0.349105
0.046836
0.882593
0.975587
0.512724
0.740882
0.192195
0.588712
0.598558
0.663112
0.096183
0.447121
0.389536
0.986818
0.632066
0.383736
0.016079
0.082099
0.429103
0.352185
0.877501
0.884416
0.623651
0.858847
0.413791
0.242698
0.849525
0.19042
0.84348
0.628594
0.514719
0.820756
0.90568
0.047635
0.528967
0.99349
0.772058
0.900649
0.738666
0.521024
0.439207
0.925484
0.79334
0.469335
0.225628
0.089513
0.916405
0.38293
0.969145
0.621293
0.198601
0.697075
0.878133
0.381664
0.168891
0.768244
0.152105
0.939872
0.273267
0.250773
0.547045
0.188459
0.002283
0.902679
0.665266
0.721067
0.959142
0.984875
0.07859
0.316777
0.701571
0.593663
0.294384
0.173247
0.787599
0.040616
0.633004
0.13378
0.206265
0.024691
0.020583
0.420205
0.211043
0.21074
0.587051
0.724064
0.373386
0.084944
0.38967
0.657931
0.277679
0.114316
0.373775
0.170929
0.734453
0.661477
0.844654
0.998967
0.395443
0.617637
0.029757
0.331622
0.869552
0.346957
0.117468
0.711086
0.547755
0.70994
0.771287
0.258334
0.691234
0.318173
0.959897
0.63829
0.647238
0.897547
0.365419
0.12729
0.381567
0.3438
0.404817
0.118243
0.375876
0.482898
0.037633
0.136873
0.85092
0.410245
0.792704
0.63617
0.907303
0.87075
0.925722
0.876791
0.669006
0.550969
0.681627
0.128134
0.723236
0.962455
0.698437
0.892007
0.829165
0.486922
0.720744
0.48548
0.940392
0.925257
0.069257
0.271319
0.256094
0.766853
0.883791
0.584568
0.618847
0.272999
0.136839
0.74868
0.440193
0.240529
0.477467
0.507021
0.87339
0.93448
0.727462
0.295437
0.789093
0.250628
0.207302
0.509738
0.15885
0.212912
0.658269
0.663563
0.021548
0.729604
0.999617
0.945452
0.32679
0.440861
0.633786
0.971587
0.686961
0.065152
0.599673
0.69565
0.740494
0.813168
0.453083
0.064975
0.93128
0.137168
0.135811
0.205315
0.064368
0.379093
0.396358
0.628224
0.518624
0.112364
0.110999
0.610971
0.841986
0.969589
0.076201
0.218042
0.301303
0.704816
0.637617
0.876023
0.449569
0.641287
0.528862
0.893435
0.493613
0.377142
0.095011
0.871351
0.401905
0.998837
0.433125
0.520347
0.557263
0.691267
0.3191
0.124574
0.408947
0.198988
0.090655
0.018332
0.512568
0.183234
0.532498
0.379513
0.865912
0.777064
0.55989
0.883143
0.804788
0.771803
0.846937
0.742072
0.963726
0.422572
0.736497
0.786846
0.217184
0.61559
0.071641
0.492142
0.06658
0.220406
0.256085
0.560076
0.763292
0.31914
0.804207
0.474748
0.230613
0.77878
0.728904
0.881633
0.867118
0.535055
0.674537
0.148077
0.960039
0.133409
0.237138
0.785125
0.536299
0.380296
0.105448
0.015478
0.922505
0.049703
0.963918
0.798772
0.781712
0.266897
0.505392
0.996408
0.586803
0.703889
0.281422
0.456655
0.796542
0.03836
0.592493
0.068279
0.059017
0.535902
0.194398
0.673288
0.588669
0.576223
0.146783
0.086072
0.957566
0.268879
0.624878
0.306868
0.861746
0.636962
0.656871
0.123235
0.175216
0.48384
0.225696
0.023824
0.258715
0.379034
0.747041
0.193818
0.282072
0.519915
0.838218
0.195514
0.159512
0.733369
0.865582
0.049764
0.737165
0.550755
0.005882
0.538952
0.665245
0.471201
0.685599
0.003447
0.393101
0.472835
0.346443
0.991157
0.041879
0.446608
0.366794
0.245944
0.289659
0.535427
0.466634
0.900395
0.039662
0.425573
0.931926
0.563963
0.83507
0.013477
0.184495
0.100065
0.324367
0.252823
0.812248
0.458288
0.046385
0.764442
0.293408
0.907647
0.323478
0.919454
0.27678
0.59858
0.463619
0.841627
0.56341
0.514825
0.736179
0.456703
0.135168
0.562113
0.905825
0.505283
0.252491
0.815386
0.956813
0.703571
0.661421
0.280878
0.276166
0.348901
0.482417
0.759527
0.820403
0.228604
0.952666
0.018597
0.730186
0.568462
0.020392
0.283618
0.238599
0.903022
0.387258
0.37655
0.625472
0.316029
0.749741
0.98638
0.477763
0.53799
0.933206
0.944642
0.704604
0.314519
0.226509
0.340131
0.830575
0.694685
0.882842
0.724865
0.597978
0.32344
0.596099
0.42884
0.334633
0.405081
0.953979
0.262582
0.838347
0.39688
0.933786
0.521097
0.045099
0.278443
0.2344
0.217024
0.746956
0.71323
0.465878
0.73738
0.257819
0.603041
0.243081
0.150548
0.389227
0.855567
0.208005
0.060971
0.987424
0.476567
0.238472
0.476487
0.626531
0.960743
0.681997
0.050154
0.8463
0.474657
0.933247
0.106269
0.823683
0.418224
0.961568
0.392848
0.745777
0.330319
0.675783
0.491612
0.226102
0.095608
0.814201
0.848663
0.659321
0.68535
0.035688
0.672476
0.540405
0.219336
0.39135
0.949404
0.317212
0.242053
0.98429
0.411285
0.138378
0.372731
0.115454
0.904062
0.565132
0.891709
0.970657
0.623833
0.599185
0.658969
0.461772
0.952216
0.837743
0.686574
0.5756
0.165435
0.558283
0.080369
0.67576
0.515051
0.522102
0.940374
0.136662
0.541549
0.273912
0.224563
0.535334
0.51394
0.688909
0.064907
0.422033
0.360142
0.05772
0.473338
0.638493
0.495869
0.965821
0.174163
0.696817
0.108717
0.302246
0.23636
0.827098
0.838153
0.760719
0.768274
0.185136
0.214599
0.376288
0.922598
0.352677
0.972956
0.440209
0.457019
0.903508
0.608215
0.993783
0.829606
0.319755
0.248465
0.993342
0.267843
0.027181
0.304824
0.015358
0.853751
0.357645
0.03388
0.234826
0.450307
0.463994
0.900786
0.839476
0.106326
0.330116
0.329315
0.584807
0.260728
0.304139
0.475444
0.77733
0.705455
0.27505
0.77762
0.460333
0.812194
0.521186
0.518772
0.312038
0.350406
0.944485
0.853397
0.499159
0.862274
0.798758
0.860483
0.788692
0.637949
0.633169
0.798664
0.315233
0.757956
0.907546
0.047387
0.022526
0.595082
0.490775
0.839589
0.747718
0.314628
0.652804
0.569941
0.110524
0.585175
0.595805
0.086756
0.149772
0.638805
0.797115
0.955931
0.175911
0.907831
0.718806
0.991725
0.052246
0.466743
0.270354
0.905085
0.59069
0.04034
0.931631
0.89507
0.758777
0.578879
0.526132
0.893839
0.809797
0.297685
0.669208
0.400599
0.801714
0.404005
0.040282
0.306584
0.810634
0.554801
0.948506
0.907738
0.270414
0.922888
0.606023
0.930091
0.538139
0.439881
0.016684
0.426864
0.423724
0.424243
0.198309
0.819951
0.795872
0.983479
0.380716
0.556332
0.721844
0.00051
0.195693
0.572528
0.594909
0.464926
0.729441
0.128398
0.370124
0.765306
0.620253
0.622187
0.178311
0.079553
0.210783
0.61066
0.242889
0.143035
0.90312
0.356817
0.563045
0.739056
0.107103
0.7542
0.104555
0.024974
0.234887
0.285202
0.535448
0.321822
0.225969
0.585792
0.768263
0.954502
0.916945
0.855461
0.621341
0.548745
0.847792
0.028357
0.298719
0.8216
0.732228
0.130791
0.781698
0.24419
0.120779
0.542108
0.919084
0.019436
0.616648
0.683018
0.743713
0.264939
0.993884
0.566322
0.383739
0.183524
0.648197
0.82691
0.038042
0.397822
0.131919
0.838824
0.7229
0.7688
0.794838
0.471851
0.428928
0.44386
0.520342
0.840632
0.399481
0.345126
0.168474
0.246166
0.073147
0.475632
0.218155
0.491153
0.734297
0.256457
0.986612
0.363926
0.945123
0.634737
0.369745
0.420126
0.993576
0.182748
0.661494
0.675948
0.749812
0.380289
0.051622
0.308521
0.242295
0.554
0.005663
0.529146
0.421938
0.172224
0.968069
0.14437
0.581348
0.152078
0.938899
0.943096
0.93509
0.711711
0.973286
0.983433
0.597075
0.296123
0.664259
0.333036
0.749635
0.620823
0.52767
0.270245
0.888703
0.306979
0.51415
0.704185
0.37711
0.197464
0.264256
0.908103
0.513414
0.110764
0.904806
0.149288
0.338344
0.198459
0.859515
0.588088
0.20613
0.584855
0.221987
0.509526
0.626734
0.556173
0.713765
0.702206
0.055168
0.782868
0.119689
0.406863
0.226464
0.070162
0.710972
0.977152
0.113219
0.222892
0.803614
0.98377
0.127221
0.282234
0.394089
0.137486
0.223917
0.523109
0.234933
0.090685
0.314297
0.240245
0.282615
0.234439
0.87142
0.528703
0.960893
0.447343
0.414544
0.826877
0.618116
0.484792
0.328537
0.844145
0.576256
0.759258
0.543479
0.902497
0.54772
0.263508
0.905264
0.081997
0.315428
0.92255
0.640747
0.774863
0.390265
0.285794
0.036216
0.004844
0.228214
0.421199
0.399419
0.932343
0.035142
0.904036
0.913726
0.172152
0.614054
0.001281
0.604151
0.804135
0.018582
0.588795
0.525415
0.304746
0.206417
0.534947
0.658936
0.034843
0.87284
0.027217
0.11519
0.571976
0.88335
0.1865
0.832099
0.738056
0.670547
0.884406
0.588175
0.189792
0.334032
0.220094
0.32306
0.629602
0.654714
0.828784
0.23046
0.762363
0.371918
0.71415
0.968256
0.824505
0.111555
0.347891
0.130196
0.955556
0.943255
0.107802
0.799928
0.088072
0.197221
0.439035
0.039874
0.556887
0.86358
0.366027
0.856943
0.10428
0.707336
0.379549
0.960832
0.249434
0.126863
0.6453
0.379387
0.950194
0.335604
0.572787
0.861614
0.439915
0.528095
0.349521
0.763193
0.329821
0.195321
0.186897
0.931312
0.056345
0.231606
0.505191
0.090246
0.926277
0.392576
0.518965
0.642879
0.94288
0.697663
0.251625
0.227008
0.546041
0.261523
0.119065
0.963569
0.285707
0.755816
0.76926
0.25882
0.997229
0.089116
0.78631
0.460717
0.230896
0.610839
0.625053
0.906598
0.604495
0.306016
0.413451
0.724604
0.78147
0.656694
0.374733
0.175273
0.208205
0.25926
0.553971
0.936422
0.945429
0.687111
0.867852
0.243003
0.692611
0.527939
0.40296
0.599881
0.61262
0.933127
0.883296
0.919367
0.965968
0.263698
0.265393
0.059196
0.485742
0.843951
0.391069
0.779895
0.063996
0.245375
0.345262
0.305407
0.895375
0.388913
0.908193
0.675992
0.726125
0.911234
0.735883
0.876095
0.700458
0.320887
0.659702
0.17075
0.676333
0.805002
0.359407
0.768372
0.145436
0.511273
0.453445
0.546169
0.664861
0.815857
0.702876
0.057289
0.116488
0.729437
0.466996
0.56589
0.722816
0.595383
0.633115
0.340925
0.638292
0.812495
0.409673
0.876249
0.278708
0.651657
0.475219
0.502614
0.184714
0.711514
0.919535
0.042517
0.013573
0.838318
0.349609
0.519784
0.290652
0.709194
0.828526
0.341535
0.221436
0.143463
0.622712
0.658478
0.859466
0.264389
0.326409
0.951007
0.253789
0.344461
0.085466
0.248661
0.237522
0.431479
0.711741
0.491278
0.141966
0.104153
0.764074
0.264189
0.441287
0.333041
0.22
0.959026
0.080204
0.425254
0.455187
0.676881
0.398325
0.820822
0.676182
0.564897
0.261835
0.362633
0.857518
0.140688
0.078869
0.283925
0.860651
0.728619
0.436116
0.258294
0.738339
0.765413
0.101125
0.404597
0.707545
0.232673
0.0227
0.685108
0.344806
0.591156
0.192701
0.225023
0.154186
0.419402
0.836612
0.310052
0.14732
0.943344
0.019916
0.774252
0.50132
0.366175
0.191746
0.400198
0.896428
0.851804
0.702657
0.19818
0.191244
0.514662
0.921813
0.125635
0.811535
0.998835
0.202158
0.956394
0.136583
0.318064
0.098029
0.174823
0.229667
0.969365
0.045435
0.167514
0.612215
0.655824
0.888922
0.020571
0.750309
0.268377
0.571357
0.192556
0.790163
0.63264
0.062831
0.283881
0.174226
0.28911
0.760048
0.462644
0.257851
0.723024
0.525622
0.665566
0.047443
0.479993
0.148329
0.429541
0.458895
0.465947
0.140011
0.562777
0.860958
0.026291
0.103906
0.453178
0.4745
0.113825
0.781361
0.286218
0.096903
0.216891
0.57247
0.173679
0.51397
0.473328
0.483113
0.517071
0.918488
0.321171
0.846713
0.835761
0.210894
0.242931
0.781632
0.234632
0.365766
0.412454
0.219392
0.079946
0.607771
0.814291
0.774168
0.630784
0.455598
0.581743
0.808169
0.813347
0.287405
0.871796
0.734099
0.72141
0.739747
0.480319
0.902484
0.755037
0.616458
0.841319
0.202174
0.58
0.234463
0.896527
0.623394
0.404192
0.988997
0.261477
0.823848
0.494302
0.96344
0.621436
0.888149
0.253234
0.322631
0.008116
0.228692
0.430534
0.135753
0.163582
0.759887
0.95047
0.001574
0.724788
0.790892
0.884035
0.991226
0.841965
0.97787
0.525396
0.645567
0.803098
0.651798
0.60837
0.715957
0.046459
0.867679
0.417231
0.119144
0.909625
0.656384
0.13757
0.161843
0.999034
0.577098
0.633486
0.810991
0.217314
0.855033
0.839018
0.792216
0.028898
0.188832
0.804265
0.81185
0.075186
0.343898
0.312324
0.66656
0.344148
0.377424
0.514505
0.824181
0.304664
0.531657
0.131352
0.6943
0.698493
0.431423
0.159701
0.505912
0.795311
0.162624
0.643632
0.786394
0.999191
0.198475
0.798686
0.581877
0.252005
0.871596
0.032012
0.861021
0.482022
0.129806
0.460346
0.062912
0.188886
0.71984
0.415794
0.131319
0.340125
0.781463
0.744996
0.350109
0.783193
0.175585
0.752462
0.695714
0.185458
0.928398
0.663318
0.2269
0.102746
0.109353
0.750109
0.660254
0.04979
0.735219
0.906764
0.96761
0.093519
0.336209
0.71339
0.100381
0.242007
0.133858
0.345956
0.298418
0.93962
0.14411
0.51589
0.56921
0.678105
0.11864
0.379976
0.351947
0.771806
0.033197
0.102134
0.715771
0.011399
0.15057
0.495743
0.824079
0.203938
0.998905
0.218952
0.101276
0.003471
0.230439
0.719057
0.04319
0.335312
0.156916
0.509267
0.094787
0.467437
0.943494
0.115663
0.504695
0.338104
0.62044
0.469854
0.067754
0.144853
0.307347
0.480167
0.27063
0.05483
0.367519
0.234652
0.947981
0.65589
0.041814
0.696164
0.702675
0.365694
0.840422
0.456678
0.843946
0.936426
0.5813
0.580476
0.005941
0.402074
0.891505
0.668252
0.380575
0.312512
0.057407
0.822331
0.759971
0.138438
0.49526
0.247244
0.700183
0.077596
0.390636
0.772255
0.697678
0.134918
0.615655
0.885244
0.324345
0.156213
0.116865
0.36029
0.483357
0.260906
0.229169
0.199225
0.707254
0.985296
0.24818
0.09703
0.814653
0.581176
0.803755
0.807926
0.616685
0.700718
0.632481
0.850462
0.719303
0.525374
0.9019
0.233079
0.177342
0.876433
0.480019
0.597042
0.882759
0.144544
0.411838
0.227695
0.787483
0.922005
0.495315
0.072369
0.911667
0.437417
0.121851
0.707758
0.9305
0.410433
0.63403
0.863639
0.037966
0.659609
0.582784
0.932869
0.70894
0.520992
0.612008
0.514101
0.877039
0.703182
0.835694
0.884088
0.978196
0.511362
0.542109
0.411304
0.969633
0.413206
0.98081
0.935045
0.20056
0.213656
0.615155
0.419038
0.398993
0.13505
0.334175
0.480161
0.12719
0.166664
0.757541
0.899473
0.891803
0.672698
0.619136
0.252737
0.624089
0.555003
0.795756
0.230211
0.987249
0.661295
0.324495
0.439508
0.560672
0.983042
0.958285
0.236923
0.688419
0.786171
0.440909
0.181837
0.882963
0.98322
0.627372
0.112557
0.681689
0.073153
0.173234
0.95978
0.03551
0.537568
0.095169
0.159828
0.407723
0.211701
0.399812
0.279197
0.12178
0.868862
0.407496
0.829703
0.092922
0.652343
0.566667
0.284376
0.887823
0.501705
0.431669
0.970916
0.738484
0.75042
0.142486
0.677172
0.460513
0.229913
0.131418
0.547443
0.231724
0.711777
0.499888
0.89676
0.380417
0.873148
0.584869
0.020172
0.327491
0.352262
0.605544
0.956472
0.950653
0.960575
0.264772
0.370591
0.192037
0.503425
0.473803
0.578311
0.487314
0.311029
0.725975
0.799825
0.271144
0.656253
0.396915
0.551535
0.38981
0.345329
0.991108
0.500435
0.364881
0.066113
0.779611
0.841683
0.910064
0.739098
0.905722
0.496756
0.034493
0.561095
0.182467
0.229137
0.056958
0.2594
0.047879
0.436831
0.246591
0.102381
0.35592
0.611142
0.547935
0.522484
0.877497
0.949677
0.288345
0.761774
0.676811
0.060889
0.354276
0.368779
0.119226
0.611783
0.829089
0.04368
0.274671
0.843212
0.888902
0.194485
0.497678
0.103002
0.792616
0.043942
0.560733
0.818394
0.142732
0.389229
0.051143
0.28663
0.95508
0.22346
0.053231
0.965514
0.380201
0.454787
0.505051
0.472974
0.702363
0.223823
0.131901
0.662433
0.885524
0.04655
0.312239
0.672569
0.057004
0.080218
0.686026
0.662879
0.81516
0.133962
0.40548
0.912724
0.163824
0.712089
0.575785
0.385576
0.33513
0.48834
0.438461
0.959275
0.030455
0.171976
0.71104
0.27449
0.552423
0.305342
0.252432
0.80946
0.319907
0.427835
0.421108
0.639749
0.74794
0.309532
0.582584
0.428247
0.841691
0.357018
0.884413
0.172439
0.147014
0.541292
0.23194
0.893177
0.728479
0.186538
0.774686
0.682066
0.267415
0.917583
0.821827
0.953418
0.652025
0.174502
0.81298
0.964409
0.22778
0.479426
0.196376
0.686485
0.388488
0.150402
0.968523
0.907178
0.71887
0.569788
0.591046
0.793296
0.618163
0.49747
0.078756
0.019446
0.687445
0.171509
0.099218
0.869183
0.091712
0.324293
0.81142
0.838064
0.355192
0.516702
0.315245
0.167482
0.362812
0.863346
0.524313
0.445585
0.910676
0.960365
0.636151
0.960493
0.23279
0.213699
0.436013
0.504683
0.786224
0.624466
0.977797
0.349748
0.197239
0.972827
0.099509
0.074836
0.86169
0.422346
0.116764
0.088456
0.412392
0.446085
0.161606
0.088994
0.617837
0.245892
0.258347
0.960943
0.053767
0.434792
0.839155
0.690109
0.353339
0.699221
0.150625
0.200077
0.366149
0.032233
0.699794
0.017635
0.351897
0.228539
0.960229
0.384394
0.051454
0.258595
0.236977
0.40442
0.837759
0.675222
0.635427
0.113755
0.915018
0.161342
0.847114
0.474609
0.173005
0.1138
0.249291
0.571245
0.614913
0.06255
0.162166
0.438027
0.492842
0.470082
0.587798
0.572387
0.212674
0.752826
0.459812
0.463533
0.949108
0.760085
0.68574
0.426016
0.943644
0.051646
0.368186
0.891492
0.461858
0.905053
0.268112
0.45362
0.934689
0.358305
0.763956
0.61388
0.149864
0.576322
0.108013
0.708403
0.84427
0.663126
0.378319
0.205329
0.895832
0.772289
0.145263
0.295498
0.408936
0.054664
0.320376
0.013628
0.826394
0.102105
0.119071
0.053674
0.452992
0.010776
0.926903
0.76921
0.645608
0.921329
0.221738
0.158127
0.662036
0.917408
0.266154
0.036879
0.363367
0.071166
0.908814
0.410316
0.864187
0.276077
0.478977
0.600797
0.050547
0.113166
0.460548
0.216195
0.64176
0.057771
0.565246
0.035375
0.501496
0.927613
0.422595
0.257759
0.680472
0.331516
0.183464
0.789685
0.359828
0.973664
0.683986
0.121202
0.320316
0.663192
0.024314
0.151367
0.511884
0.784513
0.966976
0.86061
0.317583
0.249507
0.247067
0.783889
0.752177
0.947381
0.462306
0.351249
0.695363
0.68971
0.36217
0.221563
0.643038
0.578796
0.172362
0.56103
0.800569
0.24692
0.492902
0.418309
0.117722
0.805729
0.734996
0.925074
0.733213
0.246732
0.1992
0.244757
0.380897
0.415902
0.358547
0.376367
0.451485
0.805263
0.654415
0.094571
0.835154
0.761841
0.920712
0.590695
0.359717
0.886909
0.755499
0.490254
0.140977
0.414825
0.261981
0.157832
0.965003
0.209785
0.069227
0.458825
0.886434
0.148598
0.723127
0.111262
0.299063
0.850582
0.468049
0.083198
0.844446
0.759698
0.375802
0.699451
0.270508
0.601129
0.538237
0.717812
0.581524
0.68003
0.353762
0.353426
0.973638
0.188236
0.301336
0.975919
0.0797
0.327934
0.785867
0.604159
0.94027
0.578888
0.885215
0.131111
0.085957
0.167841
0.827145
0.056131
0.860316
0.251319
0.905875
0.038272
0.260238
0.418557
0.919538
0.324525
0.837806
0.266038
0.167133
0.097366
0.908747
0.05271
0.670474
0.874285
0.408477
0.250861
0.023773
0.118637
0.325792
0.372249
0.527417
0.290329
0.88273
0.51408
0.293071
0.73014
0.677203
0.277195
0.055833
0.352159
0.570355
0.521182
0.358071
0.487005
0.175754
0.886474
0.116808
0.994975
0.590204
0.559896
0.64326
0.125899
0.380652
0.25535
0.464009
0.568334
0.891428
0.332541
0.473697
0.245004
0.618184
0.918557
0.797134
0.93029
0.254478
0.185884
0.043346
0.940123
0.634
0.88581
0.827464
0.786971
0.118128
0.824767
0.952619
0.321135
0.027168
0.33239
0.437793
0.139188
0.169285
0.255932
0.631839
0.373024
0.154489
0.873472
0.519778
0.02388
0.132101
0.111192
0.540574
0.060329
0.293059
0.78145
0.540694
0.635088
0.232989
0.510219
0.071592
0.300576
0.638578
0.378633
0.460169
0.364283
0.370142
0.69107
0.691258
0.778885
0.914233
0.601709
0.181047
0.029516
0.887408
0.296597
0.804035
0.591755
0.588863
0.87128
0.520413
0.525082
0.151328
0.311449
0.119922
0.322694
0.802406
0.94317
0.820277
0.674052
0.100304
0.981119
0.144573
0.322751
0.330947
0.294761
0.600904
0.122281
0.75835
0.555827
0.65298
0.691676
0.987689
0.56719
0.306895
0.167624
0.373204
0.209486
0.528653
0.457865
0.542149
0.970553
0.27738
0.298421
0.726103
0.544971
0.666056
0.386905
0.054402
0.234753
0.146276
0.798195
0.566192
0.203837
0.854615
0.794828
0.175805
0.7061
0.486532
0.079659
0.501235
0.194986
0.157824
0.641577
0.238271
0.783573
0.04122
0.499156
0.419423
0.283072
0.237775
0.682177
0.975712
0.387355
0.046388
0.561036
0.411226
0.084452
0.899796
0.228379
0.790364
0.932739
0.335245
0.620767
0.211823
0.237997
0.742831
0.992308
0.072148
0.750658
0.624445
0.611378
0.845119
0.345754
0.359923
0.073361
0.314258
0.86012
0.531998
0.293834
0.501973
0.155415
0.957987
0.942748
0.765476
0.392058
0.967927
0.233937
0.101862
0.895603
0.84221
0.12048
0.675194
0.203942
0.111578
0.550331
0.777627
0.496847
0.525836
0.745857
0.257792
0.097983
0.013652
0.493491
0.50718
0.527841
0.588501
0.178363
0.290183
0.8526
0.717542
0.3836
0.29444
0.187157
0.904679
0.63982
0.965981
0.428515
0.491062
0.262653
0.715445
0.242646
0.889115
0.315011
0.711282
0.62688
0.089181
0.794087
0.202539
0.172162
0.160922
0.361491
0.141097
0.621918
0.491014
0.2756
0.80581
0.049195
0.546085
0.937733
0.904041
0.024749
0.40115
0.394083
0.04813
0.431743
0.82581
0.945879
0.650699
0.343214
0.14352
0.996699
0.126225
0.113186
0.581402
0.037533
0.531457
0.525271
0.26961
0.400119
0.614676
0.999475
0.679604
0.314759
0.312209
0.432075
0.528135
0.759648
0.567672
0.768661
0.80239
0.462856
0.150401
0.356958
0.200312
0.446763
0.723347
0.484801
0.542186
0.920863
0.163121
0.606103
0.47728
0.175416
0.783693
0.490371
0.078633
0.59683
0.259582
0.946465
0.300375
0.311548
0.959548
0.902547
0.522354
0.002805
0.349186
0.946541
0.957761
0.639477
0.468623
0.850104
0.720524
0.406606
0.001607
0.238453
0.855136
0.64646
0.13562
0.527212
0.666193
0.042717
0.019814
0.060235
0.704264
0.233798
0.029033
0.008709
0.701151
0.778718
0.963267
0.41677
0.90243
0.019569
0.686005
0.049406
0.568416
0.248442
0.29376
0.66505
0.160608
0.886261
0.277146
0.527737
0.396004
0.258209
0.475157
0.248027
0.186154
0.620416
0.789496
0.084185
0.941396
0.088467
0.823601
0.270293
0.841769
0.702111
0.051673
0.126677
0.689757
0.243392
0.72225
0.07908
0.0156
0.772346
0.460145
0.689884
0.980086
0.530025
0.607174
0.901942
0.113302
0.833205
0.340782
0.943871
0.248976
0.641855
0.49742
0.779441
0.188763
0.546954
0.811741
0.835248
0.557652
0.011234
0.294076
0.794775
0.500839
0.339042
0.835364
0.23875
0.129349
0.572689
0.247384
0.892052
0.864363
0.845652
0.784658
0.267554
0.277063
0.280618
0.400539
0.755992
0.954298
0.856516
0.461616
0.411767
0.153673
0.948243
0.689542
0.335592
0.031489
0.325172
0.889699
0.680316
0.195702
0.604436
0.98309
0.969112
0.059761
0.972043
0.224424
0.115234
0.459651
0.624123
0.347567
0.179085
0.817408
0.583119
0.384686
0.937137
0.783683
0.911932
0.777306
0.909298
0.095625
0.791938
0.610813
0.444435
0.334918
0.039887
0.05113
0.684769
0.826871
0.128938
0.170486
0.515451
0.583714
0.598928
0.482345
0.036286
0.030166
0.513519
0.976061
0.049214
0.159399
0.941807
0.666344
0.407335
0.912637
0.894491
0.43587
0.770067
0.29428
0.09657
0.842443
0.56283
0.496247
0.659642
0.995463
0.166863
0.526387
0.996764
0.994507
0.76057
0.252993
0.354181
0.544476
0.581215
0.905341
0.788618
0.37506
0.276636
0.853118
0.259297
0.132984
0.144475
0.919614
0.025325
0.618416
0.943907
0.800812
0.410163
0.290681
0.110957
0.675731
0.717396
0.896195
0.997704
0.135974
0.862596
0.88448
0.064831
0.287803
0.266026
0.934706
0.911525
0.704411
0.892403
0.019806
0.67401
0.128895
0.94713
0.128894
0.594574
0.368901
0.283319
0.24456
0.142403
0.369068
0.973368
0.341717
0.00239
0.257107
0.969796
0.962695
0.137732
0.450194
0.025065
0.206808
0.372474
0.215184
0.985272
0.950326
0.673692
0.439668
0.643686
0.833267
0.653729
0.125117
0.80506
0.869553
0.435058
0.144735
0.674542
0.184131
0.715461
0.092356
0.371441
0.1025
0.221883
0.853101
0.639627
0.105814
0.478068
0.377512
0.977788
0.012731
0.063769
0.390676
0.65951
0.058262
0.164683
0.458989
0.861201
0.054471
0.210019
0.583804
0.536594
0.894554
0.71158
0.847144
0.318489
0.136534
0.67638
0.560286
0.608095
0.266406
0.942023
0.346121
0.409296
0.216252
0.171667
0.167159
0.439996
0.18736
0.508466
0.617185
0.371165
0.990963
0.232983
0.21152
0.513803
0.081112
0.251862
0.041005
0.019047
0.949008
0.129766
0.718836
0.773778
0.228935
0.449399
0.518003
0.42944
0.976988
0.98757
0.544299
0.305276
0.283154
0.672075
0.623427
0.352256
0.724022
0.732272
0.111593
0.576578
0.216592
0.092893
0.263099
0.560924
0.165081
0.541282
0.255516
0.640582
0.337196
0.696078
0.901817
0.748606
0.127538
0.216338
0.694662
0.1795
0.451553
0.02323
0.206172
0.553734
0.927632
0.604037
0.225517
0.430888
0.896296
0.149799
0.499441
0.592601
0.495034
0.845311
0.26504
0.555763
0.72335
0.435996
0.268754
0.752487
0.155438
0.702009
0.924998
0.396524
0.663811
0.725149
0.7859
0.524151
0.140411
0.12015
0.49808
0.723589
0.654215
0.404642
0.249634
0.138281
0.184057
0.346078
0.503751
0.68048
0.350552
0.719097
0.519068
0.927234
0.222376
0.832172
0.202978
0.343324
0.858753
0.311833
0.385876
0.132301
0.207924
0.032064
0.523753
0.431218
0.276513
0.575818
0.125077
0.840244
0.831989
0.034254
0.245865
0.271201
0.966502
0.788837
0.413006
0.881772
0.360538
0.282017
0.766859
0.188183
0.980012
0.083397
0.590772
0.09568
0.784929
0.143655
0.631484
0.181388
0.429381
0.917855
0.171008
0.440344
0.842323
0.989314
0.307154
0.022333
0.243873
0.436412
0.005944
0.652223
0.910279
0.057506
0.970624
0.489092
0.85381
0.997103
0.345202
0.93832
0.897825
0.558369
0.069298
0.70788
0.621169
0.013939
0.838361
0.481189
0.997
0.076529
0.89174
0.131627
0.884677
0.739746
0.279874
0.887042
0.809822
0.806726
0.613742
0.378728
0.593144
0.868847
0.786508
0.40755
0.632977
0.249819
0.757256
0.874814
0.646952
0.986915
0.320325
0.852776
0.339937
0.618626
0.332587
0.466183
0.0272
0.197729
0.76997
0.383177
0.056885
0.790084
0.097732
0.586183
0.864372
0.970921
0.529521
0.001379
0.594915
0.904743
0.210222
0.242353
0.324853
0.599593
0.63584
0.161468
0.312912
0.717166
0.83879
0.84452
0.471775
0.297408
0.2746
0.4162
0.835717
0.801986
0.150292
0.982072
0.249714
0.698996
0.18128
0.044591
0.630996
0.874996
0.205358
0.535807
0.082247
0.806706
0.115653
0.370552
0.449051
0.712833
0.279416
0.752252
0.366981
0.680772
0.561727
0.332111
0.31241
0.803505
0.006944
0.470181
0.128422
0.925961
0.569759
0.719497
0.732914
0.432743
0.953772
0.038495
0.974104
0.477504
0.241665
0.019145
0.454962
0.20466
0.104826
0.164423
0.023032
0.179257
0.704287
0.452477
0.735039
0.394718
0.175993
0.763206
0.98194
0.307701
0.253263
0.642785
0.549239
0.397489
0.656805
0.400851
0.702126
0.004247
0.655492
0.027932
0.027077
0.385998
0.390067
0.017465
0.050352
0.947075
0.917156
0.106007
0.901319
0.60833
0.871471
0.937835
0.030117
0.836485
0.109321
0.839651
0.61576
0.417241
0.377821
0.415715
0.76709
0.062011
0.917642
0.287414
0.462253
0.711637
0.336063
0.144357
0.957437
0.545021
0.914136
0.510676
0.137829
0.564691
0.424157
0.027421
0.441229
0.35746
0.183038
0.131989
0.981897
0.829131
0.936543
0.955752
0.666298
0.16628
0.84864
0.58691
0.1192
0.861619
0.166421
0.532182
0.129922
0.481748
0.663439
0.637405
0.755745
0.877445
0.279568
0.178786
0.863172
0.428617
0.73276
0.221843
0.498238
0.389709
0.638522
0.690274
0.729128
0.884409
0.423435
0.024136
0.547886
0.012236
0.322599
0.873434
0.442155
0.910938
0.069469
0.398655
0.96402
0.032194
0.220732
0.382921
0.988878
0.965434
0.201216
0.442841
0.2105
0.125422
0.76793
0.494528
0.028785
0.436703
0.554142
0.725641
0.302463
0.806911
0.736327
0.004648
0.554267
0.959984
0.280331
0.385229
0.924414
0.228763
0.174935
0.113781
0.604911
0.913123
0.523434
0.393434
0.273153
0.31424
0.718743
0.874905
0.692279
0.72206
0.755974
0.041022
0.404969
0.456792
0.786296
0.131637
0.190617
0.82169
0.850927
0.479367
0.365052
0.815739
0.505855
0.479389
0.94514
0.921693
0.314933
0.493694
0.854321
0.111606
0.096569
0.129545
0.538737
0.676704
0.777273
0.340153
0.235481
0.706638
0.890988
0.625747
0.458416
0.392933
0.900302
0.273175
0.888471
0.505318
0.425069
0.374282
0.593404
0.094364
0.265338
0.879875
0.6765
0.947886
0.98887
0.074365
0.127777
0.046366
0.901786
0.823366
0.95272
0.964468
0.027367
0.80536
0.136262
0.296004
0.609481
0.451438
0.922261
0.814859
0.185842
0.150528
0.606828
0.377153
0.956684
0.168981
0.311685
0.34654
0.776904
0.618006
0.034411
0.569532
0.073834
0.752295
0.15436
0.854029
0.669043
0.665268
0.110674
0.788996
0.097008
0.922171
0.576558
0.298715
0.193866
0.459459
0.365755
0.502505
0.121282
0.124524
0.471797
0.645038
0.733451
0.805644
0.370975
0.444331
0.786011
0.227449
0.099238
0.613074
0.907429
0.407875
0.238523
0.052591
0.145145
0.255085
0.959457
0.086998
0.36801
0.578284
0.366723
0.790487
0.756064
0.458737
0.745937
0.126928
0.183469
0.809019
0.517326
0.617504
0.867898
0.171454
0.317898
0.137183
0.951055
0.687275
0.783005
0.919667
0.904753
0.757537
0.089743
0.317613
0.276055
0.330072
0.125272
0.740645
0.814129
0.799047
0.017442
0.157525
0.846644
0.377704
0.44378
0.021889
0.454305
0.029302
0.98393
0.879932
0.291897
0.719928
0.618344
0.622919
0.826417
0.905306
0.294181
0.150582
0.344972
0.900518
0.845028
0.044331
0.745436
0.120352
0.206325
0.931091
0.581419
0.208971
0.27402
0.8998
0.657043
0.859918
0.506736
0.410888
0.361836
0.714897
0.03706
0.250703
0.191643
0.022159
0.615932
0.52112
0.498561
0.728518
0.316399
0.510464
0.465567
0.074116
0.821152
0.655739
0.661629
0.532769
0.33886
0.476175
0.330125
0.502243
0.916721
0.876608
0.687314
0.766676
0.924612
0.305474
0.031488
0.471431
0.536662
0.284672
0.632416
0.15575
0.946152
0.385996
0.860567
0.40871
0.875747
0.071331
0.990958
0.82628
0.142494
0.049409
0.769822
0.672888
0.65356
0.485574
0.689826
0.008389
0.085614
0.068785
0.241727
0.779968
0.010727
0.367794
0.64913
0.123123
0.89039
0.972681
0.799827
0.83091
0.564594
0.710316
0.248873
0.486781
0.808605
0.642981
0.243952
0.180131
0.929283
0.269258
0.473658
0.676335
0.648718
0.597559
0.918047
0.088618
0.230492
0.886045
0.107616
0.124148
0.580042
0.187795
0.448629
0.02408
0.054021
0.636005
0.39014
0.49445
0.38715
0.469705
0.012357
0.903744
0.162285
0.137381
0.854837
0.140971
0.110891
0.687607
0.919022
0.959576
0.896734
0.635436
0.344759
0.588238
0.483239
0.337237
0.172114
0.703932
0.102759
0.666987
0.356751
0.140537
0.219714
0.041742
0.522183
0.297063
0.942135
0.150459
0.798027
0.143243
0.95877
0.234838
0.263788
0.89017
0.478074
0.20742
0.953271
0.048851
0.70043
0.147829
0.456323
0.529152
0.79734
0.06728
0.781127
0.295823
0.386035
0.529271
0.817119
0.942968
0.280505
0.658712
0.272062
0.763968
0.382197
0.310153
0.626438
0.379861
0.762598
0.043574
0.513808
0.068335
0.580616
0.147465
0.440554
0.022615
0.447304
0.233762
0.313933
0.818227
0.648588
0.946735
0.024583
0.510165
0.838538
0.243394
0.865222
0.241943
0.766481
0.623696
0.137613
0.195431
0.516167
0.609981
0.913982
0.219356
0.086352
0.553443
0.66334
0.262331
0.745369
0.171793
0.969344
0.255444
0.801789
0.210229
0.467813
0.44117
0.280593
0.30836
0.61832
0.799079
0.43777
0.022563
0.3011
0.791843
0.319603
0.628312
0.201052
0.24333
0.419183
0.644763
0.49601
0.862116
0.244972
0.31918
0.311059
0.02284
0.373412
0.569032
0.150824
0.492206
0.014234
0.603149
0.856241
0.345188
0.756138
0.551437
0.987641
0.420318
0.317825
0.749911
0.657216
0.546622
0.323041
0.543169
0.658369
0.253766
0.241929
0.558068
0.366087
0.876104
0.954449
0.412293
0.218818
0.903189
0.346953
0.471534
0.941453
0.446164
0.442129
0.528785
0.912978
0.962365
0.061736
0.506956
0.114748
0.895953
0.463173
0.60929
0.006556
0.801742
0.668655
0.692451
0.695338
0.609022
0.329063
0.576114
0.581229
0.971811
0.751639
0.525337
0.944589
0.713511
0.972023
0.565886
0.793699
0.03859
0.992212
0.191536
0.507554
0.889502
0.99586
0.946849
0.385353
0.974621
0.603588
0.909175
0.692514
0.227772
0.70936
0.801536
0.188465
0.305143
0.500142
0.059759
0.387459
0.619499
0.44155
0.39226
0.119414
0.4766
0.952513
0.771161
0.440723
0.641609
0.473174
0.378768
0.522579
0.280953
0.251359
0.961599
0.882465
0.389781
0.531612
0.039419
0.171892
0.792476
0.221102
0.068687
0.252377
0.122972
0.765137
0.205492
0.94917
0.636353
0.805682
0.972844
0.859122
0.896668
0.634466
0.766285
0.685348
0.502363
0.246109
0.80216
0.278724
0.071384
0.676535
0.545271
0.967731
0.034515
0.863749
0.395636
0.817265
0.208803
0.533719
0.29655
0.898772
0.275262
0.145305
0.102879
0.629903
0.738104
0.693938
0.50281
0.050149
0.370167
0.22178
0.538225
0.969958
0.170141
0.109429
0.829357
0.974625
0.552821
0.197816
0.53633
0.162862
0.891925
0.393348
0.851418
0.00896
0.305531
0.799431
0.075469
0.949856
0.427871
0.045572
0.309254
0.847148
0.393682
0.543055
0.492025
0.40448
0.399167
0.779992
0.328786
0.531271
0.555042
0.924163
0.832835
0.08991
0.931778
0.916146
0.881051
0.404026
0.611154
0.19929
0.728475
0.867508
0.260894
0.058844
0.748758
0.151578
0.091376
0.571502
0.158044
0.808824
0.961692
0.65439
0.080503
0.527252
0.547936
0.898393
0.217815
0.867475
0.779738
0.066805
0.904569
0.808609
0.462142
0.745183
0.211822
0.412583
0.613205
0.053422
0.176085
0.455858
0.049734
0.731994
0.115576
0.369186
0.678914
0.187372
0.484032
0.833229
0.983989
0.230426
0.392868
0.966535
0.946939
0.839898
0.79369
0.670752
0.094929
0.21233
0.121945
0.800006
0.787406
0.062374
0.966402
0.656191
0.344897
0.5004
0.11092
0.311497
0.371903
0.355696
0.653392
0.247598
0.037881
0.115974
0.46812
0.717943
0.682529
0.007945
0.84339
0.030156
0.080825
0.812038
0.182199
0.988631
0.127885
0.850217
0.392124
0.56649
0.527938
0.98447
0.694825
0.442503
0.11532
0.541032
0.401724
0.507147
0.853933
0.606119
0.513039
0.984028
0.87447
0.607044
0.48153
0.314374
0.618548
0.242765
0.624553
0.234967
0.316426
0.33082
0.849152
0.810075
0.220847
0.414058
0.657031
0.77532
0.975585
0.50008
0.791745
0.989277
0.174015
0.927329
0.902989
0.923905
0.461466
0.477333
0.535594
0.72882
0.487088
0.110751
0.853811
0.525347
0.775097
0.915017
0.935989
0.622236
0.33077
0.851352
0.32081
0.263435
0.487329
0.159039
0.843795
0.068401
0.711098
0.252439
0.482568
0.409848
0.157826
0.714072
0.703365
0.173008
0.370508
0.695924
0.206212
0.411652
0.42752
0.716192
0.203972
0.366198
0.745234
0.428477
0.54334
0.607261
0.188947
0.268174
0.191663
0.293162
0.688086
0.23531
0.781074
0.938099
0.896183
0.522564
0.617605
0.225944
0.924833
0.367172
0.062771
0.77013
0.635365
0.004592
0.524899
0.508374
0.945942
0.554623
0.442626
0.462786
0.047603
0.521142
0.22593
0.688243
0.630059
0.271596
0.495241
0.929614
0.334906
0.95618
0.504917
0.609866
0.619823
0.32657
0.416024
0.348648
0.116393
0.132346
0.364745
0.116754
0.431843
0.792166
0.697418
0.275334
0.170715
0.118737
0.965799
0.110018
0.582234
0.879615
0.432449
0.268495
0.083391
0.605936
0.93751
0.604144
0.802984
0.539773
0.030224
0.154189
0.332626
0.728065
0.897316
0.951161
0.3582
0.456822
0.809826
0.333817
0.06953
0.821744
0.112397
0.187333
0.430422
0.084155
0.876986
0.608006
0.469108
0.388745
0.666456
0.794132
0.254055
0.752749
0.831574
0.442104
0.386586
0.93341
0.705853
0.027592
0.189891
0.75685
0.336603
0.73283
0.021742
0.80223
0.620929
0.702347
0.236779
0.123649
0.512223
0.924612
0.728464
0.150907
0.876916
0.286389
0.179935
0.342587
0.099795
0.921657
0.760132
0.498816
0.214853
0.05928
0.720763
0.645788
0.846712
0.704876
0.504918
0.113721
0.030092
0.57271
0.991925
0.721215
0.057044
0.729194
0.792092
0.432676
0.227256
0.441547
0.85756
0.68649
0.393074
0.937727
0.389585
0.952254
0.679128
0.499931
0.649147
0.494214
0.315514
0.848108
0.06423
0.200314
0.338213
0.633406
0.761755
0.203273
0.905066
0.527756
0.981852
0.371874
0.166238
0.746191
0.539419
0.466817
0.153697
0.098082
0.852129
0.591457
0.894242
0.661062
0.019304
0.309338
0.26965
0.769435
0.617001
0.042933
0.415748
0.961408
0.391197
0.039973
0.889079
0.927116
0.75245
0.702128
0.536999
0.706479
0.440418
0.375704
0.834307
0.479022
0.846149
0.99247
0.874964
0.385577
0.884915
0.137641
0.344972
0.252342
0.411776
0.35818
0.363307
0.307865
0.903251
0.248166
0.380151
0.226635
0.543477
0.308623
0.116424
0.4553
0.470922
0.309068
0.342062
0.937606
0.77843
0.989714
0.863084
0.412731
0.726419
0.905985
0.482641
0.478474
0.355682
0.299099
0.318145
0.933645
0.658306
0.893195
0.670779
0.665068
0.871813
0.539368
0.91069
0.154044
0.28454
0.531137
0.265527
0.013371
0.292929
0.758937
0.341575
0.373392
0.180262
0.607135
0.267144
0.241286
0.970397
0.562626
0.47982
0.539941
0.601476
0.423656
0.876179
0.951153
0.624383
0.643074
0.041792
0.613075
0.476038
0.584966
0.391661
0.874202
0.801738
0.952899
0.402659
0.649765
0.411808
0.416712
0.345568
0.65173
0.406305
0.203667
0.353391
0.773062
0.003007
0.627494
0.556831
0.253821
0.388305
0.967411
0.954579
0.7479
0.442364
0.256526
0.8752
0.875976
0.553949
0.007129
0.714102
0.536671
0.871255
0.207103
0.140533
0.479444
0.843063
0.110551
0.788045
0.313734
0.05569
0.85173
0.55133
0.62865
0.960273
0.340393
0.848572
0.165184
0.450576
0.647491
0.02966
0.178664
0.161095
0.127987
0.749347
0.705793
0.793609
0.789853
0.971699
0.282808
0.510782
0.977715
0.316734
0.88531
0.215412
0.244408
0.351342
0.709155
0.248692
0.077761
0.424884
0.147208
0.420893
0.942585
0.523156
0.271783
0.998321
0.550133
0.983654
0.496567
0.890127
0.810871
0.400306
0.127042
0.31064
0.861546
0.477509
0.358197
0.583561
0.650452
0.693854
0.377055
0.385768
0.655148
0.668671
0.390819
0.711423
0.234714
0.32224
0.966856
0.449453
0.924435
0.143573
0.215363
0.059586
0.168703
0.93886
0.869885
0.27677
0.241125
0.008281
0.011112
0.298264
0.673768
0.388493
0.92275
0.971445
0.885158
0.264228
0.923623
0.092211
0.336712
0.552451
0.082007
0.236069
0.073275
0.585282
0.995575
0.122499
0.836578
0.008361
0.673517
0.790432
0.245758
0.679392
0.464242
0.961886
0.159175
0.117127
0.631827
0.647586
0.039682
0.772661
0.634084
0.93152
0.322779
0.004188
0.771929
0.385634
0.343156
0.884659
0.377942
0.970062
0.351967
0.3586
0.448024
0.62062
0.993879
0.488227
0.572474
0.58501
0.073674
0.288733
0.933294
0.793472
0.591042
0.475348
0.598381
0.76213
0.821275
0.663789
0.109673
0.387362
0.982097
0.415089
0.87079
0.523459
0.130259
0.829585
0.883403
0.542329
0.742704
0.276277
0.68309
0.00871
0.922743
0.06037
0.188849
0.726712
0.44852
0.510851
0.596887
0.600546
0.547442
0.371065
0.66642
0.752462
0.276376
0.765135
0.719161
0.844555
0.674751
0.067752
0.75146
0.627322
0.077604
0.08655
0.080128
0.051959
0.839775
0.21913
0.697939
0.633519
0.45159
0.367144
0.290165
0.750869
0.196273
0.796754
0.039444
0.440033
0.620665
0.094064
0.180145
0.632963
0.747121
0.440599
0.983037
0.380218
0.514167
0.814855
0.609806
0.165022
0.692919
0.786134
0.362967
0.704849
0.300992
0.650871
0.733865
0.176433
0.302741
0.749686
0.086076
0.423256
0.975404
0.914955
0.812481
0.359113
0.245216
0.203272
0.169275
0.325594
0.430669
0.764648
0.03806
0.379038
0.342107
0.388217
0.909544
0.714531
0.646848
0.500911
0.466298
0.118563
0.371091
0.945284
0.723691
0.670461
0.671252
0.875838
0.538146
0.840544
0.137408
0.716753
0.313796
0.189036
0.489253
0.215211
0.791955
0.895092
0.320571
0.687793
0.340962
0.732863
0.571286
0.826632
0.126687
0.013589
0.914497
0.632631
0.399757
0.548266
0.546039
0.854932
0.670541
0.463717
0.285003
0.837859
0.729893
0.503552
0.910672
0.547012
0.332219
0.745459
0.67431
0.233904
0.931257
0.321868
0.831099
0.174124
0.366745
0.911444
0.916357
0.384257
0.687318
0.790351
0.860824
0.777035
0.522854
0.194825
0.275612
0.118145
0.55712
0.010386
0.885559
0.553892
0.499207
0.571391
0.152243
0.953497
0.907048
0.900638
0.781423
0.669058
0.274119
0.949432
0.017886
0.207895
0.394684
0.448229
0.178066
0.325353
0.381883
0.812057
0.767245
0.510295
0.557986
0.574732
0.246211
0.319153
0.005935
0.205289
0.990982
0.96669
0.776297
0.970767
0.670028
0.311782
0.153005
0.199878
0.633821
0.725002
0.838528
0.977253
0.258117
0.538577
0.071692
0.264801
0.812379
0.810253
0.17334
0.46242
0.180909
0.328575
0.597931
0.017178
0.234592
0.18723
0.931735
0.747318
0.067172
0.976502
0.818471
0.294561
0.202687
0.079728
0.733916
0.81326
0.194771
0.459763
0.681053
0.834078
0.229219
0.553978
0.537835
0.573615
0.966391
0.216559
0.538222
0.148767
0.529911
0.498298
0.188676
0.048275
0.689384
0.519233
0.339936
0.927437
0.900907
0.077332
0.360393
0.275679
0.650897
0.645503
0.333209
0.031845
0.259238
0.113372
0.977628
0.255729
0.773816
0.061769
0.921873
0.444817
0.766791
0.788985
0.80506
0.22343
0.807395
0.999599
0.010194
0.081401
0.441077
0.690758
0.442368
0.645652
0.352761
0.70594
0.917943
0.170669
0.861111
0.341645
0.653722
0.957394
0.607354
0.436661
0.794675
0.403626
0.01415
0.876641
0.649708
0.346535
0.336418
0.017371
0.229714
0.755584
0.705495
0.415646
0.227178
0.220358
0.467313
0.342196
0.91934
0.026241
0.783734
0.262033
0.8469
0.89635
0.191373
0.514449
0.435729
0.022608
0.188556
0.372112
0.445955
0.305601
0.221421
0.864015
0.883373
0.426783
0.067277
0.370188
0.135357
0.407121
0.87596
0.527088
0.032458
0.229464
0.938373
0.194538
0.660963
0.555432
0.138545
0.612489
0.880995
0.013519
0.194258
0.380021
0.789861
0.034223
0.098082
0.103449
0.834565
0.902645
0.11803
0.101148
0.462885
0.285485
0.481775
0.928375
0.443682
0.300267
0.743356
0.62848
0.021932
0.242839
0.01548
0.528056
0.489697
0.943943
0.594804
0.262052
0.050153
0.994432
0.313102
0.76499
0.34862
0.373038
0.676679
0.951894
0.275987
0.912956
0.224979
0.229911
0.10234
0.332271
0.164811
0.308245
0.64121
0.940574
0.523599
0.695606
0.803426
0.026416
0.062051
0.396229
0.488764
0.373577
0.340951
0.507165
0.415755
0.778848
0.482134
0.840971
0.08611
0.525061
0.033295
0.687208
0.914312
0.993929
0.378231
0.461522
0.717235
0.884654
0.941287
0.429019
0.727531
0.853534
0.285819
0.17686
0.598868
0.87948
0.755955
0.516516
0.576017
0.884199
0.318665
0.41079
0.928612
0.969781
0.447743
0.492438
0.668291
0.378547
0.697167
0.952499
0.791801
0.661602
0.987625
0.973813
0.764834
0.399513
0.893085
0.449284
0.524563
0.394686
0.382034
0.21454
0.480245
0.866043
0.101082
0.829595
0.803698
0.868182
0.736407
0.606678
0.856065
0.239817
0.115178
0.757797
0.609692
0.824279
0.780032
0.208316
0.04544
0.915868
0.611778
0.356078
0.436931
0.430131
0.886473
0.962781
0.810796
0.187265
0.775042
0.671952
0.183314
0.850143
0.235478
0.396389
0.695142
0.81247
0.230806
0.547106
0.951267
0.905206
0.557939
0.965608
0.218614
0.215305
0.396279
0.990587
0.048321
0.298602
0.207236
0.870885
0.410126
0.825968
0.568263
0.319624
0.166622
0.315042
0.042191
0.514754
0.762321
0.825128
0.902093
0.374877
0.508143
0.227832
0.809655
0.581032
0.040946
0.053363
0.724635
0.604088
0.373672
0.473107
0.654216
0.922771
0.462413
0.922111
0.612455
0.000108
0.221584
0.962926
0.390131
0.785419
0.484355
0.567801
0.681462
0.606589
0.086516
0.02805
0.385133
0.305088
0.996453
0.207008
0.261476
0.56223
0.447384
0.583341
0.155499
0.662574
0.929467
0.391121
0.796994
0.750811
0.575018
0.525065
0.910002
0.152177
0.027315
0.698169
0.132162
0.860852
0.474242
0.627238
0.922769
0.65597
0.651454
0.808952
0.107959
0.911883
0.333847
0.485809
0.854583
0.98937
0.89984
0.816537
0.088863
0.548382
0.178607
0.560491
0.402143
0.906373
0.768313
0.719741
0.917683
0.175732
0.952892
0.519917
0.574602
0.762975
0.723914
0.734955
0.644669
0.766344
0.442665
0.828769
0.013328
0.26969
0.714208
0.048527
0.260759
0.760398
0.208849
0.383231
0.322251
0.062185
0.572793
0.562552
0.082858
0.221281
0.394688
0.816699
0.837336
0.866849
0.945274
0.779257
0.465832
0.47668
0.119227
0.474573
0.785687
0.834267
0.740245
0.694438
0.127865
0.200548
0.644835
0.681182
0.598349
0.453516
0.360635
0.344221
0.668008
0.660483
0.263246
0.307423
0.434659
0.957178
0.217802
0.034771
0.498615
0.87359
0.496378
0.269035
0.130837
0.054745
0.949559
0.085259
0.964216
0.445864
0.21505
0.388899
0.124796
0.374746
0.538408
0.02237
0.741442
0.259919
0.466231
0.16595
0.538725
0.016469
0.496098
0.648611
0.911477
0.035682
0.055684
0.471594
0.361887
0.969102
0.733732
0.47306
0.941823
0.668651
0.36228
0.068518
0.154425
0.402169
0.516303
0.905062
0.080709
0.251472
0.984017
0.698624
0.314151
0.282169
0.05473
0.745239
0.546348
0.821004
0.707078
0.914096
0.047037
0.653993
0.951707
0.684881
0.655702
0.024829
0.680748
0.432074
0.363926
0.587184
0.693177
0.767366
0.422329
0.333896
0.549973
0.481851
0.600632
0.356566
0.851887
0.230908
0.046115
0.458411
0.137105
0.512826
0.408579
0.232437
0.704345
0.701382
0.633306
0.186228
0.945421
0.096525
0.220376
0.792936
0.09229
0.521786
0.412678
0.997224
0.685226
0.205747
0.078998
0.073695
0.80032
0.546623
0.260018
0.540094
0.533555
0.009561
0.451791
0.325734
0.821457
0.142075
0.000529
0.992411
0.046683
0.128014
0.059995
0.50767
0.684034
0.615016
0.699531
0.355818
0.141643
0.659644
0.081509
0.837096
0.03825
0.290623
0.017506
0.988572
0.522172
0.221447
0.219739
0.777275
0.607717
0.515792
0.580063
0.860981
0.855155
0.357648
0.296987
0.171586
0.327175
0.388695
0.758534
0.278162
0.901605
0.913409
0.758626
0.941188
0.892036
0.787236
0.007409
0.460577
0.512056
0.216688
0.47595
0.133143
0.397607
0.5658
0.394374
0.994655
0.351381
0.715167
0.763887
0.897722
0.109054
0.842275
0.57899
0.157872
0.834015
0.566495
0.558235
0.195128
0.00544
0.861683
0.323744
0.684046
0.663532
0.6527
0.227631
0.106517
0.895999
0.931259
0.652984
0.220439
0.404336
0.462847
0.325724
0.768746
0.354456
0.458613
0.9798
0.4617
0.333751
0.628766
0.10534
0.185171
0.027094
0.050204
0.871393
0.574269
0.901729
0.842402
0.803269
0.39829
0.42608
0.308843
0.044781
0.079491
0.746493
0.395178
0.725301
0.350231
0.462892
0.119216
0.338715
0.694578
0.435272
0.151593
0.979132
0.944728
0.308768
0.014396
0.837019
0.565692
0.300455
0.049334
0.410302
0.761802
0.65441
0.121442
0.475368
0.263056
0.113416
0.79774
0.502641
0.41168
0.10305
0.777854
0.080018
0.311578
0.513439
0.189055
0.97434
0.286941
0.877922
0.196795
0.970111
0.179267
0.666532
0.685954
0.989508
0.105136
0.71384
0.342527
0.516509
0.035296
0.067407
0.112407
0.015291
0.203988
0.898944
0.082815
0.3141
0.887583
0.11798
0.805391
0.215165
0.398789
0.471871
0.425144
0.216697
0.713011
0.652475
0.729771
0.417599
0.607954
0.086796
0.173465
0.435072
0.403508
0.046295
0.799798
0.814808
0.415046
0.308493
0.384181
0.448372
0.229548
0.024735
0.433164
0.833641
0.413741
0.960327
0.179837
0.800663
0.031562
0.124173
0.092917
0.933785
0.705692
0.716942
0.882932
0.476041
0.277663
0.323709
0.932892
0.369758
0.799185
0.364061
0.093353
0.236482
0.222443
0.308185
0.72177
0.88794
0.889025
0.153541
0.082143
0.740554
0.493893
0.600666
0.279527
0.310599
0.651421
0.791627
0.414149
0.887539
0.496473
0.184018
0.513227
0.988336
0.180438
0.867099
0.635047
0.084257
0.095418
0.71512
0.218728
0.873095
0.745284
0.355804
0.008289
0.429966
0.179011
0.382419
0.71657
0.626518
0.238708
0.074623
0.690344
0.40579
0.366961
0.244375
0.439194
0.960811
0.687882
0.530287
0.853841
0.398632
0.034491
0.829996
0.672918
0.99292
0.560495
0.061962
0.618771
0.369777
0.37618
0.676282
0.086601
0.845876
0.402401
0.920694
0.12858
0.954687
0.341286
0.068369
0.880684
0.013652
0.133195
0.641439
0.624161
0.937817
0.909282
0.275398
0.907268
0.603512
0.78707
0.353082
0.564509
0.044268
0.537432
0.007786
0.881261
0.862401
0.694623
0.164991
0.489606
0.997737
0.790775
0.043343
0.420693
0.81159
0.604179
0.558961
0.835145
0.428008
0.324984
0.774471
0.356592
0.729959
0.839225
0.336387
0.404392
0.256124
0.356398
0.527788
0.011845
0.302284
0.656131
0.02491
0.750686
0.875111
0.207887
0.780258
0.295047
0.859952
0.769131
0.483102
0.525035
0.68062
0.971962
0.781099
0.877837
0.741038
0.395115
0.077504
0.409438
0.43143
0.009349
0.224094
0.843268
0.380303
0.424103
0.999835
0.151245
0.680697
0.540238
0.044882
0.031362
0.323541
0.718559
0.483704
0.140003
0.833997
0.382983
0.595144
0.714398
0.289511
0.293017
0.090199
0.916878
0.802484
0.538429
0.718139
0.991628
0.848393
0.088148
0.514026
0.541173
0.717636
0.303117
0.793941
0.117902
0.871905
0.850547
0.778944
0.046128
0.164263
0.322396
0.299546
0.206303
0.362564
0.130795
0.801056
0.998162
0.797797
0.323425
0.389988
0.335236
0.319277
0.097301
0.478237
0.088782
0.84679
0.470988
0.290841
0.56207
0.210147
0.350863
0.466964
0.918718
0.379663
0.826562
0.690042
0.846312
0.437007
0.01875
0.351031
0.52937
0.221414
0.059954
0.657214
0.410736
0.835166
0.493148
0.864543
0.879576
0.938943
0.557085
0.038476
0.428883
0.036426
0.095077
0.624405
0.469168
0.489679
0.374792
0.218348
0.369146
0.400275
0.549734
0.983506
0.806864
0.917897
0.806801
0.104743
0.297271
0.845289
0.073438
0.4692
0.281212
0.289089
0.105911
0.069945
0.846218
0.857787
0.793696
0.005659
0.528851
0.225389
0.980418
0.514801
0.236129
0.100603
0.938433
0.305113
0.46237
0.955354
0.912593
0.260848
0.579907
0.581749
0.239049
0.817322
0.361548
0.615421
0.758138
0.14833
0.9317
0.355964
0.865712
0.078255
0.784821
0.881743
0.033642
0.836822
0.46155
0.233703
0.441898
0.509761
0.76954
0.234943
0.113309
0.494616
0.218484
0.231788
0.720174
0.178767
0.120789
0.935795
0.030213
0.971546
0.069614
0.165875
0.366852
0.188064
0.033897
0.174404
0.396772
0.879565
0.351027
0.751394
0.257282
0.070118
0.953849
0.664865
0.734038
0.785503
0.385025
0.582768
0.380208
0.491083
0.215102
0.674067
0.805965
0.39109
0.399108
0.344252
0.002776
0.486517
0.16734
0.873399
0.049097
0.029797
0.356852
0.703408
0.845417
0.197394
0.646177
0.094745
0.987502
0.970548
0.438377
0.244261
0.93383
0.175432
0.764511
0.516167
0.900481
0.011662
0.367389
0.94162
0.754229
0.733886
0.437693
0.219408
0.213291
0.008658
0.602538
0.991888
0.723624
0.21603
0.187368
0.312592
0.756298
0.694197
0.215837
0.704501
0.458559
0.487092
0.091562
0.571644
0.423027
0.962446
0.972822
0.200502
0.64668
0.112957
0.654735
0.049108
0.724706
0.196463
0.15419
0.67188
0.736662
0.478945
0.197103
0.838282
0.281198
0.032472
0.622413
0.343539
0.548047
0.478081
0.026202
0.363349
0.927027
0.488838
0.567773
0.711995
0.810378
0.753109
0.463299
0.685141
0.375935
0.774092
0.102103
0.621488
0.205738
0.372828
0.848941
0.925911
0.811129
0.140471
0.447312
0.112849
0.346636
0.81461
0.461348
0.214572
0.978074
0.640509
0.420505
0.628451
0.278248
0.643338
0.048671
0.18685
0.962034
0.484674
0.393482
0.542789
0.626569
0.914738
0.03212
0.903339
0.306479
0.7526
0.211547
0.719731
0.42813
0.147005
0.484647
0.964658
0.118552
0.246209
0.881307
0.391628
0.008228
0.978684
0.495679
0.294889
0.170119
0.038758
0.86237
0.193938
0.431944
0.831451
0.791394
0.197684
0.56463
0.880778
0.399253
0.02982
0.061401
0.765023
0.785394
0.176676
0.38761
0.506796
0.10778
0.87293
0.453244
0.929909
0.964618
0.517678
0.894962
0.034093
0.809176
0.326436
0.221865
0.825135
0.24594
0.214562
0.258694
0.915126
0.923498
0.189284
0.500829
0.598416
0.748018
0.357354
0.659101
0.027488
0.415736
0.83932
0.339092
0.034728
0.640706
0.746279
0.665736
0.430672
0.304419
0.500198
0.771339
0.935185
0.795646
0.760653
0.294119
0.450695
0.623034
0.146682
0.798266
0.774735
0.553862
0.756622
0.043407
0.484958
0.786169
0.662698
0.23087
0.797998
0.774209
0.640934
0.617827
0.935357
0.737209
0.651607
0.810018
0.288307
0.805097
0.828082
0.890892
0.625869
0.681694
0.234219
0.324095
0.340983
0.779147
0.816263
0.526046
0.018349
0.40842
0.589124
0.531966
0.671114
0.206973
0.50263
0.578488
0.897629
0.546297
0.98749
0.500752
0.541371
0.631347
0.30052
0.093628
0.18343
0.575541
0.568564
0.380128
0.699306
0.673807
0.444764
0.946471
0.91156
0.684656
0.04388
0.476352
0.411142
0.907417
0.339609
0.875807
0.482905
0.17053
0.330791
0.294281
0.30739
0.008739
0.824763
0.751427
0.296468
0.208684
0.925347
0.780874
0.600958
0.536646
0.983725
0.279888
0.998966
0.76466
0.321936
0.701708
0.841979
0.192676
0.100685
0.626984
0.737487
0.343497
0.016183
0.981631
0.02309
0.664871
0.762969
0.376682
0.562996
0.198607
0.820766
0.779972
0.287408
0.652904
0.107953
0.184912
0.988836
0.696579
0.745505
0.088968
0.551464
0.287951
0.574223
0.189769
0.983302
0.425497
0.960416
0.038828
0.536883
0.437522
0.070851
0.186906
0.099335
0.926698
0.29918
0.370757
0.808391
0.389577
0.943365
0.024496
0.336688
0.330991
0.082883
0.97715
0.331081
0.654954
0.520852
0.887857
0.013272
0.137568
0.368991
0.999892
0.781316
0.377372
0.443381
0.178314
0.160084
0.706724
0.00038
0.43338
0.021649
0.765382
0.003377
0.115182
0.629574
0.552255
0.316218
0.515177
0.433253
0.672053
0.118087
0.585353
0.599698
0.728219
0.81019
0.899263
0.33087
0.794961
0.534079
0.333693
0.766341
0.672528
0.507331
0.548021
0.837981
0.737548
0.184009
0.370584
0.406926
0.096158
0.153648
0.853566
0.301478
0.621187
0.655934
0.459398
0.039381
0.34683
0.262128
0.362327
0.165971
0.381574
0.185192
0.086964
0.278768
0.931397
0.083519
0.154605
0.704683
0.401021
0.962855
0.608072
0.05529
0.728947
0.870986
0.423719
0.206348
0.868545
0.422128
0.667798
0.873647
0.638375
0.9165
0.457265
0.1065
0.601105
0.093007
0.957887
0.58886
0.148767
0.559945
0.55349
0.10153
0.821759
0.78108
0.565334
0.817594
0.791629
0.205392
0.885946
0.918704
0.809725
0.355371
0.477258
0.585904
0.387439
0.43803
0.817693
0.419709
0.793045
0.322872
0.355044
0.119224
0.923568
0.206586
0.313149
0.994062
0.851722
0.647386
0.897818
0.624501
0.48501
0.030555
0.902868
0.471339
0.085256
0.136473
0.112301
0.943857
0.653381
0.86206
0.169046
0.620398
0.37439
0.94605
0.411414
0.266013
0.044115
0.479265
0.437051
0.330003
0.529445
0.830004
0.570325
0.216082
0.739462
0.646061
0.425898
0.633532
0.090079
0.605346
0.294774
0.869836
0.952029
0.125043
0.004548
0.831245
0.922201
0.652402
0.035922
0.320386
0.353075
0.282329
0.504125
0.404245
0.527651
0.097578
0.207127
0.281949
0.464491
0.074546
0.372585
0.945395
0.678991
0.091432
0.350498
0.911974
0.453144
0.872639
0.618429
0.260731
0.894563
0.984723
0.329491
0.082916
0.091109
0.265374
0.84549
0.080198
0.013322
0.471999
0.443044
0.942895
0.874407
0.209582
0.920064
0.447292
0.351436
0.999826
0.956361
0.253055
0.545288
0.367535
0.480995
0.426891
0.735055
0.756382
0.184012
0.259651
0.334656
0.008306
0.956543
0.96357
0.833545
0.636388
0.610776
0.276347
0.677211
0.417255
0.492399
0.718583
0.825601
0.746716
0.774316
0.29456
0.142367
0.707186
0.610208
0.735001
0.821345
0.616229
0.841529
0.770182
0.789721
0.021554
0.646754
0.592738
0.203641
0.520592
0.961383
0.674372
0.39958
0.847323
0.037579
0.732806
0.801591
0.527181
0.197891
0.871383
0.560161
0.625761
0.432949
0.634956
0.562421
0.884054
0.992682
0.462195
0.353339
0.754977
0.499541
0.545964
0.14447
0.534203
0.251573
0.009812
0.793743
0.655358
0.414401
0.421454
0.531781
0.90259
0.566091
0.563148
0.290071
0.677414
0.77086
0.686878
0.555993
0.360445
0.622814
0.609322
0.50382
0.25155
0.524802
0.312814
0.894061
0.353129
0.356568
0.890787
0.110781
0.22353
0.097503
0.714105
0.116802
0.502635
0.578599
0.90598
0.790625
0.075188
0.742357
0.269035
0.198046
0.096843
0.011526
0.511649
0.196377
0.330536
0.445417
0.376373
0.895834
0.196292
0.466946
0.953781
0.276114
0.25044
0.550049
0.897671
0.016165
0.252572
0.909473
0.71176
0.826779
0.050333
0.150288
0.406546
0.546089
0.350152
0.101158
0.59091
0.920163
0.637328
0.137786
0.22149
0.685944
0.532038
0.494573
0.98559
0.990289
0.958463
0.34348
0.139838
0.117758
0.224145
0.242136
0.569166
0.811971
0.78984
0.482439
0.319048
0.724297
0.580654
0.908991
0.087007
0.401134
0.993272
0.073158
0.070411
0.016934
0.67133
0.92991
0.030667
0.063709
0.587374
0.841704
0.229262
0.682588
0.679008
0.434027
0.737334
0.699429
0.119688
0.201898
0.326688
0.477338
0.947586
0.21446
0.278922
0.491037
0.866475
0.952252
0.039074
0.680575
0.675867
0.099621
0.6787
0.885664
0.69836
0.74344
0.839538
0.103431
0.183288
0.238495
0.565716
0.932498
0.704462
0.915257
0.783499
0.66382
0.844747
0.613518
0.542615
0.223032
0.977426
0.048256
0.279634
0.180632
0.031123
0.149427
0.110546
0.388073
0.78012
0.352833
0.780593
0.612315
0.143414
0.696249
0.418989
0.185046
0.910821
0.778771
0.888869
0.298869
0.836686
0.7687
0.724799
0.536374
0.516334
0.726102
0.155245
0.087261
0.954946
0.783455
0.632344
0.749212
0.963528
0.108218
0.814935
0.451873
0.426762
0.886807
0.924659
0.728594
0.844379
0.196633
0.460066
0.357128
0.129279
0.348409
0.464022
0.014635
0.5765
0.177409
0.994835
0.702615
0.339609
0.070751
0.933051
0.320779
0.292208
0.968846
0.072808
0.585102
0.026422
0.058664
0.409567
0.301119
0.890322
0.06736
0.034274
0.981217
0.199813
0.421913
0.470775
0.46544
0.24895
0.615583
0.821494
0.181266
0.902695
0.569023
0.175954
0.760582
0.21189
0.361341
0.291652
0.048481
0.198381
0.172329
0.510505
0.215193
0.495477
0.99271
0.779521
0.596437
0.928219
0.483324
0.807245
0.834032
0.475509
0.106747
0.511125
0.576099
0.312013
0.033762
0.903954
0.375529
0.39043
0.564554
0.51947
0.815814
0.134684
0.161402
0.340217
0.17711
0.597865
0.915966
0.306527
0.46734
0.922948
0.793952
0.260904
0.559724
0.966582
0.792358
0.889003
0.064788
0.117223
0.029569
0.820428
0.293169
0.872204
0.224435
0.866713
0.096732
0.74442
0.316534
0.688419
0.678777
0.774931
0.724496
0.011696
0.419562
0.405418
0.90891
0.374987
0.123409
0.128348
0.756524
0.119165
0.479753
0.680022
0.079502
0.35044
0.866373
0.600026
0.252374
0.080107
0.618599
0.485441
0.491362
0.415138
0.563196
0.647699
0.369262
0.946274
0.254224
0.004577
0.400893
0.280857
0.225006
0.52499
0.126754
0.433441
0.393998
0.353153
0.986951
0.124677
0.949363
0.594783
0.601903
0.839559
0.292575
0.496027
0.119867
0.150637
0.866953
0.952656
0.832374
0.436536
0.914238
0.796219
0.73514
0.684157
0.686028
0.780769
0.94754
0.649406
0.11576
0.873675
0.945261
0.282371
0.987192
0.848126
0.786044
0.253563
0.895639
0.120656
0.545168
0.945662
0.775993
0.718583
0.959103
0.993412
0.61695
0.844297
0.240614
0.308162
0.214244
0.916228
0.71188
0.599276
0.26865
0.58589
0.795401
0.591467
0.979992
0.274445
0.483895
0.483512
0.027371
0.459736
0.931356
0.30003
0.810731
0.543623
0.381191
0.564039
0.8525
0.149696
0.639347
0.519174
0.730496
0.604251
0.47911
0.660493
0.515065
0.843161
0.418098
0.031029
0.018948
0.390145
0.350387
0.244385
0.495581
0.53474
0.346733
0.962982
0.567271
0.112321
0.198873
0.249254
0.52308
0.990127
0.695168
0.500472
0.378689
0.914506
0.274478
0.81711
0.729918
0.890089
0.952012
0.149308
0.755074
0.445816
0.94746
0.379848
0.168332
0.210611
0.874082
0.917167
0.572608
0.769799
0.016571
0.984703
0.52161
0.197551
0.185907
0.889101
0.669273
0.047825
0.376786
0.077116
0.774838
0.601761
0.714295
0.648854
0.248471
0.365697
0.887249
0.150596
0.414159
0.708317
0.468324
0.594604
0.678039
0.492754
0.928887
0.529545
0.769421
0.854362
0.94628
0.415286
0.114044
0.469012
0.179287
0.281234
0.275961
0.975332
0.379618
0.508501
0.584403
0.892832
0.288019
0.324426
0.852809
0.741372
0.537112
0.621934
0.850526
0.042038
0.998075
0.007346
0.390534
0.942944
0.480066
0.334476
0.498399
0.391331
0.770182
0.160134
0.522589
0.229993
0.886236
0.342105
0.456825
0.773582
0.575116
0.804865
0.273517
0.898957
0.928155
0.483319
0.81982
0.856785
0.349483
0.340591
0.989602
0.32993
0.730583
0.156448
0.431304
0.63502
0.6784
0.807833
0.16541
0.671725
0.920828
0.605936
0.94033
0.895178
0.938341
0.252979
0.759108
0.386358
0.846234
0.69963
0.816651
0.760525
0.706128
0.931016
0.61254
0.032926
0.170854
0.545175
0.62472
0.814924
0.38338
0.221615
0.28703
0.301573
0.76064
0.268291
0.529832
0.90534
0.073087
0.275644
0.790456
0.562176
0.775156
0.981387
0.600705
0.970281
0.748104
0.224331
0.804589
0.154474
0.502646
0.052953
0.453767
0.567668
0.32662
0.66698
0.367883
0.175604
0.562703
0.186271
0.274659
0.843907
0.870453
0.127545
0.380775
0.290019
0.873146
0.489905
0.623067
0.730304
0.510261
0.306728
0.393257
0.667724
0.09943
0.132438
0.936171
0.010704
0.937367
0.704833
0.95141
0.378163
0.513708
0.113395
0.428036
0.747087
0.457255
0.740398
0.164989
0.336275
0.445288
0.096273
0.788468
0.095599
0.848808
0.130652
0.764388
0.452901
0.997172
0.773167
0.866777
0.896625
0.458267
0.693072
0.026836
0.662923
0.914737
0.032264
0.667494
0.542424
0.201984
0.988291
0.8814
0.194912
0.401063
0.500297
0.626607
0.73236
0.679156
0.085879
0.017904
0.239772
0.997245
0.234836
0.35473
0.527381
0.636958
0.75363
0.030196
0.626129
0.959734
0.222628
0.914551
0.570807
0.419351
0.649293
0.21715
0.818544
0.938608
0.003106
0.126087
0.600774
0.009461
0.08648
0.93257
0.627648
0.412833
0.398077
0.820051
0.586845
0.3852
0.564541
0.949042
0.147447
0.77439
0.947433
0.981773
0.66015
0.750106
0.744901
0.397975
0.083856
0.880467
0.103062
0.162759
0.913347
0.84028
0.184267
0.716001
0.569981
0.58452
0.867494
0.925909
0.808786
0.265901
0.631649
0.828792
0.628649
0.207138
0.8672
0.700903
0.349324
0.384255
0.253073
0.120064
0.112281
0.016827
0.532633
0.752911
0.719289
0.688889
0.00089
0.700073
0.463615
0.382345
0.654263
0.891654
0.063171
0.822155
0.034716
0.00324
0.73903
0.870825
0.51563
0.416028
0.56734
0.579502
0.025552
0.030738
0.855509
0.815626
0.842452
0.807629
0.110939
0.78956
0.659102
0.724108
0.635311
0.65466
0.279282
0.249743
0.440531
0.449353
0.637622
0.131678
0.764578
0.70975
0.977319
0.807311
0.314231
0.018698
0.403067
0.420229
0.955219
0.643605
0.811129
0.722959
0.750264
0.739719
0.755594
0.373264
0.409953
0.501971
0.500687
0.692383
0.518782
0.118895
0.729738
0.205081
0.24994
0.619249
0.780976
0.773523
0.208425
0.671181
0.799005
0.583674
0.861506
0.448903
0.452592
0.117426
0.327303
0.361796
0.66713
0.080651
0.044634
0.35167
0.829959
0.158551
0.446588
0.600096
0.225418
0.810752
0.924641
0.771398
0.151223
0.330158
0.092294
0.612394
0.665982
0.592377
0.022475
0.734478
0.112675
0.55393
0.455174
0.450196
0.983549
0.07846
0.528541
0.573233
0.543082
0.35583
0.056948
0.745389
0.427273
0.691397
0.359216
0.332273
0.244826
0.271013
0.616546
0.73424
0.412856
0.416858
0.568346
0.355092
0.531782
0.021642
0.648874
0.265743
0.756571
0.505971
0.052169
0.783553
0.022487
0.403129
0.500043
0.742618
0.559116
0.929502
0.17065
0.2789
0.713968
0.623191
0.324242
0.895261
0.104124
0.775983
0.019509
0.787333
0.282805
0.98253
0.406459
0.59961
0.716405
0.411824
0.760313
0.436338
0.141077
0.716701
0.018089
0.050816
0.698236
0.350153
0.552669
0.969679
0.64683
0.868104
0.965291
0.988647
0.303427
0.61484
0.863941
0.459012
0.791763
0.329074
0.89371
0.565084
0.408732
0.858567
0.965633
0.900725
0.546407
0.164735
0.659008
0.53604
0.390787
0.533868
0.029049
0.563722
0.705358
0.54125
0.14673
0.621423
0.70758
0.022695
0.399633
0.356282
0.049665
0.847688
0.288871
0.521977
0.620352
0.81835
0.07042
0.141297
0.135821
0.566407
0.992465
0.059846
0.943158
0.312279
0.104666
0.960728
0.760392
0.952788
0.391939
0.733263
0.492802
0.604364
0.2468
0.440111
0.125755
0.518201
0.924503
0.670642
0.493381
0.462149
0.695003
0.170181
0.862677
0.184673
0.299205
0.292312
0.79684
0.256845
0.897279
0.226091
0.657401
0.960538
0.618563
0.063473
0.05701
0.205812
0.864594
0.582079
0.671979
0.368679
0.295107
0.057644
0.186636
0.967652
0.389363
0.081666
0.837048
0.607936
0.25824
0.847229
0.498038
0.058343
0.991534
0.392715
0.178408
0.685945
0.680279
0.121197
0.837198
0.554213
0.236132
0.54132
0.969772
0.574752
0.434693
0.718025
0.542294
0.833389
0.842277
0.866304
0.596739
0.676147
0.411636
0.380432
0.335574
0.937241
0.95538
0.551098
0.099868
0.324387
0.540846
0.463418
0.748687
0.54626
0.927861
0.257218
0.312278
0.319281
0.630942
0.036375
0.493018
0.959432
0.475138
0.946104
0.60029
0.122942
0.717672
0.266419
0.049337
0.396176
0.163847
0.088141
0.502717
0.347723
0.960667
0.357247
0.549306
0.199879
0.291181
0.119075
0.523261
0.427061
0.702312
0.819311
0.418254
0.911246
0.854482
0.845084
0.418984
0.17652
0.141145
0.719395
0.434146
0.37008
0.265932
0.194661
0.250779
0.999554
0.123225
0.240705
0.42932
0.360788
0.327185
0.003985
0.372085
0.152977
0.067628
0.833611
0.75455
0.741292
0.34816
0.300104
0.186258
0.127466
0.289274
0.095439
0.262962
0.804472
0.21721
0.738348
0.310918
0.108599
0.795998
0.6556
0.055447
0.159344
0.055949
0.37299
0.158658
0.45551
0.13637
0.318131
0.465237
0.94415
0.628276
0.823354
0.391989
0.112313
0.240498
0.663585
0.539653
0.897835
0.380041
0.704022
0.992459
0.861271
0.846726
0.673621
0.518753
0.119791
0.9188
0.831538
0.422764
0.56832
0.736415
0.98928
0.891739
0.256347
0.626754
0.375702
0.946286
0.992471
0.531305
0.185831
0.540254
0.039247
0.413254
0.95741
0.880197
0.841954
0.895428
0.590686
0.020381
0.997754
0.456745
0.696891
0.731665
0.662105
0.774145
0.534826
0.559362
0.127529
0.031873
0.911986
0.221319
0.702552
0.129444
0.013106
0.794584
0.902285
0.646886
0.374532
0.939142
0.288502
0.430052
0.871497
0.575242
0.209362
0.028732
0.214369
0.574737
0.72464
0.459381
0.61278
0.889077
0.091645
0.522753
0.460569
0.146859
0.281592
0.051848
0.133141
0.256145
0.525562
0.145065
0.698034
0.288627
0.919188
0.72559
0.380875
0.133588
0.844296
0.157197
0.355174
0.431095
0.000486
0.403915
0.424798
0.840459
0.910126
0.5614
0.78791
0.51394
0.414991
0.062901
0.053673
0.459754
0.35763
0.717678
0.60512
0.241759
0.550517
0.464561
0.537512
0.048967
0.914602
0.380637
0.27922
0.016097
0.546957
0.766067
0.326271
0.401524
0.952784
0.224348
0.96991
0.690613
0.988541
0.947906
0.380064
0.954289
0.30018
0.527164
0.489872
0.536747
0.729229
0.532888
0.774604
0.167127
0.929347
0.653402
0.399173
0.164684
0.186408
0.357796
0.217961
0.371095
0.015446
0.063058
0.38157
0.347308
0.584333
0.03417
0.909698
0.36951
0.069173
0.915142
0.120064
0.231237
0.450806
0.926584
0.932528
0.161359
0.503232
0.36228
0.922571
0.224031
0.431068
0.186119
0.794775
0.354597
0.615293
0.28675
0.666794
0.295841
0.779331
0.989431
0.814127
0.757512
0.207916
0.853826
0.679535
0.196295
0.21257
0.903578
0.320533
0.898728
0.426795
0.819946
0.739312
0.038236
0.216002
0.026903
0.593559
0.202964
0.035527
0.10322
0.50509
0.528332
0.425131
0.557212
0.615244
0.555002
0.364707
0.136676
0.572551
0.555035
0.545543
0.349262
0.4819
0.946123
0.405062
0.611624
0.028691
0.748743
0.533228
0.951626
0.874962
0.692612
0.234642
0.243622
0.622707
0.826954
0.07055
0.070561
0.492083
0.724016
0.292122
0.668639
0.112205
0.023146
0.752999
0.579676
0.08059
0.436468
0.320491
0.271215
0.765438
0.662941
0.35276
0.310747
0.33543
0.53765
0.38948
0.626021
0.16243
0.965993
0.501653
0.011547
0.392526
0.481536
0.123353
0.600481
0.026099
0.383979
0.260095
0.516599
0.087771
0.176652
0.216292
0.414518
0.774754
0.523339
0.539394
0.935953
0.206424
0.040557
0.714548
0.382973
0.280302
0.618077
0.172652
0.240135
0.500391
0.671869
0.274663
0.961251
0.493079
0.923865
0.867683
0.50986
0.288238
0.800502
0.051561
0.200636
0.122091
0.678728
0.886595
0.944779
0.221298
0.30372
0.220841
0.295913
0.99452
0.166978
0.296751
0.554223
0.899879
0.387756
0.661742
0.010499
0.329114
0.324199
0.401304
0.750202
0.937532
0.935594
0.707204
0.169908
0.721883
0.430419
0.627181
0.857322
0.775737
0.677416
0.391336
0.57348
0.520316
0.775934
0.885773
0.107633
0.168962
0.647952
0.172047
0.792258
0.550595
0.445943
0.102772
0.057645
0.632698
0.980897
0.560746
0.0897
0.627629
0.07949
0.579855
0.140994
0.812421
0.354156
0.451811
0.27108
0.561735
0.055589
0.94746
0.256673
0.10494
0.824206
0.785965
0.639819
0.991811
0.089475
0.35744
0.577084
0.417576
0.964388
0.94357
0.512196
0.024551
0.057431
0.967913
0.047138
0.608281
0.15892
0.677322
0.983881
0.030652
0.329021
0.280967
0.470537
0.755893
0.938794
0.756415
0.446513
0.464888
0.40834
0.48371
0.968188
0.143639
0.142109
0.897189
0.643356
0.641302
0.049008
0.77307
0.588523
0.466311
0.839963
0.28692
0.217909
0.647454
0.140674
0.491969
0.991537
0.803085
0.210394
0.464486
0.134829
0.963013
0.774866
0.810634
0.452896
0.969041
0.740674
0.141573
0.717294
0.577319
0.849039
0.668472
0.850415
0.067148
0.302356
0.520936
0.541045
0.832557
0.977435
0.690993
0.726132
0.246997
0.187375
0.769074
0.426562
0.453278
0.675273
0.245493
0.181675
0.738747
0.214957
0.907749
0.08422
0.713028
0.451381
0.34598
0.809204
0.581363
0.119774
0.472428
0.498198
0.366822
0.740154
0.671085
0.621694
0.999409
0.756227
0.205974
0.898095
0.138562
0.749499
0.088739
0.754323
0.233708
0.473398
0.448834
0.097533
0.816953
0.388941
0.996681
0.283462
0.742971
0.845952
0.848502
0.908766
0.077586
0.225432
0.780249
0.665594
0.864419
0.026732
0.268888
0.853409
0.105138
0.715488
0.479023
0.259763
0.536322
0.810329
0.606903
0.719517
0.272023
0.377952
0.006331
0.683271
0.601624
0.154534
0.607333
0.381899
0.906988
0.692089
0.816156
0.706907
0.009041
0.529501
0.644037
0.14168
0.312292
0.578528
0.116493
0.025107
0.279895
0.265129
0.167437
0.133697
0.348644
0.419005
0.786665
0.977988
0.810999
0.118016
0.329981
0.626385
0.589314
0.734853
0.05537
0.429251
0.94746
0.854554
0.045883
0.425597
0.686371
0.05414
0.986312
0.836619
0.737604
0.123419
0.043395
0.451458
0.38699
0.148792
0.211522
0.221841
0.82056
0.823582
0.013203
0.229863
0.807357
0.842608
0.557293
0.324293
0.188738
0.708926
0.156891
0.569288
0.318703
0.612639
0.186513
0.563222
0.600257
0.733668
0.031575
0.529055
0.988608
0.623268
0.10893
0.184983
0.813441
0.219609
0.202362
0.633478
0.436356
0.445174
0.643295
0.525097
0.759736
0.392332
0.163335
0.787842
0.986932
0.668237
0.137602
0.903252
0.779391
0.429323
0.713791
0.227784
0.330045
0.860082
0.102644
0.618783
0.68134
0.363674
0.48395
0.706013
0.31393
0.105019
0.58162
0.594826
0.57848
0.654042
0.432937
0.025249
0.33688
0.189159
0.308577
0.402904
0.415357
0.572447
0.600921
0.582576
0.230072
0.975742
0.440432
0.632072
0.523327
0.799986
0.11915
0.400553
0.6012
0.692343
0.095225
0.968366
0.069596
0.766335
0.874679
0.11199
0.14027
0.2982
0.076696
0.062667
0.097527
0.923484
0.792473
0.745582
0.794339
0.782466
0.434797
0.583698
0.077755
0.151
0.037398
0.844044
0.358569
0.081468
0.548837
0.842068
0.255603
0.253097
0.406466
0.290441
0.082056
0.228614
0.282731
0.76601
0.52939
0.912412
0.009783
0.847087
0.333893
0.538391
0.837844
0.808699
0.658239
0.484238
0.436801
0.793001
0.414299
0.976399
0.586985
0.528122
0.323938
0.128604
0.182061
0.87901
0.811895
0.780769
0.170328
0.082772
0.670286
0.400934
0.568859
0.345367
0.408046
0.028554
0.23415
0.510525
0.984679
0.068855
0.901854
0.878191
0.605513
0.55187
0.706018
0.293366
0.511177
0.157075
0.860509
0.443601
0.348317
0.263425
0.851063
0.546907
0.663418
0.292754
0.165076
0.054635
0.233091
0.266677
0.940732
0.436261
0.80031
0.379709
0.145353
0.657623
0.971883
0.091032
0.359744
0.096294
0.189511
0.579442
0.502958
0.858301
0.934817
0.701517
0.108972
0.357506
0.884603
0.357263
0.056449
0.007701
0.451514
0.483482
0.475721
0.679916
0.668033
0.221861
0.547801
0.047155
0.6445
0.727621
0.600636
0.905665
0.720616
0.915729
0.500951
0.117483
0.658261
0.791188
0.272612
0.601797
0.853776
0.796367
0.956239
0.372971
0.034791
0.502164
0.383453
0.798128
0.852706
0.325122
0.863911
0.836766
0.35111
0.421991
0.723605
0.994599
0.362739
0.169829
0.552745
0.46106
0.523843
0.772347
0.569403
0.971874
0.153522
0.796196
0.968593
0.148021
0.366957
0.321353
0.857918
0.350581
0.554072
0.495462
0.302015
0.3893
0.837146
0.726479
0.282846
0.327468
0.513536
0.420155
0.225787
0.754192
0.322049
0.935787
0.526667
0.187936
0.194986
0.946412
0.178584
0.478402
0.262545
0.792002
0.028228
0.979496
0.082136
0.860366
0.018935
0.849665
0.57255
0.579414
0.123696
0.572736
0.441225
0.910454
0.666111
0.313637
0.13956
0.230849
0.334062
0.120307
0.290801
0.739777
0.291249
0.753518
0.905859
0.931654
0.457789
0.535742
0.138931
0.834477
0.611618
0.19393
0.622938
0.350782
0.943591
0.910787
0.314813
0.0675
0.261647
0.254662
0.189886
0.743669
0.262279
0.822884
0.104979
0.714387
0.522955
0.528788
0.457852
0.260143
0.113709
0.270086
0.090658
0.485968
0.881176
0.139681
0.014542
0.192597
0.239114
0.982481
0.881949
0.708846
0.851688
0.726367
0.832103
0.547668
0.126969
0.902212
0.315961
0.584259
0.418022
0.037034
0.423499
0.14149
0.215508
0.17966
0.121294
0.965031
0.052703
0.829092
0.677488
0.485633
0.147529
0.320476
0.941287
0.728156
0.973296
0.189264
0.281813
0.680579
0.620211
0.896442
0.132303
0.080332
0.696991
0.731225
0.103009
0.381076
0.692836
0.295112
0.309512
0.035387
0.657643
0.101457
0.143673
0.679781
0.250015
0.874389
0.414741
0.713457
0.745401
0.027154
0.769834
0.257593
0.472221
0.486822
0.950445
0.404784
0.215644
0.487512
0.307152
0.517795
0.957458
0.471959
0.25212
0.003367
0.857937
0.337209
0.352779
0.563354
0.265734
0.463597
0.491426
0.176655
0.967166
0.443224
0.973145
0.132075
0.182568
0.306025
0.428292
0.686052
0.161555
0.59632
0.891798
0.547568
0.812375
0.361163
0.532636
0.4039
0.973326
0.1533
0.007555
0.931381
0.234486
0.33985
0.473466
0.74451
0.77125
0.050806
0.12439
0.728988
0.159932
0.258008
0.506041
0.080459
0.014113
0.685251
0.062162
0.550957
0.027193
0.010647
0.827098
0.633578
0.309108
0.814064
0.642138
0.033913
0.741969
0.917991
0.032515
0.533682
0.817864
0.05122
0.041677
0.671987
0.53393
0.433045
0.109171
0.90698
0.641619
0.677572
0.069982
0.976959
0.231865
0.822167
0.862669
0.053943
0.675252
0.501083
0.998429
0.021931
0.577505
0.430655
0.103688
0.413612
0.93994
0.274871
0.345302
0.836887
0.356132
0.971391
0.124729
0.278851
0.876693
0.326857
0.06637
0.083952
0.105608
0.228429
0.047424
0.742868
0.393641
0.970796
0.636082
0.294179
0.014458
0.156865
0.936023
0.928473
0.342479
0.126375
0.620282
0.485425
0.427099
0.887728
0.711628
0.491159
0.011284
0.093876
0.355768
0.30856
0.335152
0.024246
0.587524
0.446889
0.932177
0.066592
0.414359
0.048708
0.357583
0.125451
0.319091
0.927281
0.82153
0.665437
0.494286
0.794106
0.224761
0.538803
0.44777
0.283414
0.647768
0.576264
0.788623
0.77193
0.631218
0.432779
0.943782
0.859422
0.494809
0.965996
0.496159
0.792539
0.205819
0.779025
0.902166
0.115859
0.127822
0.400944
0.447826
0.806818
0.303996
0.939113
0.173862
0.865778
0.918197
0.431568
0.463058
0.929466
0.642198
0.117372
0.56098
0.103959
0.838983
0.9955
0.214436
0.506268
0.578372
0.334744
0.850672
0.047775
0.179523
0.243274
0.660282
0.934777
0.131696
0.472243
0.827777
0.533953
0.861471
0.748122
0.208536
0.532945
0.779959
0.198581
0.646279
0.68077
0.314066
0.441963
0.783588
0.456072
0.945193
0.178534
0.958223
0.81957
0.194041
0.153556
0.056861
0.648955
0.216031
0.790858
0.746616
0.984967
0.656877
0.56877
0.758704
0.932024
0.53002
0.493306
0.879215
0.938433
0.651049
0.282794
0.864049
0.04065
0.273022
0.889771
0.869106
0.206939
0.592062
0.551967
0.633073
0.083507
0.44073
0.138887
0.06062
0.122328
0.663651
0.741945
0.205017
0.905894
0.682442
0.431709
0.085987
0.788413
0.882284
0.00484
0.143341
0.876072
0.122142
0.613798
0.602878
0.729124
0.821365
0.355429
0.782661
0.867979
0.76405
0.977434
0.657565
0.997245
0.774929
0.734908
0.45286
0.287113
0.216511
0.78954
0.159234
0.745199
0.294134
0.754215
0.978012
0.834526
0.005314
0.191221
0.327802
0.314477
0.743179
0.659975
0.718325
0.155507
0.048403
0.055169
0.341551
0.90784
0.94693
0.083515
0.286991
0.002301
0.381397
0.672717
0.173402
0.832224
0.837782
0.202868
0.217265
0.733338
0.056006
0.297228
0.049542
0.737401
0.351574
0.128637
0.070344
0.225835
0.439815
0.710804
0.537233
0.544173
0.7415
0.964083
0.707533
0.498025
0.38819
0.596411
0.600813
0.241436
0.520752
0.063267
0.771923
0.149608
0.811252
0.49918
0.728166
0.340217
0.220494
0.822871
0.262079
0.542829
0.623167
0.363361
0.528868
0.87212
0.055032
0.502014
0.572464
0.529552
0.620215
0.120808
0.110621
0.637852
0.325746
0.182932
0.25052
0.605753
0.918209
0.592001
0.633001
0.902681
0.007097
0.122343
0.345262
0.031023
0.638795
0.435309
0.041101
0.867839
0.943659
0.339431
0.030071
0.13968
0.579146
0.766665
0.120023
0.936398
0.503307
0.56065
0.299779
0.896411
0.987303
0.612382
0.198445
0.400442
0.491607
0.082906
0.432722
0.418769
0.646636
0.723516
0.498356
0.431747
0.51278
0.994425
0.686585
0.396163
0.946977
0.087677
0.256116
0.354146
0.088745
0.277299
0.524187
0.331289
0.152084
0.651486
0.078514
0.21778
0.791973
0.501471
0.203203
0.364204
0.403018
0.610903
0.012978
0.690123
0.333384
0.463541
0.907629
0.932219
0.095498
0.096686
0.317993
0.979431
0.880492
0.091271
0.224986
0.340667
0.368204
0.468768
0.140048
0.814557
0.04508
0.256057
0.997551
0.778008
0.834017
0.986507
0.382881
0.854041
0.645195
0.066893
0.483957
0.919021
0.208422
0.725386
0.970296
0.68295
0.844116
0.633931
0.956646
0.772871
0.080729
0.256021
0.50434
0.651431
0.85112
0.426234
0.261041
0.682
0.639504
0.330604
0.579487
0.604555
0.214412
0.783607
0.225732
0.312668
0.278769
0.705893
0.496081
0.475147
0.963408
0.669472
0.099753
0.499865
0.830927
0.054368
0.866285
0.04324
0.213107
0.950428
0.280006
0.336284
0.58401
0.510946
0.172338
0.708533
0.374473
0.398948
0.971828
0.063666
0.431607
0.707036
0.372242
0.070775
0.771416
0.461094
0.02265
0.271145
0.691705
0.749429
0.743638
0.758755
0.103822
0.548386
0.289425
0.97755
0.238254
0.654115
0.755844
0.188629
0.229491
0.990554
0.87766
0.136985
0.320612
0.869571
0.879575
0.929226
0.005092
0.105818
0.537661
0.602315
0.149527
0.891362
0.22161
0.160212
0.278447
0.666434
0.85415
0.009659
0.536607
0.859438
0.150732
0.608187
0.401492
0.287092
0.056413
0.173594
0.657578
0.447067
0.476528
0.917587
0.463961
0.609618
0.283732
0.984526
0.317143
0.528964
0.967005
0.440603
0.45492
0.77405
0.265347
0.177192
0.794471
0.894997
0.204531
0.349251
0.472177
0.87255
0.781959
0.474991
0.521212
0.041513
0.108421
0.516252
0.641837
0.401929
0.837093
0.019974
0.130842
0.254676
0.362667
0.04905
0.757006
0.225445
0.912528
0.320203
0.24765
0.915986
0.002137
0.746443
0.020669
0.729493
0.833536
0.35194
0.328066
0.717227
0.001573
0.072488
0.348433
0.024952
0.467477
0.28406
0.971069
0.251621
0.427941
0.459876
0.054931
0.719541
0.292059
0.792063
0.866151
0.094256
0.592726
0.849697
0.311829
0.818005
0.122212
0.746699
0.04654
0.977277
0.259772
0.718901
0.238089
0.214121
0.490993
0.557952
0.81371
0.456073
0.590253
0.77001
0.932164
0.150683
0.535703
0.6072
0.631965
0.412085
0.213171
0.574034
0.774661
0.011126
0.100406
0.358045
0.63509
0.797291
0.910456
0.845497
0.117826
0.565747
0.758038
0.172877
0.939916
0.139501
0.578704
0.835826
0.644631
0.643387
0.29841
0.85072
0.37208
0.797951
0.675077
0.285631
0.397335
0.006878
0.659955
0.648354
0.253978
0.290509
0.255788
0.184621
0.44115
0.077679
0.622382
0.369176
0.077945
0.909621
0.368997
0.28059
0.517291
0.581308
0.889437
0.600806
0.639851
0.351553
0.007248
0.692481
0.066196
0.20386
0.751077
0.471695
0.444455
0.702088
0.532335
0.391103
0.040794
0.755117
0.430877
0.445126
0.75172
0.297549
0.385954
0.800965
0.737828
0.611676
0.811311
0.59654
0.312471
0.122232
0.0145
0.165416
0.03515
0.885027
0.874563
0.134267
0.753008
0.137918
0.328512
0.486494
0.861246
0.191765
0.410428
0.353441
0.632569
0.946123
0.525652
0.479541
0.921675
0.057363
0.592219
0.405044
0.782957
0.818876
0.807607
0.125622
0.798717
0.88777
0.742334
0.581061
0.316599
0.622323
0.125158
0.305871
0.448364
0.234185
0.334205
0.811865
0.22709
0.083255
0.820505
0.792156
0.439236
0.458706
0.970158
0.880739
0.525791
0.051227
0.305311
0.849104
0.053836
0.998401
0.690318
0.988191
0.055971
0.931352
0.166913
0.200476
0.202919
0.558084
0.822267
0.339066
0.338645
0.781655
0.247611
0.13838
0.255905
0.040156
0.475791
0.965268
0.413092
0.398928
0.919438
0.735313
0.068105
0.300124
0.495941
0.833583
0.9407
0.938833
0.765157
0.771196
0.248407
0.76284
0.812829
0.061012
0.247339
0.825409
0.031668
0.161377
0.797275
0.269234
0.747016
0.034095
0.031322
0.394825
0.096295
0.627548
0.313517
0.27276
0.801104
0.853579
0.575903
0.417748
0.920562
0.271963
0.050471
0.30526
0.097423
0.25992
0.849708
0.410538
0.426717
0.697986
0.667437
0.445711
0.137172
0.994174
0.664751
0.596648
0.632348
0.304512
0.625975
0.679132
0.777234
0.941275
0.334829
0.191472
0.834702
0.513358
0.724583
0.668996
0.661902
0.895828
0.020754
0.826266
0.277685
0.29718
0.94206
0.228801
0.847494
0.656344
0.794489
0.604176
0.625307
0.042228
0.005097
0.48543
0.666987
0.015887
0.127448
0.521573
0.749144
0.020426
0.357889
0.07649
0.918516
0.419474
0.48273
0.678703
0.063483
0.213735
0.311943
0.929806
0.750153
0.431437
0.345526
0.647567
0.195756
0.648476
0.985823
0.88666
0.821848
0.029274
0.924654
0.742355
0.874219
0.571988
0.893942
0.331926
0.040531
0.879181
0.674622
0.50979
0.493539
0.807502
0.083608
0.53916
0.554696
0.224999
0.578578
0.74366
0.373296
0.190415
0.434673
0.591786
0.327139
0.597395
0.956434
0.925687
0.764389
0.557402
0.565971
0.665013
0.649047
0.786743
0.868014
0.690044
0.995816
0.345717
0.535024
0.574766
0.99164
0.622826
0.687007
0.178274
0.638876
0.829343
0.463213
0.386416
0.39674
0.072855
0.885712
0.670086
0.085473
0.788869
0.244932
0.107401
0.190311
0.762911
0.571542
0.082894
0.436929
0.188993
0.751803
0.760587
0.404463
0.163776
0.223062
0.075833
0.203172
0.837557
0.749355
0.99847
0.338613
0.322068
0.990923
0.618195
0.548731
0.797871
0.259963
0.184331
0.573713
0.819927
0.663092
0.139748
0.877529
0.09585
0.183946
0.501079
0.210258
0.530482
0.522017
0.804553
0.467432
0.516962
0.546094
0.406989
0.489855
0.592563
0.301083
0.085012
0.837918
0.013495
0.011693
0.878706
0.707593
0.549175
0.926551
0.449845
0.270369
0.499425
0.362493
0.6378
0.395327
0.547324
0.776319
0.077791
0.644185
0.879069
0.316953
0.484971
0.858568
0.821884
0.546015
0.766849
0.01178
0.614361
0.673744
0.915726
0.49809
0.507096
0.130454
0.959837
0.34784
0.608788
0.290557
0.389405
0.385142
0.193617
0.925335
0.599099
0.455399
0.627565
0.829458
0.404724
0.07139
0.390412
0.255494
0.052218
0.557408
0.939821
0.81786
0.159833
0.384025
0.638125
0.228988
0.74049
0.249986
0.749838
0.190042
0.615619
0.285812
0.062586
0.653202
0.070386
0.137195
0.770315
0.735094
0.650244
0.323661
0.952808
0.009584
0.270506
0.07283
0.304565
0.309561
0.770016
0.959061
0.204539
0.556328
0.021529
0.431645
0.348224
0.296259
0.991855
0.388876
0.62563
0.718501
0.437805
0.151684
0.437277
0.564572
0.591047
0.601127
0.023838
0.879699
0.567201
0.783651
0.578504
0.135787
0.847622
0.920546
0.051265
0.901305
0.018163
0.559549
0.048169
0.590209
0.26104
0.995088
0.505793
0.334886
0.615441
0.015875
0.312753
0.272657
0.935146
0.958421
0.314082
0.601016
0.283729
0.639149
0.275232
0.912771
0.856006
0.317755
0.184328
0.42503
0.140771
0.515965
0.185289
0.621403
0.042559
0.057595
0.864815
0.915145
0.634296
0.113683
0.428538
0.617395
0.792088
0.94685
0.417678
0.313217
0.863286
0.839007
0.868375
0.331566
0.461178
0.009258
0.556101
0.891684
0.416887
0.643982
0.294513
0.516607
0.278842
0.629205
0.80786
0.681359
0.526937
0.926524
0.704911
0.225283
0.858728
0.842815
0.298638
0.671754
0.358063
0.772864
0.904794
0.873216
0.539309
0.835538
0.947376
0.948065
0.306946
0.12743
0.905068
0.935865
0.685055
0.511885
0.07182
0.753029
0.488087
0.711154
0.081688
0.654286
0.242447
0.695703
0.842998
0.341545
0.041049
0.209076
0.940211
0.158546
0.620415
0.230487
0.917734
0.715385
0.220383
0.292806
0.137363
0.098674
0.743078
0.901963
0.483817
0.986012
0.61208
0.24008
0.740075
0.142797
0.266732
0.770189
0.706634
0.787393
0.119727
0.021559
0.617831
0.881161
0.116466
0.114376
0.724913
0.927544
0.172422
0.661781
0.353773
0.124195
0.586763
0.452101
0.343434
0.22593
0.259863
0.052966
0.945852
0.680311
0.408239
0.113544
0.440424
0.011101
0.506197
0.122534
0.053461
0.642238
0.309105
0.819461
0.356975
0.347856
0.808003
0.113386
0.931869
0.268759
0.493534
0.602249
0.047718
0.035674
0.864907
0.147454
0.260958
0.464174
0.355569
0.499215
0.604994
0.580586
0.59374
0.590418
0.762341
0.703503
0.573433
0.907633
0.364279
0.710503
0.737733
0.435125
0.339696
0.534676
0.649147
0.623219
0.366576
0.885257
0.952042
0.999078
0.476478
0.444575
0.167889
0.064627
0.71233
0.476957
0.530968
0.336955
0.718766
0.880467
0.066289
0.542343
0.407119
0.140763
0.256185
0.241479
0.481345
0.357301
0.249914
0.605892
0.96197
0.114774
0.6631
0.27867
0.125532
0.448827
0.912943
0.065656
0.430444
0.760167
0.129027
0.945795
0.310655
0.476801
0.308785
0.444877
0.107371
0.828928
0.710852
0.312921
0.586386
0.292534
0.085708
0.993204
0.67288
0.147996
0.805359
0.256325
0.605472
0.906188
0.432412
0.193318
0.763719
0.425106
0.659559
0.735259
0.325163
0.2238
0.601856
0.839002
0.482809
0.018868
0.699775
0.208709
0.929241
0.733554
0.871194
0.234009
0.526653
0.0115
0.65329
0.342714
0.870728
0.353242
0.984422
0.983851
0.792845
0.440583
0.674208
0.771576
0.279281
0.19134
0.986521
0.809327
0.437258
0.458199
0.04038
0.135344
0.288093
0.838335
0.815161
0.222504
0.951756
0.278396
0.587187
0.116843
0.107402
0.494698
0.123883
0.052874
0.015229
0.594538
0.631978
0.126261
0.376119
0.22468
0.793773
0.671952
0.179967
0.557439
0.785442
0.646692
0.42785
0.073937
0.487672
0.504872
0.416121
0.725421
0.943572
0.929087
0.375438
0.986347
0.167419
0.84709
0.478428
0.345766
0.290039
0.54851
0.928229
0.572501
0.217453
0.927538
0.686715
0.058044
0.329249
0.017024
0.234855
0.215721
0.788177
0.006054
0.173579
0.355639
0.438541
0.772803
0.314519
0.561545
0.1371
0.428606
0.588881
0.892053
0.682438
0.013876
0.577701
0.559405
0.866118
0.421324
0.21329
0.973599
0.715035
0.232467
0.169326
0.839782
0.736895
0.784351
0.492291
0.484973
0.540658
0.138593
0.15814
0.212202
0.852624
0.764751
0.282917
0.752634
0.51922
0.182564
0.272045
0.798218
0.785804
0.348627
0.134127
0.142275
0.934179
0.511768
0.781001
0.945511
0.732493
0.794375
0.271939
0.719734
0.693726
0.58242
0.542749
0.283776
0.819639
0.098126
0.369421
0.163594
0.73644
0.431961
0.007476
0.604935
0.75317
0.351647
0.076158
0.538642
0.301018
0.496674
0.122631
0.275598
0.304024
0.196544
0.527169
0.276465
0.982912
0.182742
0.226066
0.992826
0.791317
0.380651
0.120384
0.364745
0.640669
0.721621
0.708616
0.584376
0.844192
0.998584
0.017898
0.529269
0.644114
0.872906
0.055593
0.280109
0.867573
0.341313
0.000697
0.538057
0.541045
0.549979
0.062914
0.420793
0.894673
0.729437
0.399366
0.557288
0.754135
0.538453
0.182935
0.200013
0.748152
0.428729
0.966219
0.120602
0.064715
0.606307
0.721734
0.020538
0.556259
0.42261
0.059585
0.501025
0.489124
0.947027
0.567087
0.90408
0.565321
0.94264
0.704767
0.287476
0.064882
0.698241
0.577739
0.551134
0.867137
0.554369
0.62933
0.034302
0.565625
0.190484
0.786599
0.373296
0.734973
0.378852
0.296197
0.476613
0.361335
0.322449
0.016724
0.66896
0.853576
0.540177
0.592983
0.467343
0.302285
0.806701
0.500686
0.259674
0.901102
0.347294
0.675371
0.191717
0.559156
0.837838
0.271504
0.373928
0.868851
0.759888
0.934916
0.403115
0.103103
0.633446
0.692866
0.746602
0.407187
0.244777
0.602453
0.93145
0.38483
0.035559
0.356763
0.607179
0.909347
0.492134
0.053025
0.826149
0.604804
0.671366
0.246178
0.570057
0.332129
0.234226
0.777329
0.156994
0.456654
0.807416
0.331274
0.799007
0.297527
0.411621
0.658937
0.10674
0.091252
0.412601
0.07483
0.135994
0.421
0.499657
0.872436
0.269515
0.261383
0.909399
0.989007
0.203184
0.541353
0.323548
0.207111
0.864547
0.450485
0.202199
0.239514
0.232521
0.642465
0.550212
0.132751
0.974261
0.234241
0.66812
0.717011
0.940399
0.245075
0.798811
0.166429
0.59045
0.24788
0.14324
0.884155
0.120726
0.499593
0.624074
0.085722
0.885434
0.600644
0.476002
0.486217
0.240265
0.561064
0.948712
0.745154
0.097187
0.726291
0.018621
0.298015
0.393761
0.117055
0.900676
0.349457
0.735222
0.488298
0.604954
0.769878
0.229347
0.544805
0.025037
0.114864
0.192202
0.100757
0.70603
0.890017
0.7683
0.365681
0.593523
0.835168
0.187063
0.285893
0.782789
0.190738
0.674533
0.919886
0.671054
0.265449
0.579459
0.62015
0.665459
0.227577
0.969575
0.759052
0.465296
0.180257
0.091075
0.893682
0.683947
0.956926
0.526166
0.200017
0.309575
0.891916
0.928073
0.150268
0.129324
0.771827
0.271774
0.66159
0.350359
0.510364
0.971043
0.946732
0.035894
0.449884
0.621021
0.436075
0.120065
0.944273
0.862236
0.451578
0.838862
0.602659
0.713773
0.543525
0.096991
0.852617
0.16139
0.781818
0.328709
0.123744
0.93022
0.750407
0.985227
0.145286
0.508205
0.630416
0.047199
0.556758
0.173729
0.291982
0.591877
0.030356
0.661569
0.477233
0.288081
0.213946
0.717531
0.960751
0.448315
0.605276
0.088826
0.831709
0.622745
0.596506
0.98312
0.939861
0.562405
0.412856
0.905437
0.850395
0.013748
0.498884
0.096368
0.147623
0.362789
0.205039
0.691993
0.571859
0.124391
0.332694
0.706077
0.310795
0.461438
0.614954
0.627808
0.740457
0.411281
0.13913
0.324057
0.763264
0.539752
0.439687
0.647266
0.451755
0.400703
0.511994
0.276884
0.380256
0.412506
0.804287
0.194092
0.136459
0.512686
0.415331
0.821778
0.802214
0.686838
0.574286
0.724774
0.374728
0.743809
0.47926
0.977118
0.374687
0.896207
0.429088
0.084329
0.099228
0.490421
0.697364
0.567673
0.750402
0.073595
0.005832
0.704544
0.585694
0.348745
0.011954
0.040778
0.69293
0.902372
0.047263
0.901063
0.838564
0.70458
0.531125
0.699746
0.149506
0.582353
0.13887
0.884462
0.721627
0.927608
0.395142
0.655681
0.863142
0.448944
0.174691
0.469324
0.663704
0.227613
0.639847
0.41702
0.900377
0.866542
0.838962
0.560057
0.849776
0.155889
0.174506
0.480519
0.824378
0.258392
0.483458
0.075995
0.355384
0.690497
0.092545
0.593067
0.612979
0.607404
0.219797
0.714554
0.124122
0.482683
0.194145
0.151476
0.599182
0.737832
0.770367
0.202126
0.116383
0.450494
0.804782
0.157239
0.504314
0.265144
0.325439
0.423256
0.425676
0.171395
0.512505
0.067983
0.840847
0.423989
0.904269
0.364324
0.578665
0.699085
0.923868
0.093314
0.054046
0.853832
0.287687
0.448283
0.60767
0.120419
0.581178
0.719351
0.599224
0.621945
0.085861
0.413026
0.303496
0.871263
0.568617
0.218259
0.757296
0.155435
0.85027
0.774854
0.791242
0.264836
0.56148
0.385924
0.912066
0.086451
0.031996
0.862282
0.907554
0.396801
0.209156
0.091549
0.29395
0.651847
0.643818
0.671749
0.739488
0.749174
0.889673
0.321243
0.303677
0.657654
0.244429
0.698835
0.389401
0.083608
0.208463
0.895056
0.369362
0.12616
0.793682
0.999391
0.311259
0.090629
0.608485
0.672923
0.446612
0.934013
0.138668
0.394593
0.669947
0.490075
0.940282
0.158421
0.075508
0.727722
0.140456
0.846007
0.516743
0.468703
0.889026
0.140958
0.026206
0.108939
0.42533
0.643533
0.039502
0.910049
0.520323
0.703166
0.698778
0.205005
0.599869
0.93129
0.238383
0.47882
0.948131
0.535108
0.769119
0.311754
0.914617
0.617734
0.488054
0.371488
0.268466
0.705756
0.712053
0.499508
0.695303
0.625389
0.231114
0.518682
0.730619
0.972418
0.647242
0.439265
0.280435
0.482873
0.943253
0.667817
0.760055
0.360182
0.891484
0.891751
0.611088
0.724651
0.74244
0.17052
0.270092
0.012669
0.206957
6e-05
0.962544
0.847267
0.291851
0.514246
0.524318
0.715146
0.313995
0.849362
0.152932
0.104923
0.322976
0.616813
0.959209
0.384186
0.688339
0.593102
0.225187
0.257899
0.789056
0.201263
0.656124
0.551154
0.51521
0.449878
0.653384
0.415825
0.736983
0.779282
0.551329
0.265917
0.988562
0.771811
0.896891
0.809084
0.37978
0.769325
0.119977
0.501796
0.237803
0.22006
0.36983
0.375197
0.890674
0.637053
0.376407
0.660452
0.849107
0.086549
0.314276
0.504563
0.280242
0.236729
0.086752
0.262952
0.371181
0.207781
0.550697
0.280382
0.204667
0.124496
0.049912
0.469726
0.191122
0.500372
0.374317
0.297422
0.171728
0.843902
0.793078
0.420713
0.808049
0.944137
0.698415
0.378151
0.13618
0.648683
0.68109
0.778167
0.412028
0.852554
0.420317
0.413798
0.110793
0.792662
0.050471
0.441761
0.217837
0.322585
0.948538
0.36992
0.086857
0.335402
0.464168
0.661037
0.371523
0.918965
0.240187
0.032279
0.997832
0.618523
0.722356
0.030278
0.650451
0.109895
0.008991
0.376763
0.178521
0.080411
0.845067
0.347063
0.620455
0.795825
0.907303
0.36287
0.565599
0.719479
0.751713
0.768021
0.322818
0.936294
0.510111
0.683184
0.466836
0.79573
0.728025
0.930171
0.583384
0.377435
0.335558
0.858874
0.244968
0.2763
0.122545
0.770143
0.648642
0.445952
0.032224
0.499764
0.290341
0.551443
0.121128
0.866744
0.078855
0.797526
0.131689
0.31644
0.688331
0.374841
0.052501
0.700814
0.16728
0.37055
0.001624
0.450442
0.306659
0.724356
0.923722
0.967782
0.568562
0.353111
0.070039
0.402672
0.810395
0.194611
0.348166
0.68236
0.028974
0.80379
0.29765
0.178765
0.356014
0.823215
0.088423
0.87371
0.023905
0.505928
0.240979
0.694704
0.966762
0.100237
0.614344
0.085653
0.356378
0.149544
0.656412
0.240582
0.306512
0.92644
0.386309
0.292277
0.058763
0.680323
0.324067
0.743168
0.161659
0.042619
0.571049
0.841112
0.212366
0.582421
0.656572
0.077384
0.88368
0.095632
0.218661
0.617214
0.102637
0.665613
0.637482
0.102391
0.608599
0.839861
0.339
0.717158
0.539166
0.327748
0.097967
0.725195
0.538312
0.97656
0.047795
0.071656
0.666491
0.435821
0.12886
0.352563
0.94362
0.589332
0.93434
0.275108
0.839079
0.873447
0.769305
0.236913
0.853482
0.769395
0.994824
0.114368
0.539552
0.089843
0.411997
0.095589
0.090531
0.571432
0.429233
0.321688
0.581695
0.888366
0.578351
0.769296
0.718823
0.415629
0.828704
0.435434
0.541177
0.716288
0.933092
0.768689
0.676068
0.627575
0.815921
0.716252
0.77689
0.139038
0.133657
0.743459
0.051697
0.82986
0.312218
0.537501
0.039939
0.378872
0.499069
0.265503
0.780516
0.184598
0.91913
0.808751
0.880985
0.00725
0.658119
0.611847
0.072907
0.410855
0.93052
0.74781
0.697923
0.523843
0.818673
0.395204
0.078536
0.536763
0.739562
0.326078
0.279805
0.522429
0.477823
0.995015
0.692135
0.154772
0.352727
0.789135
0.119045
0.177301
0.525784
0.638154
0.881076
0.348262
0.552927
0.768341
0.578914
0.205243
0.830804
0.343183
0.020716
0.934604
0.944433
0.269643
0.228252
0.600789
0.50093
0.917193
0.080962
0.673498
0.349235
0.755238
0.870375
0.538353
0.641629
0.693143
0.49465
0.202265
0.554642
0.53931
0.643325
0.30711
0.562823
0.761455
0.554126
0.951606
0.271071
0.464372
0.689575
0.492646
0.143846
0.928381
0.074383
0.241382
0.621841
0.815581
0.620588
0.130581
0.039234
0.259456
0.333263
0.970943
0.592575
0.251714
0.202277
0.505953
0.46791
0.365149
0.650628
0.876514
0.686162
0.659909
0.15426
0.785494
0.54128
0.19358
0.221346
0.767804
0.552039
0.354807
0.123893
0.585758
0.980692
0.378933
0.386955
0.596467
0.739201
0.622743
0.264769
0.643122
0.765
0.588698
0.125199
0.747604
0.834901
0.515267
0.678459
0.589086
0.158584
0.479241
0.457127
0.117052
0.388961
0.295759
0.038477
0.569546
0.319412
0.457081
0.275601
0.217732
0.442194
0.838314
0.832655
0.439276
0.52384
0.766334
0.631249
0.220616
0.745154
0.189557
0.033565
0.313721
0.253541
0.170474
0.889793
0.740665
0.564342
0.573132
0.277634
0.695695
0.618907
0.540067
0.315909
0.175117
0.031588
0.589107
0.217158
0.849706
0.599966
0.890962
0.239169
0.559657
0.44816
0.995901
0.505606
0.366829
0.069989
0.706267
0.321175
0.377391
0.293713
0.723361
0.42337
0.381778
0.044417
0.209894
0.570166
0.803051
0.58893
0.000194
0.391097
0.237127
0.644081
0.468011
0.848167
0.808882
0.326215
0.701719
0.565348
0.337483
0.08886
0.915266
0.826295
0.938567
0.277916
0.518702
0.69925
0.043744
0.804134
0.216989
0.415544
0.304235
0.190055
0.719481
0.419282
0.251503
0.481113
0.517546
0.030922
0.084697
0.316797
0.212518
0.436428
0.640336
0.124944
0.400726
0.276473
0.114433
0.21443
0.804554
0.438003
0.146027
0.183099
0.839966
0.741142
0.642214
0.920144
0.621377
0.988976
0.248121
0.195328
0.356702
0.598156
0.464074
0.445318
0.310343
0.941266
0.972918
0.639979
0.713976
0.212711
0.328377
0.051981
0.579366
0.397069
0.54616
0.389124
0.6195
0.73062
0.82934
0.778685
0.007105
0.014486
0.43827
0.1052
0.6589
0.366653
0.682439
0.902156
0.492959
0.464088
0.362593
0.056916
0.043827
0.033874
0.915102
0.400673
0.272107
0.382074
0.805214
0.759157
0.666869
0.337374
0.68765
0.756056
0.332982
0.240175
0.423901
0.88302
0.918248
0.670326
0.10827
0.874465
0.002581
0.898404
0.213201
0.042512
0.68345
0.073018
0.21447
0.121595
0.812709
0.349483
0.64051
0.363573
0.734247
0.561193
0.638331
0.716061
0.066072
0.728204
0.566863
0.14878
0.693581
0.513571
0.432722
0.87936
0.513338
0.58607
0.87876
0.288042
0.452455
0.737957
0.955539
0.766327
0.137848
0.850831
0.504441
0.101243
0.767203
0.19115
0.534922
0.458861
0.878645
0.880844
0.37077
0.59077
0.295504
0.754265
0.799155
0.4717
0.593048
0.391492
0.257435
0.634966
0.685778
0.041063
0.46518
0.034423
0.991401
0.841473
0.528703
0.769458
0.678121
0.719259
0.586009
0.768516
0.232099
0.848432
0.73729
0.678527
0.362158
0.496071
0.558396
0.487484
0.175289
0.407458
0.799153
0.519311
0.663439
0.840303
0.285496
0.618297
0.776858
0.786927
0.267677
0.398028
0.381937
0.66337
0.973351
0.13405
0.188075
0.181375
0.265207
0.617994
0.657636
0.095912
0.230448
0.906118
0.82729
0.760812
0.448008
0.232263
0.306927
0.613931
0.739199
0.994295
0.315209
0.147047
0.849714
0.344965
0.891928
0.191612
0.156416
0.735031
0.017039
0.798837
0.818541
0.393334
0.936575
0.456156
0.043731
0.461814
0.575014
0.411183
0.17514
0.303669
0.261863
0.380084
0.699844
0.599213
0.766303
0.981703
0.716015
0.436005
0.255017
0.100429
0.354687
0.571779
0.765161
0.407363
0.396901
0.226757
0.036767
0.558784
0.918118
0.930139
0.063232
0.401351
0.599807
0.26289
0.436519
0.900909
0.799384
0.843002
0.00913
0.689188
0.498501
0.951408
0.985223
0.84193
0.221282
0.288033
0.188705
0.170885
0.808291
0.787091
0.975105
0.156708
0.537254
0.785599
0.266999
0.132461
0.46574
0.6841
0.447294
0.817735
0.191586
0.615058
0.833259
0.026952
0.934273
0.083571
0.804745
0.933164
0.374208
0.176202
0.944729
0.544313
0.921505
0.910058
0.38018
0.284472
0.154855
0.722239
0.429729
0.267357
0.099146
0.193332
0.14612
0.566211
0.672378
0.994307
0.923088
0.729614
0.694723
0.23305
0.005124
0.641238
0.094236
0.527048
0.366795
0.887952
0.276399
0.9715
0.572265
0.957432
0.567214
0.569662
0.3429
0.052086
0.99308
0.222089
0.874362
0.260968
0.431667
0.052316
0.893748
0.941078
0.274541
0.601576
0.584425
0.403924
0.176878
0.213791
0.550935
0.999924
0.086897
0.162672
0.789928
0.170004
0.503582
0.138405
0.778259
0.101987
0.373761
0.942363
0.232202
0.068315
0.217577
0.787046
0.780546
0.61069
0.301536
0.592201
0.322403
0.212968
0.494291
0.713678
0.447627
0.868031
0.619609
0.701572
0.739258
0.697464
0.808296
0.17038
0.863017
0.264711
0.040008
0.234725
0.963951
0.296411
0.959556
0.457387
0.167499
0.960882
0.548179
0.715136
0.94266
0.246049
0.17081
0.167321
0.387053
0.522914
0.145834
0.170304
0.808104
0.546294
0.451467
0.330288
0.974405
0.353567
0.480776
0.40776
0.808748
0.197407
0.189776
0.326227
0.165782
0.739598
0.974679
0.192802
0.810645
0.246895
0.650141
0.238089
0.223749
0.28543
0.085983
0.682924
0.615122
0.589857
0.904066
0.581148
0.345533
0.085186
0.696613
0.578132
0.06229
0.608582
0.561866
0.11292
0.344456
0.664629
0.779473
0.099114
0.307168
0.303001
0.757072
0.801766
0.969834
0.443281
0.774154
0.525927
0.828325
0.74926
0.86682
0.892872
0.906709
0.563992
0.720554
0.786799
0.351617
0.514588
0.589519
0.958967
0.06929
0.269595
0.719507
0.467711
0.617281
0.927288
0.711685
0.456432
0.729221
0.490181
0.455345
0.151249
0.865696
0.261361
0.010696
0.828309
0.192581
0.401636
0.124594
0.394924
0.657549
0.613174
0.88762
0.551779
0.206337
0.543452
0.05113
0.983412
0.205627
0.231563
0.620033
0.791947
0.3577
0.482843
0.750537
0.026275
0.226367
0.582491
0.263139
0.720167
0.68992
0.17242
0.215484
0.67791
0.369427
0.363084
0.099009
0.682215
0.023988
0.121266
0.327626
0.630902
0.456351
0.256945
0.06059
0.467897
0.263323
0.407054
0.667823
0.462764
0.073483
0.246036
0.645512
0.920296
0.743633
0.297761
0.252824
0.901525
0.569552
0.351979
0.10582
0.383165
0.685992
0.904092
0.782279
0.429437
0.680724
0.647663
0.273331
0.574463
0.71392
0.095933
0.756498
0.083304
0.028835
0.352874
0.849046
0.294569
0.539198
0.361153
0.829316
0.537997
0.694001
0.653966
0.876518
0.055258
0.889512
0.726168
0.422676
0.714749
0.880719
0.079758
0.729132
0.067002
0.353293
0.76615
0.224813
0.038005
0.490244
0.154555
0.723827
0.580462
0.380129
0.631809
0.675761
0.206102
0.469305
0.997753
0.091332
0.011443
0.848677
0.885796
0.475525
0.274033
0.978456
0.201321
0.709222
0.352031
0.800336
0.415395
0.485644
0.019847
0.114341
0.182357
0.625628
0.858509
0.330638
0.947592
0.21992
0.636398
0.483073
0.055181
0.636521
0.725257
0.226494
0.04049
0.62647
0.26997
0.604393
0.003885
0.541414
0.127163
0.078276
0.461914
0.300977
0.67363
0.522473
0.582655
0.868973
0.27266
0.0345
0.20421
0.858166
0.179605
0.633765
0.492002
0.42509
0.31524
0.425849
0.509491
0.842509
0.662325
0.52564
0.631489
0.070766
0.042656
0.866938
0.78034
0.995658
0.96419
0.006359
0.42841
0.641071
0.608707
0.05858
0.707153
0.513711
0.043373
0.649964
0.502902
0.730254
0.286904
0.063261
0.390428
0.98129
0.827467
0.049928
0.919452
0.552954
0.626442
0.08324
0.738745
0.577803
0.235572
0.207461
0.097458
0.312445
0.329757
0.869818
0.286802
0.220405
0.37433
0.398384
0.128472
0.59081
0.548314
0.882349
0.673739
0.896991
0.223601
0.323605
0.152123
0.072764
0.706895
0.458226
0.983442
0.998504
0.27237
0.896701
0.588322
0.994535
0.570172
0.881005
0.702238
0.796206
0.43109
0.690747
0.325023
0.623189
0.383861
0.350328
0.325109
0.675426
0.564112
0.663423
0.903719
0.136059
0.993435
0.551196
0.435335
0.109092
0.528476
0.864735
0.303307
0.639236
0.959316
0.358234
0.221553
0.905286
0.944848
0.444494
0.870329
0.152898
0.276059
0.520696
0.261117
0.926557
0.083211
0.146919
0.078874
0.893039
0.430067
0.368364
0.264058
0.521054
0.174424
0.952155
0.359526
0.043283
0.506279
0.739842
0.624816
0.962138
0.671086
0.629597
0.502335
0.501438
0.487167
0.475395
0.238873
0.819433
0.40135
0.964977
0.095989
0.502894
0.328621
0.489424
0.759392
0.265157
0.257305
0.907806
0.150043
0.81559
0.728678
0.304445
0.558944
0.881545
0.596301
0.891201
0.794514
0.363918
0.069682
0.084095
0.149615
0.976197
0.990804
0.894529
0.447015
0.87084
0.819232
0.855586
0.9072
0.205864
0.600636
0.601168
0.823745
0.203143
0.382688
0.566651
0.70977
0.854724
0.321642
0.143724
0.873961
0.075715
0.851538
0.568786
0.966217
0.511123
0.568976
0.079199
0.547135
0.801089
0.283607
0.232568
0.925841
0.249669
0.205554
0.511519
0.936522
0.551817
0.165119
0.231671
0.385802
0.817604
0.949922
0.120519
0.538015
0.867431
0.194163
0.542093
0.883437
0.321835
0.774788
0.730428
0.736144
0.771905
0.095624
0.824933
0.25124
0.820126
0.738025
0.0821
0.928775
0.011783
0.338933
0.873545
0.21328
0.439452
0.903037
0.398543
0.599025
0.740331
0.759936
0.858153
0.499002
0.046175
0.584781
0.171005
0.424988
0.659807
0.163146
0.63918
0.937622
0.710977
0.233783
0.781278
0.436453
0.052597
0.137591
0.501342
0.488079
0.577597
0.301824
0.109908
0.388797
0.739985
0.403063
0.989068
0.099509
0.753374
0.789846
0.301684
0.020664
0.029883
0.472479
0.088076
0.681182
0.095856
0.968548
0.76416
0.877844
0.007386
0.94481
0.578851
0.003218
0.966111
0.504157
0.40694
0.736789
0.206011
0.696602
0.656807
0.997157
0.970945
0.764799
0.803415
0.800059
0.38383
0.090377
0.681674
0.075975
0.195993
0.587785
0.189383
0.717296
0.218372
0.498152
0.20671
0.126905
0.116069
0.9137
0.983078
0.718849
0.266065
0.377939
0.430749
0.948646
0.429829
0.572825
0.765092
0.210503
0.031937
0.110635
0.217535
0.862181
0.335789
0.007516
0.471805
0.883302
0.716627
0.26804
0.490456
0.236541
0.741445
0.686687
0.832059
0.069353
0.991262
0.998576
0.049095
0.123117
0.248434
0.19016
0.129867
0.679039
0.040426
0.686828
0.02758
0.934905
0.639975
0.331555
0.071358
0.940954
0.6053
0.705426
0.606657
0.68249
0.52236
0.157823
0.641
0.731944
0.792573
0.820218
0.833146
0.828209
0.294068
0.677881
0.009039
0.484614
0.814539
0.175547
0.436464
0.501843
0.397347
0.573789
0.728965
0.863539
0.766791
0.820855
0.802589
0.680722
0.867695
0.39768
0.935883
0.821703
0.041612
0.996677
0.758024
0.313651
0.896904
0.449821
0.461907
0.35889
0.733369
0.797095
0.353155
0.630295
0.534523
0.967603
0.110942
0.46722
0.595171
0.774384
0.854492
0.07066
0.534619
0.651116
0.701182
0.423214
0.607415
0.514169
0.532356
0.942052
0.225449
0.314022
0.637248
0.685314
0.976012
0.417174
0.60886
0.285828
0.804271
0.356963
0.267846
0.837505
0.011745
0.623102
0.949404
0.839763
0.142076
0.45789
0.146093
0.691494
0.372246
0.75316
0.81341
0.886927
0.708643
0.593978
0.100643
0.520986
0.727628
0.821579
0.644184
0.447054
0.227886
0.897448
0.334712
0.391555
0.451097
0.62751
0.283058
0.065455
0.411894
0.036932
0.355505
0.681748
0.070214
0.574357
0.397549
0.450363
0.618073
0.948709
0.579096
0.763981
0.807527
0.404715
0.76294
0.46468
0.171166
0.260705
0.601619
0.021611
0.637317
0.743502
0.248253
0.321319
0.612987
0.649062
0.841034
0.237728
0.15281
0.225201
0.410003
0.327556
0.216904
0.000836
0.210246
0.633316
0.619972
0.519613
0.201961
0.709226
0.523205
0.028044
0.479432
0.067701
0.184516
0.25665
0.773816
0.470511
0.784196
0.922929
0.020019
0.629021
0.5224
0.665782
0.49034
0.229411
0.282006
0.870784
0.683001
0.593111
0.970783
0.455397
0.996689
0.195295
0.152166
0.451262
0.2404
0.450653
0.181222
0.378061
0.824105
0.685648
0.641024
0.819703
0.160835
0.567978
0.69351
0.374033
0.112294
0.096015
0.612626
0.294474
0.340302
0.502483
0.823964
0.175352
0.186299
0.170766
0.691734
0.455352
0.652014
0.846165
0.627285
0.843448
0.273522
0.63697
0.157296
0.307743
0.836989
0.91865
0.807646
0.665318
0.933208
0.235926
0.977017
0.924168
0.798627
0.766984
0.176951
0.804342
0.817896
0.151314
0.609488
0.267092
0.560589
0.221075
0.407546
0.437241
0.745088
0.640841
0.31902
0.650242
0.732092
0.080311
0.108323
0.767489
0.116261
0.182192
0.194498
0.013301
0.122868
0.219157
0.850146
0.458365
0.437036
0.161047
0.594386
0.057161
0.963772
0.689191
0.40725
0.433913
0.600908
0.758103
0.047584
0.671131
0.083128
0.182715
0.681101
0.406702
0.930722
0.897884
0.565957
0.067628
0.114606
0.661495
0.969568
0.215055
0.796787
0.539355
0.506646
0.755578
0.875827
0.246053
0.644616
0.539711
0.910535
0.930353
0.94554
0.798721
0.267437
0.158824
0.994535
0.850426
0.0711
0.421996
0.243356
0.408059
0.764527
0.828324
0.082768
0.87663
0.214178
0.263197
0.613775
0.780609
0.11464
0.733271
0.36851
0.849117
0.532444
0.097419
0.252157
0.117286
0.696896
0.048274
0.381216
0.819541
0.471633
0.639239
0.598545
0.319869
0.32343
0.083312
0.602281
0.539445
0.605759
0.148114
0.538797
0.822563
0.98159
0.984436
0.632808
0.740789
0.476469
0.09866
0.063263
0.304398
0.603607
0.4133
0.592728
0.258947
0.96068
0.740507
0.526028
0.961068
0.447165
0.816561
0.209815
0.453862
0.077155
0.960266
0.279677
0.268544
0.109274
0.05514
0.033933
0.529254
0.174809
0.666074
0.328569
0.429563
0.994099
0.476461
0.26833
0.263244
0.077486
0.43781
0.566361
0.814433
0.926378
0.231013
0.428789
0.827056
0.62373
0.053217
0.609553
0.515588
0.19915
0.141037
0.070167
0.996344
0.556221
0.426692
0.917621
0.071015
0.16649
0.673997
0.543208
0.408689
0.917183
0.134602
0.836706
0.952874
0.285366
0.952689
0.067617
0.857164
0.873547
0.790222
0.19732
0.552766
0.003
0.371795
0.075774
0.596976
0.283154
0.927095
0.515815
0.625656
0.518863
0.324711
0.84333
0.775348
0.679305
0.502004
0.367971
0.641789
0.369268
0.379086
0.50653
0.195193
0.258803
0.166866
0.635869
0.21581
0.338078
0.188673
0.472341
0.896106
0.965432
0.651285
0.94116
0.978694
0.310033
0.541116
0.712493
0.114844
0.831522
0.526208
0.936082
0.905229
0.998265
0.456457
0.605525
0.448543
0.476191
0.490235
0.583987
0.788554
0.672185
0.07193
0.671004
0.42811
0.371625
0.937389
0.688371
0.700581
0.777167
0.349705
0.028839
0.465659
0.16163
0.450117
0.727322
0.432804
0.26993
0.471597
0.502884
0.169182
0.890063
0.655255
0.92195
0.640441
0.143921
0.224332
0.718201
0.56361
0.828531
0.296094
0.395966
0.527911
0.622955
0.809321
0.078099
0.358984
0.42206
0.435721
0.168341
0.006008
0.73795
0.521363
0.530693
0.158419
0.289365
0.498643
0.161724
0.678408
0.434043
0.905844
0.837604
0.29053
0.913266
0.143104
0.597682
0.051072
0.108223
0.698676
0.862316
0.905079
0.475642
0.594679
0.168067
0.464689
0.649147
0.770703
0.218265
0.677482
0.407303
0.812446
0.938931
0.385594
0.003482
0.953055
0.435532
0.936661
0.183701
0.956594
0.185585
0.053001
0.235732
0.946415
0.799954
0.413516
0.321608
0.203727
0.056412
0.146196
0.839788
0.739875
0.24831
0.758146
0.217766
0.427654
0.217203
0.393163
0.284388
0.875543
0.599732
0.352885
0.075684
0.263565
0.425086
0.771985
0.219433
0.497824
0.180167
0.856221
0.856196
0.227086
0.529222
0.932045
0.572635
0.029071
0.60253
0.757737
0.216037
0.678408
0.834263
0.122552
0.914563
0.545354
0.141558
0.845442
0.402534
0.25743
0.736991
0.076602
0.772214
0.777547
0.074329
0.685193
0.991743
0.792939
0.074653
0.365962
0.827475
0.298196
0.478012
0.744722
0.647017
0.709474
0.904474
0.399621
0.722463
0.564457
0.29909
0.135433
0.68742
0.917134
0.599548
0.248007
0.489819
0.657406
0.648516
0.634292
0.808911
0.047171
0.787915
0.598258
0.932247
0.47223
0.886811
0.408719
0.079552
0.455354
0.225391
0.297617
0.656725
0.774928
0.505998
0.694949
0.675523
0.818122
0.015706
0.185582
0.806853
0.431187
0.458718
0.902969
0.718737
0.056698
0.22727
0.087679
0.743851
0.577766
0.458742
0.200085
0.620331
0.988819
0.481528
0.515034
0.250357
0.564011
0.647715
0.516923
0.298037
0.555968
0.824273
0.017918
0.745135
0.296249
0.708332
0.560942
0.114697
0.916171
0.876806
0.06554
0.32682
0.702288
0.959202
0.17943
0.649268
0.693166
0.940772
0.434005
0.346398
0.977686
0.355161
0.169639
0.409528
0.168031
0.92019
0.305559
0.165628
0.518076
0.124517
0.996364
0.324898
0.492544
0.95834
0.979295
0.351029
0.82689
0.67239
0.337717
0.060908
0.27057
0.681903
0.775265
0.03806
0.178997
0.324212
0.889598
0.740029
0.894511
0.534045
0.408163
0.084474
0.113486
0.922911
0.164593
0.257421
0.327196
0.001098
0.986095
0.320842
0.135797
0.567185
0.835521
0.540106
0.820173
0.851632
0.373169
0.285397
0.658617
0.742927
0.24498
0.669056
0.595993
0.3032
0.541693
0.223529
0.420576
0.888052
0.47744
0.790234
0.326525
0.312219
0.705971
0.416835
0.537495
0.392273
0.353165
0.051221
0.770593
0.138366
0.372267
0.951642
0.524945
0.329639
0.28509
0.768752
0.954369
0.610518
0.856602
0.390454
0.900757
0.975765
0.861453
0.80706
0.800745
0.190456
0.772236
0.136256
0.645981
0.33974
0.129447
0.034796
0.023117
0.866035
0.582313
0.832071
0.362382
0.843962
0.706738
0.212172
0.247977
0.878955
0.613915
0.028763
0.106445
0.629658
0.788056
0.539859
0.286944
0.907649
0.176906
0.665998
0.392231
0.779793
0.578671
0.116442
0.440027
0.635745
0.306971
0.439338
0.313663
0.999447
0.134661
0.46353
0.659453
0.85429
0.098023
0.060966
0.385129
0.427882
0.680927
0.551871
0.532404
0.902142
0.164065
0.270614
0.473894
0.943111
0.07754
0.621299
0.840798
0.203157
0.849981
0.635992
0.085122
0.212412
0.390497
0.424048
0.053768
0.773897
0.420579
0.321941
0.824111
0.769693
0.3036
0.5541
0.3786
0.896503
0.896525
0.069325
0.092359
0.870204
0.747844
0.112781
0.091213
0.711221
0.779737
0.136867
0.137632
0.601793
0.059588
0.077707
0.171067
0.332886
0.503793
0.354354
0.338597
0.28053
0.654184
0.416639
0.129777
0.580065
0.61537
0.200658
0.312247
0.403726
0.925821
0.8608
0.165009
0.862278
0.871304
0.592946
0.092425
0.93758
0.216372
0.130151
0.189386
0.331608
0.579812
0.853693
0.241263
0.090185
0.287681
0.449089
0.500516
0.884086
0.805746
0.166236
0.56942
0.719597
0.463919
0.436275
0.188839
0.657626
0.17696
0.54768
0.6058
0.860408
0.670835
0.548267
0.774605
0.734207
0.075446
0.598408
0.751039
0.339677
0.733255
0.754131
0.618329
0.897855
0.922146
0.263743
0.594752
0.023419
0.018991
0.636322
0.239849
0.08565
0.229703
0.474622
0.399975
0.9649
0.266487
0.997622
0.479917
0.375896
0.11115
0.255229
0.715668
0.348795
0.864736
0.529759
0.600933
0.333506
0.704797
0.62675
0.635356
0.503361
0.774401
0.813891
0.858983
0.24127
0.193532
0.136985
0.071901
0.971037
0.04925
0.108776
0.704583
0.053613
0.800729
0.217709
0.299307
0.531786
0.680452
0.015526
0.060426
0.135286
0.687796
0.088524
0.117072
0.657951
0.193922
0.627149
0.766104
0.499476
0.719521
0.531622
0.721597
0.094106
0.364289
0.28848
0.382959
0.478742
0.055586
0.131674
0.677689
0.509151
0.360178
0.011632
0.223565
0.031895
0.966599
0.872566
0.778374
0.671675
0.601237
0.804072
0.2863
0.29414
0.340066
0.926579
0.874328
0.670977
0.005645
0.020203
0.985581
0.908915
0.203776
0.235593
0.129636
0.862875
0.502632
0.41201
0.090815
0.274637
0.17665
0.398293
0.95293
0.621756
0.609438
0.873919
0.760138
0.841331
0.490236
0.470799
0.601011
0.068999
0.084174
0.312064
0.940675
0.983669
0.440936
0.963664
0.706739
0.021373
0.08892
0.087791
0.001204
0.102375
0.413481
0.96878
0.380961
0.76715
0.360181
0.934659
0.881056
0.13302
0.342761
0.743806
0.708766
0.682148
0.302683
0.637496
0.799583
0.689492
0.17598
0.562894
0.346646
0.528061
0.228817
0.98617
0.995895
0.446001
0.157291
0.50365
0.248544
0.223458
0.571834
0.499294
0.471373
0.447051
0.840943
0.169113
0.874586
0.646919
0.534959
0.149253
0.885347
0.428863
0.816483
0.464265
0.688072
0.108985
0.402542
0.578469
0.012257
0.952244
0.35856
0.456059
0.530614
0.894245
0.340799
0.061684
0.449521
0.695292
0.602411
0.324491
0.682501
0.829175
0.874177
0.701392
0.341496
0.320946
0.202323
0.416764
0.332214
0.696365
0.468735
0.919445
0.801394
0.162337
0.711208
0.8491
0.361699
0.432246
0.208063
0.492951
0.320401
0.38445
0.803631
0.424386
0.946809
0.848766
0.352646
0.266133
0.447177
0.129591
0.451043
0.221285
0.211504
0.668
0.411757
0.361836
0.536975
0.002575
0.576599
0.381389
0.938526
0.448268
0.992472
0.063364
0.398036
0.136101
0.441671
0.109836
0.809166
0.513372
0.626399
0.490697
0.104217
0.499521
0.222075
0.057548
0.776375
0.026021
0.362132
0.254917
0.338742
0.630931
0.541393
0.088992
0.637371
0.940383
0.04733
0.591279
0.950357
0.606599
0.443332
0.611878
0.939213
0.281895
0.639205
0.66624
0.787598
0.255201
0.910039
0.096672
0.167553
0.098199
0.059616
0.609973
0.628102
0.225253
0.818397
0.206553
0.640933
0.352918
0.698857
0.033319
0.854905
0.034827
0.906435
0.779206
0.575439
0.627279
0.800653
0.366041
0.839957
0.292926
0.042177
0.239691
0.828564
0.071857
0.296374
0.003203
0.216524
0.369043
0.538501
0.271067
0.861546
0.999377
0.392235
0.161715
0.845252
0.413907
0.089538
0.115231
0.071987
0.624211
0.717455
0.966332
0.13111
0.239449
0.711156
0.766033
0.760253
0.761125
0.691699
0.14232
0.098208
0.36194
0.912875
0.677885
0.469237
0.779148
0.956165
0.374059
0.434907
0.78287
0.275736
0.398293
0.16884
0.683211
0.664979
0.33556
0.275367
0.570973
0.597731
0.76293
0.073658
0.448459
0.617804
0.930446
0.524645
0.772499
0.034994
0.606801
0.357058
0.685157
0.91073
0.645016
0.372543
0.161031
0.548639
0.746439
0.695968
0.127438
0.876661
0.549096
0.846119
0.843852
0.219861
0.071538
0.822232
0.547749
0.586991
0.908337
0.792774
0.180009
0.961584
0.579608
0.850743
0.808
0.050033
0.55099
0.662122
0.638791
0.059994
0.367009
0.486872
0.642557
0.811442
0.548966
0.833642
0.602939
0.187095
0.950118
0.11613
0.659068
0.329837
0.25655
0.215981
0.648454
0.198074
0.672013
0.51241
0.083415
0.542281
0.655058
0.994604
0.118654
0.390126
0.181217
0.938075
0.596679
0.078383
0.174187
0.886991
0.713789
0.758839
0.939729
0.281266
0.907336
0.578913
0.576573
0.004704
0.763821
0.391118
0.57981
0.765906
0.673118
0.37894
0.291484
0.937184
0.747139
0.830073
0.659428
0.903612
0.292956
0.707946
0.099651
0.268359
0.642918
0.323914
0.799731
0.038612
0.129246
0.084919
0.611238
0.841573
0.703173
0.890305
0.026887
0.209057
0.728636
0.838277
0.664964
0.720736
0.074507
0.538597
0.366441
0.32108
0.560427
0.763547
0.591938
0.253447
0.49439
0.728471
0.788801
0.70625
0.371917
0.691967
0.199038
0.139397
0.972022
0.676442
0.603623
0.66531
0.803185
0.583571
0.080134
0.263927
0.050587
0.758166
0.592125
0.930656
0.161954
0.409559
0.283229
0.984376
0.632816
0.694468
0.273811
0.864666
0.132731
0.810197
0.072576
0.198778
0.141748
0.159499
0.509535
0.018986
0.92988
0.278853
0.639534
0.243164
0.149766
0.878805
0.518613
0.657843
0.709248
0.757103
0.245373
0.088177
0.347532
0.273301
0.614101
0.932874
0.136546
0.222271
0.577853
0.934386
0.734427
0.140944
0.496709
0.268258
0.331908
0.033115
0.694858
0.7263
0.583221
0.877027
0.296178
0.889897
0.926398
0.295632
0.128913
0.660103
0.106711
0.454936
0.05014
0.895436
0.920988
0.046723
0.988111
0.569872
0.840775
0.374436
0.12498
0.530847
0.876059
0.57126
0.935602
0.937428
0.999069
0.255826
0.581397
0.298721
0.134585
0.838455
0.111626
0.150233
0.686684
0.738881
0.517092
0.500279
0.01404
0.395893
0.691163
0.787447
0.499562
0.069386
0.906982
0.051743
0.859748
0.097964
0.045485
0.92395
0.09932
0.786791
0.57398
0.510316
0.495401
0.509353
0.29182
0.014493
0.239815
0.916037
0.400607
0.154871
0.799522
0.098369
0.951567
0.518496
0.915848
0.179831
0.605384
0.8233
0.908665
0.879276
0.526609
0.680992
0.235205
0.208755
0.774942
0.615401
0.821223
0.875771
0.282028
0.120993
0.424317
0.197718
0.906736
0.437369
0.297834
0.236406
0.121722
0.177036
0.339504
0.98924
0.3785
0.597735
0.086947
0.812001
0.610545
0.443287
0.533192
0.160543
0.955232
0.741603
0.832136
0.046587
0.01962
0.972494
0.530852
0.006722
0.527363
0.577421
0.853856
0.752273
0.0821
0.90744
0.770172
0.443373
0.065411
0.981553
0.73134
0.106797
0.452319
0.39381
0.002584
0.765334
0.066612
0.444257
0.132417
0.255742
0.080753
0.674515
0.122836
0.316957
0.3272
0.51017
0.390573
0.053219
0.598245
0.634338
0.98763
0.745455
0.983828
0.731657
0.533493
0.512858
0.048469
0.972527
0.569492
0.782338
0.208476
0.709799
0.174581
0.926099
0.07898
0.349683
0.604537
0.195633
0.277303
0.290568
0.27589
0.670137
0.017026
0.435592
0.812622
0.987718
0.501104
0.488926
0.203031
0.993944
0.771139
0.803946
0.367407
0.578481
0.893311
0.432993
0.499058
0.734484
0.486953
0.182199
0.4267
0.924946
0.99748
0.037879
0.240935
0.872678
0.043011
0.416886
0.328525
0.946142
0.717668
0.745729
0.908997
0.634607
0.203269
0.347207
0.438332
0.799167
0.863163
0.923984
0.717494
0.457418
0.856691
0.810921
0.94759
0.222463
0.395561
0.952586
0.773261
0.595294
0.092135
0.849754
0.266329
0.013073
0.344167
0.873423
0.728248
0.854334
0.874424
0.833294
0.202354
0.306752
0.511766
0.197635
0.753411
0.965629
0.261538
0.35106
0.923051
0.775875
0.577303
0.376216
0.705244
0.294751
0.331937
0.280565
0.932404
0.28381
0.667631
0.44549
0.562916
0.455922
0.72396
0.004082
0.889697
0.08044
0.960209
0.790015
0.352919
0.302296
0.88429
0.068725
0.856268
0.434221
0.731261
0.812765
0.325202
0.935463
0.834414
0.016348
0.047529
0.274976
0.410039
0.421678
0.545009
0.086346
0.579246
0.424276
0.221229
0.528988
0.848562
0.797659
0.854872
0.511928
0.696196
0.736063
0.94986
0.93348
0.535098
0.136964
0.81656
0.730128
0.456722
0.775721
0.818539
0.827534
0.056372
0.131349
0.568178
0.242996
0.423562
0.430114
0.990458
0.720257
0.548293
0.834067
0.334955
0.246709
0.688146
0.001556
0.35914
0.081973
0.203807
0.974795
0.122886
0.8847
0.687819
0.849871
0.068849
0.120376
0.64473
0.640806
0.396572
0.596356
0.199796
0.423933
0.337356
0.763758
0.566766
0.044231
0.348014
0.675085
0.127499
0.554343
0.574133
0.498857
0.346108
0.044462
0.411665
0.954683
0.035069
0.41344
0.645481
0.238852
0.308317
0.179359
0.934884
0.534926
0.707557
0.723374
0.848444
0.28417
0.01212
0.466839
0.93842
0.587028
0.263486
0.919035
0.145342
0.623898
0.936652
0.166409
0.245602
0.773549
0.662217
0.924444
0.956914
0.763806
0.258425
0.370844
0.78597
0.93488
0.274432
0.155167
0.625256
0.656098
0.980513
0.410529
0.748693
0.529244
0.822164
0.660085
0.334435
0.176841
0.268911
0.753961
0.960312
0.734964
0.535987
0.323486
0.111221
0.529447
0.313192
0.411628
0.072956
0.798009
0.727143
0.295657
0.661416
0.253873
0.828426
0.483913
0.687282
0.808082
0.147709
0.25176
0.874887
0.210936
0.892388
0.693661
0.702603
0.895865
0.442308
0.192219
0.04102
0.953025
0.231161
0.980055
0.889859
0.754713
0.250136
0.670287
0.841274
0.110369
0.634935
0.203864
0.702168
0.823428
0.396975
0.48605
0.839029
0.155774
0.322109
0.788662
0.290635
0.989368
0.103165
0.627547
0.198297
0.542695
0.511979
0.138558
0.609065
0.521603
0.644733
0.893828
0.538815
0.716354
0.624827
0.939243
0.732865
0.775039
0.06406
0.211404
0.00646
0.665997
0.59593
0.038188
0.99272
0.158766
0.687802
0.359598
0.549902
0.951922
0.133814
0.367469
0.862262
0.9417
0.835468
0.08334
0.759862
0.159553
0.023178
0.455431
0.289309
0.502862
0.07966
0.846338
0.732186
0.9673
0.094212
0.265325
0.588842
0.369535
0.594604
0.731161
0.967017
0.33955
0.446159
0.41786
0.24623
0.121429
0.367137
0.230657
0.355336
0.01259
0.049839
0.031669
0.411544
0.573768
0.70971
0.196675
0.123364
0.087371
0.944054
0.103773
0.411574
0.84549
0.265575
0.893805
0.41117
0.152437
0.743176
0.668234
0.82033
0.199542
0.773566
0.449333
0.77203
0.251457
0.633972
0.235707
0.65039
0.065442
0.917649
0.511825
0.155983
0.613613
0.42129
0.622977
0.061102
0.067593
0.542743
0.683325
0.077817
0.84813
0.52416
0.170488
0.048201
0.885862
0.14084
0.100762
0.843934
0.167275
0.704415
0.875521
0.164079
0.770069
0.237563
0.976115
0.074095
0.428117
0.907309
0.139362
0.003518
0.828871
0.225524
0.291213
0.356461
0.90766
0.560864
0.748509
0.590964
0.324078
0.035526
0.301814
0.899943
0.082574
0.918728
0.615965
0.396466
0.200071
0.646941
0.625897
0.230058
0.026587
0.867579
0.021071
0.679858
0.992457
0.989824
0.503973
0.127919
0.152177
0.092954
0.914679
0.763858
0.105063
0.530779
0.148121
0.5137
0.916046
0.457144
0.19159
0.448144
0.139404
0.360726
0.980661
0.938364
0.557574
0.389541
0.876196
0.187156
0.105993
0.392043
0.222062
0.56081
0.004193
0.990231
0.639878
0.112909
0.916982
0.4051
0.586052
0.064461
0.348528
0.067106
0.30377
0.877969
0.528645
0.295544
0.881374
0.393047
0.315834
0.471712
0.720916
0.620496
0.239801
0.858352
0.524291
0.220947
0.313538
0.099806
0.418222
0.940279
0.900052
0.580719
0.912783
0.898941
0.247232
0.417943
0.768593
0.995121
0.710555
0.090531
0.37096
0.149041
0.162472
0.091553
0.758322
0.103196
0.64984
0.886998
0.401399
0.88256
0.17181
0.775155
0.511074
0.739638
0.305608
0.379995
0.749452
0.384536
0.871113
0.36275
0.957908
0.282301
0.314786
0.96357
0.891805
0.614811
0.768268
0.286824
0.881807
0.302911
0.976151
0.856166
0.527337
0.968269
0.174522
0.687754
0.776994
0.081725
0.963171
0.503101
0.893344
0.89479
0.474178
0.621161
0.133967
0.752285
0.079139
0.746844
0.566834
0.663941
0.488432
0.998996
0.521596
0.107667
0.471692
0.798853
0.399356
0.346133
0.425077
0.499643
0.733049
0.322553
0.306478
0.071196
0.932576
0.860441
0.238658
0.025262
0.026
0.041681
0.27711
0.279422
0.722078
0.922855
0.967265
0.228955
0.233397
0.880911
0.466687
0.150233
0.811988
0.459472
0.920442
0.872562
0.694456
0.855165
0.218449
0.747073
0.617628
0.692342
0.731404
0.481333
0.030644
0.635798
0.835902
0.171964
0.520715
0.705364
0.332646
0.345006
0.706057
0.67503
0.238178
0.892363
0.047584
0.075499
0.64099
0.617721
0.296922
0.577277
0.914696
0.378192
0.092241
0.560316
0.110658
0.857381
0.880844
0.399153
0.483375
0.789546
0.671823
0.49844
0.332272
0.235029
0.685045
0.013325
0.473288
0.299879
0.934542
0.843615
0.233099
0.390276
0.331364
0.445452
0.793014
0.952895
0.480733
0.072043
0.343594
0.685925
0.84889
0.253767
0.693567
0.88526
0.289818
0.23029
0.027049
0.404587
0.961507
0.069795
0.467828
0.931421
0.0901
0.18303
0.257783
0.151473
0.793943
0.064808
0.258831
0.075858
0.893931
0.020558
0.330284
0.559653
0.750113
0.44983
0.647779
0.260479
0.159695
0.625206
0.047055
0.286896
0.207368
0.938881
0.099976
0.187047
0.086869
0.118738
0.187044
0.378931
0.299112
0.803453
0.015785
0.527414
0.678664
0.890987
0.749577
0.442232
0.997589
0.021139
0.511289
0.890343
0.091995
0.502226
0.753649
0.604712
0.268691
0.885888
0.709208
0.781956
0.729909
0.771853
0.486817
0.037031
0.239097
0.711801
0.932639
0.067706
0.215819
0.330941
0.57571
0.956577
0.713377
0.585299
0.888006
0.119432
0.534036
0.45514
0.230333
0.446936
0.081514
0.295134
0.095111
0.429948
0.701378
0.892588
0.466758
0.35994
0.426644
0.51351
0.006081
0.560031
0.543418
0.75758
0.270153
0.568034
0.424636
0.585577
0.307485
0.330472
0.165891
0.740749
0.061546
0.761739
0.726297
0.076399
0.98578
0.315187
0.054355
0.850231
0.682622
0.585325
0.401727
0.889349
0.458375
0.717522
0.725451
0.543614
0.053822
0.778173
0.309004
0.453529
0.99744
0.5218
0.020294
0.232401
0.80466
0.711059
0.769359
0.1712
0.958547
0.281723
0.840129
0.383445
0.149026
0.636468
0.058029
0.427126
0.809288
0.61444
0.37694
0.373828
0.629377
0.924016
0.870026
0.892038
0.686328
0.630653
0.073557
0.198483
0.690064
0.869344
0.010668
0.615866
0.826806
0.562588
0.156854
0.845759
0.725133
0.677462
0.249439
0.869844
0.950662
0.766479
0.482748
0.359393
0.578398
0.311812
0.151137
0.487628
0.942066
0.878035
0.51988
0.363798
0.742368
0.807955
0.682506
0.967245
0.030029
0.321454
0.909309
0.871852
0.7025
0.679289
0.609758
0.275629
0.145887
0.639922
0.008747
0.642774
0.985067
0.108757
0.916833
0.622116
0.786676
0.072764
0.287739
0.568782
0.15105
0.947298
0.555709
0.842784
0.691742
0.619987
0.747267
0.196305
0.661524
0.450231
0.60057
0.643889
0.346838
0.978618
0.832453
0.712936
0.377141
0.4782
0.455766
0.656138
0.660931
0.726841
0.161866
0.228322
0.488939
0.689084
0.296818
0.308447
0.710099
0.910426
0.10354
0.217869
0.296181
0.975137
0.354798
0.110217
0.433876
0.13743
0.44546
0.196448
0.724918
0.865708
0.439742
0.604069
0.740837
0.971063
0.385118
0.989809
0.697619
0.719605
0.971245
0.516378
0.083539
0.426815
0.263777
0.098471
0.027801
0.40657
0.008248
0.262073
0.520072
0.922724
0.591189
0.381584
0.049623
0.820399
0.04972
0.962836
0.817186
0.728226
0.325655
0.24334
0.77071
0.474383
0.506717
0.039549
0.537776
0.162015
0.300329
0.79781
0.22494
0.733017
0.832363
0.072899
0.094114
0.763981
0.183571
0.1282
0.060762
0.292582
0.097428
0.832906
0.560507
0.031935
0.58424
0.910017
0.414575
0.717708
0.20266
0.715279
0.758676
0.851242
0.384191
0.413863
0.752271
0.594586
0.991572
0.243688
0.749826
0.084304
0.890931
0.807176
0.994989
0.323188
0.988191
0.96564
0.209281
0.217806
0.213878
0.965752
0.338132
0.775118
0.708925
0.451219
0.314112
0.023856
0.817854
0.457546
0.227029
0.552297
0.786977
0.145456
0.226967
0.789346
0.224425
0.779348
0.046425
0.231548
0.743026
0.047079
0.133996
0.440457
0.078676
0.165088
0.32559
0.497469
0.330159
0.826079
0.579409
0.035685
0.769665
0.017372
0.597044
0.641659
0.554552
0.896804
0.228501
0.876635
0.457755
0.183569
0.557639
0.526072
0.582889
0.045226
0.70001
0.546241
0.014415
0.445085
0.600015
0.32212
0.580239
0.479614
0.836896
0.867374
0.172087
0.476387
0.175436
0.253135
0.601888
0.726573
0.219696
0.755622
0.858004
0.227663
0.156205
0.235627
0.937472
0.28775
0.332168
0.390523
0.079893
0.870407
0.110792
0.209811
0.828036
0.077441
0.688403
0.867297
0.762288
0.410804
0.037536
0.904462
0.197705
0.346729
0.820864
0.844224
0.832697
0.408628
0.422107
0.064757
0.005138
0.456724
0.221932
0.963859
0.538133
0.084767
0.461691
0.181203
0.518315
0.814591
0.633121
0.954805
0.400902
0.719525
0.562529
0.4685
0.729545
0.758375
0.865045
0.679104
0.370531
0.197377
0.035237
0.845074
0.718118
0.294959
0.529352
0.770905
0.08218
0.692229
0.698883
0.363701
0.402241
0.136445
0.48574
0.030163
0.406424
0.427094
0.654564
0.78586
0.064982
0.694927
0.819236
0.223467
0.564035
0.200293
0.405277
0.352541
0.646821
0.299645
0.063317
0.726564
0.17487
0.575845
0.582894
0.446729
0.051153
0.925786
0.008032
0.793117
0.608319
0.083885
0.94115
0.569001
0.971131
0.56368
0.903953
0.8569
0.161125
0.299414
0.807959
0.511345
0.173454
0.728313
0.517717
0.131322
0.67282
0.093669
0.299235
0.343736
0.980429
0.690785
0.908835
0.281302
0.182965
0.753054
0.131249
0.874051
0.907999
0.513225
0.300029
0.047712
0.888995
0.771789
0.356286
0.569356
0.598082
0.908526
0.998829
0.474969
0.61373
0.030923
0.096353
0.900719
0.288217
0.375498
0.247628
0.188174
0.238227
0.580546
0.987588
0.072528
0.594135
0.545753
0.152753
0.283869
0.847484
0.188084
0.527296
0.466464
0.35642
0.775217
0.684652
0.115155
0.083177
0.048082
0.651105
0.336231
0.719381
0.320742
0.240327
0.773812
0.74768
0.126688
0.409849
0.401622
0.040139
0.484254
0.41548
0.138317
0.501077
0.337884
0.91653
0.35559
0.88776
0.015696
0.963738
0.133735
0.436936
0.187838
0.338192
0.031887
0.362503
0.445471
0.699443
0.603946
0.963562
0.785322
0.35532
0.683655
0.001869
0.251047
0.192775
0.477862
0.584117
0.886931
0.092007
0.686484
0.40059
0.636237
0.450571
0.535987
0.183971
0.437295
0.148469
0.246291
0.074678
0.535571
0.29546
0.349336
0.306428
0.151941
0.550222
0.624093
0.089819
0.111481
0.674187
0.813047
0.506666
0.441749
0.136679
0.679678
0.076052
0.403961
0.550631
0.757259
0.842332
0.587008
0.648661
0.006028
0.523746
0.882381
0.515645
0.510688
0.381209
0.250335
0.715927
0.23156
0.130202
0.282173
0.250032
0.622478
0.398257
0.208462
0.932065
0.527919
0.846682
0.007215
0.118689
0.489953
0.313016
0.902989
0.004691
0.757697
0.240564
0.663069
0.856407
0.128202
0.848242
0.413937
0.248816
0.847719
0.283291
0.481641
0.007798
0.844005
0.48907
0.022755
0.871949
0.911911
0.100196
0.152144
0.589028
0.906686
0.321656
0.603423
0.953275
0.756288
0.330984
0.610416
0.007156
0.26736
0.829859
0.848692
0.7933
0.268693
0.014012
0.631581
0.414028
0.948437
0.746237
0.50821
0.425256
0.823733
0.576323
0.963694
0.373026
0.868126
0.432421
0.311215
0.894187
0.415284
0.058187
0.516463
0.655126
0.937628
0.87506
0.707125
0.914272
0.283982
0.140554
0.473072
0.580912
0.763158
0.588702
0.963391
0.611293
0.856116
0.380699
0.05633
0.883049
0.461637
0.705048
0.444806
0.618782
0.078627
0.135556
0.046804
0.329384
0.818503
0.273745
0.023361
0.659273
0.221335
0.242882
0.012924
0.679252
0.674784
0.203379
0.885533
0.377709
0.821183
0.915306
0.755695
0.95798
0.445218
0.449618
0.780595
0.127988
0.849504
0.785833
0.521796
0.383838
0.558455
0.611215
0.617293
0.701708
0.577497
0.304929
0.481804
0.774629
0.629089
0.571298
0.611842
0.556489
0.572367
0.513818
0.793999
0.503684
0.769715
0.789777
0.340581
0.328809
0.260894
0.875298
0.242503
0.8481
0.603451
0.342353
0.662482
0.774725
0.883408
0.096933
0.480953
0.218793
0.001011
0.393419
0.988076
0.824314
0.34817
0.875253
0.610316
0.459212
0.577626
0.012977
0.57308
0.007502
0.535546
0.671076
0.008777
0.717726
0.465304
0.511794
0.473411
0.976976
0.243844
0.650216
0.42071
0.166578
0.759503
0.888773
0.903837
0.181141
0.65918
0.517604
0.632159
0.672846
0.256833
0.232757
0.943877
0.484194
0.652745
0.622241
0.44403
0.882405
0.831032
0.931044
0.61953
0.037326
0.577226
0.685544
0.08187
0.738234
0.173925
0.032729
0.483817
0.788632
0.936059
0.617173
0.690154
0.522787
0.575492
0.25228
0.697545
0.347728
0.973872
0.607006
0.29619
0.804175
0.173199
0.886692
0.308281
0.453779
0.710612
0.603532
0.290874
0.896302
0.176417
0.020285
0.055419
0.4731
0.46291
0.965442
0.577053
0.668917
0.396541
0.87637
0.225733
0.656045
0.928764
0.599175
0.940392
0.000778
0.839142
0.610346
0.291185
0.846994
0.145604
0.334163
0.563556
0.794251
0.397803
0.391473
0.895839
0.438726
0.639656
0.178537
0.021413
0.425184
0.649062
0.03647
0.231214
0.634151
0.004335
0.08104
0.18152
0.623177
0.379224
0.092283
0.601915
0.757616
0.932358
0.338922
0.592023
0.233274
0.87681
0.874345
0.088359
0.321691
0.529194
0.518075
0.534141
0.592555
0.743816
0.20973
0.374968
0.383559
0.788317
0.843261
0.939081
0.172546
0.669687
0.898356
0.911834
0.896279
0.473879
0.669026
0.785146
0.220059
0.037559
0.12516
0.851304
0.59135
0.37853
0.830631
0.419522
0.947988
0.514505
0.096394
0.097564
0.30306
0.053967
0.266916
0.9769
0.155603
0.786603
0.32767
0.315919
0.155386
0.54867
0.588401
0.780841
0.072454
0.678538
0.564602
0.089964
0.17848
0.892694
0.191561
0.417748
0.123466
0.013197
0.344772
0.38515
0.418248
0.733176
0.001037
0.092658
0.606183
0.048655
0.469138
0.640172
0.769992
0.916669
0.811365
0.953859
0.171777
0.043339
0.81871
0.76031
0.320623
0.914291
0.091608
0.480035
0.817985
0.297906
0.140962
0.811939
0.879763
0.279376
0.602749
0.355872
0.589375
0.759921
0.690778
0.565724
0.303781
0.701092
0.778482
0.167627
0.693765
0.858754
0.347179
0.874291
0.015221
0.868109
0.500531
0.017281
0.062445
0.73177
0.034891
0.611971
0.429637
0.794038
0.094417
0.481255
0.085353
0.56887
0.074164
0.237956
0.755822
0.233462
0.44008
0.45207
0.271017
0.377908
0.725946
0.984688
0.973
0.154545
0.696795
0.941024
0.986162
0.475316
0.885266
0.727694
0.368728
0.711041
0.417784
0.947709
0.376281
0.03311
0.966491
0.434955
0.03836
0.065889
0.367531
0.822354
0.080885
0.445257
0.080834
0.705492
0.230536
0.9375
0.940826
0.609362
0.184688
0.019061
0.988427
0.321775
0.109174
0.627908
0.680928
0.809464
0.541834
0.114747
0.08391
0.785749
0.943521
0.094524
0.717181
0.992901
0.465998
0.040159
0.935091
0.681608
0.576685
0.995488
0.578431
0.131477
0.11662
0.575945
0.637688
0.846001
0.32255
0.916753
0.903432
0.628413
0.178186
0.292511
0.515316
0.180709
0.162066
0.467049
0.133803
0.920908
0.667734
0.914149
0.502645
0.890675
0.72382
0.682227
0.379878
0.416814
0.882689
0.438888
0.825716
0.344621
0.849498
0.527724
0.871055
0.099679
0.299738
0.791001
0.437024
0.658284
0.634921
0.0131
0.384279
0.45775
0.798361
0.532967
0.852516
0.462314
0.744266
0.680998
0.454856
0.512981
0.816918
0.895818
0.878595
0.40145
0.261569
0.419086
0.141279
0.054601
0.181765
0.987308
0.209969
0.80708
0.250289
0.409579
0.977988
0.624263
0.924053
0.04828
0.734687
0.530089
0.615051
0.896257
0.807571
0.781732
0.838789
0.805677
0.595031
0.185471
0.344821
0.210976
0.829138
0.808797
0.269784
0.301397
0.781465
0.86249
0.419184
0.175985
0.149485
0.806229
0.344599
0.309264
0.218258
0.495794
0.520459
0.811479
0.578659
0.953981
0.790815
0.987589
0.937667
0.910729
0.854457
0.876369
0.839879
0.91037
0.150551
0.824103
0.816193
0.918056
0.500901
0.892833
0.184428
0.28234
0.528764
0.467038
0.826098
0.367971
0.014852
0.055904
0.821979
0.182888
0.028502
0.084958
0.035411
0.57098
0.955248
0.223812
0.515872
0.075364
0.514522
0.949922
0.789186
0.163426
0.507488
0.882605
0.341009
0.666894
0.380617
0.740349
0.941265
0.179049
0.541118
0.934835
0.469692
0.047611
0.344906
0.817248
0.474085
0.487087
0.29165
0.093619
0.424288
0.850371
0.80122
0.691572
0.566792
0.00738
0.108319
0.666156
0.435641
0.790565
0.942717
0.782783
0.288679
0.162413
0.584349
0.901165
0.09951
0.396961
0.449117
0.179097
0.065358
0.340622
0.322058
0.171156
0.439711
0.143557
0.558711
0.233447
0.697018
0.115466
0.798623
0.383084
0.259187
0.724157
0.433072
0.276218
0.3843
0.676047
0.440539
0.556129
0.996413
0.309906
0.529866
0.051689
0.603051
0.99144
0.219962
0.621458
0.138783
0.900861
0.605152
0.753712
0.071078
0.992044
0.84905
0.531466
0.004421
0.972067
0.665218
0.313428
0.861241
0.112289
0.361247
0.383705
0.530982
0.234719
0.412733
0.103589
0.078876
0.435219
0.151308
0.475151
0.966524
0.45226
0.636878
0.251226
0.192941
0.126074
0.258146
0.368296
0.094752
0.850033
0.431298
0.235428
0.737418
0.793092
0.772761
0.999942
0.517688
0.142269
0.012023
0.397304
0.205423
0.930779
0.798609
0.617024
0.607733
0.196499
0.090409
0.106702
0.604632
0.938619
0.336196
0.078939
0.170518
0.578366
0.808338
0.74786
0.212062
0.069858
0.695843
0.580623
0.041642
0.55085
0.483779
0.26547
0.718569
0.763976
0.822327
0.489455
0.158279
0.1184
0.90257
0.369796
0.095268
0.888988
0.906683
0.36789
0.655362
0.403449
0.979755
0.393479
0.0883
0.599603
0.6346
0.799425
0.958109
0.088066
0.943213
0.086358
0.280183
0.459635
0.595198
0.809894
0.579372
0.397836
0.291704
0.754983
0.874019
0.7525
0.678713
0.584013
0.482102
0.153308
0.631203
0.607248
0.613913
0.657843
0.013477
0.104729
0.586198
0.089117
0.130284
0.789867
0.416579
0.950434
0.803955
0.176107
0.15101
0.275696
0.819399
0.590936
0.458681
0.412543
0.52278
0.11074
0.50508
0.358581
0.044163
0.545132
0.549222
0.341923
0.040256
0.791483
0.120791
0.888766
0.197156
0.007446
0.606138
0.125471
0.548326
0.763696
0.843482
0.527753
0.538334
0.806424
0.435202
0.976289
0.670727
0.238327
0.64255
0.176384
0.581817
0.378916
0.954561
0.71292
0.660253
0.551479
0.616779
0.746594
0.987442
0.145799
0.024682
0.368598
0.858164
0.689749
0.931264
0.173692
0.7361
0.056161
0.581719
0.206312
0.738024
0.651748
0.272082
0.846982
0.691556
0.920688
0.477707
0.330106
0.29759
0.226172
0.970272
0.333539
0.106172
0.606603
0.313522
0.347815
0.462927
0.125858
0.248839
0.035832
0.450853
0.213267
0.200541
0.298288
0.747177
0.693648
0.406784
0.770145
0.009748
0.171961
0.298791
0.875136
0.778948
0.75475
0.463177
0.765512
0.109283
0.999795
0.932921
0.650728
0.321942
0.339503
0.781472
0.856231
0.294899
0.898129
0.374499
0.089939
0.486967
0.731002
0.498675
0.657804
0.428905
0.342266
0.947448
0.534051
0.482243
0.556957
0.450293
0.298497
0.737787
0.987679
0.114345
0.659635
0.484586
0.8457
0.046982
0.072874
0.721632
0.311805
0.533569
0.116246
0.408455
0.633299
0.689851
0.482773
0.605736
0.928099
0.77355
0.287369
0.94221
0.699425
0.910593
0.676484
0.606392
0.073826
0.944942
0.526922
0.959829
0.975804
0.344205
0.257376
0.25967
0.873178
0.986047
0.006363
0.675194
0.560946
0.32225
0.585431
0.861771
0.916663
0.035904
0.715406
0.389542
0.670069
0.90028
0.890626
0.071717
0.987945
0.07774
0.36134
0.990197
0.467297
0.229717
0.056729
0.180037
0.00781
0.642369
0.12783
0.067184
0.199149
0.674963
0.921303
0.193567
0.16905
0.636047
0.556754
0.209599
0.430003
0.851969
0.779984
0.47676
0.290792
0.656492
0.722309
0.030836
0.447151
0.353334
0.511988
0.018362
0.775299
0.295512
0.426839
0.271633
0.159712
0.245135
0.191661
0.545295
0.603539
0.783438
0.793471
0.201508
0.44052
0.361821
0.537342
0.523513
0.072866
0.992886
0.848447
0.678121
0.841276
0.942825
0.735035
0.207437
0.977381
0.871708
0.502714
0.759037
0.455053
0.761647
0.811456
0.041845
0.858267
0.991919
0.637714
0.245571
0.940479
0.152951
0.035794
0.613469
0.767182
0.166731
0.903421
0.684648
0.001031
0.409835
0.253812
0.839396
0.311164
0.015891
0.05334
0.699993
0.645145
0.643711
0.69191
0.846329
0.56028
0.857319
0.90068
0.160826
0.78465
0.540812
0.077884
0.499802
0.271186
0.487107
0.865258
0.374036
0.922255
0.34121
0.322454
0.172373
0.340541
0.893632
0.163785
0.318808
0.067768
0.567607
0.575295
0.374285
0.392941
0.66265
0.781353
0.281653
0.949074
0.403231
0.241642
0.271259
0.972664
0.086537
0.136777
0.521406
0.431097
0.782652
0.449634
0.195193
0.231678
0.597501
0.54923
0.466679
0.224709
0.907966
0.405613
0.56869
0.888093
0.961541
0.616006
0.609227
0.287647
0.69269
0.332806
0.435781
0.82348
0.168895
0.574686
0.638722
0.090211
0.868699
0.63555
0.370665
0.880617
0.584216
0.680204
0.645441
0.455348
0.071942
0.785214
0.236527
0.371817
0.782312
0.142847
0.774712
0.600642
0.608439
0.163377
0.104422
0.457031
0.891072
0.381661
0.425041
0.260885
0.716335
0.898466
0.847533
0.626845
0.292466
0.438734
0.818064
0.653371
0.640959
0.024362
0.545865
0.112812
0.595749
0.322518
0.311258
0.938777
0.866899
0.560488
0.099889
0.555946
0.896962
0.089862
0.49289
0.246187
0.712066
0.246487
0.962243
0.372133
0.432351
0.295384
0.579482
0.580833
0.731425
0.78252
0.84276
0.850592
0.179948
0.947178
0.638849
0.896357
0.188656
0.725463
0.961602
0.70349
0.193964
0.13927
0.919706
0.03263
0.882947
0.47042
0.181683
0.887977
0.311916
0.800672
0.855262
0.087691
0.481107
0.118069
0.922685
0.233185
0.200437
0.820403
0.293503
0.766096
0.061935
0.849696
0.79763
0.222598
0.056299
0.818583
0.96248
0.739299
0.47454
0.016029
0.284133
0.929171
0.513073
0.483943
0.033736
0.773647
0.112846
0.184839
0.896983
0.297844
0.420039
0.345343
0.490736
0.137526
0.002502
0.108179
0.651363
0.70882
0.565321
0.099618
0.33701
0.225669
0.335342
0.29111
0.732004
0.055379
0.464104
0.699815
0.446095
0.059222
0.297081
0.117427
0.45856
0.172271
0.980432
0.657358
0.501731
0.873844
0.389563
0.326109
0.534839
0.348396
0.179425
0.760808
0.832609
0.29228
0.808482
0.673793
0.180201
0.957584
0.693745
0.105161
0.750843
0.932005
0.24641
0.777923
0.875026
0.993839
0.760938
0.335655
0.785998
0.290267
0.322791
0.83741
0.794657
0.097167
0.80303
0.153584
0.16844
0.851245
0.289426
0.100682
0.064314
0.833894
0.74561
0.247321
0.348333
0.017278
0.822373
0.544386
0.276571
0.346022
0.062119
0.109724
0.741494
0.974659
0.370619
0.750972
0.001463
0.542322
0.249064
0.107053
0.197131
0.481327
0.76482
0.080578
0.715158
0.942864
0.487806
0.81393
0.912841
0.97743
0.08246
0.911548
0.940537
0.704344
0.703914
0.078577
0.275559
0.955147
0.797415
0.467005
0.945749
0.731384
0.613233
0.934432
0.726924
0.15361
0.099163
0.286364
0.042567
0.109255
0.287409
0.105632
0.870411
0.045732
0.791251
0.286263
0.77311
0.220957
0.91176
0.986338
0.214419
0.203359
0.278997
0.115961
0.512348
0.500291
0.162858
0.709233
0.362956
0.959238
0.87568
0.883294
0.104552
0.757761
0.060547
0.749991
0.883257
0.211528
0.955036
0.050973
0.924055
0.557672
0.024097
0.65648
0.768343
0.094048
0.5647
0.27481
0.578803
0.14365
0.840172
0.153876
0.638317
0.918911
0.948188
0.873784
0.069164
0.619682
0.389985
0.809787
0.553524
0.050645
0.843953
0.096939
0.876956
0.178042
0.825894
0.353938
0.96091
0.739084
0.225861
0.747503
0.687161
0.806464
0.159403
0.626762
0.937109
0.794358
0.046683
0.84229
0.952104
0.639705
0.229934
0.318622
0.81976
0.179231
0.118727
0.652297
0.712501
0.856275
0.562687
0.339813
0.877439
0.778385
0.259849
0.868766
0.181378
0.050543
0.780632
0.42524
0.019856
0.752836
0.214552
0.410752
0.709952
0.665273
0.34813
0.931444
0.458502
0.81685
0.147603
0.043745
0.98879
0.473488
0.189338
0.504578
0.549264
0.159725
0.285575
0.007535
0.153986
0.55882
0.598329
0.958198
0.842476
0.835297
0.323982
0.824145
0.76692
0.01253
0.543948
0.577663
0.92419
0.100541
0.190524
0.886258
0.657648
0.899557
0.143784
0.497971
0.223297
0.83702
0.429203
0.437273
0.629499
0.656911
0.29306
0.995521
0.782785
0.22235
0.84334
0.358159
0.325401
0.821048
0.066623
0.48726
0.297907
0.928386
0.965468
0.224363
0.152658
0.834235
0.046211
0.281838
0.924815
0.270723
0.198657
0.03677
0.584076
0.019164
0.734713
0.049497
0.779411
0.252365
0.764855
0.725685
0.045221
0.137105
0.566585
0.905435
0.513511
0.08291
0.16755
0.175711
0.227817
0.07149
0.461924
0.330021
0.437984
0.388813
0.271504
0.67307
0.287265
0.003298
0.904629
0.02904
0.93547
0.875788
0.939582
0.042432
0.659974
0.965128
0.439793
0.437493
0.14053
0.471476
0.851407
0.27512
0.287071
0.674398
0.072285
0.663392
0.30278
0.662566
0.890472
0.109659
0.933203
0.175307
0.519971
0.279146
0.41535
0.519356
0.378757
0.748674
0.659047
0.42432
0.396976
0.290033
0.882279
0.541078
0.222281
0.431639
0.337437
0.687197
0.275322
0.816436
0.422053
0.752869
0.605783
0.561974
0.163564
0.276904
0.760021
0.361975
0.456854
0.568147
0.025376
0.720695
0.963571
0.657456
0.006762
0.395835
0.339702
0.327361
0.683109
0.155054
0.855228
0.60964
0.386289
0.506009
0.42918
0.719984
0.064251
0.535191
0.602104
0.436585
0.361487
0.09765
0.365697
0.597214
0.828566
0.013337
0.831208
0.207546
0.788876
0.283046
0.00487
0.970129
0.658443
0.522253
0.110376
0.03506
0.527055
0.913369
0.110609
0.242706
0.886996
0.798475
0.61272
0.965456
0.231027
0.166277
0.769352
0.265146
0.401474
0.29741
0.005862
0.312709
0.841132
0.543151
0.59445
0.960606
0.870057
0.030633
0.977794
0.890226
0.051736
0.092291
0.109893
0.465084
0.827473
0.541121
0.57551
0.485307
0.240893
0.873222
0.792899
0.838837
0.935038
0.25062
0.772407
0.043296
0.514409
0.623243
0.71124
0.599737
0.225913
0.099146
0.227233
0.097702
0.526007
0.841344
0.950761
0.539677
0.754955
0.129409
0.110453
0.600793
0.59819
0.958989
0.824392
0.243486
0.982207
0.217786
0.448083
0.683496
0.599378
0.742908
0.798147
0.578782
0.214238
0.368473
0.487504
0.70745
0.558099
0.335154
0.920143
0.14693
0.779497
0.575052
0.976524
0.266066
0.276929
0.132521
0.181853
0.138828
0.164492
0.128044
0.191547
0.938494
0.558172
0.249843
0.511189
0.885195
0.760847
0.074954
0.264333
0.539288
0.763249
0.105293
0.431597
0.755138
0.49955
0.249667
0.012438
0.09515
0.325255
0.641362
0.775585
0.616032
0.647956
0.823813
0.748142
0.509543
0.922078
0.679777
0.027226
0.275179
0.269556
0.232872
0.789333
0.446591
0.05041
0.176247
0.854521
0.812755
0.23483
0.011854
0.927418
0.800561
0.02942
0.817258
0.326305
0.626539
0.38298
0.910372
0.046883
0.796873
0.015234
0.247929
0.055477
0.236943
0.264759
0.769794
0.490412
0.935345
0.375419
0.037859
0.919639
0.121673
0.056382
0.85599
0.395973
0.985536
0.694264
0.168205
0.034378
0.729078
0.845436
0.816835
0.712845
0.572619
0.979172
0.29319
0.666906
0.699885
0.906033
0.972155
0.858437
0.256211
0.807292
0.073929
0.458119
0.21553
0.278333
0.198177
0.984983
0.987691
0.439132
0.422466
0.638772
0.436364
0.604494
0.516718
0.824959
0.037728
0.651121
0.86353
0.000701
0.029925
0.4613
0.685219
0.456473
0.792304
0.401146
0.662165
0.525115
0.271531
0.005532
0.180592
0.908725
0.841874
0.202358
0.057765
0.024479
0.564306
0.953939
0.738338
0.407405
0.277312
0.692748
0.798378
0.640557
0.845213
0.391207
0.267057
0.752452
0.995068
0.714051
0.262874
0.278015
0.525142
0.58174
0.996626
0.603718
0.693806
0.413731
0.915973
0.843222
0.556657
0.822952
0.272567
0.259505
0.18658
0.738264
0.795667
0.967443
0.975187
0.67388
0.132992
0.008906
0.63466
0.670413
0.638957
0.559161
0.100136
0.955487
0.290803
0.588837
0.751959
0.884271
0.28946
0.25619
0.372357
0.257415
0.444982
0.809056
0.100838
0.870464
0.122837
0.511764
0.995315
0.86342
0.831881
0.159926
0.460895
0.397254
0.401127
0.75755
0.231329
0.713239
0.723638
0.545509
0.89546
0.853064
0.285303
0.409257
0.551237
0.145345
0.978705
0.435867
0.273247
0.487623
0.958971
0.756861
0.793908
0.19648
0.176007
0.928748
0.17279
0.674078
0.517473
0.184517
0.101501
0.396461
0.331257
0.07778
0.878241
0.591695
0.897173
0.655223
0.763224
0.447478
0.295622
0.981572
0.32349
0.090058
0.270226
0.310676
0.167429
0.464443
0.974767
0.869891
0.244937
0.420786
0.318845
0.220804
0.565308
0.177683
0.093576
0.547914
0.707411
0.182717
0.119245
0.186885
0.150595
0.927684
0.49667
0.115484
0.589543
0.524375
0.837766
0.268978
0.959054
0.275561
0.093954
0.680684
0.088207
0.717026
0.327058
0.406729
0.72514
0.543922
0.328837
0.874875
0.462954
0.503825
0.098242
0.799097
0.636539
0.429582
0.711255
0.707893
0.056006
0.337573
0.214792
0.586942
0.611697
0.933815
0.936888
0.864924
0.20698
0.285144
0.107327
0.999216
0.219506
0.853864
0.602327
0.58005
0.344327
0.250581
0.857093
0.83539
0.518641
0.979191
0.795942
0.424547
0.628733
0.116033
0.532053
0.943996
0.629037
0.532845
0.223599
0.179887
0.236825
0.784566
0.362506
0.437134
0.463231
0.081978
0.920885
0.368348
0.428339
0.21483
0.300717
0.869012
0.525455
0.07082
0.373938
0.817042
0.006834
0.174431
0.109059
0.482748
0.95968
0.260668
0.922429
0.365793
0.313812
0.760823
0.802178
0.868992
0.675973
0.763665
0.566661
0.256466
0.969054
0.813672
0.504449
0.257344
0.854624
0.468217
0.744758
0.682359
0.968156
0.085179
0.796402
0.462718
0.818473
0.602416
0.669619
0.155674
0.474283
0.474179
0.700758
0.511217
0.407389
0.006624
0.220059
0.148599
0.357243
0.899446
0.765152
0.095461
0.675475
0.697258
0.915257
0.069772
0.175114
0.715355
0.360714
0.429443
0.372471
0.830743
0.465025
0.591883
0.885187
0.103378
0.619513
0.072431
0.758845
0.736286
0.398862
0.976763
0.346814
0.701527
0.08013
0.029177
0.270915
0.856085
0.470908
0.095924
0.289553
0.385413
0.72602
0.183946
0.151392
0.902592
0.623297
0.5382
0.88857
0.397918
0.918463
0.129611
0.288686
0.899807
0.428345
0.928199
0.093857
0.850941
0.218469
0.478987
0.264605
0.779598
0.937467
0.80055
0.828565
0.0059
0.489806
0.241206
0.068999
0.142792
0.272967
0.573942
0.906753
0.57607
0.892898
0.415632
0.185609
0.764
0.009454
0.543867
0.620356
0.090129
0.085218
0.768625
0.475371
0.471939
0.474489
0.558167
0.849765
0.025783
0.23623
0.638952
0.519107
0.85766
0.402089
0.692088
0.333444
0.777185
0.448845
0.5551
0.303563
0.1932
0.438861
0.664026
0.478732
0.919988
0.046435
0.996792
0.675409
0.651311
0.183869
0.513268
0.171537
0.462103
0.901561
0.435501
0.697025
0.540152
0.552224
0.826162
0.367577
0.365522
0.472483
0.799822
0.673173
0.440193
0.565542
0.056668
0.517096
0.644886
0.603272
0.845373
0.307245
0.421808
0.440841
0.724118
0.253701
0.721663
0.224127
0.633957
0.555579
0.449352
0.626099
0.224484
0.662585
0.843226
0.13935
0.949799
0.528503
0.183168
0.111453
0.749866
0.652212
0.9252
0.888888
0.713251
0.390724
0.363916
0.829331
0.826553
0.316425
0.029221
0.601785
0.309111
0.15262
0.745591
0.224617
0.912955
0.084008
0.428438
0.428508
0.88548
0.277392
0.747847
0.996424
0.433211
0.671597
0.059038
0.868674
0.809122
0.182522
0.268409
0.092563
0.847527
0.747083
0.983779
0.733557
0.026605
0.07926
0.501674
0.008477
0.673711
0.300068
0.533222
0.294815
0.366061
0.607812
0.045413
0.625086
0.338709
0.084563
0.700836
0.811542
0.050457
0.936258
0.047817
0.618154
0.776621
0.930283
0.360843
0.73923
0.594413
0.853013
0.67654
0.176345
0.890293
0.535729
0.162175
0.219892
0.619089
0.503623
0.688243
0.717063
0.008756
0.734473
0.634253
0.840667
0.319131
0.995968
0.384925
0.243751
0.915263
0.911356
0.758539
0.748539
0.990158
0.255222
0.691934
0.427001
0.473315
0.839841
0.090293
0.139379
0.694362
0.723475
0.604502
0.281473
0.4784
0.247526
0.528204
0.340425
0.043228
0.785391
0.44572
0.2093
0.040587
0.507454
0.969005
0.708744
0.884192
0.592529
0.866494
0.906719
0.362685
0.624245
0.919535
0.266784
0.903527
0.287997
0.947973
0.846255
0.937537
0.5819
0.538095
0.845544
0.039848
0.723531
0.343506
0.331896
0.198789
0.51704
0.522113
0.075845
0.288469
0.473628
0.312677
0.604346
0.459844
0.53712
0.553215
0.043041
0.645937
0.316366
0.133342
0.638711
0.069413
0.110741
0.229232
0.979453
0.830061
0.823815
0.944335
0.760817
0.458936
0.350977
0.101711
0.973944
0.45543
0.980174
0.337094
0.619536
0.296602
0.145099
0.96075
0.881663
0.325969
0.782985
0.242449
0.934357
0.8228
0.955469
0.805596
0.536542
0.00402
0.594173
0.613936
0.722503
0.590412
0.476308
0.683554
0.368098
0.677014
0.878793
0.98404
0.958215
0.474111
0.404475
0.53797
0.095886
0.893013
0.312698
0.172783
0.068627
0.600937
0.617003
0.090783
0.152665
0.17728
0.626068
0.91111
0.037072
0.445923
0.021007
0.209179
0.715841
0.261539
0.368416
0.876797
0.356158
0.306353
0.78843
0.613789
0.879651
0.445899
0.733708
0.222481
0.863014
0.987399
0.540044
0.814872
0.236368
0.785245
0.877707
0.37383
0.072282
0.912549
0.109824
0.66267
0.724438
0.635148
0.100761
0.826997
0.645062
0.643673
0.299262
0.097867
0.783403
0.600354
0.667133
0.51037
0.254965
0.362
0.617877
0.401618
0.497822
0.927078
0.853006
0.041032
0.449216
0.021551
0.419096
0.8785
0.812419
0.589243
0.735356
0.807843
0.053796
0.030132
0.784573
0.448056
0.972434
0.545035
0.205763
0.193473
0.516769
0.695268
0.558266
0.453934
0.773504
0.385789
0.270296
0.998534
0.732196
0.610579
0.852313
0.04582
0.791811
0.818317
0.976655
0.991587
0.733954
0.379481
0.984094
0.112493
0.235982
0.868177
0.433445
0.999454
0.607532
0.225379
0.225318
0.082381
0.675764
0.253385
0.967152
0.458577
0.576305
0.407001
0.779263
0.582512
0.728162
0.417278
0.902756
0.717749
0.092784
0.95355
0.472896
0.364195
0.572686
0.300755
0.630329
0.974095
0.373882
0.198392
0.029495
0.101571
0.976991
0.79121
0.520571
0.916225
0.441782
0.364631
0.060393
0.321378
0.648958
0.935997
0.508042
0.991273
0.22177
0.596604
0.887383
0.6862
0.153875
0.147614
0.030152
0.047541
0.275711
0.96461
0.970624
0.982465
0.456044
0.2729
0.965077
0.205597
0.662606
0.101413
0.361114
0.45784
0.79388
0.23569
0.478459
0.236929
0.960042
0.940759
0.256338
0.113885
0.106058
0.925339
0.82789
0.901594
0.456112
0.339761
0.246169
0.519642
0.514226
0.844145
0.160359
0.736233
0.552256
0.708916
0.448345
0.759369
0.371443
0.781812
0.471407
0.727031
0.219568
0.441022
0.816051
0.759501
0.136789
0.103092
0.572126
0.170738
0.423464
0.224972
0.689096
0.276116
0.931278
0.956788
0.470522
0.240557
0.081778
0.130506
0.075205
0.280103
0.669689
0.307764
0.991922
0.022737
0.461068
0.614331
0.3527
0.410472
0.441693
0.772482
0.600528
0.594549
0.075348
0.607162
0.359438
0.213042
0.662531
0.765647
0.28679
0.921935
0.739632
0.5774
0.010926
0.583364
0.412126
0.631634
0.096282
0.527429
0.191489
0.961855
0.856814
0.515377
0.952133
0.408869
0.708098
0.695727
0.100745
0.838149
0.800065
0.885043
0.542194
0.164535
0.618379
0.974287
0.068036
0.041818
0.120355
0.289129
0.052015
0.41937
0.993328
0.56041
0.446081
0.328577
0.234703
0.979966
0.910947
0.337739
0.156384
0.336992
0.747169
0.017308
0.228071
0.427504
0.379482
0.724418
0.417245
0.94098
0.044517
0.938609
0.327347
0.127101
0.893217
0.354165
0.541748
0.275738
0.782271
0.319106
0.245421
0.072433
0.723068
0.269608
0.380914
0.403144
0.825742
0.275798
0.041495
0.47079
0.485054
0.71937
0.904047
0.711715
0.838263
0.521894
0.123281
0.359778
0.842834
0.214718
0.263141
0.873271
0.020697
0.061007
0.371397
0.402845
0.569726
0.310058
0.864923
0.532314
0.27654
0.603621
0.987985
0.207798
0.519631
0.166723
0.673404
0.946841
0.213283
0.64365
0.223283
0.827274
0.028125
0.648951
0.211643
0.643561
0.920573
0.129541
0.756802
0.024214
0.941766
0.014422
0.619587
0.602809
0.295531
0.351599
0.009267
0.299444
0.623477
0.767472
0.965983
2.8e-05
0.371848
0.613896
0.754989
0.626306
0.859864
0.786902
0.667883
0.302734
0.456877
0.058263
0.757593
0.650889
0.315218
0.934778
0.467828
0.672707
0.111767
0.182398
0.653591
0.608588
0.437562
0.297375
0.221031
0.268833
0.813159
0.542583
0.847268
0.011439
0.764334
0.866091
0.959949
0.68352
0.099448
0.440583
0.355468
0.001558
0.481699
0.446498
0.32536
0.233915
0.690703
0.184716
0.986109
0.633954
0.401055
0.235817
0.4552
0.114074
0.123239
0.803992
0.451464
0.111853
0.055567
0.150413
0.844602
0.834129
0.288961
0.289286
0.930592
0.609228
0.449036
0.001299
0.302379
0.122805
0.20583
0.433172
0.402257
0.345612
0.295655
0.812295
0.497702
0.774265
0.424599
0.182275
0.466274
0.648076
0.406944
0.571473
0.13515
0.022612
0.527968
0.85018
0.268583
0.603676
0.729206
0.267583
0.585135
0.466329
0.042239
0.450801
0.631558
0.499646
0.948455
0.242635
0.916293
0.458436
0.515636
0.065572
0.714557
0.245096
0.719956
0.943409
0.630826
0.105521
0.62632
0.33671
0.119508
0.197697
0.225483
0.241024
0.959583
0.213095
0.435456
0.624403
0.438167
0.711092
0.832407
0.959763
0.265676
0.272431
0.307717
0.810106
0.967004
0.486197
0.056171
0.014769
0.748097
0.252921
0.462191
0.990723
0.110981
0.036564
0.001557
0.692758
0.949587
0.260203
0.130924
0.359499
0.013
0.091153
0.404268
0.90168
0.377445
0.756071
0.667107
0.742976
0.140318
0.563078
0.037042
0.287732
0.739919
0.242818
0.705447
0.987272
0.383152
0.530945
0.911046
0.522999
0.418652
0.625791
0.72365
0.795841
0.413945
0.955419
0.475336
0.251393
0.422881
0.309228
0.028579
0.952997
0.223745
0.64338
0.550636
0.088927
0.712069
0.965374
0.547649
0.652481
0.943324
0.368915
0.380982
0.08205
0.663398
0.370536
0.309509
0.74995
0.493288
0.932458
0.146698
0.29573
0.393367
0.65848
0.160482
0.997644
0.932584
0.140065
0.397165
0.099168
0.350772
0.118757
0.558175
0.995663
0.756795
0.187807
0.176951
0.350758
0.311258
0.83478
0.243378
0.581735
0.69928
0.444296
0.404022
0.030276
0.952894
0.721734
0.385254
0.587978
0.301732
0.968672
0.074536
0.341922
0.785817
0.942996
0.515664
0.359802
0.004035
0.574832
0.372024
0.565665
0.104459
0.656596
0.142113
0.989021
0.134168
0.133327
0.560594
0.361335
0.150817
0.81209
0.205208
0.140642
0.604972
0.075505
0.30102
0.00505
0.961343
0.919266
0.978519
0.037197
0.835088
0.062168
0.031174
0.817794
0.074217
0.571719
0.72109
0.074312
0.059061
0.985621
0.773483
0.988074
0.207625
0.405724
0.366557
0.07105
0.391214
0.592693
0.417853
0.91566
0.382194
0.934731
0.148265
0.631817
0.718343
0.663682
0.187887
0.944224
0.897644
0.851898
0.924291
0.061318
0.652024
0.75474
0.837133
0.620834
0.313785
0.592576
0.831122
0.450181
0.88323
0.516337
0.031478
0.715754
0.526196
0.177033
0.727308
0.213658
0.343138
0.056238
0.727973
0.751219
0.252241
0.002733
0.800911
0.416168
0.008983
0.375818
0.046028
0.038762
0.422525
0.860877
0.411671
0.450361
0.787815
0.614981
0.333769
0.721928
0.690322
0.825578
0.891106
0.155344
0.875757
0.340066
0.759004
0.859568
0.184971
0.705983
0.195346
0.399238
0.488112
0.635931
0.029791
0.430045
0.601574
0.387131
0.799075
0.587769
0.723669
0.554678
0.951688
0.709935
0.745593
0.795491
0.175011
0.671299
0.931085
0.85345
0.848871
0.894932
0.832281
0.091172
0.764962
0.588708
0.745969
0.909372
0.922716
0.295615
0.697177
0.224175
0.718154
0.747112
0.035794
0.137885
0.973839
0.379016
0.690439
0.740708
0.462495
0.198151
0.934522
0.096514
0.018141
0.899807
0.88035
0.703127
0.407986
0.999857
0.75765
0.800149
0.362112
0.133425
0.986838
0.479447
0.188926
0.00532
0.310641
0.927622
0.583298
0.123099
0.978395
0.520761
0.024935
0.550746
0.051025
0.463285
0.811051
0.935992
0.428562
0.24755
0.437233
0.04
0.652437
0.213812
0.993908
0.576636
0.082318
0.644467
0.305609
0.785448
0.522594
0.415174
0.919651
0.492688
0.853527
0.875454
0.143253
0.14552
0.378855
0.843242
0.303622
0.798108
0.49137
0.228803
0.511762
0.402345
0.607293
0.505124
0.610405
0.70665
0.375565
0.915347
0.744685
0.075149
0.278473
0.868268
0.441191
0.843961
0.682542
0.072632
0.270353
0.315287
0.812946
0.767678
0.726585
0.841416
0.666933
0.28791
0.872383
0.737697
0.889868
0.747049
0.042824
0.126764
0.505712
0.720107
0.086217
0.832463
0.896589
0.626206
0.661455
0.075353
0.547506
0.024518
0.128151
0.899337
0.250917
0.216647
0.645139
0.691026
0.512737
0.722576
0.920158
0.952873
0.256879
0.620428
0.554578
0.635727
0.937635
0.241371
0.29386
0.296055
0.219271
0.722263
0.418333
0.420916
0.496346
0.366711
0.841848
0.320036
0.259913
0.169499
0.751312
0.328126
0.764615
0.123295
0.897225
0.253306
0.352311
0.818542
0.168541
0.18043
0.569977
0.383336
0.546432
0.171295
0.677641
0.596876
0.146778
0.634802
0.260554
0.356537
0.941146
0.371825
0.124635
0.258674
0.576688
0.414897
0.413645
0.674035
0.807344
0.514462
0.78419
0.108298
0.487135
0.084815
0.611725
0.295887
0.461039
0.317717
0.757754
0.895964
0.773471
0.328542
0.800443
0.799126
0.502323
0.939661
0.271107
0.347451
0.215523
0.698939
0.410778
0.086177
0.337046
0.246429
0.835453
0.570537
0.809169
0.304628
0.571196
0.970213
0.441615
0.884834
0.687003
0.831865
0.425321
0.90541
0.331656
0.353847
0.443951
0.604273
0.332007
0.651716
0.357439
0.179604
0.979994
0.162396
0.147893
0.867125
0.60538
0.597961
0.73244
0.546954
0.643361
0.131145
0.031761
0.367808
0.940729
0.904646
0.45028
0.232806
0.745322
0.305422
0.935181
0.297576
0.535642
0.769455
0.934247
0.202063
0.138193
0.016948
0.107866
0.319166
0.643404
0.420677
0.819417
0.646336
0.115454
0.671602
0.496088
0.031999
0.032961
0.646087
0.713309
0.746045
0.346321
0.254367
0.461758
0.581448
0.287921
0.738242
0.280539
0.523407
0.852894
0.972189
0.986467
0.170719
0.269851
0.155452
0.341043
0.26425
0.668087
0.667546
0.869064
0.135831
0.299824
0.08283
0.107231
0.400672
0.080385
0.151196
0.08593
0.13755
0.71204
0.627939
0.734077
0.723279
0.099475
0.822584
0.37155
0.271703
0.272769
0.612389
0.871492
0.039897
0.446222
0.977476
0.172204
0.071661
0.195007
0.601395
0.03846
0.244209
0.343604
0.103226
0.066185
0.276999
0.09839
0.587502
0.863711
0.456286
0.592013
0.312512
0.719493
0.42064
0.556944
0.247391
0.040476
0.49638
0.685908
0.072619
0.587488
0.702981
0.711533
0.513864
0.076039
0.197845
0.11174
0.413918
0.873603
0.301696
0.695469
0.292348
0.054798
0.910025
0.359794
0.269858
0.052354
0.762337
0.038345
0.879996
0.461828
0.953238
0.362907
0.055238
0.746669
0.410369
0.60995
0.997869
0.438576
0.971297
0.653527
0.77256
0.670492
0.226048
0.699534
0.220939
0.251244
0.955437
0.899981
0.696013
0.137874
0.135181
0.211041
0.263978
0.605136
0.906754
0.306565
0.95984
0.11609
0.365618
0.210867
0.646157
0.881555
0.374522
0.541922
0.786389
0.97753
0.992519
0.861914
0.947009
0.392032
0.049932
0.812397
0.303115
0.231368
0.180508
0.260859
0.593384
0.565564
0.53533
0.502313
0.97005
0.264388
0.544855
0.377575
0.352295
0.930289
0.15959
0.939672
0.139125
0.18494
0.479409
0.252647
0.385776
0.607227
0.770065
0.660261
0.436272
0.033914
0.060666
0.560527
0.825806
0.079951
0.960436
0.686991
0.96578
0.091156
0.058416
0.100515
0.524447
0.455689
0.732931
0.637953
0.16147
0.524384
0.383504
0.705307
0.644883
0.833049
0.044497
0.153357
0.823902
0.842372
0.708876
0.46461
0.672449
0.28501
0.950324
0.323183
0.170987
0.914255
0.185466
0.698992
0.450987
0.923729
0.814357
0.73312
0.311144
0.623025
0.09509
0.554246
0.985814
0.803712
0.64033
0.890585
0.818942
0.790748
0.623511
0.540766
0.05059
0.241361
0.289727
0.401474
0.923585
0.420793
0.116276
0.447932
0.914091
0.352112
0.909711
0.037846
0.339543
0.600043
0.252399
0.530395
0.731958
0.558352
0.91546
0.240545
0.747946
0.048222
0.299651
0.935941
0.273459
0.371254
0.019449
0.110458
0.853879
0.879787
0.676645
0.63681
0.832447
0.787521
0.645954
0.309218
0.688077
0.248974
0.518987
0.445667
0.020644
0.714369
0.276278
0.495562
0.993746
0.531571
0.647185
0.957673
0.442655
0.332434
0.584332
0.973603
0.535588
0.346541
0.287082
0.452004
0.933445
0.570832
0.734255
0.75295
0.793499
0.474527
0.690211
0.778459
0.573408
0.28057
0.902098
0.091326
0.843161
0.987005
0.48734
0.472122
0.309659
0.943247
0.030184
0.93135
0.05316
0.455619
0.542172
0.192011
0.628684
0.364741
0.046068
0.798976
0.722389
0.911782
0.861938
0.222927
0.378382
0.469017
0.237436
0.507563
0.220983
0.518234
0.376762
0.281593
0.448633
0.901511
0.583538
0.335553
0.182842
0.836383
0.434318
0.5195
0.315422
0.054813
0.492579
0.339158
0.72296
0.003754
0.745193
0.114852
0.779952
0.639923
0.65925
0.346048
0.389823
0.379909
0.462487
0.927888
0.324004
0.155896
0.267235
0.082409
0.681628
0.378473
0.144627
0.64801
0.317419
0.519278
0.212783
0.707005
0.360243
0.277455
0.65606
0.426294
0.175595
0.515867
0.147475
0.718788
0.01303
0.587113
0.76841
0.581982
0.673213
0.134068
0.968896
0.09681
0.674509
0.4511
0.369689
0.013869
0.887545
0.743274
0.941754
0.837899
0.287606
0.902885
0.211641
0.101382
0.78456
0.365279
0.266307
0.258693
0.834879
0.883333
0.906119
0.868468
0.523862
0.130104
0.354736
0.470304
0.693265
0.033828
0.252743
0.413346
0.582238
0.886726
0.251406
0.312068
0.343401
0.725868
0.068819
0.66625
0.803855
0.620357
0.10953
0.682277
0.834732
0.806397
0.126759
0.28269
0.813847
0.397413
0.382291
0.338622
0.628207
0.754337
0.926637
0.406463
0.121576
0.31922
0.818554
0.5553
0.439478
0.428547
0.816675
0.878583
0.58886
0.454879
0.057499
0.814669
0.344815
0.59077
0.328135
0.874437
0.243238
0.671343
0.575016
0.280178
0.587823
0.433061
0.667645
0.171905
0.245485
0.241435
0.095381
0.603034
0.333707
0.181013
0.443323
0.55105
0.605414
0.63473
0.81582
0.731394
0.007597
0.378947
0.389213
0.773087
0.245072
0.652464
0.170019
0.516137
0.329886
0.674697
0.645603
0.193924
0.32909
0.762885
0.311714
0.388245
0.800327
0.373156
0.542566
0.122914
0.581631
0.392631
0.319286
0.279576
0.224479
0.220662
0.248508
0.87786
0.311784
0.120115
0.021864
0.003807
0.970981
0.147461
0.080452
0.189622
0.321575
0.059538
0.245937
0.096259
0.237756
0.280919
0.015684
0.777302
0.274721
0.017016
0.842684
0.048549
0.742253
0.375268
0.167374
0.957403
0.463508
0.841022
0.686259
0.054297
0.858124
0.924205
0.777669
0.390818
0.378965
0.917476
0.292199
0.348635
0.152805
0.207352
0.647847
0.727194
0.235718
0.447067
0.305622
0.193264
0.309789
0.593762
0.590171
0.83146
0.081237
0.513242
0.841919
0.830202
0.771646
0.07386
0.861458
0.367662
0.725699
0.809422
0.131025
0.601198
0.695631
0.437431
0.320509
0.98747
0.364456
0.405893
0.20237
0.996569
0.390114
0.148186
0.42002
0.669772
0.676615
0.918108
0.227768
0.746
0.37564
0.043039
0.048237
0.151335
0.114726
0.146222
0.526328
0.015561
0.259839
0.259061
0.272221
0.487575
0.63767
0.004305
0.262512
0.554673
0.799224
0.412526
0.440762
0.636349
0.061378
0.186217
0.456492
0.214758
0.363472
0.915592
0.451838
0.180762
0.780246
0.835018
0.282408
0.349117
0.099078
0.893925
0.388932
0.496926
0.322564
0.863071
0.148422
0.357181
0.142644
0.623103
0.889368
0.522263
0.445146
0.335645
0.660313
0.093162
0.599149
0.858787
0.600401
0.360632
0.68214
0.292856
0.064748
0.701993
0.793151
0.146776
0.594434
0.021445
0.296777
0.783008
0.450011
0.745471
0.692932
0.421075
0.359636
0.910364
0.511918
0.359838
0.734921
0.890334
0.892187
0.001383
0.174012
0.398075
0.594338
0.365057
0.587052
0.061675
0.280474
0.520981
0.124507
0.784446
0.149392
0.528554
0.551293
0.984599
0.036442
0.068323
0.422855
0.345871
0.919902
0.359376
0.2148
0.438511
0.806868
0.471413
0.056886
0.336359
0.642489
0.15478
0.141352
0.554116
0.734666
0.104375
0.877504
0.891745
0.128736
0.888393
0.363956
0.176051
0.349648
0.842729
0.100778
0.738645
0.117457
0.900316
0.755629
0.153228
0.077849
0.472883
0.305815
0.098296
0.625536
0.309684
0.759469
0.076368
0.878949
0.103051
0.346148
0.281079
0.441591
0.162305
0.13679
0.966189
0.077517
0.753552
0.591452
0.114588
0.77479
0.888823
0.03818
0.878044
0.301682
0.129057
0.797652
0.425164
0.324941
0.750289
0.636479
0.624642
0.336965
0.79124
0.704772
0.527373
0.838727
0.68056
0.550547
0.496784
0.419255
0.067575
0.077591
0.603236
0.381722
0.328063
0.667492
0.042615
0.827648
0.581164
0.59545
0.081111
0.438709
0.688398
0.727359
0.772535
0.564331
0.392228
0.448315
0.560956
0.011836
0.20414
0.923843
0.800912
0.570673
0.293363
0.563667
0.340167
0.074635
0.374499
0.208824
0.564273
0.133158
0.806567
0.828647
0.198359
0.076338
0.282325
0.435188
0.603796
0.395366
0.26887
0.307998
0.493285
0.631153
0.384051
0.880594
0.22241
0.975303
0.270415
0.980133
0.440273
0.918747
0.896517
0.593841
0.352821
0.916273
0.59751
0.036857
0.925949
0.504175
0.420258
0.688868
0.473306
0.640735
0.608392
0.00704
0.043128
0.828383
0.637728
0.705095
0.281285
0.139319
0.769986
0.404704
0.528395
0.848797
0.612618
0.874573
0.283476
0.163674
0.016963
0.782574
0.288427
0.777735
0.870021
0.581928
0.150165
0.272455
0.010852
0.056969
0.533494
0.747618
0.315142
0.642151
0.89632
0.410641
0.155007
0.572561
0.070702
0.992713
0.829813
0.95661
0.411483
0.959748
0.155382
0.413275
0.835416
0.562302
0.459512
0.668728
0.573005
0.248012
0.630203
0.40971
0.016284
0.924796
0.374682
0.915126
0.628679
0.673777
0.637077
0.741721
0.805247
0.632566
0.850733
0.912548
0.752258
0.575935
0.695737
0.840219
0.426407
0.168977
0.845821
0.533772
0.225925
0.408146
0.107525
0.150966
0.722789
0.180294
0.297676
0.126398
0.596486
0.169291
0.029981
0.530341
0.751564
0.628881
0.757518
0.099994
0.674317
0.283392
0.481291
0.495068
0.461975
0.92299
0.486153
0.772942
0.970354
0.855931
0.468941
0.089801
0.607545
0.745557
0.096177
0.79473
0.015203
0.587682
0.892845
0.435207
0.056862
0.06099
0.002112
0.006302
0.862373
0.952237
0.052481
0.103265
0.34472
0.530621
0.967941
0.896691
0.54912
0.547211
0.011269
0.781765
0.152893
0.323016
0.244492
0.898432
0.585189
0.874325
0.26707
0.614452
0.614566
0.342445
0.997865
0.631891
0.207717
0.356896
0.423664
0.775926
0.611767
0.47687
0.034514
0.146231
0.936354
0.078972
0.522719
0.912191
0.785183
0.795644
0.059248
0.660948
0.662303
0.683752
0.992436
0.777123
0.342093
0.233784
0.090892
0.872902
0.281553
0.953188
0.210443
0.124742
0.650115
0.541276
0.329728
0.214619
0.820996
0.112544
0.526542
0.825677
0.927239
0.819103
0.371958
0.607707
0.878186
0.891329
0.329413
0.295516
0.608532
0.679269
0.515166
0.64564
0.442717
0.079509
0.951715
0.445427
0.521459
0.727538
0.594922
0.245024
0.045428
0.48913
0.23087
0.301696
0.417852
0.040321
0.36
0.396481
0.122351
0.075172
0.071218
0.45267
0.328733
0.649033
0.047105
0.008249
0.275145
0.481863
0.185528
0.824698
0.378167
0.77449
0.862581
0.392472
0.419303
0.460374
0.184437
0.246431
0.335015
0.463568
0.86143
0.132731
0.298499
0.579353
0.085031
0.924009
0.362121
0.982565
0.17182
0.966021
0.933527
0.024989
0.27456
0.104402
0.705294
0.500989
0.422874
0.219711
0.001299
0.025837
0.65259
0.023401
0.465711
0.590811
0.670762
0.216114
0.773296
0.800567
0.339903
0.466678
0.943323
0.931788
0.018843
0.668712
0.204145
0.894746
0.222781
0.80755
0.997347
0.417282
0.086821
0.474198
0.157103
0.295044
0.589378
0.575594
0.47426
0.137132
0.584301
0.952943
0.293859
0.948952
0.579614
0.270796
0.964785
0.803219
0.276363
0.902843
0.60043
0.416346
0.960691
0.127444
0.515983
0.4858
0.332802
0.958274
0.47928
0.077826
0.119727
0.753232
0.59127
0.279831
0.704562
0.221501
0.707403
0.729798
0.683378
0.232337
0.011544
0.5269
0.358954
0.446143
0.501713
0.488515
0.741492
0.66949
0.240527
0.627607
0.583186
0.064338
0.860406
0.866619
0.38492
0.458777
0.786831
0.913619
0.082079
0.815614
0.990574
0.051825
0.608297
0.799092
0.34701
0.749662
0.732482
0.520991
0.281372
0.587239
0.433513
0.953559
0.399294
0.679708
0.307884
0.176281
0.421062
0.64132
0.590131
0.774211
0.592823
0.621655
0.043167
0.739663
0.122458
0.99767
0.708455
0.828604
0.519985
0.183893
0.265379
0.602809
0.417099
0.97511
0.864418
0.93615
0.74758
0.966387
0.727088
0.499352
0.60555
0.027694
0.574163
0.860497
0.252926
0.005793
0.030512
0.441846
0.162378
0.872538
0.980362
0.079154
0.723811
0.465228
0.211872
0.669171
0.868808
0.105493
0.021116
0.297418
0.819023
0.963437
0.120942
0.565706
0.195194
0.349147
0.145554
0.744316
0.357879
0.544247
0.097585
0.555743
0.164096
0.020824
0.090852
0.60605
0.400423
0.044636
0.746349
0.239987
0.838401
0.582252
0.493902
0.64574
0.744389
0.634913
0.470855
0.557673
0.520809
0.789517
0.899108
0.448963
0.372023
0.152539
0.603413
0.371611
0.830311
0.568983
0.28243
0.67916
0.323799
0.457835
0.124745
0.838167
0.535406
0.70511
0.35873
0.544106
0.892552
0.182746
0.146524
0.517641
0.419395
0.591986
0.748943
0.230061
0.694907
0.848632
0.294824
0.716835
0.781754
0.082044
0.707234
0.098421
0.444075
0.499301
0.809613
0.888324
0.84349
0.749102
0.50964
0.21434
0.096091
0.653386
0.134253
0.362321
0.607987
0.158358
0.995552
0.602914
0.927566
0.405846
0.140517
0.365281
0.640072
0.288824
0.675648
0.380883
0.366906
0.220944
0.1335
0.536382
0.328714
0.690643
0.247554
0.373338
0.030017
0.703652
0.123255
0.118871
0.322171
0.249259
0.375655
0.757044
0.076569
0.069212
0.606399
0.58199
0.09089
0.206871
0.405324
0.826855
0.159079
0.647145
0.683012
0.871483
0.854523
0.759452
0.342724
0.251079
0.842142
0.15418
0.290351
0.408766
0.529109
0.167564
0.804824
0.11687
0.552791
0.226608
0.410911
0.844525
0.752558
0.64
0.499736
0.904736
0.945934
0.197371
0.093231
0.224966
0.635789
0.269096
0.260489
0.192159
0.940294
0.417934
0.448457
0.802397
0.701425
0.377287
0.977158
0.942706
0.158657
0.868173
0.73671
0.230029
0.637832
0.473396
0.568684
0.694305
0.420199
0.478187
0.514967
0.006521
0.383592
0.230489
0.461033
0.847334
0.724812
0.201185
0.924989
0.287461
0.552884
0.129759
0.414931
0.961741
0.059612
0.049057
0.272326
0.176069
0.350841
0.908048
0.639588
0.005762
0.620722
0.939253
0.088127
0.47199
0.315244
0.261994
0.812711
0.625705
0.860741
0.050672
0.183861
0.238787
0.21791
0.701437
0.978162
0.25172
0.855986
0.554514
0.572314
0.305216
0.844221
0.568306
0.249505
0.432709
0.101192
0.64246
0.679086
0.292622
0.699283
0.307421
0.391397
0.113014
0.086501
0.600857
0.151732
0.328983
0.232838
0.846856
0.612413
0.767243
0.916396
0.851584
0.340464
0.740345
0.63505
0.369578
0.479847
0.649124
0.700301
0.240739
0.510119
0.116153
0.427972
0.408113
0.512065
0.89815
0.219795
0.79114
0.752658
0.947091
0.748413
0.328226
0.493738
0.125531
0.86422
0.957488
0.979625
0.79525
0.422574
0.088777
0.992451
0.046462
0.823734
0.136733
0.581598
0.501566
0.008162
0.924286
0.306279
0.097464
0.589863
0.487323
0.807002
0.312069
0.824111
0.677904
0.555753
0.685921
0.217554
0.876501
0.475939
0.470523
0.059854
0.909787
0.994558
0.321016
0.170149
0.074783
0.272008
0.648876
0.235417
0.225235
0.180238
0.21283
0.036617
0.466641
0.93986
0.133024
0.654231
0.708026
0.025825
0.145509
0.034059
0.558315
0.068911
0.098383
0.31828
0.888249
0.287931
0.61291
0.762705
0.527576
0.815734
0.291985
0.682574
0.120053
0.476756
0.929006
0.632724
0.443578
0.513759
0.218286
0.364206
0.320838
0.570685
0.419509
0.6903
0.375682
0.927754
0.781595
0.126793
0.967563
0.906962
0.580534
0.525422
0.572505
0.514708
0.571887
0.743322
0.950575
0.051739
0.972203
0.592474
0.833858
0.661403
0.91132
0.17908
0.111396
0.773651
0.650674
0.158697
0.316745
0.073313
0.523834
0.525344
0.796047
0.793276
0.327475
0.530725
0.443605
0.432846
0.443291
0.995515
0.592033
0.311475
0.299805
0.482465
0.278901
0.834177
0.302652
0.562382
0.199702
0.615538
0.581487
0.529995
0.122294
0.067084
0.40371
0.267331
0.608865
0.587775
0.631662
0.185201
0.143686
0.904492
0.711206
0.883631
0.866296
0.006233
0.659502
0.541531
0.153283
0.634421
0.919649
0.637177
0.876789
0.747746
0.161277
0.8086
0.861584
0.114524
0.103455
0.759146
0.137919
0.668717
0.02534
0.944543
0.219522
0.315424
0.322174
0.653466
0.664427
0.054948
0.361867
0.647084
0.262642
0.637409
0.986825
0.323497
0.481285
0.779034
0.817124
0.660351
0.349464
0.984369
0.52473
0.564883
0.08611
0.150644
0.988212
0.839875
0.35743
0.587937
0.741646
0.967287
0.386097
0.478769
0.862752
0.098561
0.081282
0.762271
0.852167
0.918803
0.302805
0.031066
0.23116
0.295263
0.011977
0.857856
0.514363
0.815441
0.032879
0.671183
0.001075
0.44007
0.218782
0.28806
0.094517
0.131017
0.483139
0.613884
0.579116
0.229865
0.961105
0.294942
0.154599
0.644565
0.117536
0.214198
0.463316
0.817664
0.987324
0.213336
0.434255
0.942637
0.916916
0.493592
0.800591
0.403309
0.188595
0.689929
0.638132
0.870159
0.448634
0.074278
0.262304
0.953057
0.861051
0.875534
0.700756
0.417902
0.815278
0.553501
0.796267
0.847094
0.947772
0.120315
0.97987
0.776701
0.381453
0.188003
0.694905
0.414344
0.025749
0.033273
0.870064
0.075052
0.68038
0.032564
0.494824
0.000491
0.662569
0.724249
0.29394
0.501031
0.22946
0.337882
0.875994
0.148538
0.243374
0.515139
0.588894
0.947313
0.46417
0.569517
0.438038
0.222117
0.094349
0.518498
0.312363
0.194873
0.080351
0.555547
0.854659
0.938944
0.496873
0.608185
0.951495
0.190034
0.467577
0.428609
0.137765
0.919357
0.989236
0.741704
0.393216
0.854019
0.458262
0.59497
0.751096
0.669342
0.362931
0.764684
0.690808
0.368392
0.771615
0.680754
0.998862
0.152034
0.544175
0.3945
0.542727
0.496967
0.418477
0.531134
0.349149
0.766773
0.699931
0.984616
0.074564
0.244306
0.62295
0.532827
0.792872
0.579605
0.421439
0.298875
0.726077
0.119299
0.324028
0.543772
0.738112
0.010883
0.81054
0.387291
0.714095
0.317896
0.571277
0.535794
0.230746
0.029007
0.060895
0.588252
0.097791
0.424474
0.930904
0.845023
0.014808
0.518215
0.620943
0.588814
0.025338
0.503624
0.628505
0.305983
0.159391
0.39201
0.971512
0.409569
0.540683
0.978412
0.402514
0.852099
0.399883
0.874029
0.077135
0.789695
0.843504
0.032779
0.247169
0.768024
0.043874
0.863131
0.558949
0.049192
0.111897
0.129086
0.95132
0.920292
0.610074
0.236448
0.89359
0.282729
0.621763
0.534913
0.899132
0.064638
0.456556
0.660962
0.064477
0.365415
0.204902
0.412686
0.104321
0.936764
0.838029
0.422241
0.050378
0.781115
0.617344
0.828704
0.970715
0.010899
0.718005
0.896332
0.364993
0.685952
0.04229
0.755228
0.476563
0.613435
0.298184
0.339032
0.067956
0.475846
0.093399
0.394155
0.488172
0.30307
0.46956
0.186498
0.898835
0.26698
0.75845
0.945001
0.560415
0.346959
0.932845
0.282644
0.292025
0.834527
0.016051
0.635504
0.576028
0.819268
0.873176
0.853723
0.470295
0.085328
0.805589
0.162882
0.13926
0.730505
0.132204
0.469839
0.11498
0.707178
0.651692
0.196364
0.951945
0.608362
0.270006
0.199058
0.972353
0.527078
0.317364
0.426446
0.214023
0.387642
0.662981
0.322767
0.675475
0.58657
0.669215
0.180858
0.447228
0.332354
0.488535
0.537914
0.606664
0.673682
0.638285
0.080035
0.473546
0.396488
0.462159
0.958362
0.368599
0.340479
0.39029
0.002615
0.899453
0.954134
0.926304
0.6884
0.67667
0.629848
0.758876
0.317256
0.403055
0.489101
0.526642
0.726747
0.684477
0.606322
0.141126
0.56672
0.484214
0.310515
0.714366
0.492983
0.92868
0.716195
0.747519
0.599022
0.530235
0.75298
0.131056
0.390219
0.306312
0.033381
0.367762
0.348679
0.163752
0.184482
0.898388
0.697968
0.82825
0.415533
0.53284
0.979435
0.781246
0.386563
0.499463
0.687644
0.37803
0.415283
0.729065
0.178077
0.732483
0.247024
0.499413
0.338131
0.415998
0.561546
0.045945
0.275535
0.369868
0.115957
0.164687
0.888682
0.645856
0.799483
0.628753
0.347284
0.903989
0.778607
0.794314
0.977681
0.13496
0.038831
0.241466
0.492975
0.46839
0.39458
0.060162
0.333328
0.446922
0.046965
0.760924
0.668032
0.221769
0.46405
0.287973
0.05511
0.54981
0.215094
0.429175
0.12491
0.180206
0.572913
0.149767
0.37065
0.515122
0.939232
0.280101
0.436142
0.326752
0.786752
0.222019
0.601837
0.832604
0.270401
0.182213
0.417384
0.145896
0.257346
0.313068
0.126784
0.43093
0.026259
0.644606
0.957003
0.736803
0.16406
0.665129
0.210728
0.661973
0.63206
0.032742
0.184491
0.809565
0.612854
0.82893
0.448877
0.352845
0.960633
0.643568
0.014718
0.658201
0.343293
0.47336
0.782311
0.457196
0.249387
0.729533
0.886562
0.972863
0.036894
0.616631
0.998843
0.657762
0.239317
0.459402
0.222285
0.97828
0.978885
0.785462
0.703293
0.710348
0.682874
0.582617
0.383993
0.412295
0.502991
0.80573
0.536949
0.818747
0.870377
0.896596
0.758248
0.419378
0.679163
0.470967
0.628363
0.572803
0.507063
0.204798
0.171858
0.255698
0.036763
0.091557
0.483139
0.920086
0.724474
0.196382
0.482809
0.453899
0.87116
0.94994
0.245195
0.445079
0.703187
0.775473
0.297163
0.665022
0.074176
0.626082
0.328604
0.198825
0.372465
0.403931
0.679488
0.743504
0.55317
0.377517
0.04695
0.391341
0.477279
0.758281
0.23568
0.127941
0.114971
0.107155
0.456549
0.765128
0.762233
0.178406
0.683636
0.962697
0.561096
0.635797
0.861652
0.036255
0.779747
0.199428
0.194763
0.035073
0.717074
0.541916
0.448581
0.777734
0.145872
0.100993
0.183702
0.894865
0.605764
0.960662
0.093472
0.227367
0.65791
0.716421
0.847335
0.50919
0.708297
0.843568
0.596467
0.013537
0.904858
0.338516
0.717398
0.373962
0.504776
0.010775
0.606889
0.20028
0.019654
0.120423
0.8259
0.763959
0.617443
0.2008
0.019616
0.044069
0.753221
0.344863
0.889983
0.042131
0.280552
0.164524
0.184687
0.344563
0.459818
0.494041
0.92297
0.683191
0.969307
0.256382
0.913688
0.109026
0.884213
0.267809
0.626023
0.863254
0.397154
0.631303
0.609343
0.433174
0.080528
0.840749
0.971643
0.901133
0.275979
0.032986
0.705084
0.885311
0.558953
0.73392
0.516668
0.095047
0.884964
0.31873
0.39414
0.612943
0.080709
0.471805
0.777763
0.626792
0.744953
0.501789
0.371824
0.841998
0.959367
0.860751
0.378687
0.368313
0.055081
0.47215
0.267419
0.168685
0.978529
0.780849
0.046297
0.542151
0.056068
0.947026
0.220277
0.228122
0.317765
0.033699
0.120307
0.487073
0.029323
0.839138
0.780997
0.047911
0.089207
0.746639
0.725717
0.404016
0.224191
0.037372
0.179325
0.205188
0.080288
0.340027
0.167894
0.103181
0.746664
0.764511
0.057003
0.9664
0.075506
0.258247
0.541381
0.809221
0.275877
0.947719
0.163732
0.260625
0.886181
0.964712
0.957964
0.826208
0.148542
0.883624
0.602294
0.50609
0.466857
0.497844
0.696377
0.633115
0.372822
0.823543
0.313101
0.468184
0.923565
0.095778
0.991117
0.836921
0.040163
0.624363
0.906261
0.122669
0.965235
0.831063
0.85718
0.698414
0.624328
0.394433
0.04696
0.119756
0.804188
0.886177
0.855537
0.715333
0.008815
0.10353
0.719814
0.675053
0.590203
0.652596
0.098345
0.196762
0.438472
0.796445
0.72089
0.287692
0.986409
0.522899
0.354805
0.992103
0.294616
0.474427
0.483272
0.900545
0.829773
0.526289
0.721077
0.017699
0.797509
0.553794
0.604112
0.208746
0.51428
0.810876
0.991337
0.338588
0.576589
0.124636
0.478869
0.162589
0.344518
0.73768
0.195839
0.288635
0.284243
0.162623
0.634169
0.018998
0.329299
0.265879
0.80751
0.380617
0.296321
0.157086
0.094629
0.39898
0.942149
0.499388
0.929994
0.962306
0.962149
0.455609
0.40093
0.278764
0.079882
0.048054
0.0766
0.845541
0.476569
0.808872
0.481545
0.078095
0.015184
0.10706
0.276843
0.830418
0.091468
0.727095
0.851967
0.76487
0.879249
0.558657
0.552837
0.485617
0.638901
0.306919
0.079543
0.506661
0.443625
0.436975
0.26781
0.508965
0.493248
0.786106
0.005249
0.865822
0.077103
0.502003
0.61283
0.691798
0.431533
0.728228
0.063319
0.97565
0.261396
0.362217
0.565904
0.147454
0.154334
0.044145
0.633107
0.214731
0.169829
0.99671
0.632549
0.634089
0.349336
0.179422
0.275717
0.823696
0.131347
0.87316
0.311952
0.782415
0.503584
0.250697
0.011976
0.859298
0.370936
1.2e-05
0.060107
0.897497
0.16422
0.573286
0.740512
0.287864
0.430226
0.471843
0.388287
0.511031
0.057775
0.396037
0.257493
0.325262
0.434189
0.429303
0.507234
0.709829
0.666738
0.775972
0.378235
0.012717
0.58786
0.028949
0.343511
0.707034
0.941512
0.218141
0.785657
0.115572
0.7976
0.363493
0.554968
0.354993
0.612656
0.871941
0.346452
0.248281
0.507668
0.178091
0.409134
0.11525
0.647419
0.767966
0.198351
0.786052
0.419368
0.36763
0.599769
0.547642
0.636486
0.243298
0.339906
0.918577
0.447116
0.878816
0.363245
0.227287
0.898071
0.356335
0.918039
0.68874
0.296553
0.489526
0.066661
0.638163
0.769011
0.118301
0.16559
0.605354
0.900763
0.704225
0.855699
0.913693
0.189231
0.34886
0.682621
0.199666
0.99203
0.744231
0.396214
0.520769
0.617417
0.192236
0.698046
0.094274
0.145516
0.230917
0.381906
0.751585
0.34058
0.837101
0.426886
0.894171
0.083716
0.446785
0.054178
0.952663
0.089035
0.933694
0.283088
0.835358
0.417732
0.898383
0.4653
0.481223
0.284976
0.893116
0.306833
0.135628
0.090345
0.450566
0.428532
0.149047
0.415803
0.40171
0.872169
0.198908
0.33076
0.18961
0.546592
0.866334
0.050407
0.446667
0.074627
0.142027
0.450377
0.619677
0.40702
0.353342
0.73899
0.867023
0.004344
0.778517
0.222976
0.198398
0.925566
0.827745
0.105156
0.131238
0.264469
0.042618
0.945673
0.235039
0.506024
0.387198
0.727419
0.599616
0.881313
0.749577
0.039488
0.222698
0.083094
0.497429
0.108999
0.460777
0.968438
0.51102
0.006821
0.085229
0.211995
0.388818
0.514279
0.381267
0.642396
0.436041
0.945879
0.717609
0.497127
0.313687
0.024657
0.190117
0.614558
0.184946
0.195869
0.325289
0.677439
0.892041
0.850631
0.648952
0.620158
0.680162
0.123116
0.375539
0.58458
0.152468
0.823299
0.778475
0.128836
0.5214
0.176565
0.062996
0.276506
0.953855
0.962642
0.991379
0.233887
0.346747
0.592501
0.856649
0.497531
0.036973
0.615426
0.613818
0.303838
0.240891
0.72757
0.892775
0.697145
0.082609
0.127191
0.530023
0.922582
0.551973
0.809422
0.973632
0.784505
0.759633
0.392926
0.543171
0.870907
0.490719
0.741724
0.97491
0.76318
0.322026
0.822053
0.794283
0.073535
0.750566
0.283631
0.17737
0.316148
0.736868
0.832839
0.299914
0.510226
0.770712
0.083474
0.577668
0.578447
0.191685
0.75394
0.089787
0.534919
0.725501
0.027672
0.627443
0.008706
0.75905
0.316628
0.962443
0.469818
0.372142
0.185441
0.688521
0.354153
0.638211
0.815885
0.690422
0.61988
0.521957
0.614656
0.60556
0.246521
0.581347
0.970693
0.929076
0.123741
0.725704
0.821883
0.12962
0.945277
0.827102
0.923541
0.913428
0.002586
0.468832
0.799283
0.292193
0.040213
0.809773
0.220779
0.421073
0.665837
0.203413
0.296895
0.897618
0.798828
0.094962
0.905062
0.847966
0.733326
0.752551
0.887166
0.160161
0.183822
0.282849
0.943195
0.636525
0.098132
0.534835
0.78699
0.909174
0.275895
0.756462
0.236292
0.561768
0.779016
0.731804
0.521351
0.547815
0.537842
0.568097
0.285963
0.714332
0.405415
0.103028
0.660294
0.937591
0.447657
0.395661
0.134756
0.700243
0.073423
0.247521
0.489655
0.733622
0.939835
0.990841
0.912335
0.505945
0.539038
0.017014
0.343453
0.08422
0.69111
0.127039
0.842332
0.71647
0.225793
0.641107
0.94151
0.114322
0.386398
0.990401
0.044713
0.734977
0.829926
0.394562
0.75953
0.284505
0.143355
0.311007
0.614295
0.848911
0.698208
0.314305
0.908026
0.880353
0.10528
0.905421
0.749201
0.146016
0.685848
0.919649
0.990418
0.946929
0.030248
0.720425
0.779456
0.660338
0.194178
0.961384
0.607757
0.576227
0.881054
0.939906
0.715254
0.559214
0.947335
0.045215
0.769956
0.223217
0.124211
0.720464
0.955645
0.794386
0.596681
0.773468
0.751851
0.255422
0.143746
0.169873
0.711869
0.749936
0.445643
0.444913
0.225182
0.584648
0.551203
0.407933
0.799154
0.756968
0.262577
0.556762
0.683719
0.68181
0.649331
0.517288
0.828628
0.611789
0.012835
0.850126
0.857398
0.565673
0.718186
0.682506
0.269294
0.40712
0.666584
0.157816
0.227166
0.527682
0.952501
0.351384
0.530877
0.237494
0.03663
0.916234
0.12214
0.389489
0.353411
0.491395
0.069053
0.716733
0.195903
0.601465
0.62937
0.709053
0.515235
0.716736
0.483349
0.935087
0.788999
0.335441
0.983496
0.507756
0.490065
0.718325
0.757387
0.09115
0.631005
0.421958
0.95659
0.326489
0.346626
0.586492
0.640342
0.234479
0.673933
0.86905
0.473906
0.253636
0.366123
0.725454
0.993784
0.948712
0.81332
0.226782
0.863271
0.66517
0.9694
0.500452
0.06133
0.043496
0.312307
0.455479
0.11164
0.493594
0.773916
0.169751
0.04822
0.883351
0.551663
0.690127
0.184735
0.316518
0.851463
0.675137
0.646016
0.202858
0.868263
0.527551
0.837203
0.126901
0.091469
0.958685
0.745961
0.344233
0.191578
0.856991
0.422556
0.451751
0.21635
0.030629
0.079923
0.157058
0.027705
0.691563
0.77732
0.186879
0.855738
0.603752
0.167212
0.120818
0.715923
0.647363
0.181134
0.542568
0.902585
0.204903
0.584312
0.899793
0.196844
0.988907
0.713722
0.743883
0.727758
0.532523
0.332101
0.282731
0.72957
0.429092
0.749102
0.622314
0.692427
0.822582
0.851645
0.896815
0.130435
0.945514
0.770864
0.30223
0.022546
0.714672
0.405696
0.304789
0.675823
0.433508
0.426373
0.068765
0.034418
0.114289
0.750997
0.927645
0.406309
0.084328
0.502126
0.969131
0.76018
0.368713
0.547727
0.575947
0.845143
0.829206
0.917889
0.294472
0.849767
0.428546
0.483301
0.377184
0.724783
0.880732
0.484011
0.766581
0.033376
0.405931
0.886818
0.372152
0.41546
0.506947
0.809231
0.678259
0.66126
0.979526
0.436625
0.557916
0.531736
0.89746
0.335176
0.77009
0.813989
0.490155
0.810248
0.159357
0.49608
0.275883
0.96564
0.417503
0.040887
0.949122
0.380938
0.687935
0.913861
0.60925
0.248382
0.215778
0.96318
0.825467
0.460133
0.742816
0.956572
0.054214
0.801645
0.815702
0.021655
0.814274
0.025489
0.793222
0.069881
0.874099
0.601901
0.232105
0.440827
0.357258
0.136466
0.414151
0.800818
0.697556
0.296122
0.589085
0.519865
0.542625
0.138202
0.064727
0.135983
0.885534
0.568624
0.396128
0.016756
0.171933
0.390675
0.596489
0.403893
0.979708
0.44358
0.156839
0.958104
0.911425
0.102944
0.484041
0.258435
0.734641
0.343168
0.758189
0.518885
0.313833
0.308646
0.397639
0.800223
0.215041
0.254909
0.912295
0.902077
0.875633
0.10487
0.698997
0.505201
0.030201
0.156142
0.292286
0.893003
0.600492
0.897052
0.875512
0.118293
0.494215
0.171149
0.573359
0.816513
0.424488
0.844399
0.140489
0.192778
0.891656
0.014773
0.331033
0.486969
0.028542
0.130942
0.350304
0.029322
0.833203
0.166446
0.568847
0.679066
0.742699
0.173406
0.535604
0.819507
0.322688
0.380995
0.5833
0.293029
0.425757
0.693741
0.205203
0.990668
0.460341
0.050383
0.560061
0.41941
0.877436
0.361233
0.39729
0.668148
0.363235
0.090804
0.573587
0.188844
0.892549
0.882917
0.40722
0.709966
0.025334
0.825466
0.036205
0.774949
0.400176
0.196135
0.065484
0.62898
0.161623
0.104129
0.439151
0.420494
0.555054
0.074136
0.320917
0.150983
0.993842
0.086464
0.631837
0.928262
0.0463
0.514282
0.065174
0.397213
0.102404
0.016982
0.24329
0.163175
0.969236
0.65643
0.161644
0.01927
0.73491
0.801253
0.634856
0.036918
0.977128
0.50298
0.916298
0.667006
0.206083
0.321028
0.18211
0.641066
0.439167
0.414454
0.667637
0.523504
0.738875
0.756907
0.069291
0.255331
0.127771
0.909159
0.955257
0.068607
0.370468
0.046382
0.568983
0.157132
0.541767
0.949495
0.271565
0.891631
0.564316
0.023984
0.667217
0.55217
0.339501
0.413004
0.211779
0.769384
0.546439
0.48858
0.386792
0.362755
0.520886
0.656628
0.893814
0.593799
0.758337
0.358194
0.333021
0.425321
0.663694
0.977598
0.222964
0.536861
0.626016
0.674266
0.574219
0.006098
0.057738
0.246129
0.936199
0.142637
0.462793
0.847226
0.528713
0.829171
0.154745
0.316188
0.913897
0.030434
0.772817
0.155449
0.502285
0.527998
0.330026
0.364788
0.046688
0.190384
0.735308
0.748512
0.665023
0.040173
0.591708
0.687748
0.877154
0.798272
0.636535
0.20796
0.579223
0.004366
0.218446
0.197097
0.399286
0.676136
0.016318
0.169863
0.171957
0.158588
0.338812
0.584042
0.348147
0.975681
0.51955
0.385524
0.821461
0.316538
0.974683
0.714093
0.414048
0.03851
0.971009
0.165664
0.097029
0.235074
0.837474
0.067497
0.737912
0.507496
0.565407
0.067612
0.563123
0.615782
0.809647
0.542478
0.480995
0.046396
0.059127
0.242958
0.349844
0.634787
0.567327
0.359691
0.527859
0.468208
0.048785
0.897138
0.040868
0.863028
0.124942
0.978546
0.10908
0.269959
0.495933
0.706677
0.449576
0.576642
0.066162
0.968149
0.055688
0.497905
0.858133
0.556937
0.804428
0.542962
0.000785
0.280538
0.937713
0.156582
0.682633
0.494982
0.35415
0.123861
0.15576
0.033029
0.626185
0.752806
0.820709
0.00417
0.685333
0.440289
0.964142
0.484104
0.547373
0.169028
0.567854
0.911467
0.62239
0.558315
0.70679
0.916922
0.756222
0.445111
0.507109
0.654328
0.912896
0.670567
0.381067
0.214591
0.465626
0.680613
0.117266
0.401743
0.450036
0.360278
0.891143
0.754852
0.512242
0.855508
0.834743
0.357358
0.504374
0.394574
0.331814
0.140507
0.234657
0.882157
0.032045
0.101968
0.545967
0.814672
0.457053
0.067329
0.882793
0.942705
0.119419
0.691622
0.038217
0.57292
0.95749
0.0593
0.308394
0.861758
0.855374
0.256441
0.865988
0.209992
0.156031
0.458439
0.629749
0.21001
0.318316
0.957375
0.43421
0.354218
0.926263
0.233154
0.854927
0.788113
0.145033
0.642048
0.063281
0.796743
0.700097
0.776239
0.794279
0.006246
0.010756
0.159243
0.899287
0.85402
0.127696
0.816037
0.496457
0.764286
0.008265
0.527453
0.478586
0.913574
0.381203
0.409576
0.294444
0.901749
0.943694
0.685619
0.122303
0.209513
0.396199
0.710053
0.417464
0.768431
0.267493
0.23188
0.561417
0.523521
0.801045
0.794406
0.529563
0.143388
0.635506
0.82286
0.407574
0.572131
0.325307
0.578445
0.29256
0.717468
0.758806
0.655103
0.210908
0.173924
0.129665
0.618461
0.19211
0.175598
0.230664
0.932716
0.003918
0.447838
0.300174
0.702769
0.981183
0.360537
0.361809
0.016511
0.943604
0.709737
0.406139
0.535389
0.287706
0.274705
0.582582
0.623855
0.342672
0.979366
0.940269
0.482802
0.680982
0.594856
0.240642
0.718556
0.49593
0.85624
0.900871
0.600583
0.684226
0.481611
0.216252
0.078391
0.506625
0.801513
0.24309
0.409888
0.681
0.264216
0.395167
0.086807
0.272707
0.101519
0.110367
0.179101
0.344949
0.377396
0.346446
0.753166
0.060471
0.667859
0.99939
0.73155
0.923399
0.587423
0.36532
0.084908
0.592751
0.458673
0.281339
0.429933
0.203189
0.998538
0.678073
0.883761
0.377374
0.34397
0.782869
0.641175
0.0403
0.584476
0.00206
0.360216
0.715549
0.53415
0.954684
0.477902
0.102212
0.85086
0.645359
0.431477
0.724086
0.025761
0.939284
0.211733
0.358618
0.271994
0.415003
0.303595
0.680787
0.99998
0.662379
0.373828
0.552402
0.861104
0.393339
0.27271
0.073322
0.165745
0.747247
0.566486
0.178028
0.632517
0.181474
0.655172
0.057992
0.147705
0.130391
0.522229
0.6874
0.9775
0.698959
0.690899
0.816675
0.723034
0.435102
0.268189
0.411473
0.565363
0.734866
0.40929
0.301635
0.826555
0.747129
8.5e-05
0.533415
0.285485
0.917155
0.00763
0.800477
0.513643
0.507432
0.166245
0.766173
0.468187
0.336043
0.535571
0.954926
0.857125
0.142078
0.903445
0.869733
0.874244
0.819837
0.457318
0.982002
0.6793
0.553252
0.151364
0.775645
0.740475
0.850727
0.329913
0.320168
0.89398
0.153089
0.567456
0.636411
0.960638
0.526347
0.038776
0.168432
0.26622
0.192864
0.46654
0.996345
0.52794
0.466948
0.550828
0.840225
0.598242
0.825735
0.267311
0.498231
0.060685
0.650484
0.556228
0.418281
0.221493
0.676549
0.937484
0.35528
0.589777
0.006406
0.77356
0.933079
0.462368
0.058008
0.353745
0.336973
0.870661
0.999867
0.672661
0.349582
0.715159
0.869979
0.04389
0.922847
0.818805
0.30351
0.141836
0.796948
0.341587
0.100695
0.36717
0.742204
0.03123
0.029931
0.584203
0.598812
0.492967
0.138002
0.928055
0.108284
0.313439
0.842418
0.031686
0.949031
0.056213
0.484407
0.247476
0.857659
0.222127
0.103988
0.792458
0.717846
0.938339
0.318633
0.29006
0.696362
0.359089
0.298659
0.070368
0.936917
0.225237
0.164107
0.145526
0.776816
0.645445
0.928671
0.093876
0.866101
0.918734
0.755831
0.282146
0.943888
0.565644
0.781152
0.412549
0.368765
0.067667
0.808704
0.903148
0.328024
0.150957
0.589433
0.338667
0.280431
0.760061
0.585969
0.830831
0.162254
0.271598
0.346538
0.27549
0.492881
0.198223
0.308528
0.991895
0.073369
0.668144
0.149898
0.541076
0.551316
0.266494
0.688776
0.531379
0.594948
0.984057
0.299046
0.490254
0.583317
0.483816
0.36922
0.766177
0.585808
0.258074
0.02941
0.505405
0.883051
0.152169
0.239569
0.720537
0.749932
0.380808
0.23774
0.84342
0.934505
0.370329
0.3427
0.201326
0.019521
0.408273
0.448793
0.472131
0.73842
0.676316
0.197302
0.673627
0.471053
0.567584
0.63804
0.16111
0.290653
0.273963
0.560992
0.476588
0.395857
0.543296
0.849872
0.688491
0.021382
0.481386
0.647549
0.624746
0.421573
0.537968
0.776884
0.424891
0.988072
0.239915
0.158748
0.61969
0.391299
0.600666
0.663149
0.622243
0.738286
0.471398
0.548748
0.40446
0.614569
0.402034
0.416466
0.440583
0.170417
0.018097
0.442512
0.115384
0.279093
0.642021
0.543318
0.941369
0.943735
0.100263
0.9463
0.871606
0.04438
0.839387
0.827951
0.066729
0.399341
0.239152
0.996278
0.22694
0.514082
0.758764
0.377699
0.295324
0.857925
0.646205
0.37289
0.870524
0.258135
0.411837
0.50955
0.673345
0.746428
0.69747
0.838981
0.117463
0.427968
0.285091
0.21319
0.651368
0.130552
0.402809
0.628559
0.330412
0.676797
0.188063
0.36702
0.042293
0.973017
0.651768
0.049375
0.011441
0.958437
0.259389
0.730073
0.349781
0.759659
0.886326
0.128177
0.757339
0.664273
0.67042
0.576536
0.830976
0.538267
0.936512
0.243229
0.312897
0.596312
0.356452
0.54911
0.056591
0.674881
0.480685
0.758662
0.800879
0.124372
0.793895
0.542105
0.633067
0.946524
0.5134
0.069883
0.701027
0.719994
0.913647
0.428326
0.235461
0.459371
0.114943
0.109116
0.658965
0.278827
0.216943
0.429372
0.520652
0.574933
0.575304
0.979336
0.772007
0.432822
0.318661
0.674088
0.566402
0.084964
0.633497
0.925543
0.635591
0.077498
0.108925
0.021546
0.090518
0.934985
0.34906
0.404931
0.702258
0.787918
0.136568
0.83478
0.590663
0.947059
0.194996
0.092832
0.717303
0.315527
0.475942
0.70352
0.545463
0.191449
0.342558
0.379389
0.608963
0.187482
0.691212
0.261186
0.222259
0.892771
0.049175
0.740255
0.612973
0.128072
0.690293
0.660062
0.781352
0.619137
0.868754
0.990509
0.017155
0.775636
0.681128
0.51257
0.349308
0.174609
0.628627
0.660937
0.190889
0.959664
0.496793
0.256561
0.038106
0.386687
0.839061
0.817977
0.728548
0.199563
0.186238
0.737999
0.729297
0.270634
0.073532
0.460236
0.846798
0.634796
0.122809
0.535678
0.486553
0.664288
0.131335
0.714483
0.303021
0.611055
0.719314
0.56836
0.310211
0.160892
0.943028
0.221886
0.523451
0.112144
0.621491
0.159498
0.758893
0.584564
0.450706
0.540843
0.989048
0.74717
0.713523
0.634424
0.753291
0.354931
0.718955
0.268281
0.443613
0.390731
0.448873
0.605577
0.439323
0.5982
0.829352
0.341037
0.815904
0.923766
0.675916
0.368972
0.219818
0.376418
0.947812
0.609702
0.325021
0.329898
0.999724
0.222758
0.012324
0.402071
0.306718
0.121933
0.898268
0.944876
0.398138
0.382413
0.002984
0.685152
0.916632
0.249101
0.475449
0.83921
0.475558
0.819166
0.242329
0.629695
0.0202
0.688628
0.648364
0.675509
0.183515
0.734488
0.111438
0.329262
0.716038
0.151719
0.166957
0.08702
0.52104
0.063421
0.948114
0.336903
0.036726
0.372734
0.825278
0.653567
0.925855
0.404837
0.048294
0.046355
0.705439
0.667934
0.935902
0.013711
0.65539
0.137396
0.128914
0.961393
0.84078
0.572484
0.877768
0.140168
0.895619
0.99415
0.292666
0.125809
0.974191
0.50701
0.463919
0.718286
0.036674
0.641823
0.730302
0.634374
0.235143
0.063277
0.716772
0.859366
0.590322
0.922869
0.135061
0.713561
0.589189
0.181849
0.914512
0.292131
0.105811
0.870548
0.113996
0.5398
0.255974
0.609586
0.464158
0.383784
0.722197
0.161694
0.555971
0.669074
0.451285
0.980904
0.211118
0.845325
0.64523
0.881894
0.62655
0.107252
0.145315
0.717538
0.659933
0.068152
0.937291
0.681976
0.266113
0.301208
0.836842
0.070491
0.87884
0.186911
0.333046
0.747172
0.483483
0.907216
0.248888
0.615732
0.434723
0.245688
0.2482
0.042493
0.671935
0.423557
0.550928
0.873805
0.917025
0.833599
0.197984
0.486767
0.640906
0.547359
0.106388
0.781518
0.990079
0.525374
0.060013
0.793917
0.031084
0.142906
0.310451
0.007391
0.528822
0.760911
0.351007
0.315756
0.907439
0.428144
0.18478
0.263032
0.509347
0.32311
0.290611
0.080698
0.404292
0.986358
0.962409
0.625353
0.488402
0.38941
0.276289
0.993968
0.00847
0.776447
0.239501
0.019806
0.809998
0.763498
0.883221
0.495566
0.35562
0.338603
0.063971
0.719035
0.292133
0.628297
0.243989
0.391213
0.851023
0.244537
0.633835
0.342536
0.072605
0.441891
0.459884
0.700755
0.558822
0.197247
0.422805
0.649026
0.953204
0.268382
0.078956
0.790491
0.748703
0.840049
0.644019
0.117842
0.230227
0.45508
0.644177
0.790039
0.131572
0.430752
0.531524
0.330794
0.686973
0.389297
0.329221
0.368273
0.02641
0.968762
0.363069
0.995226
0.698425
0.355786
0.126175
0.57515
0.622615
0.333274
0.988014
0.679555
0.314063
0.989567
0.237831
0.824477
0.643325
0.587352
0.697641
0.227892
0.811711
0.875426
0.68171
0.246281
0.589284
0.45108
0.186639
0.288714
0.068125
0.194323
0.406918
0.170774
0.633929
0.238945
0.389561
0.081891
0.680738
0.036986
0.979704
0.686356
0.108511
0.809301
0.531953
0.274219
0.729599
0.166778
0.487872
0.141455
0.465887
0.065577
0.128763
0.163244
0.983843
0.289635
0.819613
0.40545
0.548031
0.907174
0.987844
0.757202
0.158619
0.255214
0.107382
0.832653
0.740959
0.401602
0.475148
0.290566
0.926936
0.210975
0.426756
0.294439
0.599201
0.361467
0.667042
0.299979
0.197902
0.810726
0.646092
0.295818
0.020761
0.001968
0.176501
0.048979
0.78951
0.642449
0.109169
0.12693
0.748994
0.377959
0.948983
0.787243
0.835789
0.345228
0.554779
0.622621
0.851152
0.872843
0.179147
0.394724
0.283026
0.105638
0.623693
0.10318
0.221266
0.40064
0.372134
0.634965
0.665408
0.036403
0.517645
0.320857
0.788341
0.422456
0.121381
0.531315
0.87389
0.118505
0.413426
0.844702
0.080351
0.048173
0.946107
0.302816
0.912059
0.023108
0.815614
0.772022
0.360764
0.352603
0.276346
0.324165
0.68816
0.91739
0.707429
0.535704
0.160451
0.826226
0.616465
0.993509
0.382536
0.083996
0.194762
0.748633
0.819692
0.583016
0.237256
0.133939
0.441991
0.235381
0.142016
0.345314
0.366654
0.39297
0.731642
0.759902
0.607291
0.837025
0.956515
0.159357
0.763737
0.649138
0.997072
0.984373
0.828991
0.94382
0.610538
0.69021
0.892913
0.203832
0.159831
0.422388
0.060346
0.058903
0.846285
0.743068
0.872327
0.711993
0.081371
0.271639
0.318173
0.159363
0.625089
0.021143
0.856372
0.495088
0.755016
0.358221
0.155006
0.353222
0.335221
0.068035
0.698895
0.304091
0.592768
0.419696
0.194897
0.592549
0.869839
0.922196
0.218352
0.722854
0.616914
0.228546
0.483028
0.497044
0.913863
0.822947
0.003489
0.097602
0.580365
0.291341
0.723081
0.318741
0.552158
0.666753
0.268209
0.686194
0.648745
0.284055
0.145933
0.997141
0.366463
0.978659
0.425297
0.952568
0.772253
0.611645
0.153971
0.464984
0.747434
0.847389
0.08826
0.870742
0.370911
0.859956
0.140194
0.184532
0.227308
0.716998
0.047109
0.073249
0.309707
0.991429
0.581626
0.288757
0.381771
0.463743
0.828589
0.643797
0.771547
0.140069
0.07192
0.921217
0.578505
0.868255
0.197595
0.48046
0.103746
0.173817
0.72912
0.776282
0.171608
0.292565
0.848649
0.029466
0.744411
0.182618
0.168587
0.906092
0.861848
0.75059
0.705522
0.308714
0.542083
0.81817
0.20348
0.643132
0.351993
0.376836
0.471654
0.738979
0.635891
0.946783
0.636262
0.981364
0.993553
0.128162
0.449513
0.668858
0.238444
0.329971
0.047929
0.22172
0.96194
0.193782
0.132979
0.324604
0.338451
0.414061
0.892454
0.725687
0.545087
0.665308
0.720632
0.005029
0.041539
0.367512
0.823476
0.455169
0.642881
0.696329
0.72194
0.28189
0.473195
0.926782
0.266612
0.212439
0.129124
0.948587
0.992561
0.729242
0.206753
0.328396
0.313854
0.807212
0.145615
0.241849
0.724908
0.836245
0.068996
0.057695
0.775928
0.641293
0.242207
0.942102
0.604739
0.9944
0.301375
0.472101
0.798343
0.501724
0.988347
0.55168
0.962667
0.384138
0.101794
0.118551
0.289688
0.613768
0.593689
0.012914
0.561187
0.471474
0.992646
0.635153
0.412092
0.037106
0.40006
0.638496
0.984723
0.299448
0.397122
0.635964
0.528661
0.244466
0.269712
0.150774
0.840728
0.519562
0.751574
0.596767
0.768681
0.274367
0.570983
0.702168
0.388197
0.903519
0.004951
0.066604
0.358943
0.567161
0.143043
0.557913
0.555422
0.332627
0.910224
0.61385
0.398758
0.076842
0.31474
0.32555
0.746807
0.672733
0.683318
0.939553
0.957765
0.730721
0.877805
0.223222
0.724924
0.216638
0.392694
0.379047
0.771779
0.208067
0.87864
0.538084
0.20659
0.543551
0.230232
0.126151
0.446367
0.021388
0.459396
0.688644
0.780818
0.776633
0.693461
0.61298
0.164111
0.444887
0.43655
0.610276
0.660944
0.433995
0.006309
0.796041
0.16898
0.671255
0.509524
0.313604
0.388967
0.841549
0.304882
0.401137
0.009101
0.098908
0.47387
0.898542
0.336303
0.379171
0.151615
0.256216
0.18938
0.0018
0.502582
0.217843
0.033422
0.972981
0.168126
0.837268
0.044728
0.102414
0.07897
0.876978
0.670302
0.61967
0.60396
0.637849
0.873681
0.64336
0.196451
0.034727
0.448221
0.650552
0.008848
0.798221
0.051897
0.399971
0.590561
0.169912
0.415785
0.484735
0.274748
0.809955
0.315423
0.358813
0.606899
0.734865
0.300407
0.630873
0.040245
0.728369
0.309436
0.597296
0.551413
0.125091
0.638211
0.482989
0.242564
0.316016
0.122513
0.243481
0.100797
0.822041
0.806659
0.850276
0.74461
0.212459
0.977317
0.371368
0.016702
0.95304
0.347271
0.935601
0.078697
0.825562
0.622727
0.489439
0.378696
0.798938
0.844541
0.470793
0.296884
0.831285
0.837507
0.910996
0.533064
0.270869
0.77083
0.925258
0.356946
0.581473
0.353862
0.789495
0.551788
0.060925
0.588867
0.51132
0.649641
0.725197
0.797946
0.508411
0.261386
0.415063
0.626718
0.116838
0.473564
0.99384
0.991241
0.191515
0.477925
0.2041
0.957695
0.885798
0.047575
0.901692
0.684643
0.78655
0.12315
0.338252
0.381383
0.809527
0.557692
0.62007
0.839323
0.665004
0.817831
0.926275
0.5834
0.845188
0.751543
0.225559
0.891701
0.432306
0.981317
0.098929
0.545353
0.841436
0.388112
0.301544
0.132969
0.185136
0.762466
0.304286
0.067402
0.57731
0.758507
0.389622
0.627541
0.434784
0.076358
0.659939
0.657511
0.64516
0.588929
0.808034
0.28086
0.954565
0.144844
0.915084
0.676004
0.366308
0.348848
0.341763
0.638003
0.746587
0.281569
0.093454
0.909026
0.707887
0.994368
0.986043
0.072923
0.141334
0.262426
0.789372
0.84223
0.711613
0.183422
0.001862
0.725332
0.655778
0.413719
0.052232
0.038132
0.36821
0.696256
0.963533
0.287674
0.444182
0.873033
0.347318
0.249615
0.400729
0.838912
0.291521
0.045028
0.395277
0.444972
0.965683
0.589915
0.051467
0.645855
0.641806
0.005578
0.938383
0.52608
0.557794
0.426926
0.305554
0.429273
0.588412
0.044768
0.319202
0.55701
0.428423
0.096794
0.259338
0.537027
0.527393
0.383077
0.70039
0.0925
0.508869
0.016007
0.152055
0.533017
0.311492
0.435475
0.190587
0.994904
0.001856
0.746951
0.762183
0.412533
0.535627
0.18999
0.53788
0.67946
0.232348
0.65504
0.32751
0.181843
0.235718
0.255974
0.148317
0.321513
0.631021
0.542559
0.01075
0.29831
0.548831
0.113436
0.731752
0.437589
0.682555
0.501174
0.717762
0.341567
0.820001
0.1133
0.356605
0.123906
0.623585
0.301207
0.896383
0.122388
0.076585
0.229297
0.058928
0.314616
0.574652
0.748427
0.97531
0.218886
0.739458
0.119856
0.543504
0.512575
0.360896
0.926172
0.429573
0.965411
0.519093
0.59489
0.534919
0.838941
0.224056
0.743974
0.520619
0.823927
0.203062
0.807845
0.893147
0.000565
0.499182
0.566845
0.53894
0.263746
0.052623
0.732455
0.454207
0.394811
0.70729
0.804123
0.327398
0.859572
0.774964
0.202601
0.665393
0.277005
0.10724
0.382976
0.908812
0.641393
0.114699
0.536883
0.212858
0.544025
0.802047
0.284126
0.210314
0.900975
0.694654
0.316214
0.835864
0.234094
0.562731
0.577149
0.919264
0.10094
0.235613
0.274772
0.761615
0.368915
0.647837
0.725938
0.590614
0.688999
0.190243
0.382125
0.675227
0.255326
0.443295
0.580404
0.481364
0.091065
0.398107
0.6959
0.648985
0.403261
0.408281
0.14587
0.283501
0.659975
0.911729
0.992387
0.739229
0.325134
0.362965
0.203629
0.720759
0.006272
0.908607
0.463062
0.30425
0.978604
0.439468
0.298658
0.895906
0.664079
0.743047
0.64448
0.678798
0.699128
0.631382
0.994581
0.280291
0.063555
0.58439
0.990549
0.642266
0.85545
0.168996
0.040625
0.740476
0.645521
0.1093
0.747217
0.791148
0.657012
0.083637
0.547271
0.453323
0.585416
0.123172
0.869553
0.241165
0.85858
0.509424
0.660046
0.466509
0.549574
0.711637
0.618073
0.709709
0.864025
0.75714
0.736958
0.56693
0.541764
0.912881
0.589922
0.188382
0.811722
0.073963
0.558873
0.51824
0.945688
0.827851
0.812607
0.624588
0.039776
0.164294
0.341162
0.78297
0.514548
0.373706
0.142784
0.129492
0.903213
0.337411
0.154777
0.239105
0.254011
0.11057
0.723408
0.999359
0.87462
0.859208
0.269643
0.883011
0.535125
0.745613
0.805265
0.045197
0.452826
0.32331
0.119859
0.604335
0.499105
0.617527
0.062646
0.723813
0.008332
0.42865
0.502596
0.829897
0.516339
0.594368
0.794336
0.987562
0.950861
0.639425
0.063104
0.651953
0.224874
0.045319
0.48081
0.016381
0.402645
0.539691
0.831179
0.613013
0.829426
0.616982
0.673859
0.115932
0.519268
0.949945
0.080932
0.24536
0.727903
0.499355
0.140828
0.621063
0.25417
0.106346
0.843877
0.587957
0.401936
0.960814
0.132908
0.12234
0.975538
0.911183
0.858778
0.756032
0.606958
0.536525
0.203154
0.521567
0.479279
0.226497
0.713637
0.701739
0.440155
0.64073
0.193316
0.544604
0.057695
0.054192
0.201098
0.194115
0.34711
0.560008
0.921223
0.480063
0.680089
0.85872
0.979314
0.281691
0.874554
0.790765
0.300936
0.306874
0.057252
0.485474
0.385036
0.625337
0.327331
0.598932
0.27582
0.304048
0.779438
0.116198
0.523304
0.733874
0.71702
0.838066
0.995762
0.2198
0.517815
0.677144
0.975
0.608737
0.597835
0.701557
0.595336
0.902727
0.124866
0.620449
0.027335
0.069004
0.43973
0.934942
0.723681
0.856875
0.389448
0.192789
0.002815
0.248454
0.205962
0.660608
0.878409
0.745447
0.632416
0.606437
0.903267
0.156265
0.074092
0.828416
0.335478
0.271214
0.527083
0.591354
0.255871
0.134517
0.575163
0.853827
0.500138
0.952301
0.227221
0.220124
0.397761
0.040896
0.709669
0.719367
0.724388
0.569825
0.466177
0.123757
0.416446
0.169206
0.053262
0.879614
0.795715
0.059559
0.649109
0.104921
0.177815
0.663461
0.758557
0.96419
0.586072
0.950525
0.096676
0.092389
0.402972
0.301338
0.593837
0.634858
0.73435
0.507627
0.786032
0.869516
0.239735
0.511925
0.891323
0.384107
0.510552
0.423965
0.730596
0.293586
0.928076
0.412177
0.927828
0.062453
0.454734
0.534309
0.652149
0.046357
0.927818
0.072067
0.550426
0.497436
0.497491
0.473899
0.46282
0.916347
0.568049
0.219062
0.560406
0.98177
0.708675
0.063427
0.386221
0.817675
0.661811
0.498089
0.327644
0.076611
0.071198
0.026484
0.610866
0.051794
0.582306
0.676827
0.188585
0.657899
0.643896
0.414975
0.958068
0.347662
0.828464
0.235475
0.648671
0.095477
0.532059
0.941907
0.046194
0.013451
0.203875
0.636452
0.934789
0.084321
0.523928
0.922581
0.245797
0.907357
0.561951
0.000484
0.100495
0.47799
0.589369
0.72243
0.650319
0.311412
0.667361
0.268065
0.489164
0.04612
0.569397
0.133022
0.145844
0.818564
0.423175
0.681354
0.891883
0.794366
0.312693
0.10591
0.95767
0.213738
0.747055
0.487106
0.921193
0.954994
0.223548
0.540415
0.298266
0.860205
0.303309
0.109896
0.672312
0.699039
0.528955
0.163073
0.679204
0.865492
0.641342
0.752867
0.399929
0.163029
0.589898
0.149901
0.704018
0.033219
0.065472
0.328004
0.077922
0.469077
0.514571
0.478155
0.084235
0.816576
0.06131
0.429786
0.044624
0.201765
0.963862
0.002602
0.606381
0.968087
0.958928
0.41453
0.414345
0.0767
0.032293
0.87919
0.859158
0.81428
0.074541
0.510017
0.749485
0.187608
0.570945
0.260571
0.837952
0.842114
0.002538
0.240445
0.390224
0.020171
0.808651
0.97265
0.052711
0.709943
0.68832
0.213967
0.148688
0.676821
0.976195
0.489281
0.368952
0.836088
0.347965
0.393303
0.703231
0.561746
0.679857
0.216508
0.075665
0.87756
0.459156
0.907756
0.344288
0.289475
0.36333
0.786822
0.294758
0.95329
0.730145
0.457942
0.025254
0.157854
0.304135
0.334875
0.357604
0.024122
0.661822
0.03326
0.17721
0.108502
0.248133
0.922718
0.245977
0.82977
0.616522
0.762896
0.546092
0.408772
0.439248
0.561987
0.220218
0.746779
0.656769
0.755811
0.833273
0.35787
0.782438
0.884019
0.538145
0.995862
0.029365
0.783422
0.358122
0.579529
0.65079
0.366362
0.400734
0.886171
0.64449
0.514982
0.242104
0.93402
0.277321
0.192243
0.35321
0.654527
0.37307
0.451205
0.059467
0.386064
0.434321
0.052137
0.051778
0.919076
0.239581
0.621666
0.300516
0.450109
0.208598
0.961532
0.991621
0.232166
0.753222
0.830103
0.344646
0.902434
0.493834
0.902377
0.75779
0.064845
0.748416
0.915026
0.000356
0.246063
0.611543
0.327859
0.917185
0.248525
0.986433
0.929716
0.943267
0.187035
0.361272
0.322701
0.30899
0.543156
0.422992
0.157943
0.902195
0.257594
0.385162
0.615698
0.317827
0.961285
0.183214
0.468348
0.424951
0.510463
0.361366
0.71352
0.620511
0.073027
0.408929
0.929343
0.297315
0.875442
0.433497
0.483435
0.569795
0.756825
0.552679
0.767597
0.927285
0.295659
0.539784
0.186912
0.629795
0.947137
0.118115
0.846427
0.919639
0.23469
0.678598
0.303066
0.643561
0.608268
0.04675
0.344424
0.488119
0.418478
0.686997
0.552157
0.002771
0.005473
0.964887
0.33936
0.144479
0.805235
0.239795
0.917899
0.966648
0.669146
0.278633
0.799336
0.163992
0.798031
0.475847
0.600016
0.309317
0.164009
0.469291
0.940167
0.592582
0.099455
0.392034
0.879772
0.932865
0.773972
0.174607
0.761113
0.466523
0.597957
0.35273
0.100638
0.706847
0.930923
0.655133
0.61305
0.212685
0.159768
0.815925
0.606071
0.453025
0.697051
0.879196
0.079315
0.735649
0.871434
0.044467
0.11918
0.353192
0.641289
0.021909
0.156093
0.25887
0.149418
0.958217
0.745459
0.126177
0.025696
0.275612
0.47166
0.221529
0.120652
0.198151
0.498574
0.063461
0.40332
0.11671
0.262171
0.31053
0.719501
0.771337
0.877492
0.639171
0.226515
0.358502
0.565965
0.445947
0.002237
0.217099
0.390239
0.584622
0.223238
0.447642
0.002505
0.086482
0.539713
0.429919
0.4316
0.651522
0.965816
0.810949
0.458171
0.731748
0.711289
0.43773
0.208922
0.110401
0.913583
0.257815
0.556232
0.599227
0.883212
0.131396
0.896691
0.582021
0.447939
0.603484
0.488061
0.416153
0.528892
0.311702
0.970759
0.570266
0.65573
0.787552
0.603336
0.627726
0.662114
0.252891
0.761972
0.26111
0.55147
0.441124
0.951157
0.164431
0.057769
0.541981
0.732906
0.740412
0.234144
0.581149
0.714347
0.001274
0.658139
0.953171
0.283971
0.582167
0.508076
0.415511
0.79008
0.123741
0.492285
0.072875
0.478248
0.850767
0.652639
0.174199
0.668246
0.361476
0.110334
0.948357
0.576007
0.755505
0.068377
0.286023
0.384421
0.515575
0.873196
0.267942
0.108998
0.518921
0.514456
0.531428
0.309344
0.211894
0.644373
0.368517
0.732259
0.598089
0.932633
0.72835
0.302847
0.952291
0.820877
0.090098
0.712209
0.313225
0.982797
0.507524
0.939437
0.13917
0.034919
0.823551
0.963281
0.531112
0.57206
0.602912
0.58365
0.390144
0.976851
0.858772
0.627149
0.2776
0.782721
0.312256
0.774595
0.682365
0.39754
0.96707
0.542692
0.098456
0.530524
0.494514
0.336631
0.621471
0.770896
0.499482
0.679689
0.90057
0.474909
0.726714
0.315913
0.350251
0.971297
0.638305
0.169251
0.212639
0.932748
0.331672
0.508859
0.753927
0.139673
0.912195
0.005016
0.477866
0.189363
0.443634
0.846273
0.655283
0.742528
0.579303
0.410761
0.198501
0.77768
0.676761
0.11957
0.506263
0.641275
0.464548
0.984328
0.36912
0.675965
0.845027
0.053777
0.264454
0.006326
0.555333
0.963821
0.894642
0.73979
0.440779
0.954444
0.708261
0.968677
0.206367
0.726617
0.101737
0.307155
0.664989
0.982283
0.347845
0.603386
0.840266
0.547623
0.980686
0.113489
0.79438
0.031259
0.641486
0.959305
0.152502
0.837951
0.742136
0.9094
0.797246
0.135547
0.004637
0.82553
0.344485
0.712889
0.312912
0.418624
0.71292
0.735558
0.887759
0.634189
0.221
0.56719
0.450458
0.06801
0.427202
0.73004
0.600864
0.270889
0.156463
0.577589
0.263699
0.61472
0.67387
0.681935
0.127405
0.342241
0.565676
0.620958
0.467098
0.676692
0.823972
0.708719
0.186508
0.770048
0.328144
0.496481
0.050459
0.655366
0.891128
0.648922
0.384001
0.43485
0.393459
0.917706
0.981019
0.29696
0.210585
0.53304
0.772415
0.067634
0.660396
0.398103
0.443203
0.738332
0.505058
0.552383
0.865881
0.519811
0.834259
0.562675
0.124576
0.559246
0.863223
0.509076
0.47686
0.879867
0.454597
0.629539
0.907754
0.887712
0.960536
0.969375
0.939749
0.50098
0.374741
0.941535
0.71517
0.012798
0.581543
0.745559
0.131196
0.772735
0.446479
0.476896
0.245113
0.978791
0.282263
0.317858
0.112968
0.10009
0.095031
0.72562
0.605208
0.845373
0.28594
0.871546
0.169093
0.00309
0.869369
0.623991
0.922533
0.338455
0.344959
0.279465
0.936725
0.856358
0.108538
0.988527
0.727149
0.606283
0.5416
0.240013
0.699135
0.126382
0.511107
0.796326
0.105699
0.107448
0.795416
0.241873
0.68186
0.696398
0.507707
0.841795
0.435627
0.291887
0.402567
0.511696
0.074989
0.858571
0.336864
0.637839
0.363753
0.765549
0.853097
0.286914
0.718323
0.667936
0.077086
0.49858
0.717934
0.463314
0.417817
0.189658
0.912523
0.779317
0.514414
0.462591
0.382949
0.605027
0.517923
0.941516
0.048748
0.555122
0.434603
0.719088
0.921104
0.477313
0.100375
0.521563
0.43273
0.578682
0.091081
0.327616
0.315605
0.934303
0.632746
0.52272
0.234375
0.947781
0.752929
0.670692
0.759007
0.360553
0.407084
0.328613
0.576788
0.441202
0.315197
0.917399
0.799647
0.735693
0.501068
0.454187
0.780039
0.523686
0.353749
0.9835
0.790176
0.64938
0.814831
0.544995
0.974072
0.601632
0.017184
0.19074
0.579881
0.365252
0.620117
0.632628
0.961328
0.661866
0.520038
0.653689
0.668252
0.653813
0.890746
0.323723
0.890996
0.167837
0.375639
0.16819
0.047467
0.548204
0.655703
0.475206
0.141251
0.546319
0.134656
0.152254
0.8439
0.614778
0.242923
0.149268
0.367343
0.700493
0.913854
0.831838
0.012117
0.694458
0.928741
0.780115
0.862767
0.332393
0.278296
0.939445
0.304533
0.258139
0.332784
0.585218
0.793848
0.193394
0.264886
0.791465
0.052989
0.649674
0.478257
0.022097
0.664362
0.705783
0.910144
0.966527
0.200262
0.482243
0.716311
0.378042
0.391055
0.167271
0.981526
0.865013
0.696179
0.743546
0.36837
0.033277
0.907944
0.208975
0.128178
0.607233
0.64872
0.696494
0.679277
0.887039
0.509937
0.592685
0.402635
0.135315
0.784489
0.081464
0.638379
0.804925
0.604269
0.142906
0.348477
0.915548
0.951602
0.474484
0.733123
0.403251
0.354457
0.228384
0.543968
0.299991
0.970985
0.415131
0.409701
0.753096
0.014897
0.739531
0.002371
0.791109
0.964412
0.483713
0.226722
0.152057
0.905772
0.157993
0.438973
0.263939
0.63675
0.643936
0.922494
0.588245
0.271169
0.600329
0.873
0.463242
0.513771
0.609568
0.130915
0.069613
0.645702
0.992715
0.578097
0.934301
0.999286
0.040723
0.829161
0.987158
0.333075
0.972723
0.218857
0.351953
0.862532
0.721302
0.087956
0.536567
0.719415
0.125688
0.879524
0.818963
0.264466
0.008281
0.984844
0.602378
0.978486
0.943395
0.912187
0.980568
0.284178
0.74607
0.682754
0.001955
0.233214
0.09271
0.912972
0.76098
0.542836
0.11235
0.653971
0.342632
0.372572
0.509943
0.345181
0.589483
0.487956
0.43853
0.05061
0.6704
0.079834
0.838219
0.691734
0.472794
0.551737
0.885899
0.294723
0.993695
0.699152
0.726651
0.064683
0.64332
0.113296
0.937717
0.144083
0.931546
0.962866
0.324398
0.969582
0.919391
0.71813
0.869411
0.938789
0.700001
0.46425
0.119167
0.161333
0.992252
0.216783
0.407732
0.052482
0.189536
0.503041
0.831375
0.090567
0.593138
0.524901
0.342671
0.261042
0.986998
0.782076
0.797455
0.234118
0.922036
0.662086
0.327621
0.321651
0.67944
0.704632
0.320773
0.23423
0.906275
0.960577
0.558039
0.177793
0.777053
0.292704
0.928815
0.349925
0.730143
0.2975
0.839169
0.273263
0.215868
0.217426
0.894343
0.725468
0.900448
0.234993
0.824364
0.09945
0.838605
0.983628
0.910511
0.424792
0.278543
0.347897
0.479504
0.413272
0.038605
0.92281
0.858091
0.872455
0.36784
0.046803
0.250501
0.677538
0.612665
0.505926
0.501367
0.804081
0.034548
0.529899
0.675485
0.736403
0.263936
0.480715
0.883215
0.446533
0.722648
0.908166
0.092058
0.284779
0.160182
0.113996
0.576087
0.301492
0.371301
0.846219
0.895633
0.26979
0.206076
0.111377
0.39745
0.849571
0.050385
0.706162
0.352425
0.916421
0.345441
0.9535
0.231676
0.024526
0.271833
0.081291
0.76044
0.373256
0.473309
0.074458
0.902472
0.546573
0.920667
0.380822
0.934712
0.993303
0.768726
0.901841
0.433578
0.806744
0.426211
0.589264
0.025604
0.784826
0.228457
0.956001
0.346738
0.011386
0.003996
0.888549
0.919761
0.401282
0.170564
0.262538
0.548916
0.886195
0.313313
0.914097
0.268398
0.80321
0.658418
0.703623
0.418135
0.338627
0.404365
0.865229
0.367047
0.520988
0.871732
0.557029
0.459311
0.262737
0.562448
0.579353
0.728926
0.871629
0.433784
0.912509
0.392974
0.6726
0.171215
0.826532
0.905357
0.726766
0.645079
0.869803
0.608546
0.918036
0.759714
0.096051
0.113723
0.055071
0.787344
0.848631
0.856984
0.172922
0.710114
0.43837
0.571433
0.299192
0.205524
0.042463
0.979675
0.721501
0.607648
0.330825
0.69846
0.495265
0.045501
0.890463
0.161225
0.5606
0.142522
0.264493
0.658704
0.550248
0.13739
0.800613
0.368347
0.691982
0.305847
0.156805
0.850377
0.358291
0.698521
0.355809
0.108835
0.011063
0.096456
0.446345
0.706132
0.023043
0.842673
0.298938
0.755182
0.724605
0.686187
0.659264
0.917223
0.862189
0.112918
0.12335
0.467038
0.576178
0.621993
0.903892
0.284962
0.71056
0.931983
0.7724
0.099993
0.978704
0.053095
0.705106
0.82171
0.105304
0.150314
0.006647
0.298873
0.750483
0.670801
0.183848
0.294094
0.84004
0.888732
0.201302
0.520605
0.436642
0.448491
0.135581
0.936373
0.68643
0.016645
0.303744
0.879584
0.84016
0.454152
0.569158
0.40878
0.900611
0.233108
0.549254
0.085779
0.322439
0.468414
0.157072
0.242588
0.672323
0.411905
0.881701
0.73065
0.103204
0.097149
0.067384
0.441247
0.536671
0.98664
0.320137
0.101093
0.894504
0.139866
0.843423
0.982912
0.387708
0.886514
0.850126
0.308357
0.763205
0.363847
0.738107
0.302631
0.526336
0.746531
0.064076
0.327757
0.854459
0.223933
0.745307
0.883936
0.957612
0.708313
0.826796
0.232389
0.830786
0.930231
0.682129
0.876145
0.915665
0.443816
0.493175
0.528712
0.258872
0.762709
0.395786
0.538141
0.174232
0.689598
0.889768
0.619134
0.721717
0.767256
0.068929
0.37602
0.330853
0.256968
0.099597
0.9277
0.765663
0.1284
0.569613
0.846569
0.775646
0.24963
0.335116
0.219927
0.908403
0.226203
0.897179
0.4249
0.953697
0.910891
0.25565
0.297015
0.599299
0.689572
0.348035
0.760015
0.933256
0.137328
0.906809
0.593784
0.503099
0.924542
0.805788
0.033198
0.104701
0.305002
0.915638
0.782335
0.599805
0.123485
0.941692
0.225886
0.110404
0.929841
0.009719
0.712507
0.381496
0.924627
0.474845
0.606153
0.210186
0.994834
0.302783
0.715093
0.58214
0.314422
0.510474
0.189711
0.641847
0.925094
0.43454
0.429856
0.807404
0.259662
0.675041
0.482471
0.469244
0.136221
0.465837
0.585664
0.539751
0.013406
0.914401
0.257198
0.904071
0.625872
0.994105
0.493621
0.400755
0.222128
0.064128
0.498865
0.575755
0.321311
0.928719
0.668821
0.884349
0.305115
0.363877
0.289255
0.723368
0.693772
0.541035
0.219334
0.470166
0.761598
0.153498
0.237834
0.660127
0.361884
0.084907
0.864728
0.528612
0.482821
0.885872
0.273574
0.781387
0.298315
0.906631
0.294867
0.516697
0.095655
0.108246
0.432266
0.12828
0.921043
0.05427
0.898147
0.90655
0.271711
0.052173
0.552831
0.117757
0.341886
0.861653
0.070099
0.638857
0.055451
0.131891
0.640072
0.596694
0.401846
0.27951
0.558323
0.781482
0.201452
0.047704
0.623983
0.687851
0.918928
0.922315
0.34437
0.419058
0.58391
0.462557
0.599923
0.840544
0.274437
0.530157
0.043913
0.922575
0.738237
0.167804
0.673945
0.575639
0.556715
0.191177
0.878621
0.581663
0.519934
0.743311
0.473553
0.15814
0.051606
0.157007
0.708407
0.73663
0.564734
0.221169
0.053364
0.88355
0.472753
0.472169
0.208785
0.125516
0.884919
0.684832
0.09683
0.034535
0.189836
0.505473
0.907158
0.185856
0.84093
0.548132
0.752116
0.212362
0.370997
0.900222
0.105191
0.621467
0.28241
0.494502
0.105502
0.44559
0.663965
0.026288
0.283858
0.84066
0.529624
0.367882
0.395852
0.974827
0.859059
0.870224
0.174259
0.113879
0.52529
0.665087
0.015007
0.231197
0.242139
0.517088
0.343806
0.749727
0.098489
0.851388
0.220729
0.586352
0.100438
0.055942
0.959875
0.398132
0.755151
0.670916
0.240108
0.15846
0.605284
0.315622
0.884541
0.291537
0.34456
0.866209
0.59267
0.992777
0.141845
0.432823
0.483497
0.085008
0.700963
0.036269
0.014157
0.318014
0.073874
0.865722
0.364838
0.883901
0.028089
0.559053
0.817729
0.975434
0.431323
0.322882
0.030841
0.772621
0.376791
0.349712
0.169015
0.09717
0.266795
0.149871
0.261845
0.497275
0.86342
0.787407
0.904887
0.014666
0.681031
0.892164
0.54817
0.86449
0.022863
0.321397
0.184666
0.391656
0.604633
0.812156
0.14113
0.263075
0.138719
0.015793
0.169318
0.898926
0.958617
0.538694
0.512223
0.400364
0.981786
0.639815
0.931895
0.706779
0.897484
0.886932
0.74179
0.55399
0.859621
0.596913
0.829745
0.112479
0.170632
0.213214
0.901001
0.914419
0.260121
0.591426
0.838876
0.364951
0.967759
0.605715
0.630282
0.124145
0.073858
0.073669
0.227037
0.465759
0.354164
0.64203
0.640124
0.856998
0.741377
0.794009
0.577711
0.5886
0.204777
0.30004
0.051853
0.113626
0.93866
0.860156
0.279742
0.760612
0.137493
0.336539
0.440945
0.203391
0.604561
0.435876
0.721774
0.89369
0.887696
0.328634
0.93215
0.236674
0.24474
0.45803
0.474413
0.073022
0.938745
0.055073
0.187719
0.454418
0.29011
0.185117
0.3662
0.651048
0.712287
0.526398
0.090867
0.455898
0.994532
0.480717
0.302545
0.003357
0.814433
0.562678
0.102135
0.077389
0.44543
0.351719
0.285472
0.500363
0.782055
0.813083
0.386754
0.946027
0.329044
0.005356
0.386958
0.862549
0.525373
0.707679
0.708726
0.111275
0.827334
0.505387
0.620497
0.154414
0.160761
0.135873
0.996544
0.494087
0.777901
0.205689
0.977359
0.842345
0.498853
0.193361
0.761987
0.078046
0.219022
0.634621
0.354041
0.537525
0.556283
0.372986
0.387333
0.686074
0.647207
0.407063
0.607734
0.693279
0.808078
0.172936
0.857512
0.392438
0.868001
0.090398
0.016512
0.565383
0.956987
0.614671
0.959296
0.177867
0.041537
0.282307
0.522254
0.346661
0.221572
0.938859
0.921483
0.78287
0.830807
0.969929
0.779846
0.191095
0.798074
0.912705
0.408162
0.698362
0.44936
0.827917
0.748719
0.349629
0.729636
0.182919
0.625323
0.041066
0.830734
0.593823
0.477822
0.327085
0.422912
0.406333
0.614571
0.626203
0.08407
0.546863
0.344944
0.366371
0.779084
0.008371
0.994392
0.219819
0.18073
0.853794
0.322256
0.724001
0.79075
0.380732
0.641107
0.469522
0.914414
0.286774
0.016242
0.094377
0.079816
0.912601
0.10452
0.95712
0.934593
0.182585
0.918843
0.306448
0.866356
0.723028
0.460026
0.445065
0.15891
0.580452
0.060884
0.282392
0.094298
0.881232
0.47683
0.847294
0.434051
0.803941
0.031228
0.987204
0.839867
0.722883
0.84321
0.353237
1.2e-05
0.502533
0.246271
0.846754
0.270537
0.671153
0.119086
0.441128
0.416436
0.811235
0.778082
0.66042
0.828818
0.376052
0.484991
0.076434
0.320557
0.003647
0.606729
0.959576
0.076454
0.707276
0.406029
0.76315
0.719637
0.987079
0.035756
0.063645
0.493153
0.377585
0.767208
0.539764
0.442755
0.086253
0.091762
0.073075
0.705069
0.073966
0.065299
0.826314
0.613063
0.508175
0.661839
0.032505
0.25347
0.644703
0.891568
0.942203
0.002158
0.125124
0.212669
0.715954
0.692069
0.387355
0.138487
0.848012
0.264334
0.175417
0.914823
0.67709
0.366198
0.115784
0.27949
0.366841
0.664289
0.774611
0.909291
0.832143
0.796887
0.028573
0.26705
0.562019
0.302624
0.874627
0.81971
0.847913
0.847712
0.584708
0.188868
0.924223
0.324758
0.957812
0.270627
0.458927
0.872874
0.692422
0.74523
0.986945
0.432177
0.504853
0.968309
0.813288
0.834375
0.068517
0.790618
0.774275
0.300927
0.702909
0.188442
0.409171
0.320571
0.489446
0.54865
0.407632
0.019904
0.97093
0.742317
0.115744
0.968906
0.993467
0.486622
0.950103
0.875808
0.727304
0.82755
0.476175
0.201045
0.981435
0.978751
0.216529
0.125057
0.393563
0.921422
0.155509
0.066704
0.277417
0.738048
0.273983
0.217435
0.854901
0.952574
0.305869
0.537399
0.621321
0.622511
0.878843
0.518667
0.365209
0.148967
0.551335
0.614073
0.824214
0.275732
0.469034
0.77748
0.590289
0.670684
0.593417
0.288909
0.548347
0.164475
0.905567
0.077887
0.070203
0.699598
0.90946
0.985219
0.586434
0.917469
0.459852
0.338975
0.709321
0.674795
0.445138
0.611459
0.62842
0.318431
0.953768
0.016457
0.396464
0.007034
0.40836
0.779607
0.694678
0.49577
0.482488
0.968648
0.585822
0.682764
0.28076
0.686691
0.97204
0.625781
0.620297
0.462291
0.518416
0.97607
0.659144
0.661741
0.675887
0.141838
0.937888
0.625051
0.730506
0.856639
0.285316
0.95807
0.435135
0.54675
0.570692
0.189437
0.212027
0.444467
0.26014
0.121763
0.528147
0.163706
0.611983
0.074412
0.630415
0.313761
0.569426
0.398265
0.842678
0.343355
0.809693
0.706075
0.370315
0.901991
0.036113
0.591168
0.781453
0.066079
0.412608
0.919735
0.620209
0.404763
0.156533
0.330566
0.248175
0.820678
0.058061
0.678562
0.524204
0.816828
0.037338
0.751255
0.302058
0.170084
0.423237
0.868042
0.548089
0.309637
0.341112
0.198301
0.076665
0.836206
0.642044
0.127682
0.55167
0.49561
0.911168
0.362228
0.907229
0.776384
0.382755
0.485729
0.913366
0.596633
0.787033
0.184941
0.147745
0.541754
0.648196
0.663816
0.405587
0.410921
0.702319
0.718615
0.038251
0.688791
0.282381
0.243656
0.670227
0.334763
0.062508
0.314382
0.945936
0.092503
0.348439
0.14246
0.16536
0.744822
0.537969
0.287004
0.573491
0.131718
0.43689
0.18342
0.640137
0.206642
0.253509
0.193716
0.822985
0.76168
0.787412
0.608878
0.321735
0.50025
0.152169
0.668563
0.182896
0.324965
0.841204
0.081586
0.916117
0.725611
0.300708
0.29962
0.50201
0.536767
0.968418
0.750735
0.277223
0.093426
0.78697
0.025338
0.683041
0.960226
0.94427
0.252059
0.907025
0.637778
0.546629
0.057835
0.084223
0.396995
0.477072
0.406649
0.682422
0.230002
0.114252
0.972693
0.546605
0.413498
0.134108
0.327687
0.888136
0.994646
0.1526
0.095502
0.448809
0.356221
0.692771
0.70741
0.977879
0.569236
0.750039
0.112776
0.117434
0.812616
0.758277
0.284084
0.480787
0.320563
0.559681
0.111942
0.557544
0.966641
0.034776
0.489284
0.700374
0.762581
0.788854
0.20322
0.308908
0.342403
0.009859
0.404768
0.943168
0.267919
0.317227
0.732096
0.884303
0.462061
0.247158
0.665769
0.928773
0.750837
0.36205
0.832135
0.461399
0.997252
0.469104
0.951678
0.109444
0.701965
0.039105
0.831222
0.634415
0.212208
0.242267
0.255055
0.498725
0.227213
0.47038
0.144039
0.199118
0.587236
0.250094
0.637547
0.746394
0.561903
0.353795
0.18135
0.079864
0.967931
0.905508
0.315304
0.206252
0.595644
0.815611
0.10823
0.718039
0.647703
0.870686
0.256135
0.395642
0.106656
0.324688
0.25102
0.018576
0.364558
0.744474
0.086219
0.59563
0.358137
0.646085
0.922616
0.436585
0.367828
0.267529
0.669447
0.732874
0.954687
0.060944
0.589198
0.306128
0.326718
0.618522
0.569667
0.144093
0.646295
0.150795
0.315898
0.72208
9.3e-05
0.060421
0.777794
0.084519
0.516485
0.794184
0.473775
0.73221
0.684729
0.246699
0.832068
0.670687
0.053425
0.903594
0.815711
0.747036
0.153446
0.671175
0.018847
0.029957
0.629539
0.67065
0.019485
0.898664
0.099487
0.790365
0.084822
0.739914
0.824446
0.387052
0.448751
0.254833
0.422822
0.092179
0.255922
0.52464
0.751811
0.788565
0.331166
0.487141
0.98869
0.52131
0.536841
0.206218
0.262024
0.114346
0.753239
0.658321
0.45637
0.210929
0.802878
0.947269
0.805348
0.007691
0.290052
0.896197
0.15758
0.716071
0.833146
0.050173
0.275309
0.845125
0.479033
0.567072
0.8453
0.214576
0.790884
0.925608
0.772659
0.816189
0.605218
0.388267
0.873459
0.23664
0.732123
0.367208
0.199431
0.124892
0.847205
0.191151
0.530468
0.289492
0.664151
0.242283
0.882016
0.282663
0.947968
0.454555
0.458416
0.986718
0.579736
0.945592
0.4523
0.820483
0.809237
0.463337
0.562073
0.60115
0.043912
0.139025
0.726608
0.657382
0.366313
0.471228
0.924938
0.214663
0.227546
0.028518
0.731204
0.208564
0.321142
0.569837
0.637548
0.308557
0.046409
0.18428
0.489356
0.105065
0.340415
0.272069
0.024404
0.279857
0.518741
0.545582
0.305765
0.037949
0.824955
0.740822
0.633643
0.850971
0.482288
0.956613
0.215094
0.3809
0.722436
0.453827
0.32923
0.001165
0.409069
0.533341
0.538492
0.461717
0.416525
0.537416
0.981131
0.963158
0.152874
0.066035
0.822431
0.165596
0.681997
0.754831
0.708692
0.873417
0.428717
0.803756
0.19377
0.21558
0.882032
0.033514
0.269729
0.187156
0.249105
0.085214
0.962048
0.316611
0.641804
0.172798
0.019349
0.144786
0.665483
0.645494
0.334163
0.2051
0.439466
0.406895
0.155746
0.09163
0.667014
0.560927
0.777915
0.753264
0.871644
0.706669
0.939381
0.358682
0.229232
0.605736
0.232156
0.768534
0.31873
0.816854
0.269255
0.947266
0.589234
0.238661
0.755085
0.331934
0.114805
0.049676
0.980706
0.14631
0.92003
0.655884
0.43408
0.057891
0.201939
0.863499
0.098034
0.851686
0.899789
0.971393
0.36936
0.651922
0.765152
0.657715
0.303089
0.576139
0.484658
0.306245
0.074394
0.342114
0.655582
0.449448
0.161934
0.197207
0.114447
0.384229
0.840255
0.38256
0.301856
0.750205
0.819115
0.397294
0.963638
0.044237
0.660116
0.431454
0.559052
0.785305
0.785308
0.763863
0.826762
0.993313
0.759368
0.575951
0.339907
0.641169
0.642997
0.734936
0.875235
0.328257
0.937679
0.892371
0.828587
0.056815
0.584097
0.896494
0.216909
0.409054
0.638708
0.133956
0.437959
0.7353
0.414196
0.441263
0.75951
0.67832
0.3517
0.119346
0.664322
0.898302
0.107521
0.860917
0.405284
0.309976
0.769227
0.931768
0.464821
0.281189
0.674648
0.579443
0.351608
0.498625
0.833389
0.127215
0.474158
0.547223
0.78281
0.727856
0.375943
0.505781
0.741404
0.606543
0.761164
0.120615
0.11555
0.289963
0.727081
0.595755
0.33388
0.717603
0.79516
0.513171
0.125497
0.624817
0.655018
0.788729
0.639372
0.092747
0.207898
0.184037
0.122741
0.214034
0.325122
0.902371
0.539861
0.431932
0.880645
0.694882
0.198092
0.645359
0.7849
0.306587
0.344246
0.91551
0.253366
0.384395
0.175694
0.84886
0.260067
0.803026
0.78251
0.194916
0.900408
0.358095
0.057687
0.314226
0.92392
0.572469
0.143473
0.01112
0.941483
0.984459
0.002607
0.714405
0.68712
0.260725
0.612366
0.828335
0.67722
0.692019
0.965206
0.006515
0.717134
0.750138
0.028518
0.088178
0.049336
0.865213
0.694544
0.345864
0.938593
0.309742
0.839201
0.781049
0.676214
0.615236
0.941515
0.017215
0.463252
0.573631
0.045085
0.591658
0.753274
0.717303
0.804924
0.109045
0.918795
0.933828
0.321948
0.287183
0.859452
0.353509
0.371336
0.060975
0.521814
0.675563
0.308675
0.305144
0.923951
0.55846
0.680113
0.550021
0.256035
0.171752
0.563961
0.724997
0.012625
0.629992
0.549442
0.896447
0.530652
0.511428
0.303595
0.481112
0.780105
0.055052
0.782755
0.029947
0.037842
0.469343
0.816906
0.764916
0.554645
0.041786
0.227811
0.621165
0.953917
0.015373
0.00204
0.463944
0.584138
0.201888
0.521556
0.842386
0.727504
0.862073
0.591544
0.981143
0.616411
0.269564
0.789246
0.841923
0.952676
0.537003
0.901346
0.384281
0.593999
0.194176
0.278568
0.002721
0.792684
0.24096
0.630564
0.454408
0.805414
0.886486
0.98989
0.998862
0.967126
0.700311
0.52272
0.538751
0.62489
0.013147
0.050139
0.678529
0.74823
0.727358
0.148255
0.674427
0.200438
0.201981
0.975316
0.803946
0.487633
0.01374
0.055975
0.021837
0.857054
0.574245
0.936638
0.865513
0.59299
0.826495
0.734146
0.273879
0.229533
0.787007
0.516417
0.480618
0.758006
0.740744
0.06098
0.603929
0.660537
0.237781
0.954538
0.386964
0.551688
0.147353
0.626409
0.881883
0.865036
0.26384
0.973509
0.567981
0.759306
0.881565
0.102101
0.85388
0.108256
0.546529
0.453235
0.43823
0.410431
0.571614
0.301333
0.864617
0.110382
0.433497
0.420335
0.133697
0.929782
0.172181
0.010639
0.353069
0.283942
0.979716
0.467916
0.418311
0.144211
0.532964
0.749967
0.031191
0.911162
0.126301
0.226309
0.485093
0.956133
0.911575
0.273468
0.298611
0.533812
0.439705
0.077917
0.89856
0.584432
0.594869
0.608259
0.339365
0.690952
0.25
0.603377
0.026045
0.082767
0.726804
0.640536
0.752981
0.734551
0.757508
0.289643
0.377055
0.769849
0.928639
0.228236
0.753852
0.90114
0.16665
0.936619
0.446688
0.108104
0.401023
0.037299
0.04952
0.969338
0.206221
0.702732
0.256842
0.667777
0.081339
0.532858
0.585986
0.320452
0.790741
0.061021
0.858423
0.71882
0.661226
0.816476
0.46745
0.605284
0.548879
0.512335
0.610489
0.974708
0.34606
0.663254
0.291754
0.794803
0.576868
0.224223
0.417286
0.273579
0.252051
0.436357
0.664729
0.554215
0.300018
0.056513
0.928231
0.347032
0.675431
0.674727
0.849265
0.96585
0.033548
0.184096
0.919868
0.981199
0.473134
0.957039
0.067293
0.346483
0.384712
0.899953
0.577102
0.656146
0.653178
0.8544
0.308402
0.482454
0.305849
0.93868
0.618194
0.947479
0.46378
0.690421
0.885831
0.886574
0.977124
0.873858
0.446638
0.686745
0.931822
0.809127
0.157583
0.085571
0.45875
0.980802
0.489667
0.316439
0.155579
0.438491
0.85177
0.788329
0.919861
0.788982
0.717853
0.301956
0.320953
0.891964
0.136648
0.200692
0.56528
0.08447
0.267528
0.05941
0.276616
0.67412
0.997902
0.00627
0.140701
0.862293
0.302135
0.002014
0.448209
0.444594
0.555889
0.293822
0.606685
0.294273
0.617688
0.49345
0.92197
0.274991
0.237889
0.498626
0.293851
0.856239
0.83506
0.273336
0.476933
0.831174
0.207119
0.826366
0.832826
0.023527
0.288444
0.321456
0.967212
0.711775
0.436931
0.811195
0.275596
0.283662
0.773472
0.196316
0.35927
0.954242
0.851992
0.988566
0.225846
0.168025
0.775553
0.014541
0.469063
0.456447
0.262541
0.968365
0.524355
0.253694
0.660963
0.232482
0.847418
0.131646
0.442456
0.056404
0.701154
0.390251
0.162475
0.220915
0.353558
0.800323
0.36522
0.554384
0.749791
0.240764
0.330973
0.546996
0.99817
0.33243
0.002127
0.054401
0.562323
0.748333
0.407257
0.730127
0.504771
0.972807
0.136032
0.275441
0.624562
0.923832
0.737244
0.20195
0.986661
0.074839
0.630392
0.689757
0.486396
0.84015
0.600989
0.672631
0.362269
0.079196
0.59476
0.950642
0.957678
0.440516
0.426117
0.261135
0.399401
0.661709
0.794752
0.632122
0.340682
0.86238
0.731077
0.514684
0.150592
0.010623
0.85241
0.185228
0.233203
0.917833
0.69103
0.886935
0.03945
0.994679
0.183462
0.721055
0.59878
0.394692
0.114676
0.6681
0.387757
0.036133
0.940453
0.843686
0.612813
0.353912
0.948357
0.177287
0.157146
0.112536
0.704999
0.142188
0.044691
0.252603
0.458281
0.850143
0.011865
0.635725
0.07762
0.749811
0.414275
0.756837
0.36676
0.782381
0.889906
0.448644
0.423562
0.851012
0.249642
0.173904
0.743632
0.452076
0.627805
0.368141
0.554601
0.351831
0.97477
0.134422
0.495001
0.054956
0.384125
0.901732
0.334302
0.536256
0.515172
0.026616
0.073222
0.985454
0.644502
0.02424
0.969251
0.783864
0.003114
0.460738
0.610879
0.784672
0.119588
0.424029
0.814502
0.312707
0.161184
0.900175
0.247084
0.194843
0.290779
0.371884
0.546314
0.045507
0.860034
0.098834
0.321835
0.962212
0.222786
0.5005
0.846783
0.171512
0.772732
0.879124
0.85097
0.776441
0.414513
0.999956
0.028335
0.303077
0.453913
0.450268
0.309506
0.869459
0.01363
0.465684
0.061175
0.297359
0.846839
0.111254
0.607089
0.954813
0.398537
0.735686
0.147893
0.009993
0.224182
0.407911
0.782289
0.343551
0.485828
0.885365
0.238311
0.994995
0.220439
0.259585
0.646891
0.594304
0.302491
0.736252
0.102079
0.83674
0.131117
0.563948
0.909415
0.81379
0.481321
0.107443
0.166966
0.103766
0.798646
0.465622
0.586197
0.041192
0.764583
0.243954
0.760779
0.760632
0.384701
0.766725
0.647109
0.176104
0.853371
0.310067
0.861192
0.280506
0.203918
0.743595
0.094392
0.721496
0.949847
0.637405
0.504539
0.407291
0.315763
0.834985
0.263427
0.715346
0.901653
0.996159
0.240526
0.090712
0.311333
0.340801
0.647648
0.524298
0.549715
0.993835
0.017517
0.999001
0.560801
0.382022
0.860991
0.516602
0.24954
0.189125
0.89365
0.606099
0.041125
0.399973
0.850391
0.048308
0.055847
0.921458
0.199902
0.798212
0.090153
0.890738
0.732444
0.691307
0.330498
0.952247
0.393205
0.125369
0.774215
0.278888
0.942092
0.617719
0.616786
0.464996
0.98805
0.165868
0.417176
0.551996
0.437474
0.752106
0.582655
0.429932
0.580797
0.811643
0.399626
0.295734
0.088594
0.249642
0.339298
0.965605
0.332547
0.532846
0.803304
0.371566
0.987166
0.331484
0.026904
0.210484
0.339478
0.43345
0.441224
0.396183
0.448948
0.078815
0.775141
0.537066
0.393772
0.297795
0.594231
0.775605
0.266392
0.773631
0.294874
0.187828
0.662155
0.32254
0.218024
0.23808
0.421151
0.567947
0.615592
0.600545
0.447214
0.971624
0.792188
0.686153
0.692609
0.751163
0.519221
0.419995
0.590179
0.586395
0.040885
0.701143
0.653143
0.006746
0.148381
0.248109
0.808634
0.269051
0.27102
0.56958
0.811216
0.00926
0.161945
0.564741
0.765246
0.873129
0.279626
0.675879
0.404813
0.055121
0.806966
0.260467
0.024351
0.487134
0.697196
0.138632
0.565259
0.015029
0.85052
0.871025
0.205399
0.611005
0.538014
0.437097
0.071173
0.608289
0.778201
0.358412
0.730787
0.586
0.374992
0.655051
0.538078
0.965083
0.745983
0.023801
0.303211
0.779868
0.454989
0.385554
0.463022
0.343043
0.700212
0.856387
0.322004
0.30205
0.374213
0.800748
0.589368
0.38079
0.530146
0.527501
0.64586
0.600682
0.49036
0.007008
0.274007
0.675193
0.042412
0.966082
0.488446
0.697658
0.338172
0.39359
0.017653
0.831132
0.361089
0.679024
0.105184
0.679133
0.6045
0.424861
0.565545
0.529988
0.2321
0.1836
0.777233
0.139782
0.014606
0.630094
0.164338
0.504797
0.674014
0.941853
0.775851
0.03912
0.405933
0.940401
0.124025
0.132713
0.443776
0.302412
0.055204
0.604402
0.618334
0.854736
0.711178
0.538672
0.614788
0.763674
0.429731
0.612967
0.373342
0.017547
0.185678
0.268178
0.837499
0.904252
0.442458
0.135991
0.309002
0.387612
0.918507
0.490735
0.17078
0.053976
0.002702
0.464611
0.331498
0.560476
0.382324
0.199576
0.783667
0.889211
0.049274
0.047267
0.224359
0.312622
0.706096
0.213139
0.946642
0.590091
0.236457
0.227428
0.335717
0.085809
0.924929
0.925049
0.235351
0.480912
0.850638
0.924147
0.953173
0.461584
0.20546
0.159878
0.725851
0.248537
0.896339
0.352059
0.092427
0.540375
0.841875
0.340435
0.124826
0.92872
0.48845
0.086843
0.260408
0.224384
0.914149
0.931323
0.106414
0.887759
0.212443
0.677025
0.119179
0.70252
0.447711
0.647676
0.718815
0.466773
0.765533
0.700662
0.717141
0.813771
0.288162
0.862748
0.508785
0.431905
0.071386
0.115216
0.865369
0.031044
0.72128
0.984199
0.92686
0.17317
0.177652
0.397419
0.118295
0.41831
0.088712
0.100759
0.526069
0.845893
0.744689
0.119095
0.12435
0.244695
0.21066
0.577191
0.538607
0.234598
0.669638
0.608941
0.210013
0.45823
0.477139
0.287073
0.127266
0.875459
0.207247
0.099749
0.142123
0.7095
0.041625
0.761129
0.091913
0.532953
0.009238
0.319849
0.780206
0.168703
0.84102
0.629972
0.464609
0.842503
0.25597
0.922186
0.394906
0.88939
0.738286
0.290052
0.146126
0.16379
0.205624
0.396287
0.898966
0.401698
0.374354
0.841935
0.662539
0.108582
0.281067
0.856217
0.539321
0.10076
0.396641
0.779542
0.657842
0.279041
0.15463
0.23899
0.628263
0.916845
0.380435
0.852772
0.464655
0.028252
0.596448
0.314586
0.65648
0.26518
0.397156
0.613747
0.711555
0.871598
0.808303
0.627492
0.540497
0.75064
0.936087
0.292976
0.044982
0.908669
0.096471
0.962585
0.558769
0.079411
0.408429
0.557943
0.521902
0.561357
0.32455
0.14162
0.276699
0.637418
0.73169
0.623082
0.04789
0.634219
0.394617
0.893368
0.936579
0.333014
0.677957
0.695664
0.088854
0.652864
0.57884
0.079131
0.78495
0.565808
0.429014
0.555634
0.630044
0.065538
0.956337
0.317182
0.557395
0.042834
0.587985
0.257504
0.661509
0.39511
0.940423
0.40933
0.082041
0.645023
0.946561
0.803032
0.477077
0.941208
0.624802
0.395215
0.311283
0.120312
0.189013
0.656689
0.216601
0.0673
0.094769
0.895306
0.458108
0.589336
0.22716
0.824695
0.561517
0.323083
0.122538
0.787458
0.833505
0.768704
0.822535
0.338597
0.609276
0.321657
0.98813
0.82611
0.622694
0.287723
0.207014
0.797064
0.155197
0.62258
0.034929
0.714829
0.386405
0.965581
0.955971
0.565155
0.937858
0.99342
0.062634
0.768761
0.764328
0.039462
0.059672
0.040641
0.622898
0.337447
0.415331
0.299121
0.248187
0.828352
0.700674
0.364112
0.055345
0.514687
0.077926
0.647385
0.485507
0.233585
0.727714
0.272934
0.606088
0.661992
0.648717
0.737808
0.609888
0.005772
0.125811
0.155458
0.883553
0.134188
0.224077
0.33111
0.29763
0.919693
0.231626
0.040385
0.034134
0.330963
0.782055
0.409271
0.288968
0.084029
0.923067
0.626657
0.618749
0.535999
0.441907
0.532882
0.126892
0.104405
0.883581
0.734995
0.386525
0.060261
0.099623
0.741931
0.510422
0.757077
0.063751
0.869613
0.343844
0.335179
0.076206
0.210244
0.336386
0.689766
0.342794
0.884063
0.017227
0.493679
0.376809
0.51948
0.899468
0.429462
0.499559
0.689921
0.870306
0.708457
0.041079
0.877236
0.429096
0.164659
0.267162
0.106165
0.674963
0.311851
0.799171
0.031084
0.862223
0.515705
0.404642
0.853497
0.41184
0.539453
0.309673
0.338803
0.084519
0.866065
0.229069
0.337807
0.13095
0.438905
0.750957
0.463839
0.888046
0.565084
0.176108
0.780853
0.487735
0.994062
0.221192
0.456635
0.245541
0.962092
0.07745
0.331696
0.411413
0.824064
0.438792
0.566721
0.775013
0.124931
0.370942
0.404192
0.677461
0.247405
0.361653
0.333841
0.588319
0.966836
0.612306
0.288835
0.341998
0.521243
0.338287
0.13918
0.403114
0.672191
0.907857
0.084095
0.262401
0.778133
0.715653
0.708392
0.360295
0.835304
0.591193
0.610158
0.676274
0.287166
0.296598
0.092633
0.554848
0.903134
0.732536
0.934104
0.348702
0.969859
0.52595
0.513985
0.001871
0.890235
0.686287
0.201911
0.224992
0.161376
0.177508
0.541783
0.967534
0.872215
0.037291
0.991155
0.64633
0.556745
0.251678
0.256875
0.554291
0.692536
0.68436
0.961149
0.86692
0.556481
0.972838
0.874187
0.187838
0.404633
0.953755
0.552094
0.496084
0.460298
0.587201
0.75929
0.897337
0.303018
0.321249
0.403533
0.340566
0.453533
0.018447
0.35901
0.783904
0.870558
0.936675
0.607328
0.02435
0.68041
0.973409
0.653065
0.107177
0.382691
0.891452
0.681809
0.109634
0.392497
0.741972
0.357381
0.435022
0.647909
0.225193
0.523025
0.509522
0.614082
0.677645
0.21324
0.340518
0.788466
0.844534
0.536063
0.749696
0.653436
0.991934
0.48536
0.710914
0.134059
0.322421
0.499072
0.925087
0.946021
0.998651
0.7393
0.83631
0.978365
0.495165
0.356053
0.891227
0.203113
0.254797
0.555215
0.089778
0.63001
0.410829
0.689691
0.927528
0.649302
0.133433
0.257161
0.109479
0.844018
0.685827
0.433754
0.867943
0.168023
0.222614
0.071506
0.172674
0.635555
0.262045
0.527384
0.159127
0.244714
0.953483
0.882848
0.141934
0.441973
0.881334
0.525836
0.539796
0.347074
0.849655
0.996723
0.516134
0.913125
0.590223
0.343364
0.98908
0.159622
0.714041
0.27967
0.373062
0.006578
0.566998
0.534011
0.682813
0.089424
0.072191
0.917202
0.900523
0.05112
0.262537
0.998074
0.700231
0.552456
0.688254
0.196273
0.527589
0.455942
0.534566
0.494477
0.684577
0.773312
0.387542
0.86856
0.242179
0.624377
0.062533
0.646588
0.926816
0.731351
0.283712
0.465116
0.378707
0.500483
0.184758
0.690097
0.133196
0.227667
0.276077
0.184398
0.189192
0.761983
0.488836
0.906671
0.025321
0.566134
0.243232
0.443492
0.178349
0.474405
0.680458
0.985007
0.979629
0.460916
0.58125
0.629746
0.862153
0.256782
0.319491
0.48753
0.049073
0.512825
0.082906
0.886067
0.464466
0.947117
0.325992
0.406319
0.049251
0.083245
0.875679
0.206782
0.715681
0.979492
0.594589
0.47961
0.999522
0.443498
0.30243
0.390863
0.346533
0.86504
0.284553
0.803795
0.624714
0.274388
0.477719
0.803341
0.732086
0.107867
0.094655
0.63273
0.724877
0.519963
0.489768
0.541268
0.314775
0.144359
0.676035
0.08906
0.574737
0.109965
0.801158
0.696023
0.923019
0.530583
0.793614
0.018621
0.880861
0.340278
0.627688
0.958709
0.310816
0.918476
0.142508
0.808941
0.509256
0.043595
0.32489
0.852233
0.688631
0.657252
0.773206
0.533259
0.128932
0.985093
0.527428
0.952703
0.38646
0.247453
0.241285
0.515017
0.754874
0.27514
0.064294
0.275982
0.355761
0.16587
0.59347
0.511402
0.959329
0.397232
0.97237
0.859818
0.414734
0.021608
0.416786
0.999091
0.6776
0.436632
0.711426
0.701392
0.043149
0.295927
0.301434
0.162184
0.508012
0.828261
0.454401
0.23584
0.226612
0.788056
0.866453
0.334136
0.812637
0.00093
0.547202
0.392413
0.104545
0.997376
0.583349
0.425477
0.342835
0.281229
0.313791
0.511965
0.386989
0.289902
0.810164
0.877078
0.713812
0.359371
0.896957
0.948099
0.224985
0.41114
0.775636
0.788177
0.107198
0.888546
0.927985
0.176237
0.247918
0.931437
0.316066
0.630049
0.657121
0.831128
0.744969
0.567851
0.334516
0.142046
0.599567
0.271864
0.876018
0.294276
0.573149
0.478534
0.994446
0.90028
0.823277
0.167845
0.755909
0.072626
0.679377
0.63721
0.934908
0.75742
0.627421
0.279635
0.658292
0.040017
0.792218
0.43986
0.668545
0.651824
0.12925
0.408001
0.29864
0.854808
0.765805
0.854333
0.344169
0.436869
0.182138
0.934742
0.290378
0.246247
0.667469
0.800063
0.439339
0.033002
0.25709
0.491365
0.902016
0.607747
0.080547
0.344471
0.531979
0.672786
0.862196
0.784977
0.723018
0.276978
0.301024
0.189224
0.689758
0.199892
0.985961
0.395943
0.260977
0.877977
0.425524
0.879145
0.223155
0.557798
0.305796
0.608343
0.137779
0.560092
0.142633
0.809121
0.223937
0.488615
0.105716
0.939583
0.51517
0.99131
0.782453
0.932288
0.266026
0.344611
0.754317
0.15325
0.174146
0.825503
0.383384
0.77839
0.506306
0.271061
0.592743
0.427386
0.683084
0.068138
0.349013
0.790879
0.609354
0.991343
0.082279
0.817899
0.923184
0.860742
0.876014
0.308096
0.905004
0.222532
0.54586
0.744987
0.12238
0.595592
0.04607
0.771367
0.966608
0.861016
0.389014
0.610431
0.034942
0.996623
0.989466
0.259984
0.553303
0.63439
0.45578
0.265335
0.202097
0.90704
0.342739
0.396295
0.480346
0.2276
0.916438
0.215909
0.697416
0.060208
0.176253
0.877042
0.518536
0.796129
0.512213
0.242164
0.254269
0.206229
0.748422
0.550141
0.92251
0.581347
0.920925
0.650556
0.999169
0.642361
0.404511
0.062931
0.135841
0.664296
0.665471
0.787904
0.50233
0.738595
0.362071
0.843151
0.565169
0.794295
0.487917
0.666652
0.543005
0.969757
0.297141
0.606991
0.493469
0.896542
0.492059
0.860421
0.129602
0.917278
0.937392
0.008929
0.533292
0.963503
0.20991
0.859034
0.610039
0.430033
0.125779
0.018327
0.380933
0.308087
0.142722
0.50658
0.717988
0.417588
0.199484
0.369568
0.183198
0.78319
0.380661
0.803837
0.778973
0.509542
0.833623
0.923677
0.131492
0.336304
0.926669
0.087392
0.073554
0.401935
0.394091
0.852991
0.39107
0.332559
0.164416
0.307005
0.070438
0.821195
0.471476
0.738478
0.560428
0.93358
0.727012
0.419495
0.111656
0.360115
0.751974
0.511915
0.959123
0.830367
0.383742
0.584787
0.696579
0.951265
0.301857
0.819435
0.054549
0.398531
0.744381
0.638991
0.143661
0.216442
0.007717
0.452393
0.521466
0.366066
0.148468
0.705478
0.998267
0.882959
0.542382
0.047707
0.522283
0.98402
0.911255
0.779344
0.267856
0.819572
0.355813
0.138344
0.508933
0.220462
0.69758
0.862466
0.737442
0.629306
0.064872
0.660992
0.701734
0.44538
0.373871
0.468667
0.070534
0.373262
0.131532
0.823217
0.265469
0.934033
0.248643
0.417547
0.272186
0.186113
0.350684
0.10542
0.8996
0.467624
0.387471
0.807039
0.097976
0.984456
0.121232
0.897644
0.439378
0.279908
0.407883
0.639624
0.505046
0.268987
0.117097
0.220956
0.601474
0.93836
0.575368
0.311701
0.66852
0.900858
0.537485
0.403315
0.299
0.187149
0.214959
0.331202
0.46311
0.247282
0.643841
0.40196
0.333089
0.745165
0.15732
0.772404
0.7531
0.375207
0.685599
0.38863
0.039416
0.510202
0.296798
0.829346
0.717388
0.493236
0.085961
0.561095
0.088982
0.048748
0.674544
0.523038
0.686264
0.570019
0.40347
0.572907
0.737152
0.368157
0.595863
0.55723
0.020591
0.371901
0.413511
0.633022
0.970984
0.069905
0.535739
0.744288
0.917718
0.389489
0.557949
0.432965
0.150386
0.79812
0.235584
0.492187
0.045998
0.988371
0.021269
0.458085
0.31922
0.054644
0.111174
0.160446
0.328228
0.583488
0.464676
0.671157
0.709876
0.848623
0.997098
0.256084
0.711172
0.119601
0.496198
0.280197
0.842948
0.14784
0.273712
0.456538
0.927675
0.257368
0.961108
0.196086
0.222209
0.899823
0.938121
0.387677
0.955816
0.697419
0.824965
0.58477
0.249045
0.792123
0.280457
0.730318
0.053414
0.431244
0.141471
0.253774
0.328391
0.572467
0.648108
0.588999
0.738465
0.010451
0.59246
0.916368
0.049403
0.030839
0.389089
0.590846
0.651925
0.869623
0.380231
0.54474
0.755517
0.704086
0.203311
0.86029
0.283721
0.047173
0.972715
0.560975
0.98364
0.28312
0.071989
0.325059
0.519819
0.384874
0.881497
0.935004
0.72981
0.79534
0.922889
0.573376
0.664449
0.486064
0.131668
0.508031
0.987179
0.33256
0.825239
0.081011
0.300775
0.500925
0.824608
0.384699
0.548752
0.07738
0.907872
0.786223
0.839451
0.117235
0.67614
0.679604
0.705726
0.016842
0.452061
0.661286
0.320218
0.925443
0.321405
0.936092
0.054463
0.328131
0.932877
0.551323
0.503055
0.244331
0.724943
0.546218
0.581006
0.730085
0.056249
0.009878
0.050081
0.670443
0.110385
0.378673
0.230896
0.212598
0.739902
0.508913
0.669207
0.93882
0.444831
0.780784
0.548636
0.055312
0.342663
0.826324
0.702289
0.022752
0.636422
0.306159
0.130602
0.383392
0.160118
0.222927
0.947182
0.815691
0.531617
0.321848
0.74179
0.042033
0.655955
0.511355
0.447208
0.253093
0.452875
0.437788
0.014919
0.878806
0.819331
0.607194
0.162515
0.981314
0.153278
0.695406
0.296148
0.643842
0.7043
0.051047
0.169537
0.127557
0.116158
0.66048
0.299339
0.156551
0.184708
0.290814
0.892085
0.756633
0.410699
0.124317
0.821439
0.144774
0.233646
0.504048
0.416702
0.478756
0.200479
0.087353
0.165164
0.711385
0.266397
0.506645
0.587018
0.979774
0.950826
0.200975
0.401999
0.918964
0.959251
0.918403
0.83851
0.622269
0.779356
0.89684
0.699979
0.475544
0.518648
0.869212
0.358526
0.278908
0.538097
0.829966
0.592351
0.854049
0.451085
0.243894
0.656935
0.246894
0.485764
0.113812
0.27618
0.042923
0.722276
0.601183
0.30549
0.042847
0.801357
0.037537
0.474252
0.462179
0.803547
0.338651
0.843447
0.593476
0.360424
0.560321
0.680476
0.990772
0.2463
0.933272
0.39814
0.201566
0.599109
0.520319
0.416965
0.159775
0.972115
0.585868
0.090274
0.260294
0.491067
0.507812
0.620214
0.164055
0.760253
0.694645
0.330193
0.56287
0.695054
0.792784
0.090184
0.563734
0.840925
0.395659
0.666251
0.101158
0.877139
0.032316
0.477948
0.173888
0.7142
0.028936
0.315567
0.276508
0.002766
0.542393
0.401822
0.904033
0.811614
0.123076
0.18701
0.310794
0.238862
0.700563
0.257007
0.548676
0.824822
0.671474
0.812985
0.591335
0.085308
0.960071
0.669606
0.679966
0.901339
0.889563
0.004969
0.821406
0.58485
0.032935
0.667119
0.563933
0.330937
0.263351
0.007127
0.821441
0.763843
0.677737
0.117334
0.21879
0.278094
0.266926
0.991556
0.393226
0.320283
0.851537
0.863765
0.44117
0.64543
0.905212
0.123488
0.854612
0.1525
0.743282
0.437522
0.006138
0.697686
0.609748
0.418572
0.706141
0.297613
0.145103
0.952589
0.566069
0.278806
0.422548
0.143174
0.647418
0.835822
0.730569
0.146703
0.82444
0.679887
0.452457
0.052723
0.787163
0.012555
0.181465
0.751716
0.244141
0.276908
0.956037
0.283143
0.783992
0.720631
0.717512
0.577135
0.705727
0.045919
0.424976
0.076521
0.301765
0.201352
0.827645
0.998978
0.809873
0.358422
0.77235
0.139714
0.036341
0.442042
0.25349
0.519758
0.212925
0.072048
0.160718
0.106068
0.769622
0.62207
0.874849
0.805576
0.411644
0.823674
0.069328
0.175269
0.454105
0.927533
0.886367
0.736965
0.324861
0.79341
0.519777
0.651076
0.551726
0.399351
0.207668
0.695083
0.090197
0.697541
0.423292
0.473459
0.888329
0.721727
0.983956
0.315212
0.273831
0.379772
0.469678
0.758748
0.800795
0.884916
0.675571
0.384702
0.319922
0.032489
0.321356
0.17653
0.082596
0.666067
0.83527
0.617362
0.460246
0.428727
0.732311
0.844661
0.219337
0.434012
0.892192
0.68178
0.225725
0.961066
0.017394
0.089837
0.401473
0.034271
0.795223
0.215266
0.234312
0.829911
0.344953
0.5215
0.939603
0.530139
0.843937
0.097747
0.678838
0.945745
0.073558
0.633124
0.200336
0.628706
0.702588
0.785482
0.295886
0.640364
0.102807
0.923254
0.159744
0.833754
0.385549
0.564519
0.765645
0.86414
0.555012
0.228253
0.292126
0.205758
0.312111
0.387116
0.50828
0.388023
0.059035
0.137416
0.671464
0.455977
0.361685
0.066109
0.594794
0.596811
0.593126
0.28364
0.207569
0.729884
0.835647
0.691084
0.922539
0.887474
0.939769
0.573979
0.320011
0.691951
0.047791
0.725104
0.521458
0.944323
0.464606
0.928574
0.64096
0.048249
0.262764
0.416102
0.319949
0.026845
0.124339
0.398311
0.407809
0.005446
0.557982
0.074902
0.005957
0.572423
0.745828
0.53775
0.168375
0.703119
0.320792
0.859002
0.641717
0.546863
0.64641
0.855756
0.102232
0.283983
0.536935
0.876285
0.243158
0.211286
0.814014
0.919359
0.521319
0.984091
0.062735
0.35278
0.401967
0.61562
0.53325
0.449185
0.667256
0.047413
0.697279
0.326017
0.917463
0.504322
0.330722
0.181973
0.658425
0.104529
0.258616
0.068014
0.010057
0.967608
0.446497
0.296231
0.402679
0.910778
0.574866
0.289979
0.512472
0.941296
0.471289
0.905837
0.054817
0.153045
0.682543
0.197004
0.952583
0.247273
0.139988
0.903079
0.582419
0.569987
0.801551
0.452326
0.980416
0.668849
0.994063
0.579655
0.280138
0.125726
0.855349
0.015442
0.299984
0.611743
0.890543
0.532767
0.686882
0.193057
0.621636
0.949027
0.62039
0.024493
0.904693
0.458275
0.79561
0.026172
0.102488
0.003673
0.414621
0.641761
0.98786
0.087132
0.613052
0.757803
0.524933
0.761753
0.525127
0.407073
0.201333
0.343922
0.630469
0.083072
0.951416
0.239097
0.316051
0.632592
0.016718
0.694193
0.839356
0.416835
0.204535
0.652092
0.122404
0.504828
0.605527
0.329758
0.494233
0.381265
0.911445
0.250987
0.670909
0.814021
0.292494
0.29741
0.730893
0.488853
0.07185
0.641502
0.2044
0.793806
0.820807
0.422786
0.576079
0.028847
0.059393
0.694184
0.511093
0.916946
0.109639
0.293015
0.094052
0.832025
0.519868
0.931441
0.078962
0.380767
0.578159
0.339521
0.835938
0.518929
0.091814
0.907547
0.556815
0.138099
0.268316
0.311542
0.615228
0.565352
0.148548
0.830225
0.201673
0.006658
0.517678
0.582943
0.246195
0.649915
0.952096
0.981744
0.982197
0.962818
0.222706
0.853916
0.658918
0.425137
0.27645
0.062452
0.320824
0.431876
0.429064
0.223573
0.07352
0.60727
0.859627
0.4099
0.298209
0.513014
0.009201
0.777374
0.277548
0.352645
0.893024
0.677354
0.836176
0.472054
0.114917
0.471502
0.964409
0.464328
0.693782
0.660902
0.918759
0.194014
0.569867
0.046895
0.311053
0.307079
0.434307
0.33546
0.399827
0.239558
0.775768
0.295967
0.703332
0.964416
0.875963
0.702401
0.336304
0.219461
0.870673
0.057169
0.93179
0.64878
0.118189
0.843899
0.162299
0.105747
0.09842
0.965246
0.981093
0.640968
0.633176
0.527214
0.968512
0.659673
0.726095
0.226284
0.584105
0.892134
0.346293
0.820444
0.140916
0.405829
0.387357
0.983098
0.085511
0.073273
0.779922
0.389097
0.50863
0.926234
0.758887
0.470166
0.992293
0.801804
0.105894
0.681307
0.475408
0.115279
0.189624
0.316975
0.53666
0.317604
0.785844
0.554912
0.479974
0.57909
0.516395
0.248538
0.512745
0.302817
0.71969
0.879929
0.767076
0.722651
0.045603
0.909664
0.117109
0.974073
0.159634
0.199786
0.923429
0.969089
0.99043
0.270023
0.782852
0.122494
0.557306
0.373957
0.488511
0.520642
0.247698
0.886877
0.065719
0.309049
0.839999
0.15354
0.111851
0.827194
0.273487
0.98233
0.110081
0.837726
0.371362
0.726626
0.144563
0.915684
0.210276
0.608899
0.960313
0.960964
0.834509
0.986242
0.688573
0.134185
0.785361
0.660709
0.879441
0.163471
0.947549
0.837691
0.439781
0.567484
0.14759
0.161956
0.605719
0.9665
0.268441
0.090995
0.329101
0.727035
0.617347
0.433166
0.587148
0.857414
0.885542
0.49693
0.092262
0.752713
0.568404
0.214536
0.23605
0.322543
0.312179
0.011464
0.820571
0.381
0.840383
0.978232
0.67751
0.399664
0.668923
0.871788
0.685524
0.586852
0.244078
0.681082
0.752496
0.252513
0.908247
0.590944
0.724723
0.954185
0.685768
0.800048
0.283244
0.373961
0.022343
0.78528
0.802329
0.023132
0.851003
0.739837
0.972973
0.142703
0.910597
0.284555
0.18874
0.874177
0.071152
0.457864
0.416408
0.960221
0.358692
0.440241
0.71958
0.784666
0.934374
0.499318
0.832976
0.741612
0.055095
0.085497
0.503573
0.522822
0.056184
0.028396
0.657557
0.568084
0.523575
0.418525
0.218272
0.705043
0.614682
0.542839
0.071668
0.17107
0.104231
0.743978
0.346388
0.608442
0.506594
0.288437
0.612808
0.089724
0.71979
0.395552
0.720288
0.633763
0.244205
0.899481
0.918811
0.789399
0.18142
0.306689
0.81723
0.791621
0.034682
0.231043
0.721492
0.041313
0.732079
0.590007
0.62215
0.977411
0.788504
0.943283
0.809778
0.612072
0.736154
0.882542
0.736345
0.811044
0.896557
0.461958
0.591136
0.186311
0.379493
0.893856
0.537774
0.345577
0.142757
0.818589
0.625543
0.475314
0.368609
0.32373
0.132813
0.943452
0.246765
0.672491
0.753715
0.837971
0.724355
0.175392
0.943049
0.636463
0.03457
0.394008
0.364773
0.182151
0.282325
0.589719
0.0669
0.580382
0.658912
0.560197
0.654237
0.844522
0.084379
0.347385
0.368844
0.918938
0.202706
0.0457
0.741588
0.143068
0.456641
0.11798
0.033614
0.695888
0.244149
0.034465
0.730147
0.542113
0.236385
0.63814
0.050498
0.442933
0.17776
0.68248
0.088797
0.961623
0.194584
0.350837
0.075204
0.604491
0.125742
0.057705
0.509732
0.248987
0.039712
0.892018
0.098162
0.118056
0.047898
0.759503
0.560194
0.244608
0.849104
0.381737
0.822191
0.542021
0.875604
0.865438
0.03617
0.523286
0.232555
0.267943
0.224797
0.861189
0.850395
0.967998
0.827267
0.730199
0.008666
0.367509
0.590774
0.953381
0.972008
0.578068
0.067622
0.073416
0.260769
0.366344
0.089721
0.396894
0.992886
0.643651
0.177129
0.313704
0.056295
0.709401
0.643113
0.426952
0.481914
0.424755
0.078313
0.442215
0.342717
0.814436
0.177328
0.174038
0.330426
0.338069
0.73321
0.575512
0.160452
0.747109
0.89083
0.888637
0.347672
0.239718
0.689053
0.616864
0.983573
0.443878
0.047053
0.84464
0.879421
0.935856
0.655397
0.339032
0.742718
0.31905
0.601181
0.692794
0.679218
0.29717
0.1715
0.720395
0.53488
0.212683
0.430436
0.963347
0.692187
0.946966
0.348375
0.558047
0.151027
0.141889
0.690294
0.535356
0.129052
0.239774
0.658104
0.156781
0.69596
0.538492
0.812589
0.361428
0.302639
0.127912
0.012329
0.307945
0.26802
0.134573
0.699288
0.792358
0.26367
0.274178
0.656247
0.581445
0.345529
0.491533
0.478814
0.507279
0.73098
0.486031
0.234301
0.761331
0.355329
0.710557
0.107942
0.323308
0.611812
0.647296
0.648731
0.002808
0.185231
0.379555
0.65496
0.859114
0.691815
0.296573
0.107715
0.582452
0.305488
0.172493
0.179484
0.989711
0.042314
0.821294
0.05624
0.868068
0.77048
0.35472
0.496463
0.038307
0.646761
0.209227
0.095509
0.609365
0.304881
0.596737
0.604684
0.648722
0.870597
0.30401
0.540946
0.970683
0.582608
0.068136
0.813234
0.713227
0.23963
0.492734
0.073232
0.381773
0.012475
0.861993
0.250143
0.031744
0.808358
0.504103
0.894233
0.831051
0.779805
0.341937
0.548834
0.907631
0.678862
0.692515
0.357512
0.870052
0.737436
0.194242
0.062252
0.098534
0.873148
0.713214
0.38982
0.194762
0.242499
0.060242
0.319481
0.530973
0.199815
0.709412
0.548132
0.270632
0.436856
0.265056
0.456795
0.829876
0.807538
0.650545
0.599558
0.018378
0.588577
0.611341
0.723138
0.038922
0.288653
0.288032
0.298777
0.043825
0.6628
0.456498
0.413694
0.21074
0.592059
0.964369
0.385707
0.871578
0.723954
0.56631
0.199822
0.261989
0.568642
0.176737
0.814327
0.899554
0.923103
0.563968
0.550108
0.258013
0.068246
0.150895
0.990551
0.877593
0.659005
0.284497
0.502829
0.497088
0.858219
0.718098
0.157685
0.182997
0.690425
0.123469
0.495564
0.676409
0.994059
0.421591
0.90329
0.310902
0.709495
0.357308
0.293057
0.72243
0.737469
0.658705
0.943651
0.986978
0.565394
0.731288
0.591251
0.453457
0.926893
0.448374
0.03344
0.426826
0.0316
0.015591
0.313835
0.893925
0.265016
0.811791
0.183423
0.326193
0.427277
0.944148
0.989185
0.719307
0.821081
0.104549
0.704319
0.402824
0.994085
0.722978
0.844491
0.375573
0.029567
0.073539
0.124369
0.603407
0.542043
0.694912
0.836015
0.884688
0.204704
0.555742
0.578077
0.36028
0.594305
0.191327
0.102032
0.978142
0.740094
0.896427
0.438969
0.153892
0.169033
0.588029
0.816377
0.417446
0.382647
0.327902
0.347692
0.325588
0.14059
0.107091
0.010977
0.016703
0.480816
0.310128
0.971678
0.186673
0.258457
0.456062
0.792526
0.152723
0.628298
0.766852
0.407342
0.498192
0.747738
0.591439
0.65308
0.827773
0.048539
0.483107
0.291912
0.702702
0.741231
0.135635
0.090697
0.997233
0.588839
0.583474
0.093771
0.354416
0.616859
0.951246
0.265356
0.252056
0.423856
0.99747
0.306394
0.314743
0.596045
0.722468
0.060322
0.131465
0.173633
0.258591
0.32493
0.887333
0.465781
0.417378
0.515749
0.104475
0.284225
0.952391
0.632136
0.3077
0.35827
0.105521
0.575405
0.890927
0.710111
0.77533
0.287691
0.437075
0.084958
0.321438
0.350268
0.228421
0.540902
0.139486
0.567007
0.193616
0.734724
0.109199
0.711937
0.389328
0.790192
0.639374
0.607475
0.997867
0.707188
0.843578
0.405237
0.614274
0.242354
0.32711
0.149154
0.688416
0.209424
0.114428
0.210605
0.792982
0.108169
0.541559
0.595561
0.473786
0.892721
0.630195
0.718377
0.409855
0.866818
0.540718
0.061101
0.849059
0.029469
0.224837
0.677425
0.276112
0.824865
0.418748
0.770696
0.768034
0.909447
0.317844
0.39042
0.946209
0.451733
0.560354
0.251884
0.786662
0.286563
0.76238
0.818782
0.372294
0.805093
0.077101
0.612895
0.493934
0.536247
0.496336
0.036868
0.674136
0.832627
0.716747
0.958928
0.635593
0.059514
0.659197
0.495207
0.518688
0.35938
0.699531
0.019498
0.547205
0.017246
0.726103
0.227478
0.314382
0.532455
0.077491
0.828998
0.50866
0.912121
0.00531
0.841136
0.915795
0.920366
0.068584
0.006814
0.03983
0.644417
0.266901
0.595964
0.821333
0.982038
0.225078
0.48152
0.561341
0.551886
0.208698
0.925329
0.800517
0.598181
0.441516
0.392323
0.648912
0.613877
0.3032
0.065304
0.525816
0.010764
0.243354
0.210113
0.130839
0.565442
0.663084
0.327344
0.564387
0.578476
0.380655
0.6769
0.607039
0.10731
0.789104
0.815057
0.660592
0.493947
0.526446
0.62739
0.06492
0.887338
0.397114
0.517142
0.836359
0.796353
0.639321
0.714134
0.723797
0.010271
0.363263
0.65081
0.061932
0.722076
0.969405
0.837744
0.453038
0.633209
0.145257
0.644217
0.697642
0.60355
0.25657
0.976845
0.370437
0.745224
0.509758
0.240625
0.716141
0.514354
0.293404
0.383928
0.18028
0.564036
0.200628
0.973664
0.129715
0.159883
0.668462
0.966889
0.674104
0.683938
0.359443
0.016994
0.515788
0.839513
0.233296
0.054724
0.061627
0.34367
0.674032
0.53582
0.874923
0.36372
0.528183
0.949984
0.581565
0.684887
0.247339
0.807805
0.347223
0.759059
0.872805
0.898878
0.379293
0.263751
0.900336
0.922066
0.934145
0.767165
0.595935
0.349552
0.513694
0.215283
0.470589
0.89447
0.489046
0.973913
0.09729
0.270285
0.179484
0.064634
0.878797
0.136914
0.30282
0.274732
0.222797
0.986972
0.735446
0.506983
0.430299
0.370921
0.725866
0.389608
0.862416
0.610535
0.33686
0.329877
0.236091
0.260684
0.32994
0.974894
0.492002
0.444161
0.110509
0.394515
0.668627
0.121962
0.015197
0.443228
0.301395
0.292326
0.698076
0.653381
0.637753
0.346408
0.058394
0.37939
0.533455
0.565774
0.036156
0.27482
0.153146
0.606943
0.07103
0.08208
0.588455
0.733242
0.409749
0.255286
0.470871
0.579576
0.957455
0.833817
0.385687
0.508366
0.636367
0.3036
0.418373
0.449806
0.074631
0.020217
0.312699
0.759037
0.935007
0.014911
0.793291
0.432417
0.758159
0.294988
0.245172
0.661974
0.685396
0.178865
0.234208
0.318165
0.737949
0.322129
0.81208
0.03351
0.469477
0.599403
0.826401
0.964078
0.949775
0.217779
0.613191
0.437324
0.796149
0.807943
0.737026
0.432921
0.856032
0.584058
0.336326
0.278651
0.475539
0.321048
0.894527
0.178979
0.083727
0.835756
0.482762
0.5597
0.250064
0.022746
0.376058
0.059306
0.65149
0.740096
0.410094
0.325788
0.372551
0.141979
0.412087
0.908472
0.25996
0.610466
0.192401
0.820923
0.596994
0.808592
0.278837
0.735916
0.55051
0.670099
0.351145
0.522942
0.516711
0.138678
0.348244
0.987818
0.985621
0.125678
0.274402
0.557145
0.972392
0.283193
0.28555
0.681876
0.34593
0.02312
0.716767
0.027971
0.058356
0.803809
0.655608
0.436643
0.256982
0.408249
0.464783
0.679736
0.972726
0.846434
0.233682
0.649245
0.667137
0.115526
0.219411
0.595478
0.641646
0.54039
0.189017
0.288993
0.15682
0.621829
0.735761
0.097209
0.642898
0.429641
0.255292
0.503423
0.349443
0.158489
0.539495
0.471327
0.123801
0.93812
0.378149
0.60106
0.496575
0.642001
0.566858
0.049796
0.94122
0.851171
0.51048
0.466137
0.988431
0.034532
0.841759
0.147319
0.390692
0.398985
0.850817
0.724364
0.320238
0.25562
0.164527
0.471576
0.074915
0.935601
0.180246
0.347402
0.341273
0.446643
0.984546
0.437091
0.841855
0.91607
0.882091
0.744812
0.506453
0.401052
0.980877
0.260338
0.21574
0.256307
0.420175
0.232727
0.364613
0.413744
0.475811
0.948482
0.852294
0.306345
0.916428
0.484173
0.521498
0.050121
0.296763
0.50718
0.301823
0.268474
0.654379
0.923536
0.477004
0.255792
0.546675
0.300258
0.557501
0.934476
0.552035
0.710129
0.636542
0.868816
0.504061
0.362432
0.624121
0.400946
0.302225
0.332424
0.600239
0.75655
0.371343
0.997705
0.286964
0.565716
0.305091
0.160794
0.851033
0.352176
0.168747
0.975788
0.330152
0.959605
0.172558
0.796257
0.071629
0.177518
0.738613
0.413139
0.322197
0.15188
0.641024
0.589596
0.526068
0.382999
0.885382
0.981167
0.216975
0.811557
0.445517
0.403173
0.439698
0.204409
0.118267
0.091377
0.780028
0.805799
0.851284
0.492324
0.850512
0.935631
0.562495
0.816642
0.097763
0.392928
0.452352
0.864426
0.530185
0.750588
0.216033
0.536146
0.606708
0.600962
0.526265
0.660986
0.069455
0.395533
0.671917
0.79754
0.938294
0.511155
0.722637
0.345271
0.936881
0.203391
0.971984
0.196753
0.876125
0.203816
0.049007
0.094918
0.872845
0.782827
0.288059
0.23233
0.1536
0.668588
0.234606
0.230995
0.729979
0.368694
0.915335
0.971851
0.986408
0.859177
0.463113
0.240292
0.355858
0.76715
0.324434
0.531665
0.637392
0.471633
0.054522
0.149542
0.690327
0.03949
0.982407
0.350523
0.115363
0.713959
0.749114
0.625424
0.482527
0.64286
0.993925
0.930878
0.225798
0.51995
0.52947
0.018912
0.712085
0.093744
0.232489
0.371425
0.645334
0.546783
0.206608
0.627765
0.801001
0.831362
0.150815
0.570538
0.596238
0.76962
0.568171
0.830855
0.836991
0.211255
0.868279
0.869195
0.105904
0.364527
0.695386
0.175297
0.367382
0.956705
0.273571
0.419919
0.992256
0.051906
0.137523
0.911259
0.845481
0.104388
0.308809
0.250004
0.858847
0.213029
0.920993
0.082013
0.85306
0.040484
0.677003
0.792152
0.20684
0.33144
0.311305
0.96833
0.674494
0.330012
0.877293
0.543342
0.280174
0.865372
0.505027
0.939411
0.995903
0.00834
0.75487
0.218467
0.4749
0.285097
0.94276
0.151118
0.693567
0.685092
0.588105
0.455692
0.316144
0.107041
0.223526
0.369484
0.465195
0.84176
0.998721
0.111058
0.859465
0.031939
0.799446
0.356252
0.049861
0.119018
0.03265
0.671819
0.83779
0.663828
0.038181
0.385556
0.238036
0.201977
0.310876
0.943929
0.025753
0.381572
0.108315
0.364512
0.687599
0.822899
0.239779
0.548324
0.142079
0.200764
0.554943
0.504479
0.388898
0.449241
0.220666
0.263913
0.2625
0.383727
0.532302
0.028398
0.454219
0.670576
0.25204
0.41208
0.179617
0.005685
0.428529
0.114721
0.823663
0.576954
0.799363
0.807979
0.830564
0.119266
0.496421
0.591884
0.457602
0.214844
0.698405
0.820134
0.05421
0.376472
0.471772
0.44593
0.595274
0.365478
0.071894
0.313062
0.514475
0.207618
0.10064
0.976394
0.22301
0.878689
0.459682
0.760703
0.72368
0.044288
0.524342
0.087549
0.239337
0.864508
0.10791
0.382783
0.603237
0.568062
0.834195
0.787223
0.41217
0.847358
0.151418
0.856404
0.782027
0.272931
0.240738
0.607854
0.544397
0.618544
0.486502
0.966526
0.231387
0.189217
0.664111
0.621497
0.01001
0.140717
0.861633
0.336006
0.716968
0.003788
0.756337
0.986735
0.995522
0.501002
0.556606
0.490765
0.776252
0.94253
0.972795
0.83717
0.947338
0.496522
0.104697
0.13456
0.234638
0.205971
0.054126
0.934996
0.549615
0.128455
0.317435
0.883493
0.941319
0.403891
0.668123
0.121726
0.998824
0.17798
0.299363
0.332529
0.590368
0.736379
0.472217
0.455725
0.68118
0.836552
0.619545
0.921757
0.458641
0.949338
0.36532
0.188868
0.760127
0.973332
0.801458
0.814943
0.16267
0.916776
0.49051
0.634086
0.185397
0.840379
0.284647
0.557139
0.687446
0.212955
0.824373
0.934798
0.670318
0.270966
0.725994
0.654252
0.186222
0.840855
0.142739
0.445702
0.107363
0.416827
0.386557
0.379329
0.554717
0.593127
0.808649
0.867446
0.665521
0.202605
0.080824
0.299461
0.854919
0.937596
0.816224
0.80502
0.425196
0.124985
0.289383
0.277021
0.986091
0.653783
0.035331
0.597561
0.670859
0.470202
0.395539
0.717055
0.08521
0.404029
0.209005
0.76644
0.105806
0.437872
0.967337
0.155841
0.846279
0.816142
0.333241
0.820927
0.694771
0.400694
0.905978
0.86447
0.509026
0.019899
0.464936
0.5641
0.549169
0.856388
0.079624
0.638547
0.364464
0.053512
0.974695
0.427327
0.383578
0.540166
0.431353
0.43862
0.96338
0.123083
0.754098
0.331557
0.173809
0.504582
0.906269
0.670711
0.753344
0.45502
0.106051
0.440247
0.762248
0.08458
0.795399
0.090172
0.536966
0.294623
0.256218
0.730995
0.7159
0.38856
0.704538
0.446278
0.124094
0.578409
0.791762
0.842371
0.940892
0.67544
0.211621
0.83329
0.696204
0.849469
0.189879
0.25769
0.177156
0.273493
0.773708
0.229712
0.001757
0.225582
0.907913
0.031885
0.95249
0.693527
0.098887
0.580962
0.131824
0.302486
0.032572
0.475218
0.507832
0.892585
0.489024
0.701455
0.526671
0.322608
0.571328
0.280828
0.007299
0.104003
0.851338
0.417733
0.723077
0.885512
0.34
0.297417
0.944536
0.067096
0.221064
0.012024
0.557482
0.149437
0.78742
0.374132
0.139984
0.190511
0.50375
0.883669
0.087404
0.325735
0.162798
0.378393
0.85685
0.850675
0.785584
0.498745
0.148164
0.526157
0.254179
0.355226
0.022362
0.101445
0.552729
0.821012
0.162384
0.003776
0.462872
0.483722
0.167909
0.8327
0.681372
0.957408
0.587137
0.187079
0.081661
0.308082
0.755374
0.982327
0.665047
0.812231
0.892249
0.615513
0.098794
0.982915
0.330076
0.976138
0.578187
0.254702
0.611488
0.776503
0.706262
0.469925
0.356953
0.666674
0.252579
0.032613
0.128764
0.94393
0.065605
0.084295
0.637856
0.545988
0.027404
0.356909
0.178495
0.66259
0.252808
0.431783
0.211559
0.754818
0.425214
0.009355
0.307122
0.946676
0.684325
0.783794
0.290381
0.744167
0.875572
0.44925
0.100183
0.222865
0.112809
0.034987
0.720349
0.286712
0.196495
0.65946
0.507946
0.624076
0.592985
0.566666
0.343158
0.579541
0.951053
0.128905
0.942873
0.606776
0.09609
0.476564
0.678698
0.179086
0.546402
0.959037
0.907942
0.267821
0.803649
0.034968
0.809519
0.196191
0.446503
0.849103
0.657533
0.102677
0.446738
0.436716
0.644874
0.283704
0.013807
0.845588
0.225297
0.625216
0.179643
0.303498
0.444921
0.146105
0.99534
0.09469
0.701257
0.301627
0.182507
0.879393
0.820045
0.055627
0.342561
0.321161
0.773867
0.156511
0.076319
0.832643
0.600609
0.793564
0.736849
0.201901
0.58243
0.515601
0.712345
0.484997
0.944653
0.018795
0.010754
0.605712
0.819849
0.07588
0.978869
0.158583
0.114609
0.326621
0.285202
0.374142
0.855889
0.789962
0.408925
0.966483
0.992043
0.865451
0.38453
0.303126
0.82774
0.356294
0.643088
0.261879
0.246562
0.393395
0.838685
0.663536
0.885006
0.946408
0.967684
0.985479
0.80088
0.232425
0.47164
0.03527
0.430724
0.347489
0.326276
0.257717
0.475152
0.993579
0.099335
0.510177
0.285943
0.320994
0.887199
0.224967
0.063309
0.571468
0.09136
0.665437
0.086318
0.526976
0.014571
0.721698
0.571668
0.113752
0.685524
0.544168
0.054346
0.549965
0.48268
0.700723
0.583968
0.924021
0.895816
0.24688
0.601048
0.15085
0.448219
0.340406
0.96811
0.694973
0.074574
0.365288
0.361498
0.22702
0.014165
0.143008
0.054598
0.025299
0.235908
0.330998
0.538638
0.441468
0.193471
0.202431
0.354624
0.998391
0.228274
0.470241
0.331341
0.254405
0.648857
0.781921
0.367205
0.815572
0.065589
0.781717
0.081691
0.230538
0.544111
0.881476
0.161296
0.134437
0.997034
0.495905
0.946306
0.840147
0.67188
0.336616
0.732421
0.081182
0.198895
0.370086
0.578255
0.824267
0.805012
0.639684
0.632609
0.432776
0.417851
0.102524
0.967045
0.809664
0.835631
0.961242
0.165994
0.122005
0.83886
0.091138
0.230327
0.08201
0.239684
0.793985
0.638712
0.103193
0.920112
0.669633
0.803303
0.293397
0.091107
0.513005
0.251152
0.152082
0.862849
0.551179
0.840135
0.415933
0.641447
0.706449
0.900783
0.944824
0.917732
0.346714
0.182259
0.350115
0.249236
0.409575
0.810438
0.873282
0.031345
0.531467
0.035392
0.241802
0.533676
0.840161
0.272918
0.208438
0.603039
0.638954
0.318766
0.753237
0.723852
0.58792
0.95429
0.159438
0.241078
0.650035
0.216578
0.406867
0.321654
0.767587
0.314786
0.569374
0.714243
0.813508
0.860348
0.760938
0.402097
0.164112
0.590254
0.485804
0.505317
0.311853
0.963946
0.478018
0.525041
0.437633
0.21994
0.910698
0.514765
0.465502
0.082918
0.513586
0.169271
0.510082
0.912325
0.25497
0.195551
0.369289
0.409617
0.30201
0.857593
0.93225
0.273099
0.164023
0.492978
0.715295
0.310129
0.155409
0.39064
0.611196
0.16143
0.213436
0.346249
0.502813
0.343553
0.920977
0.349073
0.832727
0.380543
0.139811
0.029466
0.846598
0.320038
0.700581
0.558908
0.373126
0.868661
0.400928
0.881557
0.057669
0.730518
0.674063
0.227311
0.483115
0.798797
0.73618
0.977716
0.605887
0.264139
0.821253
0.729394
0.607076
0.310352
0.701178
0.486346
0.224649
0.351685
0.741753
0.381663
0.524322
0.700803
0.478746
0.744477
0.218449
0.214675
0.335153
0.396783
0.156691
0.99523
0.173347
0.237758
0.475984
0.3485
0.649462
0.0248
0.189161
0.065063
0.108026
0.791813
0.215179
0.258178
0.211206
0.289117
0.30806
0.151591
0.16989
0.414605
0.15709
0.160057
0.204
0.388092
0.911995
0.155958
0.940729
0.79321
0.862686
0.414554
0.434557
0.333831
0.915952
0.515072
0.04521
0.02768
0.068048
0.317503
0.270038
0.854816
0.142131
0.574446
0.050277
0.800645
0.435447
0.754698
0.750675
0.644157
0.856159
0.500318
0.331986
0.4102
0.320943
0.222295
0.977247
0.645452
0.75124
0.674056
0.117253
0.017669
0.179141
0.803888
0.879104
0.871313
0.042597
0.387035
0.155404
0.268535
0.057732
0.726424
0.936581
0.857425
0.089952
0.058252
0.172416
0.460275
0.588288
0.337378
0.629414
0.920751
0.671657
0.190131
0.609354
0.130284
0.187679
0.987866
0.247264
0.009093
0.631683
0.651667
0.620453
0.751242
0.197083
0.293386
0.841629
0.900383
0.188512
0.458374
0.836967
0.619578
0.518571
0.251459
0.337472
0.439955
0.520764
0.395279
0.400075
0.804947
0.378851
0.650782
0.313538
0.251865
0.537063
0.936903
0.312553
0.185033
0.433888
0.814711
0.465488
0.459845
0.005625
0.7049
0.143759
0.386236
0.783285
0.225148
0.166448
0.730296
0.091358
0.06579
0.548746
0.027688
0.366764
0.188536
0.565998
0.722908
0.810379
0.366813
0.397129
0.165726
0.968971
0.460345
0.885609
0.489359
0.51963
0.465362
0.420313
0.575631
0.190816
0.171653
0.879832
0.95599
0.233422
0.920906
0.229143
0.670575
0.68704
0.484578
0.883003
0.490126
0.630575
0.308453
0.32793
0.976317
0.489176
0.630499
0.676794
0.735529
0.903756
0.993596
0.27529
0.253555
0.747463
0.37734
0.387528
0.995788
0.899959
0.011527
0.469182
0.399476
0.291567
0.775133
0.549558
0.202729
0.747702
0.803031
0.980593
0.171899
0.600374
0.905431
0.602823
0.452781
0.612188
0.054696
0.030899
0.668327
0.05988
0.382139
0.581568
0.794662
0.523604
0.792541
0.763471
0.156246
0.35497
0.393399
0.725252
0.994465
0.610608
0.999007
0.213593
0.422714
0.61717
0.326378
0.109671
0.541008
0.192849
0.213707
0.671895
0.095077
0.992794
0.184124
0.506843
0.141129
0.267061
0.742987
0.115852
0.909929
0.061809
0.363022
0.468958
0.108892
0.954463
0.053585
0.815555
0.53291
0.288412
0.645735
0.449417
0.618352
0.298996
0.72731
0.301635
0.200914
0.510701
0.455252
0.56387
0.46851
0.562374
0.822307
0.033783
0.014706
0.227875
0.218537
0.356378
0.724334
0.885701
0.553367
0.234549
0.389862
0.525118
0.212796
0.220912
0.881518
0.229101
0.077855
0.64417
0.727525
0.353598
0.316726
0.163467
0.339197
0.86699
0.250064
0.686746
0.383073
0.684642
0.589992
0.284992
0.29191
0.529128
0.111267
0.414332
0.805554
0.98296
0.902547
0.689455
0.318459
0.488236
0.394198
0.049722
0.859765
0.737529
0.729255
0.199116
0.211904
0.944559
0.493775
0.901977
0.975778
0.674765
0.230202
0.554367
0.662527
0.090861
0.267034
0.606881
0.507674
0.232441
0.336579
0.64399
0.486196
0.514532
0.851999
0.680979
0.418116
0.246507
0.564011
0.161058
0.812672
0.149855
0.608586
0.921399
0.660442
0.575285
0.013632
0.365857
0.650998
0.367604
0.694311
0.510737
0.408391
0.739133
0.209592
0.06297
0.491021
0.321097
0.111151
0.602204
0.223464
0.718005
0.895913
0.588548
0.465973
0.993269
0.820396
0.032103
0.925205
0.540674
0.466322
0.994651
0.796182
0.697457
0.675706
0.477348
0.989143
0.454475
0.569994
0.55255
0.879951
0.247012
0.620572
0.630101
0.007403