1024 4
0
22
94
122
461
1
13
96
137
815
2
134
535
573
1006
2
3
351
735
919
4
50
166
565
782
5
354
549
900
1014
6
94
299
445
894
7
37
393
528
744
8
226
442
935
938
9
237
539
772
938
10
53
427
735
947
11
49
190
193
483
12
454
491
576
976
13
69
103
505
600
14
300
489
676
943
15
105
286
384
672
16
125
204
674
1005
17
146
148
459
478
18
162
665
769
778
19
32
241
695
793
20
66
352
583
612
21
193
339
823
1020
22
245
308
740
786
23
184
539
720
1016
24
115
282
871
892
25
378
494
565
653
26
84
721
849
892
27
178
410
538
806
28
522
566
798
922
29
343
418
546
933
30
293
642
799
994
31
63
876
878
889
1
32
124
312
626
33
322
476
580
808
34
57
796
835
841
35
349
419
438
945
36
123
382
544
755
37
78
204
386
873
38
121
188
585
642
39
141
382
492
600
40
312
598
626
1002
11
41
453
776
892
33
42
134
433
452
43
630
882
1017
1022
44
763
861
888
956
45
79
561
811
853
46
351
550
600
1004
47
493
797
989
1002
10
48
49
467
915
49
349
508
609
798
50
89
190
242
275
51
453
472
896
950
52
130
141
149
663
53
418
577
733
891
54
217
233
346
1009
55
232
372
512
1017
56
451
495
664
794
24
57
88
89
535
58
75
125
128
741
59
174
315
418
686
60
232
593
718
1001
61
83
337
940
1017
62
418
440
793
858
63
619
857
879
894
8
64
298
700
845
6
18
37
65
929
66
142
197
445
477
10
67
548
873
984
68
457
689
704
999
69
522
591
704
766
10
70
219
346
867
71
131
236
276
809
72
173
531
756
987
73
137
185
714
784
74
261
415
879
1001
72
75
385
391
1000
63
76
395
465
953
77
191
250
418
733
78
205
220
321
487
79
574
802
855
1022
80
213
377
626
874
81
130
373
672
1001
82
374
808
858
880
83
90
255
529
802
84
197
364
807
879
54
85
123
331
437
25
86
293
512
732
87
501
682
684
976
88
132
659
838
1021
89
94
305
435
583
55
90
366
530
799
91
155
431
894
1005
92
222
494
528
604
93
293
349
628
763
11
94
215
443
626
95
318
590
769
865
96
108
503
570
620
97
374
557
952
964
98
324
356
888
946
99
441
448
885
923
100
106
379
519
681
101
165
276
384
918
5
102
120
525
1018
103
469
680
696
800
104
334
877
982
1001
105
247
272
854
899
106
649
665
675
700
21
43
107
655
780
32
108
501
690
906
53
109
218
499
837
110
491
530
620
981
111
159
230
745
771
112
372
468
499
586
54
113
589
753
831
114
279
431
485
623
115
507
651
942
995
116
283
329
740
1004
45
58
117
817
840
116
118
128
897
957
12
119
140
307
406
24
26
120
695
718
113
121
536
543
1002
122
380
805
838
915
123
170
331
432
616
124
156
195
512
548
14
125
390
591
972
126
383
771
950
1021
127
310
422
491
641
116
128
435
507
655
129
305
309
778
963
130
358
560
620
914
44
131
293
509
944
132
258
614
836
1021
72
133
597
618
937
134
701
782
834
1010
135
278
473
787
834
136
172
250
385
778
137
255
422
881
961
19
138
475
553
784
8
100
139
685
940
125
140
149
469
659
137
141
277
380
424
142
709
753
962
965
143
503
573
628
885
12
144
261
321
721
139
145
258
299
987
8
97
146
352
430
147
155
405
878
931
148
197
246
935
974
149
542
633
701
908
12
39
150
585
765
65
134
151
522
709
143
152
196
308
1015
128
151
153
157
566
148
154
512
679
856
76
155
174
186
895
109
138
156
374
950
157
238
549
634
1023
88
158
259
882
933
154
159
283
746
1019
160
173
192
513
967
161
343
650
715
858
162
334
598
654
852
163
258
356
562
907
164
329
538
637
930
47
109
165
368
663
166
586
610
689
804
0
167
280
583
839
12
168
296
369
691
0
169
259
289
1002
80
150
170
679
887
171
217
323
506
703
172
725
950
961
998
16
173
476
511
784
115
173
174
412
656
175
191
384
589
927
77
150
176
345
584
172
177
219
273
613
35
178
235
288
794
27
81
179
543
947
180
588
670
733
889
9
81
181
732
949
127
182
446
769
924
183
266
280
383
413
184
257
519
536
657
12
62
185
248
390
60
186
736
866
940
187
646
741
744
898
188
209
384
742
886
189
369
406
642
964
53
57
190
558
671
21
191
471
568
787
192
341
702
921
996
43
76
193
956
981
116
194
577
809
879
195
289
379
520
909
105
120
196
643
779
170
197
514
586
795
48
198
384
648
676
199
518
706
748
783
109
133
200
398
933
199
201
496
617
970
193
202
283
377
962
6
85
105
203
219
18
129
147
204
621
205
562
577
791
882
135
206
378
449
547
30
91
207
283
854
208
632
842
921
972
38
209
507
590
854
210
548
611
626
814
160
211
274
445
882
5
111
212
461
597
213
422
435
955
968
12
214
649
697
843
70
215
356
429
779
9
216
406
849
986
128
217
249
266
567
98
218
621
798
833
219
552
623
752
803
40
62
166
220
419
44
221
482
640
824
126
222
243
491
877
223
389
788
915
1006
110
224
410
550
582
225
496
630
684
768
226
275
532
640
695
115
227
266
314
495
135
228
253
355
912
229
616
739
928
947
156
230
264
652
683
79
231
717
783
854
81
232
461
741
963
233
421
783
798
823
234
367
635
815
941
101
235
409
447
558
185
236
326
852
916
237
394
821
965
996
42
238
353
930
1017
239
248
270
409
530
6
240
661
860
925
26
60
241
773
869
99
242
422
766
910
195
243
458
500
504
160
244
407
768
858
245
506
660
780
815
73
246
338
619
960
247
336
339
410
991
236
248
377
419
774
62
249
558
738
953
250
747
752
923
1015
251
585
656
669
794
233
252
381
439
994
253
367
677
849
899
11
254
897
904
938
111
162
255
696
931
256
401
640
920
954
96
257
437
895
925
258
362
438
501
534
48
204
259
393
422
195
215
260
341
408
146
261
300
561
775
19
132
262
370
592
29
263
370
386
1010
101
264
294
607
932
17
265
491
704
827
266
572
625
732
761
267
343
546
744
974
68
149
268
529
958
269
439
522
619
851
239
270
675
680
739
221
271
702
705
878
272
422
778
781
928
251
273
736
764
926
274
382
498
795
999
275
449
451
902
922
184
276
306
595
790
233
277
508
557
765
211
278
675
774
971
226
279
611
800
1022
91
280
365
605
921
229
281
341
483
751
187
282
353
599
810
283
327
886
915
1018
284
605
622
812
917
183
285
662
928
965
286
375
555
823
968
24
287
416
823
866
183
213
288
573
661
20
289
545
606
685
290
364
478
550
658
291
539
592
829
872
12
63
292
445
691
265
293
382
697
883
294
558
773
941
996
187
201
295
680
962
296
428
572
666
757
215
272
297
866
926
298
616
628
635
668
19
197
299
568
994
132
269
300
426
589
299
301
318
739
814
84
103
302
469
995
4
8
166
303
938
304
876
966
999
1007
305
651
655
724
784
197
220
306
351
900
99
307
578
633
789
98
222
308
328
820
309
624
764
804
1008
310
344
398
502
827
31
41
311
879
956
271
312
397
689
942
313
628
760
763
866
206
262
314
692
1002
315
484
780
843
906
64
249
316
618
954
185
265
317
358
661
274
318
503
557
885
77
319
416
579
824
168
224
239
320
886
100
321
508
630
703
126
205
322
360
971
323
651
944
952
1007
322
324
661
703
755
304
325
407
470
510
326
582
584
758
1021
55
68
161
202
327
56
328
405
601
772
306
329
336
364
929
56
330
633
650
951
79
331
634
660
861
214
332
866
874
920
163
333
469
584
731
211
235
334
551
810
28
86
135
335
938
276
336
338
679
764
75
337
439
459
796
62
338
676
786
999
1
188
339
764
917
340
399
562
609
641
341
411
496
628
645
342
735
768
788
867
54
304
343
464
613
308
344
415
588
787
299
345
500
550
928
105
346
386
630
783
30
347
447
703
722
191
258
348
408
414
76
192
349
501
690
113
350
740
916
927
0
235
351
569
815
221
311
352
494
979
58
83
353
719
948
74
208
354
548
723
160
355
374
487
846
151
356
566
765
967
255
357
369
449
919
104
234
358
393
777
133
251
274
359
1004
90
360
537
625
710
104
234
361
682
912
6
362
600
886
893
363
450
495
674
825
364
453
665
735
966
56
365
594
793
818
319
343
366
396
591
2
16
367
425
767
368
484
598
838
945
362
369
422
445
906
147
319
370
669
791
31
323
371
444
562
56
107
372
399
519
108
183
373
714
745
257
287
374
469
834
183
348
375
600
1018
12
115
334
376
794
313
377
543
804
893
57
378
549
724
865
379
707
770
960
987
147
150
380
568
699
381
571
655
741
1016
382
436
863
996
1015
72
383
472
731
866
342
384
605
851
942
103
263
374
385
679
162
386
504
531
540
43
387
481
636
966
81
99
180
184
388
389
469
519
736
946
196
390
620
970
992
391
456
479
844
1001
35
88
392
424
823
166
393
517
641
826
61
394
412
697
912
156
395
537
594
775
396
434
633
763
842
161
219
397
403
776
347
350
398
531
714
221
373
399
493
1003
2
154
169
400
612
206
401
639
697
1019
327
402
555
1003
1007
116
346
403
715
895
88
272
379
404
612
271
405
579
678
811
404
406
539
756
982
307
407
736
756
959
11
310
408
548
812
238
409
672
791
991
160
184
205
410
761
352
411
618
646
1001
39
264
412
644
781
411
413
595
804
951
314
414
580
831
1005
224
372
415
610
769
76
169
256
416
868
110
188
417
577
702
115
298
418
426
686
204
319
320
419
966
1
152
408
420
820
211
304
328
408
421
272
422
533
649
968
423
429
497
813
875
107
424
559
626
984
156
161
257
425
915
237
419
426
905
1001
205
259
427
727
733
183
187
351
428
683
94
429
451
566
842
267
430
507
689
769
106
431
444
615
691
212
265
432
498
525
164
350
383
433
913
116
434
615
866
924
40
425
435
687
960
289
383
436
917
980
176
437
494
769
893
12
46
115
318
438
96
191
439
569
948
377
440
498
756
933
177
441
478
955
973
378
442
554
580
856
308
340
386
443
975
119
444
627
696
704
87
445
493
610
700
134
291
304
446
766
39
447
453
472
1019
147
443
448
822
857
375
392
449
709
940
120
450
515
796
954
3
316
451
520
690
172
292
452
992
1017
61
423
453
524
693
267
412
454
528
602
455
488
729
812
862
456
509
582
586
951
7
165
254
457
580
436
458
459
508
920
309
459
702
757
786
460
637
825
952
986
246
461
866
884
886
134
251
462
753
1019
15
86
463
507
843
118
464
806
884
986
465
594
848
915
946
221
466
987
1001
1008
26
467
684
800
866
9
60
468
590
865
138
387
469
669
802
372
470
535
666
997
85
111
367
471
529
358
472
587
614
875
75
94
116
473
668
311
343
376
474
870
77
122
457
475
765
476
541
878
957
1013
59
416
419
477
973
42
182
478
481
482
303
479
621
641
996
115
275
464
480
996
328
481
506
813
884
106
326
468
482
808
149
202
400
420
483
211
256
484
728
791
56
485
709
854
921
3
36
191
486
994
253
272
487
498
967
487
488
863
953
1012
489
655
848
926
928
55
490
674
838
939
119
426
491
601
880
82
484
492
648
935
98
199
493
496
861
31
271
463
494
961
47
495
530
603
787
139
271
350
496
800
72
99
305
349
497
137
285
387
498
839
59
332
499
822
1003
88
316
428
500
560
19
295
501
684
688
43
423
502
559
693
219
386
503
710
925
109
258
309
389
504
91
435
505
752
969
3
148
193
506
721
294
345
397
507
977
278
406
508
671
843
50
361
509
755
862
70
239
291
510
969
109
422
511
649
949
74
484
512
660
974
94
105
236
513
763
302
377
514
799
806
349
395
515
810
954
73
516
571
636
713
96
367
396
456
517
113
114
292
518
726
182
257
431
434
519
180
478
520
590
638
521
543
658
820
856
203
209
300
522
839
206
523
552
693
808
97
220
328
524
1004
62
65
92
172
525
179
468
526
674
827
82
203
250
523
527
286
501
528
541
931
355
410
522
529
905
94
273
530
1005
1008
34
350
531
591
735
166
515
532
715
957
161
330
388
473
533
461
534
561
837
948
85
531
535
610
965
51
536
894
961
970
49
537
617
727
864
170
198
417
538
787
142
514
539
796
909
112
370
504
540
544
32
495
541
648
728
271
279
486
542
718
176
457
533
543
835
104
489
534
544
642
353
447
470
545
803
295
546
549
786
1000
531
547
759
775
890
132
489
546
548
610
107
143
182
549
804
173
431
550
782
828
9
551
635
672
867
126
252
347
552
775
381
396
553
569
821
367
530
554
663
912
70
147
487
555
1017
556
696
743
745
897
37
137
147
335
557
259
558
751
1009
1023
139
291
559
610
662
157
255
462
560
586
14
44
314
435
561
45
458
562
564
802
167
326
510
563
576
17
244
547
564
676
16
184
565
859
1022
68
376
548
566
634
109
249
555
567
682
361
505
568
590
717
279
304
522
532
569
13
195
477
570
761
338
350
571
676
840
545
572
573
812
926
50
331
564
573
643
227
561
574
747
921
425
575
672
787
859
28
44
576
867
942
505
577
596
960
1013
38
438
578
653
718
126
242
343
579
952
297
563
580
701
896
211
353
354
581
847
223
423
549
582
727
120
471
563
583
826
444
584
663
688
728
95
581
585
914
961
47
258
303
586
758
271
587
598
700
796
156
239
332
588
1017
12
260
283
311
589
199
565
590
871
1014
286
428
591
766
1002
199
221
592
983
1005
593
622
849
891
957
45
594
777
870
1021
79
166
469
595
673
162
295
330
334
596
337
449
579
597
676
116
598
890
953
984
312
599
698
828
924
600
664
918
961
984
9
43
601
618
631
519
528
602
723
854
115
534
554
603
743
337
400
456
604
614
220
475
605
642
816
141
368
606
705
789
104
244
607
867
1011
228
608
610
869
881
2
387
609
622
784
200
292
351
610
711
54
94
247
494
611
130
612
826
973
992
582
605
613
631
816
105
447
614
720
835
117
353
615
659
870
278
292
616
873
950
49
174
617
662
1010
177
250
618
824
958
569
619
647
673
776
47
130
271
620
921
4
260
324
621
836
125
334
474
622
990
29
36
246
623
848
19
285
516
624
850
40
625
650
926
1002
12
270
309
466
626
572
627
768
795
867
628
701
714
972
980
490
509
629
725
742
18
286
433
630
920
8
120
476
631
981
50
58
361
494
632
530
553
633
693
957
152
305
634
790
876
223
404
456
635
922
29
60
232
619
636
3
21
168
249
637
473
623
638
759
1009
47
123
639
859
899
193
564
602
640
882
100
204
637
641
968
141
380
597
642
904
181
489
546
643
836
285
396
480
644
878
37
245
645
706
744
299
485
646
764
875
44
312
603
647
681
72
331
441
648
654
46
223
649
738
978
154
426
650
726
792
354
450
628
651
761
87
346
465
652
978
213
349
605
653
819
43
492
630
654
977
116
492
621
655
844
158
488
495
656
919
625
657
835
853
890
207
393
658
871
874
143
263
659
814
935
203
369
458
660
854
116
216
446
661
925
642
662
689
695
850
633
663
836
891
924
31
153
376
664
917
92
408
520
616
665
178
211
450
477
666
256
431
667
763
885
36
216
668
677
715
139
599
669
968
991
160
179
489
650
670
348
458
526
671
1012
81
290
354
672
737
0
542
673
727
915
354
404
674
715
951
353
369
675
904
907
246
626
676
890
919
190
260
472
677
864
39
300
590
678
706
119
679
800
830
975
358
365
386
580
680
347
669
681
786
992
16
64
361
393
682
45
160
317
683
914
50
60
446
684
792
509
676
685
833
963
185
215
346
624
686
56
154
687
742
822
221
471
688
696
741
289
539
626
668
689
303
479
508
554
690
286
419
691
828
884
228
325
657
692
850
595
659
693
773
1004
117
224
694
840
915
153
282
695
802
863
331
341
521
696
802
101
285
391
548
697
102
278
423
685
698
166
336
503
625
699
238
371
700
741
982
584
607
701
828
872
24
349
702
738
869
139
361
451
703
967
332
374
650
704
982
112
648
705
893
967
298
348
636
677
706
201
229
707
839
849
355
465
708
737
972
12
524
539
709
817
40
178
587
710
804
58
234
334
553
711
25
165
166
618
712
518
597
713
767
842
9
269
667
714
934
25
38
315
715
838
172
635
710
716
995
246
609
717
730
815
36
50
470
592
718
142
254
534
719
739
160
329
720
733
997
35
84
111
721
745
184
722
770
842
897
50
145
287
561
723
360
724
861
934
1005
59
209
379
725
1010
270
337
458
707
726
323
570
727
856
890
65
125
728
892
1010
96
396
729
886
963
187
215
559
730
747
308
500
731
798
830
63
275
699
732
879
478
530
655
659
733
35
137
348
734
963
162
351
670
735
891
389
736
790
808
968
74
410
607
737
808
332
538
738
784
803
252
361
559
739
768
269
474
692
728
740
477
684
741
848
1002
187
614
672
742
821
369
385
501
688
743
167
656
744
773
864
157
211
280
576
745
341
630
644
746
882
199
492
577
586
747
206
326
748
782
934
160
163
734
749
978
601
638
650
750
959
303
352
549
751
848
316
341
355
752
870
130
422
496
753
832
485
655
658
754
1001
180
551
755
995
1006
47
100
311
756
905
404
451
460
757
850
58
182
282
352
758
144
759
824
845
887
315
665
681
760
850
399
761
772
966
986
16
116
291
654
762
33
290
763
981
987
114
243
449
648
764
113
164
199
661
765
303
590
600
766
801
489
517
559
767
915
36
256
408
768
936
126
339
384
511
769
387
415
675
770
892
96
412
547
576
771
88
565
626
772
964
247
724
773
824
984
31
38
415
774
876
9
296
299
775
956
258
431
776
857
996
187
391
777
887
902
23
285
534
778
979
16
599
763
779
783
430
597
780
835
896
550
684
698
781
904
176
681
782
823
1017
172
311
573
743
783
24
114
718
721
784
561
581
785
797
922
271
280
525
786
921
510
605
711
787
1006
73
180
401
788
903
43
136
472
673
789
128
208
324
768
790
187
218
350
730
791
28
314
474
792
857
79
285
793
946
1010
191
310
412
425
794
101
504
660
795
937
174
298
508
553
796
146
178
356
645
797
222
351
373
798
933
315
380
706
799
935
192
285
733
755
800
237
362
525
682
801
265
657
733
802
951
557
590
803
876
955
111
702
710
739
804
149
321
457
805
853
139
573
701
806
856
62
361
563
677
807
102
647
808
844
904
316
340
622
680
809
90
149
629
810
994
82
539
774
811
824
279
496
799
812
864
277
395
508
615
813
499
555
569
814
838
54
537
810
815
939
816
888
907
970
990
104
506
678
770
817
200
364
543
774
818
220
697
819
958
963
351
415
534
820
1001
239
340
484
559
821
17
122
398
770
822
169
459
712
823
942
259
339
726
824
903
52
451
805
825
867
156
699
769
826
997
14
117
242
628
827
426
488
506
828
895
141
321
412
657
829
136
207
812
830
906
27
144
145
274
831
247
563
616
756
832
32
74
431
742
833
308
385
496
660
834
448
517
612
835
917
6
7
211
807
836
423
451
595
637
837
123
147
264
290
838
380
426
839
859
1012
22
33
66
642
840
281
611
780
792
841
89
457
493
842
936
45
377
449
725
843
358
546
550
639
844
196
423
452
736
845
290
476
846
869
974
14
17
411
625
847
107
144
624
842
848
136
315
735
849
881
280
454
540
850
974
280
505
724
779
851
338
559
748
808
852
226
375
711
832
853
159
270
349
854
923
6
321
617
855
996
70
342
358
630
856
70
152
174
312
857
268
449
561
607
858
331
362
532
859
892
59
162
289
796
860
271
601
747
861
1009
214
542
712
792
862
95
191
331
627
863
118
293
317
360
864
380
507
627
631
865
252
329
519
810
866
213
331
525
829
867
27
333
580
715
868
103
132
633
790
869
62
149
318
585
870
130
444
687
871
984
332
665
693
872
907
64
558
709
873
931
145
192
416
874
887
33
236
528
875
932
214
364
399
876
897
301
379
567
845
877
325
776
831
878
953
263
560
611
847
879
80
238
635
802
880
143
234
401
461
881
130
156
535
882
1006
341
568
595
805
883
79
223
298
612
884
35
85
206
486
885
46
99
747
877
886
397
460
579
734
887
131
444
514
656
888
29
251
587
669
889
416
635
859
873
890
63
193
285
505
891
229
262
625
859
892
88
124
323
893
903
315
393
661
733
894
52
60
509
711
895
159
414
569
728
896
4
89
209
490
897
164
248
842
872
898
254
256
386
774
899
290
379
399
418
900
178
214
679
901
903
53
579
797
902
996
59
604
827
887
903
38
226
467
819
904
22
157
642
763
905
47
459
654
902
906
541
737
742
786
907
182
299
336
502
908
186
603
654
740
909
466
568
696
861
910
27
32
251
497
911
149
152
207
796
912
12
298
385
861
913
280
366
478
752
914
256
298
363
915
921
243
588
861
916
967
264
355
837
877
917
59
332
636
905
918
37
48
489
754
919
146
387
443
472
920
48
123
277
921
1005
23
87
457
922
1001
11
89
739
811
923
307
581
796
876
924
39
81
327
496
925
125
581
744
860
926
508
699
746
904
927
116
220
546
754
928
97
311
372
558
929
81
465
616
849
930
44
614
665
930
931
532
932
942
969
1000
88
670
909
933
966
205
260
685
934
1015
86
192
257
537
935
114
807
843
860
936
50
143
278
751
937
74
471
575
938
1008
73
790
885
939
1008
1
117
750
895
940
527
831
897
941
957
94
125
181
822
942
47
123
860
943
963
272
330
572
944
964
405
441
732
894
945
35
864
939
946
950
268
490
815
850
947
104
247
758
844
948
359
547
725
862
949
7
293
690
735
950
129
612
923
951
985
115
237
785
952
971
318
339
890
953
991
129
765
798
927
954
218
303
623
948
955
10
114
432
752
956
199
494
615
957
997
267
320
766
920
958
9
263
795
938
959
282
445
475
777
960
311
495
873
911
961
122
163
677
893
962
80
199
360
466
963
87
370
479
711
964
42
78
266
780
965
198
401
458
860
966
12
682
757
800
967
188
330
531
552
968
106
353
474
840
969
232
817
944
970
996
143
204
307
479
971
450
517
550
678
972
529
840
885
887
973
113
119
369
641
974
678
776
880
903
975
162
396
557
933
976
171
630
706
896
977
152
373
463
570
978
487
743
949
968
979
626
669
686
863
980
50
400
570
751
981
199
435
557
960
982
5
170
223
565
983
13
184
389
910
984
164
496
516
807
985
115
142
464
927
986
120
207
231
623
987
50
403
748
752
988
100
205
359
937
989
190
887
895
990
1013
203
328
466
625
991
405
569
761
814
992
122
532
687
932
993
200
349
644
751
994
210
247
600
750
995
32
335
542
708
996
215
579
750
830
997
420
492
788
801
998
547
710
837
871
999
274
500
666
1000
1007
148
639
731
1001
1014
203
468
835
947
1002
17
348
681
893
1003
5
99
216
576
1004
172
446
468
715
1005
19
65
362
900
1006
39
43
478
762
1007
331
361
545
688
1008
503
586
741
990
1009
134
141
175
796
1010
190
324
470
490
1011
399
616
784
961
1012
166
415
422
746
1013
99
119
275
922
1014
230
486
854
912
1015
285
578
581
716
1016
23
204
585
782
1017
275
436
580
695
1018
144
221
498
946
1019
12
30
546
743
1020
84
86
707
990
1021
521
534
583
979
1022
126
322
548
998
1023
0.139547
0.074392
0.106325
0.290544
0.573158
0.004801
0.043771
0.025915
0.484523
0.483829
0.608816
0.828167
0.118927
0.522468
0.59285
0.870546
0.490831
0.870506
0.784491
0.01663
0.967044
0.276026
0.253463
0.846189
0.534478
0.210688
0.239644
0.289144
0.212733
0.260684
0.734676
0.790359
0.027048
0.79911
0.890606
0.157388
0.573091
0.778858
0.851768
0.748736
0.866806
0.679741
0.689249
0.871573
0.652991
0.481851
0.772763
0.176168
0.17405
0.047564
0.604997
0.482918
0.842282
0.874278
0.699132
0.363528
0.378589
0.563708
0.906275
0.119599
0.22066
0.759617
0.87942
0.094106
0.291625
0.544088
0.004833
0.207296
0.329765
0.033545
0.720711
0.550268
0.562543
0.898827
0.745328
0.676747
0.27523
0.367249
0.345106
0.636876
0.092701
0.427143
0.233619
0.738066
0.526037
0.208207
0.320045
0.327042
0.901036
0.37491
0.437277
0.404253
0.074578
0.298557
0.760065
0.84593
0.047361
0.524544
0.382914
0.125818
0.21006
0.918873
0.122675
0.905777
0.802367
0.611441
0.100133
0.498005
0.852464
0.73551
0.151636
0.871694
0.757372
0.743089
0.836661
0.049911
0.192471
0.805339
0.703769
0.841369
0.436753
0.907794
0.862159
0.490706
0.365092
0.530792
0.030252
0.331439
0.390978
0.514666
0.041502
0.713235
0.122582
0.200035
0.939434
0.233856
0.947052
0.716525
0.153078
0.674352
0.111837
0.851279
0.010885
0.446172
0.292216
0.762713
0.187517
0.798059
0.755195
0.980591
0.990623
0.380793
0.425779
0.016064
0.360844
0.484968
0.469704
0.163896
0.025102
0.039045
0.523861
0.452077
0.602804
0.270767
0.544743
0.098778
0.188579
0.972962
0.571324
0.597891
0.547451
0.726292
0.696704
0.247033
0.371124
0.886245
0.379029
0.674939
0.090877
0.422225
0.44137
0.848021
0.226255
0.692139
0.309224
0.731103
0.795708
0.324055
0.295142
0.098223
0.87219
0.70587
0.222494
0.476479
0.705408
0.316967
0.402977
0.13543
0.723314
0.082567
0.989982
0.307775
0.441608
0.035448
0.641312
0.104177
0.417903
0.361708
0.40547
0.185005
0.245042
0.133578
0.032078
0.340492
0.207912
0.316278
0.093521
0.305747
0.834508
0.279389
0.870831
0.856103
0.48803
0.327721
0.657114
0.888898
0.40119
0.875688
0.471128
0.595165
0.759384
0.318912
0.126922
0.146409
0.292701
0.134756
0.584455
0.285102
0.441319
0.768793
0.412398
0.629405
0.040637
0.813559
0.220828
0.39962
0.806992
0.154175
0.074901
0.367532
0.07193
0.917856
0.904055
0.999139
0.699646
0.895691
0.343737
0.745746
0.430211
0.105654
0.139182
0.481343
0.340345
0.711555
0.943471
0.843032
0.06026
0.425316
0.144916
0.643193
0.604289
0.504051
0.741534
0.305412
0.579789
0.332887
0.991238
0.333787
0.029966
0.846142
0.853433
0.964409
0.633181
0.100804
0.930734
0.932297
0.74285
0.326823
0.865224
0.804359
0.779645
0.862449
0.268803
0.896536
0.613973
0.498501
0.275735
0.668468
0.639337
0.109814
0.883657
0.197281
0.034556
0.414165
0.511618
0.452637
0.882361
0.976862
0.099933
0.868352
0.195234
0.435093
0.542157
0.893884
0.266061
0.331516
0.809536
0.350559
0.473534
0.349585
0.364026
0.407964
0.188906
0.82425
0.53357
0.701318
0.962351
0.866597
0.164412
0.639562
0.87484
0.410795
0.331895
0.633858
0.985452
0.342664
0.135732
0.288526
0.220027
0.218012
0.134224
0.027173
0.756808
0.451387
0.538892
0.45472
0.622835
0.370587
0.317677
0.589586
0.281024
0.052851
0.709591
0.201065
0.771439
0.089105
0.778551
0.520382
0.683535
0.49321
0.454073
0.697224
0.840995
0.697103
0.363498
0.357126
0.231948
0.282205
0.613312
0.908821
0.672858
0.633378
0.331429
0.937183
0.754291
0.887879
0.320379
0.426459
0.624885
0.13357
0.244169
0.505564
0.819766
0.812005
0.666134
0.555722
0.854557
0.155971
0.708981
0.486609
0.055672
0.133687
0.10179
0.713084
0.305247
0.880413
0.868835
0.53552
0.173019
0.523211
0.879129
0.687272
0.93104
0.158098
0.886988
0.316507
0.61338
0.226876
0.367844
0.246674
0.078723
0.976379
0.064464
0.960549
0.689651
0.199345
0.40788
0.487993
0.986629
0.440867
0.04556
0.995312
0.084919
0.327249
0.309762
0.752477
0.01907
0.713276
0.224481
0.36038
0.901296
0.408702
0.481418
0.217714
0.695559
0.312885
0.221796
0.661111
0.311733
0.149033
0.386672
0.958958
0.937996
0.772756
0.348523
0.012737
0.750617
0.875394
0.061067
0.214263
0.055508
0.566136
0.531721
0.105633
0.329829
0.229123
0.606999
0.0843
0.023227
0.861841
0.931816
0.154178
0.739763
0.841554
0.231575
0.970611
0.317621
0.853364
0.263817
0.284155
0.713419
0.321985
0.19473
0.195866
0.747435
0.063504
0.023627
0.371378
0.156549
0.008556
0.162384
0.158275
0.352864
0.826495
0.665303
0.746156
0.768812
0.898494
0.611971
0.402024
0.715648
0.738981
0.296883
0.792326
0.563566
0.899653
0.44201
0.908331
0.275912
0.369636
0.160303
0.020191
0.618569
0.304102
0.837225
0.351025
0.992359
0.286483
0.639581
0.012709
0.63197
0.409536
0.32357
0.622804
0.843595
0.441439
0.232516
0.53164
0.478062
0.255791
0.011702
0.808112
0.664526
0.25666
0.367687
0.670914
0.039989
0.677841
0.650248
0.746829
0.413656
0.181961
0.850951
0.465376
0.849382
0.830469
0.237018
0.976475
0.275478
0.36695
0.798712
0.858082
0.102965
0.978034
0.849621
0.187921
0.317375
0.730363
0.422972
0.501602
0.555286
0.034847
0.441228
0.446133
0.819647
0.121821
0.91194
0.56359
0.566888
0.442288
0.979963
0.640529
0.658406
0.035751
0.174178
0.31464
0.055618
0.959681
0.172882
0.2346
0.945193
0.570436
0.768979
0.779218
0.795443
0.671348
0.773616
0.32571
0.123339
0.8967
0.327663
0.622009
0.202464
0.248435
0.795884
0.940792
0.168154
0.104068
0.024181
0.404151
0.792447
0.732305
0.31021
0.737437
0.52915
0.595965
0.683072
0.531572
0.633167
0.540246
0.975489
0.615425
0.047968
0.529489
0.034559
0.172556
0.468884
0.56255
0.101396
0.98888
0.239512
0.450189
0.311042
0.301302
0.200093
0.473461
0.846925
0.502419
0.142265
0.915325
0.854266
0.09067
0.058243
0.818103
0.73427
0.73311
0.488302
0.931908
0.704616
0.307398
0.868079
0.815027
0.391496
0.897338
0.985806
0.404609
0.890124
0.805949
0.62554
0.633165
0.105957
0.594203
0.565015
0.194062
0.941245
0.162067
0.99287
0.516423
0.012696
0.132467
0.5507
0.613576
0.749966
0.29645
0.020339
0.601068
0.778795
0.637705
0.086175
0.032561
0.664208
0.597346
0.108787
0.580077
0.613379
0.793743
0.435425
0.106802
0.491955
0.914492
0.292727
0.744718
0.045861
0.483235
0.529392
0.183331
0.27039
0.057222
0.977831
0.891957
0.423424
0.853629
0.778586
0.717355
0.060168
0.464462
0.491381
0.588706
0.09394
0.233082
0.348484
0.756343
0.870395
0.305239
0.940023
0.848424
0.389641
0.398292
0.409783
0.26658
0.850013
0.674099
0.026353
0.809838
0.72374
0.64099
0.763773
0.851503
0.751629
0.553145
0.889102
0.922444
0.932648
0.638906
0.313253
0.143547
0.89276
0.348297
0.968909
0.543535
0.123888
0.535315
0.32989
0.730601
0.768654
0.498524
0.174638
0.795032
0.400897
0.624338
0.209852
0.362822
0.0519
0.518735
0.322921
0.411639
0.416676
0.842511
0.907033
0.796789
0.57239
0.890852
0.040921
0.38541
0.290531
0.971427
0.738579
0.794472
0.914191
0.48337
0.615808
0.690543
0.680829
0.836485
0.108833
0.222869
0.838171
0.541926
0.324531
0.278712
0.977705
0.078502
0.700201
0.137473
0.268309
0.562353
0.143977
0.14428
0.625764
0.997663
0.650807
0.002395
0.110346
0.761962
0.525149
0.831268
0.100868
0.23103
0.975585
0.229869
0.706747
0.449029
0.905047
0.326876
0.943843
0.148715
0.130297
0.239739
0.701941
0.85868
0.190944
0.291786
0.585156
0.025563
0.238477
0.362586
0.557449
0.211189
0.275788
0.231375
0.589557
0.459736
0.840787
0.848863
0.286405
0.986983
0.351189
0.715455
0.867892
0.176377
0.173782
0.658056
0.855064
0.318764
0.7387
0.803193
0.006866
0.453889
0.741488
0.261824
0.384346
0.523539
0.081776
0.700075
0.116549
0.226526
0.80476
0.905234
0.054247
0.883376
0.367033
0.379709
0.586134
0.625639
0.671414
0.881499
0.572169
0.169449
0.443259
0.725593
0.036262
0.557369
0.871911
0.879924
0.516383
0.578386
0.60084
0.348236
0.717467
0.876994
0.186193
0.79204
0.489258
0.44519
0.019587
0.62671
0.362442
0.771194
0.855618
0.841297
0.707378
0.952905
0.541739
0.160609
0.965237
0.77513
0.843026
0.296962
0.923056
0.608732
0.733996
0.036787
0.307404
0.941806
0.579161
0.704879
0.114869
0.024723
0.13476
0.421336
0.573448
0.693037
0.499885
0.854254
0.540534
0.592443
0.753717
0.641248
0.561211
0.662015
0.959679
0.184538
0.743857
0.227306
0.970159
0.252222
0.932506
0.0522
0.975328
0.964269
0.432949
0.963545
0.855101
0.332801
0.913065
0.747097
0.161287
0.486662
0.6068
0.16061
0.757041
0.323015
0.978411
0.941666
0.371591
0.097686
0.413536
0.675687
0.862694
0.844674
0.75444
0.577632
0.831263
0.054489
0.327861
0.551335
0.822492
0.898944
0.733981
0.992966
0.288758
0.47172
0.599226
0.00328
0.159797
0.356207
0.721212
0.717172
0.31771
0.614814
0.348059
0.344508
0.18481
0.01684
0.734815
0.098913
0.360378
0.411606
0.060961
0.704704
0.615916
0.725166
0.160215
0.627007
0.379454
0.196327
0.530587
0.524124
0.291732
0.539504
0.353943
0.979155
0.268132
0.550201
0.054459
0.478431
0.994267
0.642254
0.383759
0.676643
0.543724
0.323553
0.347672
0.844077
0.81117
0.907621
0.457928
0.053385
0.727327
0.216173
0.497429
0.746728
0.493599
0.208673
0.850246
0.715162
0.315067
0.258548
0.057344
0.131811
0.265527
0.268573
0.531096
0.823805
0.315282
0.115456
0.118515
0.424022
0.476435
0.35643
0.16377
0.990431
0.818299
0.956405
0.213187
0.447331
0.906729
0.192656
0.519883
0.996715
0.513586
0.292326
0.458224
0.623627
0.247644
0.765508
0.872575
0.442556
0.259664
0.003601
0.406572
0.763352
0.504556
0.982915
0.74687
0.631527
0.208808
0.00965
0.985077
0.998284
0.147149
0.182603
0.357202
0.449061
0.973318
0.076422
0.079822
0.360883
0.269375
0.51177
0.26666
0.027336
0.965735
0.960988
0.994496
0.021557
0.814575
0.217405
0.068879
0.845125
0.781572
0.537833
0.899942
0.387289
0.150981
0.549232
0.677302
0.316335
0.071644
0.29696
0.514005
0.509578
0.287148
0.247489
0.687655
0.110752
0.389619
0.521811
0.327467
0.359152
0.835927
0.543536
0.546854
0.569486
0.069781
0.770208
0.229979
0.952122
0.500981
0.139436
0.134054
0.512902
0.438233
0.079758
0.819323
0.842309
0.836378
0.099495
0.622057
0.257259
0.658502
0.571608
0.941109
0.395227
0.055329
0.185901
0.114371
0.68501
0.965128
0.501605
0.593931
0.537279
0.54466
0.347624
0.266771
0.635121
0.16093
0.326003
0.305297
0.24196
0.544535
0.527186
0.287138
0.358677
0.600173
0.691246
0.810877
0.217829
0.003353
0.380497
0.842061
0.726532
0.362496
0.821595
0.201373
0.326429
0.785171
0.024963
0.41338
0.33907
0.457422
0.905593
0.858104
0.650435
0.006302
0.797694
0.553688
0.2279
0.758794
0.826522
0.687965
0.03507
0.701921
0.714906
0.528928
0.211788
0.870877
0.932564
0.408516
0.127535
0.298078
0.526614
0.142651
0.098877
0.683748
0.200638
0.171447
0.507136
0.742786
0.793842
0.035625
0.314888
0.030305
0.683652
0.730507
0.653605
0.287359
0.556003
0.352666
0.722701
0.576928
0.618262
0.901544
0.071544
0.358366
0.053858
0.301951
0.578582
0.744189
0.609681
0.916859
0.127664
0.344335
0.996093
0.194232
0.153864
0.450701
0.838823
0.671103
0.951715
0.480148
0.748288
0.548389
0.583134
0.649526
0.822191
0.999467
0.049143
0.636331
0.746212
0.714532
0.353614
0.092689
0.343696
0.533422
0.703552
0.744981
0.614176
0.976523
0.456401
0.175187
0.984059
0.570065
0.089467
0.977972
0.355627
0.865055
0.293583
0.127025
0.394091
0.499815
0.954612
0.928391
0.826159
0.030529
0.246373
0.099074
0.239498
0.246581
0.588039
0.939869
0.234562
0.932735
0.304904
0.920679
0.26269
0.429727
0.994101
0.844305
0.690495
0.214686
0.121414
0.950813
0.832901
0.737163
0.951141
0.999896
0.909334
0.493731
0.90468
0.785007
0.851195
0.360642
0.493343
0.944266
0.660483
0.283571
0.937859
0.555316
0.016534
0.174886
0.198888
0.343483
0.087949
0.577096
0.044134
0.103571
0.934162
0.982235
0.374778
0.698243
0.335204
0.044007
0.501589
0.208715
0.546486
0.04874
0.064202
0.854065
0.519678
0.712867
0.357289
0.859212
0.057105
0.092132
0.459831
0.385207
0.043482
0.924013
0.161062
0.360706
0.401266
0.799483
0.859115
0.705086
0.527613
0.188459
0.79216
0.283969
0.924752
0.945389
0.966031
0.534245
0.472737
0.03057
0.664845
0.139879
0.672045
0.739964
0.725486
0.66579
0.936553
0.108032
0.542199
0.64765
0.363721
0.661641
0.593168
0.421541
0.982146
0.667991
0.523568
0.840918
0.091556
0.994772
0.441239
0.447417
0.03501
0.677188
0.371591
0.358372
0.625086
0.793087
0.55486
0.209616
0.684434
0.175469
0.037649
0.769084
0.969055
0.269118
0.754397
0.671885
0.126992
0.632514
0.279232
0.334343
0.338732
0.649178
0.320417
0.430668
0.877225
0.415538
0.081732
0.9035
0.976829
0.440489
0.299418
0.176038
0.24495
0.95271
0.663976
0.166348
0.072854
0.391583
0.32198
0.976482
0.918192
0.332433
0.283035
0.616654
0.998742
0.177589
0.76977
0.874104
0.891011
0.592346
0.021378
0.559033
0.16259
0.737048
0.275683
0.971262
0.676719
0.130268
0.280979
0.550823
0.329682
0.992309
0.061057
0.033135
0.017791
0.577374
0.422573
0.241146
0.406059
0.97516
0.193751
0.075933
0.755077
0.414952
0.044157
0.419403
0.944391
0.465071
0.016785
0.513902
0.640391
0.075445
0.145234
0.458445
0.026877
0.253582
0.065237
0.639919
0.340625
0.169681
0.940463
0.954923
0.253223
0.216758
0.342415
0.462092
0.95908
0.428236
0.064604
0.218252
0.941593
0.882446
0.638917
0.940434
0.485491
0.002072
0.792617
0.897396
0.692942
0.505371
0.972407
0.459793
0.677553
0.791064
0.710806
0.862365
0.010518
0.98993
0.118034
0.75953
0.595993
0.252857
0.428941
0.932945
0.350128
0.176357
0.082623
0.700413
0.167836
0.777105
0.053622
0.457624
0.533345
0.04428
0.587867
0.872894
0.199639
0.304557
0.809284
0.297505
0.678905
0.270161
0.777482
0.613975
0.837296
0.740162
0.593219
0.365408
0.746925
0.609726
0.157153
0.527975
0.475421
0.359548
0.953023
0.925579
0.175849
0.73775
0.098764
0.644597
0.781992
0.729738
0.346963
0.039919
0.00785
0.235538
0.223483
0.58185
0.543351
0.226165
0.642237
0.684798
0.283756
0.934567
0.476653
0.340918
0.141754
0.527174
0.37382
0.527974
0.267847
0.283979
0.697021
0.135533
0.532847
0.164377
0.121075
0.654788
0.981268
0.118732
0.603102
0.842148
0.041831
0.732979
0.122752
0.903956
0.957638
0.13339
0.930594
0.659944
0.651333
0.677417
0.631852
0.038355
0.793671
0.312886
0.756851
0.812846
0.001468
0.555848
0.88302
0.714306
0.906688
0.043447
0.124831
0.389769
0.153706
0.415113
0.443835
0.733091
0.823132
0.443865
0.348426
0.48421
0.387891
0.563588
0.733362
0.10996
0.285067
0.564244
0.6143
0.201824
0.281732
0.940466
0.066581
0.411071
0.713737
0.983496
0.820581
0.419249
0.995777
0.420747
0.077612
0.204087
0.814517
0.245568
0.306734
0.029863
0.873514
0.761632
0.875579
0.29882
0.004864
0.232686
0.332719
0.896013
0.852303
0.493989
0.01144
0.00304
0.876954
0.335864
0.424558
0.946161
0.91
0.279275
0.567496
0.59076
0.965118
0.822339
0.911598
0.331781
0.164266
0.761345
0.293822
0.086653
0.652125
0.179996
0.14727
0.191861
0.071631
0.942087
0.711326
0.219632
0.347877
0.693142
0.963257
0.76332
0.130187
0.982947
0.039491
0.56554
0.09937
0.609254
0.74378
0.549523
0.830736
0.825801
0.932291
0.975265
0.313375
0.114552
0.585388
0.968252
0.799183
0.328002
0.658037
0.191767
0.385842
0.975041
0.999885
0.649541
0.613545
0.410081
0.8774
0.330932
0.863438
0.830695
0.439848
0.785897
0.100927
0.614849
0.873723
0.798249
0.731846
0.858032
0.233807
0.049046
0.600427
0.251646
0.840273
0.7063
0.245523
0.67096
0.52975
0.067571
0.791039
0.558692
0.323436
0.330414
0.090458
0.966754
0.633264
0.195353
0.999025
0.933449
0.860489
0.086012
0.715949
0.104955
0.504746
0.326591
0.714092
0.662924
0.545875
0.082241
0.460839
0.798301
0.481357
0.643106
0.797605
0.205948
0.342616
0.201039
0.599914
0.203494
0.470799
0.260709
0.381946
0.76422
0.483983
0.203913
0.555782
0.289807
0.885037
0.221285
0.433182
0.82582
0.616942
0.498331
0.830921
0.615813
0.475368
0.683119
0.446522
0.701025
0.86396
0.417928
0.944817
0.702431
0.69746
0.840127
0.316874
0.347326
0.060448
0.739598
0.25633
0.576808
0.799051
0.980568
0.289027
0.769615
0.381648
0.246845
0.90888
0.844777
0.477883
0.516949
0.140865
0.724013
0.553899
0.273519
0.858263
0.218757
0.085692
0.590772
0.466219
0.282573
0.128729
0.687363
0.078139
0.768325
0.235781
0.01238
0.555395
0.015331
0.094807
0.083235
0.8183
0.025635
0.222044
0.966262
0.915221
0.133671
0.384062
0.224431
0.576312
0.654447
0.288069
0.098331
0.408019
0.917148
0.214471
0.051138
0.946362
0.303534
0.433763
0.677762
0.39938
0.103846
0.131808
0.829834
0.652744
0.34148
0.959636
0.542852
0.76741
0.787307
0.812296
0.509153
0.730055
0.471223
0.917287
0.715675
0.074096
0.939674
0.812633
0.726657
0.679342
0.150777
0.180811
0.965897
0.226855
0.905555
0.304757
0.901056
0.389383
0.408431
0.809461
0.431625
0.011076
0.560174
0.974179
0.82967
0.595939
0.307307
0.721756
0.179257
0.217143
0.222223
0.296835
0.125577
0.681618
0.058861
0.470689
0.326721
0.483087
0.187287
0.282494
0.462701
0.898004
0.237416
0.549028
0.820615
0.080558
0.535022
0.067025
0.213993
0.132944
0.753314
0.827952
0.68517
0.661227
0.3628
0.811674
0.452364
0.648175
0.022455
0.4689
0.280985
0.547838
0.378495
0.10368
0.503888
0.337817
0.146883
0.974609
0.999786
0.627718
0.389058
0.512364
0.992992
0.336485
0.393462
0.995777
0.498705
0.431329
0.835608
0.747705
0.519085
0.879311
0.374833
0.38206
0.468367
0.139604
0.789355
0.800645
0.783685
0.565714
0.003937
0.211307
0.068721
0.14007
0.240729
0.626803
0.867996
0.00036
0.433497
0.406055
0.213386
0.470375
0.334936
0.795328
0.210051
0.612667
0.302567
0.600519
0.212531
0.527148
0.075629
0.013934
0.137986
0.857404
0.654113
0.642789
0.247435
0.259563
0.482113
0.095874
0.385377
0.937378
0.31629
0.933714
0.86039
0.135236
0.664105
0.967964
0.943574
0.209421
0.006776
0.250232
0.642602
0.8613
0.778109
0.596193
0.56568
0.606955
0.071334
0.890004
0.848925
0.696323
0.436462
0.208041
0.109738
0.387681
0.637382
0.389899
0.846054
0.696127
0.936339
0.626522
0.168247
0.434908
0.798444
0.991377
0.745913
0.156535
0.289422
0.737382
0.764967
0.401861
0.132154
0.348867
0.892909
0.837764
0.158349
0.192256
0.126335
0.977512
0.094351
0.679242
0.120016
0.14419
0.660072
0.033739
0.552298
0.195404
0.42297
0.612392
0.509622
0.990098
0.121458
0.250904
0.940393
0.15793
0.612845
0.009246
0.166132
0.774906
0.334089
0.502809
0.137331
0.244727
0.348812
0.870707
0.940148
0.359183
0.072199
0.471083
0.829469
0.442898
0.966761
0.948148
0.729147
0.240526
0.876681
0.308316
0.773376
0.201798
0.960183
0.39133
0.918527
0.179478
0.829883
0.381704
0.848883
0.866919
0.52631
0.540022
0.766239
0.606986
0.217449
0.43208
0.757746
0.004549
0.814691
0.826652
0.268475
0.755147
0.479581
0.955156
0.029853
0.612909
0.965683
0.240823
0.949011
0.744875
0.521912
0.927945
0.408907
0.129424
0.600131
0.2759
0.953024
0.5426
0.817223
0.191704
0.511971
0.080986
0.553337
0.837339
0.783911
0.413958
0.410134
0.104297
0.429751
0.072442
0.665842
0.144413
0.381239
0.814289
0.551251
0.476176
0.665325
0.542493
0.122621
0.312509
0.722215
0.045475
0.393968
0.485727
0.762351
0.976517
0.960336
0.806293
0.691679
0.411237
0.409177
0.580485
0.58815
0.911533
0.993253
0.986133
0.400889
0.576919
0.699866
0.223806
0.814053
0.288795
0.220824
0.881418
0.258483
0.71289
0.868152
0.434622
0.733595
0.400332
0.152999
0.999481
0.800981
0.006171
0.224132
0.512035
0.731355
0.541809
0.68517
0.350933
0.634248
0.759093
0.712113
0.523027
0.637777
0.890862
0.719433
0.430537
0.845617
0.493493
0.054541
0.470189
0.180457
0.315948
0.885681
0.688442
0.681722
0.077891
0.334721
0.224914
0.001795
0.751105
0.139026
0.902562
0.638794
0.844859
0.156259
0.460824
0.6957
0.137827
0.102475
0.46853
0.294642
0.647234
0.612651
0.470062
0.629685
0.741229
0.280916
0.843084
0.488041
0.628467
0.892082
0.292967
0.943496
0.539064
0.929468
0.851848
0.539753
0.769158
0.328145
0.407758
0.640535
0.327757
0.400627
0.976367
0.76856
0.16413
0.334656
0.43254
0.209615
0.642632
0.135463
0.591496
0.135671
0.842822
0.185879
0.6493
0.476046
0.642802
0.904425
0.099641
0.792058
0.130448
0.495019
0.501249
0.492443
0.985042
0.324671
0.04972
0.297088
0.584368
0.858364
0.470753
0.718074
0.160862
0.766851
0.531717
0.354388
0.402025
0.267402
0.785355
0.260011
0.156766
0.80687
0.199855
0.468104
0.139364
0.180248
0.292395
0.143725
0.214347
0.017354
0.253723
0.72561
0.262628
0.728286
0.804301
0.887866
0.473749
0.664587
0.930266
0.791048
0.067607
0.368831
0.347492
0.327068
0.823619
0.379761
0.337513
0.529273
0.669938
0.3417
0.090656
0.482496
0.777574
0.274072
0.235592
0.967238
0.201841
0.238237
0.772917
0.865784
0.168839
0.393674
0.346729
0.106497
0.985653
0.501776
0.932683
0.528662
0.300003
0.88417
0.590654
0.651812
0.280589
0.999126
0.335744
0.782345
0.599166
0.198635
0.470636
0.870746
0.972243
0.541466
0.902418
0.27554
0.439866
0.759673
0.996055
0.590566
0.42309
0.080533
0.8262
0.559012
0.869942
0.992553
0.147181
0.680681
0.471065
0.821342
0.572136
0.798238
0.879535
0.276753
0.148415
0.62764
0.979422
0.276687
0.461704
0.41694
0.059871
0.803511
0.451806
0.120123
0.699582
0.199814
0.879089
0.415014
0.213475
0.856691
0.535107
0.025627
0.243883
0.054851
0.557776
0.601798
0.744648
0.655782
0.639791
0.733564
0.722992
0.399906
0.129492
0.413915
0.164002
0.939727
0.283649
0.936813
0.789361
0.426105
0.541386
0.859342
0.614508
0.461586
0.083222
0.894958
0.224623
0.959073
0.865544
0.104005
0.047194
0.969695
0.041498
0.38266
0.487306
0.741819
0.781554
0.434097
0.775405
0.723811
0.319315
0.666638
0.230541
0.307095
0.844422
0.341932
0.136952
0.887662
0.089299
0.852155
0.452804
0.768478
0.246555
0.396725
0.192443
0.200124
0.358431
0.07585
0.317207
0.473465
0.538587
0.661176
0.151722
0.404575
0.09568
0.207161
0.208072
0.32477
0.737107
0.333071
0.162442
0.383099
0.744709
0.741144
0.810113
0.452068
0.238554
0.051148
0.641203
0.907138
0.556116
0.812543
0.62891
0.527126
0.662461
0.93502
0.166313
0.398541
0.378832
0.955675
0.615689
0.305939
0.710048
0.015925
0.32131
0.347692
0.184143
0.167635
0.11821
0.492757
0.444364
0.375195
0.525804
0.211333
0.677161
0.398765
0.810577
0.555036
0.591107
0.68929
0.340486
0.821382
0.749085
0.526372
0.55038
0.501382
0.150225
0.749484
0.486255
0.960114
0.550929
0.924405
0.78008
0.740097
0.591372
0.182329
0.524509
0.019256
0.587969
0.32566
0.055015
0.114106
0.363746
0.706314
0.848627
0.046517
0.4312
0.62764
0.248326
0.691893
0.567519
0.270694
0.799383
0.738824
0.795603
0.616718
0.782824
0.086436
0.269425
0.562722
0.160741
0.98556
0.29245
0.817045
0.342335
0.84143
0.978506
0.792478
0.493244
0.977944
0.076574
0.961204
0.688773
0.300923
0.958684
0.432207
0.733618
0.525188
0.301416
0.069051
0.715357
0.842605
0.308491
0.898798
0.947567
0.544058
0.052564
0.999002
0.836773
0.713199
0.715048
0.676699
0.257113
0.662526
0.682364
0.341756
0.590455
0.767155
0.924066
0.413636
0.15272
0.386182
0.245772
0.930025
0.449281
0.177991
0.658351
0.670542
0.396488
0.194782
0.468564
0.220727
0.854949
0.478271
0.509217
0.54756
0.107666
0.746456
0.682808
0.475751
0.099267
0.973212
0.16992
0.644281
0.069159
0.286614
0.664819
0.268018
0.89635
0.195103
0.78716
0.560099
0.534794
0.621625
0.720339
0.048355
0.785013
0.506837
0.686715
0.513972
0.831412
0.234126
0.028455
0.106619
0.60671
0.525506
0.7081
0.15298
0.228679
0.997274
0.972703
0.04087
0.184901
0.642789
0.309777
0.829396
0.668263
0.608482
0.403057
0.828492
0.491789
0.115852
0.272607
0.071347
0.692537
0.386928
0.654851
0.637226
0.673118
0.174192
0.234513
0.268922
0.633605
0.141049
0.562966
0.966223
0.713049
0.221072
0.577461
0.962131
0.653079
0.932999
0.255109
0.845333
0.177113
0.781652
0.816965
0.017345
0.573564
0.101259
0.12819
0.898878
0.202089
0.957182
0.252546
0.669281
0.967751
0.940282
0.123415
0.780712
0.242047
0.813846
0.183811
0.444256
0.191085
0.364424
0.118571
0.384628
0.036905
0.460339
0.432468
0.375512
0.745477
0.931489
0.265696
0.218768
0.90661
0.653462
0.393975
0.624539
0.670916
0.517807
0.960847
0.846139
0.174208
0.906815
0.64919
0.287113
0.257065
0.690496
0.861255
0.087958
0.125865
0.588451
0.056844
0.374498
0.764661
0.475589
0.638054
0.616555
0.101328
0.245871
0.596699
0.565059
0.362042
0.276976
0.440106
0.121151
0.610288
0.159969
0.552094
0.265123
0.612947
0.58974
0.117119
0.939618
0.781821
0.800741
0.925407
0.024661
0.840065
0.310834
0.254291
0.480368
0.005662
0.078042
0.12266
0.617035
0.952491
0.230492
0.672764
0.116279
0.417506
0.575416
0.25191
0.874513
0.155618
0.305974
0.600773
0.791705
0.483411
0.454328
0.665756
0.707814
0.962085
0.350692
0.564656
0.733295
0.769116
0.239561
0.769867
0.643188
0.994238
0.240249
0.379341
0.102134
0.253644
0.564017
0.675706
0.907391
0.072537
0.751135
0.64372
0.995288
0.792837
0.211062
0.097474
0.349336
0.630613
0.937388
0.053528
0.273479
0.936864
0.696313
0.693106
0.863585
0.688653
0.597823
0.490958
0.952435
0.191848
0.521514
0.677876
0.884966
0.910758
0.136913
0.049449
0.360333
0.793205
0.102297
0.368332
0.180665
0.115757
0.727425
0.607618
0.74355
0.118599
0.947075
0.737143
0.093505
0.908161
0.955989
0.605952
0.871899
0.234497
0.10753
0.664466
0.834706
0.969095
0.16469
0.956235
0.770579
0.622463
0.00325
0.105374
0.872567
0.502643
0.365503
0.628478
0.74131
0.398296
0.598118
0.36575
0.478415
0.086233
0.697426
0.071035
0.784802
0.826217
0.367209
0.827815
0.675314
0.048333
0.516974
0.435337
0.369578
0.255715
0.67176
0.165244
0.523377
0.22303
0.339338
0.76516
0.204474
0.214554
0.872452
0.481793
0.44708
0.543311
0.446799
0.884512
0.114549
0.227397
0.995613
0.486462
0.810379
0.466212
0.580704
0.214781
0.698364
0.747685
0.086138
0.707061
0.448681
0.238362
0.7737
0.47479
0.887003
0.409794
0.308798
0.85876
0.767937
0.737356
0.291968
0.837334
0.101965
0.090999
0.380244
0.451384
0.082631
0.669769
0.913916
0.356759
0.50857
0.116795
0.00438
0.947805
0.505793
0.873134
0.631649
0.778607
0.169933
0.051809
0.30947
0.087212
0.196684
0.774283
0.503307
0.61435
0.880212
0.524871
0.493907
0.250204
0.228034
0.016608
0.943349
0.084572
0.597783
0.917233
0.79658
0.301292
0.624247
0.587629
0.554972
0.546915
0.877161
0.908943
0.427083
0.424237
0.262051
0.827578
0.708317
0.27998
0.903307
0.973235
0.941387
0.926322
0.547662
0.735667
0.865075
0.564787
0.772171
0.557718
0.358825
0.792605
0.445308
0.013112
0.062507
0.543682
0.762285
0.284307
0.086228
0.728974
0.108097
0.905643
0.361936
0.04322
0.296144
0.679349
0.186157
0.982795
0.640481
0.793802
0.609314
0.836959
0.681946
0.602662
0.808287
0.990321
0.176047
0.640847
0.490027
0.935747
0.533014
0.472419
0.229078
0.388627
0.442649
0.431803
0.488638
0.113737
0.781148
0.864267
0.390225
0.692508
0.461291
0.120434
0.108709
0.056708
0.923235
0.365281
0.955253
0.110825
0.193966
0.191562
0.890097
0.23352
0.736791
0.936167
0.994783
0.252553
0.207811
0.562716
0.975019
0.014518
0.024386
0.68959
0.842844
0.752054
0.257315
0.734926
0.344304
0.825139
0.00319
0.284531
0.907224
0.851959
0.454783
0.502808
0.208796
0.890082
0.438868
0.302778
0.937798
0.493595
0.515983
0.528622
0.092555
0.478835
0.972426
0.676448
0.142973
0.114177
0.501515
0.886817
0.270568
0.011504
0.287784
0.412884
0.743917
0.16993
0.979196
0.26808
0.278929
0.065843
0.738948
0.083941
0.858326
0.172362
0.078417
0.853805
0.277401
0.018541
0.66173
0.612607
0.037214
0.655008
0.321847
0.463667
0.154573
0.138268
0.326075
0.017078
0.223586
0.847163
0.836811
0.01876
0.834517
0.042313
0.709407
0.418072
0.458763
0.661592
0.4109
0.584821
0.536035
0.112066
0.631354
0.034488
0.535221
0.001296
0.923364
0.864907
0.676205
0.675313
0.476147
0.872012
0.168461
0.985962
0.381198
0.639883
0.427536
0.078437
0.094396
0.399442
0.931924
0.792725
0.52281
0.400063
0.073698
0.369902
0.09484
0.577734
0.960598
0.983194
0.846366
0.064547
0.582797
0.931047
0.446168
0.763259
0.288681
0.653661
0.775617
0.47024
0.356528
0.950396
0.621488
0.595468
0.894042
0.738163
0.704779
0.266618
0.275422
0.07926
0.96995
5.1e-05
0.968584
0.103767
0.049539
0.605316
0.029766
0.478148
0.991779
0.31022
0.83181
0.233237
0.389598
0.516803
0.782823
0.292242
0.662114
0.481728
0.025431
0.730611
0.053286
0.293921
0.893023
0.76652
0.378567
0.370563
0.989865
0.636304
0.129242
0.708844
0.756873
0.87113
0.649342
0.006228
0.403131
0.698726
0.482735
0.84242
0.672492
0.496733
0.04057
0.944893
0.34099
0.958757
0.05411
0.579269
0.549028
0.398838
0.927613
0.436414
0.105587
0.452979
0.501595
0.373169
0.621978
0.130017
0.994156
0.969673
0.093771
0.003694
0.693715
0.877149
0.626312
0.711686
0.704713
0.620482
0.218784
0.049949
0.640263
0.211028
0.474563
0.560724
0.717251
0.025376
0.666958
0.620715
0.474274
0.853999
0.794241
0.229864
0.67786
0.520804
0.603997
0.470868
0.791631
0.60766
0.450173
0.389778
0.321863
0.785251
0.088403
0.627207
0.501372
0.616188
0.554693
0.697357
0.837281
0.373914
0.818738
0.29677
0.013593
0.561176
0.922393
0.97368
0.282215
0.848454
0.402577
0.087763
0.837045
0.47769
0.041879
0.535317
0.068736
0.03194
0.229399
0.767327
0.050395
0.018989
0.688377
0.662451
0.277853
0.063595
0.140963
0.598188
0.816005
0.794459
0.45945
0.121689
0.060437
0.27423
0.548617
0.355753
0.113247
0.077643
0.040683
0.822705
0.126406
0.034802
0.878111
0.115961
0.244199
0.190315
0.581941
0.252021
0.41902
0.130699
0.663698
0.20166
0.184425
0.026763
0.155371
0.622572
0.824045
0.874488
0.072605
0.33423
0.413825
0.869768
0.071699
0.639595
0.60297
0.342329
0.222418
0.162556
0.135938
0.420977
0.487299
0.839124
0.91313
0.280899
0.747577
0.407564
0.289928
0.669041
0.06952
0.347391
0.216066
0.924419
0.259115
0.010115
0.981086
0.157984
0.305368
0.229885
0.048612
0.574025
0.747821
0.864468
0.598667
0.900761
0.484727
0.287187
0.990299
0.083472
0.290527
0.63948
0.393595
0.376278
0.447325
0.923845
0.794622
0.091622
0.543769
0.138522
0.504888
0.947099
0.719289
0.245742
0.471172
0.547274
0.662565
0.500776
0.685846
0.224184
0.597422
0.845133
0.974254
0.528
0.928568
0.44104
0.04631
0.204941
0.411481
0.170063
0.908576
0.465833
0.809171
0.906962
0.887411
0.208929
0.794751
0.653021
0.062437
0.822691
0.320576
0.985391
0.752101
0.414914
0.242328
0.093707
0.599302
0.232525
0.875042
0.530088
0.79857
0.814549
0.792973
0.849817
0.715106
0.236595
0.591309
0.228141
0.973688
0.633724
0.350001
0.065031
0.758146
0.415577
0.334854
0.372405
0.944825
0.146549
0.265194
0.226502
0.094576
0.564807
0.405444
0.453162
0.938019
0.991528
0.019262
0.343585
0.464979
0.527859
0.264422
0.131961
0.899368
0.189045
0.90606
0.92176
0.177132
0.11193
0.34121
0.319741
0.726224
0.265076
0.520709
0.67721
0.346791
0.696274
0.080719
0.771276
0.968047
0.549789
0.009618
0.092795
0.240095
0.168345
0.730132
0.690984
0.602633
0.830876
0.022949
0.509881
0.845193
0.895351
0.294099
0.107993
0.213567
0.922874
0.978693
0.237329
0.771138
0.395933
0.111027
0.431003
0.551163
0.252804
0.637441
0.435707
0.778526
0.98215
0.798624
0.471917
0.452302
0.978667
0.596425
0.261892
0.075347
0.999152
0.107518
0.764537
0.494074
0.93181
0.623069
0.786907
0.089727
0.484647
0.47814
0.636804
0.045435
0.158595
0.107977
0.945251
0.071728
0.89614
0.920579
0.668312
0.893062
0.102083
0.72127
0.407394
0.300539
0.061075
0.534662
0.220225
0.968591
0.352689
0.189331
0.249398
0.157757
0.940556
0.165403
0.700966
0.222969
0.599056
0.869522
0.799179
0.31907
0.27879
0.578441
0.966514
0.856344
0.068144
0.323511
0.963824
0.883897
0.393583
0.063466
0.30785
0.145504
0.887025
0.02713
0.113177
0.331843
0.534503
0.481404
0.554982
0.577952
0.162742
0.745956
0.455115
0.579968
0.630085
0.230235
0.056747
0.182037
0.004126
0.566463
0.717147
0.548
0.547614
0.719298
0.624478
0.060243
0.268003
0.163127
0.087943
0.547132
0.259452
0.20858
0.327508
0.405071
0.549487
0.475152
0.322137
0.077244
0.630501
0.827022
0.537324
0.112829
0.701391
0.20048
0.780674
0.199767
0.087891
0.946799
0.174408
0.930225
0.27382
0.759258
0.086306
0.04194
0.053491
0.682572
0.030436
0.325553
0.186323
0.788753
0.483313
0.164716
0.394744
0.48219
0.582112
0.873301
0.303052
0.016267
0.554482
0.924441
0.440045
0.591318
0.963043
0.415566
0.305856
0.274658
0.102476
0.636815
0.197708
0.82959
0.214702
0.689316
0.993855
0.068696
0.800978
0.203332
0.00773
0.232754
0.084636
0.055002
0.055835
0.78153
0.002236
0.945611
0.058426
0.44882
0.428479
0.070578
0.546049
0.601661
0.235881
0.205863
0.996704
0.26978
0.897604
0.291635
0.545419
0.06177
0.474775
0.914361
0.110057
0.911899
0.394325
0.300237
0.886128
0.252229
0.588672
0.517425
0.367246
0.170933
0.797552
0.254508
0.550639
0.302206
0.274661
0.536627
0.167588
0.319006
0.490636
0.059044
0.8586
0.530163
0.948216
0.155569
0.094825
0.464576
0.572282
0.374687
0.737998
0.934361
0.553532
0.870041
0.920884
0.006645
0.264876
0.566962
0.904573
0.344309
0.915868
0.942129
0.737628
0.947487
0.246489
0.109696
0.66032
0.425485
0.914996
0.198276
0.761727
0.276966
0.532301
0.622655
0.654104
0.502012
0.681788
0.982112
0.882927
0.202283
0.562403
0.908361
0.022557
0.1298
0.356445
0.945779
0.059202
0.903645
0.644249
0.54234
0.085968
0.50454
0.543249
0.24821
0.525117
0.557615
0.408242
0.07536
0.208793
0.286514
0.378174
0.03673
0.338456
0.017305
0.016272
0.133028
0.61542
0.046257
0.555156
0.144906
0.077501
0.752916
0.533708
0.116927
0.641005
0.681069
0.724063
0.093584
0.455695
0.256702
0.036465
0.186621
0.669057
0.847681
0.229811
0.774797
0.528118
0.962056
0.15819
0.435376
0.90822
0.330661
0.135794
0.711783
0.608833
0.910893
0.886933
0.559
0.354695
0.996376
0.467527
0.770496
0.477225
0.508241
0.447191
0.50567
0.21409
0.21525
0.204405
0.639616
0.054225
0.300998
0.956677
0.584518
0.795278
0.861036
0.484875
0.455172
0.242783
0.511633
0.376332
0.217918
0.735539
0.02078
0.275415
0.501316
0.51509
0.031135
0.605225
0.272189
0.014835
0.171033
0.593308
0.577233
0.975804
0.734279
0.663924
0.259833
0.714908
0.351247
0.243091
0.319916
0.636741
0.773599
0.536665
0.10925
0.800113
0.871139
0.037404
0.583823
0.372904
0.434033
0.941305
0.191917
0.343234
0.713778
0.019292
0.861917
0.392381
0.391525
0.943304
0.017586
0.945877
0.943239
0.008291
0.927472
0.920378
0.930898
0.725705
0.134015
0.679183
0.08884
0.026937
0.723094
0.171888
0.630883
0.327137
0.611677
0.37451
0.58893
0.117603
0.599708
0.625239
0.582996
0.828864
0.757867
0.200637
0.750503
0.768376
0.635564
0.458784
0.596908
0.768133
0.812653
0.953798
0.406031
0.091829
0.269862
0.724744
0.750182
0.106096
0.422897
0.588963
0.365375
0.868306
0.159235
0.23531
0.489728
0.969096
0.206368
0.676241
0.415506
0.529525
0.191751
0.953878
0.390961
0.067837
0.79167
0.981204
0.669226
0.14912
0.947426
0.751793
0.405186
0.82508
0.916382
0.18849
0.126986
0.168366
0.603052
0.493488
0.71033
0.521832
0.361468
0.790171
0.325645
0.170062
0.293506
0.762127
0.120549
0.396061
0.944415
0.576842
0.067108
0.191047
0.837328
0.845896
0.533134
0.464976
0.654844
0.980277
0.802177
0.542719
0.490296
0.615049
0.869496
0.216776
0.831008
0.616194
0.78247
0.494993
0.415823
0.151186
0.877589
0.227516
0.407625
0.384725
0.993539
0.490368
0.819366
0.533789
0.529196
0.538819
0.486841
0.132737
0.819765
0.918325
0.466929
0.20652
0.616897
0.826198
0.716783
0.349271
0.312887
0.097839
0.764096
0.253188
0.621163
0.786656
0.591642
0.828177
0.634788
0.424068
0.29143
0.202336
0.506573
0.892158
0.234302
0.073495
0.823936
0.932277
0.044159
0.275771
0.65852
0.963241
0.389102
0.17367
0.244099
0.221056
0.981603
0.037257
0.967688
0.491166
0.602024
0.905753
0.941292
0.240534
0.388939
0.964455
0.628243
0.165056
0.106607
0.854204
0.83718
0.446719
0.081465
0.1666
0.991654
0.132922
0.206702
0.392532
0.063869
0.64859
0.287421
0.904379
0.797335
0.840702
0.883016
0.963897
0.056727
0.754344
0.220304
0.383115
0.821839
0.481471
0.817102
0.001777
0.040288
0.785414
0.699104
0.667006
0.895367
0.613432
0.331594
0.182906
0.057721
0.595087
0.271791
0.950203
0.760748
0.548277
0.838812
0.246403
0.79915
0.843717
0.250349
0.52618
0.9786
0.76743
0.506243
0.010862
0.854724
0.639818
0.77045
0.985497
0.222494
0.571906
0.320613
0.964966
0.741468
0.057387
0.083346
0.012925
0.819527
0.84294
0.952225
0.228523
0.279279
0.505643
0.407226
0.886651
0.277535
0.183547
0.027831
0.425184
0.908144
0.026691
0.731421
0.881739
0.592867
0.850308
0.984069
0.258051
0.019254
0.214527
0.418024
0.878112
0.8099
0.585671
0.579788
0.015546
0.092683
0.365853
0.604815
0.420902
0.660985
0.01105
0.850326
0.272745
0.914929
0.515235
0.983138
0.200062
0.637412
0.56609
0.913384
0.063732
0.943916
0.1193
0.33186
0.651342
0.934431
0.789629
0.240615
0.898414
0.513117
0.532351
0.458357
0.335594
0.301344
0.706175
0.055548
0.190393
0.745278
0.698122
0.038807
0.524168
0.727415
0.341732
0.894272
0.417005
0.474258
0.783169
0.986332
0.538758
0.298831
0.948586
0.373741
0.37576
0.82682
0.036228
0.086104
0.247458
0.785436
0.174702
0.620296
0.67404
0.571674
0.360165
0.897606
0.47535
0.711878
0.177546
0.361422
0.146751
0.982065
0.538118
0.819809
0.32511
0.036606
0.483174
0.739737
0.916339
0.134214
0.525254
0.802646
0.711808
0.142018
0.348475
0.931315
0.414488
0.514937
0.592638
0.072433
0.271689
0.582979
0.042223
0.631385
0.609583
0.555639
0.706815
0.56588
0.805596
0.325357
0.928623
0.349567
0.012855
0.260021
0.45054
0.458528
0.993949
0.843681
0.216492
0.274344
0.209282
0.733279
0.406039
0.572936
0.302473
0.105108
0.994919
0.819429
0.871298
0.929497
0.25937
0.646335
0.130845
0.403273
0.289866
0.655682
0.886
0.681779
0.387007
0.000863
0.38402
0.247321
0.42678
0.465361
0.04779
0.116049
0.14489
0.969418
0.612091
0.391889
0.057606
0.795682
0.051294
0.171533
0.900369
0.506304
0.009961
0.116765
0.34398
0.051729
0.453317
0.452112
0.81576
0.180079
0.722644
0.614535
0.057099
0.800291
0.214055
0.219406
0.2336
0.147844
0.554221
0.612721
0.001529
0.366856
0.440462
0.882651
0.30439
0.998334
0.942539
0.509752
0.978949
0.891657
0.096388
0.392937
0.543657
0.766771
0.062445
0.059966
0.129793
0.431598
0.084202
0.797207
0.615158
0.962046
0.830508
0.411431
0.271959
0.132091
0.842717
0.969672
0.52903
0.597173
0.423398
0.683179
0.541185
0.926814
0.702717
0.948551
0.718997
0.367567
0.976793
0.953926
0.529202
0.919631
0.775448
0.606395
0.392697
0.958323
0.162064
0.262088
0.735142
0.83087
0.972511
0.515661
0.808213
0.047555
0.789532
0.82818
0.000199
0.295518
0.209138
0.493583
0.423143
0.377604
0.814422
0.81999
0.865789
0.663653
0.095301
0.876054
0.336097
0.443436
0.439721
0.043055
0.068105
0.103819
0.573757
0.419208
0.939613
0.743916
0.439346
0.091766
0.992885
0.922223
0.310638
0.737038
0.12015
0.346338
0.948382
0.452115
0.26154
0.941903
0.184457
0.042425
0.964352
0.838062
0.26913
0.731194
0.453728
0.3283
0.49606
0.618579
0.095301
0.818825
0.419719
0.957044
0.747629
0.323869
0.349556
0.568837
0.576449
0.791125
0.426827
0.976185
0.336247
0.054461
0.941214
0.707682
0.343705
0.799025
0.711128
0.380651
0.221286
0.339996
0.984374
0.580236
0.908979
0.228235
0.853053
0.96439
0.190019
0.353618
0.743932
0.71806
0.223212
0.690927
0.836353
0.602232
0.963527
0.626496
0.381022
0.005744
0.019735
0.37089
0.231851
0.109287
0.737851
0.648018
0.415098
0.85455
0.489233
0.642651
0.888718
0.806143
0.159958
0.476996
0.457255
0.010967
0.626021
0.142704
0.27199
0.438018
0.383262
0.623164
0.524325
0.378379
0.263962
0.458554
0.870823
0.863701
0.705156
0.677989
0.906441
0.651184
0.378604
0.643763
0.917961
0.431133
0.475136
0.854283
0.373672
0.482359
0.572797
0.281046
0.163407
0.248843
0.445203
0.843844
0.000985
0.019197
0.609927
0.615611
0.106767
0.840445
0.742206
0.002425
0.246024
0.202391
0.448974
0.635725
0.957673
0.771408
0.536834
0.846623
0.139915
0.813625
0.847906
0.612954
0.421835
0.220591
0.198419
0.123437
0.007399
0.588854
0.716879
0.6958
0.37859
0.907699
0.696337
0.206854
0.246769
0.559444
0.80971
0.122585
0.246969
0.193528
0.319902
0.949822
0.929955
0.618047
0.266686
0.021268
0.114574
0.284208
0.932475
0.060922
0.110022
0.646667
0.730273
0.704154
0.618662
0.914072
0.347109
0.767502
0.994925
0.482658
0.065302
0.307804
0.991467
0.433987
0.034597
0.269547
0.771371
0.559749
0.258725
0.870879
0.986168
0.331638
0.102505
0.538772
0.696557
0.164164
0.255531
0.218143
0.037911
0.32991
0.632206
0.496429
0.105763
0.542056
0.68342
0.226765
0.075047
0.553704
0.734919
0.891948
0.351359
0.820231
0.346048
0.067592
0.365303
0.935227
0.81803
0.243291
0.101096
0.128311
0.0667
0.916151
0.527723
0.481296
0.901932
0.383136
0.712978
0.583123
0.491811
0.374071
0.93356
0.329998
0.84642
0.194656
0.754271
0.003774
0.192587
0.440563
0.461058
0.043539
0.404229
0.143088
0.01787
0.363785
0.780214
0.123173
0.705563
0.218475
0.897401
0.680543
0.795014
0.370486
0.427973
0.62921
0.71531
0.944978
0.452514
0.518399
0.355383
0.302826
0.204212
0.906666
0.928985
0.132633
0.133024
0.179843
0.142756
0.378063
0.767457
0.898739
0.529089
0.105678
0.612662
0.073614
0.644407
0.102583
0.461597
0.889595
0.516695
0.090649
0.0503
0.467392
0.340363
0.601355
0.936879
0.972411
0.053674
0.773241
0.921713
0.671987
0.701319
0.959374
0.53058
0.393694
0.029942
0.604904
0.603181
0.632005
0.11744
0.724783
0.832837
0.399575
0.761903
0.052931
0.825269
0.371293
0.370218
0.530818
0.667667
0.402911
0.987639
0.579444
0.186512
0.748496
0.615042
0.791579
0.064489
0.290713
0.58345
0.120729
0.973317
0.915052
0.178076
0.644726
0.090291
0.77954
0.270321
0.730582
0.708389
0.236326
0.69046
0.055943
0.768529
0.084214
0.991231
0.2152
0.656579
0.442133
0.160052
0.2927
0.901177
0.770182
0.564938
0.129952
0.982911
0.846852
0.618069
0.516545
0.024812
0.502312
0.411929
0.067218
0.14124
0.801963
0.895606
0.794629
0.625828
0.616478
0.090737
0.073828
0.541654
0.33075
0.69617
0.886904
0.845625
0.110302
0.151616
0.844998
0.548404
0.709955
0.84539
0.364192
0.741588
0.29237
0.758707
0.423644
0.96638
0.658713
0.636295
0.929681
0.067541
0.48476
0.384017
0.526993
0.16469
0.264011
0.721812
0.644702
0.800297
0.414197
0.819559
0.514249
0.388354
0.879494
0.33237
0.243836
0.167513
0.214944
0.445418
0.286869
0.45236
0.319107
0.667635
0.608279
0.882735
0.807161
0.318885
0.040668
0.956436
0.242609
0.987359
0.455801
0.233134
0.969622
0.148965
0.632808
0.136019
0.232369
0.950021
0.530441
0.073173
0.806954
0.404943
0.086452
0.256097
0.904174
0.049965
0.389643
0.463712
0.64469
0.773342
0.308298
0.915126
0.925214
0.473317
0.630018
0.652256
0.617019
0.11766
0.783005
0.060202
0.902458
0.607783
0.158099
0.44101
0.659384
0.913325
0.830184
0.364863
0.586138
0.614018
0.859223
0.354025
0.257163
0.535459
0.773093
0.049358
0.968619
0.266586
0.953947
0.142698
0.995363
0.996484
0.069745
0.714382
0.78666
0.455244
0.231514
0.285524
0.973782
0.887082
0.721592
0.190483
0.725849
0.26561
0.221836
0.675743
0.152583
0.32711
0.574008
0.413386
0.062261
0.727916
0.147875
0.594912
0.01859
0.761209
0.239048
0.996615
0.293434
0.556222
0.585923
0.137526
0.942923
0.647091
0.00022
0.964289
0.859388
0.477643
0.033934
0.920355
0.146974
0.333961
0.261063
0.484877
0.201417
0.540522
0.554139
0.397621
0.935945
0.193543
0.954934
0.141381
0.908507
0.156499
0.472451
0.164912
0.653182
0.422635
0.082433
0.628281
0.038115
0.173474
0.425259
0.08458
0.845424
0.647049
0.952206
0.055686
0.494435
0.615909
0.031494
0.643655
0.090318
0.297428
0.393823
0.500496
0.990972
0.20758
0.535695
0.397165
0.24356
0.256195
0.73677
0.832486
0.599058
0.636312
0.84078
0.483358
0.388447
0.680064
0.48584
0.669835
0.497894
0.983333
0.178091
0.804696
0.668361
0.024949
0.808202
0.552153
0.817136
0.733314
0.595523
0.095828
0.840787
0.067786
0.22982
0.241427
0.494306
0.485385
0.861366
0.361847
0.591942
0.06638
0.871364
0.326312
0.004137
0.142481
0.256424
0.017203
0.22115
0.363247
0.086419
0.235434
0.008161
0.259615
0.64403
0.181451
0.593298
0.407374
0.700295
0.591255
0.99554
0.145789
0.18044
0.902728
0.99835
0.137659
0.744054
0.032263
0.464678
0.490052
0.634728
0.14995
0.545549
0.054977
0.013136
0.194508
0.674558
0.661481
0.675784
0.191384
0.531785
0.855923
0.105083
0.508265
0.000335
0.984926
0.075133
0.29758
0.96667
0.171584
0.351256
0.139124
0.937666
0.207396
0.353497
0.346148
0.881917
0.107853
0.476294
0.710893
0.018776
0.491947
0.162481
0.040165
0.46264
0.368963
0.256585
0.199669
0.785508
0.513283
0.517998
0.352866
0.166472
0.477779
0.591585
0.186177
0.609564
0.833169
0.852541
0.10473
0.149199
0.708659
0.507397
0.688487
0.164988
0.490965
0.091266
0.296651
0.160114
0.651835
0.940159
0.722607
0.579773
0.411127
0.455905
0.522536
0.362442
0.337749
0.33175
0.557309
0.140271
0.643903
0.44419
0.847904
0.394935
0.226211
0.795254
0.621608
0.826113
0.221929
0.511473
0.602357
0.779192
0.580652
0.160791
0.437646
0.797536
0.605923
0.275218
0.967021
0.285925
0.404582
0.851251
0.420771
0.152425
0.994927
0.948878
0.518152
0.624423
0.718831
0.373598
0.063924
0.690655
0.93461
0.768441
0.634603
0.446735
0.422588
0.657977
0.043046
0.58604
0.350482
0.149536
0.122786
0.222754
0.538085
0.36911
0.620419
0.180157
0.199092
0.181273
0.30513
0.397867
0.295041
0.470794
0.967229
0.493039
0.109795
0.499908
0.579197
0.454458
0.090245
0.258149
0.24594
0.582585
0.132478
0.864976
0.60917
0.364873
0.294968
0.454091
0.965198
0.170279
0.510676
0.573083
0.108991
0.876883
0.391821
0.332284
0.575509
0.615413
0.74678
0.590945
0.33578
0.129117
0.514968
0.609225
0.610042
0.655458
0.784708
0.38498
0.284653
0.429209
0.939101
0.547375
0.53202
0.347323
0.147561
0.026508
0.292493
0.528103
0.668309
0.045034
0.80154
0.252203
0.648373
0.277492
0.218365
0.191258
0.60911
0.745129
0.770799
0.548864
0.787252
0.292956
0.778048
0.460169
0.695047
0.477906
0.09493
0.626351
0.104024
0.68192
0.042958
0.477742
0.352982
0.508607
0.578145
0.133366
0.879828
0.769266
0.337534
0.35253
0.316232
0.594125
0.600971
0.74051
0.072647
0.386064
0.381275
0.492445
0.168522
0.999784
0.988215
0.532099
0.565406
0.089331
0.189751
0.653102
0.073417
0.170746
0.760194
0.869754
0.921838
0.572451
0.143699
0.241162
0.080444
0.13953
0.485124
0.150124
0.098822
0.560345
0.413597
0.052073
0.085977
0.948031
0.80068
0.364246
0.092406
0.225823
0.309045
0.822055
0.844202
0.365202
0.644225
0.095494
0.713293
0.828693
0.474999
0.452676
0.719484
0.975913
0.289129
0.981208
0.463784
0.650491
0.780041
0.03629
0.772098
0.273447
0.648291
0.476383
0.309527
0.179258
0.23241
0.536632
0.877046
0.328539
0.078082
0.332487
0.589189
0.196806
0.904994
0.596382
0.1118
0.834027
0.095914
0.814471
0.994009
0.838862
0.371132
0.006896
0.130862
0.911848
0.542981
0.027835
0.581954
0.243924
0.529646
0.315662
0.569652
0.188566
0.353567
0.416899
0.569535
0.166377
0.958252
0.222214
0.951502
0.145576
0.125026
0.347868
0.808593
0.66352
0.983189
0.922653
0.479979
0.744728
0.624983
0.487516
0.451344
0.280404
0.926229
0.167308
0.06344
0.622465
0.942287
0.362877
0.271579
0.028444
0.98795
0.111106
0.19685
0.240092
0.411557
0.238462
0.686228
0.895567
0.829917
0.408131
0.29806
0.496402
0.568509
0.027148
0.831693
0.995666
0.257034
0.736652
0.686486
0.90667
0.999297
0.080326
0.525275
0.039448
0.210041
0.408734
0.340441
0.347345
0.676046
0.156558
0.511716
0.962225
0.912098
0.838351
0.427294
0.281354
0.949747
0.606222
0.917117
0.87076
0.164521
0.380912
0.998866
0.060283
0.08828
0.631254
0.764438
0.453862
0.16395
0.153909
0.705414
0.437585
0.661151
0.439294
0.953031
0.740967
0.7223
0.455013
0.589434
0.184644
0.814666
0.461542
0.553791
0.1385
0.643175
0.594205
0.83365
0.146038
0.79471
0.972988
0.020944
0.533887
0.018815
0.953687
0.303799
0.489062
0.652867
0.40892
0.453177
0.398493
0.773147
0.379137
0.991464
0.593529
0.634273
0.790405
0.038875
0.255247
0.458696
0.604052
0.317463
0.980045
0.753876
0.201842
0.872722
0.837935
0.003479
0.725583
0.674272
0.742344
0.433189
0.380143
0.830907
0.048429
0.236141
0.344731
0.151609
0.685215
0.139466
0.27552
0.234389
0.530664
0.596749
0.637298
0.507013
0.070316
0.662672
0.39608
0.519225
0.844496
0.888676
0.451814
0.967601
0.830026
0.325873
0.035126
0.917626
0.790286
0.599058
0.392667
0.612759
0.664153
0.644306
0.44162
0.647961
0.284901
0.719622
0.646755
0.374385
0.271749
0.971367
0.154455
0.089501
0.299464
0.280635
0.800863
0.967614
0.335535
0.764094
0.164454
0.652002
0.752623
0.486237
0.07856
0.309872
0.693436
0.470327
0.610182
0.790207
0.322761
0.225774
0.114135
0.298745
0.332539
0.938321
0.931385
0.031042
0.207814
0.077482
0.273866
0.588931
0.790565
0.658457
0.416348
0.697362
0.2799
0.305553
0.497078
0.079832
0.953077
0.734527
0.453915
0.765942
0.136082
0.529369
0.26538
0.86558
0.809524
0.991521
0.956591
0.329936
0.271688
0.750845
0.935468
0.659569
0.597581
0.894102
0.386378
0.006556
0.159449
0.033856
0.264719
0.431952
0.042272
0.802625
0.634538
0.018783
0.62415
0.072009
0.278615
0.527722
0.19473
0.792529
0.725108
0.801169
0.510994
0.753003
0.638487
0.582595
0.803868
0.672206
0.292273
0.479522
0.19661
0.451095
0.283257
0.805885
0.705042
0.892534
0.754021
0.692568
0.398422
0.933197
0.249125
0.489478
0.738937
0.76408
0.466969
0.81415
0.956493
0.946478
0.199732
0.60825
0.217384
0.605763
0.861897
0.044856
0.758254
0.390202
0.400634
0.519837
0.984437
0.550072
0.653677
0.443581
0.845146
0.951572
0.744752
0.230502
0.269133
0.194621
0.289821
0.286241
0.289923
0.13826
0.475236
0.248528
0.394338
0.572634
0.488794
0.675506
0.48928
0.919653
0.142575
0.263594
0.514255
0.583033
0.964096
0.344109
0.155542
0.154427
0.638565
0.216519
0.341321
0.987322
0.211583
0.723513
0.341673
0.97111
0.912569
0.472592
0.251475
0.702601
0.20985
0.589114
0.228184
0.293024
0.698412
0.642294
0.674334
0.884588
0.034551
0.196682
0.266524
0.299976
0.367074
0.33551
0.229535
0.010155
0.34382
0.547123
0.214514
0.481239
0.404363
0.362028
0.588113
0.281883
0.646463
0.75438
0.606644
0.919437
0.774518
0.915036
0.382697
0.970779
0.44471
0.369358
0.43653
0.60007
0.440337
0.673809
0.887049
0.18518
0.964114
0.850033
0.692233
0.387471
0.432704
0.999606
0.641238
0.294384
0.872557
0.331663
0.164268
0.361477
0.124205
0.716381
0.722851
0.879046
0.563752
0.7114
0.716906
0.552454
0.417879
0.585515
0.360038
0.025158
0.643871
0.64054
0.314715
0.125402
0.865397
0.689574
0.995291
0.392534
0.175908
0.032189
0.041025
0.856333
0.732721
0.280572
0.652258
0.861287
0.696483
0.359927
0.415663
0.158729
0.001404
0.380523
0.283644
0.88311
0.727087
0.863577
0.292108
0.338533
0.886574
0.591273
0.775438
0.8913
0.33224
0.685792
0.065625
0.308632
0.881879
0.518915
0.988076
0.969608
0.712281
0.090544
0.708044
0.931518
0.422564
0.821403
0.095677
0.444501
0.82418
0.280717
0.224992
0.369958
0.497366
0.138401
0.466992
0.740585
0.20578
0.758771
0.39861
0.988505
0.292187
0.244128
0.258191
0.333791
0.891934
0.690188
0.889802
0.130269
0.289919
0.513029
0.056932
0.671447
0.217026
0.017523
0.750062
0.273612
0.103954
0.279609
0.76007
0.457818
0.487209
0.644301
0.287154
0.921462
0.044744
0.662846
0.627793
0.628002
0.441561
0.958964
0.495372
0.569267
0.659161
0.572038
0.250867
0.302432
0.800727
0.008095
0.24138
0.955955
0.69745
0.080959
0.481955
0.41921
0.816391
0.316429
0.211723
0.077094
0.070284
0.574971
0.26325
0.223032
0.444214
0.849596
0.396973
0.103647
0.72814
0.184743
0.027941
0.240222
0.41493
0.90462
0.957365
0.416749
0.916902
0.175048
0.677978
0.572549
0.978113
0.019131
0.481563
0.308732
0.918713
0.162323
0.666788
0.796685
0.010381
0.175663
0.358427
0.905402
0.339253
0.537647
0.053905
0.102308
0.808362
0.909444
0.110762
0.012886
0.062676
0.083392
0.501467
0.40045
0.994917
0.495778
0.516201
0.907734
0.0258
0.058476
0.755783
0.696936
0.590365
0.111183
0.216419
0.900928
0.624591
0.117024
0.878849
0.067134
0.27763
0.070783
0.258544
0.279196
0.604171
0.816994
0.94043
0.956875
0.404857
0.360441
0.22199
0.462833
0.940437
0.357547
0.716459
0.665289
0.082293
0.894301
0.421425
0.507755
0.472825
0.031166
0.687368
0.642233
0.994142
0.278788
0.437705
0.089598
0.323957
0.667825
0.15197
0.516224
0.439875
0.323458
0.880359
0.430402
0.65653
0.889413
0.46497
0.156665
0.97921
0.963234
0.590252
0.760816
0.031071
0.293963
0.140618
0.16761
0.282606
0.728885
0.48651
0.081359
0.722355
0.683427
0.383214
0.63005
0.837381
0.671477
0.810646
0.80346
0.713504
0.369095
0.933785
0.771934
0.988123
0.744066
0.506299
0.606617
0.500669
0.375034
0.929449
0.639602
0.472197
0.707708
0.953426
0.646928
0.502658
0.740004
0.676532
0.478267
0.887835
0.266421
0.86794
0.17611
0.389053
0.655458
0.706094
0.651047
0.078675
0.652908
0.354568
0.262563
0.755519
0.117954
0.255039
0.760288
0.301493
0.68498
0.003877
0.716664
0.379197
0.038647
0.753293
0.1369
0.512204
0.38602
0.154317
0.934046
0.389982
0.377923
0.789994
0.448789
0.619576
0.690721
0.338617
0.585708
0.207711
0.634717
0.90104
0.462728
0.181575
0.182821
0.724998
0.412549
0.420441
0.341516
0.405827
0.235413
0.502218
0.298414
0.857352
0.214589
0.825756
0.549681
0.406285
0.894693
0.274135
0.201569
0.95367
0.301353
0.085512
0.236916
0.752827
0.67386
0.447428
0.082622
0.334793
0.656367
0.744513
0.967765
0.306484
0.242277
0.305647
0.892706
0.997055
0.64011
0.76442
0.024162
0.159801
0.976733
0.660807
0.222917
0.098223
0.70881
0.376703
0.77203
0.478542
0.852017
0.983131
0.698422
0.718266
0.157511
0.416429
0.825172
0.341817
0.164933
0.112577
0.883673
0.524164
0.409272
0.295333
0.470232
0.458389
0.257008
0.148331
0.532826
0.380085
0.169151
0.977995
0.841355
0.171129
0.618189
0.594345
0.281544
0.111285
0.24481
0.887561
0.197488
0.21267
0.940963
0.942693
0.627716
0.715299
0.624334
0.251787
0.196673
0.12066
0.843275
0.002125
0.229964
0.061916
0.293045
0.432678
0.105232
0.430059
0.286114
0.884415
0.22955
0.645339
0.538665
0.155572
0.775882
0.786033
0.031144
0.924954
0.284323
0.979953
0.011928
0.792181
0.200559
0.511906
0.889694
0.59259
0.984253
0.826867
0.16372
0.718932
0.358759
0.078699
0.433764
0.522865
0.652403
0.722592
0.537187
0.446358
0.121195
0.486465
0.491199
0.139724
0.25881
0.584439
0.44858
0.006733
0.139407
0.155043
0.501562
0.498959
0.63159
0.37026
0.953036
0.05808
0.53588
0.340457
0.746727
0.743856
0.685131
0.424119
0.538798
0.575532
0.837351
0.269846
0.53156
0.992565
0.407851
0.324557
0.291699
0.783174
0.383424
0.578135
0.797811
0.918352
0.108644
0.062682
0.447568
0.202597
0.982523
0.30215
0.878344
0.555634
0.044016
0.70251
0.52174
0.105528
0.226707
0.940084
0.121323
0.907103
0.660761
0.496681
0.327911
0.498777
0.854516
0.76458
0.844328
0.880921
0.070962
0.070609
0.931084
0.206841
0.718777
0.651077
0.935478
0.342936
0.234673
0.230866
0.579938
0.393787
0.903265
0.188681
0.580252
0.275304
0.067838
0.575043
0.772296
0.475023
0.999409
0.74843
0.073543
0.383382
0.253613
0.668671
0.632049
0.831781
0.304283
0.228416
0.792452
0.077543
0.520903
0.180193
0.761168
0.597886
0.946264
0.256788
0.167939
0.689235
0.662867
0.938616
0.709896
0.751891
0.848667
0.237781
0.204256
0.437842
0.20414
0.039341
0.537412
0.593341
0.230457
0.309592
0.341012
0.900898
0.854667
0.266575
0.570767
0.749406
0.392827
0.595338
0.382604
0.207141
0.096458
0.901463
0.875274
0.705779
0.270935
0.591294
0.349205
0.037804
0.826002
0.045874
0.497211
0.903111
0.976505
0.197471
0.779526
0.964269
0.169964
0.063155
0.72892
0.846284
0.099209
0.445061
0.820645
0.358276
0.411913
0.084611
0.213399
0.164203
0.953576
0.229022
0.047296
0.655778
0.298674
0.222044
0.135367
0.996274
0.449076
0.778673
0.594599
0.890041
0.874409
0.538144
0.70922
0.027226
0.948805
0.440818
0.267472
0.671754
0.529178
0.307935
0.472819
0.838635
0.562253
0.825755
0.544702
0.499857
0.4199
0.238133
0.133431
0.241488
0.129425
0.712879
0.542899
0.649326
0.634845
0.692225
0.068321
0.569814
0.770487
0.352648
0.431275
0.466921
0.364312
0.296698
0.298597
0.103274
0.938511
0.087473
0.41134
0.610957
0.623618
0.907234
0.632455
0.534206
0.851324
0.320363
0.562422
0.622997
0.533635
0.472268
0.526177
0.573554
0.535165
0.038534
0.477437
0.00849
0.771141
0.11044
0.350394
0.237593
0.468715
0.148218
0.949675
0.932645
0.347012
0.785363
0.584615
0.838318
0.531982
0.445329
0.023961
0.583962
0.229562
0.790524
0.45048
0.664415
0.577084
0.353895
0.573281
0.625121
0.521679
0.229592
0.094555
0.238471
0.811043
0.428486
0.841352
0.214114
0.113587
0.008069
0.578091
0.375736
0.490794
0.980764
0.222483
0.813636
0.055261
0.03257
0.464799
0.413621
0.263108
0.232326
0.411417
0.57468
0.385631
0.59469
0.845953
0.140819
0.175921
0.450075
0.960532
0.991494
0.084945
0.045382
0.925147
0.845836
0.880697
0.609237
0.837983
0.315189
0.688475
0.247281
0.129953
0.350931
0.162114
0.423534
0.523125
0.141753
0.427596
0.946644
0.296378
0.337361
0.458322
0.606216
0.185137
0.53995
0.298391
0.125068
0.212588
0.258562
0.286282
0.662666
0.760482
0.819509
0.391955
0.827349
0.557318
0.627102
0.2545
0.937846
0.832134
0.406804
0.825466
0.549794
0.862413
0.242231
0.677288
0.905823
0.690018
0.673384
0.182938
0.008426
0.997371
0.603069
0.63534
0.738139
0.31352
0.628059
0.292626
0.44478
0.282485
0.335746
0.640043
0.21602
0.438758
0.074903
0.395024
0.504421
0.836679
0.265827
0.40903
0.884764
0.054133
0.942974
0.460317
0.212918
0.294266
0.141613
0.012818
0.8736
0.212474
0.45566
0.127919
0.355706
0.636712
0.644908
0.602311
0.761794
0.946346
0.29512
0.074803
0.428848
0.885184
0.247667
0.521123
0.366373
0.377254
0.684324
0.993698
0.264357
0.813049
0.845487
0.33238
0.195892
0.233971
0.455029
0.353531
0.159622
0.991569
0.452344
0.013066
0.827506
0.492584
0.737487
0.530979
0.589129
0.05463
0.77543
0.662487
0.487511
0.863033
0.559803
0.649082
0.838661
0.40171
0.233951
0.065733
0.686974
0.175051
0.612308
0.677264
0.783552
0.170874
0.175934
0.775728
0.67229
0.700179
0.541503
0.877006
0.81326
0.331543
0.924054
0.094148
0.783036
0.975854
0.828224
0.716789
0.89304
0.275127
0.33733
0.599318
0.521783
0.700202
0.433348
0.526781
0.340167
0.688514
0.094006
0.376146
0.641864
0.194737
0.277175
0.3985
0.747342
0.30639
0.748437
0.596043
0.340724
0.280871
0.75554
0.080612
0.544829
0.657977
0.867334
0.555483
0.160268
0.744204
0.090838
0.033521
0.337407
0.147232
0.893049
0.733288
0.438245
0.389205
0.015538
0.205792
0.848733
0.309442
0.225919
0.880226
0.24506
0.864568
0.785625
0.227859
0.724989
0.262232
0.339501
0.988883
0.823756
0.942375
0.367619
0.110658
0.862058
0.590543
0.682985
0.698571
0.638896
0.315202
0.397552
0.777795
0.664771
0.903279
0.688558
0.277889
0.525072
0.909699
0.579627
0.566985
0.134824
0.257427
0.556148
0.195272
0.620253
0.362007
0.975568
0.89601
0.17535
0.191821
0.744643
0.132764
0.308769
0.212831
0.921515
0.180168
0.657762
0.131814
0.043616
0.940551
0.480568
0.994008
0.301243
0.120363
0.270067
0.730248
0.855209
0.756146
0.295047
0.682595
0.679418
0.870487
0.225477
0.897819
0.600883
0.698901
0.925376
0.174469
0.998531
0.679631
0.446176
0.856912
0.882696
0.213308
0.756968
0.266584
0.637975
0.478249
0.720414
0.194563
0.858495
0.742896
0.398245
0.663481
0.13105
0.822075
0.851574
0.419301
0.47601
0.896535
0.130326
0.006709
0.093152
0.633478
0.743405
0.274965
0.341523
0.357855
0.328638
0.642197
0.827962
0.690302
0.350848
0.111038
0.464426
0.681781
0.970778
0.99411
0.312522
0.939379
0.486478
0.479154
0.998386
0.247218
0.979036
0.357662
0.360573
0.557013
0.737279
0.984739
0.066998
0.992357
0.924968
0.943721
0.579868
0.842863
0.936843
0.118905
0.379573
0.845997
0.223274
0.507429
0.489419
0.61714
0.944633
0.952272
0.335709
0.411582
0.720998
0.46806
0.711848
0.914788
0.28321
0.95256
0.416358
0.20577
0.575036
0.658689
0.463123
0.147459
0.600775
0.086459
0.788349
0.701143
0.718045
0.883416
0.472891
0.113605
0.190758
0.193546
0.845082
0.067085
0.751679
0.524035
0.962679
0.140756
0.332435
0.024373
0.689525
0.526261
0.71344
0.632826
0.715484
0.60966
0.890201
0.602447
0.151414
0.389991
0.057179
0.58693
0.080925
0.797007
0.995425
0.971549
0.104612
0.427335
0.104464
0.150616
0.738195
0.045534
0.978855
0.393432
0.043865
0.213827
0.092862
0.509741
0.309402
0.4408
0.376642
0.596109
0.357535
0.942627
0.437276
0.274153
0.39716
0.765173
0.463605
0.778331
0.987938
0.333757
0.466397
0.660438
0.248691
0.899955
0.392973
0.348148
0.770051
0.162889
0.124071
0.09096
0.343278
0.98057
0.078891
0.627195
0.104171
0.045254
0.538241
0.094055
0.534592
0.050987
0.557551
0.93218
0.171076
0.448496
0.494884
0.313126
0.737405
0.099091
0.771747
0.164686
0.837817
0.492155
0.748829
0.347198
0.489915
0.514491
0.265772
0.612277
0.768468
0.613044
0.312098
0.15093
0.148621
0.535383
0.13751
0.126481
0.348333
0.855782
0.081802
0.18922
0.450385
0.466351
0.107703
0.780433
0.362558
0.624986
0.586454
0.273061
0.686787
0.167992
0.323714
0.706438
0.640037
0.143538
0.017561
0.946378
0.609314
0.272826
0.267156
0.528159
0.016892
0.882512
0.710786
0.126564
0.883608
0.607712
0.462181
0.650962
0.057076
0.750502
0.627349
0.98193
0.923169
0.333855
0.683007
0.537132
0.134082
0.252019
0.145553
0.487262
0.909475
0.151478
0.145663
0.354068
0.651837
0.682113
0.096955
0.177972
0.408571
0.408328
0.782954
0.398261
0.790455
0.037096
0.173625
0.714767
0.001641
0.975939
0.263797
0.680512
0.276199
0.229686
0.779369
0.218844
0.417361
0.616478
0.348705
0.543019
0.640771
0.716252
0.329096
0.19722
0.983516
0.862444
0.179371
0.136365
0.494238
0.035712
0.997079
0.624544
0.001
0.583061
0.362637
0.91594
0.25514
0.666596
0.059917
0.612929
0.138735
0.146594
0.241837
0.872131
0.722064
0.063702
0.733135
0.919008
0.882963
0.131348
0.30009
0.705436
0.690218
0.713171
0.213343
0.52137
0.998799
0.509246
0.119395
0.572544
0.696775
0.876886
0.368807
0.316593
0.421677
0.443475
0.399495
0.688639
0.671535
0.652314
0.547975
0.57731
0.206047
0.285757
0.450907
0.128594
0.828952
0.800122
0.076989
0.505705
0.993431
0.474595
0.274076
0.773245
0.831678
0.012806
0.586673
0.12606
0.450685
0.444493
0.999589
0.245214
0.474113
0.692986
0.576898
0.404597
0.673874
0.227522
0.414442
0.056431
0.42439
0.431809
0.173163
0.852532
0.824699
0.716497
0.851486
0.87734
0.014845
0.201919
0.024422
0.211085
0.485408
0.125503
0.741977
0.113486
0.375838
0.30763
0.488423
0.693268
0.469282
0.283663
0.412372
0.381748
0.011972
0.610499
0.172552
0.878012
0.319812
0.662403
0.257642
0.770358
0.312974
0.633784
0.678348
0.740053
0.717214
0.455265
0.35558
0.15966
0.656577
0.931948
0.666347
0.841498
0.201464
0.088422
0.100578
0.907632
0.847954
0.276545
0.663035
0.854086
0.04988
0.22805
0.78765
0.423839
0.726959
0.874442
0.076992
0.349249
0.07265
0.581282
0.631711
0.751684
0.355083
0.835448
0.744614
0.992467
0.37665
0.239414
0.911494
0.953978
0.800619
0.533615
0.084333
0.044203
0.460265
0.997289
0.025547
0.657641
0.069815
0.326986
0.705603
0.671008
0.695853
0.726118
0.91382
0.066005
0.392626
0.815595
0.581661
0.027591
0.506018
0.170908
0.911513
0.498464
0.602364
0.936737
0.134116
0.415865
0.655683
0.610321
0.326663
0.330804
0.351924
0.492295
0.159873
0.874609
0.55144
0.073107
0.586893
0.363927
0.874565
0.750694
0.11019
0.615257
0.661917
0.834292
0.710283
0.31441
0.942964
0.007008
0.541332
0.300554
0.328125
0.961995
0.575496
0.441902
0.553287
0.419375
0.32045
0.770848
0.036123
0.270297
0.889808
0.497126
0.515211
0.707666
0.304905
0.527418
0.15369
0.567893
0.896889
0.888773
0.528211
0.418873
0.941669
0.764287
0.303106
0.385065
0.63294
0.996028
0.12529
0.904525
0.139025
0.099161
0.674688
0.179734
0.934395
0.766992
0.857681
0.611851
0.260987
0.93171
0.210025
0.764834
0.291207
0.79991
0.743992
0.833916
0.720967
0.719558
0.038662
0.493498
0.489285
0.181012
0.152215
0.324323
0.887442
0.222095
0.251296
0.745197
0.146487
0.87764
0.143605
0.230024
0.058529
0.116234
0.880094
0.583041
0.406687
0.499171
0.207253
0.062335
0.503071
0.966174
0.575194
0.145372
0.16711
0.564432
0.451943
0.32262
0.107504
0.756744
0.746975
0.71768
0.346576
0.610506
0.375338
0.244221
0.858254
0.858846
0.288709
0.26594
0.670746
0.32753
0.843775
0.835079
0.016553
0.049637
0.536723
0.912136
0.932194
0.531919
0.494776
0.704771
0.214729
0.341179
0.868251
0.77557
0.776008
0.303021
0.699617
0.846386
0.682706
0.82945
0.594394
0.58922
0.852185
0.505075
0.391717
0.63975
0.955591
0.104174
0.777105
0.846936
0.449547
0.649263
0.046055
0.448862
0.921141
0.038378
0.268562
0.249903
0.238294
0.516254
0.374545
0.267344
0.694935
0.303559
0.67523
0.796229
0.375451
0.82077
0.315357
0.896709
0.70062
0.302155
0.906657
0.070863
0.723641
0.698612
0.047813
0.613152
0.536773
0.480523
0.808511
0.380339
0.830803
0.819662
0.278029
0.098924
0.634417
0.26157
0.590244
0.105405
0.561212
0.86765
0.561148
0.90827
0.419682
0.164329
0.417276
0.546982
0.163171
0.470973
0.861092
0.317865
0.059524
0.837272
0.208571
0.194247
0.212864
0.654346
0.425285
0.911242
0.523499
0.701019
0.212642
0.165754
0.441368
0.952731
0.197635
0.56242
0.041167
0.818543
0.574108
0.931641
0.147419
0.015427
0.910514
0.184211
0.640465
0.805142
0.655302
0.635368
0.723651
0.969605
0.243296
0.23114
0.690644
0.226322
0.139607
0.606927
0.759987
0.242286
0.32877
0.703793
0.054637
0.098385
0.079138
0.155683
0.453388
0.097254
0.436182
0.333529
0.061063
0.031338
0.793256
0.751887
0.725318
0.476245
0.137981
0.853811
0.578998
0.855421
0.132298
0.679121
0.505099
0.683696
0.822278
0.589884
0.347143
0.541733
0.900355
0.090641
0.167743
0.86009
0.716579
0.786097
0.105514
0.745869
0.133055
0.145744
0.566681
0.452781
0.675432
0.999861
0.322449
0.161516
0.386084
0.503756
0.279093
0.311232
0.446579
0.429891
0.210996
0.879799
0.104171
0.711493
0.466084
0.1478
0.028673
0.348248
0.525813
0.539463
0.227214
0.189346
0.111555
0.875375
0.583913
0.130628
0.707838
0.924666
0.6379
0.738414
0.605648
0.020894
0.471613
0.274456
0.772959
0.699762
0.182448
0.942381
0.596379
0.25246
0.851117
0.819607
0.470368
0.463849
0.702649
0.731068
0.86007
0.494982
0.530147
0.029977
0.421752
0.974574
0.643258
0.023677
0.22173
0.308099
0.105897
0.490077
0.423583
0.436579
0.877501
0.416755
0.679915
0.867817
0.855509
0.239212
0.686579
0.984877
0.857754
0.29357
0.532841
0.627983
0.469153
0.374014
0.017867
0.181012
0.955136
0.696686
0.374839
0.166573
0.850186
0.29743
0.892644
0.391215
0.023301
0.725787
0.235901
0.191163
0.721706
0.368367
0.323225
0.670129
0.397556
0.335272
0.068537
0.69713
0.051252
0.487326
0.752457
0.088957
0.992795
0.530117
0.367549
0.453794
0.374835
0.715627
0.032128
0.73417
0.890797
0.287528
0.370816
0.364821
0.659691
0.728754
0.375116
0.072032
0.545369
0.968899
0.199861
0.912863
0.57698
0.367549
0.416334
0.777787
0.342941
0.193552
0.375538
0.920169
0.354706
0.990761
0.250539
0.43068
0.720613
0.346889
0.150704
0.832587
0.731868
0.774958
0.718808
0.922195
0.719169
0.229142
0.023025
0.335767
0.750232
0.579874
0.622283
0.038264
0.561439
0.319054
0.684458
0.880079
0.707914
0.94202
0.767857
0.781673
0.248406
0.110161
0.716446
0.036091
0.888791
0.544518
0.865444
0.112086
0.792438
0.215786
0.138283
0.776079
0.932166
0.395988
0.706226
0.51996
0.715173
0.105467
0.448656
0.894883
0.087014
0.413962
0.35441
0.693812
0.641848
0.952833
0.583971
0.507298
0.401351
0.528003
0.815901
0.838747
0.115286
0.604077
0.127868
0.458376
0.807706
0.579311
0.671753
0.92122
0.099354
0.241802
0.264401
0.517534
0.839939
0.837644
0.120695
0.339854
0.11219
0.254733
0.97453
0.499363
0.468978
0.27052
0.375908
0.808641
0.937957
0.933765
0.505576
0.504602
0.114528
0.319994
0.213249
0.468451
0.232762
0.107414
0.230588
0.016202
0.314663
0.976256
0.679973
0.205149
0.151146
0.846662
0.919307
0.555701
0.987364
0.150272
0.23525
0.946879
0.186788
0.338678
0.862122
0.086521
0.668466
0.817814
0.448346
0.026992
0.793748
0.48762
0.726369
0.603915
0.852482
0.201172
0.729689
0.137652
0.558857
0.891902
0.176377
0.428645
0.218382
0.413696
0.871874
0.977292
0.907273
0.437157
0.70723
0.173357
0.833413
0.606229
0.085842
0.644213
0.778793
0.846966
0.309353
0.88592
0.793041
0.738263
0.218546
0.325474
0.2291
0.086106
0.916808
0.000572
0.519835
0.75946
0.558215
0.475289
0.385035
0.918196
0.160614
0.547527
0.829927
0.82092
0.196163
0.424225
0.436336
0.607028
0.641247
0.161917
0.828093
0.788388
0.293414
0.851015
0.382777
0.660337
0.63215
0.714287
0.203883
0.603927
0.470257
0.507291
0.05519
0.656086
0.539033
0.110866
0.978517
0.563126
0.349881
0.313581
0.809385
0.091397
0.686484
0.212908
0.746816
0.919769
0.099218
0.828946
0.277347
0.329281
0.753176
0.67774
0.772776
0.938897
0.215291
0.329062
0.909946
0.624152
0.69897
0.406438
0.04477
0.302794
0.835275
0.906975
0.036618
0.361956
0.082186
0.807529
0.877588
0.657817
0.266573
0.739529
0.740623
0.502007
0.807796
0.897556
0.597334
0.319733
0.551268
0.348195
0.473833
0.318104
0.159893
0.084133
0.053843
0.55923
0.936018
0.15036
0.097432
0.703713
0.138684
0.974636
0.525752
0.045708
0.728157
0.838101
0.158681
0.777776
0.035964
0.936449
0.00572
0.834201
0.181063
0.554227
0.37433
0.286117
0.051975
0.040995
0.449139
0.680082
0.805042
0.209342
0.437202
0.790902
0.810775
0.487083
0.58121
0.017875
0.056083
0.294023
0.853412
0.08769
0.317956
0.228313
0.688312
0.811909
0.588785
0.756206
0.120685
0.498724
0.315357
0.719275
0.242622
0.890932
0.317593
0.560919
0.970195
0.484131
0.757167
0.407092
0.142466
0.190107
0.568466
0.730674
0.89439
0.93825
0.296936
0.772473
0.415719
0.459786
0.953809
0.785463
0.504293
0.73317
0.706343
0.991845
0.463891
0.571292
0.729879
0.029843
0.20971
0.474479
0.684546
0.76733
0.081341
0.250191
0.732519
0.565005
0.211798
0.517319
0.999996
0.893018
0.94155
0.950962
0.91589
0.013508
0.43046
0.222054
0.661447
0.743987
0.861081
0.640839
0.778635
0.934304
0.952003
0.919062
0.493483
0.499308
0.324603
0.274083
0.993588
0.032469
0.300741
0.545481
0.071915
0.823058
0.721722
0.777208
0.033457
0.837916
0.903062
0.575985
0.458901
0.807334
0.45153
0.395049
0.76076
0.633836
0.22367
0.313973
0.936676
0.773974
0.924122
0.640906
0.934322
0.477614
0.513717
0.847458
0.965205
0.839752
0.778657
0.005813
0.860145
0.570785
0.163697
0.327278
0.3261
0.812237
0.301165
0.632266
0.846174
0.166415
0.408511
0.873429
0.783302
0.101691
0.558422
0.060609
0.431729
0.282173
0.144119
0.839439
0.918689
0.848012
0.176471
0.42675
0.075635
0.184176
0.352697
0.009306
0.569357
0.189859
0.459399
0.868551
0.043498
0.695222
0.826413
0.307297
0.860364
0.854661
0.762737
0.127769
0.544877
0.839953
0.869137
0.762994
0.148376
0.942532
0.113273
0.822797
0.347503
0.243424
0.577892
0.215376
0.837101
0.316788
0.324007
0.140484
0.380937
0.305991
0.157162
0.173797
0.336525
0.564928
0.375851
0.991139
0.882755
0.411445
0.799743
0.488609
0.229069
0.32205
0.740105
0.203461
0.000996
0.499578
0.646584
0.398553
0.915243
0.991703
0.285183
0.334996
0.846705
0.287105
0.951963
0.622948
0.97166
0.978195
0.10561
0.398287
0.109186
0.360003
0.675779
0.393048
0.81783
0.087245
0.990697
0.84856
0.349841
0.185734
0.31148
0.499482
0.503854
0.68665
0.271472
0.986138
0.107794
0.897067
0.480598
0.257831
0.090344
0.790002
0.336071
0.198588
0.647484
0.597921
0.677596
0.819208
0.271302
0.726329
0.756552
0.046103
0.564759
0.550512
0.158069
0.403861
0.067938
0.379358
0.699887
0.951217
0.320206
0.224416
0.078138
0.673965
0.878775
0.139831
0.639356
0.859365
0.984178
0.458072
0.044791
0.039087
0.397769
0.047276
0.15371
0.68089
0.13922
0.068369
0.575023
0.001494
0.700898
0.957291
0.032049
0.200262
0.511648
0.252461
0.089092
0.415903
0.241984
0.466019
0.487144
0.41223
0.996558
0.856621
0.075564
0.641327
0.13934
0.323883
0.172177
0.704981
0.867362
0.46068
0.890437
0.469892
0.120808
0.176808
0.324291
0.345843
0.660437
0.984883
0.001735
0.151256
0.548892
0.616491
0.531076
0.000867
0.745156
0.217022
0.977707
0.131988
0.792108
0.069755
0.29473
0.82751
0.732956
0.051995
0.20667
0.720193
0.503999
0.155095
0.767078
0.771665
0.06811
0.615678
0.222644
0.523603
0.017474
0.954688
0.138444
0.119035
0.41442
0.622312
0.431876
0.610449
0.417186
0.321488
0.264298
0.297896
0.597731
0.191768
0.364296
0.857485
0.018611
0.486091
0.589351
0.505687
0.084778
0.403359
0.06928
0.085525
0.136466
0.219243
0.423508
0.380324
0.442989
0.819593
0.832011
0.02445
0.447499
0.919052
0.361958
0.908956
0.304756
0.34515
0.731725
0.206682
0.378277
0.834204
0.712914
0.435966
0.642716
0.639609
0.326614
0.088522
0.893265
0.501728
0.086233
0.575697
0.530341
0.436431
0.621935
0.11895
0.914106
0.436749
0.436089
0.015759
0.215917
0.046135
0.401595
0.895697
0.266199
0.312496
0.601146
0.415685
0.383855
0.469715
0.552989
0.126896
0.684746
0.769571
0.731598
0.006087
0.462858
0.65898
0.092639
0.717564
0.432937
0.081981
0.745989
0.15339
0.806668
0.440271
0.436228
0.796177
0.936872
0.355133
0.775831
0.49789
0.766444
0.123578
0.197207
0.738001
0.366631
0.600388
0.878685
0.743381
0.822273
0.241646
0.600793
0.516044
0.323306
0.223015
0.764295
0.435927
0.855124
0.115843
0.163782
0.510648
0.678059
0.333666
0.139919
0.194004
0.588991
0.058539
0.239267
0.085911
0.208461
0.357348
0.824949
0.434118
0.464777
0.418525
0.467825
0.056862
0.117421
0.772578
0.972103
0.774777
0.15042
0.606515
0.083194
0.854402
0.475938
0.937416
0.448991
0.134775
0.658431
0.950091
0.767036
0.854877
0.017338
0.100491
0.823038
0.370632
0.318999
0.559615
0.595029
0.910597
0.086175
0.013987
0.223064
0.017776
0.681238
0.226169
0.441554
0.460994
0.280363
0.804331
0.724243
0.221048
0.697994
0.441372
0.907687
0.808225
0.736694
0.204526
0.812954
0.191679
0.586945
0.2803
0.507083
0.992946
0.740915
0.406835
0.714746
0.235255
0.791565
0.381301
0.599865
0.659836
0.271639
0.544967
0.321387
0.236701
0.576477
0.745028
0.748228
0.509705
0.159211
0.418112
0.496837
0.582582
0.434285
0.229158
0.915223
0.699579
0.764
0.263525
0.172578
0.597387
0.616382
0.2604
0.247969
0.223028
0.702756
0.334453
0.254487
0.155472
0.381515
0.618785
0.085877
0.37566
0.060377
0.589093
0.280313
0.32379
0.291528
0.229808
0.272455
0.945571
0.820655
0.422967
0.49249
0.508887
0.66356
0.535729
0.362343
0.813172
0.574474
0.114635
0.417204
0.114789
0.207568
0.814207
0.377332
0.733659
0.197501
0.27757
0.367959
0.519254
0.875221
0.019422
0.77287
0.978133
0.559177
0.507627
0.7612
0.655054
0.397427
0.174085
0.075011
0.719783
0.175544
0.842701
0.832185
0.283179
0.802641
0.560612
0.56603
0.61198
0.723411
0.527331
0.749055
0.614459
0.248588
0.364337
0.897632
0.739044
0.833185
0.157719
0.606776
0.495465
0.727549
0.259904
0.422795
0.286673
0.473031
0.384921
0.497874
0.922209
0.925108
0.544165
0.604562
0.780527
0.28541
0.516272
0.000723
0.852185
0.306145
0.826304
0.183217
0.259394
0.844834
0.433998
0.896422
0.280837
0.114735
0.958374
0.016629
0.028292
0.361316
0.561969
0.501574
0.055029
0.911047
0.241906
0.665525
0.845892
0.260347
0.938296
0.874908
0.087139
0.99378
0.754842
0.083109
0.492903
0.787479
0.430121
0.007194
0.6591
0.669788
0.938749
0.515738
0.63208
0.097291
0.426225
0.590923
0.487207
0.017145
0.722891
0.856078
0.599285
0.939197
0.35137
0.355261
0.868922
0.464655
0.369928
0.111999
0.911962
0.84742
0.421264
0.880604
0.428484
0.307014
0.063518
0.463389
0.56458
0.527003
0.869822
0.326066
0.828272
0.662853
0.593911
0.761326
0.807298
0.44856
0.379487
0.117497
0.97534
0.151564
0.079656
0.791776
0.86953
0.151965
0.078156
0.081308
0.561463
0.940467
0.847089
0.915358
0.729632
0.573908
0.375558
0.61048
0.120944
0.396623
0.111056
0.962677
0.810854
0.583202
0.827374
0.780024
0.298482
0.814863
0.001431
0.768773
0.42567
0.538149
0.343707
0.204937
0.94894
0.370749
0.119548
0.162826
0.762991
0.703278
0.232716
0.660184
0.180227
0.371487
0.159518
0.51041
0.496429
0.370723
0.106488
0.364721
0.671087
0.321456
0.29131
0.124771
0.58763
0.23375
0.999208
0.143361
0.255163
0.315748
0.385723
0.188588
0.687083
0.477206
0.028778
0.54778
0.321115
0.069359
0.566531
0.060186
0.340279
0.311933
0.507987
0.414975
0.563827
0.204407
0.059684
0.274613
0.452925
0.770854
0.598583
0.984084
0.710587
0.137623
0.878021
0.111272
0.903667
0.549906
0.942088
0.964312
0.31161
0.305111
0.863163
0.585649
0.405355
0.807356
0.156918
0.585343
0.591277
0.096647
0.75774
0.858891
0.32951
0.21332
0.503257
0.095013
0.101842
0.209366
0.604348
0.988952
0.620051
0.930848
0.703595
0.317416
0.618507
0.512551
0.624432
0.113183
0.390423
0.14164
0.135919
0.68159
0.476565
0.879898
0.7556
0.885614
0.074142
0.607981
0.100283
0.162385
0.885375
0.097977
0.705224
0.002071
0.180929
0.554494
0.994523
0.054975
0.396681
0.621609
0.576954
0.776059
0.904958
0.369278
0.708221
0.507829
0.779023
0.634403
0.452543
0.181156
0.474393
0.874203
0.113079
0.627321
0.260863
0.0072
0.408134
0.149081
0.237788
0.813342
0.441296
0.96125
0.781118
0.240378
0.108239
0.240099
0.488727
0.794499
0.862725
0.229865
0.165533
0.522017
0.45981
0.633876
0.268069
0.76968
0.301064
0.140383
0.057433
0.39727
0.328973
0.129825
0.885028
0.496423
0.433212
0.155786
0.083047
0.473826
0.649826
0.942327
0.323697
0.00656
0.636534
0.744621
0.136868
0.171061
0.506397
0.948809
0.867416
0.840729
0.897188
0.119137
0.811273
0.282713
0.061882
0.675177
0.239515
0.007715
0.67693
0.964601
0.111275
0.223002
0.961584
0.170618
0.999595
0.462351
0.44081
0.979541
0.64839
0.383742
0.221907
0.042976
0.897747
0.112488
0.453934
0.567977
0.960323
0.255799
0.59625
0.814157
0.764401
0.227746
0.418915
0.836447
0.289267
0.422933
0.065788
0.737442
0.878597
0.6746
0.098478
0.309657
0.74818
0.43323
0.467492
0.635576
0.818449
0.310267
0.406084
0.913409
0.607492
0.889258
0.740738
0.682393
0.487974
0.262746
0.360717
0.363103
0.690392
0.427748
0.838423
0.462095
0.861554
0.296955
0.144603
0.85403
0.042983
0.529882
0.824369
0.799875
0.802342
0.037501
0.003124
0.291946
0.828379
0.611288
0.111719
0.790562
0.846095
0.41073
0.416389
0.416308
0.669421
0.413563
0.558699
0.650781
0.454812
0.114536
0.525677
0.365687
0.890189
0.694587
0.552008
0.495808
0.101602
0.042227
0.846308
0.798213
0.344593
0.040858
0.020895
0.442925
0.965376
0.988778
0.736347
0.309428
0.662922
0.703868
0.636056
0.96829
0.316511
0.617134
0.885493
0.636174
0.293
0.630795
0.042032
0.033795
0.14094
0.221398
0.530063
0.946038
0.99492
0.439736
0.26671
0.536586
0.106712
0.473871
0.647929
0.791949
0.634364
0.042336
0.9553
0.915591
0.848389
0.526912
0.381945
0.585973
0.479913
0.00932
0.486254
0.693221
0.9877
0.695845
0.767071
0.798134
0.372966
0.295619
0.987904
0.06176
0.863854
0.427202
0.36739
0.502678
0.805375
0.465175
0.492726
0.39432
0.639208
0.452181
0.043135
0.331534
0.515301
0.915656
0.006487
0.59348
0.634735
0.137414
0.517108
0.081537
0.468119
0.767579
0.771248
0.253026
0.89826
0.710887
0.940546
0.013486
0.134628
0.816544
0.902979
0.822004
0.465007
0.131862
0.88243
0.408298
0.7795
0.489182
0.171326
0.783842
0.882157
0.956056
0.559176
0.945441
0.829284
0.266118
0.642289
0.215585
0.79359
0.122949
0.220749
0.839206
0.87318
0.328509
0.428926
0.662996
0.282861
0.35081
0.519958
0.36829
0.077269
0.391474
0.072914
0.920014
0.095273
0.041034
0.760862
0.015395
0.054303
0.408102
0.771778
0.57321
0.33733
0.146716
0.334402
0.769193
0.031593
0.485429
0.727161
0.32126
0.993246
0.864428
0.226845
0.925781
0.117825
0.467203
0.069297
0.815293
0.437126
0.486836
0.228928
0.661995
0.336303
0.50836
0.807222
0.173298
0.626348
0.635251
0.770338
0.320915
0.64931
0.366559
0.737893
0.108095
0.528419
0.089412
0.337212
0.087139
0.624297
0.86388
0.669145
0.482202
0.954423
0.445163
0.135377
0.755935
0.524049
0.22506
0.23132
0.795355
0.435826
0.236716
0.293667
0.471709
0.494065
0.069269
0.74943
0.84607
0.973919
0.476571
0.315958
0.355528
0.776005
0.205872
0.924664
0.365085
0.61525
0.597849
0.526696
0.24192
0.855415
0.435423
0.627342
0.173034
0.849864
0.627498
0.448785
0.962733
0.731614
0.499377
0.40835
0.132534
0.484096
0.689974
0.599313
0.827675
0.499322
0.663402
0.647033
0.85893
0.252664
0.335795
0.968582
0.846421
0.723778
0.472953
0.354375
0.720368
0.379959
0.747356
0.112843
0.05531
0.607145
0.181702
0.733813
0.038036
0.989864
0.644436
0.020314
0.006411
0.672162
0.069099
0.072157
0.62774
0.234596
0.833096
0.56752
0.355053
0.181743
0.293866
0.944002
0.974714
0.855914
0.359372
0.313113
0.080106
0.404913
0.965259
0.014703
0.771728
0.632317
0.787918
0.100576
0.22406
0.65882
0.29599
0.007104
0.443087
0.287877
0.614758
0.977334
0.290024
0.756973
0.898791
0.268696
0.284036
0.339474
0.785012
0.159849
0.565143
0.093712
0.535063
0.429727
0.543791
0.089164
0.268252
0.35508
0.757301
0.27783
0.763147
0.344978
0.390202
0.567346
0.099045
0.051315
0.46679
0.966185
0.565498
0.044612
0.751814
0.078973
0.881799
0.125104
0.629432
0.651536
0.239826
0.150337
0.069192
0.509556
0.465161
0.650885
0.187193
0.822774
0.812273
0.107002
0.644578
0.717916
0.730596
0.86202
0.387183
0.350997
0.068855
0.126141
0.670671
0.063225
0.446348
0.196775
0.837382
0.841224
0.06074
0.428112
0.576235
0.136045
0.736878
0.616755
0.011283
0.410216
0.81911
0.329077
0.533922
0.735262
0.587829
0.047159
0.721386
0.707688
0.584374
0.835541
0.911268
0.508747
0.245328
0.901287
0.428768
0.486176
0.737636
0.164929
0.648338
0.990623
0.767443
0.949111
0.441859
0.920719
0.074501
0.002077
0.976788
0.030182
0.588783
0.084108
0.816535
0.737049
0.276103
0.028322
0.284757
0.472147
0.662927
0.130475
0.376595
0.382082
0.975321
0.518284
0.631096
0.195914
0.528682
0.603768
0.741613
0.828113
0.58336
0.959978
0.156444
0.188756
0.938084
0.283029
0.837573
0.510947
0.400558
0.436596
0.951585
0.091551
0.452146
0.897555
0.896963
0.000887
0.737578
0.411943
0.291371
0.88728
0.976501
0.823014
0.401446
0.834927
0.752235
0.895478
0.354987
0.592581
0.827699
0.568157
0.311655
0.211026
0.008754
0.847305
0.121156
0.819176
0.676832
0.581845
0.609489
0.204444
0.793953
0.088329
0.443698
0.511761
0.867157
0.866314
0.818474
0.510346
0.082635
0.828612
0.443135
0.498125
0.110081
0.251552
0.598821
0.72726
0.046112
0.154076
0.254889
0.577091
0.550984
0.466773
0.160443
0.926956
0.543163
0.352605
0.175144
0.653194
0.758714
0.63195
0.88993
0.005169
0.300503
0.620893
0.51505
0.252838
0.104786
0.966224
0.584598
0.890899
0.914823
0.247053
0.690301
0.777619
0.493464
0.594356
0.252194
0.232785
0.488576
0.652716
0.976949
0.597585
0.67155
0.880286
0.258496
0.985964
0.592193
0.847271
0.02076
0.364429
0.012843
0.341111
0.318216
0.19982
0.999243
0.662232
0.187731
0.57906
0.484721
0.72814
0.196809
0.517796
0.999984
0.074566
0.771319
0.22143
0.542859
0.161198
0.030099
0.049081
0.977851
0.59322
0.406217
0.308437
0.952953
0.329879
0.558654
0.615469
0.552922
0.948974
0.179598
0.466994
0.698493
0.192676
0.395478
0.979715
0.852443
0.16832
0.474145
0.78087
0.185029
0.658122
0.474119
0.836474
0.114019
0.122715
0.942137
0.589611
0.405018
0.278624
0.960432
0.089225
0.37053
0.556938
0.738452
0.098409
0.234215
0.950032
0.743148
0.936789
0.889341
0.176572
0.670542
0.660319
0.01506
0.297939
0.323036
0.146947
0.256927
0.980491
0.550226
0.421935
0.01499
0.786603
0.174081
0.363315
0.486354
0.222517
0.659697
0.611317
0.171172
0.347224
0.089415
0.210187
0.682402
0.772469
0.964252
0.540011
0.102038
0.407391
0.931983
0.616122
0.636833
0.966491
0.05454
0.102004
0.264646
0.340836
0.186018
0.347024
0.705718
0.025085
0.150875
0.813447
0.236157
0.726755
0.379987
0.778517
0.386838
0.488422
0.976658
0.971597
0.855051
0.040053
0.488635
0.470093
0.25109
0.820313
0.478087
0.955013
0.163907
0.652576
0.958048
0.08524
0.4082
0.666487
0.885506
0.352295
0.168581
0.949891
0.53594
0.768547
0.24699
0.461798
0.482135
0.114043
0.997272
0.526664
0.254186
0.818911
0.828234
0.717444
0.377391
0.032628
0.329631
0.745107
0.544343
0.971086
0.788178
0.956993
0.167787
0.484763
0.170202
0.265939
0.239556
0.264547
0.305533
0.541427
0.299742
0.156338
0.250987
0.221024
0.459349
0.360343
0.008747
0.964334
0.425058
0.907047
0.176817
0.599529
0.674969
0.819615
0.73644
0.365632
0.241631
0.405128
0.632005
0.599819
0.966952
0.920576
0.697722
0.977334
0.771307
0.648923
0.56319
0.851354
0.686437
0.130807
0.614244
0.332866
0.4556
0.972979
0.114936
0.171365
0.610901
0.142937
0.920135
0.692324
0.761161
0.475894
0.234779
0.809739
0.998558
0.722738
0.533461
0.334256
0.424123
0.041048
0.822827
0.107433
0.635649
0.685616
0.697677
0.006368
0.267018
0.082439
0.968076
0.511959
0.828597
0.992408
0.659857
0.99596
0.182039
0.804193
0.200706
0.056804
0.72932
0.052225
0.516713
0.803316
0.437169
0.472914
0.868971
0.969434
0.999262
0.745305
0.656629
0.956166
0.986036
0.402327
0.151318
0.45234
0.313323
0.485644
0.083727
0.711664
0.986614
0.060043
0.691135
0.225285
0.753931
0.469769
0.043453
0.903849
0.566212
0.358418
0.692597
0.568484
0.781703
0.754071
0.177776
0.88185
0.274801
0.656612
0.8676
0.786786
0.286936
0.966208
0.341527
0.709982
0.91162
0.700618
0.500907
0.481796
0.024405
0.295467
0.666806
0.101624
0.247955
0.966041
0.494865
0.372864
0.427497
0.74243
0.201422
0.534645
0.186587
0.386564
0.808616
0.111211
0.035194
0.410836
0.380133
0.877959
0.693949
0.889576
0.845761
0.12338
0.006092
0.025687
0.192284
0.080728
0.558762
0.679431
0.931981
0.172553
0.579111
0.172285
0.782544
0.190282
0.486824
0.755732
0.499137
0.247752
0.669414
0.735916
0.043246
0.513355
0.902591
0.314412
0.303511
0.342635
0.53616
0.411636
0.862885
0.824323
0.109111
0.530595
0.741027
0.688857
0.026832
0.172495
0.469103
0.966445
0.714475
0.05508
0.849651
0.712583
0.993468
0.246884
0.297139
0.969452
0.965045
0.641848
0.428343
0.70325
0.321815
0.988475
0.366439
0.670548
0.10971
0.346394
0.343359
0.508185
0.138079
0.23479
0.880306
0.148997
0.413228
0.470684
0.563033
0.749597
0.821127
0.620555
0.221703
0.659518
0.21806
0.112433
0.683384
0.690855
0.925187
0.529606
0.621656
0.294793
0.463284
0.518719
0.15165
0.857714
0.997776
0.454703
0.510599
0.26708
0.98616
0.176148
0.371467
0.335564
0.540943
0.507469
0.030229
0.114995
0.272014
0.471756
0.584958
0.397128
0.847683
0.012222
0.932527
0.001301
0.944862
0.284776
0.384441
0.364886
0.448458
0.795753
0.264076
0.276612
0.334772
0.217081
0.044134
0.165261
0.850711
0.099617
0.0623
0.647201
0.5273
0.060319
0.286526
0.49988
0.951214
0.962703
0.37937
0.782374
0.523753
0.504203
0.319152
0.709342
0.372967
0.647583
0.73497
0.912533
0.910175
0.735656
0.543645
0.873635
0.28785
0.917471
0.124044
0.243255
0.832289
0.076232
0.895005
0.50019
0.719628
0.254039
0.360952
0.059702
0.511131
0.758393
0.015982
0.635576
0.643158
0.216982
0.114786
0.832454
0.999142
0.793203
0.849264
0.160047
0.881926
0.851543
0.141172
0.437689
0.481586
0.30484
0.103601
0.324109
0.38941
0.344459
0.316658
0.145312
0.978141
0.733062
0.304085
0.652512
0.543003
0.37289
0.247282
0.246036
0.474558
0.874495
0.433376
0.679515
0.769279
0.697986
0.432013
0.744355
0.319366
0.583095
0.560764
0.319911
0.895368
0.71125
0.721014
0.387108
0.595482
0.019621
0.362945
0.410178
0.328207
0.238938
0.019664
0.776012
0.282438
0.936852
0.313447
0.279398
0.587169
0.250908
0.009939
0.645057
0.074411
0.572799
0.996701
0.285061
0.726914
0.145514
0.698939
0.594187
0.949347
0.51591
0.223396
0.337693
0.615336
0.035308
0.538699
0.337288
0.693452
0.448373
0.732252
0.531232
0.512119
0.520308
0.836951
0.607078
0.474886
0.154237
0.507393
0.180012
0.037686
0.150076
0.449381
0.276441
0.12764
0.144376
0.145258
0.874995
0.895813
0.686845
0.570324
0.042629
0.004356
0.156343
0.549778
0.086706
0.27255
0.066475
0.813832
0.198089
0.770395
0.893404
0.480724
0.969578
0.837687
0.528107
0.277429
0.688369
0.97305
0.706152
0.649698
0.9163
0.140454
0.698057
0.524957
0.332907
0.882925
0.265468
0.948123
0.272125
0.86998
0.45908
0.659443
0.615278
0.999456
0.589241
0.245688
0.449718
0.140082
0.381946
0.387191
0.871892
0.695221
0.275849
0.168099
0.044762
0.454053
0.944012
0.641039
0.464381
0.28024
0.204864
0.610435
0.496221
0.228522
0.835114
0.860929
0.121528
0.135783
0.708599
0.297456
0.68406
0.571652
0.698174
0.055322
0.565703
0.791389
0.286578
0.701091
0.479958
0.901529
0.536135
0.879145
0.975784
0.57581
0.828254
0.547546
0.764722
0.52357
0.378728
0.554993
0.177428
0.195047
0.789542
0.178202
0.304527
0.552347
0.571439
0.906059
0.91281
0.722073
0.58032
0.836384
0.026273
0.150001
0.927413
0.296863
0.386555
0.207306
0.569422
0.952405
0.194293
0.043679
0.839684
0.393176
0.984992
0.142943
0.11695
0.137687
0.371424
0.251742
0.534674
0.054949
0.107052
0.158568
0.717318
0.442997
0.342974
0.073275
0.308687
0.996429
0.70439
0.190622
0.512778
0.86936
0.437273
0.682428
0.050534
0.081393
0.681881
0.256569
0.232371
0.744968
0.83654
0.21247
0.134884
0.288184
0.876368
0.807637
0.657597
0.646075
0.300344
0.315
0.990365
0.323926
0.846773
0.474107
0.5193
0.632086
0.694032
0.383084
0.28778
0.527252
0.177582
0.06562
0.935891
0.301525
0.085169
0.109988
0.097371
0.212432
0.105633
0.902517
0.121046
0.918899
0.502747
0.056562
0.351012
0.422601
0.56376
0.632616
0.618021
0.362326
0.040595
0.210636
0.554636
0.880203
0.009611
0.090108
0.869727
0.525803
0.227796
0.471161
0.691647
0.885098
0.965056
0.126502
0.359289
0.692059
0.375284
0.206817
0.809759
0.594654
0.247242
0.486853
0.480048
0.628398
0.499213
0.778697
0.915596
0.673154
0.677152
0.931343
0.539401
0.539489
0.745088
0.518086
0.827582
0.221138
0.900005
0.292651
0.032804
0.619326
0.496484
0.216305
0.603813
0.320734
0.763868
0.62516
0.566096
0.298356
0.033541
0.585478
0.837474
0.197675
0.003455
0.172989
0.170555
0.860957
0.59843
0.644949
0.589358
0.671121
0.764666
0.77283
0.165643
0.949429
0.1176
0.862006
0.431044
0.669447
0.614176
0.247046
0.051952
0.328906
0.139
0.003528
0.017145
0.139892
0.999359
0.173321
0.620316
0.994167
0.738913
0.482404
0.488758
0.356565
0.571435
0.577466
0.655804
0.539682
0.04454
0.302092
0.864366
0.988608
0.580128
0.259067
0.901211
0.025694
0.935292
0.5618
0.684476
0.3377
0.417069
0.44136
0.142748
0.165954
0.517625
0.194361
0.743832
0.972341
0.563168
0.131427
0.686076
0.446455
0.018391
0.195617
0.887288
0.576844
0.295104
0.713343
0.97392
0.265563
0.457222
0.123763
0.137822
0.466611
0.221882
0.908375
0.317747
0.56785
0.145959
0.349051
0.338303
0.452864
0.269887
0.843373
0.408025
0.594542
0.639536
0.862315
0.24385
0.879377
0.26574
0.425489
0.958155
0.933366
0.176069
0.71715
0.796419
0.337028
0.142053
0.181877
0.243294
0.959704
0.715588
0.122634
0.30336
0.065445
0.232636
0.938241
0.69333
0.561748
0.582866
0.902447
0.959654
0.582468
0.604031
0.56554
0.300772
0.224232
0.107213
0.799963
0.614619
0.368744
0.218728
0.074865
0.048772
0.971643
0.030866
0.366683
0.298698
0.562605
0.302853
0.921156
0.959553
0.410383
0.812238
0.988441
0.86529
0.533474
0.058123
0.773346
0.688863
0.717752
0.727667
0.461869
0.557827
0.903986
0.952084
0.511441
0.840542
0.533924
0.859289
0.756814
0.464493
0.1727
0.800334
0.636796
0.843368
0.032824
0.350923
0.725734
0.33697
0.269397
0.51668
0.149856
0.100712
0.22447
0.62838
0.147356
0.405927
0.19908
0.697215
0.368495
0.282776
0.620628
0.341107
0.240251
0.553302
0.690364
0.809906
0.147671
0.257403
0.80514
0.274197
0.348903
0.892155
0.812959
0.50367
0.291872
0.756809
0.365927
0.646324
0.02467
0.558498
0.484136
0.14368
0.702295
0.115742
0.364694
0.947253
0.069036
0.345331
0.696442
0.442363
0.584396
0.942568
0.138708
0.065665
0.3718
0.811651
0.81388
0.606167
0.489716
0.56755
0.334442
0.328109
0.352592
0.385805
0.882227
0.823328
0.743521
0.94205
0.486535
0.319173
0.259789
0.382804
0.947379
0.464335
0.759981
0.941137
0.313208
0.230819
0.04175
0.296535
0.727958
0.292436
0.393925
0.819639
0.356806
0.609492
0.926397
0.257415
0.676047
0.365371
0.345704
0.55584
0.957015
0.059464
0.832428
0.178047
0.031014
0.070098
0.58159
0.894339
0.310897
0.271949
0.724218
0.45308
0.036287
0.242526
0.793574
0.818663
0.013046
0.132235
0.155802
0.800948
0.206235
0.821909
0.731133
0.313183
0.840608
0.275034
0.784175
0.36514
0.046094
0.830657
0.060382
0.517045
0.673137
0.924388
0.274187
0.402103
0.412213
0.131259
0.739193
0.893033
0.959982
0.312477
0.244099
0.274019
0.406524
0.496823
0.433988
0.504174
0.066253
0.970983
0.345185
0.374747
0.759447
0.756203
0.155367
0.976622
0.807489
0.098548
0.774428
0.417011
0.614877
0.795081
0.27385
0.458637
0.369948
0.939303
0.216422
0.537287
0.463481
0.613185
0.719315
0.144326
0.884973
0.063024
0.76194
0.521084
0.495171
0.517135
0.917378
0.966877
0.922206
0.40781
0.242696
0.311126
0.663954
0.351361
0.4137
0.012163
0.184551
0.568254
0.393143
0.956195
0.650493
0.338881
0.928055
0.674557
0.845775
0.398243
0.045619
0.079209
0.452598
0.766002
0.501695
0.835386
0.413975
0.700241
0.298856
0.843325
0.756959
0.292477
0.94627
0.180583
0.236003
0.491958
0.367585
0.123726
0.29682
0.064307
0.454459
0.546563
0.423878
0.051691
0.525964
0.767611
0.737895
0.272095
0.190234
0.849195
0.678793
0.071928
0.677027
0.60509
0.979386
0.432554
0.413682
0.214232
0.289733
0.682438
0.651956
0.079348
0.42465
0.458191
0.156306
0.006701
0.181345
0.016473
0.861269
0.529128
0.198547
0.317897
0.449553
0.251538
0.092102
0.95842
0.921674
0.002234
0.25904
0.095345
0.759383
0.537659
0.78654
0.52588
0.971544
0.961448
0.853405
0.603816
0.630837
0.8287
0.302027
0.783513
0.665656
0.503176
0.447504
0.800717
0.037306
0.929203
0.260514
0.784218
0.172146
0.588959
0.665717
0.367899
0.129368
0.851216
0.711818
0.588778
0.22726
0.887669
0.706271
0.954173
0.148196
0.865545
0.741011
0.802441
0.964645
0.697471
0.394393
0.117567
0.864252
0.577306
0.095074
0.252334
0.116915
0.053666
0.04084
0.942544
0.323244
0.849574
0.324256
0.528256
0.174639
0.96844
0.028002
0.466657
0.204724
0.27691
0.125378
0.540119
0.919352
0.050563
0.817853
0.573145
0.644154
0.611512
0.658178
0.432095
0.756707
0.360256
0.033795
0.101296
0.963498
0.30292
0.471372
0.030927
0.267144
0.192607
0.731319
0.324353
0.935608
0.076186
0.713406
0.607106
0.64879
0.833672
0.185052
0.700109
0.345928
0.192464
0.266301
0.951855
0.848865
0.49415
0.198492
0.249084
0.734159
0.576706
0.630317
0.766814
0.424058
0.309803
0.758055
0.005462
0.105548
0.979285
0.104176
0.028519
0.593126
0.500548
0.087051
0.746621
0.417635
0.154585
0.523838
0.104347
0.816197
0.990027
0.867679
0.651215
0.516956
0.609863
0.420852
0.17791
0.945593
0.11695
0.045911
0.445505
0.764285
0.689018
0.749064
0.221067
0.574123
0.679116
0.720532
0.987702
0.335635
0.546475
0.754977
0.273419
0.619397
0.058446
0.248039
0.977107
0.027456
0.103776
0.248535
0.409378
0.282706
0.390677
0.191518
0.126236
0.747996
0.032101
0.326896
0.87124
0.526365
0.860576
0.106515
0.521763
0.172134
0.170448
0.579141
0.352952
0.277642
0.214916
0.478714
0.675607
0.897118
0.136122
0.3023
0.118674
0.031432
0.157336
0.830252
0.832316
0.1186
0.383311
0.770772
0.950732
0.306813
0.425768
0.847685
0.188858
0.039774
0.283338
0.340417
0.793808
0.554704
0.100721
0.015547
0.730561
0.490248
0.411868
0.584251
0.289117
0.909475
0.817001
0.423384
0.207412
0.713847
0.600944
0.687048
0.738936
0.700121
0.661966
0.188889
0.741017
0.769859
0.726053
0.887063
0.735751
0.281162
0.653225
0.420119
0.972696
0.381222
0.343167
0.935456
0.3117
0.619912
0.859325
0.614491
0.929244
0.455116
0.34358
0.519803
0.274323
0.015088
0.407375
0.454681
0.685029
0.099723
0.078096
0.536906
0.60178
0.275206
0.921421
0.709148
0.17946
0.787164
0.329291
0.689883
0.487308
0.89532
0.174227
0.546379
0.486476
0.984704
0.446528
0.045785
0.33997
0.866558
0.843674
0.460731
0.016361
0.547263
0.979276
0.732409
0.08543
0.647102
0.903643
0.903616
0.923953
0.007705
0.289235
0.736939
0.534063
0.696681
0.732759
0.910889
0.857382
0.342755
0.75954
0.966386
0.345882
0.469927
0.462866
0.305757
0.092216
0.533853
0.111027
0.881126
0.112399
0.892481
0.221781
0.345872
0.530068
0.368844
0.404554
0.15798
0.491476
0.869889
0.427482
0.397411
0.054671
0.450876
0.051917
0.317408
0.324852
0.927389
0.328325
0.477467
0.977951
0.66317
0.884881
0.530225
0.827104
0.518878
0.227726
0.569671
0.774996
0.437142
0.733425
0.01529
0.234676
0.386468
0.371835
0.686163
0.07187
0.259384
0.916278
0.153532
0.953155
0.728283
0.107591
0.960384
0.323958
0.7536
0.887728
0.916346
0.007456
0.578894
0.281982
0.972596
0.224678
0.001026
0.079582
0.764576
0.041017
0.862846
0.542089
0.216131
0.434111
0.702845
0.838518
0.280256
0.260557
0.574836
0.626524
0.884617
0.398599
0.91818
0.22063
0.121958
0.203545
0.420376
0.512639
0.331159
0.833809
0.439425
0.008294
0.09025
0.871717
0.102738
0.792699
0.397143
0.733383
0.194491
0.124405
0.341749
0.128116
0.00875
0.925616
0.448509
0.865433
0.950282
0.720187
0.899878
0.224762
0.237778
0.368083
0.154255
0.740043
0.39098
0.076869
0.525051
0.510518
0.137864
0.025293
0.456806
0.824174
0.70127
0.78676
0.64558
0.524748
0.939305
0.070941
0.731578
0.489605
0.949686
0.378004
0.40475
0.226546
0.189872
0.159282
0.598909
0.876258
0.889801
0.170628
0.950785
0.356957
0.155758
0.96979
0.5022
0.581283
0.579845
0.63843
0.937288
0.220842
0.737711
0.281698
0.76085
0.721525
0.230614
0.57536
0.569692
0.331933
0.989691
0.443629
0.170569
0.158063
0.438231
0.98507
0.874003
0.21269
0.926394
0.40246
0.40995
0.882367
0.703215
0.48486
0.392428
0.333467
0.865222
0.24906
0.282093
0.490482
0.076498
0.259643
0.574327
0.822838
0.891865
0.637406
0.051808
0.379121
0.715099
0.391728
0.725985
0.586453
0.053404
0.292153
0.805877
0.884247
0.046981
0.306849
0.32681
0.179705
0.446074
0.0445
0.012028
0.391538
0.558596
0.647062
0.116859
0.064442
0.7887
0.844638
0.678823
0.950763
0.570293
0.061569
0.148584
0.980099
0.794895
0.638942
0.415152
0.67547
0.848347
0.576611
0.183264
0.375825
0.349627
0.403314
0.816561
0.406252
0.875677
0.269464
0.36919
0.446588
0.615707
0.892859
0.113612
0.647505
0.548632
0.949314
0.664259
0.906705
0.436269
0.639219
0.459211
0.642321
0.874605
0.302345
0.502985
0.210832
0.657832
0.436918
0.499511
0.903566
0.631441
0.758263
0.523667
0.378441
0.692392
0.960627
0.90305
0.885614
0.756814
0.907204
0.267437
0.223053
0.044724
0.981367
0.563349
0.448244
0.132332
0.838528
0.660937
0.026841
0.962819
0.581986
0.495954
0.981067
0.340765
0.451239
0.313737
0.623071
0.188986
0.277183
0.422659
0.379654
0.049944
0.623311
0.39228
0.543996
0.960855
0.39986
0.694955
0.908566
0.297338
0.715026
0.192473
0.791859
0.682347
0.426616
0.681187
0.138948
0.181806
0.45412
0.545218
0.793709
0.114516
0.846682
0.927362
0.220348
0.548536
0.636754
0.640526
0.422382
0.681532
0.117652
0.551445
0.698989
0.664602
0.238416
0.295527
0.809721
0.637695
0.55077
0.693212
0.680442
0.526225
0.444621
0.634481
0.382745
0.089921
0.473398
0.797481
0.237272
0.230136
0.568199
0.150981
0.711335
0.527922
0.462512
0.283066
0.254172
0.919404
0.267586
0.156653
0.12018
0.138306
0.462342
0.053437
0.135569
0.26805
0.572714
0.395568
0.681336
0.074008
0.028015
0.493291
0.243402
0.268788
0.435558
0.166379
0.053077
0.903617
0.450578
0.173776
0.788452
0.820144
0.67467
0.567786
0.135144
0.830908
0.807347
0.954458
0.292505
0.572786
0.929694
0.569087
0.6586
0.956904
0.605202
0.499125
0.570201
0.398587
0.238447
0.486158
0.369982
0.572122
0.474571
0.181617
0.843749
0.887478
0.363741
0.03271
0.850675
0.641141
0.289203
0.915708
0.822511
0.176206
0.451737
0.17283
0.6567
0.804015
0.367876
0.074855
0.699817
0.574665
0.659004
0.201824
0.445405
0.506477
0.307108
0.81476
0.155404
0.129636
0.806627
0.440571
0.935808
0.964891
0.991132
0.794231
0.873799
0.365834
0.883537
0.032692
0.586281
0.891044
0.598927
0.109492
0.075363
0.273218
0.085952
0.81728
0.485463
0.947024
0.489197
0.141481
0.870448
0.139228
0.359323
0.161569
0.399063
0.647316
0.344897
0.24451
0.446883
0.766322
0.680761
0.586168
0.821072
0.094694
0.318537
0.63879
0.88245
0.383703
0.204995
0.617775
0.343048
0.842222
0.535198
0.718191
0.401037
0.798702
0.749364
0.469689
0.734752
0.818967
0.732645
0.386518
0.288522
0.762958
0.239587
0.717292
0.410749
0.986183
0.712075
0.848559
0.747661
0.40047
0.44996
0.139818
0.185193
0.019329
0.540027
0.64939
0.206547
0.700975
0.798853
0.985237
0.530523
0.056649
0.727983
0.844911
0.618912
0.102866
0.954479
0.229816
0.878951
0.328849
0.69175
0.936821
0.420923
0.726213
0.791506
0.870883
0.140104
0.359619
0.278008
0.413069
0.051427
0.790684
0.672327
0.98445
0.341693
0.118521
0.802665
0.885033
0.438622
0.157512
0.552981
0.76281
0.663949
0.261059
0.628852
0.990261
0.271035
0.653258
0.640582
0.716785
0.761029
0.576486
0.943106
0.722548
0.48774
0.914967
0.196567
0.839505
0.767861
0.622095
0.072152
0.040843
0.420376
0.981337
0.217104
0.577142
0.258127
0.552898
0.841651
0.417447
0.675698
0.857062
0.169642
0.557549
0.721087
0.796524
0.46335
0.865185
0.371745
0.77307
0.628982
0.298359
0.683427
0.029815
0.303416
0.143688
0.601863
0.201046
0.010156
0.166804
0.534074
0.035166
0.70143
0.213546
0.817216
0.650764
0.183838
0.973224
0.975771
0.310576
0.754957
0.057611
0.044242
0.038424
0.602543
0.728636
0.646104
0.991672
0.085891
0.078532
0.144406
0.72283
0.643155
0.516605
0.12319
0.565345
0.943364
0.584026
0.996744
0.452911
0.751214
0.760947
0.542001
0.688712
0.894069
0.656311
0.047136
0.3317
0.284387
0.761577
0.588609
0.187814
0.222795
0.0144
0.752373
0.239488
0.63019
0.676386
0.026896
0.661788
0.697054
0.5398
0.019773
0.429321
0.763418
0.807316
0.021464
0.952913
0.968539
0.141719
0.999379
0.832369
0.723756
0.611279
0.660555
0.624544
0.959559
0.485314
0.099461
0.515359
0.368065
0.942439
0.292041
0.438272
0.632488
0.736122
0.982768
0.924822
0.067242
0.290134
0.759662
0.225801
0.339649
0.242721
0.625053
0.194354
0.319818
0.909614
0.034496
0.169333
0.616955
0.871872
0.550561
0.40839
0.738393
0.994968
0.096443
0.800502
0.795282
0.476411
0.225527
0.076252
0.928178
0.058235
0.434299
0.706439
0.12077
0.583275
0.298164
0.924882
0.651324
0.064307
0.956102
0.043144
0.28354
0.725788
0.905083
0.952211
0.225025
0.715401
0.205106
0.584499
0.106622
0.670504
0.17425
0.039145
0.284261
0.388394
0.232125
0.78041
0.749693
0.104762
0.715748
0.252982
0.747975
0.064807
0.614743
0.123335
0.202601
0.173129
0.041789
0.919524
0.815762
0.499684
0.87157
0.629271
0.416335
0.886507
0.057393
0.21108
0.3462
0.860768
0.028956
0.332806
0.503851
0.443655
0.795628
0.09389
0.973583
0.637876
0.32856
0.725864
0.313428
0.025296
0.984636
0.003232
0.054793
0.435939
0.833568
0.344677
0.294384
0.17805
0.24777
0.383812
0.176
0.169874
0.984536
0.431041
0.264895
0.395556
0.862202
0.134714
0.140189
0.301601
0.400144
0.389001
0.948823
0.583736
0.849921
0.187954
0.45494
0.352659
0.874636
0.633322
0.495055
0.273493
0.244957
0.747919
0.331796
0.824777
0.817143
0.587509
0.018909
0.328113
0.921878
0.552198
0.853263
0.66312
0.145099
0.25085
0.269751
0.930818
0.570454
0.939836
0.173122
0.540171
0.001756
0.595354
0.258045
0.1336
0.95061
0.938519
0.59796
0.018034
0.228837
0.713003
0.540577
0.045019
0.166445
0.966389
0.673477
0.277179
0.273272
0.963842
0.111081
0.529476
0.794178
0.477316
0.896987
0.358304
0.228724
0.806545
0.053394
0.92532
0.841179
0.215828
0.154506
0.655553
0.907343
0.867121
0.760895
0.132869
0.366259
0.153832
0.70757
0.821927
0.251626
0.134928
0.329172
0.813224
0.730269
0.645364
0.308205
0.28213
0.447298
0.680358
0.219675
0.605027
0.757787
0.40475
0.658297
0.209
0.126352
0.736194
0.638761
0.429269
0.352555
0.82421
0.597177
0.141072
0.268528
0.264108
0.012127
0.004104
0.366468
0.807722
0.828321
0.911246
0.253266
0.298823
0.475431
0.142836
0.986435
0.739974
0.332766
0.992343
0.263641
0.886589
0.43886
0.800549
0.134621
0.36714
0.383048
0.522437
0.889234
0.172355
0.560976
0.218999
0.91788
0.005789
0.949082
0.705456
0.18512
0.624429
0.57501
0.404714
0.145067
0.368379
0.618472
0.144818
0.642491
0.577162
0.121962
0.203433
0.255949
0.58422
0.13281
0.845463
0.10362
0.52453
0.983217
0.252966
0.929919
0.176595
0.908868
0.615176
0.405863
0.771961
0.99445
0.78717
0.353131
0.62094
0.2332
0.802877
0.70537
0.636092
0.992846
0.277607
0.205193
0.065669
0.993611
0.558468
0.542405
0.894654
0.040635
0.55606
0.289779
0.921185
0.179012
0.059244
0.881395
0.146541
0.098542
0.775733
0.314168
0.8612
0.290234
0.659684
0.140701
0.024757
0.62073
0.594769
0.182892
0.742411
0.52142
0.794731
0.409889
0.511028
0.278083
0.855171
0.865804
0.745434
0.261446
0.398488
0.698152
0.661327
0.578845
0.497049
0.952102
0.491841
0.057529
0.658748
0.782949
0.497928
0.065666
0.940177
0.833953
0.570435
0.453989
0.672366
0.310088
0.330285
0.880435
0.101541
0.592932
0.561161
0.211224
0.572126
0.161202
0.005889
0.503412
0.749256
0.720377
0.160859
0.81059
0.466032
0.110301
0.508882
0.828319
0.279683
0.819428
0.142486
0.386462
0.256255
0.195035
0.52911
0.399733
0.086716
0.414957
0.630956
0.192227
0.253987
0.468963
0.950617
0.993095
0.586013
0.366597
0.304715
0.035631
0.189616
0.316781
0.392078
0.249386
0.264011
0.469053
0.963992
0.756592
0.696534
0.207435
0.172338
0.453156
0.631382
0.221238
0.77847
0.848988
0.406139
0.796875
0.946676
0.704902
0.220164
0.502929
0.18048
0.469435
0.54422
0.288384
0.200862
0.985321
0.165478
0.249513
0.543604
0.422248
0.234149
0.46661
0.622158
0.466152
0.281417
0.529983
0.344935
0.292283
0.990328
0.624685
0.801065
0.261312
0.618494
0.004624
0.820352
0.742014
0.719458
0.158531
0.734778
0.588265
0.428649
0.652534
0.959035
0.805595
0.790952
0.256564
0.033853
0.738314
0.073444
0.84041
0.298437
0.845275
0.395274
0.570137
0.221291
0.388724
0.88916
0.974944
0.6698
0.926093
0.898953
0.724189
0.649066
0.975048
0.011755
0.032619
0.610518
0.940635
0.650904
0.3855
0.480908
0.643597
0.847694
0.190708
0.735789
0.908364
0.476524
0.906159
0.018445
0.121172
0.051458
0.72522
0.163092
0.704352
0.540666
0.036341
0.693639
0.914959
0.679012
0.89383
0.668598
0.0551
0.876021
0.016508
0.708464
0.866927
0.28323
0.284101
0.510521
0.66776
0.449164
0.381013
0.024965
0.645823
0.29766
0.466564
0.363096
0.705803
0.650425
0.536408
0.30336
0.840603
0.506436
0.49222
0.309778
0.097937
0.499249
0.724108
0.184353
0.39612
0.935847
0.129027
0.48782
0.112851
0.005779
0.194013
0.733467
0.574668
0.143602
0.276627
0.556124
0.622629
0.69619
0.477024
0.255283
0.525077
0.185279
0.710744
0.556183
0.794462
0.770547
0.62702
0.115759
0.424005
0.081907
0.129422
0.101408
0.378691
0.016665
0.137942
0.838784
0.909366
0.831607
0.657824
0.183099
0.748599
0.966313
0.967877
0.126776
0.174151
0.358124
0.434132
0.02716
0.223126
0.54338
0.180191
0.075921
0.431534
0.433225
0.49767
0.143248
0.988785
0.164727
0.43387
0.638816
0.95483
0.500772
0.312091
0.175907
0.795149
0.928225
0.93278
0.034797
0.270954
0.920428
0.807031
0.92299
0.754115
0.097107
0.679095
0.056744
0.802654
0.95018
0.650858
0.837717
0.51252
0.649049
0.895844
0.425011
0.420591
0.865266
0.776955
0.650279
0.360978
0.056028
0.657865
0.094665
0.969415
0.006113
0.281753
0.494979
0.546366
0.443491
0.802659
0.053811
0.018594
0.182758
0.728437
0.355114
0.755977
0.026381
0.840753
0.630407
0.317825
0.650267
0.408897
0.63877
0.154924
0.144389
0.260653
0.921959
0.210149
0.680221
0.104983
0.567875
0.183958
0.306051
0.210598
0.073274
0.093691
0.883366
0.946044
0.491581
0.802305
0.80812
0.055651
0.115796
0.266456
0.621471
0.463082
0.02631
0.158863
0.335451
0.492674
0.197316
0.183007
0.582688
0.320586
0.032188
0.529143
0.92724
0.72767
0.350383
0.70256
0.744884
0.949138
0.566942
0.946198
0.742968
0.994555
0.03794
0.929701
0.282783
0.200158
0.384965
0.409037
0.755254
0.417319
0.738843
0.302403
0.708825
0.87511
0.754366
0.555127
0.894016
0.221552
0.934519
0.288588
0.76912
0.134679
0.497654
0.171038
0.467585
0.823712
0.472632
0.225103
0.883983
0.470001
0.022693
0.531701
0.280908
0.427726
0.067948
0.744063
0.663355
0.162819
0.939162
0.982475
0.862814
0.449143
0.126528
0.168284
0.056373
0.021652
0.408644
0.257577
0.310158
0.927101
0.027113
0.624598
0.563908
0.707129
0.348838
0.115457
0.892099
0.069118
0.860288
0.525536
0.00099
0.656655
0.267665
0.52088
0.427347
0.185581
0.594669
0.493943
0.24774
0.571093
0.244145
0.313916
0.380641
0.448604
0.239235
0.79141
0.717061
0.257748
0.893355
0.566396
0.153797
0.376479
0.067296
0.810357
0.092844
0.764262
0.559867
0.729256
0.549089
0.090652
0.617012
0.512597
0.997518
0.594043
0.002349
0.55961
0.132282
0.721111
0.817447
0.647688
0.466617
0.471097
0.360392
0.262148
0.248826
0.196386
0.343808
0.024052
0.719972
0.62128
0.856108
0.575942
0.748413
0.372837
0.477063
0.704484
0.540967
0.167777
0.156068
0.447581
0.921592
0.334357
0.528972
0.633743
0.806508
0.915646
0.910515
0.108107
0.790333
0.188742
0.835378
0.889525
0.156034
0.777255
0.208259
0.829415
0.279209
0.093422
0.133549
0.422935
0.219884
0.208041
0.952245
0.805879
0.73601
0.025247
0.818103
0.472228
0.395607
0.847003
0.61927
0.134506
0.498948
0.45892
0.368691
0.03573
0.614946
0.161119
0.871494
0.575084
0.571868
0.098898
0.288302
0.335179
0.574764
0.156019
0.481016
0.979223
0.164385
0.421594
0.91917
0.335519
0.3006
0.463591
0.266488
0.655847
0.517901
0.870926
0.178305
0.590673
0.595383
0.545236
0.1208
0.24402
0.004225
0.995892
0.610121
0.58152
0.236343
0.117411
0.417906
0.428074
0.802385
0.247375
0.335818
0.562204
0.439395
0.036713
0.161309
0.135037
0.840974
0.067322
0.598877
0.537687
0.752418
0.750871
0.711038
0.166852
0.506285
0.673218
0.702904
0.514609
0.112514
0.210649
0.852573
0.571609
0.859135
0.626106
0.282447
0.764984
0.60429
0.803701
0.350739
0.421497
0.386772
0.369588
0.319791
0.632705
0.160122
0.904436
0.986266
0.398836
0.883717
0.265243
0.354512
0.966591
0.043129
0.096015
0.553968
0.983437
0.603219
0.660264
0.499728
0.755265
0.161995
0.676606
0.594018
0.231796
0.943507
0.784071
0.225508
0.721208
0.968489
0.716522
0.350899
0.144759
0.395615
0.091788
0.692082
0.209544
0.227364
0.545557
0.440699
0.84807
0.09182
0.961721
0.835277
0.357557
0.800506
0.400098
0.907477
0.352008
0.24332
0.685458
0.724245
0.693241
0.544475
0.231844
0.719384
0.995273
0.871112
0.921135
0.891914
0.782207
0.737012
0.134575
0.706174
0.993706
0.594391
0.587322
0.734507
0.313184
0.7317
0.62726
0.061834
0.101846
0.320688
0.603771
0.926935
0.280874
0.975589
0.103402
0.520411
0.937561
0.422092
0.021862
0.279829
0.139452
0.08903
0.230675
0.733043
0.635431
0.490467
0.755006
0.641144
0.449129
0.95071
0.756725
0.182728
0.495157
0.017192
0.499603
0.101229
0.166633
0.086178
0.165546
0.686107
0.572238
0.514955
0.813857
0.432001
0.11907
0.463317
0.293221
0.773395
0.739693
0.608872
0.972161
0.098138
0.311476
0.211065
0.387672
0.999577
0.443692
0.741062
0.730376
0.812545
0.325608
0.086653
0.945728
0.352568
0.86289
0.291954
0.800017
0.001708
0.065679
0.620565
0.351632
0.802836
0.878635
0.782749
0.381881
0.345553
0.344135
0.354739
0.591925
0.152551
0.529616
0.41057
0.406823
0.866065
0.286898
0.61112
0.540872
0.599496
0.54855
0.30199
0.346435
0.864968
0.657617
0.921929
0.3226
0.951167
0.66356
0.050289
0.050227
0.316292
0.764845
0.690125
0.796413
0.883752
0.685553
0.20562
0.559894
0.405693
0.795994
0.793406
0.046362
0.41097
0.247994
0.6736
0.755669
0.031306
0.352109
0.714008
0.508747
0.156146
0.840895
0.616015
0.671814
0.069161
0.217826
0.077473
0.751293
0.009497
0.125191
0.512932
0.498767
0.435595
0.731168
0.385964
0.105694
0.626466
0.3574
0.569044
0.49594
0.414535
0.053092
0.65895
0.185221
0.109364
0.166387
0.015783
0.99742
0.762794
0.073985
0.370677
0.783684
0.248304
0.117876
0.691057
0.752021
0.53983
0.991808
0.603557
0.305426
0.815819
0.773817
0.180055
0.307529
0.30523
0.937558
0.502022
0.409352
0.210477
0.0954
0.734956
0.617111
0.633936
0.328548
0.872238
0.653596
0.152562
0.097583
0.627603
0.154464
0.115335
0.582981
0.752496
0.083874
0.707845
0.14048
0.906838
0.991756
0.116393
0.767842
0.096765
0.46613
0.563907
0.335651
0.194313
0.001933
0.36663
0.386968
0.280032
0.783185
0.741161
0.807693
0.124866
0.537221
0.510897
0.433305
0.33564
0.217231
0.554849
0.69283
0.513533
0.755905
0.142854
0.070131
0.651216
0.449565
0.716973
0.063271
0.042225
0.303315
0.831184
0.250269
0.947016
0.778532
0.361012
0.811459
0.453678
0.577631
0.550566
0.302893
0.252638
0.479529
0.824658
0.86353
0.881098
0.039509
0.217727
0.968334
0.079984
0.664961
0.817685
0.133007
0.367292
0.73622
0.007776
0.323017
0.839745
0.524392
0.473154
0.621736
0.904989
0.674437
0.255988
0.802182
0.960593
0.000371
0.081048
0.145185
0.870025
0.336417
0.482557
0.496656
0.501976
0.991271
0.480685
0.180807
0.639684
0.459131
0.112762
0.970289
0.468157
0.146365
0.065938
0.367822
0.058166
0.671506
0.573199
0.384916
0.021631
0.297022
0.61515
0.914287
0.234016
0.706858
0.14155
0.903292
0.355471
0.662571
0.479147
0.279383
0.583973
0.564667
0.236074
0.06112
0.606314
0.526818
0.664318
0.972759
0.033211
0.887265
0.206966
0.556476
0.659054
0.028856
0.096355
0.028552
0.05965
0.535434
0.826965
0.354199
0.107841
0.499185
0.113056
0.504593
0.424147
0.538878
0.511071
0.199007
0.917419
0.858956
0.266002
0.102095
0.114064
0.007008
0.222367
0.144632
0.898581
0.146749
0.471033
0.210373
0.679666
0.290628
0.826799
0.184753
0.497736
0.232637
0.666325
0.162679
0.506793
0.044809
0.400382
0.481441
0.500725
0.114642
0.842882
0.060502
0.22784
0.001217
0.120861
0.338817
0.264048
0.102281
0.082555
0.042947
0.264759
0.010016
0.509974
0.635466
0.10047
0.223113
0.985307
0.551508
0.58735
0.729595
0.603626
0.917506
0.84081
0.115539
0.098435
0.511308
0.36556
0.322987
0.432658
0.628344
0.531781
0.19654
0.988056
0.369304
0.407757
0.316267
0.642798
0.860311
0.624343
0.890926
0.12591
0.107633
0.549444
0.343606
0.457465
0.835109
0.656087
0.524366
0.066029
0.289723
0.157935
0.548323
0.919094
0.246304
0.487915
0.681135
0.711385
0.586428
0.854905
0.22308
0.197547
0.066285
0.77905
0.238046
0.651699
0.200951
0.463579
0.715049
0.921135
0.675615
0.701532
0.024957
0.010516
0.849024
0.268223
0.052926
0.057488
0.030605
0.579978
0.607872
0.551693
0.321048
0.757857
0.017792
0.424869
0.868742
0.448074
0.986753
0.517087
0.295138
0.550224
0.213157
0.155458
0.327726
0.039175
0.146892
0.163178
0.182007
0.970487
0.500666
0.238447
0.972949
0.670501
0.979283
0.93797
0.511971
0.417376
0.521112
0.646382
0.051565
0.772198
0.638445
0.446893
0.267862
0.556744
0.530712
0.318648
0.415893
0.242348
0.876134
0.921308
0.435558
0.627879
0.517839
0.948161
0.856439
0.336015
0.965418
0.299968
0.088675
0.092199
0.067097
0.212147
0.368842
0.681571
0.800869
0.118469
0.88459
0.336326
0.09718
0.74423
0.616919
0.791646
0.828991
0.548213
0.146424
0.697011
0.268377
0.203478
0.740048
0.194757
0.948785
0.135065
0.85456
0.672002
0.001069
0.820102
0.386612
0.644096
0.025055
0.882758
0.33288
0.310421
0.289646
0.989401
0.565263
0.890335
0.550937
0.830097
0.908265
0.55152
0.806608
0.204604
0.166655
0.141819
0.677827
0.666441
0.3567
0.430528
0.247822
0.384217
0.82632
0.679522
0.553592
0.148762
0.886286
0.918201
0.473293
0.699442
0.97437
0.283183
0.742108
0.282133
0.941499
0.067661
0.488126
0.953834
0.489218
0.286499
0.824775
0.441486
0.857388
0.893758
0.94744
0.580358
0.231899
0.71574
0.869277
0.797134
0.603003
0.3267
0.120882
0.201585
0.569052
0.227074
0.348414
0.876501
0.990516
0.501939
0.666809
0.936865
0.907156
0.049394
0.187703
0.818161
0.077557
0.639327
0.861813
0.023906
0.981313
0.899603
0.719209
0.616137
0.075574
0.842304
0.265901
0.93542
0.458912
0.634854
0.738259
0.450122
0.431702
0.588031
0.005738
0.510961
0.459473
0.326215
0.631104
0.493022
0.835538
0.256976
0.25047
0.419096
0.507305
0.88107
0.933021
0.789714
0.745792
0.814694
0.852359
0.55374
0.413686
0.268104
0.258263
0.893224
0.970438
0.309908
0.275963
0.177533
0.533283
0.024061
0.489255
0.193647
0.079498
0.204815
0.108491
0.937191
0.766627
0.66474
0.78499
0.686858
0.950029
0.471575
0.04136
0.651377
0.56019
0.873549
0.83384
0.185085
0.504897
0.720026
0.25353
0.333311
0.953453
0.943009
0.088226
0.595879
0.578638
0.249297
0.786803
0.315775
0.56299
0.923712
0.980492
0.09893
0.802035
0.592904
0.809783
0.270519
0.193347
0.891236
0.088393
0.756958
0.970423
0.46082
0.549489
0.390189
0.520059
0.029014
0.590268
0.910906
0.624672
0.719276
0.714863
0.568455
0.635521
0.268583
0.595794
0.772443
0.559299
0.640879
0.864435
0.319753
0.508282
0.927889
0.95133
0.816834
0.261203
0.249926
0.121829
0.469864
0.085839
0.023618
0.422955
0.450701
0.801352
0.243455
0.318859
0.013559
0.08188
0.704352
0.614266
0.296089
0.937385
0.660397
0.113284
0.318243
0.316782
0.23282
0.394337
0.153584
0.854022
0.357183
0.092856
0.88074
0.3459
0.356602
0.463304
0.956369
0.68361
0.856575
0.017677
0.577267
0.095807
0.407737
0.878975
0.395431
0.818818
0.515788
0.199188
0.148425
0.471103
0.421279
0.739045
0.573275
0.48052
0.551073
0.710472
0.532291
0.897171
0.116774
0.769582
0.982405
0.248642
0.643327
0.071314
0.301385
0.990929
0.602047
0.625763
0.676775
0.660515
0.059025
0.815576
0.868332
0.884456
0.974505
0.124146
0.873699
0.111573
0.087698
0.62189
0.1218
0.013336
0.59032
0.348236
0.630896
0.212968
0.865817
0.142517
0.40869
0.465969
0.257247
0.118996
0.52287
0.608822
0.885705
0.537926
0.245455
0.888911
0.452159
0.337014
0.542909
0.715376
0.23591
0.433493
0.145329
0.081107
0.244886
0.537298
0.338416
0.803576
0.560419
0.208245
0.557785
0.288136
0.073134
0.928854
0.66005
0.289308
0.579136
0.715876
0.611379
0.11896
0.303446
0.370059
0.771118
0.127845
0.587752
0.754411
0.419973
0.374313
0.954026
0.069165
0.614119
0.719791
0.404706
0.76541
0.40416
0.069068
0.445911
0.474463
0.883533
0.858421
0.592685
0.605405
0.6812
0.815984
0.153761
0.898966
0.772906
0.446963
0.276994
0.912158
0.085451
0.227522
0.790283
0.242327
0.046639
0.18647
0.670139
0.027293
0.859531
0.365258
0.221807
0.06586
0.542065
0.60742
0.073937
0.639952
0.371797
0.444144
0.136688
0.208418
0.211643
0.765181
0.861166
0.808991
0.673852
0.945444
0.569103
0.612149
0.509573
0.548161
0.616833
0.464471
0.812859
0.183026
0.069274
0.502735
0.582759
0.547183
0.362291
0.09731
0.257441
0.475934
0.590608
0.635262
0.172273
0.389613
0.575756
0.401995
0.852459
0.574562
0.34107
0.725368
0.655277
0.038342
0.310527
0.177753
0.180956
0.897937
0.736716
0.885205
0.198704
0.930268
0.587939
0.182413
0.148068
0.306612
0.242847
0.905824
0.163204
0.058469
0.230822
0.637959
0.981222
0.745306
0.249129
0.378807
0.345094
0.474876
0.323521
0.635428
0.896204
0.676636
0.464831
0.400585
0.158915
0.873443
0.717173
0.787637
0.639928
0.483883
0.347011
0.253935
0.921716
0.784189
0.40299
0.012345
0.602908
0.557045
0.720445
0.766467
0.503765
0.204807
0.89484
0.353065
0.558141
0.899654
0.526674
0.117829
0.176307
0.369115
0.487926
0.340257
0.388282
0.072462
0.661063
0.863548
0.235973
0.541726
0.666965
0.471657
0.926071
0.295107
0.605717
0.126115
0.776811
0.757198
0.407113
0.701342
0.672145
0.359421
0.167184
0.506916
0.123057
0.298431
0.0803
0.445645
0.100533
0.505231
0.583124
0.146734
0.189363
0.311075
0.882091
0.864293
0.450344
0.322758
0.055503
0.522286
0.856774
0.50597
0.553253
0.369383
0.553423
0.21375
0.64974
0.648944
0.320852
0.479171
0.361132
0.791399
0.157242
0.936755
0.507672
0.460475
0.717924
0.354644
0.418415
0.97942
0.395867
0.051866
0.817864
0.819728
0.042765
0.579093
0.258822
0.344322
0.148649
0.979719
0.798526
0.562619
0.362135
0.830195
0.821678
0.971356
0.864147
0.107993
0.915952
0.586419
0.890068
0.38723
0.172859
0.354626
0.713307
0.526848
0.184207
0.377482
0.858662
0.545109
0.608061
0.879273
0.260657
0.551934
0.208978
0.01036
0.412259
0.465041
0.834082
0.788134
0.215844
0.171272
0.371616
0.348833
0.631361
0.247997
0.580154
0.994057
0.128749
0.426438
0.52491
0.350622
0.40095
0.388483
0.38185
0.811323
0.143772
0.394367
0.678625
0.082617
0.249331
0.732642
0.728426
0.983451
0.726017
0.831922
0.568495
0.454187
0.383517
0.903879
0.879253
0.400124
0.577948
0.257193
0.663867
0.357353
0.337728
0.828198
0.135655
0.052974
0.10491
0.397487
0.93327
0.708075
0.436959
0.223738
0.892746
0.156272
0.005818
0.261887
0.65887
0.889217
0.140029
0.347073
0.343567
0.463317
0.51038
0.10524
0.398051
0.038824
0.957213
0.870645
0.915295
0.52048
0.548978
0.068166
0.5801
0.306492
0.292338
0.025777
0.897505
0.662239
0.180112
0.269657
0.826465
0.786422
0.438494
0.609412
0.641564
0.406736
0.17415
0.46611
0.044007
0.959378
0.193524
0.828676
0.812288
0.809805
0.92406
0.786733
0.441384
0.081866
0.751246
0.429212
0.809691
0.293183
0.878919
0.880042
0.519588
0.758446
0.3547
0.303401
0.727784
0.72893
0.119647
0.916275
0.239193
0.273023
0.992151
0.224825
0.488868
0.535268
0.757694
0.009201
0.230305
0.387014
0.059733
0.232856
0.588575
0.696882
0.468983
0.260558
0.95481
0.665672
0.662814
0.227292
0.809453
0.039808
0.82009
0.996114
0.031193
0.238327
0.549087
0.333413
0.108583
0.614289
0.495374
0.732487
0.278021
0.374295
0.516913
0.345593
0.394619
0.240587
0.673041
0.173553
0.696889
0.129285
0.713939
0.799334
0.395475
0.08403
0.475962
0.082748
0.88243
0.660129
0.534774
0.730161
0.661785
0.775797
0.994106
0.541453
0.024097
0.873864
0.628616
0.717308
0.672028
0.988016
0.063462
0.481929
0.840373
0.525014
0.802734
0.34827
0.265851
0.415463
0.438049
0.700366
0.201139
0.680556
0.766048
0.866318
0.748309
0.04751
0.828018
0.530209
0.479238
0.929231
0.500992
0.849335
0.410786
0.95285
0.505972
0.311942
0.007801
0.112867
0.700304
0.761603
0.522153
0.663113
0.880432
0.047969
0.568069
0.067208
0.678879
0.050961
0.191389
0.094703
0.786082
0.801061
0.752791
0.415806
0.565669
0.970189
0.161916
0.48641
0.638103
0.294517
0.998744
0.782195
0.036198
0.817896
0.464915
0.521737
0.369222
0.94372
0.600239
0.861665
0.431091
0.278886
0.049437
0.140265
0.042264
0.463257
0.321728
0.30913
0.078041
0.463912
0.277237
0.479761
0.945349
0.107138
0.650102
0.532494
0.185334
0.65736
0.848988
0.290694
0.450656
0.106871
0.098663
0.698209
0.450563
0.406252
0.056363
0.299217
0.6032
0.043495
0.664396
0.942204
0.128223
0.730058
0.909984
0.966163
0.24308
0.552696
0.797352
0.543289
0.334593
0.227508
0.473466
0.79259
0.783847
0.869923
0.832042
0.019205
0.970543
0.7638
0.982712
0.347172
0.167886
0.037464
0.406041
0.664978
0.345311
0.293577
0.797633
0.785914
0.425496
0.116866
0.306454
0.562387
0.95055
0.70077
0.004006
0.281463
0.240913
0.706739
0.324749
0.285686
0.056231
0.034382
0.368578
0.138328
0.035872
0.251616
0.484378
0.830015
0.249648
0.381732
0.604487
0.834854
0.745794
0.949496
0.223018
0.335213
0.006994
0.13329
0.740044
0.087308
0.08212
0.687802
0.717269
0.018528
0.689427
0.519439
0.149552
0.889595
0.440555
0.674579
0.141404
0.97405
0.557856
0.71356
0.916802
0.871061
0.206764
0.871984
0.180731
0.421034
0.656895
0.307449
0.5988
0.064799
0.097951
0.899556
0.407042
0.979766
0.614663
0.057557
0.180039
0.842821
0.340925
0.221173
0.513202
0.183177
0.635538
0.438064
0.570204
0.484051
0.757421
0.421371
0.285656
0.590925
0.390203
0.516576
0.552375
0.406721
0.045206
0.703916
0.373035
0.977549
0.686205
0.884849
0.712465
0.023934
0.16319
0.580046
0.942629
0.034896
0.082234
0.942897
0.46607
0.232018
0.402251
0.157285
0.44718
0.425641
0.473381
0.65192
0.079231
0.149718
0.548221
0.222414
0.074012
0.037245
0.540212
0.05329
0.447488
0.528598
0.986966
0.115395
0.789596
0.552757
0.322888
0.317314
0.41693
0.806035
0.447669
0.592561
0.438998
0.146797
0.034988
0.977119
0.476366
0.691016
0.452322
0.381621
0.676788
0.148639
0.67887
0.174172
0.028155
0.723616
0.847252
0.936094
0.197111
0.479392
0.998756
0.836572
0.478808
0.998779
0.738193
0.593364
0.966174
0.872111
0.864704
0.633182
0.815955
0.656213
0.537307
0.852346
0.967053
0.937793
0.491377
0.353557
0.523209
0.892423
0.935588
0.532543
0.239497
0.428444
0.389526
0.584828
0.492129
0.680609
0.388938
0.282856
0.137601
0.291519
0.948373
0.861974
0.51579
0.493377
0.919311
0.542108
0.735945
0.909316
0.263147
0.871997
0.661207
0.772765
0.788342
0.393817
0.916411
0.386317
0.889894
0.041579
0.836916
0.071376
0.464783
0.14758
0.774217
0.529845
0.562819
0.866322
0.741186
0.687704
0.532995
0.777224
0.971047
0.384511
0.573722
0.439998
0.552443
0.355047
0.595742
0.478658
0.089057
0.268278
0.771979
0.694272
0.079691
0.955501
0.172369
0.494118
0.147746
0.090617
0.684374
0.683013
0.829125
0.408365
0.906191
0.099762
0.820934
0.711713
0.787938
0.716288
0.895081
0.705947
0.973381
0.82769
0.448672
0.994131
0.914437
0.303727
0.442244
0.247864
0.355994
0.043644
0.454109
0.989127
0.605358
0.484289
0.7691
0.272992
0.402709
0.300252
0.064537
0.97134
0.818119
0.131784
0.437265
0.482988
0.973254
0.184655
0.904227
0.012363
0.889434
0.819623
0.745924
0.424889
0.606183
0.693967
0.19933
0.191223
0.834581
0.790971
0.540967
0.00936
0.805096
0.633374
0.752059
0.575925
0.110141
0.271417
0.25721
0.802965
0.942282
0.957041
0.567135
0.870867
0.042504
0.460013
0.760783
0.769004
0.7089
0.949311
0.576515
0.249544
0.526947
0.390907
0.128439
0.805928
0.33617
0.265097
0.699606
0.115659
0.544297
0.327494
0.496896
0.922382
0.4936
0.662143
0.388723
0.414394
0.194195
0.899156
0.556078
0.74369
0.747985
0.883724
0.343439
0.878097
0.358824
0.951332
0.313919
0.441858
0.900595
0.861204
0.376102
0.990296
0.659205
0.039166
0.268827
0.278085
0.730874
0.940859
0.750777
0.366294
0.907317
0.642958
0.309692
0.326768
0.705315
0.131394
0.426485
0.519549
0.469032
0.512616
0.631934
0.0105
0.152031
0.566068
0.059065
0.59407
0.832254
0.068833
0.924547
0.364928
0.684923
0.153658
0.749393
0.538117
0.329822
0.771685
0.16905
0.078354
0.726529
0.15934
0.546578
0.62652
0.247858
0.76971
0.938399
0.089123
0.604352
0.730679
0.412626
0.925064
0.994496
0.346478
0.038149
0.107667
0.24358
0.582326
0.89328
0.30012
0.574592
0.568457
0.568434
0.884736
0.533837
0.189606
0.492467
0.550714
0.532124
0.713729
0.204151
0.218072
0.96769
0.979151
0.763414
0.960647
0.000447
0.557507
0.539615
0.22392
0.70826
0.817567
0.341597
0.258033
0.136192
0.959716
0.342433
0.132942
0.438988
0.248168
0.49026
0.894386
0.224798
0.824048
0.235025
0.741463
0.14275
0.424093
0.276139
0.844601
0.166955
0.765507
0.816978
0.417837
0.291706
0.591227
0.64562
0.614112
0.338575
0.936404
0.53709
0.220176
0.506626
0.054782
0.613316
0.068731
0.920506
0.603544
0.215702
0.984176
0.899101
0.034749
0.195204
0.210119
0.453988
0.774567
0.529657
0.548285
0.708736
0.152274
0.54
0.418544
0.248479
0.887265
0.049641
0.328062
0.791684
0.841252
0.609791
0.345127
0.134699
0.311038
0.399148
0.933537
0.268305
0.28475
0.916599
0.568335
0.871096
0.557511
0.190534
0.363398
0.805822
0.284431
0.715379
0.014422
0.149932
0.308189
0.400635
0.052612
0.635961
0.197045
0.117067
0.24755
0.192144
0.959505
0.88539
0.155924
0.198233
0.989329
0.276857
0.675483
0.404599
0.763592
0.431717
0.682295
0.60044
0.859814
0.270165
0.981057
0.999629
0.178861
0.229016
0.508046
0.094066
0.859403
0.767073
0.743752
0.640197
0.303552
0.322658
0.580285
0.674028
0.012626
0.875134
0.00925
0.452816
0.270174
0.12529
0.646022
0.137137
0.349304
0.781437
0.029003
0.388036
0.191032
0.636185
0.507905
0.411203
0.474918
0.41221
0.31017
0.82173
0.437489
0.977141
0.103274
0.480817
0.154003
0.591755
0.464155
0.388491
0.450024
0.817958
0.25208
0.341059
0.470423
0.161489
0.414523
0.362379
0.191218
0.935437
0.175597
0.823677
0.988247
0.168011
0.468416
0.352278
0.162417
0.758643
0.912719
0.854481
0.494694
0.662025
0.262138
0.958046
0.829927
0.695193
0.015813
0.128456
0.695554
0.892972
0.311282
0.540136
0.455225
0.331394
0.109875
0.574073
0.231849
0.332387
0.916019
0.123814
0.595175
0.549895
0.404716
0.639794
0.222714
0.300524
0.009054
0.040917
0.525721
0.893129
0.40751
0.384366
0.158507
0.403837
0.250976
0.836492
0.047713
0.960766
0.184113
0.884327
0.061736
0.2822
0.344587
0.853958
0.824156
0.762319
0.486973
0.840541
0.774168
0.739375
0.396014
0.894092
0.279099
0.703241
0.06867
0.346387
0.096822
0.449422
0.897843
0.386661
0.537528
0.550568
0.814121
0.943022
0.766488
0.837441
0.627671
0.732981
0.164716
0.535968
0.303591
0.921505
0.023534
0.002195
0.759845
0.452017
0.28323
0.978806
0.583464
0.086809
0.997546
0.799652
0.199615
0.686591
0.636151
0.403497
0.424465
0.125552
0.094282
0.992628
0.931279
0.146203
0.99512
0.006587
0.153868
0.823686
0.773297
0.761761
0.066451
0.428892
0.665284
0.73519
0.471081
0.564992
0.833112
0.84119
0.930429
0.674085
0.58546
0.922189
0.98972
0.535413
0.050694
0.168631
0.38263
0.947237
0.688058
0.701094
0.903891
0.579981
0.735853
0.346646
0.825617
0.646851
0.325081
0.397486
0.951102
0.311949
0.481419
0.977688
0.658769
0.847555
0.097232
0.604943
0.535219
0.295556
0.570488
0.969843
0.388411
0.862669
0.963461
0.216443
0.841407
0.969004
0.282103
0.653236
0.221858
0.154928
0.730577
0.721012
0.169223
0.054509
0.741745
0.945948
0.888539
0.391669
0.411313
0.382559
0.499507
0.125158
0.415929
0.84795
0.386478
0.094481
0.087411
0.264748
0.298081
0.708526
0.892853
0.255464
0.858366
0.625256
0.643579
0.277344
0.207385
0.27159
0.829581
0.781508
0.328019
0.8255
0.434282
0.838327
0.921452
0.035016
0.024623
0.40026
0.331945
0.95183
0.803174
0.326925
0.159592
0.893836
0.914058
0.897908
0.047669
0.930775
0.119328
0.123325
0.921575
0.4708
0.958593
0.874577
0.962242
0.461
0.974577
0.56412
0.312644
0.113383
0.091114
0.4016
0.307868
0.917401
0.934425
0.414613
0.218797
0.182356
0.591578
0.197048
0.544714
0.785552
0.600147
0.367772
0.188177
0.853442
0.910004
0.084542
0.594341
0.289706
0.984011
0.128998
0.971435
0.214149
0.898606
0.868437
0.487431
0.681469
0.23637
0.328878
0.278006
0.198382
0.06616
0.140261
0.251278
0.31892
0.347149
0.352766
0.403953
0.180818
0.955673
0.902023
0.887609
0.109898
0.955914
0.4348
0.846815
0.294401
0.770691
0.97558
0.339042
0.351917
0.901331
0.270545
0.08605
0.074447
0.856317
0.592505
0.429463
0.777839
0.5026
0.125142
0.652497
0.441517
0.112166
0.640066
0.137875
0.015003
0.953583
0.26981
0.14402
0.054622
0.779189
0.837647
0.313992
0.597052
0.134017
0.735207
0.047828
0.576293
0.167798
0.01057
0.504085
0.53746
0.197177
0.816723
0.128646
0.805209
0.646273
0.61829
0.339445
0.43448
0.634057
0.342144
0.952401
0.453506
0.509549
0.628962
0.264934
0.386152
0.411117
0.408364
0.862291
0.377697
0.806935
0.156576
0.872803
0.427144
0.079096
0.202338
0.131748
0.632825
0.556768
0.838478
0.410894
0.355209
0.060667
0.457311
0.020995
0.353234
0.762636
0.705391
0.25267
0.002154
0.363361
0.736714
0.859355
0.414076
0.740055
0.345684
0.876145
0.258439
0.600806
0.379372
0.755093
0.658378
0.612832
0.894656
0.562819
0.324821
0.059466
0.323492
0.549074
0.940925
0.15498
0.318094
0.195836
0.195202
0.774428
0.636475
0.560058
0.974648
0.842687
0.071095
0.072031
0.117155
0.649911
0.111422
0.652167
0.744797
0.666712
0.421439
0.689332
0.435566
0.472184
0.116583
0.808324
0.746071
0.846189
0.202897
0.335509
0.976857
0.526911
0.076704
0.170939
0.101771
0.254237
0.273777
0.543671
0.731207
0.752654
0.264524
0.535105
0.366375
0.463543
0.027275
0.330992
0.335021
0.859353
0.02988
0.851372
0.630188
0.650144
0.133659
0.531885
0.304202
0.622596
0.489823
0.745373
0.419645
0.439259
0.314778
0.434977
0.428512
0.562402
0.86395
0.473724
0.010699
0.304151
0.182543
0.295564
0.547679
0.586444
0.467355
0.823772
0.250525
0.239042
0.809913
0.659961
0.087545
0.847587
0.984552
0.557997
0.518039
0.096404
0.606493
0.211581
0.042163
0.848623
0.874428
0.306751
0.14309
0.351461
0.254809
0.570275
0.124666
0.106568
0.745633
0.889882
0.989525
0.815108
0.612138
0.968314
0.094919
0.922526
0.70482
0.371418
0.887299
0.380398
0.262283
0.152278
0.477387
0.963885
0.622036
0.049406
0.4209
0.020362
0.62845
0.373126
0.947592
0.74155
0.126171
0.282778
0.400223
0.128621
0.019017
0.750525
0.737617
0.202113
0.144285
0.304489
0.208564
0.903717
0.459403
0.150326
0.100955
0.370532
0.301956
0.092795
0.091281
0.064327
0.678666
0.84336
0.903143
0.708631
0.00959
0.639238
0.432995
0.451319
0.949224
0.138465
0.35838
0.803116
0.987497
0.847938
0.500787
0.372957
0.365567
0.084257
0.268551
0.555292
0.710098
0.683802
0.251902
0.291941
0.31342
0.419171
0.343162
0.445186
0.364509
0.348056
0.543542
0.763545
0.224044
0.647049
0.453088
0.020734
0.811037
0.970552
0.651663
0.726976
0.806753
0.711309
0.225322
0.32453
0.13809
0.682201
0.895154
0.492459
0.135374
0.887874
0.692548
0.12124
0.875544
0.455823
0.534089
0.297179
0.109677
0.021453
0.625081
0.71239
0.566223
0.033563
0.829769
0.332952
0.736257
0.700769
0.754387
0.405785
0.281164
0.89509
0.24526
0.204609
0.075634
0.993976
0.883287
0.82459
0.920354
0.077876
0.96468
0.238456
0.304876
0.560852
0.950126
0.439166
0.601685
0.18671
0.042384
0.601418
0.805104
0.910313
0.223403
0.200968
0.016544
0.141181
0.677236
0.186672
0.016318
0.530988
0.904358
0.469228
0.700157
0.12327
0.970346
0.660952
0.947737
0.116265
0.194978
0.377469
0.62113
0.985186
0.557077
0.619446
0.012906
0.26801
0.252302
0.238876
0.03857
0.733275
0.26601
0.419926
0.594037
0.739353
0.437287
0.218283
0.412366
0.899613
0.580499
0.427058
0.08767
0.080974
0.97225
0.743839
0.831667
0.060535
0.599705
0.690385
0.955763
0.33762
0.821824
0.138812
0.506265
0.247526
0.028388
0.249914
0.028888
0.345393
0.975477
0.299824
0.358873
0.31235
0.648907
0.922009
0.208087
0.974241
0.0266
0.918847
0.614226
0.438239
0.795639
0.39551
0.403444
0.165807
0.993912
0.072732
0.970818
0.581475
0.733578
0.908622
0.641302
0.038308
0.856006
0.238741
0.131804
0.734196
0.366952
0.68823
0.851703
0.972459
0.185428
0.019836
0.624841
0.660856
0.346721
0.500574
0.562829
0.734013
0.670265
0.001946
0.694347
0.766049
0.97074
0.467283
0.900718
0.942686
0.906503
0.349547
0.469417
0.505821
0.285071
0.973392
0.138784
0.959706
0.923205
0.463511
0.388644
0.295319
0.873965
0.862609
0.06326
0.835948
0.212633
0.364144
0.811829
0.518256
0.369616
0.141643
0.326143
0.657319
0.44258
0.683948
0.891119
0.214335
0.49202
0.822886
0.106566
0.174782
0.541872
0.372342
0.707894
0.386558
0.193971
0.67444
0.563702
0.299511
0.678817
0.863355
0.362638
0.69456
0.85242
0.275198
0.149772
0.439614
0.466042
0.570134
0.208093
0.508065
0.767993
0.156484
0.668239
0.570894
0.639985
0.375018
0.252141
0.489792
0.179143
0.787067
0.14316
0.72888
0.251289
0.995646
0.843064
0.649244
0.447244
0.478973
0.040134
0.117777
0.841912
0.413148
0.427279
0.752441
0.785887
0.919892
0.896215
0.450422
0.520874
0.365247
0.827349
0.474144
0.185233
0.871676
0.858781
0.366352
0.132159
0.565215
0.32527
0.750179
0.593266
0.850913
0.002407
0.308818
0.442051
0.939218
0.953926
0.886785
0.982504
0.919067
0.207492
0.994371
0.73031
0.024708
0.937403
0.203782
0.643145
0.310989
0.583038
0.751009
0.164853
0.159713
0.687158
0.111835
0.505502
0.500346
0.265033
0.755904
0.688248
0.80121
0.683877
0.838549
0.390024
0.247985
0.751054
0.868779
0.65015
0.623423
0.675389
0.660391
0.682717
0.145634
0.766976
0.580163
0.340939
0.765117
0.301258
0.981106
0.294434
0.137178
0.370817
0.740803
0.31834
0.431905
0.467614
0.704381
0.960724
0.085444
0.612185
0.798595
0.550273
0.255199
0.892196
0.039066
0.120516
0.892499
0.458576
0.775707
0.011836
0.123209
0.821511
0.758774
0.782107
0.318411
0.00737
0.219917
0.598389
0.545469
0.271878
0.998078
0.372753
0.707992
0.993383
0.368277
0.479055
0.014663
0.944752
0.793076
0.120753
0.346761
0.455773
0.83441
0.218137
0.342389
0.649915
0.338659
0.752324
0.731518
0.715005
0.619729
0.927301
0.859104
0.69157
0.795233
0.120251
0.627079
0.276152
0.607126
0.760042
0.94355
0.113358
0.077009
0.955592
0.434275
0.338645
0.978449
0.909505
0.669856
0.184771
0.17242
0.323151
0.059641
0.467958
0.475257
0.010614
0.287245
0.659614
0.235655
0.745256
0.603454
0.52956
0.672001
0.053177
0.37283
0.324656
0.870504
0.309168
0.947166
0.107961
0.120049
0.240426
0.391129
0.110036
0.02554
0.590723
0.712395
0.92228
0.480634
0.212368
0.663225
0.134132
0.804786
0.945427
0.583441
0.135883
0.098146
0.741748
0.197288
0.728086
0.439755
0.149544
0.692696
0.423045
0.920978
0.002151
0.66298
0.448728
0.51152
0.54579
0.026265
0.33509
0.698375
0.560198
0.473333
0.306673
0.059116
0.814938
0.953949
0.851468
0.952754
0.852604
0.686788
0.994096
0.953923
0.43737
0.813145
0.405308
0.836395
0.272248
0.684105
0.462899
0.575418
0.546305
0.346883
0.767826
0.816596
0.567115
0.768137
0.161907
0.451816
0.387415
0.025715
0.900892
0.637886
0.896219
0.113212
0.815696
0.578483
0.77475
0.996641
0.0195
0.870271
0.497164
0.998001
0.465589
0.842441
0.896488
0.642394
0.391264
0.880597
0.854338
0.013376
0.894807
0.642305
0.684598
0.834394
0.325825
0.26551
0.513738
0.006308
0.815672
0.451864
0.255689
0.653311
0.209136
0.653826
0.276172
0.164193
0.353174
0.607222
0.729271
0.289364
0.903439
0.305148
0.53649
0.338074
0.656608
0.284893
0.151384
0.167469
0.421614
0.314457
0.063428
0.072383
0.920094
0.653479
0.573559
0.530836
0.041743
0.079818
0.686954
0.43998
0.659018
0.744758
0.797622
0.086959
0.044058
0.002881
0.897616
0.705244
0.998523
0.408067
0.122423
0.176187
0.841011
0.196595
0.602761
0.414439
0.341267
0.683207
0.880441
0.197736
0.115115
0.712849
0.854116
0.606339
0.61069
0.245761
0.664708
0.063596
0.283884
0.465376
0.26457
0.841693
0.193585
0.178337
0.68982
0.896603
0.578339
0.622505
0.94166
0.205381
0.91813
0.737507
0.625624
0.326132
0.834971
0.074729
0.113088
0.488411
0.181646
0.786475
0.20718
0.38483
0.052447
0.385912
0.712119
0.503361
0.400723
0.435815
0.878902
0.89264
0.276341
0.625554
0.842474
0.860992
0.414766
0.083163
0.189128
0.221793
0.636572
0.101225
0.133309
0.249563
0.361549
0.735966
0.737098
0.243092
0.39088
0.911654
0.520217
0.405053
0.165589
0.125288
0.532357
0.632035
0.852025
0.887113
0.19036
0.580483
0.024188
0.864385
0.048569
0.720472
0.15868
0.062162
0.789517
0.222656
0.935986
0.440661
0.304527
0.187892
0.955994
0.606479
0.7483
0.115728
0.662567
0.756296
0.476887
0.714429
0.236355
0.497865
0.626445
0.181952
0.661997
0.04616
0.203688
0.016894
0.64561
0.799427
0.075478
0.253354
0.448439
0.942528
0.211264
0.467424
0.195448
0.617901
0.916748
0.858229
0.399504
0.872937
0.095076
0.835693
0.701155
0.700996
0.186952
0.997895
0.3041
0.662115
0.280524
0.751666
0.718477
0.283333
0.16593
0.772485
0.421897
0.306578
0.650736
0.166928
0.011328
0.589628
0.76145
0.362888
0.958863
0.985168
0.98665
0.240068
0.08213
0.973307
0.558394
0.792642
0.567789
0.213454
0.700379
0.479846
0.931195
0.062254
0.500527
0.447863
0.71858
0.13083
0.221308
0.007679
0.319225
0.272484
0.834974
0.887787
0.478166
0.220467
0.074667
0.776868
0.725506
0.16654
0.162433
0.874889
0.80779
0.894747
0.176193
0.480576
0.074306
0.923877
0.134016
0.111198
0.373781
0.903508
0.52395
0.262805
0.762576
0.064088
0.891673
0.344751
0.644885
0.100297
0.548665
0.379763
0.588571
0.675385
0.639638
0.125025
0.102351
0.307038
0.510071
0.92349
0.35999
0.032197
0.393897
0.012137
0.447218
0.175535
0.183596
0.136707
0.488598
0.632993
0.186958
0.179248
0.421824
0.575509
0.635645
0.023747
0.441046
0.892695
0.280114
0.833271
0.636821
0.489522
0.185109
0.303781
0.978053
0.261493
0.156527
0.109038
0.686112
0.107747
0.379706
0.939177
0.520277
0.157122
0.207745
0.806831
0.969582
0.507797
0.326016
0.877582
0.448905
0.867932
0.443932
0.358543
0.461805
0.659839
0.770886
0.864186
0.186913
0.118094
0.125672
0.283365
0.01468
0.656558
0.197974
0.555589
0.777065
0.885212
0.645354
0.628358
0.424738
0.78937
0.191472
0.201415
0.362408
0.189211
0.047525
0.690072
0.804109
0.104249
0.943118
0.167109
0.149103
0.137445
0.402467
0.708904
0.155982
0.639163
0.677548
0.044493
0.027659
0.832839
0.583153
0.04127
0.30466
0.897335
0.748166
0.705859
0.482205
0.323732
0.178623
0.082609
0.733722
0.478661
0.110176
0.202491
0.220378
0.054135
0.647591
0.769557
0.582534
0.464755
0.06884
0.622835
0.42613
0.524638
0.892797
0.243666
0.762464
0.954594
0.05474
0.558738
0.262889
0.059302
0.860767
0.718129
0.903388
0.794138
0.666705
0.411733
0.857704
0.457521
0.641425
0.313753
0.133564
0.836461
0.814708
0.719692
0.416279
0.363573
0.737284
0.332433
0.188351
0.571157
0.996981
0.330997
0.193676
0.848806
0.977812
0.598566
0.571983
0.682551
0.447919
0.215842
0.861784
0.566219
0.002721
0.514556
0.232569
0.533054
0.226538
0.990016
0.975646
0.246077
0.836311
0.954959
0.740679
0.260721
0.156103
0.46245
0.058711
0.5637
0.525141
0.338136
0.169429
0.52136
0.727729
0.287785
0.287096
0.027211
0.107124
0.595274
0.360914
0.03031
0.786833
0.33381
0.806998
0.613976
0.669736
0.793807
0.236843
0.819319
0.564766
0.652727
0.680312
0.755447
0.153628
0.288417
0.856077
0.820228
0.462398
0.412185
0.867148
0.018858
0.012269
0.491516
0.819843
0.628488
0.567786
0.208943
0.76898
0.941614
0.306145
0.393006
0.068444
0.012666
0.938017
0.270696
0.15295
0.057005
0.988619
0.351902
0.61902
0.141133
0.088538
0.830288
0.429706
0.853426
0.854094
0.623469
0.975194
0.562955
0.280796
0.236739
0.765999
0.109995
0.665072
0.19709
0.713698
0.878345
0.639259
0.006475
0.96228
0.332614
0.072136
0.370635
0.477943
0.238104
0.872697
0.57809
0.783416
0.743475
0.437793
0.744376
0.881431
0.226155
0.917936
0.733499
0.893579
0.287033
0.165711
0.148605
0.688935
0.366673
0.451315
0.409889
0.669796
0.021426
0.938473
0.617864
0.099576
0.938772
0.673742
0.713007
0.199278
0.947394
0.307163
0.331027
0.785334
0.924145
0.687782
0.71583
0.823302
0.609568
0.69388
0.407364
0.084806
0.992679
0.194331
0.695525
0.759532
0.013327
0.264264
0.59597
0.243407
0.269851
0.262825
0.498933
0.38774
0.444701
0.659206
0.369725
0.736567
0.118175
0.642547
0.579395
0.691785
0.357276
0.205138
0.277804
0.68104
0.982049
0.860049
0.067699
0.742088
0.89496
0.280435
0.329716
0.877106
0.600115
0.167135
0.535269
0.616115
0.576441
0.017591
0.159861
0.277484
0.177537
0.06413
0.910118
0.60772
0.614581
0.656663
0.025747
0.765632
0.26815
0.887673
0.644253
0.318585
0.725155
0.573015
0.687041
0.448517
0.587701
0.915083
0.270679
0.589026
0.06668
0.97698
0.029683
0.371331
0.226937
0.852281
0.533965
0.706856
0.832889
0.765439
0.379295
0.194581
0.599046
0.421438
0.73027
0.218689
0.690095
0.38984
0.988558
0.745105
0.20955
0.150401
0.48298
0.447223
0.263527
0.487631
0.233264
0.284347
0.02912
0.798896
0.697038
0.841275
0.687306
0.061867
0.474189
0.448914
0.768251
0.295421
0.095821
0.925543
0.027466
0.539042
0.86622
0.735425
0.524363
0.86751
0.474143
0.719159
0.048866
0.920413
0.551791
0.167343
0.519413
0.468215
0.018388
0.808122
0.625747
0.757201
0.257741
0.601792
0.246455
0.061987
0.382503
0.227031
0.584406
0.189388
0.3955
0.866089
0.474012
0.329181
0.674935
0.418128
0.06403
0.83264
0.147192
0.64485
0.449052
0.720984
0.323052
0.407862
0.111114
0.980282
0.881243
0.963393
0.609152
0.925842
0.759371
0.300918
0.801891
0.621984
0.64496
0.207832
0.978525
0.006855
0.178482
0.145729
0.960613
0.404533
0.478322
0.283777
0.068136
0.809329
0.704682
0.219279
0.97343
0.673617
0.891211
0.817173
0.300217
0.577599
0.874546
0.866225
0.364938
0.655611
0.817991
0.108693
0.879445
0.033862
0.700452
0.538188
0.106729
0.390463
0.186768
0.097537
0.05403
0.779909
0.237606
0.754241
0.068473
0.035695
0.438082
0.034733
0.829777
0.896697
0.447454
0.149916
0.36565
0.28471
0.391894
0.985628
0.863157
0.466562
0.210631
0.339019
0.945625
0.094498
0.357894
0.915471
0.751634
0.183101
0.813955
0.717393
0.722153
0.854713
0.448516
0.944326
0.528182
0.455169
0.886984
0.670005
0.32348
0.596558
0.040924
0.859493
0.975018
0.517247
0.337046
0.599126
0.518473
0.815897
0.08744
0.140582
0.413064
0.687231
0.545236
0.907837
0.497187
0.524458
0.509051
0.834907
0.919303
0.232685
0.507962
0.832204
0.45074
0.473001
0.707663
0.426207
0.542678
0.155269
0.186228
0.970452
0.002764
0.252923
0.940769
0.148545
0.643904
0.902164
0.740817
0.261134
0.340923
0.359539
0.695668
0.179751
0.93628
0.05421
0.529757
0.51902
0.494847
0.244226
0.986733
0.876852
0.673624
0.45002
0.094419
0.351395
0.771623
0.809059
0.510603
0.509272
0.650634
0.066614
0.596847
0.447164
0.304293
0.571488
0.691329
0.26
0.95691
0.135763
0.451512
0.21023
0.918555
0.044268
0.871733
0.910046
0.798673
0.19686
0.679559
0.567092
0.914635
0.346291
0.46596
0.8102
0.839254
0.844688
0.194015
0.28702
0.651473
0.298248
0.660131
0.208191
0.06306
0.130512
0.685808
0.248462
0.127464
0.661776
0.041624
0.306826
0.689836
0.296322
0.408996
0.292109
0.601455
0.019367
0.703208
0.458758
0.506474
0.102751
0.689404
0.574519
0.961706
0.615466
0.331958
0.219803
0.936255
0.245862
0.05116
0.509293
0.406569
0.560319
0.346425
0.660671
0.223372
0.207201
0.335235
0.269144
0.416566
0.908105
0.885094
0.159524
0.682503
0.597652
0.167691
0.603154
0.155151
0.545267
0.654418
0.690106
0.932697
0.840999
0.080792
0.390143
0.023493
0.914638
0.41107
0.415694
0.061266
0.362021
0.471343
0.139394
0.573452
0.872514
0.847112
0.357536
0.2222
0.155351
0.194604
0.983738
0.877295
0.643232
0.200072
0.305461
0.294345
0.060139
0.667277
0.870787
0.464726
0.582165
0.806568
0.503673
0.400623
0.38347
0.564971
0.705608
0.398064
0.152772
0.098305
0.607413
0.845591
0.295408
0.800184
0.168597
0.146486
0.228816
0.230293
0.705138
0.591367
0.301947
0.556553
0.565365
0.011772
0.716667
0.663753
0.114169
0.662494
0.458004
0.421369
0.732526
0.227769
0.744344
0.543163
0.189411
0.011909
0.822082
0.109663
0.694365
0.139097
0.38534
0.637761
0.26327
0.281974
0.306862
0.273763
0.741052
0.681309
0.691821
0.252341
0.830427
0.887581
0.140334
0.215563
0.473682
0.161819
0.498194
0.625889
0.066727
0.774435
0.27562
0.355814
0.287503
0.447624
0.123672
0.586871
0.866961
0.785382
0.911027
0.932811
0.773105
0.970428
0.319129
0.530012
0.231638
0.302857
0.509807
0.110855
0.790064
0.164638
0.848427
0.939858
0.254992
0.922811
0.500248
0.642473
0.53285
0.48774
0.898294
0.127134
0.517491
0.686035
0.552425
0.93786
0.134694
0.738648
0.239412
0.427466
0.268845
0.588001
0.654916
0.387638
0.033181
0.710267
0.909348
0.68868
0.662719
0.90766
0.304711
0.120513
0.721213
0.07906
0.949401
0.547923
0.095646
0.516367
0.58325
0.868237
0.052626
0.323895
0.301297
0.118557
0.095266
0.855112
0.5504
0.360174
0.250843
0.199822
0.994149
0.117219
0.925537
0.336603
0.967629
0.974008
0.730723
0.28917
0.08468
0.219787
0.941673
0.803378
0.487411
0.861168
0.321774
0.028226
0.823948
0.345006
0.917738
0.564431
0.227551
0.070535
0.236139
0.369992
0.041717
0.46046
0.280639
0.762545
0.512337
0.643423
0.921875
0.996387
0.906143
0.484039
0.693514
0.268621
0.422616
0.47007
0.098511
0.298111
0.422972
0.098763
0.545766
0.584251
0.098336
0.146176
0.152773
0.468406
0.425654
0.56221
0.257914
0.98866
0.773065
0.118291
0.711791
0.694794
0.198787
0.531276
0.110322
0.240417
0.390076
0.431735
0.682904
0.061828
0.781357
0.172843
0.638834
0.077154
0.407108
0.942501
0.569035
0.198639
0.670161
0.141504
0.841233
0.221183
0.506131
0.245001
0.849825
0.801175
0.46338
0.836803
0.690627
0.336417
0.708827
0.709018
0.829457
0.208452
0.920584
0.111151
0.353821
0.393456
0.096558
0.866827
0.128825
0.395799
0.607212
0.689738
0.76581
0.483583
0.395912
0.500936
0.240571
0.623565
0.664108
0.2023
0.721287
0.797162
0.750058
0.1403
0.921657
0.273668
0.48777
0.404444
0.024169
0.179098
0.414127
0.207995
0.812912
0.759887
0.349877
0.693113
0.089462
0.895211
0.107484
0.759558
0.700882
0.395201
0.596542
0.726882
0.428195
0.622637
0.331328
0.024092
0.863977
0.912344
0.217969
0.336327
0.919439
0.387651
0.683351
0.687736
0.696627
0.637469
0.604756
0.918453
0.213473
0.106544
0.895704
0.717677
0.283384
0.998749
0.738113
0.455563
0.290641
0.145745
0.012787
0.602131
0.154088
0.038011
0.292103
0.433729
0.908927
0.790812
0.746211
0.25153
0.878253
0.132732
0.697638
0.476952
0.674763
0.190772
0.750083
0.014816
0.677288
0.531591
0.536116
0.212533
0.862886
0.205069
0.624892
0.327419
0.865784
0.676692
0.475993
0.153982
0.036717
0.020653
0.560086
0.440445
0.535589
0.662935
0.755521
0.311099
0.194515
0.267916
0.112232
0.144427
0.795653
0.618557
0.259499
0.882704
0.291525
0.0897
0.228399
0.255051
0.07637
0.491229
0.918891
0.616549
0.086245
0.645534
0.711088
0.542535
0.191283
0.152688
0.747753
0.329872
0.295266
0.780851
0.90109
0.856997
0.948951
0.623635
0.908621
0.924821
0.258064
0.821202
0.895653
0.810364
0.748407
0.410005
0.74077
0.743018
0.09239
0.180424
0.330259
0.951381
0.526213
0.308287
0.552458
0.628618
0.390271
0.698584
0.186427
0.733601
0.086725
0.285067
0.874668
0.36436
0.227039
0.824779
0.746946
0.123602
0.700451
0.363086
0.364527
0.982638
0.073013
0.719773
0.996028
0.807752
0.815419
0.462879
0.163586
0.038024
0.071495
0.585359
0.046787
0.008648
0.674615
0.982375
0.206811
0.162287
0.606691
0.351423
0.817338
0.272502
0.569092
0.277648
0.00975
0.560752
0.676106
0.602001
0.134304
0.657167
0.66374
0.45313
0.397658
0.873475
0.497067
0.78978
0.491433
0.987655
0.818058
0.06653
0.486424
0.295839
0.432137
0.331718
0.56852
0.364632
0.939588
0.354692
0.300843
0.811891
0.856716
0.106594
0.971032
0.533155
0.775075
0.163705
0.615068
0.670854
0.172526
0.967439
0.664989
0.267979
0.577157
0.346658
0.685953
0.541378
0.706822
0.360397
0.41486
0.692819
0.61138
0.621754
0.653599
0.09106
0.083728
0.360467
0.390251
0.507607
0.48908
0.535109
0.486137
0.500258
0.024196
0.303453
0.81743
0.512086
0.834441
0.29297
0.661808
0.643462
0.01204
0.473703
0.772192
0.213439
0.82992
0.838433
0.922683
0.804212
0.510463
0.03966
0.776208
0.444688
0.889439
0.798404
0.595311
0.586922
0.047803
0.827415
0.27395
0.432783
0.736005
0.797648
0.494722
0.336153
0.641662
0.255922
0.842039
0.449828
0.00056
0.094338
0.372927
0.295668
0.264222
0.906454
0.267453
0.554279
0.430592
0.622954
0.622699
0.041038
0.770296
0.731503
0.848387
0.407994
0.867481
0.734093
0.269316
0.282246
0.259829
0.625106
0.522393
0.869776
0.094601
0.839065
0.501153
0.055129
0.24885
0.577121
0.863286
0.536819
0.850561
0.619972
0.923195
0.142085
0.122003
0.557534
0.77865
0.04213
0.494246
0.345267
0.447722
0.224653
0.977836
0.17163
0.99162
0.664566
0.501971
0.553903
0.389462
0.314274
0.693667
0.946873
0.240513
0.472302
0.788174
0.807014
0.206022
0.646882
0.744366
0.553578
0.961333
0.460378
0.083298
0.577167
0.932744
0.855404
0.105848
0.289845
0.473835
0.164331
0.610374
0.903061
0.592094
0.456507
0.093338
0.79452
0.718826
0.945228
0.512864
0.145993
0.102579
0.870654
0.654591
0.834795
0.672535
0.82242
0.101199
0.995038
0.708943
0.108706
0.85871
0.510014
0.759398
0.525215
0.426456
0.211355
0.108262
0.658582
0.584008
0.888968
0.384863
0.109868
0.777372
0.134952
0.866915
0.687024
0.843236
0.008137
0.304632
0.904035
0.809967
0.146926
0.790847
0.010033
0.586717
0.210874
0.769802
0.375546
0.501642
0.309329
0.330461
0.964571
0.068304
0.325882
0.83571
0.878844
0.911685
0.687562
0.044817
0.629097
0.69079
0.140004
0.091582
0.571671
0.746186
0.87979
0.16024
0.873303
0.420784
0.800244
0.2144
0.30904
0.467645
0.812674
0.827946
0.943939
0.683796
0.303656
0.562044
0.102848
0.125278
0.624115
0.245505
0.246291
0.476202
0.655075
0.964888
0.062839
0.168279
0.215764
0.723744
0.980735
0.566741
0.08065
0.255508
0.212132
0.807683
0.739986
0.437085
0.119962
0.609551
0.240838
0.028702
0.808407
0.544314
0.174934
0.272201
0.398308
0.75327
0.083419
0.804454
0.752032
0.044823
0.692571
0.031219
0.330575
0.372454
0.283892
0.278025
0.347372
0.893589
0.169387
0.10423
0.720128
0.273682
0.136101
0.27775
0.549955
0.798619
0.999888
0.250866
0.713657
0.916223
0.941532
0.984327
0.068873
0.681949
0.751171
0.03992
0.168608
0.20851
0.820654
0.988284
0.793623
0.937667
0.932792
0.748322
0.600229
0.899978
0.294378
0.966277
0.085673
0.737392
0.715745
0.632805
0.167184
0.094004
0.891822
0.564132
0.591585
0.019409
0.495861
0.848738
0.529468
0.900616
0.434085
0.670088
0.435673
0.567366
0.110902
0.323883
0.304471
0.980622
0.405668
0.00319
0.02069
0.434093
0.503611
0.9333
0.198175
0.717923
0.660805
0.393338
0.095416
0.846878
0.68133
0.226432
0.971408
0.0522
0.760733
0.540242
0.919721
0.412107
0.751225
0.417009
0.363634
0.668117
0.977919
0.172403
0.609941
0.390607
0.541266
0.086056
0.168396
0.691247
0.276774
0.853461
0.202219
0.328563
0.311588
0.782988
0.367633
0.388253
0.231745
0.784652
0.709271
0.210093
0.960481
0.437071
0.886589
0.781639
0.157757
0.582359
0.821086
0.108061
0.386785
0.980445
0.358974
0.944266
0.906073
0.031855
0.810235
0.497846
0.765745
0.471705
0.797242
0.623455
0.557885
0.054673
0.271512
0.069177
0.984597
0.048571
0.47749
0.478812
0.305968
0.734099
0.300251
0.188721
0.843853
0.686005
0.403724
0.142605
0.218413
0.096885
0.998402
0.128676
0.512488
0.763605
0.294965
0.296652
0.075282
0.82871
0.090125
0.829733
0.911641
0.297709
0.876568
0.222483
0.381479
0.94128
0.792822
0.604789
0.564918
0.502702
0.296328
0.103056
0.328309
0.118451
0.914454
0.17509
0.318452
0.324225
0.550261
0.319017
0.910107
0.850713
0.985147
0.75434
0.344659
0.235753
0.836249
0.395669
0.577828
0.339621
0.085172
0.119958
0.472604
0.288311
0.226619
0.250423
0.757718
0.648504
0.693114
0.056196
0.298537
0.696272
0.541795
0.13613
0.775886
0.380746
0.822542
0.850412
0.73052
0.215685
0.260091
0.624507
0.644184
0.953609
0.945537
0.965768
0.563218
0.649747
0.979333
0.748683
0.234622
0.157847
0.433652
0.685471
0.172665
0.933326
0.292737
0.13831
0.023955
0.301867
0.270637
0.495312
0.542891
0.347335
0.383295
0.302628
0.147523
0.489179
0.979162
0.542411
0.381801
0.579697
0.620843
0.683773
0.359573
0.887715
0.461974
0.160687
0.991929
0.826354
0.806108
0.926848
0.305793
0.18132
0.533741
0.48846
0.458417
0.937168
0.201863
0.575209
0.823821
0.153401
0.308855
0.886825
0.156887
0.844378
0.782392
0.66037
0.988088
0.964464
0.064539
0.586593
0.054706
0.92746
0.676467
0.470334
0.366066
0.884727
0.756398
0.834318
0.407781
0.366383
0.457859
0.986533
0.459987
0.710091
0.685238
0.046166
0.897699
0.03668
0.39831
0.530716
0.462701
0.874809
0.794855
0.934316
0.397615
0.024237
0.9545
0.18868
0.557386
0.378663
0.556804
0.722967
0.013886
0.668809
0.104624
0.27588
0.506484
0.585987
0.041462
0.542711
0.398725
0.76735
0.791154
0.449416
0.882527
0.348225
0.198588
0.034947
0.949649
0.772342
0.820869
0.901085
0.027298
0.670254
0.719211
0.147456
0.100474
0.381724
0.422506
0.997553
0.43119
0.660155
0.321337
0.527829
0.066405
0.775336
0.673813
0.371435
0.91515
0.777775
0.247717
0.783978
0.035965
0.334128
0.870235
0.481307
0.874331
0.257119
0.752439
0.100594
0.609977
0.471687
0.030191
0.681548
0.702761
0.285738
0.10754
0.769337
0.247745
0.149167
0.35935
0.713345
0.327294
0.867333
0.269702
0.902948
0.966871
0.51488
0.073541
0.2262
0.86603
0.78712
0.560766
0.439673
0.330535
0.799153
0.094869
0.298469
0.907554
0.259116
0.702719
0.36937
0.738751
0.401405
0.405256
0.657677
0.25924
0.770119
0.377983
0.194011
0.263271
0.888802
0.269302
0.60175
0.124488
0.638492
0.224815
0.981382
0.41522
0.904863
0.268744
0.919339
0.200101
0.511792
0.546931
0.934352
0.823876
0.742152
0.069117
0.480341
0.248868
0.151684
0.171851
0.911576
0.760308
0.774282
0.370096
0.721364
0.819801
0.136881
0.265519
0.455476
0.844452
0.436866
0.967672
0.674855
0.885102
0.417022
0.252128
0.687293
0.567379
0.150807
0.406702
0.253394
0.31027
0.64164
0.589817
0.614581
0.630122
0.323827
0.58116
0.893651
0.883739
0.846729
0.878399
0.197953
0.911667
0.965135
0.458737
0.730109
0.551296
0.2869
0.262551
0.222447
0.776656
0.687578
0.136226
0.122755
0.958339
0.363077
0.223077
0.863463
0.320877
0.23342
0.201211
0.750636
0.792933
0.400257
0.669639
0.015429
0.635944
0.572791
0.461468
0.485954
0.045281
0.742003
0.98302
0.572181
0.117924
0.005375
0.122605
0.678846
0.138002
0.878092
0.201071
0.601817
0.427776
0.515501
0.449193
0.455712
0.25162
0.963986
0.08521
0.97686
0.080041
0.492064
0.590713
0.881069
0.539448
0.125155
0.543588
0.787011
0.20512
0.501232
0.617123
0.506183
0.643731
0.946402
0.625266
0.158057
0.499521
0.060165
0.95675
0.272578
0.328128
0.437409
0.412292
0.555006
0.200364
0.440911
0.162295
0.23827
0.10243
0.781644
0.071428
0.324086
0.270328
0.045567
0.869684
0.023488
0.029628
0.100681
0.416429
0.014561
0.276237
0.521716
0.943768
0.080498
0.479162
0.619688
0.188872
0.14727
0.472684
0.48045
0.583138
0.716015
0.34181
0.030351
0.998313
0.167444
0.368037
0.441284
0.382755
0.64946
0.189371
0.624845
0.28084
0.838966
0.826821
0.518693
0.096851
0.357874
0.13954
0.510598
0.937529
0.453933
0.511083
0.340992
0.12342
0.762884
0.403415
0.07543
0.472381
0.684108
0.881327
0.458987
0.921273
0.534048
0.814799
0.226076
0.505664
0.519448
0.678151
0.11386
0.516164
0.892058
0.947721
0.510365
0.577765
0.806076
0.889519
0.892354
0.815733
0.16837
0.944407
0.860923
0.285125
0.250015
0.744922
0.603934
0.301967
0.917749
0.220793
0.580524
0.560354
0.765452
0.025508
0.723665
0.921013
0.884801
0.119431
0.348441
0.191574
0.448771
0.067845
0.689079
0.591419
0.926421
0.001001
0.948586
0.275165
0.783369
0.968149
0.112112
0.625041
0.167526
0.25842
0.152408
0.804504
0.738765
0.909987
0.208366
0.460652
0.817113
0.570969
0.249121
0.93663
0.949478
0.520376
0.08298
0.963418
0.040662
0.774901
0.042247
0.398254
0.060457
0.803159
0.764259
0.304129
0.91051
0.6589
0.308125
0.737581
0.626914
0.223777
0.41068
0.038795
0.03286
0.202202
0.731237
0.977485
0.780779
0.291068
0.474763
0.800977
0.542369
0.624715
0.870966
0.056279
0.632964
0.69349
0.223488
0.270617
0.419338
0.771442
0.652999
0.320725
0.051221
0.08937
0.463262
0.846822
0.713123
0.881796
0.083499
0.031339
0.51459
0.358348
0.669358
0.046155
0.54806
0.588673
0.428111
0.394493
0.381976
0.196928
0.891125
0.004116
0.026627
0.225268
0.614701
0.74575
0.294505
0.264542
0.593314
0.274821
0.665972
0.535465
0.319904
0.564186
0.573005
0.033273
0.385545
0.810166
0.049253
0.268672
0.450661
0.820683
0.7795
0.384382
0.440943
0.075962
0.580453
0.011826
0.691648
0.276903
0.866104
0.506351
0.062031
0.462686
0.751856
0.682231
0.816885
0.961152
0.009535
0.842645
0.846988
0.532979
0.17479
0.413672
0.726814
0.42381
0.578412
0.249192
0.664557
0.552756
0.684261
0.875288
0.314217
0.498059
0.362606
0.234498
0.492581
0.713842
0.474626
0.123259
0.659748
0.771057
0.569965
0.880349
0.111057
0.213973
0.377377
0.252398
0.515939
0.791383
0.934754
0.408674
0.676092
0.743164
0.353305
0.616958
0.323189
0.667634
0.370958
0.890691
0.171675
0.916944
0.776973
0.790136
0.217627
0.203356
0.372333
0.567432
0.903178
0.206938
0.561691
0.586376
0.302462
0.17759
0.070177
0.732065
0.42907
0.93623
0.512647
0.890796
0.138009
0.604999
0.678098
0.413393
0.63702
0.584437
0.366088
0.876999
0.755317
0.154919
0.886178
0.461091
0.309155
0.780334
0.382509
0.820661
0.24492
0.166667
0.21436
0.368951
0.644788
0.369533
0.050999
0.805532
0.830287
0.317943
0.456564
0.3114
0.771069
0.939242
0.578196
0.717637
0.14535
0.929687
0.77896
0.360635
0.26329
0.177002
0.168208
0.891239
0.915031
0.766368
0.588107
0.411626
0.409291
0.859508
0.291337
0.175365
0.005306
0.841492
0.570293
0.83804
0.694748
0.786389
0.170415
0.543867
0.492669
0.978923
0.89224
0.107346
0.821203
0.743564
0.487996
0.922702
0.887145
0.661524
0.114767
0.924412
0.866865
0.073774
0.492377
0.772953
0.328081
0.292918
0.948744
0.312257
0.160662
0.501247
0.527447
0.782728
0.299674
0.261542
0.681074
0.331598
0.986848
0.265476
0.459833
0.462957
0.561059
0.292251
0.695782
0.445465
0.303195
0.593207
0.146648
0.380894
0.625273
0.711923
0.728117
0.151619
0.300551
0.424842
0.171364
0.055731
0.661507
0.004495
0.107366
0.976923
0.282131
0.006685
0.776649
0.021976
0.310024
0.441127
0.21535
0.861781
0.14408
0.074693
0.90525
0.893784
0.331171
0.959571
0.704755
0.990106
0.306612
0.495158
0.502043
0.440852
0.288386
0.139237
0.049332
0.263145
0.16072
0.98364
0.917542
0.164971
0.979096
0.062665
0.147722
0.510804
0.334534
0.480834
0.242089
0.603206
0.882921
0.375638
0.700455
0.671523
0.290694
0.349816
0.974855
0.124707
0.821976
0.829134
0.597034
0.520956
0.447713
0.491926
0.297898
0.938705
0.162839
0.208801
0.634228
0.499754
0.891539
0.876844
0.012908
0.012365
0.606099
0.514292
0.759722
0.615587
0.319831
0.977907
0.524673
0.564215
0.059749
0.956338
0.087379
0.012314
0.555229
0.671562
0.519712
0.977938
0.639994
0.886074
0.58113
0.008893
0.261431
0.055282
0.939262
0.101632
0.098579
0.460032
0.350442
0.739804
0.779354
0.957098
0.816559
0.081735
0.913073
0.921434
0.352931
0.488859
0.108034
0.776095
0.210723
0.641625
0.861855
0.221012
0.716987
0.998463
0.544467
0.687929
0.671708
0.967149
0.73856
0.189005
0.350294
0.178071
0.801066
0.499727
0.085917
0.708828
0.487787
0.807482
0.06219
0.923628
0.959876
0.73899
0.108003
0.216644
0.432762
0.250749
0.411122
0.7846
0.041271
0.432904
0.737393
0.889707
0.65071
0.073236
0.279718
0.232782
0.51111
0.765625
0.027849
0.459078
0.073248
0.775902
0.969199
0.218739
0.044604
0.3328
0.835405
0.745845
0.667541
0.817637
0.515498
0.112205
0.827127
0.564674
0.134432
0.875807
0.158702
0.188381
0.812082
0.03541
0.80394
0.135652
0.588914
0.976791
0.488186
0.946604
0.63548
0.713902
0.468946
0.627514
0.857394
0.263132
0.631866
0.099493
0.878057
0.563437
0.220775
0.751587
0.049445
0.508762
0.369663
0.485984
0.857408
0.457555
0.86877
0.728704
0.114881
0.683843
0.925852
0.612534
0.27534
0.503261
0.478098
0.298849
0.537381
0.653835
0.580145
0.858667
0.85368
0.65244
0.421618
0.146347
0.043634
0.764758
0.704324
0.36449
0.118724
0.057725
0.563748
0.497422
0.63691
0.928352
0.178811
0.173404
0.498904
0.665364
0.096615
0.423271
0.557693
0.17543
0.98751
0.672832
0.482333
0.856703
0.571843
0.400541
0.245642
0.411179
0.723582
0.367521
0.367856
0.738701
0.691652
0.159631
0.160439
0.95503
0.122874
0.934285
0.418467
0.535308
0.788252
0.882211
0.336179
0.166883
0.93567
0.456079
0.836679
0.305991
0.94746
0.671929
0.079523
0.603081
0.84557
0.537175
0.975006
0.625875
0.171123
0.975284
0.025157
0.373997
0.900238
0.276364
0.963906
0.143878
0.181631
0.337491
0.234485
0.281039
0.618038
0.421404
0.461189
0.321699
0.346306
0.552313
0.964852
0.492915
0.501241
0.193708
0.990148
0.454564
0.098216
0.302301
0.95813
0.366744
0.091885
0.821182
0.903903
0.491404
0.692433
0.182763
0.316753
0.165926
0.959894
0.456713
0.991057
0.241079
0.807902
0.782255
0.162077
0.015709
0.317671
0.508385
0.876411
0.212371
0.711886
0.478267
0.024246
0.129923
0.420123
0.422607
0.484362
0.727674
0.798713
0.453114
0.034055
0.894092
0.364572
0.557523
0.473241
0.221516
0.221318
0.823154
0.03463
0.172522
0.221634
0.853603
0.244988
0.899987
0.346796
0.502804
0.308365
0.75133
0.682572
0.482553
0.324142
0.47436
0.597464
0.489087
0.678529
0.282745
0.919672
0.350182
0.468313
0.704834
0.963228
0.588481
0.707216
0.772094
0.037825
0.842344
0.106236
0.647637
0.337426
0.245466
0.673807
0.499087
0.494757
0.750585
0.492938
0.371625
0.065112
0.765985
0.861809
0.415622
0.108269
0.044896
0.142322
0.307453
0.131089
0.500899
0.664857
0.172526
0.684988
0.044912
0.324371
0.24204
0.931803
0.285315
0.874659
0.581071
0.781165
0.293367
0.653583
0.543854
0.02321
0.472683
0.935421
0.669001
0.579539
0.2375
0.552648
0.520457
0.506657
0.021317
0.862741
0.323463
0.302241
0.054954
0.542985
0.210438
0.990203
0.676415
0.903464
0.886976
0.125637
0.449176
0.264475
0.2736
0.459458
0.365563
0.938693
0.966451
0.494025
0.576224
0.491288
0.00745
0.651226
0.099146
0.83847
0.540534
0.350443
0.313677
0.608886
0.802096
0.573841
0.559015
0.23144
0.510995
0.489752
0.525775
0.321503
0.598218
0.046416
0.185178
0.88899
0.720027
0.99951
0.474018
0.778039
0.898557
0.523869
0.186799
0.667418
0.201026
0.559078
0.9651
0.491794
0.626926
0.602059
0.885905
0.961317
0.729772
0.558279
0.440396
0.105147
0.394243
0.571998
0.16697
0.597383
0.63055
0.748055
0.810953
0.87232
0.911706
0.53615
0.803016
0.993626
0.611492
0.050077
0.446327
0.323171
0.665522
0.462323
0.828797
0.354394
0.755788
0.557278
0.037712
0.905452
0.924256
0.155763
0.234108
0.918523
0.596273
0.811126
0.354946
0.473233
0.954112
0.626595
0.33161
0.76351
0.878102
0.241315
0.832799
0.345698
0.252731
0.812702
0.430375
0.895995
0.138855
0.865565
0.623371
0.369698
0.541435
0.732815
0.28705
0.543622
0.547929
0.277458
0.359832
0.070387
0.441212
0.719544
0.865029
0.41236
0.782931
0.937843
0.112064
0.750441
0.024156
0.707733
0.836992
0.376768
0.279515
0.324296
0.282429
0.909787
0.223659
0.051095
0.436814
0.382591
0.729343
0.826247
0.130878
0.111325
0.544414
0.891597
0.10482
0.871617
0.347156
0.940426
0.923838
0.54714
0.06145
0.603672
0.062155
0.896392
0.948873
0.014175
0.294341
0.488348
0.28652
0.729803
0.154646
0.473385
0.998986
0.596207
0.233188
0.244909
0.630226
0.523422
0.292659
0.665905
0.43681
0.468278
0.533679
0.936138
0.241673
0.933258
0.809121
0.003071
0.578231
0.3861
0.81425
0.760761
0.391471
0.038727
0.21513
0.563421
0.751911
0.297473
0.719133
0.138739
0.551372
0.124761
0.278285
0.82606
0.907987
0.833823
0.145013
0.754266
0.409186
0.501195
0.627109
0.138292
0.630519
0.885203
0.405592
0.247124
0.660317
0.709032
0.570252
0.295613
0.813764
0.565284
0.762353
0.365278
0.074171
0.042445
0.664846
0.347709
0.539971
0.315046
0.607136
0.686291
0.14002
0.617499
0.445311
0.637957
0.986692
0.557229
0.210976
0.870746
0.768569
0.876527
0.624074
0.901153
0.175693
0.586097
0.227223
0.846756
0.621801
0.498076
0.635354
0.078589
0.940744
0.15564
0.721203
0.150189
0.455646
0.354724
0.333332
0.810066
0.00333
0.232745
0.165403
0.916517
0.969389
0.904077
0.842174
0.872109
0.165051
0.479864
0.98502
0.572648
0.320676
0.15914
0.96516
0.372685
0.224571
0.76571
0.100364
0.577054
0.816037
0.36207
0.604993
0.5704
0.090111
0.86256
0.991057
0.884695
0.305375
0.9499
0.394024
0.490703
0.925135
0.356189
0.184559
0.667116
0.036021
0.355353
0.146821
0.5871
0.718315
0.594536
0.297938
0.035023
0.278202
0.215113
0.761786
0.96515
0.989383
0.651639
0.544858
0.065386
0.615609
0.569801
0.392962
0.039647
0.074943
0.359388
0.95899
0.417538
0.622208
0.224361
0.284768
0.816951
0.766711
0.834133
0.517885
0.139774
0.084472
0.557202
0.301396
0.825776
0.419582
0.705498
0.944818
0.048914
0.477064
0.687107
0.926769
0.897091
0.272478
0.159456
0.802115
0.781344
0.217412
0.527207
0.04196
0.16511
0.527634
0.975605
0.814701
0.055643
0.420865
0.549065
0.447798
0.022523
0.744368
0.561321
0.075197
0.010397
0.528029
0.7151
0.182133
0.129847
0.055776
0.65482
0.597127
0.665906
0.733324
0.279913
0.149606
0.285566
0.199165
0.914022
0.619305
0.790712
0.789431
0.312257
0.276498
0.121762
0.84473
0.831784
0.540322
0.65873
0.228163
0.391895
0.452274
0.653628
0.316038
0.731075
0.564744
0.85145
0.546696
0.685964
0.605259
0.156958
0.909258
0.800281
0.487932
0.038942
0.284282
0.049861
0.661379
0.2309
0.190178
0.629908
0.125762
0.532244
0.543153
0.35408
0.850589
0.659623
0.135254
0.637197
0.50082
0.730876
0.380433
0.974283
0.165951
0.071155
0.558767
0.705763
0.368666
0.122531
0.17399
0.31626
0.107839
0.517779
0.090266
0.675434
0.254856
0.13104
0.221441
0.974749
0.97135
0.30447
0.045783
0.678583
0.63595
0.17793
0.254059
0.883971
0.013594
0.580921
0.117394
0.316183
0.015551
0.68725
0.076938
0.702496
0.057914
0.267773
0.026758
0.060622
0.892617
0.724298
0.867434
0.01291
0.804447
0.600508
0.712652
0.155798
0.330305
0.457689
0.862801
0.597216
0.237085
0.70648
0.194108
0.604515
0.862397
0.887675
0.287306
0.385925
0.569875
0.240987
0.954349
0.198242
0.694958
0.711345
0.236544
0.230928
0.930871
0.27958
0.704237
0.168446
0.433151
0.492297
0.402757
0.967284
0.636997
0.451424
0.590303
0.996272
0.756095
0.557894
0.554395
0.847058
0.167088
0.890532
0.455377
0.821726
0.231799
0.823996
0.191363
0.844093
0.183075
0.773614
0.283661
0.519089
0.771896
0.395494
0.151947
0.242616
0.049238
0.948827
0.006375
0.439503
0.645375
0.510123
0.002271
0.060516
0.77547
0.65818
0.805057
0.730657
0.246664
0.60988
0.003723
0.111798
0.316524
0.142665
0.770251
0.157278
0.496361
0.683067
0.172993
0.470517
0.943056
0.359236
0.76446
0.176468
0.897129
0.836333
0.167954
0.131234
0.594842
0.353403
0.559049
0.003588
0.988391
0.005732
0.988647
0.437593
0.431614
0.007499
0.837782
0.392482
0.426444
0.91238
0.474605
0.657322
0.652822
0.257344
0.844529
0.517335
0.400329
0.249675
0.72062
0.97498
0.39345
0.029309
0.040442
0.328569
0.951944
0.919432
0.810701
0.787438
0.003863
0.514177
0.403512
0.929104
0.636172
0.249896
0.042492
0.49847
0.872137
0.722985
0.824488
0.551878
0.137523
0.446329
0.487302
0.593089
0.043142
0.307754
0.859436
0.628132
0.433163
0.077489
0.530816
0.01938
0.514079
0.396822
0.838031
0.003954
0.028996
0.051415
0.565255
0.028043
0.425254
0.477895
0.722014
0.254962
0.288763
0.512103
0.491159
0.227219
0.597994
0.634283
0.311405
0.789467
0.432896
0.305265
0.856856
0.08221
0.216143
0.965991
0.839763
0.027122
0.41736
0.016203
0.346966
0.707467
0.271475
0.1253
0.441721
0.914634
0.262213
0.187172
0.488668
0.244062
0.522368
0.896863
0.104783
0.109011
0.422035
0.259228
0.34306
0.172368
0.983121
0.488606
0.390745
0.775588
0.177922
0.918462
0.51242
0.816401
0.103286
0.419432
0.056784
0.616438
0.68628
0.753972
0.644047
0.126614
0.765738
0.979794
0.386484
0.613394
0.469408
0.30876
0.931842
0.893221
0.060436
0.416951
0.67861
0.748581
0.459154
0.870477
0.146399
0.682367
0.682556
0.040676
0.563062
0.6037
0.360917
0.206209
0.259028
0.071251
0.840733
0.092494
0.254719
0.629244
0.241931
0.631488
0.327459
0.728449
0.87411
0.87138
0.910395
0.033121
0.160592
0.520242
0.076579
0.891124
0.086632
0.352066
0.232867
0.431121
0.910353
0.24323
0.401648
0.285872
0.310114
0.490868
0.00368
0.355546
0.710053
0.926266
0.357853
0.723299
0.716693
0.979021
0.442033
0.684212
0.579198
0.200817
0.011362
0.623314
0.571614
0.518728
0.478713
0.220125
0.254982
0.871882
0.127666
0.146147
0.302042
0.44961
0.224468
0.97642
0.117053
0.859354
0.249048
0.141989
0.644471
0.225702
0.240154
0.684873
0.764779
0.008068
0.66678
0.865818
0.340862
0.435131
0.823647
0.856252
0.873469
0.292837
0.013374
0.030366
0.879663
0.435136
0.311421
0.261414
0.00758
0.164963
0.539675
0.789218
0.027995
0.43562
0.336242
0.193031
0.705269
0.450298
0.860961
0.825518
0.338698
0.367589
0.080474
0.240474
0.660454
0.791091
0.956865
0.725316
0.17304
0.224658
0.640556
0.48945
0.076634
0.857668
0.765634
0.997448
0.623493
0.391493
0.833013
0.084544
0.570753
0.439744
0.178796
0.145956
0.984002
0.722626
0.760674
0.819329
0.056859
0.536723
0.942783
0.991223
0.180449
0.359098
0.66129
0.0799
0.728882
0.5623
0.346802
0.23277
0.816113
0.418729
0.34169
0.548236
0.578771
0.677802
0.927611
0.516472
0.172076
0.870207
0.100122
0.733678
0.637524
0.872245
0.916758
0.062165
0.139246
0.248453
0.920567
0.068814
0.463272
0.224131
0.760206
0.774795
0.655113
0.817549
0.835313
0.743985
0.28173
0.167862
0.166297
0.116402
0.146733
0.174266
0.023561
0.898405
0.001379
0.814651
0.742337
0.00758
0.696248
0.629261
0.633586
0.735243
0.001948
0.564229
0.383858
0.252964
0.012233
0.144902
0.347988
0.087587
0.717574
0.482254
0.22156
0.795384
0.071118
0.80808
0.827277
0.283535
0.490779
0.114963
0.310888
0.938884
0.788717
0.24495
0.029485
0.766505
0.322225
0.003629
0.992642
0.369
0.02302
0.858543
0.391083
0.20191
0.394747
0.64681
0.230785
0.051609
0.434143
0.787894
0.732275
0.937336
0.590864
0.523629
0.710331
0.948435
0.967409
0.615838
0.219254
0.254851
0.221086
0.353491
0.871367
0.666802
0.211679
0.682688
0.14543
0.558953
0.429435
0.324684
0.097831
0.863148
0.5614
0.317537
0.477379
0.799012
0.056048
0.592151
0.929792
0.920227
0.858913
0.019179
0.985929
0.375213
0.905753
0.507397
0.754917
0.838511
0.79066
0.886483
0.585708
0.863757
0.630907
0.537793
0.294261
0.739512
0.151891
0.912901
0.649713
0.224668
0.740709
0.336501
0.471773
0.70907
0.434534
0.709776
0.211381
0.177651
0.978369
0.062493
0.991429
0.812928
0.711827
0.488158
0.194123
0.827676
0.924809
0.437026
0.103341
0.3061
0.863851
0.097732
0.793214
0.304438
0.792619
0.699032
0.246896
0.010103
0.862387
0.389488
0.397275
0.565636
0.417706
0.285334
0.22511
0.132604
0.770436
0.381575
0.770503
0.962761
0.419425
0.106645
0.737785
0.736775
0.92382
0.482352
0.22204
0.669338
0.383652
0.12017
0.411875
0.368966
0.753511
0.160778
0.970319
0.738391
0.487513
0.614231
0.75263
0.14347
0.915488
0.616229
0.765312
0.698073
0.489275
0.488798
0.471657
0.987947
0.059219
0.91568
0.073311
0.018944
0.080843
0.589531
0.712576
0.474923
0.449708
0.674184
0.633958
0.791972
0.949897
0.958967
0.847874
0.758548
0.757507
0.732806
0.789391
0.565184
0.025122
0.081722
0.975049
0.668063
0.416001
0.743669
0.527719
0.657211
0.118588
0.720475
0.062547
0.365069
0.202988
0.319457
0.765808
0.923395
0.961525
0.359703
0.159419
0.542459
0.221298
0.597048
0.236122
0.23653
0.869687
0.854696
0.310921
0.294068
0.458392
0.272366
0.956905
0.925362
0.950592
0.181335
0.399869
0.560411
0.318453
0.020714
0.488425
0.021163
0.831008
0.581732
0.093107
0.925953
0.514669
0.861703
0.034148
0.978522
0.96338
0.091217
0.090964
0.653465
0.729488
0.6851
0.728414
0.127559
0.004508
0.065135
0.914746
0.593262
0.310703
0.157366
0.016499
0.75504
0.722808
0.463318
0.862423
0.078191
0.48937
0.700181
0.49992
0.935309
0.916042
0.714675
0.581665
0.902919
0.466788
0.936803
0.176024
0.780925
0.952564
0.953447
0.729026
0.921964
0.708537
0.177851
0.361315
0.318889
0.073942
0.877816
0.902491
0.653235
0.390844
0.220358
0.501041
0.769257
0.760861
0.482834
0.994404
0.728769
0.455924
0.637708
0.605199
0.789426
0.714328
0.489846
0.851996
0.312087
0.164024
0.097846
0.81569
0.723769
0.535636
0.236279
0.351576
0.351919
0.472159
0.431376
0.126225
0.359833
0.299014
0.89763
0.927778
0.331102
0.922617
0.705728
0.881777
0.029518
0.956831
0.402383
0.73497
0.287023
0.588291
0.04873
0.92018
0.455949
0.54086
0.528537
0.905956
0.400301
0.327358
0.173941
0.301439
0.019438
0.975436
0.75546
0.47872
0.996806
0.009008
0.580335
0.42651
0.719002
0.102106
0.946382
0.388931
0.814038
0.076578
0.684875
0.805598
0.918741
0.362698
0.846127
0.79351
0.270775
0.17827
0.850633
0.103354
0.63636
0.185326
0.968068
0.637474
0.07844
0.801551
0.577104
0.26985
0.258882
0.221899
0.198943
0.916187
0.425627
0.030559
0.094223
0.944157
0.056667
0.996441
0.23535
0.394251
0.145984
0.640642
0.616078
0.508051
0.56146
0.628377
0.352761
0.481628
0.930138
0.616709
0.984993
0.379852
0.280371
0.280586
0.97085
0.116992
0.418164
0.644171
0.293816
0.191194
0.990106
0.154066
0.412403
0.423514
0.811396
0.573189
0.688984
0.043237
0.23837
0.037964
0.142148
0.307326
0.044309
0.268231
0.877596
0.808554
0.026594
0.576153
0.548978
0.434718
0.808002
0.84259
0.919838
0.51073
0.730474
0.755282
0.215252
0.125414
0.993402
0.975266
0.28588
0.262257
0.825412
0.127341
0.473581
0.142523
0.885775
0.490924
0.658352
0.912413
0.805479
0.196962
0.339824
0.94355
0.220383
0.682899
0.24724
0.995288
0.504047
0.523366
0.302723
0.868923
0.547393
0.902925
0.409498
0.977185
0.166186
0.340388
0.794724
0.454457
0.314125
0.939064
0.842669
0.305347
0.345537
0.762558
0.599459
0.32942
0.401896
0.756644
0.462131
0.475828
0.140126
0.196886
0.599465
0.047039
0.450837
0.483194
0.421255
0.857083
0.483241
0.646732
0.237422
0.160657
0.109894
0.950176
0.143632
0.494658
0.033503
0.171832
0.155687
0.350074
0.43425
0.814198
0.949715
0.297796
0.974492
0.874174
0.854043
0.329957
0.319497
0.888193
0.039864
0.982371
0.127595
0.70477
0.106719
0.138913
0.6072
0.552374
0.915661
0.766715
0.767319
0.375951
0.402611
0.037267
0.153325
0.690386
0.55283
0.263516
0.941704
0.81269
0.321886
0.631325
0.103452
0.813202
0.523312
0.507491
0.916454
0.708484
0.407084
0.415086
0.84805
0.399307
0.948516
0.103937
0.834673
0.756146
0.281057
0.439465
0.185488
0.739903
0.767527
0.024022
0.882819
0.891093
0.858626
0.272584
0.937981
0.215285
0.050945
0.966158
0.534643
0.212322
0.125014
0.251732
0.628174
0.0109
0.73523
0.552699
0.316297
0.003252
0.648119
0.429138
0.897804
0.402335
0.076895
0.004142
0.121454
0.000476
0.050885
0.042986
0.737982
0.869311
0.896814
0.52756
0.854127
0.525665
0.341098
0.620638
0.739464
0.69377
0.424487
0.726661
0.555197
0.847686
0.932835
0.492842
0.383201
0.940311
0.359173
0.761202
0.054284
0.979018
0.827568
0.261123
0.309626
0.325978
0.742389
0.555596
0.722853
0.503708
0.261239
0.1395
0.235011
0.441022
0.968403
0.816456
0.607154
0.067622
0.389942
0.827749
0.735762
0.814157
0.121078
0.825778
0.768308
0.092403
0.141934
0.047632
0.944374
0.489484
0.057426
0.441626
0.333012
0.862438
0.260858
0.793716
0.931075
0.435723
0.874597
0.08983
0.87923
0.921156
0.830517
0.750348
0.61431
0.384541
0.912071
0.203547
0.172198
0.275069
0.726269
0.432917
0.20601
0.811009
0.578116
0.639217
0.372005
0.850685
0.127668
0.654055
0.521882
0.761677
0.954035
0.815337
0.098104
0.981969
0.502597
0.837747
0.579571
0.627913
0.516531
0.164863
0.458255
0.361524
0.795124
0.237263
0.472584
0.987416
0.136151
0.093406
0.743347
0.153553
0.718407
0.392608
0.349595
0.579693
0.26595
0.512359
0.603003
0.918729
0.283529
0.603328
0.4923
0.392163
0.649908
0.448896
0.922907
0.144014
0.247651
0.935069
0.32676
0.063868
0.895745
0.544211
0.059049
0.847511
0.488018
0.881293
0.399035
0.233714
0.658084
0.820488
0.639322
0.564684
0.752033
0.83829
0.269778
0.238877
0.691992
0.321911
0.763203
0.316501
0.730161
0.399484
0.015328
0.692384
0.087899
0.884182
0.048549
0.56132
0.622537
0.780044
0.229912
0.971941
0.041895
0.118808
0.387465
0.797323
0.285234
0.931313
0.13564
0.105581
0.27516
0.907776
0.251995
0.077501
0.016984
0.491542
0.324311
0.287003
0.094484
0.929032
0.142602
0.892255
0.525808
0.305754
0.537554
0.547288
0.774285
0.650545
0.062525
0.956241
0.434765
0.945376
0.845817
0.282796
0.568032
0.861091
0.877043
0.446635
0.784817
0.999041
0.526311
0.22249
0.350883
0.797452
0.006502
0.582889
0.182793
0.609389
0.261288
0.752585
0.620328
0.470147
0.514768
0.278753
0.883489
0.77602
0.686208
0.381205
0.718332
0.920043
0.987416
0.254435
0.220574
0.665435
0.216859
0.438511
0.323257
0.587007
0.885313
0.50488
0.958308
0.047857
0.382684
0.745886
0.24463
0.208263
0.065744
0.313366
0.915648
0.307985
0.713492
0.457144
0.101052
0.774322
0.605818
0.202301
0.200047
0.207494
0.268347
0.434871
0.601191
0.043655
0.506339
0.351401
0.408516
0.705249
0.63235
0.283071
0.062768
0.423161
0.768991
0.094971
0.46144
0.163188
0.042253
0.222549
0.972758
0.913467
0.799336
0.572464
0.144491
0.73739
0.013028
0.443683
0.405056
0.47429
0.173146
0.736321
0.145695
0.938196
0.757714
0.236411
0.792224
0.93225
0.862082
0.474266
0.497125
0.748473
0.204499
0.969163
0.349241
0.104849
0.83144
0.773728
0.852244
0.975421
0.775905
0.720729
0.286626
0.044302
0.2968
0.222445
0.112483
0.575031
0.025387
0.017132
0.143411
0.531525
0.147533
0.113884
0.297995
0.946844
0.611409
0.611441
0.32225
0.279185
0.940518
0.652846
0.393359
0.454248
0.869551
0.394326
0.841343
0.886723
0.913891
0.187743
0.56651
0.177698
0.896121
0.942047
0.39968
0.464391
0.315135
0.311895
0.61401
0.936998
0.547853
0.740463
0.672223
0.154826
0.495489
0.614236
0.430705
0.191667
0.082324
0.605146
0.230236
0.106669
0.975948
0.018019
0.338197
0.791823
0.724906
0.336154
0.742213
0.319899
0.977842
0.897792
0.373299
0.923292
0.091139
0.786327
0.672043
0.286625
0.498519
0.788319
0.743943
0.829616
0.424408
0.710774
0.758944
0.464129
0.204365
0.724744
0.814892
0.309922
0.028627
0.951682
0.099725
0.301657
0.716757
0.197741
0.832663
0.101218
0.904334
0.023075
0.595049
0.463346
0.483386
0.16141
0.920845
0.016731
0.619942
0.104421
0.694314
0.742349
0.770026
0.641084
0.280872
0.240335
0.797912
0.712877
0.250322
0.802885
0.621362
0.930262
0.636073
0.935361
0.147115
0.733195
0.444243
0.366843
0.909561
0.535266
0.708558
0.642214
0.90261
0.041721
0.231821
0.229799
0.978769
0.185095
0.555891
0.551595
0.610017
0.942307
0.887693
0.074096
0.95113
0.318254
0.756844
0.770842
0.344242
0.02044
0.474
0.57332
0.597788
0.996451
0.52715
0.466243
0.832171
0.33065
0.434482
0.209234
0.788403
0.456189
0.70825
0.751548
0.329697
0.935673
0.645352
0.660922
0.522092
0.871669
0.630116
0.450653
0.356928
0.637574
0.969058
0.412989
0.055218
0.18202
0.254452
0.886549
0.629198
0.568431
0.619057
0.874097
0.617453
0.615438
0.423008
0.927506
0.960076
0.643187
0.436741
0.093175
0.942954
0.091675
0.066467
0.765936
0.675117
0.161194
0.042936
0.828941
0.521526
0.103945
0.5386
0.711108
0.27622
0.129522
0.576982
0.880901
0.48645
0.629967
0.149851
0.251633
0.870612
0.049776
0.559008
0.186733
0.732812
0.195714
0.743507
0.519357
0.101775
0.658321
0.225272
0.587262
0.220301
0.170912
0.804349
0.554017
0.260843
0.017745
0.401775
0.714914
0.666446
0.851096
0.510072
0.262046
0.729343
0.754275
0.232747
0.494519
0.921951
0.54803
0.594201
0.503705
0.543827
0.737683
0.164872
0.610255
0.295498
0.656037
0.961092
0.957879
0.786056
0.585184
0.09959
0.091337
0.685351
0.060426
0.477792
0.151468
0.357466
0.796178
0.600682
0.363201
0.811905
0.900858
0.488639
0.905269
0.253028
0.932773
0.144082
0.739836
0.678043
0.536654
0.390694
0.595045
0.113384
0.374174
0.366257
0.43241
0.709023
0.002564
0.559626
0.460074
0.770586
0.023038
0.794176
0.232998
0.140826
0.115262
0.727127
0.715581
0.908105
0.215291
0.185
0.628335
0.64076
0.172981
0.779628
0.976824
0.997107
0.25552
0.342412
0.934376
0.729355
0.283069
0.108227
0.856238
0.240621
0.456972
0.413832
0.909355
0.764918
0.937518
0.25697
0.702827
0.337642
0.592255
0.280949
0.984351
0.295635
0.286715
0.603498
0.946942
0.966475
0.171693
0.161522
0.149156
0.699507
0.484919
0.1808
0.295594
0.520185
0.864748
0.686446
0.026571
0.060459
0.54247
0.556891
0.009252
0.867665
0.423297
0.020479
0.486029
0.756296
0.842679
0.66817
0.500395
0.020486
0.209024
0.411911
0.549698
0.560391
0.811115
0.817776
0.13264
0.058352
0.071658
0.315298
0.633769
0.105654
0.1866
0.942349
0.871232
0.425082
0.631261
0.686945
0.971766
0.155362
0.335341
0.797442
0.206491
0.947249
0.460348
0.480074
0.313626
0.555279
0.666962
0.54107
0.912108
0.516004
0.007006
0.934232
0.911545
0.561485
0.239826
0.799454
0.024322
0.486174
0.675583
0.961547
0.8858
0.969286
0.836983
0.060816
0.274696
0.891241
0.096599
0.795794
0.463068
0.215599
0.349966
0.825381
0.073884
0.000266
0.986812
0.358924
0.741048
0.364436
0.530311
0.954013
0.50353
0.47346
0.120547
0.438268
0.581953
0.541842
0.532211
0.990499
0.260033
0.823564
0.056606
0.196956
0.329814
0.585811
0.584728
0.574356
0.418263
0.179686
0.058547
0.243995
0.998184
0.810243
0.112479
0.425746
0.65171
0.207498
0.423939
0.667012
0.570873
0.394693
0.778528
0.872979
0.564897
0.426119
0.863825
0.310119
0.99351
0.865233
0.851992
0.27899
0.406367
0.141867
0.69906
0.764312
0.361256
0.823134
0.55043
0.232908
0.859958
0.691597
0.421795
0.548179
0.900319
0.280312
0.645957
0.75675
0.801366
0.8905
0.755706
0.100185
0.800704
0.870082
0.975098
0.435746
0.860191
0.874797
0.95257
0.464183
0.245627
0.960476
0.454646
0.356408
0.797263
0.276193
0.808201
0.9109
0.961717
0.476905
0.130472
0.396465
0.438553
0.544738
0.597453
0.31047
0.672702
0.988508
0.33359
0.995352
0.245628
0.221571
0.628163
0.333634
0.32639
0.409764
0.340669
0.428814
0.532453
0.206093
0.720768
0.445189
0.686857
0.448278
0.861368
0.685996
0.642587
0.930252
0.928747
0.639665
0.272249
0.892648
0.209014
0.479142
0.279338
0.148863
0.523897
0.82899
0.054789
0.693127
0.233004
0.198998
0.595629
0.400939
0.331683
0.179447
0.67449
0.226024
0.615981
0.351063
0.298017
0.71188
0.39554
0.034175
0.408668
0.71757
0.405548
0.176269
0.1493
0.625954
0.312642
0.671508
0.497316
0.019204
0.979505
0.407097
0.955694
0.30019
0.733873
0.622963
0.554868
0.611898
0.114314
0.196134
0.108034
0.792573
0.212897
0.301937
0.171441
0.333119
0.88545
0.460246
0.39314
0.787541
0.941576
0.360718
0.886689
0.132534
0.54854
0.003498
0.401713
0.308384
0.614967
0.03272
0.037972
0.757879
0.489531
0.358842
0.213803
0.859219
0.893938
0.560735
0.446455
0.339722
0.324059
0.520087
0.136585
0.223784
0.51547
0.751521
0.195187
0.566785
0.503989
0.459735
0.038115
0.633075
0.297184
0.503389
0.898874
0.659042
0.749937
0.622567
0.825875
0.91287
0.749417
0.222027
0.760113
0.799439
0.308118
0.624632
0.86677
0.509596
0.686479
0.047849
0.136405
0.050493
0.999036
0.488945
0.666461
0.134712
0.944974
0.524031
0.692319
0.065454
0.617298
0.989336
0.256277
0.937787
0.968066
0.011961
0.694017
0.093813
0.189349
0.476806
0.554515
0.586992
0.890895
0.459901
0.571002
0.386768
0.989248
0.277705
0.888122
0.079407
0.041873
0.663412
0.074658
0.527614
0.147333
0.136432
0.805793
0.946952
0.365145
0.530498
0.211027
0.127628
0.191831
0.13473
0.540107
0.731093
0.253398
0.795712
0.693924
0.665043
0.039247
0.517874
0.948969
0.773411
0.133293
0.637913
0.608246
0.062806
0.998052
0.167184
0.450439
0.154134
0.848181
0.148772
0.713836
0.37755
0.549579
0.815218
0.843162
0.302866
0.265649
0.515528
0.659087
0.0881
0.321615
0.981481
0.9334
0.753401
0.28842
0.999453
0.409205
0.708911
0.344236
0.800426
0.395755
0.979996
0.287935
0.351293
0.18395
0.206619
0.169252
0.335368
0.583242
0.462247
0.729666
0.501965
0.756129
0.715243
0.990605
0.905028
0.067989
0.524964
0.071601
0.302694
0.428871
0.690716
0.675413
0.516696
0.720314
0.211213
0.59343
0.038334
0.456757
0.734795
0.613012
0.137576
0.900991
0.656731
0.055463
0.658549
0.711721
0.874427
0.841567
0.47208
0.082995
0.055368
0.500024
0.078849
0.414912
0.828518
0.532714
0.882439
0.390236
0.851724
0.274478
0.747192
0.407788
0.246315
0.072983
0.238997
0.329135
0.043538
0.896955
0.870172
0.390213
0.776866
0.188054
0.357382
0.750365
0.216093
0.389037
0.339833
0.968775
0.381605
0.569098
0.818266
0.603859
0.691663
0.480619
0.838692
0.339917
0.664121
0.811743
0.215099
0.947118
0.337501
0.330202
0.986098
0.389917
0.118107
0.84146
0.708994
0.567037
0.268809
0.854955
0.618383
0.415491
0.134559
0.467872
0.503146
0.310277
0.81118
0.344696
0.825499
0.573949
0.558738
0.068956
0.943313
0.599799
0.406098
0.925304
0.555354
0.512521
0.229224
0.919055
0.770096
0.547783
0.296234
0.514836
0.89549
0.247312
0.564427
0.934835
0.99106
0.660817
0.973697
0.678224
0.041937
0.404846
0.310549
0.98817
0.144883
0.306583
0.01124
0.262599
0.000802
0.824145
0.319216
0.970375
0.494707
0.687251
0.364623
0.960625
0.821229
0.793313
0.037117
0.694509
0.406692
0.023364
0.102102
0.606858
0.334753
0.090373
0.334128
0.434343
0.00236
0.376752
0.749645
0.851956
0.608362
0.061441
0.236861
0.554194
0.36316
0.737458
0.416829
0.276569
0.678041
0.538339
0.39277
0.775073
0.955063
0.827304
0.203274
0.396353
0.929731
0.688527
0.772546
0.959762
0.422325
0.637464
0.464134
0.052549
0.965736
0.929658
0.388924
0.267422
0.921591
0.729967
0.695949
0.783691
0.739141
0.056961
0.827024
0.213327
0.020132
0.697748
0.849156
0.228123
0.414675
0.934371
0.553819
0.728879
0.538309
0.890498
0.542071
0.969866
0.76228
0.54917
0.37778
0.824925
0.349561
0.403105
0.432787
0.250654
0.413486
0.464508
0.719242
0.952492
0.806194
0.343893
0.500436
0.928292
0.450988
0.862653
0.731827
0.875649
0.327621
0.354783
0.531117
0.893739
0.929192
0.542624
0.311231
0.509556
0.495148
0.074457
0.137809
0.447036
0.803349
0.781976
0.215782
0.805134
0.791783
0.202719
0.248187
0.882099
0.652825
0.198549
0.166459
0.555696
0.635188
0.462734
0.056188
0.52966
0.435715
0.298833
0.39764
0.648548
0.553042
0.354393
0.512738
0.958862
0.4845
0.631516
0.011931
0.569796
0.434094
0.870085
0.828756
0.886572
0.688888
0.62888
0.926537
0.263262
0.875354
0.617189
0.333225
0.054084
0.471817
0.822674
0.581373
0.431011
0.23644
0.687523
0.398723
0.147065
0.413323
0.512747
0.675827
0.105167
0.260103
0.296942
0.566329
0.706534
0.886086
0.176288
0.563206
0.797386
0.302986
0.442718
0.950454
0.665001
0.472889
0.003891
0.275464
0.436081
0.551537
0.369393
0.639868
0.935866
0.855953
0.841134
0.069515
0.6157
0.141393
0.065331
0.445498
0.953844
0.251458
0.23383
0.559327
0.650246
0.551708
0.514008
0.097783
0.110693
0.839942
0.723738
0.867594
0.936861
0.788354
0.187308
0.440941
0.078351
0.03393
0.861469
0.95586
0.504145
0.421579
0.152225
0.914562
0.620673
0.416799
0.122918
0.65192
0.735396
0.783633
0.373036
0.95719
0.13571
0.600054
0.388056
0.702543
0.366447
0.558301
0.431917
0.951419
0.311448
0.657185
0.064851
0.175023
0.744352
0.804877
0.753586
0.634146
0.110903
0.071975
0.456132
0.064617
0.01394
0.229081
0.626006
0.689402
0.860298
0.295597
0.855648
0.55996
0.925163
0.615083
0.473214
0.093039
0.850713
0.408638
0.374717
0.555868
0.276043
0.601363
0.750011
0.333246
0.3418
0.60802
0.164341
0.882779
0.79265
0.864217
0.470474
0.571645
0.993564
0.5023
0.031241
0.509474
0.332958
0.113708
0.597125
0.050379
0.411653
0.723066
0.343998
0.527655
0.346979
0.563788
0.840138
0.863834
0.625334
0.329875
0.310244
0.857351
0.841687
0.157311
0.480275
0.12476
0.100973
0.849249
0.922731
0.916208
0.46355
0.386923
0.565981
0.554418
0.743609
0.580113
0.568957
0.974824
0.093653
0.849239
0.866642
0.425497
0.179325
0.524213
0.946905
0.288265
0.0657
0.43485
0.687647
0.773293
0.86141
0.194319
0.165892
0.775048
0.403843
0.72741
0.367288
0.875043
0.383341
0.503254
0.767245
0.520221
0.400115
0.777342
0.789938
0.356734
0.537694
0.025845
0.795084
0.112627
0.02301
0.606804
0.250979
0.486287
0.551868
0.014452
0.973189
0.385779
0.9368
0.575842
0.630576
0.378059
0.143382
0.363471
0.688334
0.268361
0.504983
0.668178
0.506584
0.119694
0.854893
0.125256
0.137915
0.467393
0.538528
0.6258
0.673601
0.082673
0.387476
0.281764
0.723772
0.340698
0.08045
0.034108
0.586109
0.421316
0.432672
0.450989
0.177052
0.303902
0.668162
0.767649
0.636225
0.611908
0.362329
0.931679
0.386209
0.588967
0.866916
0.880223
0.550726
0.018312
0.703062
0.557597
0.263556
0.443685
0.773012
0.711868
0.396876
0.888528
0.09952
0.974914
0.067001
0.962325
0.942835
0.642551
0.512192
0.909047
0.551372
0.215431
0.261259
0.517304
0.958062
0.862907
0.468014
0.738911
0.242721
0.377621
0.758539
0.215789
0.364168
0.281297
0.553827
0.777
0.928987
0.499935
0.451624
0.495561
0.244812
0.894844
0.60422
0.357569
0.476476
0.44802
0.663035
0.628264
0.647609
0.634133
0.736987
0.373595
0.859249
0.544039
0.947469
0.044263
0.226523
0.661775
0.122511
0.530211
0.723727
0.665288
0.648598
0.589592
0.242398
0.633235
0.421278
0.195571
0.649397
0.915199
0.788515
0.610414
0.851768
0.982147
0.581619
0.710212
0.400875
0.742689
0.38781
0.635648
0.826242
0.904699
0.859282
0.495508
0.497987
0.679466
0.506729
0.671942
0.949829
0.897626
0.700494
0.648933
0.157437
0.251186
0.143657
0.583974
0.117074
0.052829
0.550941
0.371563
0.572489
0.238356
0.300717
0.084673
0.272694
0.45679
0.699592
0.547874
0.083288
0.532721
0.733781
0.568082
0.698221
0.453235
0.927376
0.06585
0.389212
0.737865
0.757363
0.230352
0.272588
0.784945
0.068915
0.586184
0.247783
0.860846
0.371547
0.439948
0.860317
0.142079
0.717296
0.486038
0.031476
0.868669
0.706803
0.580403
0.342183
0.04742
0.657073
0.889306
0.760912
0.498052
0.308916
0.46552
0.709366
0.713175
0.571386
0.50085
0.686846
0.942175
0.119822
0.060207
0.939973
0.62336
0.751437
0.616237
0.565628
0.837873
0.450124
0.596365
0.255126
0.900348
0.306504
0.938629
0.223375
0.307379
0.844915
0.551165
0.830777
0.246843
0.419424
0.613876
0.346288
0.790533
0.245385
0.65089
0.119753
0.278803
0.235388
0.391464
0.249276
0.552863
0.863522
0.714655
0.844791
0.953888
0.772928
0.055186
0.903349
0.154353
0.209279
0.53919
0.480752
0.752986
0.807188
0.152937
0.648552
0.632178
0.537212
0.813555
0.22361
0.144123
0.559339
0.511252
0.72085
0.828928
0.137457
0.602314
0.306179
0.761562
0.400703
0.676351
0.267612
0.09038
0.027982
0.958385
0.323427
0.159157
0.79438
0.512376
0.435957
0.705376
0.228389
0.882426
0.068655
0.628709
0.85335
0.573581
0.153486
0.504257
0.466245
0.140229
0.352684
0.946335
0.483335
0.065772
0.989409
0.413445
0.620767
0.041096
0.206411
0.543249
0.011986
0.745699
0.911202
0.33979
0.539926
0.300577
0.725267
0.274793
0.322488
0.760075
0.857924
0.145191
0.332841
0.043403
0.931706
0.493578
0.871614
0.613687
0.463143
0.53229
0.112569
0.062019
0.292335
0.717365
0.897882
0.225761
0.354129
0.738327
0.964455
0.458553
0.156459
0.127245
0.344609
0.350571
0.276922
0.503835
0.871897
0.806999
0.314697
0.075274
0.04163
0.527261
0.80757
0.353068
0.927369
0.852301
0.545143
0.615848
0.220807
0.698498
0.329834
0.743231
0.295784
0.119296
0.720509
0.239274
0.659613
0.75279
0.631969
0.156004
0.109401
0.274655
0.794446
0.383651
0.244152
0.360031
0.251204
0.298385
0.918312
0.11193
0.976034
0.584573
0.717613
0.031217
0.246339
0.444331
0.83481
0.096233
0.184976
0.548517
0.151542
0.981801
0.080229
0.954708
0.07694
0.113347
0.350331
0.044229
0.076829
0.969433
0.896495
0.257158
0.844168
0.213078
0.419524
0.021022
0.65954
0.776567
0.610996
0.130729
0.05834
0.01039
0.507006
0.354805
0.69853
0.222225
0.49314
0.152958
0.866517
0.446624
0.591735
0.912163
0.624181
0.548918
0.363764
0.842638
0.577336
0.40572
0.237115
0.610312
0.025763
0.933828
0.859292
0.387696
0.178251
0.127246
0.661205
0.459573
0.533478
0.5453
0.205594
0.522286
0.708826
0.122319
0.699354
0.293652
0.774251
0.179721
0.77767
0.667452
0.936498
0.197409
0.870427
0.256337
0.559691
0.360316
0.974097
0.557057
0.138801
0.639833
0.361037
0.955181
0.535245
0.077961
0.869798
0.574329
0.175285
0.469297
0.032932
0.075337
0.143666
0.765657
0.561912
0.473925
0.49816
0.150527
0.192815
0.439583
0.631406
0.665947
0.634502
0.648228
0.613438
0.409731
0.897632
0.041716
0.845136
0.911854
0.074821
0.552735
0.998329
0.607867
0.626475
0.426768
0.531763
0.184306
0.175241
0.829914
0.469145
0.427703
0.377311
0.131268
0.805655
0.160823
0.517542
0.305029
0.230015
0.742859
0.551064
0.715213
0.908062
0.013235
0.040987
0.789451
0.515885
0.728374
0.477823
0.85465
0.468673
0.445604
0.527559
0.878621
0.524016
0.826444
0.977736
0.985911
0.955065
0.515672
0.265822
0.652238
0.27947
0.68473
0.169749
0.315634
0.434514
0.683684
0.831335
0.236411
0.570863
0.444505
0.505177
0.999345
0.262122
0.162243
0.885137
0.674876
0.656825
0.481632
0.069259
0.060459
0.645328
0.100588
0.061365
0.91611
0.971148
0.421327
0.979586
0.4737
0.482936
0.580769
0.580499
0.556263
0.562196
0.656768
0.785395
0.386856
0.769636
0.860929
0.893404
0.939296
0.831967
0.09294
0.83621
0.284861
0.119095
0.788103
0.262349
0.421932
0.997238
0.759434
0.70734
0.943268
0.722133
0.86514
0.505948
0.332985
0.894967
0.21459
0.52768
0.479834
0.55583
0.66265
0.537327
0.645243
0.42547
0.980226
0.61447
0.625207
0.682032
0.304773
0.976728
0.124794
0.531664
0.404581
0.229899
0.708605
0.458969
0.353751
0.317119
0.121149
0.964366
0.706684
0.43622
0.205006
0.992049
0.233926
0.312179
0.206966
0.338055
0.049652
0.214763
0.425769
0.45013
0.316658
0.580483
0.834286
0.141926
0.449673
0.85528
0.359725
0.245143
0.678053
0.327347
0.335016
0.366099
0.663865
0.050379
0.36236
0.72851
0.874765
0.924244
0.770399
0.884069
0.814546
0.109346
0.367495
0.815152
0.084851
0.564442
0.175211
0.65187
0.777105
0.039728
0.125408
0.749301
0.514051
0.216538
0.386419
0.68137
0.872008
0.77339
0.119853
0.773255
0.066233
0.976189
0.404666
0.648363
0.366035
0.973134
0.394087
0.294869
0.260659
0.836396
0.696015
0.392353
0.497621
0.819069
0.649546
0.73899
0.972824
0.839469
0.130475
0.068025
0.563828
0.499902
0.151751
0.934918
0.210373
0.898726
0.811016
0.181816
0.859021
0.641898
0.314543
0.489499
0.857902
0.300089
0.770172
0.687217
0.237627
0.256337
0.823928
0.43834
0.934168
0.155055
0.59758
0.320123
0.316722
0.241484
0.580526
0.833207
0.904787
0.371002
0.632518
0.980561
0.815418
0.620634
0.450553
0.434686
0.15726
0.060881
0.528093
0.227333
0.026094
0.149229
0.443508
0.357773
0.398018
0.432566
0.940209
0.993435
0.882834
0.968704
0.021475
0.117834
0.51982
0.053517
0.012979
0.515115
0.332441
0.902676
0.03995
0.241564
0.687731
0.356666
0.31248
0.148203
0.863451
0.797575
0.983777
0.735957
0.689464
0.732878
0.67069
0.396995
0.939795
0.072969
0.92449
0.452331
0.748698
0.231539
0.239091
0.381284
0.988285
0.5134
0.552236
0.378392
0.710673
0.171613
0.518779
0.547354
0.735504
0.106215
0.597676
0.097608
0.59145
0.167705
0.075011
0.117599
0.044655
0.90392
0.579526
0.093949
0.373401
0.281946
0.733291
0.076412
0.065748
0.222678
0.352243
0.581337
0.958837
0.091766
0.478419
0.29608
0.811659
0.114671
0.431463
0.470562
0.580354
0.767906
0.326513
0.474748
0.754246
0.830105
0.824891
0.198454
0.274544
0.833235
0.337646
0.311061
0.783498
0.729656
0.9643
0.530005
0.988703
0.370934
0.18432
0.679503
0.899829
0.343694
0.665512
0.928249
0.098312
0.327658
0.464806
0.369864
0.906328
0.231728
0.896928
0.260908
0.391139
0.616214
0.604233
0.495459
0.284182
0.083702
0.907072
0.444347
0.616034
0.772032
0.271074
0.337214
0.993421
0.970713
0.303158
0.086575
0.729715
0.140321
0.501671
0.296938
0.847782
0.407635
0.967047
0.976052
0.315709
0.686468
0.934258
0.175134
0.323818
0.45885
0.927457
0.07768
0.77283
0.236029
0.679231
0.988945
0.034568
0.257675
0.17916
0.452404
0.3134
0.73707
0.153344
0.113142
0.786343
0.053264
0.783686
0.520789
0.03042
0.876525
0.151677
0.530107
0.774247
0.864153
0.691828
0.553823
0.917747
0.762833
0.181226
0.975765
0.418749
0.21503
0.423955
0.444395
0.239294
0.05222
0.205544
0.574642
0.870685
0.979908
0.076258
0.445416
0.024511
0.584657
0.135506
0.132023
0.318436
0.903691
0.72304
0.810079
0.752706
0.373801
0.003331
0.09904
0.794177
0.497628
0.465268
0.546129
0.879064
0.685435
0.017798
0.237374
0.792293
0.237427
0.816148
0.319394
0.793759
0.229621
0.379649
0.827953
0.050189
0.304097
0.00819
0.949868
0.365251
0.32076
0.871417
0.304139
0.654248
0.567968
0.025262
0.376846
0.452405
0.209999
0.456853
0.949975
0.616855
0.123877
0.925548
0.124468
0.596019
0.136355
0.769657
0.351977
0.698945
0.386867
0.152639
0.014527
0.140488
0.055547
0.118034
0.03078
0.073051
0.418348
0.618268
0.189717
0.084938
0.798654
0.041852
0.552011
0.041649
0.115031
0.056705
0.844452
0.631785
0.011926
0.266328
0.476537
0.2634
0.651421
0.088277
0.551125
0.683023
0.104265
0.028069
0.183702
0.835093
0.016419
0.561419
0.509654
0.7842
0.836222
0.249515
0.828359
0.914128
0.231518
0.217705
0.304724
0.654351
0.408902
0.825526
0.944539
0.510495
0.8101
0.748574
0.796532
0.738824
0.73865
0.131608
0.525604
0.76619
0.350864
0.315388
0.772186
0.064763
0.508792
0.673551
0.200499
0.805252
0.434896
0.469843
0.819066
0.950178
0.688566
0.771036
0.471935
0.834132
0.058742
0.428627
0.836424
0.980923
0.260104
0.888251
0.990537
0.294369
0.847476
0.473397
0.999049
0.211594
0.594597
0.368146
0.490241
0.393592
0.71307
0.663389
0.879255
0.235923
0.437635
0.707389
0.696527
0.392439
0.035794
0.485882
0.346487
0.192008
0.771134
0.086234
0.713285
0.676202
0.898982
0.408137
0.757812
0.254175
0.784162
0.77466
0.276941
0.398238
0.946304
0.772222
0.022898
0.330392
0.686565
0.95195
0.821818
0.837008
0.502065
0.154632
0.397945
0.216643
0.086321
0.850649
0.760776
0.271036
0.557384
0.972593
0.25657
0.493381
0.520276
0.880649
0.860158
0.217285
0.280055
0.151866
0.60719
0.310135
0.188811
0.272599
0.599899
0.671476
0.054907
0.988311
0.123486
0.584178
0.198694
0.354993
0.140037
0.325153
0.540082
0.341149
0.076224
0.879605
0.24574
0.402399
0.697893
0.187151
0.225357
0.026852
0.317192
0.689396
0.094282
0.564406
0.572274
0.764614
0.443011
0.603633
0.810521
0.641771
0.719686
0.292672
0.160184
0.988752
0.399081
0.255312
0.637214
0.696084
0.506488
0.139133
0.631446
0.588779
0.752708
0.25535
0.715442
0.412782
0.811957
0.189385
0.95774
0.293044
0.249246
0.546325
0.224401
0.389518
0.068207
0.643276
0.633207
0.844542
0.868665
0.418348
0.474744
0.12399
0.749432
0.331161
0.124321
0.854162
0.90676
0.223973
0.399079
0.413192
0.267615
0.562456
0.844051
0.501682
0.5508
0.103866
0.577434
0.82983
0.889088
0.754659
0.042608
0.204501
0.293055
0.36007
0.640183
0.57521
0.581374
0.243833
0.78367
0.677648
0.895008
0.196958
0.127885
0.524172
0.971168
0.72073
0.355126
0.839427
0.967893
0.695065
0.718116
0.429615
0.419846
0.241012
0.399896
0.575119
0.507614
0.970788
0.269104
0.106302
0.082942
0.89191
0.595368
0.478347
0.848694
0.490455
0.802951
0.638538
0.263587
0.581094
0.244094
0.580026
0.944006
0.763068
0.425844
0.393792
0.751717
0.891031
0.60857
0.863056
0.236108
0.115762
0.562008
0.893423
0.594813
0.368921
0.522118
0.902679
0.065613
0.141448
0.022882
0.757525
0.289826
0.469692
0.569266
0.178249
0.286002
0.642155
0.895015
0.023567
0.575489
0.596685
0.065945
0.039956
0.553088
0.612342
0.764123
0.488809
0.86713
0.341107
0.223715
0.54206
0.368014
0.405739
0.579324
0.057332
0.654907
0.438565
0.12862
0.982392
0.22686
0.388642
0.401909
0.416813
0.123167
0.989585
0.171603
0.669286
0.199298
0.572025
0.065806
0.543792
0.391826
0.581818
0.364148
0.383413
0.49139
0.689218
0.774108
0.542622
0.52675
0.436363
0.819804
0.531403
0.099858
0.272056
0.370847
0.788844
0.509916
0.674604
0.624298
0.243271
0.429979
0.735492
0.30392
0.352503
0.009782
0.703056
0.504278
0.781666
0.33065
0.524682
0.054894
0.908425
0.693102
0.803842
0.818328
0.420374
0.642567
0.612392
0.180289
0.205327
0.233692
0.354567
0.391149
0.777749
0.501965
0.433289
0.030972
0.179967
0.394397
0.207689
0.321868
0.766284
0.860943
0.328108
0.977463
0.314816
0.670755
0.521874
0.900495
0.96331
0.04888
0.149329
0.24457
0.682495
0.479735
0.915525
0.906829
0.435458
0.384288
0.395573
0.626056
0.645304
0.430057
0.476635
0.801445
0.61639
0.847687
0.022314
0.287503
0.092326
0.343791
0.170749
0.182801
0.851239
0.785749
0.725668
0.684455
0.484468
0.535794
0.192752
0.020947
0.953789
0.49697
0.702432
0.981909
0.823461
0.80049
0.393976
0.865999
0.27623
0.433754
0.999797
0.024345
0.329749
0.645015
0.422358
0.625354
0.939991
0.293922
0.967235
0.324461
0.570504
0.08799
0.556576
0.497816
0.147554
0.065993
0.127455
0.636851
0.704305
0.744517
0.777338
0.296286
0.13448
0.783854
0.10608
0.659298
0.406381
0.739743
0.163003
0.510263
0.11799
0.002871
0.20281
0.157749
0.55141
0.559266
0.039154
0.579381
0.61032
0.923325
0.028564
0.831633
0.525016
0.350013
0.149511
0.635873
0.262931
0.182959
0.227527
0.526689
0.920462
0.854041
0.128481
0.005445
0.187505
0.169866
0.790243
0.329086
0.103152
0.546755
0.700738
0.017815
0.676842
0.739863
0.123688
0.850207
0.773472
0.024162
0.407853
0.288147
0.95903
0.428115
0.184092
0.164659
0.240015
0.925318
0.891385
0.789125
0.301327
0.320609
0.768844
0.384255
0.679573
0.121805
0.583284
0.180846
0.802736
0.59656
0.749075
0.450733
0.807282
0.81315
0.952426
0.473078
0.979893
0.224475
0.467139
0.036443
0.182271
0.228934
0.449886
0.987871
0.924068
0.405471
0.793192
0.865879
0.729168
0.314478
0.513079
0.963245
0.953656
0.545505
0.72234
0.385964
0.646391
0.046795
0.331091
0.233757
0.952011
0.005901
0.836419
0.903349
0.089181
0.163851
0.374564
0.025895
0.430621
0.066644
0.940483
0.588199
0.758136
0.489656
0.463816
0.346552
0.974988
0.769802
0.772573
0.434509
0.109861
0.870834
0.088306
0.176125
0.881746
0.934051
0.17245
0.692217
0.703209
0.48269
0.160101
0.080183
0.083848
0.458506
0.978212
0.900453
0.672788
0.687166
0.143822
0.290263
0.570103
0.117502
0.950443
0.826935
0.309988
0.902183
0.048229
0.370323
0.022813
0.71882
0.064967
0.345388
0.576428
0.340857
0.235739
0.421246
0.279724
0.423158
0.513171
0.271658
0.057855
0.684786
0.521182
0.897523
0.246417
0.424981
0.917142
0.53046
0.251105
0.893194
0.689893
0.16349
0.738817
0.429891
0.257684
0.620903
0.621327
0.101434
0.766775
0.412407
0.603739
0.537375
0.971231
0.798733
0.516384
0.52571
0.910575
0.713471
0.255413
0.253446
0.407208
0.829451
0.596267
0.997704
0.246944
0.110893
0.225613
0.271793
0.381286
0.458974
0.312638
0.995176
0.29704
0.554123
0.163013
0.292687
0.77547
0.929072
0.779552
0.190143
0.659054
0.091932
0.592082
0.44778
0.150187
0.816
0.32834
0.482767
0.643193
0.661718
0.180841
0.945654
0.153381
0.782759
0.598682
0.255417
0.47123
0.515758
0.336558
0.859664
0.461572
0.407302
0.336976
0.48093
0.991892
0.409809
0.200866
0.387803
0.239194
0.732887
0.850823
0.453944
0.105763
0.327893
0.000724
0.30895
0.06433
0.876755
0.528083
0.07238
0.15274
0.258814
0.75836
0.235535
0.409166
0.748084
0.269214
0.791624
0.060796
0.69184
0.662262
0.596801
0.968602
0.605186
0.429062
0.898418
0.605323
0.978384
0.663648
0.871807
0.341582
0.453685
0.840887
0.643157
0.508989
0.025225
0.260784
0.013748
0.094384
0.559168
0.28453
0.7059
0.465357
0.156092
0.405276
0.399545
0.938876
0.194632
0.135057
0.537307
0.2069
0.844905
0.590869
0.681162
0.693786
0.357927
0.352228
0.931428
0.956555
0.368712
0.262924
0.785061
0.92676
0.729617
0.211962
0.036856
0.793434
0.261115
0.419706
0.551377
0.251809
0.299673
0.42328
0.739666
0.610897
0.698795
0.614052
0.250991
0.270842
0.499964
0.319442
0.483955
0.152014
0.364018
0.500504
0.270773
0.667882
0.829565
0.911754
0.542694
0.868773
0.69561
0.54391
0.862487
0.727518
0.925785
0.478724
0.679255
0.081758
0.589595
0.002856
0.536289
0.872997
0.737546
0.350151
0.739696
0.402962
0.28696
0.607876
0.143902
0.27895
0.395174
0.662632
0.217721
0.63247
0.794477
0.338341
0.373783
0.959416
0.576242
0.463
0.125049
0.767389
0.699319
0.277792
0.793598
0.688019
0.484772
0.919871
0.595491
0.23862
0.003596
0.29341
0.947409
0.447761
0.897154
0.857593
0.712799
0.477366
0.958754
0.499281
0.023755
0.892881
0.133092
0.823129
0.207954
0.715997
0.912605
0.02653
0.741786
0.554693
0.928882
0.710814
0.814298
0.326884
0.494499
0.263702
0.827423
0.720666
0.731074
0.630408
0.472344
0.319841
0.758035
0.962464
0.699323
0.988006
0.284797
0.577797
0.345624
0.315612
0.278553
0.403917
0.390414
0.568124
0.459114
0.027799
0.975208
0.488931
0.958379
0.110695
0.097822
0.296188
0.872905
0.882986
0.784969
0.493599
0.891838
0.367204
0.679025
0.943104
0.039323
0.61393
0.801318
0.483236
0.598099
0.704158
0.775388
0.219515
0.948887
0.609777
0.202076
0.786825
0.808916
0.33732
0.305664
0.838501
0.723553
0.799016
0.900205
0.338164
0.866706
0.920548
0.464289
0.051032
0.719747
0.491469
0.326275
0.290264
0.332878
0.679538
0.99703
0.026203
0.953156
0.631442
0.022276
0.341969
0.113172
0.010116
0.859038
0.361254
0.532574
0.940464
0.702966
0.360479
0.604592
0.476902
0.988813
0.932121
0.351725
0.624564
0.707539
0.000669
0.67661
0.383297
0.807363
0.428336
0.67482
0.903911
0.679073
0.241049
0.004222
0.8681
0.450535
0.21089
0.243491
0.576116
0.224558
0.480209
0.736935
0.44663
0.493514
0.527278
0.478983
0.568145
0.049817
0.505662
0.415076
0.368619
0.131207
0.197587
0.26956
0.241495
0.943939
0.623141
0.931278
0.64833
0.243289
0.964196
0.991975
0.024354
0.465967
0.669161
0.570532
0.464129
0.524838
0.725684
0.004102
0.670266
0.694025
0.885173
0.231712
0.781808
0.455237
0.06297
0.449493
0.355776
0.612436
0.29285
0.38129
0.99919
0.962365
0.587672
0.477653
0.081382
0.285748
0.366386
0.336438
0.105149
0.294032
0.302691
0.658712
0.892734
0.905232
0.362839
0.093053
0.340311
0.120189
0.918794
0.196501
0.300726
0.761463
0.248331
0.346128
0.943814
0.046879
0.375742
0.066438
0.084109
0.86971
0.615211
0.339384
0.679791
0.843746
0.051882
0.991407
0.800215
0.79208
0.463071
0.53174
0.448088
0.639218
0.94031
0.943628
0.982291
0.484267
0.135715
0.032476
0.357209
0.032623
0.87574
0.259841
0.240249
0.305869
0.746557
0.463367
0.909406
0.779633
0.397894
0.628447
0.136384
0.542121
0.918318
0.963357
0.053675
0.08239
0.706439
0.91872
0.141661
0.916479
0.275404
0.265795
0.362434
0.00436
0.927926
0.701209
0.452397
0.450043
0.933352
0.931133
0.637495
0.150178
0.879215
0.202994
0.980901
0.921291
0.871097
0.053277
0.367313
0.572364
0.455471
0.758654
0.684283
0.387724
0.644865
0.49072
0.344053
0.858929
0.47609
0.706187
0.087665
0.855175
0.056051
0.82837
0.679531
0.402724
0.651683
0.513912
0.954405
0.901338
0.58981
0.907121
0.881781
0.544087
0.773534
0.382071
0.007376
0.236433
0.987695
0.890237
0.038865
0.963607
0.868969
0.134847
0.845253
0.038227
0.611229
0.542163
0.794732
0.229191
0.240012
0.780697
0.912568
0.023223
0.078857
0.683025
0.557098
0.613129
0.767207
0.621871
0.736575
0.769909
0.089194
0.334566
0.742509
0.77031
0.782962
0.164656
0.584518
0.830441
0.462381
0.666942
0.535394
0.883197
0.371174
0.234099
0.544938
0.601136
0.15875
0.99813
0.009932
0.701774
0.087835
0.35217
0.502098
0.784418
0.692891
0.657173
0.4787
0.137843
0.501092
0.72848
0.791233
0.440188
0.756072
0.450016
0.571887
0.115762
0.201298
0.698222
0.357004
0.272345
0.358914
0.680553
0.350442
0.069219
0.114606
0.289568
0.375815
0.121292
0.067549
0.706737
0.231146
0.764748
0.523855
0.098996
0.008312
0.396536
0.156506
0.333804
0.170682
0.760116
0.182609
0.850331
0.478699
0.289623
0.856514
0.019772
0.761024
0.338076
0.210746
0.175548
0.679667
0.257417
0.59417
0.17332
0.575614
0.060872
0.421561
0.353401
0.524842
0.618053
0.751349
0.394618
0.250921
0.710858
0.386478
0.59392
0.320322
0.008228
0.533322
0.509763
0.48561
0.548946
0.405439
0.031894
0.647234
0.406779
0.172254
0.028857
0.287055
0.459883
0.781782
0.836688
0.131454
0.195506
0.424907
0.714172
0.631302
0.145971
0.872065
0.753267
0.217928
0.612066
0.640576
0.828096
0.903058
0.841321
0.587442
0.790532
0.256793
0.407752
0.143696
0.76629
0.690899
0.576497
0.002321
0.560767
0.952345
0.677494
0.213615
0.524002
0.412068
0.994617
0.643148
0.391772
0.988837
0.531684
0.340983
0.724597
0.329391
0.374659
0.181423
0.812108
0.838044
0.088361
0.143123
0.938242
0.196773
0.860714
0.784102
0.988613
0.582702
0.899469
0.439567
0.685507
0.343715
0.032356
0.575837
0.131785
0.369486
0.739193
0.642032
0.041907
0.2627
0.565305
0.790975
0.568729
0.119816
0.583546
0.652832
0.21552
0.702707
0.716874
0.691575
0.121634
0.043588
0.79768
0.409109
0.315547
0.750401
0.329619
0.442776
0.552094
0.386265
0.449009
0.900632
0.50712
0.119672
0.419795
0.111801
0.271025
0.439749
0.321971
0.498008
0.487456
0.726499
0.562559
0.096874
0.356985
0.188424
0.762369
0.500944
0.363385
0.522746
0.794133
0.171847
0.563898
0.433292
0.367957
0.441274
0.474115
0.943679
0.601404
0.44155
0.287483
0.38633
0.644758
0.226738
0.911109
0.633685
0.025059
0.942055
0.131412
0.625481
0.023352
0.13405
0.301885
0.670812
0.652425
0.725688
0.793022
0.781054
0.548534
0.314888
0.274495
0.992141
0.224063
0.518614
0.531863
0.407506
0.03749
0.927427
0.942656
0.89305
0.121492
0.553199
0.01704
0.847023
0.268878
0.461904
0.774707
0.62462
0.798339
0.803708
0.993941
0.960795
0.096138
0.859538
0.035373
0.378811
0.634377
0.002061
0.944565
0.317617
0.657825
0.407293
0.954931
0.141454
0.394135
0.507435
0.344807
0.043494
0.567419
0.019073
0.726569
0.551816
0.294449
0.540576
0.61111
0.326138
0.037319
0.251495
0.822909
0.898111
0.718327
0.66383
0.889171
0.152926
0.595721
0.082306
0.685757
0.847961
0.29366
0.232057
0.597087
0.708954
0.074276
0.417955
0.835098
0.933508
0.860509
0.16789
0.49017
0.477612
0.661368
0.029627
0.371261
0.127187
0.387932
0.044988
0.151398
0.620762
0.965952
0.872286
0.502983
0.062343
0.828183
0.587135
0.130126
0.706231
0.906018
0.124318
0.556979
0.90697
0.611032
0.903215
0.995021
0.52785
0.971977
0.688541
0.020077
0.873701
0.006302
0.147036
0.277397
0.943184
0.202801
0.984815
0.492938
0.382931
0.577192
0.961574
0.195132
0.174863
0.984345
0.30768
0.941972
0.549735
0.881307
0.015734
0.241353
0.548903
0.952977
0.057831
0.938468
0.953028
0.952709
0.096917
0.114242
0.979114
0.285645
0.678758
0.721718
0.827153
0.432942
0.831175
0.136851
0.451538
0.118742
0.446401
0.193099
0.674203
0.142501
0.822729
0.725174
0.297215
0.40833
0.490015
0.29449
0.805141
0.243258
0.007715
0.329943
0.410445
0.176121
0.097705
0.306481
0.975848
0.070664
0.460321
0.94401
0.070047
0.924102
0.826144
0.364658
0.432172
0.776718
0.515602
0.63708
0.522688
0.037851
0.857144
0.282219
0.337165
0.457731
0.380168
0.098476
0.717345
0.247094
0.001634
0.542783
0.004234
0.884416
0.535815
0.532127
0.417985
0.679162
0.447466
0.25512
0.269521
0.80628
0.575455
0.015368
0.113392
0.736992
0.600016
0.35009
0.928053
0.461488
0.732904
0.870419
0.702774
0.339716
0.935219
0.843112
0.763151
0.946374
0.09836
0.378221
0.53196
0.567816
0.389436
0.144825
0.558661
0.978161
0.197104
0.220852
0.404854
0.316451
0.928865
0.750365
0.203668
0.320013
0.746716
0.426332
0.810742
0.181679
0.835558
0.685354
0.532191
0.901398
0.749679
0.39615
0.512065
0.508617
0.858432
0.643902
0.842901
0.387388
0.477237
0.155414
0.996106
0.310211
0.790014
0.908605
0.523595
0.678335
0.598055
0.330066
0.015728
0.854432
0.466119
0.57723
0.805184
0.471351
0.258987
0.710411
0.762721
0.312382
0.077646
0.663447
0.36243
0.893469
0.704233
0.481319
0.879699
0.120596
0.369204
0.110058
0.757902
0.15034
0.587124
0.711377
0.264448
0.514225
0.158061
0.280986
0.048568
0.727283
0.016176
0.625105
0.465365
0.41884
0.059432
0.006653
0.350814
0.711807
0.821982
0.289508
0.880182
0.870083
0.269758
0.662452
0.237825
0.069707
0.087319
0.269338
0.984625
0.118393
0.163892
0.139032
0.422053
0.345112
0.123075
0.669133
0.308354
0.275506
0.322085
0.077191
0.003961
0.375129
0.041679
0.599786
0.421867
0.895863
0.893957
0.790431
0.370205
0.236536
0.873287
0.932003
0.472
0.796401
0.573872
0.5535
0.475556
0.719747
0.607119
0.921176
0.155299
0.022826
0.199636
0.477033
0.28979
0.128853
0.313309
0.278219
0.593923
0.392625
0.551928
0.652218
0.238544
0.091349
0.678129
0.039238
0.04638
0.072735
0.157204
0.492725
0.903709
0.313973
0.460979
0.891044
0.180507
0.64487
0.319065
0.157699
0.300185
0.076322
0.745696
0.4805
0.861934
0.17848
0.839219
0.496923
0.319674
0.408493
0.407947
0.947975
0.33661
0.341323
0.268256
0.910458
0.735684
0.060863
0.156676
0.498909
0.297046
0.62306
0.553407
0.99732
0.446047
0.224113
0.287009
0.935698
0.075167
0.092585
0.097357
0.346565
0.442089
0.763448
0.322998
0.960459
0.402805
0.72755
0.031979
0.947145
0.081133
0.755772
0.871622
0.460436
0.068534
0.101351
0.909339
0.782059
0.532153
0.454594
0.085256
0.639646
0.988233
0.038036
0.065416
0.332961
0.596249
0.732363
0.814497
0.210284
0.921916
0.026459
0.369199
0.792749
0.38877
0.822957
0.716269
0.570932
0.419576
0.3065
0.919641
0.530773
0.329851
0.714927
0.622476
0.454976
0.819059
0.54321
0.434058
0.929911
0.343087
0.341117
0.245629
0.440561
0.743265
0.658935
0.736586
0.169157
0.372991
0.266055
0.109897
0.222465
0.286738
0.999442
0.530212
0.978888
0.864766
0.836369
0.995899
0.596831
0.371983
0.279709
0.363665
0.622175
0.744735
0.67858
0.931077
0.488902
0.017095
0.007111
0.638599
0.301398
0.212393
0.451988
0.970195
0.723028
0.019375
0.675679
0.885357
0.357742
0.297513
0.480256
0.939102
0.826129
0.473865
0.150491
0.281867
0.193785
0.293875
0.604043
0.946345
0.148612
0.817102
0.177458
0.184511
0.134675
0.453982
0.904581
0.237406
0.281962
0.028485
0.246789
0.577863
0.381922
0.573667
0.042397
0.652028
0.152054
0.255266
0.578034
0.146727
0.40074
0.12247
0.184457
0.73199
0.782315
0.80552
0.796512
0.334649
0.932075
0.544363
0.483643
0.737155
0.517313
0.881942
0.516777
0.105961
0.781306
0.805991
0.568611
0.53694
0.204154
0.032158
0.956006
0.735287
0.789831
0.923715
0.229752
0.822959
0.045778
0.830139
0.829781
0.365201
0.440798
0.551958
0.387012
0.921891
0.182204
0.334075
0.909622
0.447574
0.236741
0.489267
0.897091
0.374121
0.996037
0.062397
0.416356
0.08859
0.905294
0.965716
0.40173
0.736746
0.941316
0.7109
0.955196
0.632899
0.250069
0.756816
0.551749
0.854236
0.943114
0.812617
0.357978
0.365452
0.878535
0.282454
0.420931
0.871778
0.711516
0.383641
0.999168
0.233058
0.865508
0.189184
0.317129
0.099493
0.000334
0.127158
0.018067
0.362727
0.818361
0.918737
0.080865
0.554035
0.331064
0.403927
0.415592
0.906604
0.910423
0.003436
0.473655
0.707048
0.944197
0.544713
0.06576
0.747165
0.199945
0.154561
0.395172
0.93306
0.410913
0.640993
0.536311
0.652854
0.090933
0.096811
0.813551
0.132269
0.667982
0.974207
0.849153
0.867991
0.534078
0.027845
0.087554
0.845335
0.497494
0.771731
0.015543
0.701064
0.72139
0.144026
0.486845
0.105357
0.506751
0.393733
0.95421
0.649436
0.646834
0.638836
0.464272
0.945785
0.178252
0.762847
0.77178
0.500353
0.592196
0.607812
0.553883
0.912779
0.023714
0.563231
0.520333
0.392794
0.381888
0.127258
0.587719
0.652678
0.764568
0.181756
0.520943
0.137837
0.846345
0.940651
0.692941
0.804724
0.222368
0.56918
0.937025
0.157395
0.838736
0.161259
0.080612
0.700121
0.631863
0.391054
0.187211
0.768231
0.378027
0.608127
0.081748
0.67881
0.358198
0.550829
0.623008
0.184493
0.687993
0.680347
0.064888
0.987321
0.743915
0.029299
0.005202
0.252215
0.051946
0.938407
0.4999
0.554588
0.060932
0.257422
0.493052
0.04773
0.764666
0.870228
0.5507
0.055699
0.048475
0.632799
0.816476
0.658252
0.775877
0.855905
0.859075
0.238213
0.060628
0.245916
0.688097
0.776533
0.011004
0.936144
0.789679
0.581769
0.270836
0.124351
0.727943
0.702147
0.446441
0.754353
0.276613
0.944524
0.043335
0.585324
0.820265
0.178931
0.57277
0.032349
0.085347
0.460675
0.894987
0.524745
0.443714
0.158088
0.096564
0.606429
0.075266
0.296014
0.623909
0.577883
0.176693
0.733916
0.510541
0.790666
0.151333
0.280178
0.591747
0.719786
0.289696
0.423998
0.88684
0.942948
0.569892
0.559143
0.619714
0.4168
0.512531
0.109379
0.787625
0.637506
0.782581
0.279865
0.587702
0.936849
0.267588
0.427365
0.212141
0.693633
0.452478
0.78596
0.207241
0.190248
0.955419
0.038384
0.440751
0.796699
0.976637
0.883197
0.221411
0.408533
0.202196
0.139113
0.98381
0.558386
0.211086
0.404742
0.8013
0.367617
0.965597
0.076416
0.865061
0.049654
0.922354
0.37443
0.025079
0.876199
0.41959
0.164444
0.324544
0.606231
0.610081
0.714427
0.004654
0.912682
0.930274
0.989912
0.27561
0.481912
0.396221
0.132377
0.3623
0.610792
0.864233
0.062422
0.964832
0.778937
0.502699
0.375544
0.503676
0.541668
0.76833
0.934658
0.877673
0.728492
0.662345
0.006783
0.417591
0.33594
0.296929
0.562911
0.425812
0.262259
0.364911
0.827895
0.339583
0.821031
0.891667
0.714672
0.278322
0.528317
0.460338
0.195281
0.795345
0.031347
0.812176
0.339253
0.668192
0.321378
0.644646
0.169393
0.520357
0.409894
0.222526
0.904374
0.667311
0.724616
0.811069
0.309849
0.823085
0.244723
0.218508
0.035441
0.858218
0.535404
0.825108
0.860915
0.802046
0.562203
0.169749
0.64793
0.014822
0.971101
0.800136
0.831036
0.416726
0.433261
0.661636
0.025008
0.224354
0.935884
0.233573
0.136288
0.036293
0.087576
0.541056
0.927922
0.886138
0.24994
0.32303
0.819482
0.083331
0.861178
0.485813
0.07348
0.554871
0.103509
0.310966
0.802342
0.533141
0.319292
0.448574
0.309459
0.624122
0.838264
0.162524
0.489512
0.040889
0.26801
0.688361
0.813243
0.084918
0.598641
0.687118
0.730635
0.134915
0.579137
0.157909
0.93604
0.240433
0.761915
0.551225
0.757766
0.651275
0.783044
0.045064
0.208747
0.846891
0.373221
0.643413
0.995625
0.398413
0.503923
0.774401
0.554769
0.283947
0.885182
0.266694
0.359818
0.297331
0.080025
0.99791
0.24718
0.395489
0.611416
0.706812
0.063793
0.238716
0.479215
0.598386
0.885045
0.540266
0.557391
0.533241
0.776558
0.657298
0.359755
0.251615
0.072493
0.246838
0.342761
0.962181
0.181482
0.416385
0.938611
0.084088
0.524378
0.351406
0.728917
0.6621
0.682884
0.324917
0.440486
0.640589
0.763809
0.631272
0.460208
0.213107
0.862376
0.894069
0.440886
0.263921
0.962503
0.742147
0.892639
0.658536
0.169732
0.789637
0.154491
0.516354
0.493431
0.785208
0.242111
0.024463
0.252747
0.143545
0.497599
0.811966
0.780641
0.19748
0.592485
0.353929
0.350017
0.839011
0.720831
0.099222
0.053923
0.90332
0.875109
0.475762
0.239409
0.017028
0.94708
0.926307
0.536957
0.235306
0.784855
0.248837
0.032864
0.834102
0.849367
0.025756
0.671198
0.486809
0.11371
0.867943
0.188571
0.581932
0.852267
0.203664
0.001268
0.79364
0.267701
0.04264
0.549054
0.479555
0.867122
0.618994
0.912425
0.164129
0.652039
0.933738
0.117263
0.277765
0.82791
0.107024
0.686703
0.157441
0.062511
0.008218
0.267984
0.424605
0.351314
0.180959
0.010438
0.879886
0.295613
0.077307
0.879399
0.013143
0.605462
0.702787
0.003831
0.408453
0.897038
0.539758
0.730093
0.476727
0.406722
0.955832
0.947086
0.557185
0.933213
0.81182
0.84376
0.504596
0.472431
0.138828
0.779273
0.571941
0.457781
0.813368
0.867313
0.620806
0.136057
0.620201
0.399766
0.293239
0.804184
0.289612
0.996321
0.550174
0.739704
0.121382
0.836167
0.424383
0.261047
0.219667
0.478881
0.455935
0.702947
0.143405
0.062
0.499252
0.497641
0.044553
0.803192
0.051606
0.847488
0.413205
0.652514
0.054232
0.298305
0.263876
0.303756
0.613615
0.233883
0.441979
0.964946
0.564003
0.244405
0.704562
0.098066
0.41929
0.229762
0.781588
0.042217
0.70688
0.233844
0.322239
0.932706
0.454932
0.700216
0.529456
0.883627
0.639473
0.00847
0.29287
0.147312
0.23575
0.721235
0.402799
0.552525
0.704213
0.50334
0.375886
0.184395
0.725978
0.151124
0.629003
0.979606
0.746658
0.716922
0.766926
0.205941
0.82703
0.345354
0.694674
0.953355
0.812394
0.355279
0.387931
0.306774
0.926501
0.717656
0.448606
0.705412
0.670825
0.53965
0.615331
0.863611
0.129716
0.799628
0.757185
0.499746
0.652506
0.985263
0.860329
0.925181
0.557702
0.608644
0.283899
0.242229
0.142818
0.466366
0.786035
0.056678
0.98746
0.192216
0.379606
0.005737
0.597629
0.895004
0.605981
0.760171
0.218509
0.958772
0.564276
0.077265
0.127825
0.991422
0.272659
0.900294
0.294902
0.57583
0.707337
0.334073
0.301128
0.436152
0.274043
0.437451
0.107937
0.888627
0.036855
0.329778
0.908108
0.365844
0.2704
0.643731
0.313983
0.410142
0.460095
0.087909
0.539357
0.564369
0.535048
0.95002
0.829983
0.625649
0.448688
0.16831
0.31617
0.356983
0.953846
0.700856
0.799519
0.440403
0.309663
0.441719
0.499543
0.106091
0.816992
0.65127
0.090614
0.18537
0.868897
0.084841
0.842233
0.067983
0.787469
0.650463
0.103635
0.844812
0.803925
0.726558
0.767191
0.822079
0.086952
0.597166
0.017745
0.900213
0.33676
0.496291
0.817429
0.981864
0.191691
0.450597
0.13197
0.297037
0.316086
0.617069
0.18063
0.20342
0.192414
0.483424
0.350747
0.697674
0.207718
0.808972
0.646007
0.240844
0.93457
0.540549
0.919625
0.875404
0.775368
0.237325
0.03963
0.170397
0.259907
0.044049
0.858579
0.230441
0.008102
0.872825
0.688573
0.028615
0.558586
0.093932
0.059141
0.202829
0.667894
0.257104
0.921602
0.541362
0.123856
0.998616
0.486568
0.337858
0.738318
0.599166
0.608397
0.638286
0.323556
0.98663
0.312542
0.03696
0.524741
0.180017
0.667437
0.612113
0.837964
0.265895
0.884516
0.791829
0.34825
0.147711
0.415093
0.106079
0.234455
0.529061
0.771716
0.424115
0.80011
0.225472
0.797442
0.384182
0.209639
0.61437
0.649441
0.02327
0.240605
0.430814
0.352453
0.263401
0.689292
0.554143
0.853283
0.496722
0.698108
0.684917
0.508962
0.833251
0.899981
0.96252
0.532631
0.26331
0.579774
0.764634
0.126622
0.813049
0.998084
0.027253
0.285141
0.260081
0.780793
0.226009
0.811755
0.475444
0.618469
0.614672
0.814185
0.991278
0.27928
0.072559
0.131075
0.42813
0.036784
0.742693
0.010609
0.124248
0.948059
0.159323
0.9199
0.466656
0.400898
0.871876
0.749621
0.766238
0.879029
0.205147
0.886782
0.897026
0.198238
0.036722
0.649044
0.293399
0.205675
0.71535
0.646708
0.757512
0.216909
0.186208
0.864846
0.006808
0.89834
0.763233
0.685014
0.133456
0.375049
0.84301
0.226369
0.10216
0.103757
0.756212
0.25721
0.667537
0.805387
0.418887
0.38526
0.335949
0.408119
0.648374
0.683836
0.176468
0.235901
0.660662
0.381577
0.034686
0.006949
0.216937
0.815345
0.201863
0.037796
0.823436
0.6045
0.318523
0.983831
0.14712
0.574032
0.624619
0.184271
0.438664
0.334763
0.104984
0.551966
0.390395
0.567756
0.035325
0.492464
0.903676
0.526329
0.852453
0.500911
0.533635
0.915879
0.039575
0.311301
0.803234
0.614419
0.96872
0.061116
0.590149
0.256705
0.309463
0.859348
0.785382
0.322139
0.320341
0.930335
0.542903
0.027977
0.723853
0.868001
0.249606
0.617689
0.268862
0.800343
0.770735
0.09795
0.118697
0.972633
0.514377
0.511823
0.813901
0.810317
0.641344
0.923436
0.783299
0.200646
0.437547
0.434005
0.016735
0.603318
0.713396
0.62951
0.029042
0.083632
0.925299
0.510458
0.281197
0.058823
0.799781
0.751622
0.650367
0.382151
0.654355
0.721742
0.948483
0.180641
0.596178
0.943602
0.671952
0.906377
0.412638
0.730371
0.011655
0.391098
0.483091
0.69984
0.156799
0.134355
0.942027
0.956543
0.966764
0.535834
0.588251
0.737776
0.756819
0.707238
0.023752
0.085588
0.305357
0.07889
0.18172
0.179328
0.467528
0.403919
0.946718
0.150575
0.549684
0.755661
0.511138
0.051137
0.802809
0.857378
0.70114
0.31755
0.16735
0.813196
0.143265
0.523073
0.051258
0.695389
0.566416
0.950631
0.702999
0.715681
0.836934
0.550864
0.010786
0.783565
0.096407
0.666641
0.927755
0.02212
0.137453
0.777273
0.137499
0.843598
0.134041
0.272788
0.825589
0.956474
0.834129
0.670645
0.571227
0.783592
0.954414
0.943093
0.086607
0.253932
0.171924
0.683924
0.31919
0.877669
0.603747
0.767527
0.089241
0.107455
0.212116
0.70226
0.136627
0.923973
0.56633
0.872162
0.147768
0.20617
0.907366
0.953285
0.379052
0.185738
0.992241
0.051857
0.52861
0.665313
0.427713
0.430101
0.792909
0.670803
0.730232
0.636251
0.97747
0.810659
0.818774
0.857945
0.559815
0.39608
0.061184
0.671992
0.978702
0.683651
0.359895
0.995049
0.917854
0.3642
0.984248
0.653298
0.473571
0.234003
0.175595
0.321326
0.654799
0.488006
0.196344
0.836271
0.765016
0.373008
0.843991
0.582951
0.607851
0.346276
0.099651
0.003355
0.931315
0.409249
0.968747
0.700375
0.784986
0.9669
0.722386
0.587844
0.872982
0.452461
0.448279
0.985982
0.004596
0.900584
0.398091
0.097968
0.529688
0.423537
0.116098
0.948987
0.532388
0.245035
0.820105
0.759615
0.037331
0.915616
0.975894
0.732043
0.393356
0.687091
0.328624
0.956311
0.407322
0.003905
0.794202
0.532102
0.966697
0.079836
0.109825
0.971734
0.691299
0.893374
0.37572
0.300147
0.71483
0.374003
0.100442
0.08868
0.04202
0.067561
0.533343
0.827599
0.381795
0.842328
0.498291
0.958229
0.729676
0.499514
0.760509
0.251655
0.406942
0.137427
0.057532
0.052498
0.191159
0.672972
0.204332
0.43136
0.123407
0.30623
0.630754
0.526407
0.53574
0.887405
0.610367
0.582242
0.759054
0.810066
0.055717
0.774849
0.130267
0.493749
0.042067
0.502937
0.510042
0.826844
0.734743
0.126902
0.800626
0.639043
0.424827
0.075311
0.570396
0.443034
0.388218
0.096925
0.040387
0.67269
0.888771
0.206163
0.047339
0.700541
0.584928
0.668933
0.47165
0.970609
0.109277
0.452216
0.287228
0.788825
0.142548
0.190071
0.227428
0.283081
0.469278
0.03722
0.677953
0.315544
0.092445
0.569647
0.633574
0.093546
0.864799
0.112749
0.830754
0.445068
0.746125
0.409558
0.686716
0.986698
0.699599
0.846261
0.938608
0.290586
0.926614
0.558483
0.443338
0.411642
0.683156
0.443287
0.648564
0.671168
0.840511
0.921887
0.043166
0.649069
0.802493
0.101611
0.155455
0.211329
0.88381
0.422557
0.622195
0.886941
0.790377
0.478934
0.408422
0.064714
0.476739
0.730159
0.429451
0.631909
0.485975
0.242817
0.38144
0.079456
0.388145
0.440066
0.456028
0.094757
0.556221
0.214913
0.968638
0.387314
0.047892
0.429934
0.295014
0.984439
0.786998
0.512874
0.982312
0.026522
0.534015
0.562534
0.10249
0.350724
0.334391
0.519084
0.259398
0.417007
0.322761
0.800797
0.634418
0.908138
0.055787
0.697389
0.633137
0.131427
0.193134
0.605999
0.046085
0.329919
0.605598
0.544602
0.311677
0.976891
0.296655
0.128248
0.765989
0.668963
0.671425
0.828184
0.954229
0.119191
0.983338
0.625422
0.067374
0.118767
0.799568
0.993731
0.202666
0.760359
0.8261
0.359561
0.903747
0.121116
0.624624
0.352155
0.268412
0.785007
0.316008
0.114549
0.784478
0.149153
0.287775
0.189112
0.917583
0.225527
0.393384
0.538666
0.759362
0.380744
0.650959
0.311779
0.253613
0.476778
0.640709
0.765437
0.527352
0.98162
0.228274
0.178468
0.459677
0.507691
0.069762
0.160509
0.675757
0.796805
0.955718
0.406551
0.338444
0.799656
0.220848
0.198876
0.943621
0.828123
0.053298
0.300279
0.000459
0.290441
0.5941
0.422748
0.927065
0.636942
0.036904
0.133226
0.689004
0.263163
0.84545
0.916372
0.011619
0.856293
0.982501
0.155054
0.671563
0.59803
0.278088
0.558194
0.284294
0.861254
0.296641
0.896966
0.607022
0.729206
0.255637
0.692919
0.800312
0.22405
0.891954
0.285174
0.274909
0.945628
0.201573
0.544053
0.974173
0.752595
0.25989
0.154187
0.660903
0.354187
0.616652
0.223611
0.221645
0.887653
0.950001
0.203988
0.869087
0.550523
0.921521
0.084547
0.448696
0.083867
0.026868
0.262884
0.342121
0.105348
0.314013
0.135238
0.91336
0.505938
0.943553
0.700875
0.232616
0.847276
0.062458
0.334295
0.776034
0.804831
0.112944
0.986576
0.422448
0.032284
0.591239
0.210927
0.554165
0.508555
0.830824
0.479464
0.715292
0.82072
0.600864
0.700474
0.649073
0.341254
0.014947
0.197472
0.95566
0.446435
0.222255
0.985762
0.648451
0.608968
0.915147
0.989243
0.049802
0.294658
0.662439
0.180457
0.113943
0.382321
0.392145
0.117071
0.242809
0.410461
0.151863
0.361808
0.922715
0.72529
0.750571
0.591232
0.603039
0.898204
0.268212
0.580467
0.215948
0.907904
0.95175
0.212784
0.365328
0.635244
0.2076
0.84602
0.92044
0.772381
5e-06
0.388318
0.129368
0.917953
0.359025
0.833851
0.898392
0.193864
0.824572
0.277973
0.339414
0.703436
0.776274
0.493625
0.103904
0.754271
0.490069
0.360086
0.157427
0.056797
0.400051
0.298653
0.586084
0.703479
0.071076
0.076322
0.054426
0.504908
0.714593
0.620758
0.389217
0.640639
0.376952
0.888526
0.736278
0.055948
0.513949
0.018453
0.011289
0.941924
0.693913
0.010094
0.109402
0.463273
0.621905
0.051913
0.124062
0.619077
0.122571
0.80131
0.127732
0.197783
0.464156
0.644622
0.6823
0.821567
0.466729
0.931121
0.684254
0.333674
0.937219
0.626459
0.180658
0.024643
0.632487
0.004403
0.852576
0.142563
0.260457
0.338253
0.936883
0.203195
0.305648
0.762247
0.102346
0.670456
0.136065
0.845177
0.283349
0.581314
0.232723
0.191543
0.154697
0.632313
0.437287
0.078294
0.259211
0.555246
0.842838
0.965128
0.897717
0.576474
0.891931
0.194183
0.990375
0.497587
0.846345
0.304932
0.986306
0.127947
0.588262
0.039558
0.748112
0.09009
0.512657
0.216178
0.442854
0.18415
0.202873
0.081506
0.234095
0.718618
0.288179
0.414163
0.323533
0.13465
0.020394
0.578112
0.238672
0.495907
0.712598
0.128106
0.343541
0.821672
0.260954
0.792001
0.759591
0.093648
0.708632
0.323619
0.160497
0.78593
0.880668
0.673368
0.507657
0.885753
0.472885
0.047003
0.415726
0.224526
0.375041
0.514025
0.14818
0.622839
0.767306
0.431516
0.464182
0.717252
0.078331
0.738318
0.091157
0.188971
0.863669
0.236163
0.75029
0.916687
0.917946
0.886984
0.396304
0.991033
0.340541
0.053096
0.617657
0.917057
0.925844
0.680789
0.967753
0.734903
0.427589
0.889182
0.303222
0.460346
0.404531
0.2665
0.553721
0.336175
0.826824
0.897788
0.307469
0.198098
0.138378
0.540401
0.257522
0.227541
0.771087
0.00817
0.690036
0.565519
0.591993
0.93203
0.832426
0.347569
0.205507
0.30885
0.113161
0.425655
0.752764
0.18829
0.226219
0.85928
0.045813
0.995817
0.245554
0.349556
0.228602
0.432029
0.829521
0.815097
0.710281
0.898801
0.973161
0.038626
0.162886
0.398477
0.63109
0.214783
0.188821
0.364386
0.235657
0.388583
0.277236
0.18798
0.518392
0.95867
0.552191
0.261487
0.929318
0.092478
0.208033
0.755084
0.672911
0.81035
0.371472
0.319661
0.001713
0.151089
0.447932
0.268797
0.015231
0.336591
0.372783
0.583662
0.553601
0.761129
0.287618
0.695683
0.241683
0.335068
0.947603
0.452234
0.737588
0.539722
0.562545
0.837861
0.627377
0.222723
0.933907
0.38068
0.476197
0.718817
0.068888
0.388532
0.019644
0.116363
0.504704
0.906825
0.260415
0.579831
0.811331
0.158454
0.103784
0.102269
0.449557
0.645686
0.477486
0.35514
0.642976
0.749706
0.542357
0.565808
0.373298
0.407593
0.701169
0.042424
0.136217
0.412956
0.470241
0.420513
0.836896
0.236386
0.153708
0.135355
0.867017
0.469668
0.493107
0.327416
0.537898
0.300077
0.395516
0.127276
0.689506
0.904806
0.133977
0.721787
0.386723
0.170007
0.142532
0.272951
0.766282
0.678537
0.624867
0.827385
0.894267
0.479136
0.708252
0.172505
0.464491
0.76348
0.520626
0.587063
0.06688
0.13405
0.053984
0.44977
0.350091
0.295834
0.571543
0.952183
0.927125
0.631295
0.560827
0.134718
0.086555
0.383309
0.291325
0.7368
0.702864
0.13947
0.956879
0.378491
0.025419
0.450385
0.169532
0.928503
0.19613
0.147397
0.617438
0.146645
0.498006
0.291949
0.717558
0.068588
0.435089
0.144428
0.544431
0.999209
0.122815
0.100208
0.229115
0.061777
0.081864
0.754001
0.617962
0.577258
0.48733
0.857198
0.915072
0.190387
0.270544
0.99774
0.499094
0.685911
0.73266
0.9914
0.178641
0.025141
0.094824
0.098632
0.582846
0.350327
0.540228
0.213684
0.781735
0.932474
0.954148
0.454753
0.417368
0.121277
0.268499
0.928421
0.922787
0.469038
0.10085
0.315061
0.475116
0.139531
0.48554
0.693665
0.311065
0.882029
0.32774
0.473887
0.65073
0.629464
0.982402
0.824257
0.01809
0.217993
0.013713
0.516082
0.455479
0.833724
0.963353
0.416437
0.361267
0.737778
0.755488
0.06577
0.61377
0.569824
0.252953
0.981551
0.312824
0.074065
0.814064
0.487139
0.033286
0.691197
0.467715
0.516264
0.091865
0.083308
0.786928
0.074956
0.503335
0.544594
0.874797
0.656309
0.028973
0.352608
0.760957
0.42388
0.266947
0.604266
0.234161
0.475513
0.03685
0.75422
0.107391
0.272211
0.209099
0.152406
0.965698
0.784511
0.545896
0.068111
0.538892
0.894493
0.748457
0.367
0.264944
0.867328
0.516023
0.605338
0.519858
0.928775
0.413792
0.910556
0.605801
0.537364
0.244132
0.727443
0.707995
0.718467
0.53198
0.557515
0.643121
0.170823
0.815951
0.06538
0.369483
0.354399
0.704388
0.557127
0.053107
0.031552
0.912337
0.462717
0.451851
0.614511
0.602769
0.276895
0.014334
0.361032
0.080281
0.089594
0.510495
0.135378
0.457914
0.077137
0.028116
0.563334
0.004945
0.351309
0.253475
0.914189
0.799864
0.227848
0.011135
0.059771
0.742038
0.937339
0.28277
0.668762
0.068151
0.464819
0.939294
0.423405
0.637759
0.30607
0.435197
0.284102
0.993072
0.886302
0.829917
0.214983
0.195864
0.945788
0.15896
0.235792
0.530353
0.3173
0.135526
0.457096
0.448756
0.722084
0.976219
0.89234
0.658181
0.652512
0.150498
0.128915
0.249822
0.413272
0.350444
0.720604
0.623315
0.294867
0.024405
0.616335
0.760457
0.46443
0.801174
0.115293
0.2686
0.300082
0.044695
0.550535
0.777628
0.641588
0.644505
0.492254
0.674796
0.764343
0.465734
0.049055
0.459512
0.071914
0.048063
0.665892
0.480386
0.581359
0.746481
0.315131
0.893726
0.890772
0.843915
0.523554
0.507044
0.908387
0.171645
0.372247
0.139065
0.70031
0.618103
0.80741
0.92049
0.412017
0.382735
0.857569
0.88579
0.303481
0.431257
0.80912
0.110497
0.641013
0.255558
0.98787
0.747684
0.385416
0.497589
0.193135
0.510726
0.047195
0.251197
0.10769
0.690155
0.568279
0.669171
0.271101
0.845738
0.346479
0.187313
0.358416
0.478849
0.835984
0.962559
0.172207
0.048064
0.349717
0.970647
0.534019
0.701088
0.222264
0.215535
0.384482
0.504732
0.89129
0.126033
0.617632
0.88817
0.002511
0.279855
0.998495
0.826477
0.716048
0.071969
0.566699
0.687623
0.200919
0.15403
0.291064
0.264737
0.69228
0.89391
0.848304
0.919295
0.93307
0.277629
0.768007
0.33281
0.690335
0.016716
0.698847
0.604934
0.68048
0.587172
0.062768
0.830904
0.084059
0.587379
0.951548
0.55117
0.522766
0.17538
0.180585
0.660095
0.064497
0.45983
0.659358
0.806917
0.682493
0.467037
0.672198
0.146543
0.250428
0.501339
0.013032
0.644237
0.788495
0.465158
0.076991
0.957713
0.236909
0.801167
0.659282
0.345025
0.06354
0.398341
0.75325
0.773763
0.448148
0.783224
0.116637
0.062065
0.202215
0.736321
0.649087
0.786282
0.317963
0.984242
0.808619
0.621025
0.506812
0.781845
0.062783
0.445043
0.050834
0.518562
0.62688
0.721495
0.650606
0.272379
0.570028
0.605549
0.779586
0.912325
0.648938
0.995812
0.087469
0.044667
0.966279
0.858515
0.614568
0.577215
0.516158
0.795001
0.775741
0.748999
0.248051
0.452386
0.201
0.911708
0.721089
0.848782
0.767833
0.204332
0.365094
0.074971
0.092635
0.759449
0.314624
0.552071
0.836116
0.099033
0.912863
0.049244
0.77569
0.472104
0.725892
0.64815
0.011328
0.149044
0.306327
0.296985
0.236565
0.311732
0.552561
0.76909
0.584217
0.251543
0.782433
0.473279
0.878949
0.857429
0.094944
0.333506
0.329164
0.971894
0.861417
0.222475
0.053112
0.854047
0.683907
0.228525
0.24612
0.788988
0.356225
0.499136
0.496236
0.202157
0.473177
0.195704
0.960942
0.861342
0.315716
0.057591
0.551573
0.233244
0.779222
0.762121
0.986575
0.007824
0.596024
0.566797
0.633996
0.734672
0.196345
0.37017
0.529493
0.233061
0.439648
0.809806
0.251551
0.456676
0.403456
0.265259
0.041955
0.720846
0.454786
0.185978
0.99846
0.258121
0.071185
0.826765
0.694951
0.218597
0.507064
0.298391
0.490745
0.145028
0.65237
0.405261
0.692078
0.886415
0.139792
0.669918
0.23025
0.247506
0.572245
0.276064
0.971838
0.34373
0.057266
0.44362
0.427168
0.63654
0.261801
0.084923
0.038643
0.520452
0.449534
0.76841
0.242114
0.588739
0.888932
0.248028
0.648645
0.701787
0.365087
0.522821
0.963803
0.270739
0.532996
0.185352
0.310025
0.088521
0.499663
0.298915
0.755337
0.142729
0.236377
0.88921
0.940995
0.59221
0.524638
0.739717
0.311929
0.495413
0.823098
0.985923
0.679959
0.703259
0.061766
0.989619
0.178334
0.735967
0.418753
0.854421
0.348718
0.542643
0.015481
0.15823
0.613362
0.750496
0.028574
0.081685
0.405119
0.261919
0.935017
0.170543
0.892907
0.186555
0.035926
0.361191
0.542409
0.871526
0.191273
0.293338
0.343911
0.237853
0.641184
0.694582
0.572694
0.340974
0.138663
0.712053
0.297179
0.655408
0.95398
0.489078
0.014363
0.865644
0.527119
0.343945
0.708285
0.767633
0.927124
0.020499
0.288716
0.735793
0.219988
0.898856
0.134146
0.355132
0.410078
0.033357
0.981064
0.217039
0.762196
0.264931
0.851132
0.600453
0.034921
0.815799
0.8241
0.885369
0.177746
0.951516
0.496542
0.065092
0.156057
0.07658
0.381291
0.00191
0.207463
0.756238
0.686235
0.496143
0.138038
0.760019
0.176511
0.925293
0.933806
0.447807
0.340906
0.578228
0.516776
0.822016
0.784978
0.481079
0.428481
0.394725
0.100357
0.541613
0.063028
0.494003
0.991304
0.093709
0.626549
0.824172
0.140493
0.450363
0.01549
0.038181
0.118213
0.33237
0.303027
0.705323
0.702815
0.6443
0.590424
0.088359
0.118229
0.361182
0.514785
0.588532
0.743323
0.654542
0.058938
0.800041
0.362958
0.688139
0.816172
0.549459
0.090338
0.018604
0.242704
0.60836
0.531919
0.984217
0.017542
0.244289
0.606415
0.682708
0.498686
0.099941
0.165596
0.350468
0.991557
0.631375
0.00292
0.152416
0.391417
0.283349
0.583668
0.827488
0.066494
0.896266
0.344465
0.350283
0.58388
0.479662
0.942444
0.729049
0.17221
0.306344
0.219049
0.075395
0.518007
0.695177
0.293763
0.307939
0.604573
0.325373
0.187554
0.567354
0.669812
0.736521
0.263062
0.079088
0.91776
0.001146
0.048494
0.703934
0.60548
0.223279
0.869556
0.661834
0.435184
0.002836
0.450157
0.488122
0.099876
0.81597
0.851042
0.780756
0.034632
0.701584
0.04398
0.809825
0.501714
0.970464
0.348658
0.679223
0.053915
0.189717
0.176222
0.074409
0.291048
0.661006
0.107515
0.827564
0.222755
0.581804
0.298901
0.958546
0.302805
0.750742
0.295785
0.005166
0.217092
0.476328
0.31748
0.765951
0.360423
0.651345
0.455575
0.756936
0.158844
0.700594
0.876372
0.897469
0.847322
0.983498
0.798349
0.937742
0.239898
0.919313
0.249586
0.060878
0.415838
0.670141
0.548524
0.910411
0.456373
0.081493
0.408418
0.106472
0.738625
0.821516
0.340254
0.735017
0.514185
0.560276
0.894281
0.557888
0.568306
0.104562
0.958387
0.982015
0.900229
0.423689
0.776514
0.068747
0.597932
0.153172
0.042058
0.525377
0.847796
0.723446
0.281616
0.307697
0.694226
0.195124
0.336072
0.720629
0.585125
0.819267
0.878737
0.476824
0.856737
0.220942
0.370773
0.877937
0.601973
0.562619
0.528018
0.529724
0.606331
0.614538
0.982279
0.392012
0.018368
0.009732
0.864814
0.435802
0.213924
0.067002
0.790135
0.881652
0.082545
0.12051
0.049411
0.653476
0.375716
0.714355
0.121895
0.35923
0.661655
0.440347
0.269919
0.14348
0.473822
0.595022
0.107093
0.738787
0.236017
0.668551
0.302893
0.180259
0.215485
0.260632
0.666682
0.338373
0.743789
0.189203
0.912435
0.477338
0.888065
0.710028
0.267421
0.95739
0.210359
0.834296
0.915903
0.414366
0.485284
0.228968
0.448314
0.389016
0.483573
0.658051
0.740099
0.83853
0.62435
0.153601
0.935188
0.877115
0.457141
0.484841
0.847666
0.020247
0.440322
0.855051
0.079201
0.503579
0.328561
0.444023
0.41773
0.614702
0.498005
0.521818
0.01903
0.985717
0.807447
0.922992
0.180013
0.037773
0.692975
0.496546
0.894742
0.903605
0.506475
0.142445
0.123721
0.43855
0.532904
0.382794
0.635633
0.522155
0.231002
0.708649
0.144207
0.402473
0.422141
0.888386
0.342937
0.348005
0.644347
0.748064
0.509465
0.759483
0.724083
0.814122
0.98715
0.513855
0.940845
0.331523
0.552198
0.79495
0.687753
0.556792
0.609294
0.259417
0.664685
0.491681
0.081256
0.35089
0.943338
0.850912
0.018373
0.723852
0.200154
0.794498
0.451157
0.872004
0.610015
0.335017
0.190155
0.72048
0.510745
0.233745
0.907942
0.21995
0.368735
0.214129
0.013943
0.442133
0.909839
0.649695
0.642687
0.751126
0.134126
0.759261
0.569251
0.423103
0.989972
0.957953
0.281368
0.817312
0.313573
0.206512
0.219251
0.644875
0.726433
0.443257
0.584345
0.011236
0.780962
0.998816
0.340356
0.097834
0.759563
0.203071
0.997387
0.693298
0.289104
0.615221
0.976696
0.353761
0.651171
0.250457
0.919667
0.785881
0.575353
0.671137
0.498481
0.348556
0.013897
0.303416
0.6023
0.231774
0.358648
0.102532
0.8721
0.962949
0.090033
0.084397
0.744023
0.291564
0.421232
0.986093
0.680011
0.61709
0.331381
0.984049
0.415679
0.677827
0.236281
0.920373
0.878544
0.773201
0.035049
0.428518
0.623514
0.399568
0.259771
0.954692
0.227321
0.419435
0.938432
0.676595
0.165478
0.16045
0.051421
0.5612
0.791945
0.19466
0.745297
0.732463
0.901788
0.776656
0.899876
0.9817
0.522976
0.435536
0.158122
0.901779
0.576143
0.34827
0.718627
0.198101
0.238681
0.580298
0.865804
0.973929
0.65311
0.384994
0.951794
0.120714
0.367772
0.274906
0.897468
0.40916
0.204117
0.639699
0.573395
0.540808
0.87131
0.716223
0.918597
0.774461
0.750558
0.252
0.594025
0.338393
0.053845
0.002174
0.578482
0.064804
0.559347
0.693709
0.565657
0.63952
0.819849
0.233087
0.861298
0.548747
0.722032
0.000579
0.118237
0.247992
0.814388
0.197127
0.885262
0.188103
0.174228
0.476475
0.759928
0.668396
0.777263
0.098648
0.285965
0.928584
0.148036
0.821789
0.07334
0.554564
0.541629
0.89527
0.421881
0.019825
0.230703
0.975422
0.575678
0.97462
0.415078
0.026218
0.092419
0.297159
0.854238
0.517668
0.247189
0.668624
0.937971
0.20168
0.07107
0.205968
0.334523
0.122906
0.731531
0.757225
0.78659
0.807405
0.663652
0.324253
0.629921
0.018641
0.660269
0.356048
0.172035
0.378542
0.685367
0.52225
0.211128
0.363419
0.108828
0.523124
0.947403
0.768319
0.047674
0.3761
0.974142
0.915474
0.969511
0.886067
0.179411
0.118677
0.853282
0.381851
0.625291
0.654143
0.92776
0.898227
0.08395
0.909372
0.235924
0.290772
0.742569
0.749366
0.139643
0.852773
0.930131
0.893517
0.33397
0.335604
0.422298
0.931893
0.683527
0.817113
0.524262
0.689102
0.150056
0.991473
0.103716
0.218157
0.467768
0.409972
0.207106
0.805442
0.741256
0.50958
0.691391
0.520721
0.795226
0.623665
0.939767
0.325452
0.994443
0.675806
0.447399
0.529588
0.829818
0.788146
0.157194
0.329107
0.427211
0.238004
0.619666
0.952367
0.240268
0.028822
0.288845
0.726937
0.027272
0.548225
0.082618
0.903482
0.64927
0.026
0.070377
0.91647
0.974351
0.095659
0.861744
0.652076
0.410666
0.309882
0.847306
0.940808
0.144842
0.069497
0.801033
0.463827
0.576471
0.046618
0.051963
0.953445
0.1964
0.538275
0.805214
0.527985
0.152631
0.165922
0.290905
0.468706
0.756791
0.292374
0.378766
0.732193
0.404027
0.8926
0.950444
0.538324
0.611505
0.64902
0.753897
0.306817
0.464193
0.041112
0.279937
0.327801
0.956024
0.508189
0.149121
0.359614
0.48118
0.722253
0.919067
0.560594
0.662631
0.692348
0.479689
0.435814
0.036683
0.132298
0.387648
0.165256
0.646453
0.251727
0.740867
0.793036
0.538907
0.984883
0.8595
0.388288
0.93327
0.777599
0.230813
0.400679
0.555611
0.276466
0.35558
0.679491
0.307734
0.214786
0.361724
0.969987
0.973894
0.305715
0.532993
0.747756
0.378708
0.073198
0.637137
0.294906
0.156144
0.90815
0.832499
0.93871
0.13012
0.919891
0.520409
0.164036
0.420563
0.778134
0.026258
0.601003
0.201725
0.346057
0.744688
0.383865
0.342164
0.836136
0.459526
0.689094
0.55321
0.032069
0.224659
0.657759
0.036295
0.287422
0.052612
0.25529
0.827155
0.745704
0.144154
0.444786
0.227908
0.046883
0.921607
0.315118
0.151739
0.127025
0.89844
0.574713
0.907177
0.725722
0.6059
0.257632
0.429044
0.664694
0.882822
0.12363
0.862639
0.46781
0.847296
0.810579
0.425088
0.978204
0.971009
0.635206
0.035752
0.248896
0.932092
0.215084
0.374232
0.748751
0.428873
0.728306
0.575463
0.258952
0.054913
0.355634
0.599333
0.644536
0.406394
0.75245
0.082461
0.536942
0.483733
0.162294
0.282036
0.179554
0.550168
0.755534
0.676383
0.86037
0.256915
0.563629
0.2445
0.383899
0.549989
0.249361
0.194234
0.459194
0.978653
0.274469
0.884582
0.390063
0.671916
0.823365
0.612644
0.090566
0.290706
0.401399
0.324839
0.555998
0.303957
0.9788
0.655397
0.879575
0.994085
0.398578
0.437027
0.381055
0.505039
0.592228
0.139257
0.348264
0.527484
0.829692
0.413896
0.68283
0.97481
0.592085
0.807025
0.805168
0.035899
0.489238
0.187902
0.974267
0.373113
0.958501
0.194091
0.910217
0.09302
0.581492
0.888395
0.634289
0.935461
0.44857
0.309866
0.891882
0.124716
0.157308
0.910426
0.561871
0.514964
0.090967
0.492059
0.479374
0.524351
0.338854
0.19534
0.534691
0.101002
0.33399
0.099762
0.100062
0.918209
0.443484
0.996543
0.357146
0.486622
0.840145
0.017507
0.206012
0.681718
0.112598
0.838172
0.303665
0.89468
0.626622
0.845491
0.327327
0.849067
0.66864
0.594876
0.642304
0.624489
0.119106
0.785297
0.885216
0.997391
0.40337
0.725292
0.921589
0.553231
0.06354
0.991185
0.36837
0.215474
0.378549
0.991108
0.419714
0.531092
0.156872
0.699817
0.899443
0.584255
0.360311
0.648119
0.578498
0.734507
0.673234
0.16427
0.861332
0.116812
0.47641
0.606268
0.86014
0.648178
0.369949
0.598256
0.969142
0.239061
0.699264
0.640972
0.024053
0.73718
0.619037
0.657706
0.856558
0.883105
0.85544
0.249936
0.06254
0.973398
0.957964
0.629883
0.547211
0.573813
0.988141
0.793092
0.767698
0.919561
0.624591
0.239938
0.933675
0.117547
0.829297
0.550729
0.95777
0.378098
0.457921
0.103381
0.053562
0.050746
0.628078
0.473977
0.197416
0.150546
0.803774
0.141674
0.351155
0.184667
0.224882
0.702498
0.484672
0.665618
0.901769
0.260163
0.271978
0.347649
0.847798
0.102674
0.827705
0.09056
0.258194
0.863216
0.346865
0.080336
0.137704
0.106235
0.570724
0.892647
0.691139
0.769593
0.020116
0.09237
0.669444
0.563893
0.085939
0.205823
0.408293
0.039167
0.726468
0.516133
0.084658
0.454921
0.703685
0.297124
0.644429
0.05749
0.677573
0.379762
0.288831
0.763014
0.650814
0.980196
0.936036
0.350265
0.078976
0.098534
0.104035
0.230624
0.032469
0.684895
0.745387
0.673641
0.934722
0.075394
0.403542
0.83683
0.604019
0.010333
0.440954
0.108602
0.117472
0.464004
0.698152
0.332091
0.04893
0.950051
0.697672
0.121163
0.829866
0.830523
0.655327
0.578715
0.981774
0.681619
0.893034
0.474354
0.075998
0.764796
0.175219
0.635576
0.35319
0.166128
0.456176
0.05294
0.563385
0.997158
0.591986
0.447964
0.807926
0.442343
0.384473
0.138259
0.974964
0.022683
0.704906
0.56341
0.350678
0.481453
0.062827
0.96318
0.545445
0.530233
0.451082
0.405853
0.856388
0.400822
0.709948
0.991421
0.231764
0.238682
0.816277
0.690143
0.08725
0.224714
0.078901
0.632751
0.419254
0.227929
0.260853
0.272715
0.338118
0.898092
0.61974
0.733576
0.574456
0.062337
0.92024
0.810211
0.417255
0.700586
0.8805
0.834806
0.216054
0.444837
0.21143
0.239379
0.309158
0.305594
0.179338
0.189604
0.493621
0.61327
0.956736
0.244127
0.790332
0.631434
0.301488
0.50238
0.50104
0.627802
0.250351
0.877429
0.339115
0.168406
0.748181
0.777098
0.915671
0.115453
0.262612
0.053979
0.718872
0.070618
0.496896
0.500332
0.72868
0.991902
0.921663
0.206311
0.724024
0.668298
0.72097
0.690332
0.082906
0.007088
0.503485
0.671132
0.154007
0.289669
0.934068
0.759573
0.230549
0.570027
0.891521
0.671201
0.38332
0.924107
0.489579
0.827982
0.254658
0.122781
0.20949
0.681949
0.584231
0.152957
0.456931
0.929542
0.345089
0.09533
0.4766
0.912035
0.523729
0.95772
0.273624
0.333054
0.925192
0.053651
0.83955
0.549467
0.035866
0.798333
0.106269
0.23362
0.699527
0.636056
0.304611
0.060696
0.648232
0.077989
0.849252
0.055195
0.372189
0.043622
0.215556
0.646009
0.061326
0.1617
0.348975
0.958829
0.470759
0.140359
0.998452
0.729445
0.161711
0.544355
0.774564
0.259409
0.218509
0.039393
0.075779
0.74223
0.765831
0.934145
0.331395
0.781199
0.117985
0.362442
0.775719
0.920124
0.76771
0.630546
0.909641
0.939287
0.421176
0.136548
0.48658
0.292885
0.137608
0.762908
0.861372
0.545751
0.239475
0.37116
0.275179
0.085789
0.751568
0.139386
0.645354
0.261141
0.020521
0.2177
0.776966
0.64575
0.621409
0.026105
0.658178
0.819329
0.204335
0.994237
0.840018
0.493787
0.017198
0.011615
0.395677
0.293492
0.393111
0.086402
0.091339
0.881909
0.465953
0.996979
0.216124
0.300028
0.691319
0.185038
0.813083
0.683639
0.7503
0.536812
0.350852
0.655286
0.35673
0.739137
0.146677
0.396936
0.295271
0.786908
0.394233
0.214032
0.086397
0.207892
0.653252
0.842734
0.835094
0.794635
0.272226
0.937107
0.683429
0.195437
0.324395
0.85751
0.21641
0.347247
0.300567
0.459234
0.639499
0.010243
0.9148
0.829058
0.133954
0.779775
0.560712
0.094783
0.898135
0.680262
0.186879
0.686114
0.030216
0.328154
0.021973
0.584038
0.89858
0.112667
0.320017
0.82683
0.951968
0.983286
0.857944
0.593641
0.124865
0.566535
0.212606
0.888683
0.929902
0.196153
0.093933
0.519672
0.522454
0.805683
0.454861
0.415586
0.371409
0.778575
0.794901
0.378349
0.332686
0.508351
0.235864
0.971952
0.193259
0.046304
0.77127
0.030192
0.048251
0.710662
0.116031
0.946586
0.449662
0.235303
0.985186
0.050813
0.264825
0.959333
0.574012
0.955477
0.542871
0.72498
0.823764
0.419138
0.206614
0.003213
0.88713
0.674536
0.307573
0.021336
0.915056
0.814985
0.637245
0.560312
0.777596
0.301628
0.180621
0.678449
0.837408
0.854942
0.496579
0.871073
0.674172
0.047833
0.696603
0.861544
0.377297
0.721822
0.022079
0.495905
0.739096
0.383802
0.398078
0.246085
0.506086
0.079121
0.102427
0.333866
0.797887
0.066676
0.527465
0.953132
0.935513
0.632854
0.991326
0.650255
0.090926
0.703
0.044104
0.312772
0.194302
0.082902
0.334654
0.01378
0.806734
0.895236
0.045207
0.233301
0.284692
0.915566
0.453197
0.287357
0.759194
0.805632
0.702886
0.409993
0.671909
0.018685
0.925363
0.6876
0.062505
0.436434
0.498899
0.593056
0.475735
0.405499
0.195216
0.664007
0.218509
0.957265
0.747615
0.674643
0.208858
0.29241
0.841693
0.995986
0.334445
0.381408
0.94078
0.126985
0.059075
0.488944
0.139481
0.385621
0.949417
0.383562
0.481508
0.507886
0.056152
0.757218
0.774436
0.586321
0.773358
0.008328
0.402424
0.933202
0.081886
0.456171
0.286979
0.325355
0.295828
0.366239
0.678307
0.160318
0.81932
0.381699
0.366121
0.934493
0.753
0.628179
0.326736
0.395766
0.336347
0.46565
0.829374
0.368378
0.214027
0.308862
0.415659
0.887815
0.731189
0.481131
0.906531
0.134558
0.95267
0.199614
0.308077
0.966492
0.301291
0.664239
0.045855
0.229678
0.921911
0.709593
0.47765
0.818949
0.348656
0.273276
0.420096
0.38092
0.036526
0.26443
0.858883
0.500719
0.817633
0.554169
0.263516
0.433873
0.507316
0.736518
0.928041
0.405963
0.280116
0.8625
0.181926
0.895272
0.231349
0.839096
0.735387
0.814615
0.760292
0.086083
0.619039
0.601389
0.287055
0.696055
0.961785
0.814289
0.447965
0.184888
0.948756
0.410118
0.626929
0.592507
0.785808
0.015128
0.280753
0.121152
0.490621
0.741004
0.761566
0.258525
0.609581
0.168883
0.583506
0.76879
0.67369
0.296787
0.572728
0.173899
0.882866
0.594378
0.435918
0.334155
0.188639
0.046325
0.758832
0.936965
0.89445
0.960962
0.77226
0.314278
0.637362
0.242992
0.781953
0.029957
0.118364
0.142706
0.299277
0.477495
0.319461
0.383887
0.78027
0.643908
0.323273
0.468339
0.124712
0.325275
0.211102
0.38843
0.365511
0.564822
0.387743
0.040254
0.291942
0.224925
0.671325
0.419828
0.983116
0.190362
0.901242
0.385414
0.608291
0.931958
0.725112
0.963585
0.910928
0.232667
0.052732
0.159942
0.819355
0.795605
0.036166
0.461497
0.900663
0.145596
0.516537
0.327455
0.3933
0.292776
0.492573
0.113888
0.851409
0.665853
0.147978
0.473009
0.264985
0.610445
0.383314
0.574442
0.784334
0.809524
0.788176
0.313437
0.698061
0.367666
0.404846
0.203102
0.044562
0.483405
0.960398
0.587124
0.178652
0.582667
0.050677
0.740748
0.407087
0.162373
0.814827
0.951662
0.041151
0.583633
0.681616
0.52053
0.222912
0.592241
0.789918
0.707949
0.556073
0.944897
0.524989
0.743561
0.932611
0.210271
0.093685
0.900019
0.232893
0.059681
0.759368
0.815117
0.770656
0.979821
0.550343
0.788459
0.266112
0.745777
0.605431
0.903091
0.620934
0.551877
0.751052
0.864933
0.807814
0.599232
0.785693
0.239339
0.971172
0.998974
0.650925
0.398034
0.158827
0.55292
0.081441
0.886943
0.703214
0.004023
0.692864
0.304046
0.072345
0.928899
0.953123
0.441994
0.033579
0.859756
0.577453
0.614817
0.312508
0.232488
0.509014
0.745831
0.961948
0.765409
0.184475
0.488644
0.345768
0.872885
0.213674
0.419583
0.638595
0.229941
0.040813
0.942572
0.337069
0.410035
0.156987
0.645683
0.87067
0.56921
0.101849
0.298302
0.668244
0.301207
0.322703
0.729971
0.012409
0.191664
0.506448
0.8861
0.871841
0.820088
0.282577
0.591519
0.906289
0.996238
0.028224
0.327494
0.491325
0.236728
0.454393
0.151774
0.342997
0.27708
0.960951
0.469381
0.178127
0.589524
0.680654
0.668732
0.979821
0.171488
0.350891
0.129274
0.216136
0.543296
0.229961
0.526186
0.875261
0.914167
0.014116
0.071345
0.60504
0.059082
0.657738
0.852273
0.75999
0.275653
0.853826
0.842306
0.787049
0.55011
0.705635
0.604023
0.949582
0.60815
0.281438
0.853317
0.737875
0.708093
0.089175
0.653152
0.926489
0.377168
0.49145
0.79746
0.524757
0.195598
0.866979
0.797766
0.238261
0.898131
0.430766
0.94119
0.864654
0.671359
0.574312
0.529891
0.943062
0.957727
0.676684
0.748629
0.569071
0.535866
0.504223
0.36985
0.248883
0.244247
0.693604
0.820327
0.047509
0.664881
0.39054
0.741245
0.411741
0.246034
0.21818
0.805293
0.097159
0.463121
0.624667
0.885687
0.857665
0.624433
0.537398
0.552512
0.756872
0.68884
0.581096
0.450412
0.70515
0.012014
0.782936
0.8561
0.288046
0.684676
0.844416
0.976959
0.9991
0.725472
0.496851
0.951083
0.30234
0.894999
0.47317
0.492612
0.985061
0.452898
0.604904
0.20345
0.141693
0.101056
0.5533
0.05629
0.416755
0.862692
0.983672
0.863654
0.760025
0.005328
0.141449
0.009314
0.066315
0.327152
0.925465
0.354629
0.205248
0.74545
0.779133
0.566891
0.260565
0.226987
0.489679
0.347723
0.728609
0.821669
0.102608
0.770036
0.369817
0.956536
0.448235
0.322701
0.323028
0.116573
0.989865
0.93294
0.423629
0.809353
0.838582
0.100366
0.309095
0.746271
0.850105
0.054518
0.619441
0.778995
0.749124
0.038581
0.945525
0.382982
0.014298
0.475447
0.854035
0.72434
0.60504
0.081091
0.006704
0.999647
0.899817
0.271929
0.162788
0.904355
0.83567
0.396599
0.139041
0.708093
0.511426
0.207835
0.228576
0.217879
0.698924
0.959546
0.461669
0.062519
0.714551
0.445139
0.567572
0.949755
0.156888
0.934467
0.749517
0.62462
0.697819
0.063429
0.645167
0.40719
0.859361
0.781966
0.442423
0.535402
0.863731
0.302742
0.536756
0.79557
0.908816
0.406401
0.982633
0.959687
0.671713
0.054761
0.647945
0.144017
0.179046
0.749287
0.360185
0.248452
0.487379
0.310191
0.094109
0.018485
0.507506
0.210419
0.445166
0.685109
0.944481
0.481571
0.475609
0.386784
0.064168
0.574484
0.116644
0.665951
0.752957
0.388201
0.975293
0.430577
0.600824
0.516168
0.762845
0.512471
0.290767
0.886755
0.98888
0.74986
0.216184
0.288383
0.27293
0.762262
0.765372
0.43994
0.052276
0.321429
0.584003
0.621485
0.038286
0.554748
0.766819
0.87968
0.175171
0.976802
0.105079
0.462518
0.033628
0.814934
0.582766
0.974104
0.918963
0.61269
0.161568
0.869297
0.941009
0.372274
0.746305
0.449605
0.387204
0.704712
0.615341
0.104192
0.868703
0.558574
0.894773
0.16883
0.263145
0.751149
0.677629
0.766528
0.494617
0.042964
0.219287
0.522039
0.018226
0.735376
0.386307
0.136412
0.43012
0.585128
0.63195
0.006595
0.117154
0.845967
0.757342
0.420309
0.327689
0.460108
0.476389
0.35882
0.428288
0.719129
0.192288
0.741186
0.277258
0.592152
0.713698
0.638593
0.568856
0.488482
0.869302
0.235374
0.68224
0.409708
0.138829
0.332187
0.716356
0.459052
0.055179
0.401184
0.203883
0.875816
0.77165
0.219196
0.792914
0.995461
0.347934
0.559592
0.957293
0.089939
0.557227
0.53951
0.412434
0.673604
0.357897
0.727799
0.723383
0.921725
0.161439
0.604585
0.4333
0.167432
0.471688
0.036206
0.499146
0.661176
0.615969
0.546851
0.713234
0.297423
0.265191
0.124181
0.747208
0.716954
0.290756
0.928051
0.148711
0.958611
0.129208
0.56251
0.450412
0.866592
0.422697
0.914887
0.745245
0.718053
0.897919
0.553209
0.009163
0.550652
0.788787
0.37484
0.343398
0.837615
0.025115
0.818379
0.242989
0.392725
0.080677
0.524483
0.14908
0.363544
0.001998
0.991273
0.730134
0.922433
0.096827
0.123681
0.898582
0.672285
0.02644
0.139553
0.921687
0.415603
0.830941
0.597137
0.685817
0.474796
0.932811
0.443172
0.696348
0.241055
0.122925
0.888257
0.526338
0.605574
0.085404
0.531918
0.865332
0.812479
0.660669
0.35936
0.196561
0.913084
0.031197
0.080213
0.35573
0.917
0.787998
0.30998
0.399999
0.746027
0.05251
0.906901
0.169641
0.96058
0.039748
0.155219
0.734619
0.428457
0.798899
0.563555
0.74861
0.728156
0.823818
0.634008
0.865765
0.381053
0.110749
0.341956
0.800431
0.851142
0.936436
0.509084
0.719914
0.636334
0.35432
0.430812
0.690398
0.759361
0.04922
0.572758
0.501859
0.942912
0.788244
0.426979
0.165807
0.830298
0.339183
0.429668
0.875397
0.054957
0.423746
0.311729
0.175996
0.077869
0.41459
0.566115
0.00665
0.335701
0.675588
0.691787
0.719939
0.418609
0.582491
0.663986
0.37515
0.200854
0.917368
0.903338
0.362911
0.781896
0.007713
0.088837
0.99461
0.2005
0.419209
0.255425
0.300662
0.803459
0.00468
0.658505
0.986595
0.964863
0.379028
0.065415
0.480419
0.802231
0.352214
0.846741
0.130488
0.713522
0.197403
0.696877
0.517141
0.071631
0.809821
0.754915
0.921898
0.341885
0.494035
0.617707
0.25527
0.517658
0.702891
0.30638
0.623068
0.995485
0.931885
0.41243
0.276377
0.681377
0.137388
0.592731
0.600542
0.865217
0.156887
0.995672
0.806175
0.792123
0.58136
0.368118
0.731824
0.83484
0.975565
0.96327
0.353529
0.927893
0.028589
0.813821
0.325871
0.499406
0.366661
0.395665
0.431831
0.04054
0.846459
0.088154
0.885218
0.055934
0.481834
0.384337
0.687269
0.517224
0.835993
0.352019
0.495654
0.50991
0.989378
0.425809
0.493923
0.915946
0.554236
0.139274
0.478022
0.638962
0.756602
0.972866
0.833376
0.430643
0.748312
0.299834
0.825996
0.553483
0.672185
0.520782
0.006069
0.348002
0.677034
0.549699
0.81839
0.605921
0.591667
0.649404
0.944039
0.246469
0.23701
0.315247
0.215635
0.707132
0.392058
0.373716
0.436489
0.423164
0.828531
0.457368
0.776557
0.722242
0.398592
0.385204
0.756455
0.892719
0.745305
0.976031
0.021737
0.925095
0.116817
0.295251
0.341498
0.49403
0.694113
0.361723
0.116981
0.240467
0.678316
0.025664
0.534675
0.885645
0.57388
0.988077
0.979086
0.443539
0.74708
0.73684
0.095336
0.688181
0.213973
0.078475
0.838278
0.299267
0.219748
0.000527
0.144876
0.801648
0.971907
0.535083
0.655703
0.261703
0.924727
0.255642
0.327191
0.927621
0.820951
0.280515
0.530194
0.559002
0.21245
0.910506
0.596959
0.094267
0.381292
0.917306
0.995593
0.994751
0.79361
0.146112
0.516289
0.04513
0.898747
0.866576
0.075918
0.883718
0.838502
0.625795
0.332029
0.565612
0.665841
0.018139
0.239036
0.577948
0.083993
0.957015
0.282848
0.495074
0.792605
0.252032
0.693165
0.474272
0.54455
0.99095
0.365591
0.545001
0.171038
0.597366
0.089751
0.341984
0.774134
0.80379
0.62215
0.331323
0.375616
0.773465
0.82567
0.564202
0.057056
0.654094
0.7682
0.16296
0.962437
0.153227
0.455452
0.593139
0.938574
0.401933
0.132249
0.738642
0.314245
0.081754
0.342144
0.681236
0.648252
0.033658
0.649428
0.936811
0.747642
0.008582
0.136241
0.265325
0.051822
0.876094
0.119357
0.950486
0.647095
0.758557
0.875435
0.82349
0.807908
0.466601
0.189039
0.779978
0.728323
0.557328
0.948098
0.864263
0.413559
0.313448
0.723488
0.861508
0.845307
0.506277
0.3962
0.413446
0.108628
0.599444
0.766921
0.329288
0.031629
0.805175
0.522152
0.502378
0.89925
0.871126
0.753532
0.179834
0.412227
0.965777
0.257562
0.725922
0.601473
0.778324
0.157736
0.770292
0.353349
0.712547
0.570771
0.679294
0.296552
0.40581
0.995808
0.731713
0.548165
0.684086
0.645915
0.664603
0.42923
0.06244
0.572724
0.015213
0.215146
0.67376
0.171042
0.50889
0.368918
0.603722
0.923481
0.901942
0.7466
0.248171
0.388442
0.048397
0.862854
0.735571
0.826671
0.895428
0.01427
0.427047
0.097383
0.309149
0.365609
0.893239
0.853485
0.816683
0.380477
0.321429
0.851209
0.392858
0.570665
0.637596
0.446039
0.566612
0.299439
0.541147
0.173957
0.992411
0.744146
0.778955
0.929653
0.57021
0.56737
0.799262
0.094188
0.041976
0.198837
0.277664
0.516667
0.25578
0.430856
0.570567
0.279759
0.199406
0.60947
0.26791
0.584403
0.858192
0.785494
0.352925
0.146161
0.881738
0.340687
0.109981
0.87569
0.407612
0.16485
0.232667
0.470495
0.347526
0.599916
0.365296
0.029184
0.522301
0.196292
0.422765
0.714644
0.769075
0.25139
0.396916
0.414033
0.82157
0.872591
0.45627
0.0644
0.227333
0.505001
0.077566
0.747181
0.606772
0.400544
0.434379
0.344043
0.492022
0.132369
0.044468
0.638349
0.847457
0.020983
0.81669
0.329344
0.9667
0.993831
0.049171
0.035172
0.950017
0.081913
0.658353
0.112943
0.654842
0.219185
0.545605
0.877226
0.97471
0.959614
0.319559
0.824068
0.860283
0.175779
0.800142
0.691175
0.509741
0.212968
0.647774
0.532579
0.026913
0.075831
0.05316
0.128873
0.901558
0.907257
0.667253
0.285602
0.394118
0.556075
0.699742
0.545406
0.478608
0.896427
0.867208
0.24281
0.283023
0.760701
0.346404
0.235844
0.957889
0.89784
0.777139
0.627318
0.754781
0.074378
0.235532
0.151323
0.410845
0.677781
0.177378
0.415188
0.957321
0.484403
0.95237
0.005011
0.348524
0.624003
0.944235
0.649658
0.446061
0.807569
0.436662
0.127774
0.976668
0.486451
0.11349
0.430158
0.719551
0.261112
0.884872
0.178929
0.136412
0.541029
0.641385
0.289596
0.33126
0.138209
0.182443
0.290926
0.186206
0.916184
0.288641
0.054184
0.67861
0.574128
0.715659
0.798952
0.827034
0.007928
0.198929
0.400612
0.2915
0.986606
0.743314
0.462558
0.368778
0.842468
0.084948
0.086975
0.978281
0.076109
0.566317
0.475037
0.75668
0.823673
0.788921
0.212955
0.981939
0.947017
0.625923
0.347792
0.346251
0.905838
0.391015
0.896987
0.304562
0.735499
0.544388
0.09188
0.926345
0.22052
0.425662
0.728784
0.057789
0.993856
0.91646
0.599673
0.733732
0.457764
0.944556
0.293688
0.956956
0.000669
0.894224
0.762364
0.138026
0.069813
0.03535
0.812711
0.533317
0.849285
0.16246
0.554654
0.407575
0.103729
0.149096
0.395981
0.550745
0.93104
0.890886
0.56022
0.083177
0.812242
0.95939
0.649282
0.822733
0.379295
0.268
0.575205
0.395328
0.955081
0.558804
0.961939
0.734065
0.428451
0.850235
0.256281
0.102533
0.657181
0.578937
0.547156
0.23897
0.287648
0.756898
0.663738
0.125389
0.082227
0.853257
0.264095
0.212603
0.478945
0.165369
0.406093
0.54579
0.59789
0.899765
0.148903
0.889776
0.436649
0.103031
0.424663
0.224495
0.065805
0.307664
0.198349
0.651105
0.682624
0.477812
0.066933
0.517006
0.435808
0.452005
0.592599
0.582521
0.67282
0.613246
0.159958
0.343857
0.388647
0.861031
0.453187
0.874206
0.90311
0.635639
0.966613
0.483706
0.642219
0.9976
0.256784
0.703627
0.204294
0.850427
0.895405
0.333958
0.001684
0.410545
0.743999
0.150466
0.536204
0.724177
0.117109
0.877965
0.711147
0.052035
0.722651
0.641504
0.143275
0.906653
0.437261
0.348909
0.196907
0.561373
0.191989
0.626791
0.592868
0.147666
0.986636
0.957204
0.806077
0.000193
0.242439
0.399937
0.659654
0.806107
0.360687
0.02294
0.414502
0.149419
0.505027
0.347551
0.87617
0.086897
0.66621
0.823276
0.997601
0.954478
0.545952
0.873909
0.898095
0.514145
0.261502
0.0463
0.261513
0.336069
0.823522
0.934962
0.381467
0.644407
0.234301
0.113952
0.237634
0.158138
0.769499
0.116472
0.124458
0.178202
0.891914
0.704311
0.049805
0.365214
0.699689
0.437512
0.625118
0.921429
0.587974
0.632275
0.341449
0.509897
0.837471
0.583618
0.452325
0.384931
0.546472
0.733201
0.951605
0.555683
0.923616
0.846778
0.227514
0.911395
0.773739
0.179187
0.096289
0.737831
0.44217
0.287705
0.219217
0.940979
0.404332
0.352689
0.641411
0.341398
0.887088
0.890797
0.237644
0.791578
0.423953
0.169362
0.444684
0.485485
0.301198
0.23915
0.529026
0.040212
0.49585
0.976495
0.561938
0.905694
0.602923
0.387178
0.886854
0.612635
0.906928
0.570807
0.841775
0.183496
0.9518
0.823931
0.721045
0.8748
0.607276
0.941437
0.018559
0.885017
0.779216
0.236326
0.96055
0.106631
0.248808
0.876516
0.669439
0.810773
0.683893
0.843438
0.217946
0.379049
0.759942
0.257487
0.201745
0.502682
0.108322
0.108213
0.870417
0.484682
0.535492
0.841603
0.322211
0.941934
0.775137
0.401476
0.133611
0.580386
0.558876
0.513587
0.298547
0.91454
0.032842
0.34316
0.325285
0.47149
0.962163
0.62352
0.83468
0.400503
0.932165
0.076872
0.375983
0.091438
0.743351
0.950865
0.427979
0.960743
0.289539
0.895575
0.458513
0.990841
0.931491
0.702042
0.032493
0.888188
0.773617
0.706455
0.814175
0.548537
0.413786
0.985856
0.241408
0.106486
0.463347
0.656419
0.209525
0.409578
0.552712
0.279325
0.725481
0.438491
0.989949
0.99457
0.208981
0.758233
0.212064
0.64403
0.082538
0.050603
0.433301
0.356046
0.475873
0.471671
0.163463
0.242509
0.334041
0.535981
0.319482
0.870788
0.028016
0.382355
0.520452
0.77297
0.002012
0.985913
0.140844
0.645409
0.709082
0.597745
0.159794
0.00163
0.886501
0.560559
0.165286
0.958021
0.560207
0.380872
0.34243
0.88118
0.380404
0.835712
0.89813
0.157122
0.222745
0.166073
0.559158
0.836315
0.165836
0.765943
0.282127
0.242223
0.136749
0.117308
0.196304
0.69497
0.926258
0.85114
0.800185
0.283556
0.048283
0.027414
0.138765
0.924668
0.979121
0.572633
0.389181
0.229967
0.591251
0.586186
0.058185
0.034208
0.552017
0.970753
0.537673
0.897287
0.778546
0.25748
0.329307
0.452787
0.213576
0.52361
0.729482
0.722589
0.940321
0.723928
0.989786
0.36072
0.492251
0.028826
0.424507
0.700297
0.963612
0.239265
0.997854
0.002803
0.106809
0.595236
0.921132
0.83178
0.168724
0.45391
0.824159
0.471849
0.861916
0.00498
0.098607
0.747742
0.827173
0.355829
0.944505
0.932006
0.950979
0.495281
0.986319
0.998175
0.272991
0.038725
0.681686
0.338348
0.411459
0.423327
0.76522
0.789712
0.921051
0.884439
0.476552
0.936017
0.372599
0.107314
0.76053
0.195375
0.831534
0.103736
0.296382
0.865636
0.851802
0.139834
0.239109
0.570717
0.964275
0.009823
0.176918
0.826908
0.306639
0.985084
0.243685
0.691851
0.526888
0.728434
0.366162
0.627146
0.187499
0.183131
0.954448
0.988674
0.194748
0.121873
0.648342
0.421983
0.154426
0.193649
0.307592
0.882296
0.550413
0.174121
0.951881
0.551802
0.752784
0.071142
0.166484
0.940513
0.698635
0.056876
0.202202
0.515146
0.974688
0.988065
0.474454
0.470762
0.223597
0.713788
0.674663
0.166322
0.713503
0.82099
0.008382
0.943418
0.135784
0.908621
0.189838
0.453198
0.299575
0.459275
0.515563
0.069745
0.008909
0.648838
0.462256
0.794388
0.201031
0.45505
0.916578
0.169608
0.115889
0.941265
0.877893
0.782235
0.321075
0.584213
0.355069
0.43667
0.770719
0.975739
0.781894
0.724159
0.037466
0.800535
0.978674
0.744835
0.975177
0.530407
0.441143
0.361027
0.912124
0.838612
0.499606
0.411621
0.126452
0.978217
0.264019
0.495869
0.254832
0.061123
0.92501
0.166462
0.498504
0.984351
0.492168
0.06008
0.836005
0.630638
0.747047
0.842957
0.829577
0.184731
0.985812
0.553297
0.596342
0.621494
0.44268
0.825161
0.851507
0.178583
0.378884
0.324787
0.409625
0.006017
0.527171
0.161808
0.664808
0.724281
0.392912
0.800139
0.43059
0.836825
0.273038
0.281577
0.051524
0.955399
0.777304
0.598748
0.658066
0.359482
0.796484
0.347893
0.93441
0.161075
0.232263
0.13227
0.929254
0.093418
0.571278
0.681515
0.765221
0.133
0.018113
0.938569
0.70296
0.269881
0.616107
0.898956
0.257562
0.013137
0.724458
0.225249
0.045138
0.688297
0.002489
0.778493
0.004867
0.161119
0.39158
0.714006
0.592296
0.717611
0.984005
0.125444
0.104605
0.4736
0.202187
0.87849
0.399811
0.940954
0.87001
0.544348
0.71841
0.98991
0.125453
0.479638
0.781686
0.165651
0.099166
0.302347
0.179537
0.909238
0.809784
0.897367
0.762937
0.775811
0.006074
0.85663
0.84364
0.721186
0.900631
0.189679
0.905915
0.552054
0.539309
0.31112
0.042912
0.973486
0.627179
0.519108
0.025028
0.742445
0.482998
0.683226
0.290213
0.15143
0.366325
0.673423
0.161302
0.7462
0.518757
0.326403
0.797309
0.408768
0.731163
0.288559
0.963657
0.711341
0.486439
0.120097
0.280503
0.92275
0.260174
0.48861
0.69894
0.560159
0.963534
0.269617
0.394844
0.899446
0.920686
0.267606
0.058911
0.915917
0.441258
0.001773
0.931999
0.840836
0.740479
0.386142
0.536343
0.252496
0.636272
0.925343
0.419125
0.028261
0.876219
0.227639
0.997419
0.645847
0.200229
0.783671
0.903898
0.217847
0.437598
0.462557
0.516296
0.958992
0.638824
0.32423
0.390156
0.903208
0.599251
0.787286
0.196591
0.705009
0.919304
0.382298
0.844292
0.951059
0.315733
0.123614
0.805763
0.554915
0.564439
0.219384
0.220217
0.576861
0.271372
0.951327
0.244911
0.327322
0.920023
0.266586
0.001161
0.99383
0.842462
0.422661
0.749248
0.038007
0.178048
0.259308
0.460332
0.522162
0.74124
0.734375
0.868714
0.321988
0.491069
0.78267
0.969707
0.419782
0.212605
0.733
0.002947
0.610425
0.986167
0.455136
0.475428
0.586731
0.303473
0.709487
0.233299
0.85263
0.081276
0.688636
0.272848
0.867013
0.75791
0.306279
0.88318
0.121382
0.73264
0.40971
0.178763
0.582051
0.237632
0.135018
0.861829
0.238622
0.533585
0.698428
0.953527
0.837082
0.124136
0.767488
0.299407
0.302481
0.698414
0.050683
0.210334
0.584656
0.765349
0.390808
0.195781
0.591803
0.625764
0.64434
0.349433
0.173245
0.481446
0.96496
0.888018
0.868688
0.323202
0.499165
0.946803
0.606118
0.035463
0.59117
0.145694
0.878304
0.996259
0.079665
0.107021
0.117262
0.185245
0.026573
0.294085
0.065701
0.965924
0.24935
0.330225
0.095822
0.454307
0.080978
0.48597
0.051765
0.371956
0.693449
0.496589
0.27341
0.315802
0.704684
0.794095
0.864989
0.320756
0.983344
0.343721
0.174131
0.877043
0.500974
0.71727
0.345494
0.38757
0.09502
0.001167
0.820209
0.961059
0.267143
0.57723
0.479769
0.306271
0.017463
0.096431
0.789749
0.686961
0.349019
0.719628
0.73734
0.196942
0.785373
0.003203
0.42102
0.278419
0.113769
0.081093
0.918461
0.104968
0.242724
0.374162
0.661958
0.971726
0.807675
0.986755
0.203736
0.187719
0.712995
0.398818
0.071078
0.94174
0.498054
0.269337
0.169986
0.961168
0.897974
0.977732
0.220558
0.090911
0.889809
0.747504
0.413659
0.290856
0.344859
0.43212
0.395241
0.357295
0.346987
0.386633
0.634459
0.532986
0.842688
0.43798
0.844382
0.105557
0.277088
0.389034
0.033473
0.646837
0.122765
0.068749
0.229329
0.57637
0.538562
0.563768
0.980768
0.281521
0.236531
0.78154
0.620781
0.172136
0.894136
0.530592
0.057739
0.395081
0.481529
0.351063
0.257909
0.090945
0.843751
0.10375
0.116866
0.681173
0.592228
0.521975
0.811754
0.530035
0.044915
0.446687
0.385347
0.540202
0.337511
0.309555
0.662696
0.781585
0.658227
0.124133
0.367402
0.279676
0.931846
0.124765
0.410261
0.909816
0.942229
0.149757
0.477475
0.505253
0.703964
0.427043
0.937727
0.376439
0.424846
0.563859
0.491913
0.400756
0.007297
0.277319
0.803107
0.279764
0.995475
0.844652
0.402988
0.93202
0.215417
0.194312
0.686409
0.857772
0.350785
0.324324
0.036585
0.333528
0.270867
0.104146
0.433239
0.548951
0.976605
0.451085
0.677519
0.051084
0.005941
0.120608
0.956428
0.769821
0.062384
0.757982
0.01549
0.191049
0.906106
0.999933
0.331844
0.55783
0.702427
0.015514
0.912565
0.864198
0.480168
0.604792
0.570901
0.101097
0.428059
0.565003
0.026551
0.851814
0.694084
0.210658
0.237435
0.355444
0.63147
0.904912
0.61488
0.896807
0.096667
0.759151
0.241074
0.144976
0.907668
0.611614
0.581099
0.86211
0.314107
0.014812
0.515067
0.647555
0.315038
0.887146
0.386421
0.255917
0.266133
0.401153
0.182517
0.187242
0.941057
0.90664
0.407531
0.124744
0.28272
0.773767
0.482969
0.424172
0.62027
0.101476
0.683583
0.85081
0.393165
0.582534
0.019316
0.413755
0.066209
0.138973
0.501778
0.503679
0.301889
0.064397
0.215254
0.498345
0.3158
0.185652
0.669617
0.878734
0.225515
0.005935
0.467931
0.159553
0.476505
0.588469
0.875441
0.508214
0.666283
0.179865
0.046515
0.382421
0.189622
0.811411
0.785284
0.679334
0.783702
0.382777
0.673039
0.623889
0.053005
0.268142
0.168865
0.117225
0.85786
0.871841
0.01123
0.170476
0.435281
0.166763
0.975539
0.634831
0.878302
0.509952
0.061583
0.977886
0.382064
0.978424
0.084643
0.28206
0.301654
0.922614
0.560112
0.956832
0.042401
0.606337
0.855279
0.944098
0.572163
0.493623
0.346735
0.449871
0.392197
0.384241
0.674193
0.670367
0.673476
0.322564
0.903744
0.574671
0.021608
0.730296
0.818922
0.489453
0.299382
0.924866
0.859781
0.693356
0.921925
0.513852
0.185926
0.358577
0.932746
0.195767
0.308388
0.350841
0.412535
0.305355
0.898821
0.925922
0.745587
0.155084
0.913693
0.31277
0.785164
0.595008
0.505303
0.77899
0.091827
0.665292
0.542486
0.000223
0.975407
0.698642
0.39416
0.39045
0.163333
0.136521
0.001475
0.352416
0.021725
0.280827
0.731631
0.437109
0.23501
0.088442
0.83747
0.277327
0.087009
0.474781
0.826889
0.635137
0.738012
0.557824
0.895534
0.214176
0.574598
0.860144
0.65621
0.659451
0.718459
0.960522
0.046841
0.1928
0.181552
0.773012
0.12163
0.05456
0.503132
0.704541
0.40253
0.827214
0.85632
0.055537
0.651526
0.631752
0.218794
0.432824
0.857496
0.451271
0.129592
0.255706
0.395881
0.129049
0.34919
0.682776
0.082269
0.749058
0.521111
0.866364
0.699534
0.074608
0.195845
0.432846
0.854675
0.803206
0.343429
0.453762
0.172402
0.812847
0.826453
0.949195
0.294137
0.955722
0.418761
0.54253
0.777003
0.699695
0.008369
0.239326
0.393948
0.941277
0.168463
0.16747
0.690453
0.678032
0.404747
0.863623
0.044246
0.406232
0.079009
0.845872
0.543697
0.993627
0.716586
0.466689
0.003524
0.39925
0.154965
0.488918
0.488127
0.241998
0.41723
0.320579
0.987473
0.538587
0.323466
0.85154
0.299382
0.237085
0.202774
0.208911
0.853912
0.034245
0.369323
0.235221
0.067215
0.311402
0.534092
0.760175
0.345795
0.498279
0.517475
0.963134
0.900814
0.120686
0.747276
0.710988
0.480809
0.620646
0.352951
0.032146
0.767077
0.261229
0.581917
0.606392
0.276267
0.170142
0.113519
0.945492
0.518814
0.557877
0.935784
0.598478
0.459601
0.059968
0.076525
0.593344
0.281148
0.71096
0.721378
0.37836
0.694905
0.655277
0.940866
0.884074
0.540063
0.243716
0.653159
0.040453
0.063573
0.543171
0.975101
0.10002
0.9275
0.223853
0.830348
0.356185
0.41952
0.323403
0.967015
0.023491
0.08478
0.615522
0.448101
0.284265
0.933911
0.426687
0.862843
0.274603
0.835648
0.562236
0.36461
0.192856
0.507296
0.000297
0.700388
0.888008
0.565543
0.413162
0.626955
0.1102
0.025489
0.257508
0.522576
0.979196
0.949277
0.081104
0.648627
0.299337
0.197577
0.117172
0.438113
0.13384
0.61854
0.53331
0.336773
0.108323
0.528411
0.445531
0.664756
0.629002
0.270813
0.371905
0.113605
0.205296
0.769189
0.654064
0.014459
0.422437
0.301219
0.766235
0.173457
0.867724
0.233679
0.335358
0.408341
0.064864
0.596987
0.053828
0.31445
0.524959
0.663658
0.818391
0.496995
0.564513
0.799474
0.502339
0.630627
0.403127
0.999803
0.375631
0.963871
0.126928
0.581941
0.176307
0.623796
0.375549
0.122634
0.542528
0.177967
0.267301
0.022684
0.925831
0.879265
0.475143
0.998415
0.805753
0.601107
0.923157
0.275982
0.232913
0.096486
0.029317
0.02276
0.031392
0.831144
0.380538
0.868447
0.0702
0.152196
0.746575
0.553285
0.073198
0.969549
0.353981
0.175456
0.541495
0.01561
0.232645
0.788141
0.958363
0.292058
0.24349
0.795384
0.323092
0.29311
0.831395
0.470074
0.645616
0.66443
0.763624
0.628584
0.612853
0.350124
0.420609
0.194741
0.155984
0.522942
0.164603
0.822929
0.420489
0.396838
0.942303
0.501164
0.694422
0.560857
0.30725
0.995472
0.694268
0.838622
0.993642
0.951106
0.173848
0.870513
0.066336
0.33377
0.562226
0.734939
0.809783
0.419061
0.907446
0.236794
0.082361
0.309887
0.484361
0.905539
0.829461
0.269677
0.034237
0.874688
0.148627
0.728201
0.653566
0.407618
0.43866
0.74475
0.87382
0.859292
0.221258
0.594222
0.500205
0.21478
0.469768
0.600232
0.470704
0.752729
0.503459
0.036426
0.956113
0.270831
0.563672
0.123084
0.142291
0.779194
0.655694
0.014517
0.453165
0.171523
0.612587
0.726206
0.008669
0.231548
0.523154
0.787658
0.154775
0.220374
0.556726
0.679123
0.603664
0.616353
0.534572
0.626723
0.417233
0.656513
0.988559
0.736267
0.246812
0.543191
0.141423
0.042258
0.70515
0.181733
0.009629
0.912476
0.823423
0.608813
0.052241
0.781708
0.396546
0.132979
0.015645
0.446552
0.247117
0.860444
0.145353
0.517855
0.633939
0.421243
0.646794
0.529364
0.041674
0.003011
0.653692
0.134829
0.56572
0.710592
0.666215
0.825543
0.90736
0.673546
0.317774
0.024362
0.186216
0.923907
0.823136
0.021199
0.566839
0.712782
0.599654
0.706091
0.791724
0.112084
0.265503
0.251247
0.743809
0.118771
0.095097
0.092561
0.108694
0.813499
0.728355
0.468664
0.826242
0.205258
0.181245
0.232933
0.805493
0.016087
0.660418
0.894539
0.897958
0.155378
0.713893
0.622149
0.333476
0.577537
0.211328
0.24505
0.576393
0.028543
0.382087
0.541653
0.112335
0.772253
0.922079
0.235006
0.101659
0.795173
0.596805
0.100174
0.925928
0.636572
0.388624
0.907309
0.671821
0.057795
0.369646
0.492493
0.323495
0.956007
0.214277
0.654191
0.945093
0.23174
0.010638
0.129642
0.399473
0.624203
0.661642
0.948029
0.244481
0.418423
0.941582
0.611193
0.968963
0.254467
0.073516
0.107745
0.957445
0.330164
0.013099
0.119837
0.72738
0.304995
0.268137
0.147513
0.260643
0.858026
0.067941
0.468127
0.642611
0.767855
0.992092
0.02197
0.425164
0.74505
0.101042
0.695618
0.930349
0.468316
0.16182
0.566104
0.140431
0.680351
0.91664
0.248026
0.011718
0.083888
0.165016
0.310015
0.858982
0.651513
0.484599
0.946403
0.732661
0.26947
0.463339
0.585967
0.734902
0.631465
0.62825
0.452093
0.569623
0.992331
0.08033
0.055533
0.276352
0.072309
0.135344
0.419045
0.435584
0.748367
0.956536
0.608776
0.204335
0.237545
0.369828
0.715905
0.793347
0.997344
0.624518
0.16687
0.938393
0.309324
0.257593
0.974789
0.416681
0.706677
0.80093
0.322463
0.940355
0.101291
0.818876
0.248685
0.20837
0.216157
0.110675
0.207415
0.257395
0.91893
0.072212
0.516452
0.343097
0.692794
0.350552
0.747173
0.690817
0.540294
0.256269
0.22855
0.309753
0.267322
0.819279
0.478119
0.412505
0.316259
0.377597
0.648479
0.975513
0.733858
0.46197
0.312972
0.361819
0.878477
0.111587
0.390324
0.774225
0.663106
0.50573
0.036383
0.571668
0.94051
0.764562
0.192165
0.013786
0.364025
0.402572
0.670663
0.055126
0.069784
0.440879
0.282762
0.899705
0.154645
0.611472
0.110816
0.552168
0.790488
0.004853
0.937223
0.87884
0.552145
0.50914
0.404923
0.028196
0.520615
0.02917
0.167858
0.571646
0.287054
0.947376
0.551387
0.965853
0.793465
0.832559
0.867947
0.673256
0.757108
0.270279
0.806645
0.423876
0.679067
0.961056
0.618119
0.42804
0.837251
0.028244
0.970534
0.052634
0.481198
0.208038
0.638373
0.721512
0.162161
0.095924
0.968723
0.630149
0.962973
0.09836
0.288361
0.819461
0.710557
0.819424
0.98142
0.488784
0.772623
0.704925
0.57019
0.701476
0.496303
0.50575
0.879054
0.104961
0.044165
0.473298
0.534714
0.996058
0.606243
0.09594
0.04128
0.51395
0.372698
0.734349
0.446578
0.980008
0.709189
0.689256
0.047029
0.86006
0.271998
0.950902
0.476337
0.59982
0.764261
0.980744
0.158087
0.836054
0.952148
0.892947
0.472026
0.282696
0.456596
0.563509
0.549519
0.199394
0.954748
0.227802
0.808308
0.784896
0.690941
0.408063
0.507878
0.867168
0.866418
0.451753
0.422825
0.93219
0.565051
0.361884
0.049021
0.534314
0.372216
0.406227
0.678201
0.853977
0.501594
0.918767
0.84136
0.886067
0.40453
0.013153
0.063362
0.506114
0.365757
0.657797
0.249593
0.287966
0.181963
0.67751
0.42975
0.999562
0.660759
0.993639
0.526605
0.035278
0.555366
0.773425
0.207499
0.641897
0.079303
0.441182
0.560131
0.952489
0.21578
0.691105
0.792076
0.263681
0.614268
0.264911
0.742491
0.970445
0.112102
0.691514
0.621142
0.773816
0.123039
0.752552
0.431231
0.627658
0.832006
0.275897
0.872294
0.843454
0.078145
0.866798
0.809194
0.572702
0.00262
0.131862
0.099024
0.716929
0.787721
0.326155
0.582969
0.565401
0.571722
0.933815
0.891257
0.313856
0.930503
0.486216
0.864485
0.347974
0.897047
0.969736
0.530955
0.13176
0.808238
0.416449
0.688184
0.234402
0.814078
0.167027
0.778218
0.534956
0.597572
0.197548
0.133162
0.862364
0.740592
0.199133
0.291021
0.706195
0.786542
0.240017
0.139362
0.511272
0.049504
0.860205
0.548364
0.598243
0.63823
0.43372
0.22958
0.808011
0.036483
0.098627
0.708951
0.797808
0.750779
0.910681
0.879224
0.775857
0.852067
0.154841
0.931947
0.678799
0.789936
0.509259
0.070932
0.611016
0.05892
0.687732
0.161064
0.299918
0.649176
0.004969
0.850814
0.996792
0.899678
0.680014
0.707444
0.499838
0.127908
0.099698
0.545448
0.848767
0.482387
0.65877
0.762908
0.495079
0.007297
0.493846
0.494837
0.855772
0.332607
0.587652
0.777369
0.933369
0.59589
0.976504
0.119451
0.541838
0.189232
0.181967
0.474741
0.889701
0.436692
0.056843
0.146646
0.930371
0.373512
0.277134
0.585685
0.108835
0.995254
0.291323
0.733347
0.2236
0.70455
0.985724
0.835803
0.78106
0.869133
0.180398
0.050962
0.657616
0.793515
0.595734
0.846047
0.043181
0.717465
0.058294
0.913154
0.541462
0.422143
0.681399
0.328862
0.871687
0.26369
0.40902
0.269702
0.224731
0.11495
0.512712
0.532938
0.534645
0.153194
0.940773
0.415003
0.067593
0.020915
0.47828
0.465723
0.724406
0.088496
0.55304
0.97769
0.02169
0.755548
0.777994
0.499612
0.120938
0.898222
0.669867
0.459606
0.487142
0.740135
0.434995
0.101498
0.921691
0.716394
0.758144
0.17073
0.23839
0.064313
0.692191
0.483206
0.188076
0.636704
0.000488
0.552225
0.693998
0.445103
0.931221
0.038015
0.675976
0.212147
0.423329
0.799012
0.806227
0.255075
0.250861
0.250708
0.429851
0.939238
0.429324
0.622902
0.582294
0.802239
0.543928
0.526489
0.226212
0.026176
0.629831
0.727899
0.520513
0.328308
0.434657
0.589496
0.215415
0.731805
0.402434
0.564105
0.522173
0.285685
0.38643
0.640817
0.071601
0.547786
0.288405
0.724651
0.495862
0.099456
0.558936
0.404639
0.110634
0.239359
0.760796
0.574171
0.475497
0.140182
0.399794
0.024166
0.77001
0.412883
0.111522
0.508035
0.044628
0.99082
0.556324
0.396029
0.378564
0.500972
0.300855
0.105722
0.422673
0.336729
0.305845
0.259078
0.928739
0.540036
0.822795
0.592588
0.968912
0.27146
0.225639
0.201081
0.742828
0.108186
0.040764
0.348665
0.485395
0.121663
0.545458
0.664853
0.582412
0.60464
0.718538
0.188675
0.570091
0.589082
0.280713
0.027994
0.118186
0.958568
0.430825
0.827315
0.605904
0.425023
0.991854
0.610654
0.729351
0.432747
0.924089
0.844021
0.566531
0.736782
0.021231
0.025842
0.52618
0.299011
0.905548
0.518668
0.797897
0.513736
0.068365
0.632747
0.326327
0.702965
0.215741
0.560616
0.919667
0.183619
0.086768
0.557347
0.312213
0.034893
0.541352
0.492966
0.937889
0.379228
0.168184
0.936523
0.615789
0.60344
0.564929
0.194597
0.245839
0.983633
0.293361
0.530974
0.440882
0.420889
0.483953
0.433602
0.836533
0.69892
0.475274
0.98397
0.100303
0.590211
0.478429
0.802424
0.232374
0.328147
0.654426
0.158147
0.56265
0.068301
0.912467
0.794002
0.881753
0.829136
0.180545
0.101763
0.788653
0.216399
0.0468
0.323221
0.935977
0.849804
0.716507
0.08234
0.923482
0.905945
0.748016
0.856875
0.653179
0.134549
0.942595
0.492686
0.852585
0.016561
0.499146
0.865188
0.175015
0.451613
0.120676
0.540265
0.964719
0.668482
0.103205
0.035578
0.882061
0.876596
0.192323
0.577411
0.341791
0.043114
0.866342
0.055224
0.361917
0.253788
0.838953
0.723621
0.728085
0.93162
0.639549
0.160894
0.935637
0.336207
0.989354
0.909419
0.759538
0.30244
0.889661
0.246156
0.947116
0.143926
0.090322
0.813263
0.140655
0.012491
0.729638
0.708901
0.218526
0.541284
0.752337
0.539669
0.512275
0.404729
0.415852
0.284618
0.467993
0.64169
0.758792
0.486673
0.965805
0.339771
0.093601
0.854563
0.215502
0.681715
0.682957
0.139111
0.724136
0.938559
0.690289
0.886237
0.264559
0.676512
0.33145
0.432558
0.354372
0.646439
0.783701
0.966285
0.62291
0.801904
0.09226
0.695146
0.094545
0.482088
0.019551
0.522259
0.128838
0.743429
0.324231
0.952698
0.45842
0.337581
0.76491
0.813976
0.410063
0.880433
0.60195
0.388801
0.120927
0.619902
0.866277
0.634132
0.351489
0.172717
0.422759
0.691956
0.720487
0.982504
0.628636
0.077239
0.642382
0.521757
0.359027
0.741701
0.470338
0.044589
0.488235
0.124746
0.498934
0.012916
0.802012
0.678725
0.695076
0.953153
0.346766
0.698451
0.543915
0.125922
0.902717
0.53151
0.435116
0.397721
0.680162
0.768676
0.049671
0.955782
0.06743
0.419819
0.341819
0.933179
0.200038
0.206427
0.559172
0.474547
0.862407
0.915538
0.906996
0.040563
0.979028
0.833478
0.367543
0.009958
0.701333
0.288335
0.82886
0.732307
0.461518
0.579239
0.3202
0.93445
0.134987
0.389278
0.082423
0.57676
0.908132
0.903854
0.927282
0.1549
0.426942
0.185835
0.598311
0.646374
0.707329
0.255645
0.142977
0.256122
0.081421
0.160052
0.590003
0.878017
0.419873
0.243737
0.069367
0.464394
0.354741
0.211208
0.287346
0.940725
0.276203
0.674487
0.252394
0.235798
0.59337
0.212441
0.049333
0.479668
0.584944
0.569951
0.176711
0.004228
0.191891
0.348439
0.790229
0.72614
0.560404
0.74996
0.504252
0.341622
0.31004
0.429945
0.512272
0.973619
0.335859
0.103247
0.704749
0.232619
0.024084
0.752467
0.595278
0.043572
0.957471
1.8e-05
0.64778
0.109297
0.754946
0.199507
0.06025
0.228597
0.221102
0.419062
0.829829
0.8757
0.744757
0.023466
0.337545
0.791308
0.699954
0.621615
0.359386
0.332457
0.932676
0.258561
0.305659
0.671352
0.875733
0.933887
0.699797
0.279903
0.613317
0.318824
0.407917
0.082228
0.834768
0.055614
0.732324
0.865156
0.46681
0.034721
0.704548
0.007651
0.856357
0.386463
0.123604
0.36304
0.653097
0.173965
0.843882
0.947061
0.026311
0.688487
0.138049
0.073335
0.448171
0.649621
0.754956
0.107513
0.625813
0.13331
0.959952
0.416208
0.982076
0.35287
0.043639
0.898694
0.009843
0.101687
0.929934
0.380066
0.900194
0.544612
0.898318
0.509095
0.160556
0.505929
0.141247
0.294242
0.352968
0.521768
0.802882
0.602902
0.018393
0.821461
0.853306
0.445035
0.960422
0.640446
0.505314
0.211103
0.032157
0.717943
0.478237
0.392609
0.152131
0.258781
0.266579
0.598162
0.8818
0.545516
0.443405
0.193769
0.689233
0.849439
0.831585
0.999084
0.77713
0.700331
0.50542
0.738548
0.088979
0.290536
0.779444
0.356361
0.983393
0.329792
0.176485
0.58767
0.672368
0.264442
0.883346
0.581302
0.231064
0.819043
0.848985
0.293136
0.504999
0.555806
0.22617
0.234637
0.17777
0.792514
0.715117
0.50248
0.32883
0.084425
0.199981
0.988526
0.894988
0.204495
0.68887
0.167331
0.88207
0.759132
0.832132
0.420067
0.793807
0.215383
0.576731
0.057384
0.720126
0.388316
0.817159
0.870707
0.180648
0.279723
0.205505
0.590775
0.018493
0.873986
0.04022
0.756474
0.893449
0.225489
0.369675
0.821066
0.163015
0.413111
0.998342
0.946672
0.138806
0.884319
0.984287
0.230879
0.147154
0.088822
0.265471
0.097874
0.02538
0.572188
0.191439
0.044809
0.291083
0.404226
0.895799
0.857367
0.407031
0.121327
0.307518
0.92269
0.862835
0.017758
0.009562
0.781214
0.06605
0.008163
0.684687
0.861226
0.153057
0.366558
0.01667
0.849001
0.601587
0.926959
0.876795
0.778646
0.283261
0.713958
0.946797
0.676658
0.935097
0.375047
0.569848
0.049521
0.583073
0.260329
0.391178
0.466316
0.642535
0.526205
0.264795
0.464498
0.572832
0.497115
0.846077
0.829317
0.626168
0.332601
0.647006
0.295178
0.6462
0.392597
0.197514
0.112444
0.536301
0.349255
0.07891
0.929081
0.480487
0.645952
0.336226
0.627994
0.013735
0.557616
0.363174
0.022749
0.138077
0.857385
0.679822
0.273015
0.809965
0.757376
0.169399
0.075333
0.073422
0.468591
0.73503
0.565529
0.110882
0.681387
0.395542
0.832219
0.390046
0.39957
0.669271
0.828183
0.349893
0.307936
0.216237
0.922783
0.407236
0.00923
0.436041
0.865356
0.349626
0.960998
0.106275
0.539394
0.456142
0.050804
0.971356
0.395777
0.006899
0.83013
0.924288
0.662608
0.994814
0.897084
0.681676
0.096811
0.878429
0.388252
0.752334
0.417869
0.295118
0.957924
0.284148
0.985038
0.267984
0.116602
0.159239
0.956964
0.627438
0.924394
0.536019
0.764859
0.004668
0.886883
0.117545
0.273834
0.721765
0.935984
0.824312
0.172208
0.670893
0.702616
0.475041
0.468293
0.661931
0.809231
0.755845
0.247982
0.017838
0.905258
0.170258
0.937541
0.936196
0.372734
0.461009
0.223105
0.909515
0.261935
0.938707
0.853683
0.295754
0.677102
0.526501
0.16071
0.304855
0.572467
0.941012
0.633845
0.384166
0.118176
0.370893
0.302148
0.709718
0.835386
0.117022
0.189865
0.122807
0.991067
0.460419
0.15009
0.597086
0.948966
0.270483
0.118454
0.24691
0.558109
0.438677
0.870389
0.013409
0.443478
0.141513
0.449012
0.075526
0.692984
0.579483
0.45553
0.818868
0.357417
0.566505
0.74415
0.866321
0.939654
0.847623
0.782412
0.676739
0.264703
0.632602
0.500436
0.924246
0.344246
0.33435
0.799734
0.471039
0.621969
0.643102
0.33892
0.548779
0.630728
0.5453
0.287866
0.126881
0.285663
0.17824
0.253664
0.907012
0.489309
0.10946
0.746596
0.161176
0.284159
0.247513
0.186797
0.702321
0.18695
0.573475
0.90542
0.505816
0.427636
0.180355
0.399083
0.346862
0.823571
0.236067
0.408352
0.498332
0.121008
0.74354
0.899756
0.324058
0.994828
0.219708
0.643687
0.675753
0.318426
0.318946
0.314343
0.130461
0.066968
0.375706
0.050694
0.835277
0.040163
0.879601
0.863599
0.971352
0.815583
0.888956
0.152147
0.567792
0.274669
0.866231
0.894984
0.81636
0.655247
0.026496
0.996185
0.938526
0.973229
0.725555
0.086036
0.227389
0.378454
0.1042
0.319709
0.016241
0.428101
0.48072
0.003836
0.796165
0.469075
0.918897
0.998688
0.082948
0.903959
0.325615
0.74038
0.282286
0.318787
0.798333
0.316925
0.688473
0.741754
0.747738
0.867122
0.475791
0.746522
0.599257
0.63189
0.20326
0.770342
0.76732
0.55476
0.50117
0.672754
0.949628
0.256111
0.129907
0.496661
0.048964
0.372454
0.622788
0.672349
0.16054
0.558152
0.480143
0.374339
0.500614
0.327394
0.125436
0.109163
0.160058
0.777352
0.609861
0.097674
0.529024
0.224639
0.458485
0.444742
0.444355
0.300587
0.588123
0.019722
0.786645
0.398145
0.989373
0.670348
0.857285
0.03268
0.818241
0.678949
0.543495
0.027601
0.833358
0.457219
0.107395
0.120168
0.460641
0.730831
0.678258
0.617647
0.84515
0.234932
0.616139
0.725022
0.710458
0.692923
0.456929
0.716015
0.504035
0.876651
0.158336
0.19568
0.271616
0.356637
0.005623
0.652246
0.328669
0.168159
0.824401
0.11261
0.933683
0.892118
0.100935
0.728208
0.319377
0.26243
0.408963
0.325993
0.126519
0.523185
0.767127
0.132325
0.616829
0.777078
0.55835
0.497905
0.007476
0.707789
0.421473
0.112682
0.715849
0.096509
0.641114
0.686259
0.330209
0.738548
0.255064
0.352433
0.534266
0.965276
0.494686
0.006242
0.577237
0.742184
0.699618
0.244123
0.036279
0.832874
0.500588
0.523923
0.430711
0.489449
0.287978
0.227359
0.632667
0.98242
0.792433
0.719761
0.155876
0.110872
0.752238
0.285675
0.545729
0.283403
0.532669
0.602904
0.082249
0.56766
0.710556
0.975865
0.352719
0.923111
0.945286
0.915854
0.100671
0.466068
0.780202
0.463762
0.528227
0.333773
0.052883
0.206363
0.324186
0.526909
0.231643
0.61492
0.453518
0.891669
0.723721
0.084384
0.583347
0.904845
0.532229
0.177224
0.988247
0.107997
0.693572
0.041397
0.608063
0.019399
0.950681
0.821189
0.985136
0.515742
0.083133
0.364647
0.901585
0.198059
0.132984
0.491964
0.807601
0.511179
0.887529
0.813598
0.4775
0.998051
0.96736
0.128466
0.25382
0.684784
0.653359
0.088287
0.410795
0.512492
0.247731
0.176226
0.321442
0.445278
0.760896
0.624691
0.836521
0.631226
0.538234
0.37079
0.957611
0.004004
0.448301
0.593144
0.936264
0.868072
0.633464
0.971751
0.770146
0.724371
0.31567
0.85721
0.886832
0.75084
0.2526
0.417826
0.603778
0.114234
0.292667
0.34957
0.333883
0.670981
0.252164
0.987934
0.000887
0.009184
0.333662
0.268962
0.948422
0.23021
0.001329
0.20799
0.096517
0.373996
0.110712
0.845592
0.337327
0.217305
0.480896
0.184114
0.172474
0.072205
0.559399
0.958525
0.440941
0.802885
0.946521
0.873319
0.87152
0.102432
0.729337
0.077026
0.557824
0.313997
0.78684
0.984723
0.270456
0.839912
0.533724
0.403889
0.337315
0.48795
0.806584
0.257612
0.840422
0.407712
0.284917
0.340887
0.068045
0.145106
0.142609
0.109482
0.505619
0.631449
0.483316
0.876524
0.116613
0.003264
0.98753
0.032636
0.13484
0.699259
0.419532
0.02242
0.51223
0.892353
0.914685
0.422495
0.291778
0.050047
0.57899
0.375504
0.02538
0.164639
0.481081
0.394382
0.955246
0.817702
0.34961
0.113797
0.687098
0.584806
0.659629
0.887075
0.989238
0.020045
0.978662
0.029777
0.867358
0.592929
0.79851
0.145829
0.268034
0.25387
0.99621
0.416932
0.606639
0.305227
0.585875
0.810302
0.959358
0.156125
0.388344
0.229399
0.549669
0.893353
0.285384
0.474919
0.0906
0.978142
0.671785
0.332204
0.222819
0.033357
0.472424
0.551139
0.378538
0.315403
0.047175
0.457339
0.368345
0.681843
0.820736
0.01532
0.485435
0.713894
0.373034
0.460708
0.974792
0.628349
0.397922
0.579618
0.951895
0.857685
0.413986
0.492309
0.047211
0.88982
0.47445
0.315984
0.380618
0.021775
0.643357
0.243454
0.911935
0.777289
0.896282
0.148847
0.452749
0.292535
0.352548
0.878426
0.445581
0.810928
0.090784
0.6868
0.590321
0.604425
0.544653
0.660214
0.453212
0.023749
0.036501
0.214876
0.139615
0.435234
0.907805
0.375686
0.639571
0.311359
0.208199
0.775897
0.193156
0.119473
0.574534
0.378525
0.490091
0.724753
0.510834
0.096455
0.263367
0.088376
0.813541
0.979763
0.32289
0.567052
0.772651
0.308753
0.473098
0.012026
0.157959
0.828023
0.879217
0.409781
0.980878
0.132855
0.331867
0.835478
0.143255
0.645735
0.648542
0.00797
0.546629
0.220824
0.682786
0.003104
0.761731
0.873005
0.492014
0.870712
0.239094
0.403399
0.124643
0.750758
0.406843
0.068789
0.99572
0.407507
0.159879
0.959118
0.22347
0.564609
0.947733
0.933095
0.386376
0.884971
0.545008
0.769748
0.797301
0.132552
0.123273
0.465647
0.119537
0.022174
0.771912
0.911815
0.452834
0.759193
0.592335
0.573202
0.151848
0.749111
0.719406
0.280469
0.071377
0.882892
0.070918
0.354189
0.948887
0.114932
0.97815
0.399383
0.868269
0.494688
0.549554
0.70437
0.600537
0.342224
0.595434
0.054776
0.342769
0.795615
0.109446
0.775767
0.387315
0.432866
0.262189
0.753118
0.322196
0.438703
0.364951
0.126782
0.728803
0.24894
0.645925
0.188102
0.796531
0.170995
0.414987
0.130666
0.43705
0.863064
0.10107
0.896299
0.310104
0.138389
0.097086
0.804597
0.053329
0.988175
0.544902
0.808448
0.395627
0.109965
0.563148
0.231406
0.00956
0.923382
0.989776
0.100282
0.117974
0.263936
0.198692
0.464791
0.727765
0.068944
0.950443
0.759818
0.871699
0.096004
0.319705
0.766878
0.157061
0.869886
0.250895
0.912759
0.800399
0.816819
0.468848
0.653905
0.400704
0.715964
0.768104
0.475505
0.383921
0.163597
0.203827
0.997484
0.417601
0.881618
0.88795
0.890908
0.342328
0.258639
0.781246
0.155629
0.949844
0.365763
0.753414
0.807155
0.369682
0.268444
0.634652
0.597204
0.844934
0.939846
0.149959
0.360408
0.875709
0.476392
0.860584
0.931451
0.984732
0.998295
0.012178
0.651921
0.437253
0.96972
0.259478
0.976962
0.001553
0.496235
0.534274
0.595433
0.513851
0.532925
0.155599
0.142876
0.224834
0.658696
0.315418
0.769121
0.335656
0.380186
0.243129
0.385205
0.143158
0.68358
0.503922
0.182419
0.490437
0.922559
0.443543
0.013622
0.034721
0.766307
0.724266
0.620007
0.880555
0.756778
0.338654
0.286339
0.516154
0.130761
0.61301
0.229641
0.541462
0.850515
0.504432
0.744906
0.54318
0.456633
0.764862
0.733043
0.563682
0.403429
0.988825
0.928827
0.757706
0.723895
0.362664
0.829314
0.563251
0.751424
0.940212
0.05634
0.183993
0.33422
0.435115
0.595818
0.862657
0.165645
0.171806
0.336025
0.792259
0.231782
0.716331
0.877867
0.277462
0.727886
0.212296
0.888492
0.085624
0.09902
0.757608
0.951994
0.234802
0.814758
0.975072
0.77864
0.299847
0.458775
0.044859
0.794286
0.641024
0.637149
0.559054
0.603476
0.152271
0.893439
0.286477
0.155802
0.408376
0.642432
0.117498
0.558167
0.677283
0.027872
0.913614
0.791381
0.101594
0.046937
0.914386
0.445631
0.841503
0.253826
0.410478
0.442338
0.432118
0.808
0.887946
0.536983
0.444031
0.493551
0.636837
0.04379
0.502037
0.19756
0.781088
0.4246
0.226438
0.906207
0.691572
0.369035
0.427758
0.774488
0.802322
0.041395
0.32842
0.602669
0.433408
0.210532
0.979908
0.919104
0.852245
0.302926
0.486971
0.007511
0.234988
0.628345
0.591508
0.874326
0.983042
0.807789
0.879421
0.062271
0.955489
0.529671
0.004656
0.928774
0.367776
0.625736
0.314362
0.663263
0.435639
0.714659
0.909085
0.42816
0.579305
0.856173
0.397497
0.155455
0.602067
0.209978
0.396106
0.374255
0.315445
0.417571
0.779555
0.783382
0.843137
0.981449
0.489099
0.518497
0.944368
0.77032
0.028438
0.164319
0.255058
0.085988
0.254824
0.638768
0.010951
0.323104
0.276
0.738805
0.073512
0.923577
0.570006
0.077304
0.728261
0.864532
0.692256
0.494798
0.082217
0.357362
0.559378
0.542385
0.806207
0.940521
0.56237
0.571722
0.789964
0.919928
0.584273
0.465396
0.654691
0.435099
0.88419
0.378557
0.066776
0.811942
0.360888
0.171374
0.921945
0.652148
0.969759
0.297711
0.280521
0.592777
0.598983
0.41731
0.353783
0.831744
0.371662
0.02226
0.373601
0.348397
0.847159
0.60721
0.207494
0.769856
0.618381
0.799182
0.495397
0.835439
0.105741
0.424458
0.982869
0.828296
0.915942
0.985266
0.553779
0.860896
0.749857
0.01833
0.957627
0.201673
0.877758
0.44569
0.094061
0.03625
0.723257
0.008676
0.689123
0.738851
0.961295
0.897849
0.173278
0.268273
0.909732
0.844413
0.039088
0.831746
0.830536
0.984838
0.128689
0.97767
0.798712
0.969209
0.672513
0.52226
0.156933
0.265097
0.53688
0.95143
0.699813
0.854939
0.697416
0.37776
0.98522
0.835063
0.466523
0.821763
0.54722
0.736544
0.612767
0.977599
0.977149
0.125878
0.741193
0.143736
0.599392
0.282881
0.601628
0.849893
0.122475
0.519023
0.525103
0.159928
0.441901
0.292709
0.172622
0.693848
0.989096
0.417742
0.183196
0.942334
0.259814
0.568041
0.377135
0.980083
0.204722
0.003896
0.428659
0.757134
0.169249
0.168677
0.307271
0.578608
0.780706
0.781163
0.810663
0.704655
0.392417
0.072386
0.499002
0.133632
0.575282
0.07707
0.014376
0.41352
0.368325
0.642122
0.878583
0.53046
0.266861
0.929472
0.686691
0.099261
0.510758
0.496988
0.255401
0.293614
0.862416
0.24449
0.241319
0.737024
0.758062
0.880658
0.310506
0.58428
0.473529
0.628349
0.40645
0.793519
0.105179
0.425509
0.027187
0.933863
0.599265
0.874684
0.958482
0.719561
0.388468
0.331733
0.425285
0.258407
0.541071
0.479152
0.98578
0.542843
0.032436
0.431568
0.179721
0.575306
0.370612
0.810349
0.076134
0.613176
0.529683
0.302341
0.871089
0.32443
0.223365
0.342435
0.349722
0.358055
0.14583
0.76751
0.024299
0.252392
0.386331
0.51456
0.519474
0.91439
0.981125
0.200898
0.866207
0.139193
0.598004
0.421098
0.951479
0.998662
0.720073
0.989963
0.378297
0.569507
0.627095
0.158289
0.783489
0.010226
0.06777
0.633574
0.946922
0.571724
0.290983
0.497746
0.332852
0.316814
0.820176
0.052245
0.349193
0.900204
0.022675
0.679928
0.263043
0.822686
0.194961
0.366434
0.334575
0.904423
0.797348
0.207178
0.154776
0.188992
0.43727
0.890464
0.701916
0.54473
0.870133
0.176464
0.1287
0.234397
0.935537
0.07252
0.456
0.525566
0.075887
0.995018
0.883507
0.918345
0.295503
0.832073
0.69553
0.770969
0.694134
0.337938
0.041364
0.51052
0.818028
0.487343
0.836471
0.113985
0.768437
0.744574
0.475715
0.579056
0.563654
0.061621
0.855566
0.645266
0.198126
0.149841
0.716578
0.272708
0.364426
0.609902
0.112036
0.886771
0.425077
0.734961
0.037977
0.189503
0.850773
0.588672
0.805831
0.284567
0.780964
0.375814
0.446922
0.439264
0.059625
0.51659
0.841338
0.298771
0.729821
0.091199
0.614994
0.938097
0.65838
0.970665
0.071545
0.994141
0.986946
0.223791
0.765123
0.301609
0.022282
0.822888
0.856625
0.870141
0.654058
0.384222
0.304655
0.883753
0.442626
0.564655
0.851262
0.701697
0.287644
0.013569
0.97932
0.74503
0.665179
0.880454
0.306048
0.692304
0.596017
0.493001
0.358199
0.788505
0.64107
0.758744
0.186033
0.969462
0.509525
0.567845
0.085621
0.154419
0.794826
0.237342
0.57338
0.664099
0.230202
0.085921
0.349371
0.732105
0.275051
0.204513
0.953146
0.130235
0.857136
0.348022
0.880669
0.753366
0.718532
0.835618
0.001796
0.678257
0.168496
0.517085
0.878444
0.067336
0.998839
0.122391
0.708647
0.034291
0.694087
0.885079
0.113522
0.244141
0.721968
0.180207
0.018333
0.045234
0.118871
0.210136
0.384948
0.458573
0.708376
0.714897
0.431034
0.826264
0.538969
0.436266
0.815346
0.224975
0.135948
0.831072
0.775175
0.034524
0.82167
0.63182
0.517413
0.566811
0.917077
0.907207
0.012184
0.665024
0.930093
0.809791
0.635798
0.109568
0.69977
0.127615
0.980413
0.207504
0.983756
0.13756