32 4 3
0
3
7
24
27
1
3
8
16
29
2
8
12
23
25
3
13
17
18
20
4
7
19
27
28
5
6
7
26
28
1
3
6
10
16
6
7
13
24
28
7
8
21
26
27
5
6
9
12
15
10
16
20
25
28
11
17
19
20
29
2
9
12
23
27
0
7
9
13
31
12
14
18
20
30
0
7
13
15
17
9
13
16
22
25
6
11
17
30
31
1
4
15
18
28
3
11
15
18
19
0
3
4
20
23
7
11
21
27
30
12
18
22
28
30
0
3
19
23
24
2
14
20
23
24
5
12
14
20
25
3
16
19
26
27
7
11
21
27
28
0
16
22
25
28
2
17
27
28
29
5
9
26
30
31
5
7
24
30
31
0.29797455622355384
0.14198801484783086
0.7971022402999922
0.8468932614542649
0.8903880143228875
0.16537953353561874
0.6604883055685371
0.6921954598569925
0.4095714377377807
0.35165825916738525
0.3410487053461636
0.7771277510805538
0.24717385041104722
0.6221066937102789
0.5089325022789207
0.4124035965929921
0.30392670600429017
0.6245825315012036
0.07462227457739934
0.34395205452571276
0.7909267831340565
0.43593601593267606
0.32195415999591026
0.8401698281552501
0.2121745607887764
0.9193878211050269
0.7622009020453391
0.21485531760305543
0.3523568098710871
0.4290659662249403
0.3737853619815492
0.8292767621582303
0.32595988201023185
0.9899998231413185
0.4770336244405533
0.26987495001043027
0.49209496080284343
0.11637435565295029
0.30499931750569953
0.686706048218164
0.3989664587385391
0.259247045325252
0.08087406788784346
0.1518240802629438
0.4899747132741926
0.1192043390991342
0.7895252856716093
0.588894898385535
0.785303591567667
0.3552537501313291
0.10060453608571185
0.9394250131912514
0.026767349072778446
0.9293587487314089
0.25367932070809196
0.22518166345162982
0.939645940144228
0.635107878688093
0.5038252961534122
0.45316756107265577
0.6024442323378739
0.9941310515499882
0.33854775235715306
0.014545288600773865
0.9755315539645721
0.9975741888032674
0.4296641096343814
0.29611557050218573
0.8158335310663755
0.12125540525775702
0.9031546488106273
0.6190403098481911
0.4475448215663197
0.11658430395428887
0.33752307387932123
0.0328195632197964
0.7700624455768099
0.11056564139144243
0.7054196727912931
0.5860945865327191
0.5413330359018204
0.9597815573013301
0.20117677812291046
0.9658781609437253
0.19372899563401536
0.7048857746312542
0.649074937116913
0.32143790501445446
0.37090654377459653
0.7863117486033884
0.8444314943715518
0.11948111934058414
0.8508822946694201
0.5331762053203158
0.778854410799887
0.4430265180895545
0.5915175167416636
0.45808656887573695
0.8399378677615404
0.600609968469453
0.09766906356872718
0.42383825272557873
0.4512551511906291
0.2271745508420604
0.9094009806559755
0.44371592342272936
0.14189750608521334
0.2614426929299518
0.7629880666606095
0.13781489484296372
0.6271445648338805
0.06640961843434146
0.444405181852221
0.027770327436403286
0.7785279649673154
0.23968584581858687
0.6195454886803188
0.176619707499573
0.19836637827732106
0.8086662090630429
0.19760645614531935
0.2146190882310287
0.8294892060508572
0.08229693304175834
0.6743368869674219
0.2998804036207192
0.26044430573757393
0.23999745418748142
0.5780265142524853
0.5466518845485051
0.4425309815718016
0.5912183939231989
0.3093968433458937
0.5887165509455127
0.3724295520723796
0.05963805079276929
0.3770614186801935
0.9586431050386164
0.5164306208382332
0.6738557433014553
0.053315474093441284
0.8143940184548628
0.16658357071355967
0.524452568258913
0.5525683713110076
0.4195500694435884
0.05194543409274899
0.3659266410932799
0.8456688721100426
0.613382763113939
0.5913316583437206
0.6175243687705885
0.5355116596186481
0.15415583887071171
0.4854304812935861
0.4911157657740659
0.9685804109093328
0.06316510965208944
0.5032433036612712
0.7693252711940365
0.2530096947189727
0.7024912120752737
0.47260600769103167
0.765046411853308
0.24146825923549387
0.5484924551430427
0.6153604786319948
0.6752160183924811
0.8505224398408182
0.2911845176887262
0.5083278712132555
0.7223923664327933
0.33924897783051255
0.9611258020175842
0.9079471087590748
0.8239217520441852
0.24656270735387775
0.7796306829386133
0.3683839803383261
0.7786744569340959
0.7967432089313617
0.6185145242664342
0.44836816280489933
0.00516158513990983
0.1378191505801183
0.10336813896300234
0.6317751841220752
0.987431160983817
0.5340041548969962
0.8180513647441894
0.29202000483537705
0.5344690470899963
0.2609617657876222
0.2838978077169655
0.3588304948153811
0.33148948373768017
0.19926486961402146
0.1853989238903544
0.7264744037465132
0.9265275083390176
0.34289943643098575
0.3854037593473021
0.5232940659724056
0.406554634179354
0.3308378082807958
0.5620694942706052
0.07684769681706949
0.5631883956866707
0.43932364735377216
0.28293646042800247
0.9891292300203057
0.24566043800033066
0.14069097170906164
0.45345622887870585
0.11806593794943054
0.5209662662503819
0.6572972174818916
0.48840765999375624
0.37279546181429946
0.3628414704465186
0.5610419720300212
0.6538682418655752
0.39537564079329846
0.4957585856293292
0.4844969534336241
0.6411728716204246
0.8432772357072132
0.4400629054195515
0.21786407856020962
0.3658411955517654
0.3718463157957552
0.4360013854559629
0.8180496422157373
0.7018199700061335
0.5745057339226728
0.42816881143681784
0.07264972094531996
0.10379683816099039
0.1669525532748497
0.06347622469164749
0.21032340166594743
0.024116565891647235
0.9255628243743073
0.8257198030490854
0.7409642008979815
0.6919557789381865
0.41592437112062586
0.1840500009642142
0.9117493405242169
0.734115869158269
0.1524803492986142
0.39406832143264503
0.24296186085619054
0.2256945487495018
0.668590294292576
0.15253594688220595
0.16894180363487532
0.37233485861301063
0.4298240418007363
0.20596858641668503
0.6196687025156616
0.10944435341588632
0.7964695828462311
0.755784211029622
0.9638698352356411
0.188322566119131
0.3040041938053053
0.6559988182168327
0.132538227695293
0.9597063795861873
0.7085786361049801
0.2542587458512552
0.5109465395897017
0.7432524400235777
0.34555830290665734
0.10768064731085747
0.6028712770184081
0.202460280349403
0.37616546245263804
0.19158872016011563
0.816436195703268
0.11519216118373199
0.7020669736415922
0.06633902381039081
0.2758478259981787
0.9495151897213711
0.35752828357704114
0.29264122196428055
0.28240563212386205
0.7412967045988808
0.07966432045553584
0.5495703772409058
0.7361317847569611
0.41527242807831344
0.23134413937865939
0.25335657031628545
0.011667923237762334
0.23396571888789708
0.6698154481213551
0.9218641814990882
0.9403881334120245
0.3342993182983406
0.8055379708809215
0.4120373049213919
0.05427163757098363
0.7097066034533814
0.48075746765722516
0.9067726429340437
0.9452008486741101
0.18642242704417866
0.16575113361396365
0.5861373780285235
0.4412827844436118
0.3045529661692147
0.036122453542209665
0.06338311881088099
0.8251647788177064
0.6739959552730259
0.23078824673119058
0.7399294439806032
0.3883171556197539
0.13488627199769265
0.5610423692987854
0.8679781965275867
0.1493786184237259
0.10428290409603025
0.5857067686044161
0.7337546963360869
0.06949383928592245
0.7506833694704322
0.33773120736924467
0.1899626202403557
0.08130981428628525
0.06513738996639551
0.8526429104283691
0.1029200140243054
0.0050781703155546865
0.9856163337332471
0.583711651989494
0.7848069461587092
0.6139069952837906
0.7969909496215961
0.09872085217439286
0.3686969428533081
0.2947964992104998
0.2521441494851595
0.5808062702145131
0.4855721060414816
0.5984063309487389
0.5287518933110121
0.7265632262041487
0.46182028425697896
0.884860093499963
0.6199523827213247
0.5591087269463857
0.1293229843347493
0.6259964218154899
0.807193054396904
0.8059030851075766
0.6764406430660851
0.5121317705042089
0.28958486091886426
0.8906903147546897
0.8952457894266088
0.38087934708932025
0.05174187806888331
0.9257151378168478
0.6545166071804994
0.0023517931712766504
0.5085701458402978
0.8765607010420309
0.07530117095697086
0.05474057006023103
0.4634254286525943
0.8764832309704214
0.009332941059814304
0.7983760107700316
0.7911877263412247
0.8554384229929923
0.1059353278720716
0.06305166397820805
0.08403761907535412
0.37321318204579934
0.3640994756814797
0.19125716516559066
0.4789968668775808
0.9643042839855129
0.29701354147018266
0.5679395507586505
0.2114653681437837
0.09241518806219173
0.20386367218663037
0.9625115381698321
0.13127912558622112
0.37890239046746854
0.6859787459931668
0.0016224295282821766
0.7155441587806015
0.8987532283279382
0.8300539679223647
0.9716781976726602
0.6958933504801648
0.17188911486758218
0.34350132823622403
0.9350724065842949
0.32466640860127494
0.12416853516277648
0.9227184802459758
0.6040728816810315
0.39741132406953594
0.37156779208072666
0.3747211460325023
0.7420170913521683
0.6061165333081271
0.33028626520231885
0.22413968351922942
0.6278449447124013
0.5410414790032335
0.4571524591024181
0.3526049343981147
0.008380783117183488
0.8018489480651498
0.8212341207586743
0.12981195626255282
0.04109710222470386
0.7489672901479154
0.6304008938320548
0.3628868731753415
0.8922388998290062
0.15444475985639128
0.5414691309283887
0.04008897183093296
0.737808367603807
0.9747920828613691
0.1013635203763189
0.025342202917634227
0.5540718125720641
0.9811139443173221
0.3911500456386534
0.6432370588727498
0.3494608614285626
0.7701826301619474
0.9196169498379394
0.5034295077997518
0.8216055378699438
0.04732447846569976
0.2656052071453626
0.4407582494373298
0.12783116200117228
0.13968539486199594
0.1854407027721614
0.2939124032230398
0.16954514227283435
0.8525083309054556
0.8296331997383626
0.9952091908473624
0.787659484660509
0.7804800776512588
0.8271694663230751
0.8050784677199542
0.7525106987104293
0.29330849452548213
0.5367537457614411
0.17821188550107903
0.6632366229032973
0.3226141622278321
0.6859420074234333
0.11269304243213751
0.45584498357190384
0.8585057718594163
0.9106915105665944
0.35517725334770645
0.8543505382303237
0.08020464367698066
0.5125114363617481
0.3859002697882131
0.9047882207708725
0.7907738861464917
0.25808670776983145
0.6210247470729618
0.5651144619632869
0.4619540156061228
0.7584982050025778
0.9824281579763601
0.15335671573802157
0.4201674581980567
0.9864507287002645
0.9713684651021329
0.37465580482707805
0.8456947939887127
0.6979688534881782
0.22642112296251238
0.4085882673591823
0.14435848374903293
0.18039092431884507
0.9036488705665523
0.5375153282366167
0.7235886573161124
0.06665173984371764
0.15228331329097133
0.011429395754100624
0.22423738202675614
0.7324380184005034
0.5398766004464358
0.7136202138692196
0.9513168476068605
0.5359461205823118
0.16503551131974847
0.36971184850264116
0.4724039815774792
0.12492614993010276
0.18412620257500045
0.7079783131409731
0.7391935378491494
0.17953924566379798
0.34239798978727953
0.8557701644904587
0.2626036973363146
0.28162082745615524
0.05736735482641009
0.062100660079712044
0.9986542614465073
0.9583601524237255
0.16982082901701545
0.8716227022240249
0.49879999806856923
0.505428070844465
0.30789119000386844
0.5707914741543627
0.057346729172625954
0.5635878842552989
0.3231550834948519
0.20784738241481593
0.7564493625918252
0.6818330969085372
0.3794673640677293
0.868560922414857
0.7223047577705035
0.7467229016691733
0.6825033700579695
0.03017925767979457
0.4213279035431644
0.7675528525708998
0.5598648709696495
0.836856996322844
0.8872413451106318
0.9917138978557698
0.7448777146396954
0.7822933716320454
0.06794722933560449
0.3020277592783386
0.17578968720503507
0.5294632258953361
0.817172309321379
0.19432284367993047
0.2407239787416383
0.584244674221307
0.25199250846858456
0.990316605372945
0.46779760849436935
0.8998034446222585
0.6018677830680117
0.33577877239928666
0.35351722468623237
0.45039103039455164
0.25405223903435814
0.5905007561171954
0.32443012448920816
0.9937168964342781
0.8586605787837678
0.8640421322104714
0.6561517360548753
0.7252679272469594
0.13427395367857586
0.07585478184274119
0.5391105016254625
0.3444450640986191
0.701065733407235
0.6928951936441147
0.43625559980473294
0.32028381489579183
0.9611861143352194
0.1346019570228768
0.9088568317890893
0.26201795576961107
0.1721731148507808
0.4792038959015773
0.8677207164718369
0.029183154750636375
0.07470280029173915
0.367666794373802
0.885521872721211
0.31940540144039387
0.18575504927007247
0.3331728644972797
0.92735222814884
0.5883619158558907
0.5623695051380911
0.9706162404015358
0.38461677601221633
0.16537494312330492
0.9733012500137491
0.5296056079065694
0.8579821728488168
0.15237958431724152
0.6412107390173621
0.6690717463984308
0.23666193520496925
0.7739748702528053
0.20006023766669445
0.06060941859280344
0.8832984123073376
0.6610518025797564
0.967502664374712
0.022445804171040695
0.6619295632081382
0.79316888072949
0.6773816267134519
0.8802223922624802
0.31661396168581735
0.5129056327744032
0.2579619845161113
0.9968253771015658
0.7113383992299259
0.15884170071831616
0.9993858525484167
0.8729030908027342
0.5645756706738486
0.18441581800770723
0.9617953939406882
0.32355487306699204
0.8054192568450848
0.9048251200808827
0.9140149207596554
0.8454009634841221
0.38618645175164656
0.14796895011988054
0.3301118963733871
0.9894083855346408
0.4331214006981299
0.5799199110168268
0.4911273012638505
0.68005649601158
0.6464862574381308
0.8574790027992403
0.41772676461351255
0.834531007580159
0.9363907232316023
0.46929654578563107
0.6041134658799442
0.296190029735906
0.9910207268244953
0.11157861935798519
0.7745174874671016
0.07040237615285849
0.675079490056549
0.5081984707837895
0.47506795991582207
0.21502219290412505
0.13280174508276654
0.7063000087766286
0.2366853312794912
0.7418677089179962
0.42081004312035686
0.8623374635023655
0.03142772746293121
0.012030083460478402
0.5023647679177846
0.6519415451829264
0.7575340852468817
0.7997709437683785
0.41176988080948684
0.9033187492342051
0.8560118346276109
0.8953938827996891
0.15933597471315086
0.4426755769099051
0.4088679497877973
0.818415227189177
0.2963815918779713
0.7038655140355254
0.1520001650011088
0.9653179536105108
0.7513600486315672
0.6012395576996377
0.9264558986873412
0.057470997643736754
0.33894613932742224
0.2922341486723794
0.6446656225960609
0.7162614116843788
0.7462471052615497
0.5903805275140238
0.6224906550237195
0.5980509821411049
0.3596681808293476
0.13023194502066227
0.5502419257074623
0.6700611968710533
0.9256580451658695
0.6019085707784446
0.874700525389241
0.7515917004793471
0.941709396869807
0.07352210959415362
0.751266184555009
0.9870337023385292
0.04921254206047532
0.8170278939429652
0.9341241260144039
0.32332402178043074
0.3188306711636749
0.13714907044755487
0.2077257243527888
0.07040298559421632
0.9596690104020291
0.6007479147365625
0.35912630949017554
0.7325633472430896
0.9444679532320432
0.1710884392969907
0.03748236481899747
0.16056486162842265
0.7431158182335624
0.2108629022055809
0.5731288678453141
0.5839272733184825
0.8870416577642143
0.24860590495977575
0.1644532680214148
0.7475825505802834
0.9328008247670515
0.23725221408361263
0.9728372294769333
0.18045033429034896
0.1931014547367753
0.22316304798206588
0.6935705700185545
0.39026713849361383
0.05891211102348726
0.08299318802179578
0.4818789080768411
0.5952674141458418
0.31599841073785084
0.44419603631002
0.7800476747516142
0.881935373432391
0.3770917051664191
0.17759713861493043
0.6698126835001571
0.30220517368561883
0.004040911866865282
0.33427796972772084
0.04888737945788135
0.6173357845170379
0.7509253619471401
0.8073183229289699
0.3876896126297019
0.3892428512450745
0.7601003941759182
0.4246549261670125
0.4979591190649485
0.04603327917920941
0.07471401827593582
0.4477423476710922
0.6029030931446262
0.8278991221204453
0.5962789406066298
0.7205686922208934
0.9692406305483654
0.17079204895602984
0.9330925351752796
0.515924851420411
0.8491703854054072
0.5659089437279029
0.9610146899818961
0.6754971534056534
0.23341728238611215
0.0917802780851964
0.15023772013556913
0.3823238434820331
0.10247859039663954
0.8603282112262465
0.5709180404010634
0.5756435696102958
0.24038000959115235
0.23437989247974456
0.6444642810492797
0.1268081757871291
0.32280054737580655
0.5777504415449584
0.18287355561929197
0.6002265295548016
0.8569972894166956
0.18895519358995938
0.6086547640602019
0.41544535358096346
0.17718931472142796
0.4912424551571063
0.004601010751236312
0.5411606481955751
0.8870697377051161
0.058322591510822086
0.4329469485014883
0.26357180822754056
0.6351452710446717
0.06659554799272582
0.3863910190616271
0.6280914118201546
0.13096196211993805
0.4935001577501954
0.9369443950520059
0.15184727589268798
0.7584398779356317
0.10900130948812681
0.6112590971705343
0.14731808484211795
0.9945220124565557
0.20425454749349858
0.02167828839289332
0.3449770974472931
0.8011556076901956
0.6187205857312438
0.42836460515564145
0.4248780506475174
0.2130409396841223
0.23427677124993163
0.14671118393174087
0.9206332027351872
0.12648866530740577
0.8180808636841341
0.5855441934810396
0.992343910896107
0.5702194911308656
0.2830011399516166
0.10285897669421429
0.8402405796205209
0.4387268900363257
0.009033383378278637
0.42048588995935376
0.27892039717684247
0.8554146656270262
0.9012340042026057
0.5231716989839172
0.4719921554516443
0.4662541932312848
0.1357811482490171
0.24330537308713196
0.05399322273908558
0.11829248761954769
0.8856426224096349
0.8562951186094715
0.4966710640050406
0.8458904940986685
0.8561656820239721
0.3688683210184186
0.6883153035242021
0.5916290448001488
0.8440843846982322
0.8745025298114985
0.5075917567449699
0.42603638844038494
0.72878429848449
0.9769201845939333
0.1795837770638935
0.12121221493015488
0.12864342354582037
0.9449731489421496
0.8537131186456299
0.09274145590994831
0.8277844430402893
0.7497078632825398
0.14473106974129624
0.30863166049322077
0.5062988103336841
0.3520720217858273
0.7768968753643324
0.07809905925581562
0.5792256109077089
0.8264602784412448
0.28210206128457005
0.47834456328650843
0.16755630178059544
0.16624892231341948
0.5749663269160458
0.2827494700023626
0.4113283183869516
0.21796941632165157
0.8368889489710829
0.32846071050019887
0.5943199280154523
0.5727153210824198
0.25033742284119753
0.8922085788338621
0.04807913195622715
0.9642148977666655
0.7202048886184912
0.18298364412196477
0.6419036444808741
0.35659953846083803
0.65000049943798
0.5349882135475731
0.09992368413264363
0.7441825545872891
0.8227646865326227
0.8243308296325257
0.6915765539694129
0.9349858626994377
0.010272988772140335
0.32846755062517774
0.1714373292213417
0.6996786107228178
0.2994865417606395
0.4409860731889963
0.8959554236222239
0.20578275678070912
0.18114555455363113
0.9992539874693712
0.3877020956750612
0.0615790318186783
0.9185745877607034
0.9909376046126582
0.8690792460324173
0.20273274502075844
0.6287030090353548
0.6083780516797016
0.33488219027794774
0.969455102745538
0.4639865410977517
0.2895075166642598
0.1992332742068228
0.5753627881707207
0.4218009892939938
0.16196867396783565
0.43200689782419477
0.23719445318794208
0.5943510576257952
0.8724133195822276
0.5584677319415244
0.4892731250366651
0.7558751218279799
0.38533111946795584
0.953592161591504
0.5952955988441782
0.6718889909262503
0.8280191412776337
0.15478780315931506
0.8165403685696173
0.46444884573776646
0.8108923014802675
0.8114714100760688
0.9911727163292592
0.15598472327177348
0.25493236654328255
0.8987120285506244
0.7026470612831603
0.2715467755410733
0.48872950936504433
0.9906261811114796
0.9970961636940701
0.3491335511673903
0.6101221435810766
0.9243638357332914
0.3367375328825519
0.8133784530687531
0.8074558021217941
0.4056169713347948
0.2762749601916469
0.080737488038367
0.8521329978305494
0.3766961941734204
0.05939963949959226
0.20954921393597004
0.8347933619207899
0.5004285498355071
0.694193540386009
0.1561147514798804
0.23209526392525714
0.2558810723929137
0.4343050851551904
0.741201244006883
0.33986121232077426
0.16884658855641288
0.5277714915693866
0.378114753872424
0.08769562700068878
0.06995507049786975
0.9852712855006031
0.9864055681700663
0.27710835484531493
0.719723744896127
0.4333241545070071
0.8041129953863305
0.1309257586272773
0.6854733750713838
0.35087726801592845
0.4726033905018039
0.8744255454729942
0.025570567031575897
0.16345092684612195
0.6628042253726373
0.4677698974804041
0.2662093626930534
0.29880181350560453
0.9131293361507251
0.08820230535606821
0.6251404581609206
0.582481404376884
0.683220309728352
0.15742726091956594
0.7731484774454177
0.05691701160709939
0.4436139490589688
0.3378296063919596
0.7447981114737132
0.36419073160310955
0.5675799720837416
0.09022110488835389
0.45870365708556526
0.1599004643562435
0.15298923581714163
0.536508473251633
0.5621120057439515
0.8995011955850422
0.06927288209133797
0.6005464948969224
0.8378335385537673
0.044144266028558365
0.8419779630936102
0.11533782776307211
0.9849250729217776
0.8172780967010315
0.0583715053906535
0.4099984071983812
0.19723350703557185
0.7576254940800525
0.7207713224224768
0.6454479020000691
0.3957226798989164
0.039658231979151415
0.40290111807466145
0.4173075393690202
0.16358710940252386
0.4206597721744818
0.03416168417733101
0.987061525253814
0.04393432273699971
0.9531514609023142
0.04282957908778584
0.5425305945455053
0.26952354571541604
0.9202012303970047
0.1880659014946754
0.3502789641145966
0.4154499526395766
0.872279008281956
0.6075115178477196
0.8392995094451823
0.8407870303351773
0.4979435018483501
0.8216484999805352
0.15424898636733675
0.07950027381765845
0.43687141600636425
0.10079266772422679
0.07015780053958243
0.7936930187434281
0.7574471005539642
0.6655010509571786
0.7554528343996796
0.24607724857961066
0.5776099835577442
0.7238826101077962
0.6554664255884664
0.1866941135088207
0.5742233532290164
0.5906565876591418
0.4355972944723412
0.34631170760026253
0.27527815748687834
0.12462187088136845
0.6336100282412237
0.8272572908676069
0.6006137201585533
0.14160676156908691
0.057552879224346154
0.42015016574639685
0.13803447184059947
0.513373995770982
0.45907379992245756
0.09275406970210986
0.7780197735520057
0.7466560248266442
0.5538308741009813
0.5207343169921276
0.803511399883409
0.4047177459179935
0.33607913447209936
0.5842125209306882
0.009177218338846216
0.36598048444648
0.8846704638338525
0.1288237288349372
0.5537645951931229
0.7974678442598175
0.6745137832760392
0.23816803200397874
0.2875430111276336
0.6118086846949427
0.4167479154794793
0.3882507182500713
0.6869098414988739
0.8309285644329073
0.44163669762823143
0.4417459709851368
0.3293940055462633
0.7166949621857832
0.5477134030423543
0.11684358558378438
0.6402203129693059
0.4305242729710038
0.30794830442515075
0.6919329814014059
0.7772684334804504
0.25544158958968854
0.8813887237105127
0.1499595873551096
0.25611146972958077
0.4791076259231274
0.14641419375088693
0.8062649302655338
0.5136236104175996
0.18081569482197735
0.9209825531760294
0.4073139230173498
0.5976053959022922
0.1754192394541615
0.5337896361893595
0.8462673514614953
0.9980278827075411
0.03032303026201444
0.07934421795389246
0.5833778713580238
0.07840095248575973
0.03612310586021228
0.6524878093273143
0.671510783556855
0.5280335535949052
0.9375753092078691
0.4511527020701649
0.557663884743655
0.10801376021936382
0.9616631635274281
0.6374792778609032
0.1956730722899379
0.9736863370737212
0.5713632678953816
0.22959925591055663
0.17150213462602493
0.5756979712026475
0.7824852286912978
0.29098676037233606
0.36486171311141646
0.4002354190159044
0.4012559330205221
0.2964791607813082
0.487456646721525
0.9935632697270017
0.2163712742226136
0.6383790636841349
0.7847744948967552
0.37171647145555753
0.13446733707227476
0.6442195345429934
0.8948001945368655
0.6879482357566267
0.5802695881625567
0.09953710370094071
0.9886639743693884
0.10299495949754311
0.7863089030414145
0.18834576933252578
0.5922417505469981
0.07884976616649453
0.28399495941684805
0.4489918596855291
0.2108733006435557
0.8763593246835061
0.5801847490496481
0.550204109445863
0.43005679247605755
0.5037529590540307
0.176167685383106
0.06473191651450638
0.28914129773099295
0.7487493666999937
0.3059571475602295
0.3810657488577527
0.34237184148212907
0.24761561350425432
0.6487866208665678
0.9177470595726626
0.15300892863177884
0.7334095770703443
0.36547282692901506
0.5665799978488952
0.9524863160538992
0.2162104945217146
0.5065381254471526
0.0455615509582773
0.4436542761820005
0.647292503845082
0.351765883806084
0.6499924250318273
0.9613102721007809
0.41057664133438265
0.3154134373950468
0.6081772614734107
0.5879213118461681
0.08655288465739375
0.851935578490081
0.7337810308855582
0.8072633508538358
0.8688647927507639
0.6787754721134399
0.0842409001326303
0.04970689755431856
0.564132783903737
0.2879429849878872
0.036310284899032985
0.9165842906220272
0.10980719074541678
0.5435820789106909
0.6947291424136856
0.6732946184034987
0.411906907750894
0.6423760978205335
0.920610911194075
0.8491891665334644
0.256726190150233
0.5135208423475217
0.5403908672142355
0.8629774480311618
0.2823601321038198
0.6985138369002982
0.40331088694136197
0.7322232256868114
0.19094695275109574
0.250940068540384
0.5551638317229316
0.337947645827557
0.2642042615945416
0.36676956546535544
0.6332252804926858
0.14746617626656655
0.5882656429229549
0.7839041276535992
0.45139774238700536
0.1731708962580829
0.5849883543289798
0.1322923264298833
0.9282861829515369
0.11231916568642697
0.6657670841670765
0.14413267550568087
0.4330054784457553
0.9343551087293701
0.594506621961121
0.6175741763942679
0.36452713836794703
0.4780976643146774
0.8220254860237766
0.3687771923598042
0.3712984020828406
0.09890521596942925
0.14778766580721692
0.27923629068305755
0.7016516308772528
0.1855806783359657
0.9738178515419497
0.35411549709977774
0.3072175656808953
0.5023685258198121
0.8127136921555767
0.9169430020604716
0.6949246259451203
0.815306562591447
0.6251072266839294
0.8295964362771143
0.7727868044601477
0.13407583107948373
0.2174080965536903
0.056855427034731454
0.6057715599332053
0.23433991276827182
0.033937604720088665
0.5401660379636416
0.19190339231996123
0.4535687856876245
0.7776374503177237
0.6599828057437156
0.0055251394131007325
0.7724824710868298
0.7148199068033572
0.6652440485102449
0.5275145770966018
0.6795722725057838
0.1981925908859251
0.9928718799518134
0.4627554178376274
0.775846913133107
0.9585581672746071
0.5142953783567278
0.6625984623943713
0.025000890485477156
0.23075856449124654
0.19405899418237293
0.38106385789861263
0.3679861695039991
0.45338065966331276
0.8622487377596665
0.42754108187018425
0.606330119141142
0.3887137262879793
0.303430483664592
0.9421344577258282
0.8270905111604785
0.33040921171603965
0.6767568065290431
0.6724061630278819
0.5342494987914987
0.2933047089884764
0.821315302520563
0.09327828859103104
0.39007470430689783
0.02713671505677362
0.6622999067327571
0.4037887447342958
0.9657683794180292
0.976719262641262
0.1243553350902109
0.8875453401241407
0.5776965420644937
0.6585330402415155
0.5871263305634763
0.6393308022817303
0.3077410330038999
0.031018875349638986
0.9497773355314497
0.3565733347433663
0.5327279125839679
0.06072550725345538
0.9179707446962253
0.6017554437594679
0.10973848099681094
0.07713303074543398
0.7796206250454846
0.9174334976907561
0.1639071803519393
0.040150914944699356
0.40627400428450566
0.47243321884195466
0.3606099364693992
0.9401469795946411
0.15552313641745097
0.799634524892824
0.694200209003469
0.04421352210352103
0.7891787841334919
0.6458079827343556
0.7747773005299923
0.8100618684149176
0.2979611649090259
0.4506378562825146
0.5707810777635427
0.9021569450392255
0.7360380821791865
0.49606153168954215
0.9610365932411727
0.735323079832218
0.9988331902866435
0.09138099466276262
0.3259898469127429
0.8252893965191958
0.08340334233444568
0.5985783445827915
0.2765512396070543
0.053329827624308934
0.43990887483185537
0.9216519807749115
0.8263005589090879
0.1825744649336114
0.2824447288196732
0.3170116395788315
0.000827186298294813
0.1418902234715308
0.5543279312287144
0.5705340877158397
0.013165598048805571
0.44116219416853486
0.44930907321522784
0.9101589715056493
0.9476946065816481
0.9966928329568236
0.22827046218330949
0.5789098574083815
0.539547302769189
0.9425486466683209
0.036676122115475884
0.3996333538878033
0.8841212826334064
0.878807629737009
0.8604116360273503
0.8990118161382272
0.755219479064972
0.5922281563738644
0.39423383186178296
0.34789160355389526
0.020657005793322192
0.6430267392547947
0.565626372779484
0.5418181986884612
0.5833315079911336
0.3610075782394193
0.42360460213674545
0.544396070272991
0.7795791407391149
0.1401188996412963
0.013002243087990584
0.009319313753551994
0.11678069864888141
0.24727543527779405
0.866132295967764
0.9046768930708917
0.3127264340136533
0.29313765037717276
0.28013510154455445
0.5918030945732826
0.982811842414628
0.907670167422478
0.8459832012799927
0.8601469464901447
0.5721207368627549
0.15072053655365703
0.8361455478749477
0.6244688276481369
0.29077490137652073
0.5600325715524732
0.6781267404819659
0.4689894737350959
0.7507512779667668
0.5732754553661794
0.5333702392620528
0.42680615025658153
0.5861877181291684
0.9831746983934903
0.5126675739027845
0.7464421534640012
0.4739720281658355
0.09049100110714114
0.3417946754668193
0.9147444922486629
0.9025239578772402
0.443751700060355
0.8317826371955769
0.5373899670242868
0.1333801186235185
0.1990831214163411
0.24545691835083105
0.7258475824784406
0.2159640036784477
0.4158886024710702
0.40929324270185385
0.09119795076129622
0.3520841998122568
0.5151714678456878
0.5067224163165313
0.04607653120068245
0.30150340766621186
0.3713806174099702
0.2311649620689722
0.998230427560865
0.7073312553048385
0.28959406123417364
0.6733457879340259
0.9406687966938047
0.3248857391133545
0.7233946684879802
0.07461904632048955
0.42915312924183135
0.7189172517674689
0.8996320130771709
0.9434219839421221
0.4414717611491006
0.5435864199983913
0.7887280864596489
0.22913265617716205
0.6367151226724941
0.2232966127077396
0.711353691145127
0.2386318711272336
0.3291580035000661
0.754091221720743
0.4413474757585333
0.6978401304495536
0.5902267712269259
0.3534228822081964
0.7469694154368746
0.3049916123514429
0.10087786797610587
0.3898577979203772
0.8871528718659568
0.5388754319779371
0.4330031622701952
0.6961971172336816
0.29919871384139074
0.4798390969770735
0.3146110362535731
0.4804826734731482
0.7170456304248115
0.38612297528512884
0.5789484185123926
0.45407682762901913
0.2968058458974131
0.016932561918475697
0.8686954599973423
0.7277894736026906
0.7916315836914983
0.25490746938464015
0.511943097532191
0.48810666481284926
0.612114458193369
0.2599986331295673
0.45938436554620965
0.5103806286070439
0.0646812556165669
0.4986317821045013
0.06299510053929225
0.03083699403821749
0.8845964999713622
0.536516587478891
0.04258386791866664
0.3580455082694407
0.1211547695363423
0.25977289671927484
0.9888123442150737
0.21778649416509
0.7077615423974487
0.5217172959779677
0.16122747861595565
0.8166613443757984
0.9377200859663177
0.011791966872690685
0.9833778356398516
0.7159819047911642
0.48667211223473017
0.8977610587800509
0.2059860875942574
0.06834879921099413
0.7989452737549607
0.905415426077915
0.8645064720063158
0.9335878909092329
0.7494183949925519
0.1713838211256854
0.013956711746764494
0.44018424757001273
0.00815240494228242
0.5991696549083453
0.8116788392449198
0.5209316112101383
0.9954468623634649
0.18107891948787924
0.8816529840565341
0.9556830402907243
0.022300285433392464
0.6040317293753911
0.8470352085818307
0.33197621310513936
0.3187413185716109
0.6908512521824269
0.5021343957550557
0.9851148523192024
0.9669740986628999
0.7095853553937908
0.6033163183429818
0.13518028328695442
0.950898492417408
0.8393281678122468
0.9208932657868631
0.2762650239368265
0.8885263651275955
0.3762296391689245
0.08714239590743433
0.5306535206607723
0.08312127419033866
0.6027632096516183
0.06594769540670531
0.23961057303829314
0.471276606631723
0.7516267403044927
0.1515607107825343
0.2771050997871135
0.15355634656142192
0.1687255514188043
0.539196785950335
0.19007156714944984
0.5975491038208284
0.7065247380337711
0.9191746328692214
0.26848721765726913
0.5806055861221752
0.4359086661757281
0.14651206821819585
0.1740845698217467
0.888761093057714
0.628891969631833
0.48309659107519676
0.8119304761470074
0.3555247172751911
0.1074686150441071
0.0076705592035429815
0.31544662020991443
0.9261720777329401
0.8717518039178672
0.792099276317086
0.6950526232086732
0.9301168050684085
0.962649336765008
0.32216463733745215
0.1520417540665432
0.8396528807416167
0.4826920024242788
0.21263385132613355
0.06270424404911679
0.7647600951798578
0.4278906434810297
0.48222560567176564
0.445269226824795
0.273459877246509
0.0337719124083784
0.4412599886486849
0.4503703504388398
0.9487997171677842
0.625126749825001
0.940629845592198
0.4823822629995832
0.5927625347361464
0.7206032028448485
0.1880727304484734
0.1144107432402216
0.15871240958313193
0.7677064766711453
0.16150259178241222
0.1811747722111403
0.11782150533339808
0.21475472255933414
0.5585655941386859
0.29312477835375905
0.43426504704856794
0.20270355575077859
0.6267931634367978
0.9276661590935399
0.30926052896670164
0.09683012811389213
0.9402027791392243
0.04599839474623679
0.39412320093086695
0.0018316355557226327
0.5744744641370358
0.04487470018737039
0.09793869080090045
0.8263958357082587
0.42131599216309046
0.6052673836095703
0.880462491624494
0.5430268398042187
0.9915341151461242
0.937915022367732
0.12927595530128244
0.24176598375417657
0.7162708183488368
0.9324225440404821
0.9849931071892464
0.3804701157592868
0.757715093991881
0.2015686772615426
0.6187339531213925
0.7578378928807815
0.8802572474253613
0.1691531821287885
0.7301805143817172
0.547582363551542
0.5767848182187405
0.3718052107442763
0.5427967999637948
0.5445872322059042
0.3666414929863989
0.5097554332967158
0.8464247728088203
0.9344758347226395
0.9949855272983059
0.874801721372534
0.16555578143362915
0.05201327417611534
0.2277539512902783
0.019894882814968762
0.7721874172605241
0.13853589245946696
0.9442330095267116
0.5328206036326472
0.28294737378143875
0.1891738164938902
0.437639826160658
0.5032696235303249
0.9790442735952611
0.62448367254578
0.1575414853255428
0.16209295350536213
0.42742955330706023
0.8478613895418511
0.13568419144320987
0.5295243297456257
0.6917796256607276
0.3755689528747469
0.06829471098317341
0.5306899208973826
0.2654052467109418
0.789033806169819
0.7173712582667875
0.9325756882380568
0.49688855995324877
0.9554500573357043
0.43356704078591923
0.6668212127910175
0.10809591508823402
0.47134480374126675
0.028823455914448348
0.2825269710600651
0.913657929990344
0.4535149907443883
0.7781935346812993
0.2590057456307526
0.535813590603451
0.09739260192230337
0.7561581122837309
0.32649776380646056
0.3951436737723538
0.4670557906706648
0.841051277148848
0.610573385639093
0.5353746487575727
0.7222030888104387
0.9685747647984274
0.7388105529220755
0.448101778420795
0.4313472792768689
0.24446643206854224
0.7868545849878147
0.28144499155962077
0.4748864264505337
0.726410213235654
0.481945393874713
0.4874397239139385
0.051039056947462025
0.5454002991551793
0.6193794998815544
0.8495711146835125
0.1450764876783227
0.4727990804531893
0.7637865202446039
0.5532351553502008
0.5860049541565725
0.8263044412117974
0.605203638325149
0.4818224771781209
0.5370879546778948
0.49421273213578876
0.31276657865251345
0.51950950741877
0.749384905774105
0.3454144681062815
0.10229449309017191
0.6330222145154182
0.0782912789340583
0.3367586181408109
0.1596240301950913
0.4250999048240349
0.40331179743971346
0.6431620636166157
0.7516602494867004
0.6905199187712255
0.04810519068101604
0.9622000108068587
0.36185906769375586
0.005179653775306048
0.9221397381888842
0.5743398534162776
0.13360792109729624
0.7619433366836131
0.37577125905132336
0.5574729260844555
0.25735677379615096
0.9940287554589836
0.7430552707143876
0.9193350876183636
0.8693804619774309
0.06350021747676882
0.05643371966024058
0.847914696732961
0.41821801290797
0.22727383753453423
0.7742896626050729
0.30646848551063943
0.735265056136321
0.4822416992587658
0.13708588429584656
0.7820923860198272
0.24875818805466254
0.6471259858223576
0.5877673759000956
0.03837226622271539
0.6105527542101639
0.9319752390263643
0.6917666867551588
0.7814536123069689
0.5202499923707946
0.1885382166750803
0.5915119432755218
0.7453889525240875
0.05763615149143608
0.19714572025276056
0.20098633670235688
0.25142971454541396
0.7637509970973563
0.7997179337005756
0.3596001536048723
0.05159490517749343
0.6046440869031413
0.8078084138514625
0.5255670822821563
0.6952915448937468
0.5608367787521543
0.9718261737202348
0.13978378781744483
0.27533853449165757
0.8962160285850119
0.6460628796463066
0.8807120050939286
0.34129137081683847
0.1970688527190303
0.15729954995747464
0.10593767406694121
0.6623305205995348
0.5408260186539808
0.5625901779251088
0.23941606778474922
0.6105919687237598
0.10245151065795999
0.9965968524073571
0.1646556238413679
0.366190002997583
0.6601603440457146
0.1700715255544143
0.48909391377765765
0.7335069341302627
0.9893698398581725
0.8219218927757374
0.02259925637157112
0.051213644521165835
0.8806169304948571
0.3312979173811297
0.04878558085840001
0.9310163421628288
0.6755677203007513
0.9229680900587882
0.295387503845014
0.400463741378847
0.7153837871695139
0.6189131422340086
0.364489478022489
0.642927913049142
0.4796832287364994
0.4899349495192138
0.986282411102964
0.9205596226567556
0.48254749948390063
0.8064797886870676
0.9214285714245025
0.891955885402521
0.927493171852515
0.6295481319942712
0.0006480695658210855
0.3597899502714095
0.08455815966917313
0.6644856047558504
0.8885302048022506
0.4662419961062787
0.27471335205621816
0.8654167932130772
0.6884530859033987
0.7925606968248329
0.9222785776937473
0.727365340422558
0.8515309963101979
0.4951940337481139
0.23642012445760563
0.3498451562843483
0.9564504542757771
0.8140635959537351
0.4864290544451829
0.7689446643882599
0.044310372949719845
0.7829182028215154
0.12926859391797352
0.14091623652017649
0.5172427242872547
0.19978055943777706
0.3897499472921737
0.8871110035411279
0.1762637866833664
0.20715209918210675
0.043900801805479506
0.9599312487650012
0.02914473483342972
0.9691925466631556
0.34408504772956794
0.17844733234537236
0.9302324468466767
0.516401257939478
0.19999756415939907
0.26204463090333363
0.7487591360344434
0.915469257347305
0.09797581341138506
0.8374724751837547
0.624255884395189
0.7899634734199247
0.7232294035705772
0.14081641445656745
0.34260585124803844
0.24794441623468366
0.371279648184646
0.38332034899439504
0.5694019439025602
0.5504790912734983
0.8132135287414589
0.5638827675947191
0.6712501118822346
0.4122406635488638
0.22820596183096198
0.4231099202721412
0.6075113984834101
0.8334726060726508
0.6558881553390227
0.9685060426442647
0.9325559621855183
0.09869039717033179
0.46752993742021676
0.9973767901786932
0.9607496602426914
0.3187484360992152
0.621796914786458
0.2643747442442801
0.1613027914574815
0.848183946950414
0.14676022251639786
0.9045703560315329
0.4296318548501037
0.8435442464532734
0.7245480256461775
0.7168310619097362
0.6938545366539184
0.45190418802225296
0.089131010209889
0.9627418512306131
0.897473571054229
0.5417471285044831
0.06913843156183475
0.2510397179025571
0.3589427796680985
0.13126879845491712
0.7416947917071877
0.9951074418312357
0.6541802840144589
0.6871753570403993
0.11672299630261906
0.7740071239371065
0.9551154079223851
0.20883811627866167
0.06632643367791902
0.15830483440475585
0.4443717070685015
0.9606251839501884
0.9578906655910867
0.01082820313561983
0.6264093676175115
0.07973149217668807
0.9631862370049825
0.21450973834968345
0.13151762206570716
0.7373429629421778
0.8953525079107229
0.9046967732275888
0.13274339638787358
0.41816634794710705
0.8629060716786477
0.4947023654500171
0.4368963218472671
0.6375058259708785
0.48816223385532
0.33492386663249996
0.6032441133090876
0.2135228187321201
0.7819200919905185
0.4399870835093542
0.8076135543400411
0.5348681475863092
0.014075340197261199
0.49451232532310274
0.2972726520999177
0.45700112524956094
0.9585267469009868
0.4867672759714301
0.40389033065485447
0.4613354527856852
0.4185155041108206
0.10336212364820618
0.4910463673510247
0.04075143765517564
0.7521652593597608
0.1434051228379457
0.7604354840468577
0.9213699587038215
0.6217369721761741
0.22850279408572804
0.8890027904392935
0.8670603801012992
0.8475349445226159
0.5326796363864531
0.2314092709270481
0.5771896444435899
0.6077475219559269
0.4983356695020883
0.9502013783744779
0.9443010694136219
0.7130667831379408
0.20491867248571838
0.5925906579957994
0.7520839909457092
0.7504325497823607
0.8577715965047052
0.7114641438863462
0.6735706618777255
0.6549599264593696
0.5583472718270698
0.6606449345848219
0.3392189483836252
0.45410555848001233
0.29559201307714533
0.7716641258314538
0.5760330808164316
0.051264471970709935
0.5640011090365966
0.7828484950679724
0.5963059248790787
0.07256805088042939
0.5046776099712342
0.7141329604057858
0.1376765513327891
0.4777523189468762
0.6913139833040117
0.9033957743441143
0.641372639082407
0.2179273737164248
0.12064791593025326
0.2077851936266355
0.36729849066874376
0.03402584076570081
0.7901748326073942
0.3337131617696094
0.33583913584056435
0.15803112918196127
0.07208731553983216
0.07823587364101003
0.11522474545549655
0.5716557127314442
0.30416166528674704
0.9018813068087475
0.9038854342267617
0.5489327355031837
0.2428995150553146
0.004518751491987216
0.4983442154552712
0.7864986029780635
0.2905319212165074
0.541701173015509
0.7223412213581776
0.6912367279465056
0.1515967118212903
0.6338901866487077
0.7634280443321431
0.0550557264876087
0.7856481783872318
0.4665134162684015
0.06951564516898989
0.2269094564618318
0.7691060018096655
0.5626078078967637
0.460722713622402
0.53134719362518
0.47661050422838025
0.22607875196270089
0.4567218984451693
0.4721291408634185
0.5780862586495666
0.4292605099170973
0.9406084924133973
0.012290702084739591
0.43518516164929033
0.6400656904296214
0.5131062491969669
0.21362771711550332
0.6117319542393596
0.7340028308733345
0.16508180068368838
0.8012488070398922
0.07841983504677019
0.6885249890092852
0.6143485106183276
0.7400068770158574
0.9708439758534498
0.4788797614718988
0.48194991582450986
0.4437405611749088
0.3149963087598766
0.30318984182426745
0.5063686383614132
0.5914475431340903
0.35070619185501284
0.1254723389105138
0.48672559398442417
0.05526482794419629
0.9123844194242624
0.784779778327166
0.4095297991327328
0.22527444880539915
0.10432639303328317
0.4072569481746612
0.20314553128477775
0.47783226384932675
0.21293676051817778
0.6697207531441255
0.8323885469128788
0.2787032698145613
0.5835813527010678
0.48881540979906035
0.06119516152965898
0.741570319952084
0.5615106208608461
0.25880426941480394
0.24259778423369138
0.401814898050051
0.8165618410521959
0.34471650124386777
0.03949464378926337
0.2661655422761179
0.6013188301745643
0.4836601469445184
0.7596407972321666
0.9257992524812975
0.5706249501215207
0.7730150354434765
0.7537071274875722
0.7111909536438042
0.4921725943289701
0.31840632066887353
0.5652669825494696
0.8614106798990097
0.8514009361301808
0.282516068425259
0.020561894117737678
0.8291774377705449
0.4673631385985755
0.7462876015761141
0.5400947656780936
0.6863702881750944
0.866845293731556
0.29616263090989614
0.8137972891505041
0.28610352168862285
0.03729470699318249
0.6803300541368769
0.7926718751101016
0.29848890309298703
0.9706480998635009
0.8920245577470897
0.6769171164310681
0.7685782864134655
0.839853939083015
0.8451696335577379
0.6897094839287743
0.8222010860512843
0.5668010427313529
0.7508694779459476
0.7390476818296215
0.16063868843852935
0.3001721462136342
0.5636742118878073
0.21556939644586537
0.1446980814367549
0.44366598862280926
0.4365737196331796
0.35058705746991825
0.05457956499060623
0.215949201760661
0.42895820431280507
0.13646276518199596
0.5074942083265939
0.9534158820686808
0.8609634949388817
0.07958574234908067
0.5749930013082919
0.11639874366206837
0.6100477882012263
0.5784717415480878
0.9720854207763062
0.5599889735736305
0.012675734608871947
0.6528829100869739
0.8643987553658885
0.49279630372411853
0.15722764552277424
0.7704200889857051
0.7496460964131624
0.6689041015877416
0.06927061790327027
0.7402699964254912
0.20028610075066633
0.9252498192432232
0.3855493462178413
0.7407804205378336
0.31650445353469714
0.06063603958886998
0.3208942149118301
0.5292047454910456
0.16112857346037002
0.6032348435809111
0.8905621458073655
0.9498460619075973
0.0704420046264802
0.8118960400134839
0.13878864470595764
0.6082072563090932
0.5790845503622639
0.19722726570926175
0.4086025043297943
0.9977639280900665
0.6972263015931631
0.045059447555866106
0.15592850779535616
0.5870293090222439
0.6932133628111671
0.3404609021630549
0.8327713943561701
0.568370756363922
0.9088749028559306
0.6551980752264104
0.6074033578995244
0.9723846873730585
0.9026541250994751
0.07615803953931877
0.13982496280186985
0.11531006277086919
0.1733363876655445
0.08428961699228554
0.4985495312937568
0.34161194031425357
0.7766481766714015
0.6731503403966546
0.02028575762020335
0.13313239991323367
0.8658897439298394
0.17622308585839241
0.13780781197310632
0.6255163988727678
0.8635919593901239
0.7958702890161335
0.606308991632503
0.12464003775521992
0.21664651653146416
0.15448603541067407
0.414824488606126
0.6788274002112377
0.6750495469377551
0.5436231593095502
0.7729040372784629
0.9494560488744866
0.06136773491366654
0.9146120461974988
0.8523715575822245
0.966221546422646
0.7453880496190392
0.6647437455647721
0.990069712128557
0.5656060894816538
0.19897225134300034
0.9813946684970802
0.6366436836547822
0.43770194487776237
0.9573511097896108
0.5241504407409787
0.40413329064754655
0.8932036831463539
0.7674464969760794
0.7816256078300715
0.6411503854686227
0.827227157017686
0.5364890325607873
0.00787750060497805
0.5379478132339954
0.8347123100342411
0.09872305969805095
0.05645342052220248
0.40017882677024574
0.11875529085254521
0.8199014402398515
0.19337808287462044
0.20865407862001806
0.7658558320164667
0.961565123468756
0.8378119227517985
0.7488544138819607
0.980814411874211
0.06283179246054071
0.0311920812963703
0.6860068473690533
0.0214071594865185
0.21122399995687635
0.32928595378963443
0.5156490318157878
0.752200807781026
0.6100427527108535
0.6791874670508078
0.41756004091456733
0.9804391848123091
0.9751059635881271
0.9061708993614584
0.005454272449847641
0.250984345033214
0.5842205338472466
0.8407247650028319
0.5722831145844652
0.8587771371141625
0.4355842640740384
0.13128726764053433
0.5192002515630573
0.7713338214731226
0.6426331039779165
0.22883362835258492
0.2022668632874849
0.5202370540003439
0.06843188384316146
0.39212579034833595
0.4342550756007646
0.12977072507408072
0.9633515911895418
0.621039002972394
0.9348299359111307
0.2370704590504431
0.43092919026848386
0.8292626822690813
0.42174033471845473
0.4880104428634259
0.5003210157951131
0.09787308187125132
0.20187330495880407
0.9027566875481099
0.46428768303328516
0.6075856037386738
0.6355527266812766
0.5453314491151414
0.10955511518262262
0.035233572387279644
0.9322047339229111
0.23025825390906862
0.546508183837644
0.02335767620734508
0.393033189537207
0.7906268724163886
0.09913484072703882
0.5652005615959778
0.6677618850335054
0.5642851603285967
0.7163036090156568
0.8107913635944808
0.992551347790615
0.35648003197906775
0.9097635568564773
0.34270243268339506
0.9838929726838243
0.5902003183664755
0.8440470842594892
0.5797280407402778
0.3933677791668686
0.9775610209433319
0.8932683797827364
0.8789380997290576
0.5153973072319699
0.6354039577680292
0.619670039615736
0.8303244704386874
0.31912685628943627
0.29713085165744013
0.4491249186285664
0.37602129559533815
0.7153839901070327
0.464557964989067
0.024131037131661648
0.993273067408258
0.12286792799618063
0.7210214232544677
0.7244118103828961
0.01863968045489306
0.6131023669144228
0.9318364660183263
0.860266744076903
0.09203388214864561
0.3668844642587997
0.1370395760353179
0.06436195145748824
0.26811414926984956
0.3749042662375812
0.19690324503645895
0.456375654097144
0.46453325088361364
0.10633178398411502
0.04302641023593956
0.10847535827589105
0.40679998500334114
0.3699673142707044
0.49488147986890574
0.8816335303505386
0.5750233794538332
0.13004539718618424
0.6955143754467082
0.03385922506397698
0.1401223872056886
0.9545798095666687
0.8112239808021321
0.05968841626951915
0.7618020597151699
0.06091363214535295
0.5741974649174223
0.13105017393288554
0.45430667749211917
0.2847019534232218
0.15765495212960945
0.46978715342978195
0.3192751189572509
0.14449168764037756
0.2965903691565003
0.717760549742359
0.4491249073935967
0.5766634748514693
0.1594527754293783
0.42342452707494116
0.7579245505479942
0.5510067778543802
0.12300430740981849
0.29003898310279363
0.7898493354246873
0.4037153702639318
0.8708233632375835
0.8929266414530312
0.6138312559630321
0.3331488873195393
0.047571141082319746
0.262296339061312
0.7581159312528237
0.028458148497055302
0.10656916697832519
0.06328726412120222
0.973517565460761
0.4567332866165582
0.565543617780629
0.3824965409366906
0.27267316064388436
0.12323466393078442
0.1278899565644004
0.8353186085157887
0.6903271901781421
0.7587935509915349
0.35316346039981983
0.3491706092751652
0.6767802010602538
0.5985501781958248
0.6047516961968188
0.1880290554887576
0.8648103837444034
0.5390096231596504
0.4088735034832802
0.7397291432662302
0.49397250967568385
0.7366890990930248
0.14817477857415162
0.41586579484269637
0.5554265281093281
0.12365605348229647
0.6461000035817569
0.2533470659940451
0.7915745190067481
0.4988805891678879
0.1026981327908646
0.43878495881475676
0.09898499170413755
0.1138505903779351
0.5175982231764411
0.37687337397530907
0.34090594250072737
0.770460028936421
0.3028152602860462
0.9600356531436507
0.8579738022102382
0.18697003814528834
0.6486827444764354
0.8077569516653536
0.600052370819367
0.4541914314743447
0.23043111643425485
0.2760201557857025
0.9107988775433138
0.6915246521317691
0.864435385947878
0.29950439285920616
0.9465376610598523
0.742946416089633
0.40399603609159973
0.7227586404010035
0.3853371157820905
0.7111479161970077
0.30353389475570947
0.4881326121918744
0.7204091424565252
0.16127300047162918
0.010276995645614129
0.30526515199222515
0.3838605734977144
0.03708726037918686
0.7807679970463526
0.13986173068046104
0.1674096661808896
0.5571644035921499
0.34255088811318535
0.8216436594355292
0.5988599860357706
0.369075706697801
0.29687262806884807
0.2471145288301192
0.5487516916754354
0.555208377766084
0.17946329229085967
0.8390913858932367
0.38654943362279015
0.059033650542156035
0.24247337254190704
0.32233062145359737
0.36686990580120626
0.8415883730692022
0.6300436266510585
0.9510830011751988
0.7850867700590615
0.6154049703446149
0.9907905180787024
0.1817104546790228
0.2492426660651763
0.46988356878432125
0.1264086867435732
0.34441599727031624
0.9058394996690524
0.3911537466340148
0.739122975190581
0.570945986915445
0.19315091932933448
0.5277974229731905
0.31141347112543405
0.14336521022746473
0.943760762971872
0.07541689469543666
0.4570554202595931
0.6868701878927373
0.2728667875978992
0.7945169892355004
0.816236257447559
0.5177343067744403
0.3302045306966239
0.7285870780953295
0.4056277791907882
0.21634414402997704
0.6891623221715313
0.571266621447745
0.08147107763662154
0.7531154866675465
0.3807909415365377
0.5089174926172124
0.7670300587564955
0.3563584780737572
0.34294417527124377
0.3645972863409487
0.690562217455919
0.5343271833013856
0.6030493390244811
0.7662508036179007
0.5872471300409511
0.4746049946356685
0.07913951438259736
0.12261560597841026
0.13085811740426567
0.014363757008256761
0.6572058109878257
0.9162210155940331
0.4630562121610259
0.8638254784348591
0.9489045750031612
0.48000795386335604
0.5816612891960612
0.32693170635183344
0.5836654948727931
0.9288599067678527
0.7395200620884445
0.32158317074534937
0.4640904241900815
0.9677403040821135
0.40919345967294185
0.09582547834342392
0.7997849986976322
0.7268679383551309
0.7912105694692263
0.9421638094523029
0.8035969349974222
0.9678184138999975
0.43447511310922604
0.656400694079678
0.7856997686295569
0.802113260079066
0.2523898630448881
0.6392543039527814
0.05424369419716668
0.5644979981005223
0.19071999042775256
0.020252192146663295
0.7796528640921533
0.6420097499528927
0.9390502962605205
0.5922670896265569
0.3060549154176282
0.6432631869745009
0.3159055743817186
0.8190604898598678
0.6738709007843744
0.23813202654494936
0.6076204867695746
0.8555814361177878
0.5378601896567058
0.2912315197640919
0.49517237884024945
0.17540022277147693
0.3018841755500785
0.45063386499828717
0.9505763651538435
0.9603730818563073
0.07355954827471867
0.7672282758153086
0.8426939643504099
0.46210237073502314
0.6313042097404383
0.40983332954930063
0.004080351225358436
0.935108234326646
0.67436544343043
0.18255968578448156
0.8608966326133501
0.6272708058753014
0.7494999352044247
0.530105772660469
0.14564493781053522
0.8494447167306296
0.3277339667218442
0.5986326168831886
0.5023722373700713
0.700066609189959
0.09948964504661995
0.5933712879229506
0.8902380533458982
0.03150022714834133
0.9259212272530114
0.13785087139350483
0.4805959509195824
0.609811618211225
0.619627734354021
0.22079300305830196
0.3745160225243992
0.7923120747635257
0.08199924507761325
0.24943784947699255
0.741833333499416
0.8033577676288056
0.2631584602813136
0.05145435278116073
0.8249253851784502
0.7954661804666338
0.9782278830879594
0.6378687136486852
0.3201151258055762
0.093648073914541
0.2787039874165329
0.46211691531390353
0.28560538861664486
0.12717105096615222
0.270543336041572
0.5233965497251205
0.9508006956017668
0.047648918725634815
0.5329268820382097
0.45402983579293976
0.3348988359703424
0.15058011446137243
0.9185745881934366
0.19102643271919484
0.3578662151746623
0.048111221014683014
0.1468720458703242
0.956275924239328
0.2296003667407044
0.8481653827321112
0.9249066567457036
0.45577307259268396
0.5001009265694024
0.5710304211358909
0.8441133150311287
0.007939958175201989
0.25051566423035265
0.15139169899818872
0.04748303879303972
0.9548439096255565
0.29147599516419476
0.6080127501032344
0.8630782674401054
0.5119974122061721
0.8554113966493905
0.41530485118707094
0.9596260593242576
0.7110806807665061
0.14446378203650745
0.04409089237850161
0.6232345184953945
0.2091042825978069
0.04470817601318511
0.6348701891232718
0.9580282090989984
0.6166239594050736
0.8537296403312608
0.17304974158255115
0.9413705687205498
0.5485265527423515
0.640816528930612
0.7497387266638431
0.3768494969458992
0.399620008540963
0.6238060500513027
0.5168295998576805
0.3780939709865393
0.7579878403067581
0.7170749574725577
0.2762941673912992
0.33569302908611887
0.5882804957941178
0.3051973906885852
0.8642722736521723
0.10396808506299826
0.3999222538634354
0.4801752320821596
0.637666278795846
0.7210167025111608
0.013520684636428526
0.8541880211507071
0.354647133809739
0.5845802277170145
0.237882220163538
0.05110698053712481
0.1740729457997735
0.7661071533507692
0.37171874272792216
0.30672269659589846
0.09864278134291027
0.4227769241967205
0.9056886262724877
0.9942816354495205
0.6615639566533884
0.6263162405362623
0.9722009375467369
0.49339745098334986
0.8586964172646752
0.04958360997001088
0.776548636056299
0.8897344651003298
0.38009970492158296
0.6975856642627449
0.24680429785652458
0.9035793946499762
0.47372267604804086
0.774898007087222
0.9426307558748377
0.818204132434428
0.04444225004200553
0.5395932758706579
0.24567725908578653
0.7246144793464862
0.275390022690963
0.6538212229884625
0.9162531150816633
0.9181083163597542
0.008732177659750984
0.9195492543935855
0.6109745337547924
0.34179517988728103
0.24721374274258756
0.12436979257461334
0.049534383198556964
0.5289540777964575
0.4877818220302531
0.229748339066285
0.6059650445669581
0.6211277285511693
0.6058186025476712
0.0003320688167860464
0.16652208293999393
0.19414045462242102
0.490673982225047
0.17379769943315526
0.5271090238171059
0.8318032511660649
0.4380825164623515
0.676778021806179
0.8654656221995203
0.06235115518757883
0.9445608078915574
0.8179265362439412
0.57092088749275
0.048480301565798634
0.05715639946524864
0.45450345723759755
0.1199827984097297
0.5219956787435914
0.8775553288060239
0.10412391012079847
0.2419841862748947
0.13293675347071354
0.07379367770599998
0.37556604393988746
0.7239141855742023
0.08338523999955783
0.7975241126475995
0.02862621474552296
0.18897577507468033
0.5159767470811857
0.46017101989664133
0.5756203263626968
0.4483069781807393
0.5699121708737257
0.42797870502631474
0.21975730472057242
0.10371152750569712
0.7592908145404438
0.9689387360699749
0.9270109997774515
0.6232422212276872
0.07314006765212189
0.5682819526461613
0.9274634612405006
0.03407367682407658
0.3536241971658971
0.9038251251773439
0.43908506535163516
0.11053790436940236
0.7673949214097251
0.9784148961270578
0.6076193696968348
0.4583043507199218
0.06499418517093036
0.2771755838608275
0.053125883402559304
0.4985719245968906
0.25252809218218397
0.591673209710962
0.14500565989622982
0.7844107544668213
0.5338821403831698
0.9352387680841574
0.8990244390238039
0.9286339447710413
0.5814084028328578
0.35189732059392564
0.12323410713685667
0.7919054546430572
0.44519659554842217
0.5997493666733291
0.6418461941071593
0.14518389059365344
0.7318974755916443
0.30621577748894013
0.3641154208344516
0.9183640210076617
0.8951665257475948
0.22042080566293198
0.9753621036051621
0.9195910383523167
0.51931029285454
0.24193435862041213
0.9884049528096742
0.07999465639517866
0.5216575840313603
0.6884168201918375
0.40379338821981403
0.00999476111299824
0.5949183964446672
0.8663251616378234
0.32135489520487304
0.42770985361654124
0.9829710660006232
0.7356733337830331
0.05832803028121181
0.754344068301031
0.32295594496811664
0.2592162209106925
0.04806804572528134
0.6520109230894995
0.7427411618352562
0.4556398460479971
0.6932705480518985
0.11270259089494317
0.5537154659230252
0.3885131112939644
0.42947431392649804
0.9882403235141769
0.9006326750901613
0.3875545530124085
0.6102427761530631
0.9413156326588834
0.30275988020033173
0.9238446166580684
0.16170713181470986
0.7537476891343433
0.039414138994859016
0.27643900641494246
0.2137826623281216
0.23918733291264527
0.052597653680038325
0.7551019397506542
0.4034284392201748
0.9806842291220489
0.9864186274028172
0.898446358188914
0.654788653064961
0.6368215103277461
0.2860678493606713
0.044736034268694325
0.12025701376392461
0.588102700547284
0.09440222682428379
0.9804821021624175
0.8425281893265993
0.3583847731599411
0.6656203023463821
0.6681544721009964
0.05640781600529454
0.449930214460056
0.3175469105002817
0.3878449100525728
0.16984365785323263
0.6188575881201107
0.1057192190260261
0.9265072290749025
0.20312139037468924
0.5439584497883128
0.0867654022062243
0.9262162484705186
0.31451183789798476
0.6593010252039546
0.6314787710382094
0.7323205901619542
0.01866862449594975
0.35303899790138515
0.36666240608644163
0.32446966881751993
0.7086500974287101
0.221484344588062
0.0042849203449383255
0.6270926848650968
0.16329830406970192
0.0749634609348071
0.7241996636118867
0.7487962145167338
0.8810719804863073
0.5394554568290855
0.6050009863603514
0.08555935656346947
0.992044731287705
0.947319443712969
0.8540615871719367
0.6900354829477516
0.15452461072779577
0.11226817561386182
0.24836521145531532
0.056759746874085026
0.001436326432179058
0.5829024980244382
0.13123546096635152
0.07582961134192046
0.3372464033906367
0.0715189769088237
0.9048259222391632
0.24067528091476242
0.7067752202381752
0.9879089603752035
0.11880256346759377
0.4906101913650657
0.6155063769161258
0.35904534469788385
0.02377918587223471
0.9258745715595245
0.4979556768664526
0.4943178843294771
0.3932193122968637
0.04117558241674413
0.08062614624886077
0.35239901863305567
0.16861913035535103
0.05716378723280069
0.707118842913299
0.17651258954758975
0.24971771476168825
0.4775830247631092
0.30377453470064186
0.8726932145680811
0.7757997298365749
0.09179988754846147
0.773324875946214
0.8560869505931621
0.3052949494910522
0.2007321468069725
0.6474472982909089
0.32285683348893035
0.3155904436147775
0.5708784963799729
0.2502224580697905
0.9177370571706732
0.12123575682323517
0.28957726380158044
0.7564166241442147
0.48402105554432284
0.3901445021010018
0.2934734283534539
0.5718584880575481
0.3756978755614796
0.31036630260422604
0.4458568347629941
0.017425746882133053
0.2606372677199661
0.5879570925665699
0.14557144354558704
0.8430298251916987
0.6561900164143286
0.403784199941736
0.3747752033383418
0.1261095713191971
0.48125426144209615
0.6001636212291668
0.045877222570292364
0.9843208175201975
0.8702072107348884
0.09849740288735565
0.041709924865975245
0.0032260363380548496
0.21915878156327429
0.43019879803395666
0.25437001883291055
0.7602327845541601
0.8159598183896978
0.4000706826882868
0.8709366019131776
0.591357613558266
0.599087704277915
0.7066955638073785
0.6455245404622332
0.917057532316523
0.1330891595907544
0.14114848465033392
0.015398282112610295
0.6313585398857477
0.4730674338769272
0.42807937047779143
0.027100714839605744
0.7254814957424157
0.4222512890374661
0.2388238800607052
0.9078534963010537
0.6127299046210761
0.40438381969596904
0.6464825941828245
0.7434328235731584
0.7857388732537113
0.608383221599829
0.9755854719433539
0.41618688586957886
0.7934950194364623
0.014514458475048508
0.35633163024895165
0.023588805774360955
0.23713653881188423
0.881913590366808
0.7091837807550844
0.2529579304103806
0.23160693700260138
0.13332136441008624
0.7949845595380569
0.6861790034748974
0.8082187443216754
0.8873549521376929
0.02168407068178435
0.32560375951561016
0.8384670496836085
0.7342249750985627
0.4416137598620997
0.39139419614336246
0.0963175075743119
0.3434744615799301
0.29720925186075897
0.7330976232901555
0.7562817765235089
0.848128452512626
0.6767086783396401
0.4562480707012825
0.07941302175431642
0.20783425369010333
0.30890443968459813
0.5950756412382062
0.6680250756869223
0.9728700817720033
0.8208653380251976
0.21578833839874945
0.4609646471753003
0.4562397377860674
0.5141907701491276
0.17846010404356716
0.542232068692456
0.6186392555413559
0.7252306367607718
0.6002712357526206
0.7012835846249287
0.8156306135523683
0.6280002188284127
0.6681963475723927
0.8048372246584662
0.6882101876358905
0.16912848996255292
0.9101327311913634
0.852951253717389
0.6755484950835728
0.47915520338423256
0.83808824137304
0.5253974496354371
0.3510743770732422
0.10745536818475998
0.570851407528066
0.33335683114797265
0.7296950900137543
0.8113538303224936
0.2135164701927027
0.9570469269648968
0.08403852904510722
0.36910602081859734
0.4480953851108799
0.9066713354688896
0.06275585083637703
0.9798602626154338
0.3148583088682404
0.4116427739091625
0.3870159535150528
0.4008304396562242
0.7492919207280153
0.6982969969753512
0.8361636511617656
0.9551735295706183
0.15639533205610767
0.27849900598482924
0.7711463495238676
0.3097798137761947
0.8203847496866679
0.15112730339492653
0.2709439430829693
0.5632213498502711
0.9347733618411039
0.39168537344812004
0.38095928967830006
0.05480006460039255
0.1887342105107852
0.30833355344089797
0.5668637012173231
0.7766296355676582
0.48793108738448576
0.8118582149416633
0.2543884385388123
0.48622318360805405
0.03701660009345531
0.6335484291415258
0.2231658169111691
0.6448791010444517
0.03892130116641479
0.7905051783857531
0.09536547395373418
0.264176973246542
0.7253908989349018
0.5858199901425306
0.9342484058955689
0.3054573471205123
0.6265692344231245
0.8443895842611532
0.30783376070341206
0.13055815900300938
0.030147270988656882
0.4286138833602371
0.7520670324263264
0.9534147238477186
0.6536292564707045
0.11413056462150317
0.6501492113902712
0.6276674813207556
0.07368155125112885
0.5774564338196296
0.9055336539580437
0.9991394548611452
0.9975159412731984
0.48230796374005036
0.017497158126151047
0.6311334865776186
0.839146049673846
0.3860777036229901
0.8885898153169279
0.986962381109174
0.41537906812435066
0.46700320433377507
0.5886792366337747
0.550681102836054
0.13321281127053952
0.48035776953671794
0.18109499035547272
0.9079519663862611
0.9065281172951759
0.5352273512634816
0.681351709480035
0.4046652550416725
0.026780183943487024
0.053378139131363356
0.6768264767005668
0.7241203055131366
0.08022450026706784
0.45057358282931204
0.35942489614927386
0.8977424307144196
0.6893976619891748
0.2786529632146292
0.5477541392589955
0.6573262348812186
0.25387559477222743
0.6052563952869804
0.16339592710602469
0.2583295293335215
0.5725213436473987
0.09440877663141123
0.8091465816007328
0.11517114290338004
0.13019323480205935
0.39215261896633646
0.12346999349487064
0.45788205831669526
0.4209260912865661
0.8607145548213436
0.8714261435944513
0.18550596263340435
0.763888203680096
0.4226769921611616
0.6434500635157092
0.7849546522838463
0.9580894113057791
0.2661547052348273
0.9279942266687516
0.5766602796189071
0.0378082457702309
0.1617110829684425
0.029197665323090205
0.2188983411476768
0.3219086809623469
0.8437672500438026
0.8823881405679022
0.8698337761770862
0.7275301515006264
0.22996988655586148
0.30474924686064864
0.6519000542896837
0.9046716652767782
0.6322466187693476
0.16366734571648667
0.1725863200948654
0.22298030572920635
0.9988052143515619
0.3904431757002731
0.5767837200289222
0.5484268974529791
0.82401153586228
0.8526296455118001
0.4158641147288892
0.4556225506982686
0.4557598191939439
0.82091075312973
0.6838095245872072
0.019534754652818842
0.9108177131904415
0.5177483005174394
0.4336155079740578
0.8858082469910274
0.4615129378142677
0.601450162095704
0.8734565422379748
0.1944047188911976
0.5698512098136237
0.0054181150592207405
0.19488316730065902
0.44286224164629273
0.4223795632354074
0.11044412749881516
0.8925966560279294
0.8028659309294681
0.7216824116318215
0.4026172538812778
0.4950271247569784
0.6134439541586808
0.05038931945817593
0.7362062732947638
0.2607745252068827
0.4922765636991495
0.9623811289582057
0.9909108907872115
0.16128879631619997
0.8233039947622983
0.817094531323149
0.09959870826927997
0.08388520931042931
0.5855029409156364
0.9974438490824109
0.05145675300070396
0.45483606344810434
0.895924818921256
0.2255240521798173
0.07779938450875612
0.5710236158182125
0.9034098756019956
0.17086250148769977
0.23148450196188508
0.18561475866339794
0.51556471679211
0.5480891100929509
0.6778582315627094
0.433331798994556
0.8037811882189937
0.69223522002984
0.5035796552329902
0.8318130634688052
0.12747466529781648
0.9693084130912364
0.2378022697137494
0.6265491422007657
0.7207773878897954
0.857901797462303
0.6302956543282981
0.6085666610581384
0.4741060728088422
0.7492185650225281
0.6180390180636037
0.11468268339462062
0.028143000184260192
0.22049766323907483
0.524358113519536
0.061352957552344045
0.4470070792752716
0.9445611860294384
0.07530952037414418
0.29164789432190397
0.3436663588793123
0.2634105710594141
0.5907137094737455
0.16830264712338538
0.7451070693253566
0.6896511649679318
0.6474974293493113
0.850531509982224
0.28047435167523527
0.7969713508286833
0.8768322214656212
0.06445419501162608
0.14836642583930726
0.7600726294024975
0.1455790458712768
0.939907844547673
0.328362514903091
0.5582133164935881
0.11994459279132041
0.5572655152989088
0.6019643179268439
0.20984021376632733
0.7507554637761658
0.9498644879810981
0.6794189915228782
0.7346719511118517
0.6735244676060804
0.5039882955750452
0.19485716485053728
0.561748374706892
0.06405993204990257
0.9420737316692087
0.9452485954765969
0.09281899095892754
0.9283557949683451
0.8043917463434359
0.7047959794839693
0.5552863342272111
0.5596045860132639
0.8403827149779157
0.754473004487046
0.12776682962732455
0.1824452410215749
0.9026927560414982
0.10557406173570272
0.7732357877254434
0.27138873954766374
0.9598839388423065
0.22898802405676733
0.9578487905175991
0.302486066685253
0.7797909285608088
0.6942562425870841
0.7801813638597777
0.37169683383909347
0.3336611267557916
0.9392413336463934
0.4669836200644233
0.6669645517812273
0.7964053714451288
0.8213344956841737
0.3508628983362454
0.7469224117226406
0.6821585569484068
0.6817339391552929
0.9691627759066905
0.8369590104605051
0.03141622347425832
0.43981762695062543
0.45183038067661596
0.40137576392052565
0.369129021370619
0.5090920983742542
0.18178036106058182
0.9724948871323689
0.9639903576958238
0.6238783617006626
0.36241738067542073
0.6699000615336378
0.09400836343257513
0.5183127527643406
0.6425360753016197
0.33496142013033015
0.251675169030971
0.10105495746256798
0.8066870048472916
0.21472732543376571
0.9274714073995318
0.6804049125491
0.17667221531165866
0.336326373637449
0.8313446205566742
0.02980691447184647
0.43258007445094004
0.5293282094233809
0.05491456030111164
0.6313054989923476
0.7094943798822269
0.30227806620175257
0.3205065347173798
0.008281612521857218
0.7202380836349255
0.8139048595270095
0.6318566366969227
0.555419798146029
0.6660240517833923
0.5812034509495777
0.9299800109677291
0.9270115041408739
0.434173195337357
0.172587833354087
0.7395813189122628
0.7078717673925281
0.7435809812479921
0.19479164826075357
0.1861097975484759
0.8767102210421894
0.020943419623248305
0.17469740730461136
0.8402333846092136
0.3199412749698617
0.6928848590266828
0.8635764441709389
0.06952447009891027
0.2369711781755659
0.21786726466604434
0.441202569442109
0.3735896519967076
0.13136864179955177
0.0038281803812111326
0.7177886805123134
0.9860081859425203
0.7518483959026211
0.843574125022166
0.1293280066365644
0.957327203794462
0.6797974490079876
0.8867991858612242
0.3041257592948835
0.7197385738676684
0.8366115548306873
0.43720860818471263
0.15600646233729631
0.5860259218415127
0.9999429093898375
0.8266725485626024
0.03167900086442843
0.9018432786602922
0.968845197774411
0.7676921395430126
0.9731187126794484
0.2894944021033482
0.9579393038369203
0.16418710961448846
0.07772649859248504
0.3387284377628431
0.7172004753892918
0.07487967459273603
0.27260307391883076
0.43770761634385824
0.041291103674111485
0.9899314864347057
0.9422995684786631
0.13235790836601258
0.16858065291948443
0.4850126124404245
0.8805911641859335
0.14574785236468846
0.6326644886612014
0.2495038681897046
0.8368852998691323
0.7499412752197615
0.26308271308505127
0.2585947671633495
0.48606143339787966
0.13704210785581483
0.5297215375787724
0.3843720292460181
0.1354422901197091
0.35493482763774
0.0731251251580145
0.9818840496740696
0.8133860768968532
0.24576751887707304
0.6994776505641748
0.07332732747175941
0.4340172854738229
0.9517947445937804
0.9524289393934544
0.35248340201334183
0.7743999751265493
0.7857701831288907
0.12273586917301149
0.8419919678824357
0.6689089959395905
0.5277428723917499
0.5178364408180315
0.9688408056150795
0.9260750391020427
0.5931038533909601
0.9577347736276671
0.45085967635557844
0.32949763890907036
0.5825297732040622
0.8130342316759025
0.2667698492831927
0.7020356312396114
0.4879846968807726
0.5438141721927778
0.5241177702137125
0.03189385787260479
0.03466970416759774
0.7786743757182675
0.5073779532776455
0.35824109676570415
0.39726344708892947
0.7178798524674772
0.8735593387134106
0.7500813628234964
0.021426387939055158
0.6697473868287215
0.3279255860699375
0.8867075603908559
0.9348878034918678
0.5084434080625376
0.8455035812989056
0.07751377461726738
0.7547252740217412
0.7320801917450249
0.0963734115524777
0.7855633703506688
0.8567013915947472
0.3383169350809737
0.231618441080087
0.6695539762014815
0.69019093690922
0.6478898024907586
0.6573639987940679
0.56413290140675
0.8729772595190926
0.9661465021027781
0.18872712881390852
0.04581637435780317
0.074199764538606
0.7883926362061495
0.28107350441083634
0.03197425473018911
0.9068590722753249
0.8393005421542936
0.9827050476216822
0.7235168674780722
0.8619676195469529
0.38941471210304723
0.589160538109519
0.04817834042718361
0.4221707643752378
0.8311946330049408
0.9959923316856427
0.9764158576425901
0.27295462647187907
0.634978232603726
0.5481583749722152
0.2253164126030388
0.10533988907302594
0.6550698592928883
0.2996160012867899
0.09479404536687441
0.8214331737106526
0.412300242953448
0.722963570544645
0.2562244751573872
0.5931306130360603
0.9089387228968266
0.920172580247372
0.931923962666373
0.4106361404426677
0.2791308711488204
0.9350636985327502
0.367466005042538
0.27090943250925426
0.9258025708208871
0.5505248553365535
0.4071925374337588
0.3643503479268003
0.7285521399196832
0.6648706962153914
0.0179055982811428
0.9976954472707718
0.5001123870221933
0.0816252003095258
0.5642367092955587
0.0036582955832743513
0.25558889733330703
0.6451539104874348
0.09772214324183548
0.2952863672457312
0.07176593777504514
0.6783585456516897
0.12134111911223222
0.026328639296659517
0.5828384706238995
0.5529825360933395
0.6488586870157333
0.746875206889636
0.41881271561662514
0.25923047475258065
0.7222927731442266
0.9928718953262542
0.020558830887580815
0.714574486166544
0.24687917922096247
0.10313098626972639
0.2136850738234013
0.5843287542606926
0.8407720922799206
0.07358686619264332
0.4266202988516836
0.5630066753825775
0.7883175217515979
0.4829624521888072
0.11802458642219471
0.025518456214984497
0.9841532519059725
0.5527202377615144
0.8797840726233248
0.05788905207617512
0.7530047469174932
0.06445247933207032
0.13608239360108498
0.16668107576210667
0.38052899401300355
0.7494262281335
0.9817651695408214
0.02365646031307178
0.8120156392887871
0.7846050542043439
0.4294767851423442
0.9819059514870132
0.6507882476502306
0.036667561469473475
0.41953786406378846
0.4893140503293848
0.932058770308905
0.7674936516815214
0.8689686450576224
0.8254536177017386
0.5778053844556472
0.08733035544033263
0.08118431184495611
0.7187832799736986
0.2862245786381127
0.6075559979553238
0.33595985208427537
0.1685772894978098
0.7569484186404841
0.0831995302734484
0.4923973633770774
0.1775998197346067
0.45859772653849173
0.7539885223253653
0.1566026186832994
0.8890881527394988
0.7420627555052716
0.4793813998699623
0.2900429683657829
0.45100075407058104
0.3573673726771771
0.6349949392483977
0.3097724437790498
0.2657703993686996
0.8015660940460879
0.5059625597630842
0.6689450300165558
0.15837701823859762
0.03395290396909578
0.6391674666555084
0.06565412381339208
0.4819058030192819
0.1260303580467974
0.08272827529782456
0.22267591219257787
0.12660203647749013
0.9784206446351206
0.2509281237915576
0.7799058174763582
0.6044929325018277
0.48736209584583223
0.330567686587829
0.4867878050633807
0.9030078615579099
0.8504302742615159
0.6360872611157645
0.18774850983145963
0.22370324272374864
0.6909021569652676
0.8528253234574648
0.09516361701439136
0.10018799164860792
0.6628389084236169
0.7704685711374389
0.31268281739834325
0.9069856407031356
0.5906359731774393
0.35142040385728657
0.2648429583499978
0.5445308045153415
0.23801704981886707
0.5191340707485039
0.1990089063435979
0.17448061784723556
0.36916330234169004
0.35815494060984765
0.7097663661057506
0.4012960144849168
0.5946507496094943
0.08964084243200077
0.4741964356494003
0.216515873211232
0.79494001036316
0.8317160709027568
0.5181863955771427
0.347443473041264
0.670578999986208
0.7363178357486065
0.05388084525039305
0.0194934988525558
0.3809259213263153
0.31035270453257047
0.6884286135012647
0.46718835319756147
0.6130643176287
0.062324603965659975
0.20124967749004397
0.9462445750857564
0.9567141071820668
0.7902738695129788
0.06188691145076275
0.1333267323679066
0.08987804514021736
0.8973532322930936
0.31147266609666346
0.27179862048885506
0.6076868929867913
0.001208573474542507
0.1312211815987412
0.5255617529245528
0.8929153888506643
0.6468391911171981
0.9005800165652884
0.746682534452999
0.13032177310550275
0.6361553889686281
0.3302023206540401
0.868965364875791
0.4140289177112374
0.48568764758864247
0.29589865213580857
0.14477610068618685
0.8438390668455283
0.09338065052606725
0.7939977367173879
0.803703431495641
0.8702209947009699
0.6107556540225836
0.9154596504975036
0.9546465603585945
0.9068108241443906
0.6306159505410746
0.7430217207091375
0.7370644098537591
0.746188521544159
0.9822116388468533
0.5514569445667193
0.8472469585682235
0.8131048985394305
0.6587869276212346
0.7861985405442667
0.1833083828231088
0.3368467088916257
0.5471039567837083
0.7405113243760244
0.30722955003065644
0.7524752311510077
0.12875650952672912
0.8424268461482678
0.026295583467269013
0.785769072391388
0.761834479439972
0.5660734758400072
0.9421173191102812
0.48463028940625064
0.43714958879644983
0.37094262031992786
0.5136297738788048
0.1891450563638697
0.5992875740946106
0.619069827499458
0.7964536324347236
0.8067581891743135
0.4830463889250849
0.25563565076022177
0.3574647088534193
0.4031001028179131
0.47991085310869486
0.5453596634257497
0.6625300238183388
0.8380264754404877
0.13803028628318703
0.43410164952392216
0.5121966554350282
0.5373205708399917
0.4533891125645424
0.27166348942794816
0.9039875707311604
0.16880647518380443
0.40002871503687065
0.24328971540968325
0.03821309296978803
0.3112784761268923
0.3161438507618719
0.3817904994960597
0.7748975819269305
0.5133013838070015
0.5869572513925905
0.35648215855860044
0.569541169192223
0.8767796991395809
0.509049848562116
0.9916078517338279
0.16420814753279223
0.7377956204589603
0.6213936611798918
0.21506137802086722
0.40028274259567065
0.31699945253778583
0.5905164241926991
0.4032154590826249
0.6447302466599024
0.5790433072051759
0.6681525962962643
0.8738815622620483
0.6460150257387075
0.5932744530850779
0.4146108057496215
0.14655109003621758
0.27460691156933426
0.6666097152136178
0.6439316855768763
0.9420202182478252
0.2995399043099821
0.8233795599110437
0.8480977510829117
0.5237945305797574
0.6808737103400591
0.19541749013332932
0.8333242624526572
0.6153375053382849
0.9267329500855387
0.05396883738206171
0.9881565706652619
0.15694060532366916
0.4548824127325478
9.484147375637964e-05
0.0664425309795923
0.388201337556101
0.39333824406679796
0.08623272921468983
0.247468162924542
0.5673238282479196
0.09510558692630644
0.01656979499347566
0.9433073205432285
0.8580474825698736
0.3508724509500325
0.2652803059112756
0.9714235097657621
0.8920779002159548
0.16441893846978672
0.8948759177270263
0.816087066037158
0.11627299715497774
0.10698604430511005
0.3980647465626952
0.07778505408630754
0.692933906692403
0.7412142747879061
0.9921068407715983
0.4895139014580804
0.44609431133516053
0.1465421486982923
0.09473359083107802
0.3390736322436577
0.8373873875438116
0.7811285736083368
0.04841340320178622
0.018647652826881633
0.666344977322178
0.8749712591450841
0.545149692973766
0.9651744956276842
0.45221089890905874
0.9684376795675786
0.6430748741448922
0.14718960001426062
0.5792276355348713
0.5215183392811713
0.47015910958082774
0.651230684661431
0.13128198502713473
0.6870982388336592
0.1078792828669386
0.030373905885396013
0.6620600953818927
0.6670592311840157
0.9474248826825399
0.18826758718839798
0.41279387705130643
0.6069922624514869
0.13321710997309277
0.5135673464044018
0.15582924871928316
0.7519160469972181
0.7980776325203157
0.6203143237013595
0.26100772871487243
0.5795415410941185
0.04290069667439833
0.5910304375576552
0.18192760387307416
0.4791780575155601
0.05047328654580141
0.9999680829867726
0.4947536548504554
0.02847239609216079
0.779480279467873
0.5629364665667317
0.23873839807058328
0.35959455205637403
0.70869660583315
0.5880805623100055
0.08888499135629246
0.4947973631976632
0.2122789452926681
0.5169759401612372
0.9794405916504308
0.20487786844485578
0.606390526843264
0.40256533723835564
0.1646661546567243
0.772514243788062
0.7052255347466037
0.9087410608895146
0.48234164581183925
0.22838216173153425
0.804305178302131
0.8826767794669994
0.6152708624846359
0.05918445570866049
0.9293433721551564
0.0568351145868452
0.8969396894581262
0.18917057244436408
0.8471371087570548
0.7425633413856223
0.9640425010109304
0.5865332179619219
0.49076926415933975
0.8842084922198357
0.9817674337780014
0.16359483054985657
0.5553473931686932
0.4111192297485101
0.11171339830015614
0.12591762183806654
0.649751169062713
0.6188591374896792
0.30894428844290567
0.70479943851963
0.6850924349728197
0.22312704204135392
0.00389460399515984
0.8042061439534542
0.3813413729460764
0.2704926524211013
0.13651884352341803
0.6831688690150375
0.26473053011348024
0.8325708470752642
0.16629871594638945
0.6174687628794149
0.7939764164398534
0.3398996788026821
0.8988068354557524
0.8906791983849748
0.03373842849981257
0.5053619272139105
0.5961477507892586
0.1240048055144567
0.5113191439434147
0.4776974402683405
0.22890857077151971
0.31341243146918263
0.634175783119491
0.03766669610809947
0.015544295117835283
0.09303508615546818
0.6220424337676206
0.5128715251283311
0.4560482505785055
0.6310654926500449
0.9143768093401253
0.1090174197307947
0.5165585652496617
0.6968446318870224
0.8306819137397887
0.03603637328867504
0.7755860098071161
0.8991457902719305
0.39518636903891713
0.12733124213698188
0.7429061007828175
0.6705257361122462
0.21828119857482176
0.18173500984612778
0.7276891114549587
0.8596043204911062
0.16428815261104013
0.5756221277754959
0.021992529124005178
0.4517514182273693
0.529140006860697
0.79213434094018
0.2635486023378293
0.7794053687243366
0.589689354816101
0.816666861614617
0.1657776684977358
0.13307589120553265
0.5089148189327904
0.024967227233613665
0.6383291944341141
0.7013158228716524
0.6268415173341836
0.3168012078987168
0.674781801094868
0.07148900830366822
0.36293938225635825
0.2635581164246955
0.2117182963324018
0.6448483166526617
0.504592053654167
0.5245709248673149
0.5148149544303872
0.5357970190661968
0.0687025203252758
0.29513837095069373
0.9062091177582839
0.17712964582949675
0.18576228608325052
0.018803976905314546
0.15156543777314413
0.4276418466720575
0.4151371223196608
0.7365661664890445
0.6117011552879867
0.4730810351007402
0.4054679448674898
0.5305466432414373
0.33968416481797503
0.3566834876230194
0.2128057668482508
0.1635893366955241
0.44836880567212023
0.05533703165421344
0.2632265786032827
0.1697049049689059
0.7765777466742605
0.004871789306587382
0.7271673287561861
0.26078785282932837
0.04522299939834251
0.5282122110356334
0.732940837802969
0.4741359970010861
0.8445041204931522
0.6427995441688843
0.6290642882060743
0.7462830049035322
0.5026072678064576
0.23863865295260533
0.28320316520764766
0.23418662146493985
0.06078735674176461
0.8918998544118626
0.5123464888856648
0.46054827468100923
0.06588183750867949
0.6481537176932721
0.49105382002382125
0.37575130468001416
0.3852367435930506
0.3110272473547555
0.9333853183309148
0.09188186680840871
0.47087722196326276
0.7604240707309013
0.9283504740468335
0.48285629634742
0.9330472083627334
0.7351126051060715
0.2984800497716271
0.13892910412551285
0.29058078386997
0.9051826830288158
0.044323097194554406
0.9370557956560063
0.9230601072790778
0.8940354657385251
0.5228050578651869
0.18955624680688676
0.6996438298691673
0.2018540346970018
0.43511581553319956
0.22874066207161425
0.046676054894040586
0.8866407968892314
0.3363959507526436
0.7637242936910142
0.7541005596931295
0.31649669585159823
0.8804678261410642
0.19579971763656834
0.28289357719756747
0.21560009081537213
0.9477875199666617
0.18204241772010055
0.9887066473626678
0.5016613297098862
0.3758432904055877
0.3937550045895827
0.5313096494050554
0.08240528550118043
0.5028892306254743
0.44281943618152964
0.40460212016094965
0.7291726498449266
0.627521427346889
0.23368457152679556
0.1457247303446072
0.5882955127837589
0.889108865786342
0.7020068447584504
0.618876478460333
0.7416480282051224
0.09013353518809264
0.06423390220404923
0.23014045962794405
0.7378213545173324
0.5216362101672807
0.5593725494860726
0.12853002979474004
0.04104743159276791
0.9239786659321404
0.7849586713157527
0.20967601614431108
0.7953745742313398
0.35258849299605644
0.329511552633757
0.2319025174972521
0.6745506838254798
0.41191378162874626
0.9625288931250764
0.28712055147472204
0.6947118427654374
0.1516707936021412
0.22144013571198917
0.2014340352152887
0.9174641756541885
0.4139338119878685
0.17134819628855236
0.8288942601356808
0.8337681325976799
0.17878004356188626
0.4815378374641046
0.2015688167626266
0.5807108608534216
0.7185649117194108
0.40977898311389194
0.7209717125438438
0.8418622757994886
0.1486468397625279
0.8014237206849584
0.37509269690561087
0.16526590550235132
0.6250646483894939
0.48935368169526905
0.8618440073892144
0.21532342629802637
0.669626209767478
0.8515476003911316
0.2733395199020574
0.507447897909463
0.08235356061177279
0.6871886087484481
0.8744319247061539
0.4829483505022627
0.3759840860148822
0.34479936520574284
0.9431820649888378
0.7215740342228106
0.3326691568232363
0.11454715188177433
0.2041594592557654
0.07645562022574726
0.8442540314014556
0.09830817711766571
0.8320231961558754
0.757596264139207
0.3217102947031665
0.8955706570151799
0.6888058009494337
0.22008675620378348
0.5415935807945507
0.1821738204984117
0.16928189244481462
0.12916031420879437
0.03475198064570073
0.8779616082194628
0.8478522139826702
0.14753434043546365
0.93529678533691
0.6068414014361285
0.6406350536674311
0.8770113506209952
0.6601338279236053
0.6486376816531739
0.22497936276489017
0.8139567287814988
0.769294452678965
0.9593100697680864
0.8622288071559003
0.5970921619811973
0.9511386692621503
0.40089141620583035
0.3493892878694216
0.6192977807603018
0.9508376459500792
0.7605518429888861
0.9643083581603086
0.022740866126515824
0.18515678588631213
0.052393178010668784
0.12388984681720339
0.9487244352040132
0.2440299416459608
0.8423186957589364
0.9828915575337178
0.4297353245491313
0.7165285852624123
0.2369415798559208
0.3071861965685556
0.011866235740117692
0.07911840636987544
0.09731856017336538
0.16259687968491543
0.5553964997397817
0.8498761087076927
0.4732282172605986
0.17594701154746195
0.4407910624001008
0.9839915318850136
0.5248861234006262
0.09818838251686224
0.6702622274329626
0.17401807152919446
0.8223873041750588
0.6115659862753116
0.8686690634367383
0.9326749276835579
0.08471475173033072
0.11744410860626597
0.158361737068332
0.8480933609961397
0.10586990861878864
0.7357891404795104
0.8128650834165134
0.21172151353234947
0.3484891242372349
0.4974094615138357
0.03899855029655863
0.9651115099565364
0.182892240864577
0.6973815765235508
0.2556220026392313
0.12691228786152653
0.9305866210131267
0.7919622301928841
0.7425758479456731
0.09722188133508936
0.04176928414025827
0.23873252660632394
0.4996575354608572
0.7088015314561918
0.5913030892901032
0.6213457562669029
0.3841041283330615
0.6787371303021478
0.21675282607172053
0.01995515080658472
0.20601019978785295
0.11558423038521493
0.8078268288426166
0.29211205073464597
0.9958946026235196
0.8491593203069082
0.8639438791958579
0.8302507797649842
0.00847863312165209
0.9803917330156001
0.589329526108303
0.5696983106434399
0.17594450365809122
0.6160243734203392
0.17226698608589397
0.44665018066252826
0.05901692775792777
0.301934885546261
0.5519072165129079
0.16229211584915892
0.17047391058245598
0.8520054523596712
0.8534053641946383
0.7914492815530538
0.17187060717724778
0.4161808818267274
0.06693617800935592
0.36701492759117504
0.3857204141417916
0.29143982583321315
0.08176022077903333
0.19815616875760833
0.7095323259291525
0.07656422325117451
0.2706666137782934
0.1458618072590223
0.40734387060167687
0.7800805196854536
0.5543645317890569
0.8016594422290364
0.9957021568533294
0.3206476338138683
0.5766604170866736
0.44168470787779457
0.725729745131255
0.2096699476674645
0.9050847586039585
0.6278476087502649
0.28173825034779465
0.5862859318738359
0.5604153645624245
0.27815662453823387
0.13697171111122608
0.8494987440264496
0.7313002108088504
0.49879883429246596
0.5967651693392024
0.5832847563227017
0.5212292357379611
0.3634838200062138
0.12149021391655734
0.22631041118512585
0.0060797492887647575
0.13422275602815947
0.3335857721956952
0.09035531366125182
0.5065712349245776
0.47769388236553245
0.6051978397266146
0.9728309315291304
0.6870938801508103
0.6236544866572362
0.13776270406341296
0.02764516192753841
0.12252450454455999
0.628202811083106
0.4210987742260446
0.9010196355847442
0.7654452499300418
0.5498588368794818
0.061015262852935015
0.13766827606692034
0.3255689376057592
0.24130285426627196
0.1397740286589878
0.752111274121445
0.6084960736413891
0.023014737978002575
0.6923430082893401
0.2951208653954627
0.7733013557875463
0.4763136401268453
0.8665909380360548
0.6562473961619281
0.44801243937368795
0.7869837980987866
0.43037605047255156
0.9029145770680267
0.5583722747140818
0.07945738859261753
0.6647769887927694
0.6426700199024586
0.8619094236585855
0.7299963327526512
0.0253333134055308
0.0812018353579167
0.98237731981805
0.39291869896458265
0.7012196869614217
0.8654146722469231
0.4995803382080498
0.9701197930936359
0.2954498050033789
0.363947283633421
0.843612440270154
0.4070708125145164
0.6510710863631082
0.3686763515996363
0.5666655982115452
0.5274481493157563
0.29836498878156303
0.8913254680468956
0.2080849701491756
0.09154435002210193
0.8163421190393576
0.7878775422851895
0.7846080666644033
0.6205527532983054
0.18631637970205484
0.6410430648045142
0.34899200441013545
0.9927741477823973
0.8828364030213102
0.8848507584665251
0.6089570338625959
0.31816910666971565
0.24633697416675815
0.029019141595807096
0.04401195211359277
0.18204791102145512
0.2916232197679872
0.013658508341933384
0.4278696635232657
0.4271887496686001
0.8002127747794828
0.280134676584317
0.33712567689149575
0.364004354445173
0.40396268173600036
0.3830938058235388
0.8581670765737797
0.09950779910107077
0.807738901762062
0.8920688760871408
0.4302985599520137
0.11113730597018512
0.21239002341957647
0.3267347300028971
0.012541155737530674
0.08804327187049621
0.6649436476519476
0.9296230422820673
0.9932928857644481
0.11011446737066222
0.5697467925593014
0.3532808214241374
0.6065591030117939
0.7624092283482219
0.4939750626812588
0.6745295917528683
0.6960842641202348
0.6682537951350449
0.8481166159588572
0.127758896221275
0.5657047859071759
0.6939426994894339
0.42057827936031245
0.6653622757317953
0.37111907031534286
0.20454967973933003
0.050127269574160804
0.9311106690197044
0.21836357824535202
0.8367740035594261
0.05502097475616785
0.23651096247632675
0.2811438454751731
0.5071019513386475
0.5458239877514596
0.9330619507842832
0.8539822743886427
0.6924588653210139
0.37431415284794933
0.703779329793207
0.6805376279201869
0.7090245978156408
0.9150060280851935
0.4865330589960015
0.5350557232874064
0.5552048404489466
0.5609116420536729
0.6225120296920027
0.8277971621996498
0.7442244005510635
0.8071203408063524
0.1874092756994088
0.04181682613971027
0.6598752940481214
0.4726163714510634
0.775342219050215
0.47087408762259375
0.6616644113682626
0.3592044708283618
0.7722906671497929
0.9810494442262331
0.8021310784624641
0.28174010619974055
0.3941606981414403
0.6023913919205323
0.31209128970800903
0.9526439806526571
0.27297015315896433
0.005135591834285802
0.739238997520678
0.7158924349395678
0.8375436423545751
0.7452835179071502
0.99896931005591
0.6634221995626822
0.8302212037763204
0.02234140259216222
0.06100705478727886
0.2566085177650623
0.9364437798715064
0.36675348686257436
0.8592641593132622
0.5735855064526337
0.7760089760069081
0.20081778614313217
0.9376600828814442
0.7793190900201608
0.02860715346289322
0.3121533942528726
0.2645028507730953
0.6744589848217247
0.7991021864631116
0.2939476130666345
0.9513482642695913
0.37449737174485664
0.05357054751321566
0.9347935484654942
0.928354339362662
0.4227126175963376
0.9027633951971917
0.2729477361401843
0.6213935312616928
0.3272263405882192
0.22684159314004115
0.9165358229235726
0.4641018461258817
0.04511267709284228
0.3535358451263142
0.4433578543101194
0.16042752604508537
0.7143059806018285
0.7468641071022897
0.5032500053040432
0.647060612063045
0.8848216775153789
0.9964294348287871
0.8094530359086832
0.21160185976027235
0.9026941679146254
0.5021898541491322
0.44186686871723235
0.9257684405479764
0.6913962641867377
0.9001179262960951
0.2358691235361876
0.9012075173637354
0.8699617676489685
0.2777022066084682
0.4100335267058436
0.6226409389911448
0.9647275939972296
0.693125334699302
0.8861107804228484
0.7134687577836875
0.7072015644674486
0.7094406110189624
0.9150139795170735
0.2571244859849269
0.35919231240937943
0.382777654713211
0.29666004651158273
0.06891522739847555
0.1682962644585202
0.051506508831156594
0.43775145340833743
0.7535122103855172
0.5046869941343034
0.339624143661706
0.44151378549296183
0.29317385610824864
0.06922022032161235
0.7160249609832016
0.49746518462568357
0.25821653664055433
0.9926016647552116
0.5171764733400801
0.5799228093604141
0.058820007378166506
0.22142718064647982
0.9355520069508394
0.7326348652795878
0.07624819758112322
0.6691464621380626
0.025947058925042232
0.8125782846960949
0.09709962474422851
0.36253223225760167
0.8017256110481332
0.28120203147907896
0.08364623888406264
0.21405432770359878
0.7614101817523186
0.7528977913916653
0.9669035804258002
0.008746218870400835
0.5909257952911057
0.23622481089769676
0.6976932058226748
0.5955258445526168
0.05915918934109088
0.9427525197503155
0.1913523610516007
0.5278646991721861
0.2963302931352991
0.036099501544531676
0.226916946229328
0.4889572331964366
0.5705053099265359
0.40838119179348875
0.28883783480278014
0.1489189756020134
0.15302027396675177
0.9392096224256152
0.7693003673308337
0.9918096306412432
0.5019239943436832
0.9281551478587791
0.3563024215191435
0.7569992431052047
0.37715980658119774
0.12316331989596363
0.864970488351793
0.19264752902374438
0.7591976368942513
0.10591768749451369
0.1266210467784552
0.44976944313142675
0.6009750263929103
0.46932415919012715
0.5043707419592032
0.40764881261180963
0.6912208350346204
0.4150679708988727
0.8146997714464509
0.3771061891349923
0.5084424867360476
0.47813522016431576
0.5421209107311383
0.8210790774346435
0.9727938988388276
0.6748548338235066
0.5292712683319276
0.2851655713200202
0.01663449851586074
0.45669402655059377
0.2654634060009379
0.228957069192519
0.30683677077498783
0.2868182192273949
0.7654397001703446
0.6934435286135091
0.27908005367470856
0.17585212498856984
0.7174762477654022
0.7395068158353437
0.20273351737335055
0.965034173445049
0.10363860341024511
0.9350523249585084
0.006426639013982993
0.5403005491619722
0.05930037066806937
0.09436150795939413
0.635489172625042
0.8747374706368862
0.16885500158145927
0.6237333707156635
0.2737587436139879
0.3450065947559684
0.04172789941956212
0.678005073389153
0.8356946022131355
0.668597892022856
0.9524945421818768
0.9353436656542049
0.20707221764976746
0.3181888741868695
0.27712339980746503
0.6115234314072151
0.7471123824444041
0.7284629027773631
0.16222840477567302
0.07273865422911885
0.6157346022739308
0.5970714603470225
0.9220058001202486
0.8072252330134169
0.8239867194240207
0.4073270663806533
0.27756103758837514
0.9633111248255604
0.6752785275915968
0.3270763457688852
0.8976502698983945
0.04643301488495044
0.06715888938561976
0.6955756871467592
0.10162244228351403
0.0747668885240157
0.03019519646383384
0.81794727058471
0.32047168756381483
0.5617267259991876
0.007498405851105283
0.27302698013698035
0.01480445981339229
0.7119701280316882
0.3490053158913252
0.3740474730949812
0.846627138412936
0.7220293157013485
0.8763520583850091
0.2125586313851121
0.21192820949544944
0.3223172834677883
0.09640310479057934
0.812773298206594
0.5643838018298002
0.43525565014162027
0.8396709269904167
0.7214288512280218
0.2108781384886339
0.5620579571909866
0.5024734032174586
0.07726750432892437
0.6938270948725922
0.9484762786486135
0.03898718530056544
0.5313971120849367
0.6443287466812578
0.7779886744814448
0.9800347822833102
0.40530305442592063
0.7501684076174646
0.7975287052659675
0.46344426761406454
0.3092873949552999
0.4387642603805545
0.9812417898270258
0.7942311024561042
0.7588766090016444
0.9246693896376534
0.24168523402560527
0.5834614608556239
0.8791999096800527
0.3283791762593966
0.53594173864192
0.3004975232734899
0.8210519541536243
0.2518686742713404
0.7027654066942068
0.44669825183252077
0.38633321688635514
0.8883475019197185
0.591343347300585
0.540559546802147
0.06585560400700985
0.5325385121024169
0.8132466522193947
0.2749683853960754
0.1868495378055306
0.008221579299672488
0.1930181514283461
0.8353905054694964
0.7383028050136735
0.967558959274754
0.620364122748023
0.956360581554248
0.8123355365588565
0.44720818024624776
0.5625931525534299
0.362128877979929
0.09594269360511587
0.16586606598298126
0.9270579211123845
0.7825513576711116
0.8265189684944387
0.14857502969835013
0.016345983848587542
0.6760247103704485
0.9397931240680816
0.3197904263158322
0.40052766224517333
0.4828734904479033
0.7243883014066861
0.823059678102716
0.9756344110196596
0.12591588668677034
0.20857597488298207
0.8361057117178772
0.6279620275158779
0.870036992994524
0.5556198432644874
0.952469268979035
0.6300152833810891
0.7661722465647794
0.6318560827914458
0.7707527017614796
0.9324745794223719
0.06619926923383623
0.9025679388850888
0.976812980802787
0.7624030561350511
0.015041988805922668
0.7793307811661631
0.02310021385183647
0.7564641687560427
0.8620030519384231
0.7447935961861654
0.5812552294617549
0.6295853173780065
0.32207443842651895
0.8451392788625526
0.7268150023359062
0.8346619452900447
0.021601571278918597
0.16988008250431963
0.029908495319280193
0.30087204679589497
0.3545661054839425
0.5986208513548448
0.9711610070324044
0.4672923489895462
0.86884092487236
0.21082511753158895
0.7175628349617721
0.22285556003509632
0.2944663601478179
0.2418556155411946
0.3179998324404947
0.3511386608531474
0.819030937759054
0.14033367230008897
0.40913491482517816
0.8822116033398852
0.982274280286865
0.5123303725552472
0.8769559425107486
0.553434732859266
0.25396427223557483
0.5689243031811013
0.9549708188420374
0.8617791676406134
0.45926558646808135
0.14736046655558577
0.9787904832126406
0.06317407620140747
0.754899419284413
0.5742131781407599
0.7759906278174916
0.3363196301582103
0.8857066934906807
0.2143465857255883
0.5121399183047926
0.9932712002392208
0.8161901386827686
0.048039702919759564
0.16326583337852485
0.09728367898776002
0.6062317889703304
0.8997753994169455
0.40217653683285104
0.23564499917437687
0.3782778423756904
0.7256504741049546
0.9185852458824824
0.9957014387227804
0.9453157613336354
0.03177014936042133
0.18391148914939026
0.6996034441890128
0.5015545336140486
0.4139497068108554
0.6595042398339808
0.22070187190042956
0.47533817805614
0.007667547969410937
0.20352163683172553
0.43298743754354574
0.3826144998199491
0.4444317812817533
0.025871555653708245
0.7868890414069523
0.7133568449643894
0.8857321670961112
0.05541746285305349
0.8743709096216318
0.8494992594705503
0.3143157512207325
0.8361891085512193
0.20404645147302536
0.3808307706272229
0.5367338926574304
0.8388247850844772
0.5257724640463817
0.8165335607439885
0.8663650352287452
0.9402080874509533
0.3019291703366275
0.2297985902941989
0.4082286440320616
0.561976432427453
0.3400257203332928
0.42306253368886815
0.6989283124540622
0.0428502056634954
0.9185592215074929
0.910642167132007
0.4866307285794276
0.13341299218486657
0.6842416131897437
0.8661942275126686
0.9416544570985445
0.8463860554731761
0.06665579838524027
0.0601372384771407
0.3653934700195185
0.05730303574793516
0.7762075659668328
0.229353383406954
0.36719916643128847
0.34724971255563863
0.8712438525106928
0.2160128059367603
0.6140744450170196
0.08893752388011322
0.9822362733305379
0.39442731881835125
0.3733915130694282
0.13736550677229964
0.8617926870407294
0.6759096314936913
0.5596179806132622
0.21995817946049212
0.9585075122845345
0.9310721323661582
0.37993067730604624
0.6658615864691051
0.9467526657183929
0.5066562728424142
0.8577821867179063
0.17931286531109747
0.2855224957551701
0.904460096763686
0.29531211246005284
0.888587921493482
0.8035425525988873
0.03902772168021773
0.6011744430884175
0.6665640012993921
0.5594140888721606
0.5743825649413733
0.7049021465751978
0.3703234322032217
0.2739546854775158
0.39499561632668223
0.7776694396174949
0.9383137911316657
0.11301675674357536
0.2463700064623111
0.4778280793782369
0.4348765604712931
0.309069327609804
0.9955280307223866
0.30591663178135586
0.04413394723465702
0.2073593125292681
0.5048155697199214
0.24945290762151595
0.7867475416063717
0.9979094128127501
0.10016141141635826
0.3283893244747099
0.20141964989507344
0.5550147583050185
0.09771850340700083
0.36308674984384204
0.699239398426904
0.4302598865442908
0.5436743471998364
0.5499392544852625
0.9705449106031051
0.28782931832802794
0.6394988662005329
0.005297516945659719
0.10026780676561797
0.1315660884986789
0.3151966861585821
0.5825548349203553
0.5632630130149935
0.20950822494407273
0.26785646256006146
0.04204994463034095
0.4521719345397395
0.38541929282525345
0.0638095178887047
0.7805372076679975
0.12172442614493573
0.7647988610805012
0.057758173641353716
0.2551409511781
0.8650734297624022
0.9209474086484255
0.09597108926771603
0.8329779480748469
0.9722454156260132
0.9687021150431682
0.8082548851395682
0.7134674438157443
0.8124437154883358
0.37950045054226234
0.08908200484242523
0.9253274209939986
0.4489445445640855
0.8363233758153473
0.13421480096502658
0.10761383685173753
0.3212075342963555
0.6945460085836619
0.2793017096563607
0.8557442903076616
0.6420350477769154
0.4079477563292331
0.8762369273984918
0.9788603556255552
0.29635192709957825
0.5905183358456938
0.9858708985285172
0.9481641536384041
0.4370498692007353
0.09832199284815912
0.1169333719646547
0.18071801530843923
0.7433750481259488
0.2389296403661363
0.9279565146749785
0.5463869359359809
0.5405929979391354
0.5051240382310619
0.14399474350207964
0.8427472877269032
0.8664942399861157
0.8584536116617489
0.5212500155525841
0.19696320659906885
0.9962629422428416
0.27108558057401955
0.5760377453033345
0.6101029856062073
0.6003030538501217
0.6568786471532637
0.6903360554048961
0.3386413612114504
0.1389622720273751
0.1846120981920557
0.5418848283159194
0.729460695532325
0.5478167560902543
0.25110986427820636
0.6775385080110596
0.6091313188782642
0.23917682920941197
0.43973986777785756
0.4757140700703446
0.7505660759714161
0.8638018935833249
0.3664471109191113
0.059728662690639034
0.8753921209068118
0.27143439574267125
0.027385594384241263
0.5670725012484933
0.9389867530627767
0.2695062169958089
0.4790879874223013
0.17497554974592988
0.6756285941278029
0.19904582063474252
0.6872490375144196
0.3339927089227416
0.030637935984135667
0.6463380255488841
0.23172032897677142
0.24302363165922647
0.6974209763688969
0.8608453895092497
0.5516636068865374
0.4489547886858246
0.690975229316046
0.523738223334647
0.40762306656918534
0.07532812395293897
0.004287291473116683
0.19770585472804758
0.1195108487699319
0.15807977984572552
0.7182034254338827
0.31209603669319685
0.13079159041219202
0.7692190988467346
0.7754435719079061
0.7113693366360103
0.2792572940063601
0.790009524924559
0.6456119634780645
0.2661986899883345
0.8312472166018964
0.40336035314476715
0.6649063019686462
0.8031011722282884
0.06876731367755118
0.7255882923219831
0.30018617963845096
0.5411413732241382
0.36634753802931797
0.8439247683160035
0.5687672733000712
0.1403931907624828
0.8475996446517913
0.2699855602037067
0.3067636820281754
0.2575205298876043
0.04894979011009948
0.8580885209048302
0.828635223697129
0.21128518195054125
0.6587077144574641
0.817029929650758
0.09310749126219642
0.7207335795218783
0.5243425244779405
0.7172585186348935
0.7259982383589496
0.7376870983047503
0.7029859029094402
0.30618594757574247
0.6716370938564374
0.7583203318186751
0.4464752730977761
0.5417364834580198
0.887100670235295
0.22181089690531286
0.6633965050238094
0.8762145081250122
0.5632135933344498
0.5289012344695675
0.634052481042178
0.4756387199172466
0.3260664265599782
0.4681163449527018
0.2546462945228344
0.3540703806493821
0.10330571067079353
0.8136590647300365
0.20420274339509892
0.29519553037058033
0.685561727951265
0.4061765839891158
0.1574635541526298
0.8671616385324722
0.14396409365738816
0.605438900652581
0.31456325424481835
0.5954669567484236
0.1711331364712645
0.6681091097242029
0.07958430203617395
0.457070209600679
0.9676867346442632
0.46383199603244085
0.21518876331315484
0.7577396545879942
0.3037544165460414
0.8675238557010748
0.9712753209174123
0.9296703680737415
0.6102357303594944
0.4139934132716644
0.14635339190280927
0.3806569732910696
0.5258515664891719
0.02970172037397245
0.08162560207618963
0.20482817982646395
0.1543616366131686
0.8242695994727041
0.7374405801857445
0.9627638822132852
0.3847369332459436
0.9836910575350399
0.2830075432185015
0.08819250686153546
0.13636781468099424
0.13775756044052478
0.7354967196513724
0.015602000821345774
0.3149406020499145
0.8734460131515668
0.5038595695397383
0.8492027650063109
0.4936882560071463
0.35094337196919523
0.3585471471080355
0.15830691696778643
0.6963003342402058
0.17183572298130745
0.9247613040066295
0.6871873472021209
0.8836304685868226
0.8948581596266989
0.24251790418396224
0.08942773735100396
0.10326583212886864
0.9390612898569882
0.32188614149713013
0.46060345258744895
0.34791500957856036
0.7001228380815909
0.8144406672165652
0.902064639599737
0.18805338740344646
0.616355992600022
0.9990643632172864
0.9245960775779328
0.6557803331908326
0.09087965394556063
0.34614870793019226
0.44021227742238456
0.5104430082135385
0.1647542793856227
0.7640722480552069
0.8702249249287182
0.9837333912649014
0.8198627438570547
0.24239456932112102
0.5496101484373207
0.32178885957690806
0.44495467631828167
0.33634161588790745
0.3518936376996268
0.3684769933939658
0.92144333947993
0.48333441569428925
0.9548843750293595
0.740900956414952
0.17997032838703853
0.4155498248840047
0.05842576688488588
0.6303299122567861
0.622285875684713
0.9382415062809432
0.04501251315454047
0.24768857566965474
0.9724921674858769
0.5931508687395792
0.7047616770993519
0.6395823520910838
0.7600667797672068
0.4447078541180004
0.35674842636725
0.6522735861538623
0.47904601993586937
0.3228639425746471
0.10285171176333563
0.7523895317616143
0.6624354406222452
0.829870545763711
0.9708666922069084
0.4800796246746959
0.33117309638384496
0.4888361751640167
0.5449632538710266
0.3844654755746809
0.6288108992591597
0.7392289513770253
0.008076103347806507
0.8329382294798284
0.2998066975816438
0.6486260645854223
0.14696695846596664
0.5000608519969751
0.20248644347124678
0.12228207975101302
0.9598688980387056
0.4981656019960533
0.2954630611269964
0.18843255968374983
0.9792546295449164
0.6885482480583037
0.30858616371523173
0.16343460126001286
0.24530434640841547
0.03759807299799822
0.5961673335549302
0.56075328906594
0.578233764027198
0.40609980326190664
0.47494094017151667
0.834324293054707
0.40112652447161634
0.2943519176234164
0.6626716590432842
0.5052896452052507
0.4035748076237471
0.8014633154663783
0.3673866285027322
0.024145739984480663
0.3061133941456873
0.701529579971185
0.7483960263942304
0.9023906822405732
0.4939301402012177
0.7713995286387649
0.38541290663439587
0.01565795646715218
0.12605392816159589
0.2871985002121483
0.5389918927782275
0.09905689391973405
0.20721685931818923
0.9324880642772151
0.3999042185807854
0.09923587735278983
0.3602837882852883
0.8275363808829713
0.5653671320888658
0.9139951720745481
0.8821974710790531
0.7574965109064996
0.5742355110441898
0.8547099336449374
0.9575232267901742
0.44388691305432526
0.37213587610956533
0.08264455966575646
0.9437407878997229
0.29259550789749944
0.8763241937796907
0.632619500208986
0.5666130125430534
0.126680095400718
0.47753828825532707
0.8033152195898119
0.4532352558149504
0.03808260394788565
0.47165089951290307
0.01957582510946032
0.45820318834674467
0.16406830618938484
0.5593696501794566
0.2071671668285613
0.7619470167723705
0.2883719001263596
0.6943086646444284
0.14478368426393073
0.7523119866581052
0.03140875396158538
0.7073916751178534
0.2779998534231175
0.11371859035226017
0.7647913267380166
0.04277000539618914
0.28581658561377943
0.9074024807876039
0.6821170716837698
0.1602366272540805
0.23194937354737388
0.48113734897188165
0.9039584389256757
0.3730834583599385
0.29057700528961006
0.6375870648353938
0.7777742653912018
0.22038173968117725
0.09413631899345187
0.042930869770093194
0.8128489379238366
0.8896799995718015
0.9455659569172483
0.9561251261083732
0.6850587240886581
0.623828014382496
0.35288199656529007
0.6418023643947408
0.713452314551686
0.9807254961678616
0.9182352040787396
0.9448636502221397
0.21544900103652043
0.6345385237567166
0.6456192747465029
0.17896188313563344
0.76559904606901
0.830677718845684
0.43905294995581645
0.36237942913951293
0.8338224956093183
0.7730609234585263
0.17291459087154237
0.4644243960639951
0.22853343271883586
0.06664140937874263
0.682557497160778
0.7915220458165151
0.36939668747800614
0.1711966664239244
0.05321165069983147
0.8545508403380413
0.49072764065192553
0.13667565989470687
0.7450202240842833
0.3716365827865775
0.6666965019607425
0.6552937802651674
0.7825514957649659
0.5912687737763754
0.7785619729809836
0.9233690090433181
0.6981211367311206
0.9873906811153148
0.2808105429432973
0.11633306362567808
0.7274267191317311
0.004349793939119051
0.801395121464617
0.16221819511948776
0.16470850425932648
0.9873973371802122
0.3885526338682481
0.9803753725256111
0.6979027033279084
0.13402111993046328
0.4090020689139151
0.6048664544232816
0.5174500600467241
0.5776717451153799
0.7618472088253785
0.7691818027680124
0.5381685274718154
0.29181508578963966
0.5082601940237316
0.2609441760365585
0.4575119532137413
0.3515421524705763
0.5882308567484403
0.8496304751224223
0.8149312544197445
0.5434683785050374
0.47648748962749254
0.9664341190144574
0.05762398043683192
0.6212166539777333
0.48361938396889526
0.48361606570286864
0.24754368343613864
0.40582779175881223
0.4762136351317614
0.21178509524904365
0.42507208104952443
0.6438560958067445
0.19047115164805917
0.013024002171311388
0.46937980998264384
0.3574221375802381
0.8805463756404237
0.12787505240862607
0.30709652729845327
0.7032603798257814
0.5901906280609258
0.5681380849275433
0.23176987642632618
0.8600378124309644
0.5305821436058243
0.930156548573068
0.6444203110572028
0.7150905416784755
0.8106360082100199
0.8307412989015924
0.6087006629831052
0.04054790361638194
0.7476644830227025
0.4175626600233414
0.7234589865277226
0.2945604568760497
0.5300570665414188
0.886387648651588
0.5149960251491699
0.22638411782892154
0.5775838924436104
0.6929319767254402
0.9882430744469458
0.49246184024169004
0.8777117781915972
0.9891456152631878
0.28419819932292
0.10127762314710398
0.9781703715022213
0.784116583584629
0.021875157725969485
0.30635002389754806
0.3741034497964725
0.7685558877145422
0.16646694039807697
0.5745176704442564
0.8602947808491517
0.5883568157361515
0.682599634608265
0.10167862191379329
0.749637322557724
0.8042005012876497
0.018164368330915837
0.32019284282300176
0.9502239154836609
0.4582348451015874
0.22366561829561893
0.7215998021880166
0.051626132477381126
0.061709135447112984
0.6059431180781691
0.5908417481812218
0.3619036862810756
0.588018799047693
0.40397096789217435
0.44793942219153937
0.885121326128534
0.325501992767804
0.29858107993415417
0.44606652269977864
0.4931179105710324
0.6703572080485947
0.18839370923480114
0.30611803067412136
0.6427158385290769
0.8113674396945159
0.49677145151988455
0.5790478323670514
0.7237462771568105
0.03151374293144793
0.3757369464441864
0.5820683112140559
0.4819645062458051
0.6419749616840725
0.13879810705072737
0.116239892337196
0.01668769411676918
0.5255069539990406
0.23615450106944058
0.5338720819754105
0.7060246250969386
0.469569419201018
0.5846028585773306
0.8534971641782669
0.36930298264742845
0.07635748386593788
0.3885762186109766
0.2474346204155592
0.35020325084053905
0.6640939149914579
0.6871812481223839
0.6601778835757168
0.2725161230392008
0.11708971468006457
0.8502741441975146
0.6603826570070753
0.24721059188449412
0.49997686800628727
0.07114507413654203
0.528931073100837
0.1972492240010546
0.6634132992633179
0.9785126114364358
0.7555749659878181
0.5648676896930598
0.6773027447495431
0.937332547754881
0.09857187962679514
0.5877254996406241
0.11997347486570376
0.02295369002692116
0.9218879408689181
0.920045188099169
0.9482363789828068
0.9142993733941674
0.6108074919940545
0.21393785619540318
0.8273700101696528
0.6339477211538433
0.0962277335115268
0.12498827551641722
0.8421138565054814
0.9205679790925176
0.34483972963706533
0.37868990428511595
0.28820877523286115
0.6584602714199158
0.5719950345560384
0.674743176920464
0.6778186222113275
0.9709048112074288
0.049003690301250735
0.9704066641258114
0.23592571079218527
0.8278445971191303
0.2297606849587791
0.4161723325655028
0.6655141832227656
0.35929934422068444
0.6689737855653002
0.5460287525069903
0.6065572756671317
0.5589899500290287
0.4313558856148808
0.14171760516371057
0.0969135155999794
0.8143572771478299
0.10227293064848009
0.6621154016309755
0.6746143986207411
0.2462814900828103
0.521439896453675
0.13575921383220657
0.14694760819065922
0.17092792338540497
0.44649328224584395
0.9024464632917911
0.8689434709199314
0.5282129150118395
0.5558546129630628
0.5249103210924699
0.08144859674266669
0.9138121136407392
0.38777176117782197
0.6877677415436878
0.8126779915660475
0.20025436042046763
0.22464899043952102
0.15926714059783564
0.9068045805547259
0.9939894771620914
0.2459763275649418
0.9436045852761745
0.9619915856754809
0.9550551088229096
0.8570013560791997
0.29787725706511936
0.24572129109574625
0.28798772955726204
0.4975870862884433
0.5853331413548338
0.39772101545721694
0.6596187923714715
0.3721222643171097
0.960006385828016
0.6648126059202042
0.050432031117109255
0.7221105708162954
0.7060803306054817
0.6340426203372979
0.6190419249603676
0.1941609112981142
0.5410722071765404
0.10597903554362476
0.8745819680228523
0.46130367580757026
0.9935222295216143
0.7793043561036535
0.8753743047420054
0.8284068318391388
0.8979111253486467
0.07591787369836689
0.6157895511240008
0.5841902390076491
0.1513982737089924
0.9632583173822581
0.3895935029926616
0.44699711958418253
0.11095163651178108
0.549742995807355
0.7235305407137393
0.09071211549538005
0.7230033878857456
0.5892844666480885
0.2376721314881164
0.7652780668523993
0.8367487582460686
0.021376979644650573
0.8963372695443951
0.6931718828162841
0.9353531726041875
0.7498037550530507
0.48416061985275916
0.016159677642983095
0.1701128127347693
0.02634432624761296
0.5837500753169936
0.8784047194522139
0.6369060814437919
0.8564592331430035
0.21423548121816804
0.7425837100838808
0.857303179194881
0.9458719723300306
0.876910617418584
0.11330742762692159
0.71137425210204
0.04919070251926683
0.39448001975387914
0.959359555866373
0.5248617030750814
0.032502064787043206
0.19057773382177767
0.5591376867554697
0.5014364052238817
0.5989455244954383
0.27307235292544485
0.9158670288371665
0.9741760256440175
0.42534269876004416
0.3751626907193115
0.6208734245217615
0.6891447488643793
0.04000695312181679
0.8046728036809754
0.45827956498531874
0.39201335364512846
0.2111207480288454
0.662695909068421
0.2314144032729093
0.28896646056781494
0.47487234392795585
0.8831429742907932
0.9926984571165468
0.6069069866301254
0.3568523407300126
0.13213748038641848
0.8496957877103607
0.07762368908619466
0.5402839182325857
0.5613135580408616
0.43128869933395575
0.9747491719802722
0.6023050188767773
0.03859973437856257
0.9868124566396353
0.22596923029512106
0.41616330797943846
0.5586191622244586
0.20346647621701086
0.6421344970800661
0.7795560973882429
0.74579793165059
0.9994321354433858
0.03742396549026572
0.21573393970715238
0.24433790204136152
0.14582309355509815
0.7576154043037857
0.4262247671629674
0.6341550671938873
0.044642497339899334
0.664468436560934
0.44117594783846015
0.0059322722398788
0.9003045821566038
0.4449950322910414
0.584395350950079
0.40427416275765926
0.6347471771162218
0.20978703906175467
0.9301131679338526
0.8870481387664906
0.035255404868040574
0.7193770046229077
0.06511956971247879
0.3908557208797807
0.3495288466052425
0.8632370620107218
0.8320190004061422
0.5410841144541498
0.8463463910309772
0.25865186223184533
0.5251350204680746
0.9775174727475263
0.19218514935098474
0.2740177169314961
0.6870528680639459
0.6401388695207616
0.6802898956732725
0.1075504944480371
0.8620438759597508
0.1390610812113252
0.8105772664063019
0.20279779919027485
0.4159802768623201
0.7814943638727428
0.41227936229381046
0.7026158717507793
0.7860243925810418
0.07039598958126148
0.15435395930934848
0.3739095349738297
0.3303916375165168
0.7959423308621133
0.17495329657314296
0.8226781612459338
0.40519712866667523
0.8394288284916848
0.7326635159927172
0.5830837306934731
0.9685924806993043
0.6857805604803916
0.06580965066412747
0.06725225056621553
0.10093639530464837
0.26474464752959925
0.21734740838628808
0.3449705911647928
0.6661384007485063
0.30912946295926313
0.14045568790041552
0.23840698223288737
0.02649543935947396
0.004608785432185347
0.4779172319150934
0.0030588304061256455
0.446723657532878
0.642003836716907
0.6960767856913133
0.5569596676749502
0.25566074205678513
0.850009306888964
0.5092607862963657
0.7304734601787763
0.48046193064478915
0.693913548907681
0.3259757188131005
0.667853847450427
0.32013321863502797
0.7241163625289917
0.19818991635525918
0.929548772993538
0.5544800198602355
0.02965004276318728
0.3869558686441802
0.1753403103012997
0.7820488474200913
0.4832399425416535
0.6990661399746965
0.030557793861277216
0.2483521958024717
0.29712793472066323
0.7927584058401904
0.2100178671986539
0.4878028528201187
0.26952722793834505
0.5828251297753121
0.891610722806245
0.6690804826349883
0.7654763727336819
0.06664464873453568
0.9642908484014688
0.5219376445319013
0.7975806079386842
0.6718986413196625
0.32064669708525684
0.796332826699911
0.8224317386362711
0.5561460558833529
0.9594955038169098
0.8601129047625407
0.22311360533307356
0.23534396423224158
0.41241703945125663
0.7867313959890166
0.17551887757931117
0.514769463337379
0.6182548301677332
0.4087994494678414
0.42459957449051855
0.533333654261694
0.8189662531030327
0.4134584359963719
0.566979707823025
0.9891104466188757
0.2831628938579088
0.9456882077520975
0.7083664533590233
0.884051601720005
0.7691459826455957
0.9326601878099219
0.8364762727440066
0.16292946502863603
0.6281705001279937
0.8515872115086258
0.21286495215006518
0.48896606847175805
0.7104275985976297
0.383138289616608
0.7404970984635718
0.6620963955927444
0.17713563405276933
0.6985887521309899
0.3315584027999421
0.5438720839349477
0.8254131199013226
0.7150057336046016
0.17833852371408698
0.0574044788561473
0.1405166007005867
0.05390471288533649
0.3729779606810971
0.7547745962531411
0.1906368216538893
0.3511206652216383
0.6994082078998081
0.20431415923618013
0.6067923389579409
0.5234314640543221
0.35466631830757167
0.901796412463701
0.17689566968047032
0.702124123206057
0.3701614617442688
0.5273721193629978
0.9863648587742245
0.03238229080991528
0.34081086475485656
0.23491705060817836
0.11473433693542379
0.837601255428478
0.6403951348981924
0.9096691637352177
0.04541631031720339
0.1916955276044039
0.09289652266445592
0.9685995868580941
0.12017849632406219
0.3617353460231394
0.35196889458576053
0.34008652830132247
0.0413640154110515
0.9837853842185343
0.33739909755256414
0.6385257108650465
0.6206181617201526
0.2481211641602047
0.5762015441194143
0.8313094321348827
0.1084678351341698
0.627094374897
0.5731380440323454
0.4122373470101962
0.6206090141004917
0.11408927119774259
0.3902226626103771
0.08226334887868236
0.2539371250855629
0.10774780025673414
0.6078874756764356
0.67792796477277
0.3648539693394218
0.3487474724863797
0.3500827412428278
0.15317376681463946
0.6222978203494888
0.7820258848522363
0.652571668068962
0.02314894258116551
0.38533911444646274
0.6701868276505043
0.3725041698513709
0.9847366864303317
0.6942748829598421
0.7705719778760131
0.19231523399497497
0.43931687614400305
0.6681151107762464
0.7430714834133961
0.6916546012585459
0.26350733905618884
0.5102654141507449
0.016419354340862502
0.21099379080577974
0.39428232698699717
0.6422617450583743
0.707976432855669
0.07875935070153073
0.7416109594556858
0.34357914851764504
0.9086874543254492
0.129530624416064
0.5390676844512872
0.4813644154720449
0.9614346802747317
0.4606231159986055
0.45872716144440784
0.44421448315717116
0.9949298674945021
0.604819825722771
0.016801012406105875
0.2899432361879589
0.17047658221330342
0.3067084763422977
0.5421947933951385
0.001903031513606046
0.749876964423452
0.3914046028817444
0.18875984397143686
0.31015192208875186
0.4450484637923078
0.5908887048765675
0.2537495967445249
0.6334463883359583
0.11152613626602204
0.8411757991732748
0.8525125770249102
0.41478930478907017
0.3715372829630301
0.13405746719324474
0.9862005897322941
0.4342002376165127
0.31173576943564085
0.07033847961277495
0.6572734361118171
0.43025202933189943
0.17839199881121126
0.965641982076979
0.3385232948689605
0.7250578015570438
0.4857381103455509
0.16783748385784247
0.706792120136784
0.8130930737860218
0.13452963820032182
0.5208214803877945
0.9747580799759358
0.9437815624015384
0.25501601454424616
0.8108393403319841
2.6793726572216237e-05
0.7152154959166028
0.36191401590180794
0.9687481852987333
0.4240000533771582
0.03365746096038402
0.8838478810312799
0.5851530159689617
0.28116383323457195
0.6748788589129177
0.9219477324569487
0.32598171864998005
0.41941699659094567
0.7900011420654754
0.7589936207293966
0.8956261217360411
0.8459319903648319
0.35284674014621065
0.9945361413323682
0.2877023255493658
0.48581719872624907
0.6600076755034149
0.16633456230544463
0.16691343589844787
0.32302715999206855
0.7200468368209035
0.40527245388461786
0.2924093191489373
0.6063333559747623
0.46099478517044545
0.7341076277397136
0.99562652847572
0.9416626913399071
0.9597171026837112
0.012051175192720476
0.4213523860743247
0.3939410574014617
0.8553359565379319
0.8680624458133148
0.28595419581388004
0.6511161550738878
0.39442689812727827
0.8943596129628756
0.7509516226659789
0.04476792482147063
0.6221602054121711
0.8376928092877792
0.2385858313089656
0.3010103465248446
0.9521632136179573
0.5763865744939203
0.07356969870048125
0.41487815003345785
0.5252352510116464
0.3427321555128413
0.03775478222130546
0.29225465733114286
0.3039647630316885
0.7885497682998058
0.7744984981904085
0.7316670667552139
0.2735315234032081
0.8367924629259137
0.9175491131375607
0.6244346679481262
0.9617309397075974
0.734437560360861
0.5148267408930297
0.7676130190180144
0.1093072121728269
0.06962765525289305
0.8764825256289344
0.3955951947119024
0.5446135939976576
0.8797912395907009
0.1472241893325813
0.9266264208226803
0.0337950235005563
0.5416925912783715
0.21840231416984535
0.6520195971948175
0.1617271921500375
0.8978866893755604
0.4105444672291112
0.23274735285276527
0.6248703652196769
0.18514685180140633
0.8345441572027287
0.1939464245314152
0.9622302388557935
0.12072282492715347
0.7131087858410848
0.26794927937137414
0.4453934050363265
0.2112461684454351
0.48124224293483286
0.3801187775107907
0.6420481535037377
0.05090320152345129
0.694573984565432
0.8385678258897504
0.4030284592895995
0.7086013481009321
0.40998965226306805
0.876404076633266
0.7993772692289421
0.8174320660694598
0.8142401065329727
0.9483329374818323
0.26440679304108616
0.8413724832458599
0.11532963823816234
0.2651787513914605
0.6441073470707084
0.767370424420389
0.5960206790028321
0.7980144221873225
0.6017265525425826
0.5241719774008399
0.7479321978087327
0.9944131013319881
0.3756041003925754
0.639701555054561
0.089569388034757
0.4673183488871584
0.14227101623869565
0.8847235892050157
0.10872602702501155
0.38742869052543594
0.4627931809029211
0.7061323923589997
0.3111060889711138
0.6356194048500452
0.0020478321587746873
0.3829328459194795
0.3470771622550335
0.19434002178410803
0.3098704656169463
0.49488621874128724
0.3887929925787239
0.8746811409712366
0.7115176002880386
0.5405594048454107
0.8798180413015004
0.7377177038437337
0.8261552986350265
0.769399354367051
0.4223529397373248
0.4368485343130951
0.48244738214466065
0.7394600285949822
0.7970533329312751
0.8197763229855707
0.6091030299333123
0.9034718777088859
0.20436530119699658
0.13580425266662732
0.6677725109619682
0.4359855267739732
0.4407542850367483
0.21490790251240777
0.882977835669534
0.21457898314610924
0.9712561969761009
0.25334945720557356
0.44050999772219357
0.9597296358840433
0.7982506774987546
0.3479312584515025
0.11747049648772168
0.030151059223365917
0.5012301001433982
0.6115270314979818
0.04043808594986509
0.10581528994093958
0.4933651153551716
0.4391934540323207
0.25828335053797324
0.906754981465264
0.9547520177739742
0.16176576343937632
0.6192648047480007
0.2747243124865999
0.6289558391209569
0.11905628673211266
0.7324720346379324
0.5017283005504167
0.24702406169621816
0.05602331848371722
0.23674882286264143
0.3869327762837733
0.23028855826411654
0.3306956372546792
0.046439187748976596
0.7544222376567316
0.21989105662370956
0.9668523637276355
0.8573579289833297
0.4272575761138776
0.8405425735750419
0.279093751193649
0.3214645291803473
0.13597815215081055
0.7930037246134625
0.3373343639832759
0.40126144714451495
0.5749476747343624
0.2894023160220264
0.43053035360230874
0.43661720997890396
0.2282303368267078
0.8511893677268937
0.1864709333550023
0.05791804216733165
0.7168896171212702
0.666451532673107
0.41857019958791153
0.5561737799683275
0.2675669158028472
0.08304574157076472
0.44544508253245385
0.8796257797534941
0.4221675584784915
0.3476814633962121
0.49843988632548697
0.5548086218245147
0.5644869845676975
0.8659142175166372
0.8562068045341983
0.9376120741202264
0.17338664077833832
0.2969742399225813
0.6597432939437885
0.9710049740604297
0.9536285722227587
0.5359473350723203
0.8088542091560518
0.7982732359366567
0.5978892179865175
0.4149913604504887
0.5032694996902327
0.11899592550387261
0.06040232506056964
0.1292860333467285
0.9894429635022987
0.7390369412074443
0.3309088505241071
0.7910110086808539
0.3826131466283773
0.5170991606844194
0.07692716698364
0.22508859758506805
0.8884174763119222
0.9112014797805413
0.3176718123135981
0.6454706468343334
0.9288428660971666
0.3585475840408533
0.09704132240510899
0.017409865419442783
0.8513790553637867
0.1894026278602957
0.7677966145061169
0.7673867945853556
0.18556230642123528
0.8743493787417399
0.5900178531727531
0.953520148220078
0.5314760561128056
0.9528709960583245
0.5516828281573544
0.39808526767998964
0.71332384599694
0.2659686794034096
0.7921939212347036
0.2421587208019813
0.464486495599693
0.9792519289882635
0.9537061743717246
0.5421889380493011
0.8816857614920416
0.26523003683315505
0.34566499613714563
0.07534993912552257
0.16146496548969858
0.23155771979253426
0.3973205498692355
0.451967254832516
0.6981354856853298
0.6496272502842012
0.9907598859327569
0.4982613976043748
0.8139966853705356
0.9367836316720091
0.9568291009515615
0.33589174317980053
0.9658114059689221
0.674157811720814
0.7779874113250566
0.5892134401825154
0.4918314326965211
0.11742372252470012
0.6984104890830288
0.6957276361073201
0.019761674671934237
0.7922822737898697
0.3037405004014181
0.389251297498753
0.32675686936492054
0.5034631161568955
0.45115536845231774
0.007692615360638477
0.6828052895253897
0.37580699397387907
0.6319168761200121
0.5926806085029183
0.1589963928869561
0.020701023927421458
0.1369341849226734
0.3294831814478657
0.5405278495043802
0.5293485155428189
0.530970758589226
0.0701642431557824
0.45626100954299753
0.4864345618072913
0.7870965014707669
0.16946509134132415
0.5646091930342724
0.19285631652118707
0.5317180717908222
0.29918681796139035
0.5161747858171867
0.527758955861996
0.6500137774020176
0.06104605956639475
0.23522059426325403
0.32975547405956074
0.8714504833513957
0.9974898495496846
0.5454817880999069
0.972739799834075
0.1581548199327325
0.8675082560505012
0.23578698444730184
0.021805732675571288
0.06532603788919555
0.5164987100502484
0.19157449401638693
0.06099993311324792
0.08255449206202115
0.014475268675246289
0.03454044177673188
0.8244058690745343
0.6657278612230106
0.9793417406493652
0.7204755179175709
0.4317409015746989
0.9838676128519535
0.24600676880264238
0.02608835891588812
0.2478289190845715
0.31989516195869405
0.8003656972178438
0.9839590422453088
0.6822986657784292
0.7647679371384313
0.8635432387630262
0.1813972271647709
0.23643648924034133
0.4328093561581208
0.00486109637516563
0.9458886319513022
0.4342196225210453
0.14967722483167278
0.7903122872569598
0.8662417293371107
0.255053602038504
0.9068025494995291
0.1679396769918451
0.5248712483965384
0.3368178071313631
0.13028852724773143
0.0777574230713528
0.49625947920064173
0.32789968352222454
0.5966604648916916
0.8608724385124339
0.25494678402160686
0.2975313982328871
0.305850996622807
0.17428498513433943
0.4931265445996338
0.328903330962112
0.24318381156704116
0.8906679501950565
0.2756028461414006
0.18175282570144824
0.015849620290474875
0.6544032830352217
0.5674387788779544
0.05919836726193928
0.15749153169779728
0.9744861115397464
0.8553551967902864
0.23154736783918028
0.8417505853531931
0.8793931101352228
0.6560972030106319
0.22446456008546478
0.03211022827816001
0.2943027242312263
0.8512454197923728
0.22655913162681396
0.5588350339873174
0.5371286018334273
0.5612317937127446
0.6634010517747715
0.478773308129567
0.7813702356246736
0.4076513158512013
0.5632897674776117
0.906081412456754
0.6164978262423011
0.8898076313786061
0.7580574433980546
0.5758055197114111
0.02961187517496522
0.826396277849223
0.9194744582127463
0.7580181686554609
0.28449932331654393
0.08743291863658875
0.3612083995507902
0.35200122213470975
0.29950560637572465
0.08594576030004186
0.87471291598837
0.5048375514187745
0.521197392012733
0.6860306209807029
0.13893911682715443
0.9678708438818474
0.5454893209388112
0.9864386727971712
0.62661320512584
0.36424516070393853
0.7346725167432252
0.6167727331216339
0.6270654233982512
0.3397708682043472
0.5110630239131776
0.5389562130155358
0.10579934066357521
0.813860052956202
0.5700847973964878
0.9447952527858005
0.3611448274332769
0.335402108432703
0.884050444871783
0.9620890949554238
0.21762411268669068
0.602206048009948
0.3441047091701902
0.6885610149556642
0.42827923946237967
0.34766829693705725
0.8162127641358181
0.3294770923931021
0.6228005660178956
0.4856622193707928
0.9560427164573437
0.596193745084724
0.310832141779928
0.12432955264858891
0.3528407665672967
0.517693883467481
0.1081335451094465
0.12473113332158525
0.43566118583492897
0.826678475939722
0.8127894994848807
0.8791111688625589
0.5635192632692011
0.13178059918391472
0.225741814740973
0.6307073224906038
0.618415682263567
0.6816390258125928
0.13701182746474416
0.25532367475936346
0.3079261304163361
0.07810332446670165
0.3200769535371413
0.006394231199142841
0.37905692531508406
0.35390169853071585
0.10859326533998637
0.2910335573652677
0.5197878207453122
0.9581485923645592
0.8733705015768702
0.011402213464743016
0.6728798100834892
0.7763364142851007
0.8783181726527183
0.5514838870067262
0.10784596630742105
0.5891366362739121
0.3304126952504908
0.8597858909821936
0.9824887154404445
0.7643648239279808
0.22521884356837518
0.4321126068010813
0.2212134234763884
0.06623243177199023
0.22888645705746435
0.8130694612849128
0.11709915194164411
0.6206666530952936
0.45530046342097197
0.21865472393635532
0.8299201390465154
0.980603319058188
0.12932576360371273
0.7156924440714288
0.35173996603899416
0.4516365123565138
0.4957278142150696
0.5603005977764532
0.4902560039694127
0.15631502747410908
0.6347342573669864
0.6967281400831203
0.4989933221778302
0.6029927101053421
0.5331686895457113
0.9621817568005546
0.501678570934219
0.5123680395682829
0.017178578480270823
0.9670067612295198
0.22694813274827852
0.2843180580962593
0.6281437073996644
0.03176728307924137
0.040510038225625156
0.19584749742489405
0.9236422050931663
0.2815171966063882
0.4568523323529604
0.12627782148174338
0.27838685169964916
0.2741877089802228
0.3214717926705404
0.10176675507205468
0.08465304622282444
0.7138610156365108
0.007265669965060506
0.16214651218718412
0.8490272328375434
0.7064509144736616
0.9276707184297935
0.25482628488391856
0.20489031659223567
0.8961722034905776
0.5914232058692821
0.27031643832988916
0.41543547227204203
0.09852917874502032
0.15583188286868377
0.7155010570456923
0.9257309260930311
0.09376213622394336
0.69030317047692
0.4310939121583808
0.30399591506237655
0.7196101184159391
0.6345094969354085
0.8266605690188238
0.7195047323863845
0.24661576583185185
0.0028305480706610764
0.5757101406451564
0.5719159645780234
0.23743655397323016
0.7458325058147792
0.37262343433268885
0.7774785304406195
0.28456756301800834
0.2833416142034486
0.6176003892054789
0.7463751231330841
0.9289724896740174
0.4093167993781487
0.8941615903036704
0.30866925049978244
0.5828470531697598
0.9190957325517888
0.5122510167695644
0.14000771204725726
0.6398813459326675
0.5524668083950971
0.6476178450074312
0.8702439876758715
0.9021137256682705
0.006486974667397338
0.3570811839105329
0.9819540325308692
0.3237740374996164
0.02226067322907055
0.22450937307507435
0.48072561483417775
0.9078096775148958
0.9168505144945244
0.779214261656758
0.37840580782532995
0.6491818550719103
0.4287229030822848
0.41308395637203343
0.2544846959365272
0.236814089812452
0.9093510635165857
0.3456802130406137
0.5352796227417218
0.23353388372772066
0.6591442894368108
0.4849209866741283
0.9582655121598485
0.7967665510410662
0.04386488407261657
0.4924720845042596
0.5782773257420383
0.2815372250861087
0.8163649964011441
0.6937859263348782
0.49541759384715955
0.04502938097751763
0.5675986345171721
0.3987444908913028
0.9042809363297416
0.7602657484261822
0.6769342311010602
0.18944708202703742
0.5895773963999064
0.8800217039024554
0.7613400935983081
0.9790956309860236
0.40423788260843807
0.6552184919783401
0.03412947283192502
0.3638028616699984
0.6208748725571752
0.819296468860251
0.827963385267362
0.7569018969652048
0.48365692751069267
0.357564251280188
0.11809579122497116
0.10392134472350423
0.6968663355074453
0.5470219090353686
0.0702270388010916
0.670691643689821
0.38433965242211676
0.8733677743300053
0.2236070415977106
0.9145700716544625
0.9918771900877321
0.3847961441439339
0.532439763414812
0.4573219467932166
0.8123248548272816
0.5970862938110714
0.7891000193589384
0.06095418396159713
0.640337706155425
0.8386875153871866
0.8103548199387454
0.6789754972603737
0.5916826197699957
0.7551553121353815
0.2852814185666799
0.9449157787095961
0.3253296558415174
0.4844434212707207
0.6082270783957116
0.9689167865669256
0.8525378019808708
0.21088515136215147
0.3673593581581961
0.4126444630136913
0.10351808157569165
0.9990400032589946
0.9996687919511668
0.4089833060807293
0.7888219010805726
0.8958022022306369
0.7005018317858068
0.2092161375536673
0.11293648061367512
0.8433174465267567
0.8964811613601718
0.5483228156674338
0.4352021371126902
0.3595498232126815
0.7833345080085617
0.14908958486014723
0.09131418957821302
0.048619862675705394
0.6845606215857158
0.5533310228968666
0.3361992464689181
0.9274465689763506
0.13968526748639187
0.8276668571746585
0.8129004445040249
0.8471395586215859
0.32153147238158786
0.3980029816446472
0.01784732164750291
0.6367619210398198
0.75294963089651
0.647465931897689
0.04652477204096794
0.8943899085126332
0.10537232649159312
0.3645910624794958
0.3896891293526451
0.982064477490453
0.2553544682201029
0.7929148233358286
0.7160798338478386
0.5798886908734064
0.5675040096393729
0.5960361965474298
0.9567753780206544
0.4751558106711363
0.18201451145290704
0.5810692794798308
0.585200588291796
0.7351546652831809
0.4958323131361021
0.2430070493181523
0.8515242945187719
0.2117354802883381
0.672389139060411
0.7089504929778945
0.9303311140736733
0.8810839076629721
0.3228114898837925
0.029956439957396053
0.4987562558711357
0.054294234822303
0.2214878338341152
0.15427982004921514
0.47178458658054756
0.041437465911636884
0.9032866490712494
0.259822556948347
0.004048024439473941
0.7903124111722889
0.5509380947824177
0.2822619860450444
0.8278500560101159
0.0938763560336131
0.43667412243854087
0.2679186899568726
0.26828307559726716
0.8260511880180067
0.17633219751023776
0.05452898512709459
0.456023036468417
0.5038711007283228
0.8946818679944517
0.08771110654487468
0.5695808710655522
0.33129304122161707
0.5356236415575658
0.1561218695696388
0.5301574990297437
0.3947745291623337
0.08058961122974329
0.8908260921010933
0.9090709629173772
0.1691889282916551
0.12095072706757148
0.9998452239971608
0.8221518592550457
0.13315665445426905
0.2141829241745652
0.559866090479332
0.036658258973441216
0.04476133285290651
0.9884451128045266
0.0036610370667877756
0.7337986893034742
0.9580333632587807
0.5781985334123403
0.9201072435796981
0.7428052303680409
0.26380552648100053
0.1141734203619088
0.1898782298691597
0.454519579799713
0.02072985420691309
0.9235912952239891
0.7725601171602929
0.24222388634990188
0.060230357985830096
0.8179235649435601
0.6389487690925584
0.39121431728252865
0.2847629149030467
0.3699985945306933
0.040772232540447706
0.8462702791739519
0.5856150756771594
0.6882739926970618
0.16703741984037446
0.30953312392826693
0.7052067473717023
0.890935829506621
0.9027290456137218
0.9380762745684202
0.5045197373907462
0.3797723716113953
0.49081927454132923
0.14536993250297714
0.12846690047336484
0.3185996194561461
0.05660481653837779
0.23651057822626875
0.0780512735573915
0.20779349701551375
0.969836060385229
0.4133955895167408
0.8180120393557456
0.5490103830275925
0.020203148320940167
0.9996568322854386
0.495714974372917
0.43344404888395693
0.21399261950479653
0.1444197551753128
0.8434032010310093
0.8434762652096238
0.07421140277552751
0.6897957418844052
0.9020612237723182
0.5932783262559838
0.36286859079170863
0.713175226138049
0.03096427271105029
0.6199643756157703
0.3458640878097663
0.1507833785625643
0.03308543582931189
0.2577814177087775
0.4068819693121649
0.29102296505088077
0.08527735278759674
0.07475238957306585
0.6192854839354064
0.35803387927235975
0.9875082649840681
0.34821702515102837
0.3214092583367585
0.7467910866403121
0.13397878241995909
0.027954842205400676
0.9915584298443648
0.9101899310605504
0.1437656211814471
0.9517991114613984
0.5974260034987129
0.6665707649976123
0.01809408853160499
0.6412126990176962
0.3633787086352199
0.9437920645108087
0.7902808493366574
0.6078713139092895
0.350324621371248
0.7923604452141868
0.559269437545814
0.15898568279447534
0.07035796349155243
0.5050141757513052
0.35550311840340076
0.6778949105611024
0.6892312922904468
0.49207777812169107
0.962181021638967
0.9148001255772943
0.12045895348642166
0.8007813850991021
0.7309960662052705
0.5216497627984155
0.4541951131034151
0.4663429380016857
0.1450135915662384
0.5896135922883653
0.4166602464863636
0.7564406430871122
0.2980556836156468
0.10011609368794572
0.347840558532334
0.3809999277981221
0.9035180615817199
0.6878484772296944
0.19760127948821637
0.6564574115153563
0.9363970318601118
0.6940390515431231
0.5391333687008015
0.1796804338674476
0.40367551162652837
0.6305964558980734
0.8929454388858572
0.22691021905492892
0.7758674881554211
0.5134249147959696
0.9171552192944864
0.7294164540603673
0.3883352883752189
0.4944323182792225
0.6179134890151785
0.3732883721788355
0.14939510005502188
0.8853027078076179
0.13029825980131893
0.7998886675677335
0.1529734438736895
0.8417232168698455
0.10478864913729413
0.7072933173790394
0.3828513647857015
0.8774552488209938
0.10944957065909722
0.8792440819470719
0.8884256222928584
0.6820101910412757
0.11835549571987913
0.372165774019088
0.06565671534629425
0.006874482114006097
0.38606778330896174
0.6075905941716165
0.6369519350205215
0.6785165243297369
0.6168158183355251
0.9303799116064768
0.7947893655151477
0.6563563938582451
0.18870089104338328
0.9625500846641782
0.9888611721801617
0.06782749620867956
0.6747571771492336
0.20482273419581332
0.37457813461999956
0.8197162124169598
0.20188573379075936
0.45342938121023335
0.900839046810126
0.6022471613228226
0.26050554553689187
0.10357184530112318
0.033060794724425024
0.7520756925988605
0.8330338099192706
0.45159369030515173
0.46644898890768605
0.5110691209331559
0.03024911189572954
0.08424254804988685
0.29829786008854453
0.28756624978823264
0.9920230362403352
0.19165852743608602
0.7148825443611043
0.09965415331219019
0.1288863388231245
0.44273070682751403
0.5748152113979574
0.2348154260192915
0.4344057632188021
0.8137160839272944
0.37952219250652786
0.3598831761111929
0.885634033687709
0.6915001060179828
0.8586111210335245
0.2963047256386049
0.2862635049365787
0.7563161539060888
0.5482361447640779
0.6859629736495144
0.5951511049111977
0.7014875628808234
0.17017304201352268
0.5560515567690916
0.18059675508911743
0.9734461932725688
0.9559360590258594
0.23825720931729533
0.9627973970807256
0.24538432069052718
0.2636365331627766
0.8171048589559197
0.2194241625012131
0.08066848711054164
0.3258686205651806
0.24922869523165714
0.9205526136483447
0.3504882203603946
0.09647372289091605
0.607676096121744
0.06252245328173833
0.8985271924246943
0.40112216221062214
0.016334403033828604
0.24209566966477702
0.8614155131942645
0.1603564455894987
0.820885331015305
0.14884539442852718
0.16762192798036213
0.9026634051319002
0.7056444936092863
0.7829689145227869
0.755829914748976
0.3314792774472457
0.6936869252124946
0.9963528030665275
0.7904486966079695
0.23831346168391332
0.9628564180964562
0.040758081952296354
0.2372299783617493
0.8036476409171264
0.6469763761226146
0.11090141386837182
0.02506329861271661
0.24671016289590209
0.7776023516254359
0.104825420224534
0.8468434194204253
0.5786755858100836
0.5697480069934967
0.12918508022593178
0.37196503935822844
0.4684352785429978
0.8413141071699932
0.6598039808000693
0.8329830874330393
0.5360508387224353
0.9352315941617559
0.7849032609604674
0.4740259816967408
0.977131200206715
0.3343853060035513
0.6066123519239272
0.814499436227859
0.5513425477887429
0.3498991741191694
0.7260400316657266
0.13778388277409337
0.20361891191193648
0.9202864154920226
0.17703580119417384
0.5560930563726759
0.8383012856244753
0.786270480468141
0.2734115383651631
0.9594252500486866
0.8818431815479357
0.23528222188851977
0.44339982308587955
0.7890175381798945
0.5025777252680929
0.23427115681321187
0.5086189594600203
0.9611254570082243
0.3916370436287476
0.5949304974113641
0.7679762809606148
0.5921978437270219
0.26103541985585454
0.26272649230364564
0.1026722855683373
0.5655229836214554
0.48638673260362497
0.8500202815239774
0.9579062527801838
0.5072854014655305
0.645132906359404
0.15809282552305526
0.26852365605633643
0.5489502145651299
0.6099451030368556
0.5914744497144355
0.3877061853482937
0.8169263651333251
0.325431815969357
0.4929099804958743
0.14565552676141558
0.12054605470582713
0.09983546012656841
0.356229860457159
0.8121742297771677
0.43750824359511065
0.2490528260888406
0.04552734334798736
0.0030461175437326293
0.31622583734453846
0.4860799444187277
0.0012444446406475462
0.5889543603231207
0.7739767352015565
0.46396850682687174
0.45039588726679214
0.21292994414625566
0.9664295103815842
0.5562019925381716
0.5196697874435032
0.8160853992533674
0.7375622756427647
0.016739958821247014
0.7895968629814106
0.9952622856581032
0.2011867463406667
0.1260090090557069
0.3305747540107835
0.9586104461457474
0.3908484146004285
0.6544853415166765
0.18404570657367036
0.4942027483077138
0.6952256690446774
0.035916593732981617
0.12968403152216457
0.9303042370888867
0.5375625229502671
0.5903065540908757
0.992922630097832
0.6371106172575319
0.2689939655686058
0.12535492480652366
0.37075241273329207
0.7960012157973712
0.3172964173312024
0.47983025431699655
0.8267283634057812
0.2590366781847364
0.5202500671425802
0.36324023235492164
0.9302615163345644
0.8497022147018868
0.12156875630765085
0.2173357648872556
0.8820418576257805
0.18295985366569145
0.5785596577403788
0.6081612932129817
0.3140749401954238
0.5878950314466739
0.18045208379134547
0.7888229550053011
0.3264452352762425
0.3797700336430524
0.7274388891582283
0.612832625005868
0.5709975693780932
0.4163349021109589
0.6718717530293346
0.9342711960306012
0.4329643748271069
0.9560637057636567
0.7300623787565305
0.20762807390858085
0.49836593411594987
0.8352464908875462
0.23368739264688465
0.28856410402802324
0.8745017177742916
0.513242060360458
0.3967534651254555
0.7540080322138873
0.042873701419766985
0.4195995334195234
0.3644152001158645
0.6719105176966055
0.7584803794450043
0.5592306690853649
0.5439576307150712
0.20872317805787566
0.4276648386517251
0.6907872031887656
0.04848375434855068
0.4930967088003072
0.2164423949606077
0.8411666431795537
0.6416635994584055
0.3886932701405471
0.9156584334628157
0.5702730241467022
0.28644621785515234
0.6182384147777773
0.07206041239103844
0.9616536933158494
0.9962661941422151
0.28199865632391674
0.30101907147571416
0.5575224705259508
0.10787768030875633
0.826132608380521
0.29886698400804845
0.32183349602575095
0.38934417414761213
0.12238435162387329
0.5798189291118955
0.13104216461295504
0.3514127950548238
0.16996266409260397
0.37289303683148445
0.39566032535756634
0.9316390134904248
0.020619089248774425
0.9713307933890458
0.07854950015642959
0.45770934575260713
0.3433328377741002
0.35911612860548225
0.17156732619201598
0.5066712309232217
0.07253059715621779
0.9019585730542127
0.7281128543856925
0.9854895169178904
0.10008689386628755
0.18855290911720157
0.3262217849219933
0.1210545889672846
0.8804098144716832
0.07005924710427991
0.8959712623364786
0.3992971042319957
0.057646433889160575
0.90702214538589
0.8158683639539336
0.4589928995697332
0.7272923577781364
0.21351231768568724
0.42737199281047733
0.24772245091460965
0.6254864223982993
0.548047478564217
0.2789088598926669
0.9186967512897672
0.8346555291770601
0.9216002662467786
0.974464723083725
0.7951972663230512
0.12890368313012135
0.9699289023594775
0.1407536430729257
0.7394656532874401
0.7941935629684502
0.46997847734588827
0.3601380933904422
0.8221390004193138
0.9244491752822103
0.1676730100169208
0.10091234908708935
0.0027798325401421353
0.7503690610739658
0.9352943820930459
0.7428802885271696
0.3354021498274923
0.15040370582891494
0.0685747615024912
0.773632796227355
0.89697190501432
0.47465699585487287
0.3366602076303571
0.5756047251911716
0.4930839524943018
0.31483453283088125
0.7297383858624384
0.6093007370385385
0.9449899752420822
0.15357185217089697
0.8204748423957913
0.7104966783903445
0.5541049943750275
0.44856622499205545
0.0037505096902892276
0.830009344105962
0.26063093238589186
0.07330043783558082
0.5145673061673878
0.9134036343814932
0.009041158814461103
0.12275792156674148
0.38526101277754965
0.4328888172700519
0.16875652114745254
0.4751761058749643
0.9151338390982482
0.8070005111318527
0.841753682789064
0.409466720559979
0.9121154066429027
0.9639705688326335
0.026986863280935802
0.36470323631799306
0.20646618369244119
0.42859433599180163
0.7547138069875936
0.22948903517536423
0.22244565386341586
0.32440624302482346
0.3340194699431275
0.8833340802631026
0.2928396198834814
0.7344873289933608
0.15423427721849514
0.9529368307521355
0.7030506830815758
0.19633301860199215
0.13460954626957666
0.26430015413947927
0.0541764630102074
0.44302288278871693
0.06628980210708935
0.5698113633181449
0.1715538734398253
0.13381012819396976
0.5791571653334726
0.5279986825675506
0.396161150733923
0.12464861989687248
0.761235855483276
0.5533535650356233
0.12294360247556624
0.485299145040071
0.5376520266801911
0.2963873264196357
0.4200882363929399
0.8858416973979856
0.7400730531775914
0.7381519625863576
0.072674168814582
0.9873884451734075
0.847281418679646
0.5789770320320446
0.45664697374066254
0.9297378862868659
0.9013056540977166
0.9449378720308147
0.7268878899435907
0.5160418172524392
0.6534182830566875
0.4553372549746757
0.5129952114119511
0.286730246598064
0.07446245479588665
0.8604542649997979
0.06704654355954076
0.37780308725108136
0.8050760281821552
0.4388846420056093
0.28375590020162544
0.9188891622762103
0.41569599940727786
0.624776861869726
0.4207945537100073
0.03355274921314111
0.5096533698530382
0.06648143139522589
0.5922988369972231
0.039334285894203846
0.9287680845167989
0.7860228044472621
0.6270859169925015
0.7442635259634597
0.8204720585039985
0.8531436321648236
0.2944146868004617
0.18388513512542515
0.8929420077113505
0.8404154308405933
0.23896078122063458
0.7526765684735182
0.9938156177068987
0.32184943648838327
0.9567026934978771
0.04367291016650676
0.18008952298614334
0.9851850663786255
0.2335589178116314
0.9572173960120879
0.03876720003841594
0.17192017592701692
0.4747460333868324
0.7648725572802779
0.10805407800562317
0.2735166162379232
0.8294329881908122
0.07411127883369795
0.5598344119005152
0.19787170159505296
0.04093561406771007
0.5917241881885492
0.6413152960015579
0.8171513413536547
0.2588492036054454
0.6286248287396546
0.012564626213791397
0.7215452060173426
0.6183067783144186
0.4921432541698425
0.061641092623797245
0.3541773417079982
0.13694093490568626
0.1487131873622154
0.7265604732697574
0.1044322733959907
0.8916106165269774
0.4244034125438686
0.05553288571233861
0.7559856979943709
0.42059539376562816
0.7305781229847057
0.7953646819365636
0.7374587446140942
0.06767085227993874
0.26724480486641544
0.04757877220082707
0.8186671919510335
0.4812778244001207
0.09545407766636038
0.029116068192805655
0.9076537997863154
0.16846544199075075
0.08530780822198847
0.04349480434624109
0.9653866997884303
0.4650721539879229
0.7662942615023439
0.39843076315931425
0.3636872808568469
0.3062960013600392
0.8613669047207468
0.3207840508502262
0.8634886079348238
0.5744556850655501
0.28477284247119894
0.18528670918077328
0.3106970014985334
0.5405894516890585
0.7406611144229519
0.07584694778199919
0.8986452119045225
0.11720151959273828
0.9800763354069378
0.011399289692774928
0.8925339183749085
0.7973464377509784
0.7673558137451679
0.7671220559052695
0.6768284346925333
0.0024633720954359006
0.3942508919992137
0.6122755028587901
0.6649517507270425
0.3590846630820401
0.1378611499891822
0.39249153084318633
0.016267427279194946
0.910964635974158
0.6985109893573616
0.570177409492679
0.36817566166013094
0.03581719502457359
0.5236866405923857
0.6645261636797214
0.1473892979451462
0.8934464258946815
0.6218306174790518
0.32136722182650146
0.5943819627838854
0.5736844375538861
0.17893139505180888
0.33672913897991175
0.2579208771960848
0.2651484600106737
0.3186095689460412
0.12692800548067973
0.4656933282306218
0.3548644904068967
0.03460036736365102
0.5937707289813258
0.5361616588047022
0.8452248647580374
0.837694656514711
0.9369512474740395
0.042899970050913505
0.7971182187052276
0.4322716825508933
0.947329337607772
0.16264228486298438
0.33052247431509507
0.746428420652341
0.9354236106409666
0.9568514415363757
0.4111049893644553
0.09170328344750911
0.5838371037438289
0.9308581040433759
0.06314320137736995
0.08676205286062988
0.37719256968234616
0.7052874722718475
0.459915151990123
0.5157042882152019
0.07948389224894659
0.26961868712494175
0.3625750735471829
0.2309125730475725
0.4507943412162997
0.9833728836922142
0.18474752933097294
0.42456709380278945
0.7933919528836261
0.7245245324489188
0.35282091196722964
0.22971133741132743
0.9610753047104911
0.6196089052948349
0.3074559478309925
0.5907533402080787
0.41831580095577525
0.24985091517482128
0.0015912535307589515
0.5204565759678433
0.9076028385851629
0.6226515828708842
0.24027805099102317
0.3779494416997454
0.6479119952245057
0.5921466380709305
0.2006244823158545
0.8240376791378762
0.4498906455773667
0.4061413284265233
0.024565101612659124
0.37224576840849977
0.92940128489929
0.8597634316735584
0.21023531182981947
0.11436356857674479
0.5255228796886267
0.5351434457636806
0.4767190913987853
0.655898049681617
0.3088555047678948
0.5930459732414649
0.5441362346225243
0.11174564839676016
0.661943740895432
0.04107371143980998
0.24260662330520832
0.1650897178539492
0.18711390867775868
0.3628386153612566
0.8573225520593831
0.5175266724876575
0.33066699089258755
0.6179115745845264
0.989453835942186
0.6171890470893416
0.5652085213796253
0.1781157922060045
0.5695265860344961
0.4769912382336572
0.8257666205129681
0.4629853990951802
0.5145250734628671
0.1745771833930373
0.7103829516443895
0.752124483890666
0.25544834701461483
