32 4 3
0
1
7
8
18
1
11
14
25
28
2
5
9
19
20
2
3
6
11
12
0
4
16
20
21
0
1
5
16
26
0
3
6
14
26
0
7
10
11
17
1
2
8
13
22
8
9
15
23
25
3
8
10
24
29
8
11
24
26
29
5
12
13
28
30
2
13
25
27
30
2
5
14
19
28
3
11
15
22
25
3
16
17
28
30
7
13
17
21
26
2
8
13
18
31
6
7
11
19
22
3
15
20
22
26
11
16
17
20
21
17
18
20
22
26
0
3
8
23
30
6
10
22
24
25
4
9
22
25
28
2
5
16
20
26
7
10
13
23
27
19
20
27
28
31
6
9
12
19
29
13
15
26
28
30
0
4
18
20
31
0.10011714869491795
0.6737496861079857
0.5912174596735715
0.9223731646724274
0.06705488621022493
0.930171306419488
0.7327314708692847
0.20541528711826673
0.8682072816827752
0.1313376500911302
0.16341338549738305
0.4335193674409795
0.9226598619280781
0.4872775947886777
0.08044386201274079
0.25120926055089143
0.5222615231998823
0.7274752800229063
0.8373380677806098
0.2744839225018273
0.7363271357005741
0.2253635949683569
0.27688980906357286
0.27294899168755615
0.590735975094452
0.21265539812897594
0.8799762970368297
0.15324991870201055
0.4576500555354881
0.5886026793341168
0.7266753060001356
0.13358792713066847
0.8213219949016788
0.6057859475626803
0.01210273218354696
0.8836009683102725
0.31583625806458804
0.31607845345144026
0.9538606775402575
0.17191886294042225
0.5620841164380648
0.7897620379500065
0.6242947129808398
0.8717602524406065
0.9280024633352383
0.27797397191225204
0.9960385854968875
0.38538478105628204
0.4061314028658424
0.0033684857138174262
0.24756064830906355
0.20123609487693161
0.7439648248111432
0.17419133926201258
0.22040524092335234
0.29795209431809555
0.39158495348090194
0.9257710973087152
0.17732210116623182
0.11486164779855967
0.8633939407234676
0.32112344534497916
0.28584999673884914
0.4783365613720991
0.625756580253529
0.6620173979534927
0.9491096496553719
0.6960674698425867
0.8868852850067388
0.2522871270609448
0.22865735022560263
0.7758396499638726
0.7984033773726327
0.2696913429863771
0.4536646556407259
0.5792152018441896
0.9325504204235037
0.6504206762011844
0.7117685326842026
0.7923306214023019
0.6482297358332484
0.0056232436042680245
0.031085813988136812
0.7650006776663204
0.6337027454228616
0.36026699836003373
0.9703872969499397
0.784729933881093
0.07606029464775399
0.09859628633298001
0.5317344354761866
0.11274645177320097
0.7702397588914678
0.7702784997887105
0.8086410880645001
0.3472949934173143
0.8001459227441566
0.6465748407495482
0.7865109382147076
0.9545790752020669
0.30131558688786453
0.22346923563934729
0.19131261807150257
0.07064664844911472
0.010798764827036456
0.013020242713205898
0.549606681226201
0.19463611863052854
0.18779652299004634
0.1751555806555174
0.3428530663852788
0.8068843179723647
0.11276078010804658
0.5412359744367213
0.7376959786944981
0.3115081683674923
0.37429477888087226
0.40731555285856036
0.5702915253471645
0.1541183659163884
0.40374193772741784
0.3305821169119507
0.8753203468754459
0.4797727734478915
0.04570969463368024
0.7014103543001854
0.1092738466545713
0.250569275044779
0.8025997094712239
0.4545018670294446
0.6481208925080227
0.3744069945232369
0.6035117185533786
0.6059248045036383
0.04559622070119451
0.5002692595267341
0.44337725954872176
0.06126196871906908
0.15686245529547393
0.5216244915368864
0.986462008174511
0.10898043095989607
0.41640352370304623
0.26372842074562264
0.2059901266928833
0.5803785391687477
0.7237207398501949
0.2754784259219487
0.5649474667419837
0.8289557089331387
0.2378026985715318
0.10336602756867885
0.995557955276032
0.9102557839426038
0.3162188546683682
0.20760483989138678
0.9966211337296881
0.14744607176829394
0.565852124981459
0.4751412169706434
0.4418293338616095
0.7079168245248181
0.006680011237129246
0.7292845496740376
0.00959972985507418
0.4982352877718095
0.5329958289277827
0.12764259998646688
0.2551836596266964
0.04495923123509138
0.23413060989152967
0.5863408319564783
0.0831116688821919
0.8859489228189679
0.23654335831452233
0.8598876393436438
0.07886683987806475
0.9355928912473032
0.2368418419161552
0.9698691378500608
0.1513857402577422
0.9775873517993007
0.4992415386216301
0.03380927803303024
0.6755854830651963
0.09062664905141538
0.4475451737749372
0.8732535500833554
0.45549635103771147
0.0029669311266538045
0.9315270531430345
0.6883143354285487
0.14455638450989305
0.7678906116751272
0.627315713018723
0.4716769863405048
0.9157919918940314
0.1867795254188076
0.8904379313094978
0.20974835786950285
0.23220376816165156
0.15750943097412595
0.6975587567289925
0.22701467415193133
0.2632547447828777
0.5203975968245248
0.834946222254666
0.5401744684486433
0.7498255952908669
0.6191579495080737
0.868761175991306
0.6097473210516147
0.4074057494274318
0.06107741636447361
0.5269639822157415
0.29649224418161146
0.8619875423218571
0.03497109324843162
0.282760773085989
0.2979408994935918
0.16602195704082656
0.2342492357082271
0.4711153657925472
0.6097108567017492
0.9081433462126735
0.167817947523493
0.7642614902836887
0.532555487764799
0.9371871924814037
0.8886619133272224
0.7613729026845736
0.43194055770213413
0.7807426615317732
0.06212335290485227
0.2961079091348221
0.9674935439383047
0.8490660988719215
0.43502153059472903
0.2866367808092428
0.03922966987849219
0.31040757339549296
0.43578155353386616
0.5143717416582786
0.521242985006936
0.626082729030705
0.520628993633404
0.7224364133801077
0.5338699408258439
0.9350661004369465
0.27528875907579875
0.2352407927781418
0.09353010134856765
0.4537729888408095
0.6832536673745676
0.8029465450881643
0.5347306032187292
0.9229215491310977
0.5284162312187504
0.885681302859783
0.5702577146416451
0.10891463074647367
0.6959988025492613
0.034817271525427795
0.7184664122070182
0.7683666329924858
0.029079712339068475
0.24675702731778837
0.7837469595183902
0.4030042326182821
0.020806836985903798
0.06582233539419402
0.7941781427208744
0.4644896189717217
0.31403252548021365
0.3195757803210697
0.7527690873951439
0.4385149906176954
0.12088015206058966
0.9086510785353462
0.39274497525538177
0.6269643248239546
0.8202376924167538
0.09996517997435972
0.7489985629507327
0.5634422311779653
0.22292351121788323
0.817641187221943
0.4611916289692891
0.012674251398379077
0.35017122758422425
0.515644312528425
0.7353662638728371
0.106772200747009
0.42873411270874306
0.6015781217597117
0.7408701136874934
0.2547011386289656
0.9928425021017381
0.6940950572781787
0.4269214928189021
0.4376102497990081
0.07388334710958344
0.2304638522890864
0.7513167484497348
0.9414451527085567
0.31463232688926
0.272925333942743
0.07244810534699808
0.08387530653936615
0.6538307614217823
0.6443694740486724
0.7137460300310594
0.4897522105205073
0.9569008638030517
0.6167234526901368
0.7087749199011698
0.8349902619334749
0.43706207909046535
0.28521560401489676
0.7234914100071991
0.6143262170964329
0.06870565676243867
0.547131643628087
0.37876576239145043
0.9609488898304419
0.10571474501481071
0.8150276989242712
0.6323248572673636
0.471468065834976
0.6541610376417712
0.9554731753267931
0.8940680174172617
0.8860690296405616
0.9407150980712886
0.12756266655437942
0.057548515416103396
0.706688381163406
0.1114617137242998
0.3972832960404431
0.8698107711683776
0.713281588797206
0.8349471265246021
0.5885485368106287
0.5072476372074086
0.6997860922310178
0.9646746944530608
0.5500510229460465
0.22346323752004038
0.2410305891899025
0.2990720174077648
0.5737960574940605
0.811894595776973
0.21105195902670204
0.050243084887686695
0.7909557197815256
0.7757625956642723
0.8788152996477575
0.23786412653659006
0.4910639035975435
0.45960170513150167
0.4376020770608914
0.7871891521633008
0.23590016077780718
0.0039845295623635035
0.8484402108333484
0.21076845483698226
0.4624518176124457
0.6402139277243633
0.7048920072662768
0.7197700176459941
0.35802556631830673
0.9766375661949154
0.1999180215243307
0.790346479991837
0.38221840675325525
0.8829915122346761
0.07893920647897601
0.6132469032868546
0.6570434336512093
0.17803226662408267
0.9044857204128909
0.20553303104027676
0.05939960521093801
0.5662847856829747
0.5054632052405738
0.939196873659099
0.04787982539905844
0.7806065992823509
0.5332209073711777
0.15836437492546085
0.6873546943721144
0.7492361704104676
0.11619998504732654
0.9759133582645567
0.43481348489955296
0.3098358108189976
0.49651451928772217
0.9782811760190463
0.629468976903349
0.5832710898453576
0.15503764299250988
0.6709396669593014
0.7338077225307696
0.8328906798263875
0.5924770843945104
0.6062335909019191
0.15939350652233997
0.7155743027296507
0.5683015481361648
0.5227704069405034
0.1666725053788256
0.37279803149217206
0.8055950662079497
0.9330263342150251
0.595815405110772
0.5607360410771609
0.5248137962739501
0.3771877916152534
0.9117918303296794
0.343896549641477
0.2244441344192888
0.8199914622132276
0.7767239710020818
0.6049327507874959
0.8271306348251889
0.5739734335363454
0.664751256706476
0.818213616103495
0.30357191590810695
0.5031534503206551
0.6031256010097684
0.7816172500706049
0.9122860433819826
0.00678870257546893
0.40932733263437593
0.24237230520252484
0.006628219683627146
0.634445244878492
0.5534623699778917
0.5682849532375752
0.5932812960417245
0.6313331345340117
0.18100294651725635
0.5966124988832774
0.35436608377264833
0.48827528306766177
0.7470875830797361
0.15419293620939145
0.27609441027965853
0.5677900946661322
0.29293349095951493
0.1460711824213925
0.9158304396245857
0.1295211975293603
0.9566955665037999
0.2781625087583163
0.4999796984193047
0.5731663700360362
0.42051861597821427
0.6639783285742081
0.04972792915008939
0.32989241408085457
0.2795524822612129
0.8319595178765596
0.9974370656303185
0.5063597773372824
0.6300881726882748
0.9270799536605774
0.9502601081541898
0.04843538464510977
0.14607861754143103
0.424369138215128
0.5727689149648304
0.8769976907553557
0.508556924400854
0.5907009874853004
0.16360949264554403
0.6517775267182385
0.49905267346613835
0.3338466791293806
0.5878889974175279
0.49424395330503235
0.7935444257093178
0.23830374917191177
0.8664189545432762
0.3267523195934271
0.8029140835978658
0.16378692975600162
0.025275439092249496
0.8202412799465897
0.22294861904005514
0.14978601845246364
0.4676092875383815
0.028058576127523605
0.48349356517609043
0.6695703346771279
0.7798149227524208
0.027396278959709752
0.9943354239954921
0.29553787528511566
0.23695278697963196
0.06412613430384506
0.4193061287301034
0.4778795867635691
0.20936541750622228
0.4145639537895629
0.5568780688275624
0.5387348976856133
0.5572399717715922
0.8514852582672731
0.7424122669584792
0.3094735561454106
0.02151842555344008
0.33126633634707026
0.31898769713920583
0.494650439784333
0.3372714140123647
0.01462445360204867
0.18050870440830036
0.6063276210850038
0.25737542334475316
0.16114047035937407
0.28982194401187644
0.5160863343090973
0.7905037483165546
0.5262437188642233
0.4120268895238436
0.9714376315350904
0.3373084521261367
0.6231148141390139
0.09174915918339166
0.6566238446937877
0.33776012930350063
0.09307287530631414
0.3248843749034749
0.06742120593690104
0.8997473256240006
0.10210296054815204
0.555991233142928
0.9092408452761859
0.8199703558852349
0.8807680953857081
0.7616328348657578
0.5417004491383947
0.9047065328293158
0.9470973447760999
0.2637765649018876
0.008072031364033783
0.10782988427810192
0.696951187106732
0.8881690171700992
0.683048152536764
0.852177147751321
0.8545865532846963
0.9109448078837419
0.8721757238534746
0.9083992437647397
0.5418877292938203
0.16798301339365862
0.7607328071126934
0.3968843074869325
0.3747146929646682
0.10593360292299303
0.030961323586542577
0.37573778171211736
0.27112977380487024
0.8249149482630034
0.4773775541570543
0.4559615191075609
0.28454823231851367
0.9490364826123647
0.5687436924885583
0.30248936978854446
0.8440912341017929
0.2602545286504676
0.7189259583229182
0.5971068185353243
0.8901699632873205
0.7020484212560086
0.4244460730038949
0.2309846731244639
0.747806806710502
0.2701105690656711
0.835302045752241
0.397445897440282
0.016072798388393816
0.5360515107083418
0.42945450120799056
0.02414979080836177
0.4190522712174797
0.29955468493750403
0.835555034725653
0.33022542122956644
0.6398415318590231
0.9115766421431125
0.11608942856433957
0.6311082834247252
0.03151172979644634
0.5355401374177577
0.4008880233026607
0.7464099050635811
0.2415433036660246
0.906995378189377
0.8308342258048109
0.682239381640608
0.5048509071900181
0.6601979315860915
0.9202499718971809
0.5901460933623317
0.2844428338780257
0.5990427803611998
0.4835863284116786
0.47443530313582183
0.7691792398047205
0.9888971802162123
0.8907349863840242
0.5966532691804244
0.2366865221967056
0.9745722939452259
0.8068248624094976
0.1394619819476457
0.9949066595709605
0.1108438353053447
0.885392310268875
0.44384906534501023
0.9180831408632644
0.615731498220592
0.7143211241890906
0.34390861664757666
0.5030819323502124
0.333835807483176
0.16357093299550918
0.34578335779729796
0.18370553454900806
0.3555013907751261
0.7366805955002639
0.29004856187280104
0.47177567058610126
0.024889846446013553
0.38564661982324067
0.7579925007924231
0.35179061120658506
0.047345937997019694
0.34560574440015723
0.8451246377831111
0.7692360641731077
0.7878450901728965
0.6163693660574974
0.22500252527912412
0.11425297736651374
0.40719139546440575
0.07435833490307553
0.6950418393247398
0.011859503149628248
0.31124632255381113
0.7256797789657109
0.7305414610017653
0.4908187761694356
0.811873368858232
0.6730813401270539
0.3022830577832366
0.8246549454614883
0.05585178692099968
0.8189201982810292
0.9777944300659995
0.550806836255043
0.010968113431154336
0.33260695244959426
0.6475679055181353
0.4457958290580607
0.24974848705870312
0.5769416261171028
0.2851514924887132
0.8611003037912036
0.24078399138289142
0.8307845427414833
0.24260900474715275
0.13145409275794961
0.16635343634467425
0.7310908960046023
0.19997316051974878
0.8493503762419333
0.9387549820714413
0.7061026203947883
0.2060388070324347
0.47084473202499977
0.5350213025489007
0.8464974723666417
0.5501636999486366
0.5844701094465224
0.643538197297595
0.43099829670594425
0.6101709182895607
0.17395559468198785
0.45714749827563916
0.9384668983050619
0.015637909355367685
0.4447666967700885
0.34483992409776054
0.9088597884192484
0.872211804894385
0.36094210034954255
0.14024712938389672
0.7697192741676059
0.35294013100644117
0.7095980181630702
0.9208883638818427
0.996892243410026
0.4727866564730637
0.5490908912924115
0.978760484830906
0.8515978866027454
0.5082108908396827
0.16637579895840593
0.239363576946112
0.9987527117271876
0.3356901811419821
0.4475975089458002
0.6132659799874104
0.5927588810093177
0.4787064425163413
0.8505844890928892
0.818063465122038
0.19478701270475018
0.8258660218586781
0.14075145024972757
0.1905956681900708
0.6308272676223257
0.52548149861396
0.33576936053820294
0.5454130432172357
0.7777816197637527
0.7924055607588367
0.6286612607031967
0.4518216716206376
0.8798200557096244
0.4982707424401146
0.5786629999387303
0.0402501894327264
0.011335423645494891
0.5994916248515151
0.040291422393624265
0.83833410893021
0.42004950945486963
0.2051888520565458
0.9721850103758265
0.6023520106565287
0.9340504609856165
0.2535966538983099
0.0962268834382961
0.4864163045664066
0.6036683698105996
0.8068163036484103
0.07566554767878053
0.7813698191203733
0.9387853708385857
0.46066456625240126
0.6345462602216152
0.6679289647583312
0.9664993571293182
0.4338843710381549
0.4486182335237273
0.5951805330215894
0.7861105321063095
0.38542505875800837
0.795083548545466
0.09826406936137921
0.726037507343163
0.8199221904425149
0.269314361222592
0.7294785505117329
0.6020485800680276
0.1306071583557048
0.979166283323066
0.35877869981234833
0.2562512216525472
0.10188803826655857
0.5614710722282591
0.8234399634863512
0.305343376161224
0.5509276207604699
0.34723949053348
0.8908961253887265
0.13947358385757702
0.2166003477853572
0.8510718659593425
0.9725927609110557
0.06762983907416797
0.02230935919736332
0.8340117811763084
0.2928224402907188
0.39409669549631554
0.24419200300738908
0.7430821320456221
0.47331447702579277
0.00912989297671074
0.8528075055442952
0.4928933235957642
0.27675255916309494
0.8294056740137427
0.7127992464053121
0.48512926061966033
0.42407201116042104
0.1962452834284707
0.12212675048100319
0.008409490242469064
0.9658900556113523
0.39293644582933396
0.8976617347180492
0.306342165848725
0.05225991899941229
0.20174505237072826
0.8983165615100177
0.5902562451119979
0.9597773428481756
0.036836779287001686
0.9447065657495823
0.25637518096193446
0.03860351405279139
0.4570308304539782
0.6738595252305964
0.09475784389643227
0.3394163611794755
0.2676275411962955
0.12732009549483692
0.5585674860660517
0.46810074650151656
0.0014383098272199302
0.6914229528471586
0.4290606755315389
0.49472569845285297
0.030812998169092998
0.716548614353548
0.8543422502663652
0.8826089947511613
0.06971260760697207
0.5710339266705525
0.09082983719137727
0.6666071079267278
0.3452301031938594
0.3237622977116754
0.5434340068490509
0.9372957533758467
0.9936182398110706
0.30130834830588926
0.30421515834578394
0.7231901041246908
0.5330594643618553
0.24478701931104263
0.09971843231123745
0.5462122968871523
0.025562349750288926
0.8555869721889734
0.07823045916134275
0.4119252517984856
0.5683157562826606
0.956908039461593
0.15801148920835428
0.9342283269939698
0.1732800809481042
0.8578064784835867
0.8833261633465034
0.6987406619003226
0.549087097095299
0.10111783173429711
0.023113128221816548
0.34847900186608605
0.7941447916520012
0.5008742272795635
0.10639967287668695
0.6542991331246338
0.502210844601436
0.1429087548628627
0.28128761932193025
0.6579344668423365
0.1784197388266905
0.9867581506922258
0.5844382110200477
0.03209499058589427
0.5710716300873347
0.9290560973306131
0.9511959322482384
0.30058968205764114
0.806750634944615
0.8532922405415403
0.8956925865378312
0.04071859739285577
0.4527476408539358
0.7894629120236051
0.20043296251849374
0.5134234139078228
0.3526080231800205
0.9397709583880729
0.9934176001848378
0.2810579629661393
0.7270417406282353
0.4725221903627489
0.6727747619355499
0.8381437116440401
0.9724868843723922
0.7902134265119708
0.4718639245287084
0.746874415207443
0.15006378805289
0.07699386182874812
0.11263540104780612
0.5260588945754192
0.1966606687101179
0.7250354460301365
0.6277440607443207
0.30847951819450203
0.7522921508698189
0.28947053769090936
0.5368859935946622
0.9022706109174661
0.2047978802967999
0.6267719143141577
0.6198022817941207
0.328259120265763
0.29756241181786314
0.6377369843347359
0.7701884051617768
0.05276498724526568
0.6850080134249988
0.17401577197805673
0.4492679775081254
0.6013418329917251
0.6820712746859315
0.5114596952156433
0.6439143123211761
0.03598086672109624
0.640538479777826
0.0281586018694282
0.13189380273093854
0.6099859781486413
0.7877824546882722
0.847966322591588
0.4708974458598121
0.08901897786181479
0.43586418633731183
0.18571446138182335
0.578876365165761
0.16485489764667594
0.17347075198726325
0.13615541942439446
0.4207577904787235
0.3423664469390696
0.722107163072431
0.4796351132322778
0.17069373277046274
0.21344600746242004
0.6849703326646386
0.04184850316238453
0.5486985450110414
0.7499550593953057
0.8800585220579015
0.18010868357218068
0.3889765437818352
0.0028486145582871103
0.562960686309302
0.1379844021213893
0.1621642807092617
0.7500858835086494
0.52631883067767
0.8651903322064433
0.026244225935929233
0.14154691144317744
0.5027414548562025
0.43339584706591994
0.5888954946244735
0.484305907276796
0.1774556886905192
0.8695865146215703
0.49620963358967063
0.41165077546061857
0.9362004967179991
0.1012399539338652
0.7047033192423825
0.25249870865958757
0.5914681890830139
0.8492615033996985
0.07448686382156378
0.028731548604519763
0.3475904955541905
0.9189266783984684
0.558330368619708
0.7868041527323862
0.7699425246295425
0.280177125796643
0.680102964953379
0.6984606735467603
0.13207881655117737
0.4475810127768419
0.39691241587090476
0.2902733934267635
0.6839481160767782
0.976800108403399
0.27227143145072064
0.4316708515075621
0.8633525939996748
0.3624145748345189
0.9204581608510096
0.7591446832993866
0.1186434057558492
0.48502943767968965
0.19052846464009554
0.641273455134719
0.6095054953662351
0.09896385975934874
0.0868916242055584
0.19799841636933035
0.9306145556754397
0.6807331774246618
0.6897797114968288
0.17685719534462063
0.5749838620456955
0.20988731572182306
0.00010731228646110313
0.8253006192079383
0.3112979969986197
0.6087575441297156
0.8624038798442146
0.9328065872307394
0.4915817928605083
0.25879903842430674
0.5925284321966822
0.10829520497852496
0.43435056292403107
0.9588226042828875
0.5385319078555909
0.45898535253031003
0.7039865106415085
0.4082763846404559
0.9627160460479138
0.6688819833633565
0.8612117719870829
0.1989631971323913
0.7209111557128581
0.6614593600999963
0.20588373177875285
0.612186738809806
0.7094073977155759
0.4836727206416592
0.745171553841632
0.3408323563897988
0.4192115401380391
0.8594127500872184
0.06394375183831469
0.3812628103502467
0.15793690972716712
0.5266690180806635
0.6950271796917343
0.10628539727436648
0.08279185541226486
0.4282588307372176
0.5952693434385139
0.2066242488689023
0.15435345194944816
0.9675182409028467
0.4813925122254764
0.6299737793807609
0.7445557215133564
0.5462502611673743
0.23571124209301653
0.28762841566650565
0.3923155719378524
0.8651320110405721
0.19411952201916927
0.9193923733536072
0.8607340224657507
0.7680183036903547
0.32235559990300944
0.5379508042792258
0.9433360491512379
0.2815505121657318
0.5256359648328892
0.8076123959892086
0.7637762300812271
0.4923874601668591
0.16583295899599926
0.9858389460623582
0.8660531180832439
0.6993655097779544
0.964115316438654
0.8331086500959031
0.5305714209023772
0.9391832310127678
0.31643276282241184
0.6278254697267491
0.2460962219238909
0.5992929510602923
0.6693249815144624
0.024522423106591584
0.3291067159898112
0.18200997638422223
0.9075849965202812
0.742395166393593
0.11105290607380336
0.5496268506531461
0.1934700369886605
0.8884738089275
0.5019560577986344
0.21955991362026883
0.847431405646145
0.05056322366271726
0.328436203638962
0.4547845919154978
0.4123301516434643
0.8825482532359876
0.6125715803095215
0.8373425672973882
0.2012779237357437
0.7322148119207524
0.10654269916757908
0.22624666749691824
0.04483113202278133
0.3661173812038446
0.2686507543290184
0.8022833524602608
0.0808376556075373
0.47516471929222326
0.31330533422526974
0.43259682826309054
0.1952526249695925
0.5208668070525169
0.06470345529830379
0.40957488697723077
0.38418277760171093
0.6157097307573095
0.09084526958656758
0.4144481631328114
0.5622938492052874
0.4699281090114652
0.7985550220554662
0.2757568955718892
0.6770225256924334
0.8737055297598186
0.7336166323546469
0.726884645602822
0.8334089458211996
0.46629718618708604
0.9352156997284163
0.09240076127230334
0.2236092223118703
0.03157247550497955
0.37462194901500845
0.699105767179816
0.7203292512780288
0.720660536520765
0.7449830617412071
0.5720071120626556
0.08724672704520775
0.8822219929575846
0.4266718418652885
0.8804789842539048
0.9046739458082905
0.8683086185305561
0.842763434239705
0.5907513504032756
0.30193854309165
0.35737789566259615
0.5641434411846226
0.751105975543387
0.5358229538144992
0.6916068547043219
0.2324357717149904
0.7308802894725728
0.7811277232958453
0.6515800841541519
0.40372293473836474
0.616056924402806
0.6194163241896838
0.8598060237938195
0.3299578425567733
0.048191575752356
0.6623415105211526
0.21062747495728595
0.27253913970983124
0.0389136519221609
0.412273479780604
0.30143162166276916
0.6734576343472496
0.9988041908575409
0.9974854566449348
0.18181251700985823
0.5790889281884861
0.6985330037203541
0.7981942673837463
0.8797000117679478
0.5774396715950676
0.12105549592664588
0.5098354458328083
0.029704621604539794
0.2186799781570996
0.8505682207200781
0.19681948230844692
0.9962727053046103
0.6893668877679648
0.48803335392687064
0.2747888035811398
0.2514496784095889
0.4977853014711272
0.2646568573100463
0.7939465969096707
0.31871836644273344
0.7692502575827352
0.1663730982450231
0.4258371538453679
0.2617819897960316
0.8017024197027777
0.965073455283819
0.6577842433043193
0.3517967186785279
0.26742965189794543
0.09342476266146693
0.49714857429798587
0.39411864291770604
0.21770716313791438
0.2925269950168746
0.9995559021144524
0.9230871731377522
0.5871538801119046
0.4768155215531036
0.7785913527821562
0.937730332889359
0.7417080713702044
0.8914721545429721
0.313339160841796
0.9724008283110557
0.18663656661693906
0.012691878548180435
0.893180341760484
0.7502618426803209
0.31027415850615825
0.9968802307804323
0.8247216502333097
0.14290193524351757
0.5641594566776863
0.5926705157560794
0.5339853800707127
0.21781713432647598
0.8624402440930986
0.6535191385240411
0.6423129067107136
0.19568815453795285
0.6325900951806497
0.21068739669084435
0.18326983339161274
0.451338009533065
0.9165501066211099
0.2679546306041647
0.9658511319463994
0.14798975731581587
0.7227033709768678
0.7365522473302605
0.46947519461936815
0.7489030939462691
0.44000124445510813
0.3478087355953585
0.20740379047066115
0.008745739769811967
0.01885743976058929
0.47229623154558975
0.3245064403231409
0.3441902297504059
0.20189136592265267
0.6375289640063975
0.8471957707521507
0.9204148282368833
0.41010084689027126
0.06379697939643414
0.9761318575320054
0.00287146495176116
0.8088972238854738
0.053454658840469516
0.9031732195507687
0.2823890517268839
0.6312398322189472
0.15562498299322092
0.09030297478894567
0.41308598464088675
0.6406771818891956
0.014373461890366146
0.544352063365353
0.6887337000883961
0.07979618586126813
0.31809604127102376
0.1657057123168244
0.9408769800214704
0.8809134139529212
0.6191483561103335
0.08519556199252243
0.14852478995490015
0.07467171513473547
0.04122127123324226
0.611635382118092
0.03902267357721445
0.8188247931753931
0.525464024881598
0.7554731794024975
0.06653454044208562
0.6936690140380625
0.989245103327791
0.36771569267109294
0.4175043311368295
0.418371832672231
0.90395304300861
0.9124839699132277
0.4609781164194434
0.6975524216596581
0.7486062158813908
0.8501913043694969
0.8940822509788112
0.9020754970657774
0.6033850699901115
0.5328963871650199
0.1133149362411826
0.6719119976966123
0.5326831954314919
0.3492236695796618
0.9063728943877053
0.9464103274454579
0.31922522704910195
0.07658235209898889
0.7508867963719112
0.46808950814405414
0.6958675831778378
0.3607028346626694
0.4213471352960323
0.6241615549190377
0.8850910238403923
0.2966372000494105
0.68313038262673
0.6975667550391746
0.7836697438981317
0.8242264975692511
0.16924904382920225
0.8426454487327036
0.03593288530403105
0.40845926360109786
0.11221949156962363
0.4169294870642636
0.5905215923394088
0.7941681191813368
0.9546595519333361
0.5647362855263052
0.6817595333317452
0.5482167240797242
0.6483028907861411
0.09503776160878485
0.23588121320369682
0.008352755437957549
0.6396531182169248
0.7239358772148704
0.8077291280987723
0.3542338000809414
0.09625797059215191
0.2670310675494688
0.20374816227936698
0.8539135223019421
0.022077215960100816
0.0005846717542618007
0.09178840464751592
0.05188750456018343
0.216074170314978
0.4537602027915113
0.46589380236615685
0.7217363683809396
0.9450822670562753
0.7634031540937273
0.0018401789490354314
0.02674071615543483
0.2644335733093125
0.8316614956068713
0.5092966756515619
0.4844508842574552
0.9738796775524257
0.008134989486539346
0.8051098649183813
0.07455968129706525
0.025656054178450738
0.7138955698473848
0.564986007021429
0.4374082472753069
0.6464603090904646
0.747750690087892
0.012542808112536386
0.4070411550645239
0.6638993056534158
0.8300641092780462
0.1964837444827079
0.9582884560042098
0.17525434034345055
0.650103269905215
0.3661713172112515
0.8232395092287281
0.9972388645232358
0.9369983246959644
0.9719022266812997
0.08307735387656745
0.07023636557268953
0.1125187347750598
0.861071303407116
0.7949382602149839
0.0640498873055767
0.6927007533352919
0.9212371910326449
0.9784395346741612
0.9890638161267974
0.06988292832574317
0.9860482918914009
0.7864545046209186
0.4009420465346436
0.8995501898570417
0.5595593140386843
0.4969008144301321
0.4553723371484043
0.9499768323113934
0.6817564437590535
0.24278498272259752
0.3675454771267441
0.1460203233933589
0.7617631336010587
0.543131418939727
0.33466972375370274
0.556579185596636
0.9143240365284406
0.32719635191047636
0.030620621087474653
0.9215941855139056
0.12405222639781777
0.0070207072822917604
0.5526490857951564
0.258500362737239
0.48478861310381094
0.3989233249125046
0.5851475888831894
0.9875816875561558
0.07524023596348695
0.22968014823211624
0.7795936900290402
0.10089027861940436
0.9247531722118199
0.028077949055471785
0.48922272296476654
0.5785976734320306
0.477441892912863
0.8821286555516403
0.6008007494158693
0.10389633777367124
0.8432407164059689
0.2854853633304769
0.6909977733363017
0.3726074907398793
0.2902821139371229
0.672380068925362
0.5502035624811215
0.6335264413969032
0.3118988029868547
0.2514329900373896
0.1859715364044061
0.8750710159428947
0.3711325287184014
0.8958534601946397
0.27084730151509884
0.643278876323965
0.9627562087120267
0.02556249656044307
0.5504040003991211
0.631599244028903
0.46794011323577356
0.0046855351822313596
0.42573137952366735
0.43260825981243134
0.5678093650068086
0.1825577198250199
0.23645648328879487
0.23150616164987847
0.4102263260821518
0.27937893363946165
0.3109123922201473
0.5597274387788198
0.6402574121066801
0.4506979893886345
0.05359128762875709
0.7043668388564697
0.5949961394441515
0.3438308510107736
0.19949931431317358
0.37612196315601254
0.36307520744919386
0.37085020318961515
0.8377299758481592
0.5717111750339663
0.9488725350352197
0.9452890813370555
0.7196531772953562
0.09562142739724178
0.49694008589761407
0.7069673075173556
0.6883074247309101
0.3943933570825392
0.4282717819431714
0.6586188973807274
0.5915757518245658
0.4262394271644411
0.9341978533749558
0.6111717117694783
0.7411954549419726
0.4462897023346505
0.3754538492941726
0.24517358562396285
0.18603585903177522
0.5873246882148765
0.2857678054774252
0.010003642454618822
0.20709830306427246
0.08023756467632503
0.5152135875761145
0.735195117144391
0.2717711736153128
0.1084190943221438
0.6528045496844427
0.6588694797181364
0.9800734865068732
0.1438150085363885
0.6409211762385606
0.23774512432127226
0.9155445770838683
0.6086027894460337
0.2588309835891799
0.293936313999001
0.3141065381999705
0.618671971089314
0.19182387486772157
0.5454941759361928
0.9887677429438947
0.8557755850055394
0.37791906385616136
0.33458539961151923
0.6348878094103084
0.30029600098597187
0.33785708750186905
0.5166318439274276
0.5748367758523297
0.1341959499192683
0.5641250931970263
0.019771187069530072
0.4998802595834029
0.25339057110381613
0.4373921607067979
0.5543924037833603
0.6242915188044811
0.973121399213224
0.32399422714366455
0.06619387218873307
0.9935878134590181
0.15179353340600243
0.44072878684482364
0.27904128933051886
0.5443131518821122
0.7975466442294681
0.255253278740212
0.4674304410448885
0.7391505672858217
0.9432567979486073
0.7769859251431657
0.15586616087372984
0.8027354252730903
0.05324018576108258
0.244870068940913
0.6305829115516124
0.6819232189649187
0.9885847724440889
0.6802525579056816
0.3624126973436932
0.7379529428203673
0.3217201363222981
0.39934255184294065
0.3582171674346325
0.8752810050138029
0.861208405548291
0.42275401944208824
0.11011607992820993
0.16821302852893327
0.4936839062795704
0.7010933379113438
0.4508689684572321
0.014568188390075898
0.5814148626388564
0.8660858403109852
0.3034710162961639
0.7866665972004085
0.19902049852896775
0.9052578202144976
0.013923116683209003
0.21095033800330465
0.5234754588680673
0.23823259502952598
0.4907921309385692
0.2104801255277866
0.9236147474485986
0.7039992755967901
0.9779921722551314
0.9125664507790121
0.10644155884180606
0.1528561523269567
0.9328256298226694
0.14679137013001098
0.4041141502442319
0.6157777766396261
0.37665712704063736
0.34007515612494543
0.5871161874737099
0.6437256035211918
0.03149754524996029
0.18124111421280842
0.9790707583106586
0.5344559324444279
0.9078959436430385
0.8051572149672622
0.5788125700932397
0.7531988188899684
0.0789383350705315
0.7797069314503902
0.2762566191738619
0.9123429658297202
0.11473468521366215
0.5916624925248376
0.5605624456972308
0.3881319266934323
0.14874804229368666
0.07177627738081294
0.20797028977516474
0.8371857030734822
0.5568633747898396
0.43239203328801634
0.8907721342505645
0.07071145374100729
0.9812376978689055
0.856899424426363
0.1721546266111733
0.9874916851575832
0.17587389145316756
0.3979499889279896
0.539608854790067
0.9542089702877539
0.6635977074911064
0.9961467736957116
0.058823292676305594
0.03609175800177189
0.6155964610029351
0.7708878782051966
0.5184189864298
0.45165475900308316
0.6248762624174914
0.04891213160321939
0.5153708233055131
0.09160160780722182
0.9399921868927346
0.20451352363964526
0.07699968332548301
0.6938633978493213
0.8743021419488135
0.7637383978518847
0.6502282277649659
0.9971090239687214
0.29791510571966895
0.7092782871862996
0.727266679718731
0.7255183654615969
0.638707408410351
0.7056721476156307
0.7046536584419512
0.19800687507072556
0.13276285736760352
0.06757322285519052
0.8182847177889808
0.9380886938651506
0.0024493700686786246
0.5961477293707544
0.3573850141033482
0.8781698741716178
0.17502371210248224
0.3863306769270688
0.551480402915014
0.9072502951045536
0.4527135211027957
0.14820650740880126
0.5200943584182497
0.36922789003728873
0.35968753545219456
0.9675613140896038
0.8860703722654786
0.28594497776617656
0.19804467249817626
0.43941838622771145
0.5313441301778226
0.774511918876414
0.6686533516280325
0.10891632805717855
0.3762932721249329
0.8367070137829706
0.060057912925094326
0.11296103937980662
0.02789059439451491
0.1009413574263558
0.7637141817944142
0.158421323425879
0.8978894750504252
0.7097319813212545
0.8937614569993227
0.6367495606321841
0.15740752953149462
0.6017500629031567
0.5393937612801741
0.9396002510387378
0.45915077356057055
0.44052174032680846
0.20110794344653926
0.2617797443090548
0.6748998861079709
0.9286398528472343
0.7165812863355133
0.4665891803098633
0.7579912762427355
0.45467988069832277
0.18977559423397117
0.03949486755154519
0.3259950710656546
0.8959334102858321
0.9728308930912276
0.041626512622458534
0.9923966309303454
0.9106757520536101
0.11718621817454977
0.586728941061578
0.23068775553954723
0.03430554117044504
0.4512700101851008
0.6070735995489147
0.22934616726842472
0.7049107457700232
0.13920591005986205
0.3633890080995348
0.5121859315197492
0.682941602451187
0.5216194645910764
0.11725021474508679
0.2451132883056727
0.6875586580723811
0.8946900029866404
0.24872655457001824
0.9419470815227977
0.8998049248194904
0.7621246702500523
0.289345146547345
0.983037638517069
0.5581963865528805
0.4229261051247979
0.30077451477313843
0.9303068468165291
0.4902733469111771
0.9979036016108063
0.10841847043069652
0.4729883142304582
0.9888787394617333
0.1742693181736158
0.31486466265335744
0.9222314788087741
0.6010258285058782
0.8427506520496371
0.7461934407244805
0.5442568504775971
0.8268882675650987
0.9588154816074874
0.24649765930895617
0.27865966008750587
0.7957016741543317
0.8769335192183303
0.9239866618431165
0.6240774477544365
0.7972602768683977
0.23455160688590804
0.9761353258388182
0.7531340792093603
0.04295010456388504
0.3680163650228311
0.3922325316279096
0.8967956007900153
0.12597417415178724
0.9171330440732586
0.48022708653266977
0.03638337248069101
0.6242803186425703
0.4572418678667942
0.9777922928604524
0.5620908389513375
0.30659441072686455
0.4553176948429345
0.8614067115439589
0.778971393807583
0.8820711343525075
0.40927577006093785
0.5646705307879002
0.8993042842440867
0.43722819954405345
0.49279159842398523
0.853193744045588
0.5352642497362888
0.6422617222275171
0.0009261001242985012
0.2447319139935773
0.6982324433993461
0.373802715189151
0.9601479735488726
0.4813478865804618
0.663387166511696
0.3269616781781368
0.9374941152910328
0.25669878392031054
0.5763540418590472
0.7602140829814853
0.7011889859984347
0.20736706516948678
0.30186811207176556
0.4720067661750743
0.1737947382991467
0.3897673960348538
0.34756581205978265
0.149650919729574
0.9203969854303911
0.17449069343793222
0.5067588733270474
0.6234358299697705
0.12906342317442354
0.775032690550845
0.5928916586687647
0.08097004045841805
0.15460492147452864
0.2111298686397739
0.6401536391121798
0.06899813595951643
0.4349274296303617
0.9730076946059146
0.9181642975569204
0.639167949378336
0.09407281833432346
0.4755790032234768
0.13617565749649296
0.5623295790294555
0.9827583357670158
0.9891327204262775
0.29885535984279876
0.3506160422558495
0.8990920834653982
0.6565742331756356
0.28472176490504564
0.43062812675445017
0.8593788199079132
0.27492334953623276
0.7401096859200398
0.923050015256865
0.48364907752863695
0.6889069385731066
0.5087423506080908
0.009257618357966346
0.6803834658938429
0.8567330167536235
0.7665253030382806
0.15057298709849987
0.8095947649792774
0.32746179198884373
0.16117658843558014
0.435558373378814
0.38536153618353053
0.562658411052055
0.6779950777818609
0.7238780230847179
0.251133494033006
0.22567364366699472
0.5545342277262537
0.6815160783077957
0.53064743840991
0.13834639661960813
0.5947004333101548
0.2761027567351453
0.5558019693509314
0.8498939621625982
0.2623549003998954
0.6657343149561353
0.2542017080854577
0.01820545921603023
0.5932106865143013
0.7201502308880007
0.9270465389966696
0.7583188285887559
0.2610797666942615
0.016462693919852334
0.21545696216380628
0.8775409617104676
0.9944731881515362
0.6600345485029117
0.0032409466895865213
0.6886484794504749
0.03627300946372569
0.9553953617394136
0.33503709672782755
0.866347449595148
0.2776899564860269
0.7437029611412984
0.22711110727282624
0.11029126279050994
0.07508454101912454
0.6550131579974803
0.7773730520095605
0.40348670915356577
0.4011251295432423
0.5152412592908308
0.6349978977705759
0.5232162447576227
0.7916475443951314
0.6814821008521522
0.42022394897661175
0.9710493677234752
0.9409618411895243
0.31296293828721666
0.3152356701026968
0.11008786416832061
0.03314337952524582
0.8959538565087359
0.7916943446945884
0.7244476024471707
0.9157355207230103
0.2645441475375494
0.504945246481431
0.8411485646361095
0.41499269945260087
0.39722433614001407
0.8660128425230209
0.795126096258931
0.7275719527231382
0.09462079686017777
0.8754658580208492
0.15321481703173123
0.45946697131252157
0.9371685302973708
0.3477871497413568
0.43266770192164317
0.09198486605362244
0.8966179945693168
0.6307349289023622
0.8285383588820875
0.16344631738593085
0.35941447317518505
0.5613335336327198
0.6483712373321642
0.3790376143253814
0.48879516449561977
0.9037166166951842
0.954826499934825
0.3111072599441892
0.6966104353215532
0.08291488154891469
0.7007217988589052
0.2221080864320456
0.1677288333269915
0.9806280365217013
0.467409894194451
0.485007452908501
0.6134439611337672
0.9810222087006036
0.6219091091913652
0.8602284145773357
0.980768987660836
0.7045767969880603
0.08772676184569883
0.7383970856398504
0.45205457607316024
0.7469093514723123
0.32822412096957865
0.6777751723081085
0.6982792795458767
0.5234200860038019
0.3017686361730476
0.09256171463329077
0.7383068781134658
0.7728316586920495
0.18625781249290063
0.638812360108907
0.41871138142799935
0.479259600801502
0.47622524436939007
0.35916079986187033
0.8069843585655856
0.2992567858470281
0.1687774495040233
0.21107729249526497
0.2945776048233971
0.5186710439326743
0.6034136017693447
0.2956368792718388
0.7798396893017441
0.7843960447142128
0.5729819467821425
0.03787154139305715
0.7655333215303395
0.8209685773573799
0.9411100185352878
0.30711228079280783
0.8460563257156759
0.8908953181565461
0.323096504882208
0.5009620832280498
0.5656754366367576
0.1717529112307038
0.8149572005383325
0.6232641346562495
0.3838194397476671
0.1845908884956987
0.6337498426218136
0.8169241262459143
0.7488376961667459
0.46231316591629357
0.4193079140780994
0.9885202603590906
0.5026992077217737
0.43852770349293113
0.9380287694103284
0.1414980605533801
0.9087974359791906
0.5208238837381987
0.8095049041177266
0.29915812951833765
0.9920356702270848
0.3446129201443521
0.4230374624653599
0.3939487815286433
0.9570135341098847
0.6854655184346005
0.42711118071935816
0.0813122849883765
0.5333826856276275
0.7066488933611618
0.6118388954402304
0.4023123121337542
0.8914606725553117
0.3888126532078817
0.5020176259480893
0.8011503317919915
0.07655075047160065
0.3640018497705759
0.8584359674705658
0.4376800483342218
0.1472008436258757
0.11710909119561408
0.8445992771171853
0.2353644786075194
0.6228131542690197
0.4053619247114145
0.6452621413164581
0.5309975640333829
0.273840270409789
0.2107502419874291
0.6872584200365436
0.9997418943184913
0.5398800543537622
0.9155900031039161
0.955749491029954
0.6197516697714072
0.5315655907283187
0.778155655362554
0.4975048114192143
0.4377838856130377
0.13872949821810177
0.5353880291328831
0.8163829434963409
0.14325902242195943
0.7773679474923465
0.16994439906616332
0.4347448724820606
0.6036689170295917
0.20962595901192504
0.025142552299447396
0.9971130627394376
0.09056616159394915
0.7518673041833669
0.654511032709946
0.9651593956952581
0.7960030732072279
0.9299703065119715
0.8354169949341674
0.33145078161957187
0.6840420122078468
0.4732047981494796
0.534083762987734
0.5192306087565107
0.507821094944323
0.7627480713076493
0.5963401471793554
0.7311776484503355
0.42945788952163977
0.4131140458657062
0.8584929671308076
0.33305931358169183
0.7607136584952964
0.39561663541945447
0.4646521718545793
0.6528668127451664
0.010726932152775981
0.5328786101495463
0.5696493164281607
0.9535772889206261
0.5102019994469582
0.7288887532452845
0.08300305218885384
0.2693316691366857
0.9947829844448695
0.1046628980649249
0.9001233645197688
0.8949815526607823
0.19090213275852985
0.30584899591095804
0.946184589730815
0.26834411406379066
0.6977076424979477
0.5311309260494446
0.6275791281987818
0.910025785408188
0.288171315902615
0.009943663321932084
0.43779770132919815
0.4046581499339299
0.183072425730187
0.6009372670718114
0.630615049480794
0.685119710551585
0.1648432601056704
0.011093330795852174
0.633103551440587
0.6790014966577823
0.7559339199431722
0.32272260967463384
0.6534656364128245
0.01785433257914637
0.9244198695424195
0.5105144383577258
0.17899365294111946
0.014442628331152618
0.746129803587793
0.09355143149336731
0.9419566411256894
0.2809000508591575
0.8948909174278651
0.928530352519183
0.6059864969018334
0.24298305910898754
0.8023207833198576
0.9058304686260643
0.45657276578663497
0.19315076412237675
0.6167060524637521
0.8960260155029413
0.22204266210224277
0.3317885860254137
0.12671244735352527
0.2655157823839355
0.5018891380173155
0.1049233819628248
0.596670084258208
0.5758547630283585
0.38320472977764886
0.8227087441577174
0.7585076461536202
0.24151072950001318
0.2681608453615002
0.7158127993433312
0.7317905413803663
0.8458270307632365
0.6217434666352456
0.9565069483341839
0.6564417780670094
0.26181864213010386
0.3697024997361915
0.46544633115529954
0.12754886394276632
0.5231493872740512
0.9902288472380909
0.3816110378724934
0.856145159718502
0.7238275550029057
0.5746052659846925
0.013582477484233801
0.9256734194438323
0.835289490151706
0.35229973347566623
0.8377548300351063
0.9211295194057321
0.44537244407590426
0.3171682847872507
0.15117316884112242
0.5683198243524945
0.07430468018959413
0.5226631092511751
0.834914522176141
0.8179744109486702
0.6930590851452298
0.5002521801458633
0.46561254811166863
0.4393306656070046
0.5824665621318691
0.6782236360337595
0.13258495733561182
0.1885701438992753
0.571381835412979
0.01732174024166655
0.6661452096965133
0.3071504681489452
0.8289472367883199
0.9316396707416544
0.1375955086454036
0.7874088927209015
0.7690855220274601
0.954776843838805
0.7280353243206155
0.004141658370161783
0.9775746423440457
0.35981701395207966
0.7768662437568552
0.10262505552628232
0.5557063489426611
0.49309201641720124
0.6801841467218969
0.9235043396997115
0.4940247871787484
0.35622150210402437
0.5729084711177578
0.1880505969322952
0.9466119675978444
0.7982615225499013
0.3085508733757393
0.15920669043750413
0.7884620709147003
0.2997144353297705
0.7030769235700461
0.13939506706207339
0.9133306873213565
0.7676153722674162
0.03697588363746107
0.43899141249836904
0.5918631119731149
0.3017313097586055
0.5485355626370176
0.9033622467530094
0.5305380434601139
0.7203350606279015
0.3385131309577585
0.6071924097849735
0.9785723647645223
0.12527499930050068
0.4908521087122171
0.5968061999368807
0.3023204367030121
0.14695006682476763
0.08171977403011599
0.3289912114615864
0.501793033873952
0.557390585069972
0.36572932276579195
0.8348600667287048
0.7571098273753438
0.13793741321805886
0.19096061329967995
0.3303329566527219
0.5354463279372845
0.31400265346803435
0.9114177577581519
0.2232861675679032
0.45207508817242414
0.2610703527130386
0.6099303864184416
0.4938589157509766
0.8792499999065935
0.6967882973460806
0.21986251695661752
0.14902086993655184
0.4823838353998632
0.7765879895844492
0.10524153744145448
0.7451727248623068
0.82278238305843
0.7001580372781704
0.14917828202273797
0.25453153699361675
0.0843706789071701
0.40115644887385016
0.8970285699281328
0.859786192163944
0.1868641860747946
0.6230580789636787
0.31985430822041083
0.6275128776574816
0.5290974403917464
0.2323777988011192
0.7307356307804692
0.3804054698240844
0.7512625214307167
0.820359212466763
0.042650969188335885
0.8253996755183971
0.145401370483752
0.5459341273387227
0.1749932625651731
0.9267504105708024
0.29717428591459605
0.34978284474717714
0.0012998733787989991
0.41632166099512435
0.43252499208565176
0.9333307949393328
0.8834985983131665
0.16233167084531464
0.7633567758253017
0.5426169580624884
0.3531214680443372
0.3431417174424767
0.14935200538626658
0.33387169928689253
0.15417548877485354
0.8063774915202888
0.6256221820705697
0.24119410741275582
0.157269853584437
0.8225560241724464
0.7319535819101605
0.49703663388101293
0.4048194897569215
0.5531959251117353
0.2230640005525304
0.6891298416672026
0.0024816160284791833
0.3963215027535192
0.9333962049338854
0.08282796124501401
0.3831266935622797
0.6175811865967258
0.19776252424476382
0.6878683235675401
0.21035509378237582
0.25135221872043334
0.48920163442887843
0.11868973425373841
0.6922821824657502
0.16347513763777866
0.6406256471098366
0.6336084941369613
0.17197970634512183
0.5556522871592576
0.5109078164809492
0.5479143894161531
0.9837420921656587
0.6589015950217307
0.5332150171682721
0.6411470355258673
0.4937547376317496
0.5636858052701575
0.1856871506897354
0.454125712476837
0.41116719436611693
0.4547246355807184
0.6127849032141385
0.43967567629745774
0.8544368762768005
0.6845758260279241
0.5096674606768907
0.9449072824054956
0.19845420654198265
0.7326584042172621
0.013461533692589733
0.45648384659936714
0.36193682752096723
0.5205434658759804
0.5127124904509166
0.3937690599400182
0.6201612014066054
0.8721723528104787
0.015922870262197852
0.3999427908762515
0.7513099425510892
0.40394812639714106
0.6746952841225945
0.07312351967413677
0.8323038034742538
0.7223699564648254
0.3073633749904021
0.29558088813776384
0.4021874730141731
0.5538291507473607
0.9443053674235875
0.6735974863202139
0.4846371964986713
0.4690318502569567
0.8572135763982894
0.11273933052518781
0.7963182753253201
0.4732436381389107
0.5529049715342341
0.5442877850629355
0.004460653218914312
0.7516588984290762
0.4555762800558153
0.0417119106227698
0.6467326012759506
0.7022072125751274
0.647404521990323
0.5133785745935006
0.2965887436835153
0.9364426423252545
0.6352713639204939
0.959892854951311
0.25999616823361416
0.6905121483810541
0.33989693434644563
0.08358934817461294
0.30411018847690685
0.4168165260223441
0.993418004747246
0.5293347545520847
0.4330018156073707
0.4601310839211744
0.14058848071058672
0.9697409207811499
0.7557103560486139
0.5785896807053782
0.5159744637318193
0.6086092664635415
0.867105264609853
0.414415045213273
0.6236953379963222
0.0510624619343657
0.6859498919723205
0.4311102678123898
0.40344070332082616
0.006612986247259811
0.7296232265093421
0.014003375292945708
0.1852913034844762
0.9683701320117725
0.895064487962447
0.037555331470036424
0.294112183341132
0.21634172086200643
0.8891619479472834
0.7379904403052369
0.6470656435183959
0.08210728095987274
0.9509155069455462
0.9629885238260905
0.6065770445705136
0.2529784359652394
0.6746967192242195
0.2228062484361475
0.1919165301477911
0.13035850681012118
0.1374519579696053
0.0008079413044592698
0.42295961029784745
0.01573876868804791
0.7145659416234
0.7060601073690403
0.25829937983832185
0.7622236899725686
0.7545091213081466
0.14202540844669242
0.6777332259261157
0.5501785764908753
0.6723289468398932
0.35100796283554536
0.2658236510290799
0.8957903863903398
0.1148748892498328
0.8716266734293932
0.25654723205153807
0.5246513821075091
0.4932317641810905
0.6113731102379556
0.3943600907892524
0.35223744090748954
0.8663901741318574
0.6981563653624986
0.7041823583560755
0.46815023574785075
0.8369638869153307
0.7705393973190309
0.21765096073230183
0.568008357377763
0.42156597440451693
0.07181039615618867
0.8445821273419124
0.8696671539059125
0.25128018533609997
0.21734707898666206
0.37236956475984107
0.5721690559343969
0.7384848986572699
0.43116001284958005
0.43967507298004316
0.4853192666129803
0.07062517766450849
0.9853339671631709
0.2722373058623333
0.5041346103859151
0.6024220369904416
0.16277614533607265
0.47838717384184815
0.7161383317107856
0.973918286151893
0.5941833811027893
0.5851738957439016
0.7680203652971492
0.94359394129038
0.6751055665968869
0.690527032429409
0.1915218207145496
0.6013909655752866
0.9326321538382366
0.10953783271936313
0.5087884054928988
0.33403253351492534
0.2349300627634826
0.9534167700158269
0.5570277401469323
0.9146160802291093
0.7532798803269084
0.2415839523929546
0.38582281017918196
0.609762250659582
0.9630771497052613
0.17638797477382395
0.1297757586210424
0.48407718711073366
0.40808839487009063
0.7777921735630936
0.517561062329759
0.03752430906577753
0.6009885914606475
0.3866298868240875
0.2935734989630836
0.3629286511973987
0.907963750291081
0.2687975290543495
0.6866962212974876
0.33157141373927856
0.4580246984675601
0.8459160034218532
0.35812664343343203
0.8383205926370441
0.35801207593989404
0.9120425694677208
0.8644685174914976
0.9323449327893834
0.06796197566205309
0.41364994591485793
0.6092759542192502
0.6808529123622633
0.837445754095419
0.1525021797152255
0.9450404419871551
0.05631985234163883
0.89210840017755
0.48107803562038465
0.8790710082019
0.18630825696967335
0.592292914907722
0.5483819777449684
0.5749772879525228
0.5999284349208975
0.8862353453533395
0.5396751645087657
0.029317761576018064
0.8499093692914474
0.262074711916201
0.36986895390519325
0.43207924763531735
0.6315295378249701
0.4148741908328505
0.7495926106695611
0.038073735476648385
0.9315674384110437
0.1729595698075872
0.792160785164888
0.6902521503089832
0.296676228519583
0.48949057521766703
0.7909031300070711
0.5616233244428873
0.5311582781820592
0.2863273843108326
0.10662194511526824
0.8451600710328424
0.6410023546910759
0.849148120865163
0.8381148009833495
0.5378724767761887
0.32327454416190304
0.051309288482758064
0.29694312091279373
0.566563354608839
0.604531117731103
0.09062760979161355
0.21508756231255
0.527604508121847
0.535375431405183
0.7445366351705707
0.30449555404710515
0.5825033999371609
0.43575795579126353
0.8187169330161347
0.23004084335519281
0.9932309556364273
0.6956834881916485
0.4204960745286451
0.10888262735593868
0.17126712941432964
0.9993746462204836
0.6778394540041789
0.0703160981486951
0.4201760683085509
0.7191664044272128
0.46838080386211045
0.4953047958618638
0.6692076696741593
0.3299252037624605
0.1855559913585536
0.4447743430563439
0.8841693147319597
0.8278336907609111
0.7341208483412954
0.6389040270791716
0.481126021742032
0.7355105307253468
0.7565977454211855
0.8722819358727764
0.9620861728392804
0.08295434782930444
0.7972347218186222
0.46912023591317165
0.3607655787375188
0.9592749307139612
0.9837339078728867
0.541244187171485
0.22579410735005667
0.5052521737505935
0.5936918666194548
0.8223819001962107
0.8008492572858944
0.13883677997426036
0.762921776181934
0.9204175121204425
0.4035250620705475
0.6706698874280322
0.38696051109619656
0.3132735549111213
0.7363183596422611
0.6219790381539155
0.36732589572832364
0.7155119985797715
0.33494134913469664
0.5907463424701886
0.674795833122741
0.3435876888673556
0.06836417741499112
0.5798708364770534
0.01743205738220799
0.617761236617174
0.1831460296179479
0.6075363124560434
0.8587783277654332
0.19143199361777752
0.909201034690921
0.08243543610762383
0.29466581314835394
0.1692728328519244
0.5055325088455088
0.8615120730167
0.9700514198038094
0.6463000535421254
0.9915373038634044
0.7262046688180429
0.41795933486692427
0.2472108032387721
0.24184929137437128
0.3426070635516567
0.5148779641539473
0.3934754394923168
0.10354641082793814
0.22125671903238497
0.9586847718381449
0.8925120734086233
0.2716849006450469
0.8979365584784947
0.5216693791035651
0.6219150910008339
0.7148857361693237
0.7937486350279302
0.2208598962019982
0.9718930630481023
0.21856504972644608
0.925603462069166
0.6194167325210195
0.6343171486214055
0.3195250841931827
0.8769191310676653
0.20089247366512675
0.9899418343029406
0.16938272543192
0.10075931083989254
0.4210999010386104
0.06364895617445543
0.6900890416301637
0.8559481025465316
0.6434592702549146
0.13501537106756611
0.38979588371000407
0.6274315710032021
0.3937861222134963
0.36477296507301493
0.6139203118966304
0.2902161238900386
0.3089425267495085
0.4260431888457249
0.15040760969234512
0.5974414871626643
0.0013368174467440763
0.5425548401166197
0.040626721776543584
0.4029570309014975
0.25831431132487015
0.24061817925467044
0.5328256639057316
0.913330587840048
0.5406071924749405
0.4546061245014974
0.035804358241417256
0.23243861296245383
0.4579225094158672
0.3378792768690754
0.04386484819027314
0.6915876922706032
0.16400602277719412
0.08489262069452341
0.9704807417135216
0.8311856870421608
0.3898782491430124
0.9543532815191349
0.46881631412677216
0.8611430023577308
0.7777854339788167
0.1968074841871419
0.8055366338094915
0.13856825315273769
0.8927983883766215
0.19265657216531262
0.6351361022954505
0.4964843316139159
0.3996180380675681
0.12129040647464617
0.12570294364343682
0.923810945738352
0.3817774170680829
0.4892845583773918
0.6128948849060573
0.3644932586594255
0.5935308507635932
0.749935261903695
0.3987731575830148
0.3048576269798572
0.8047669335105199
0.22182460869940235
0.14039036247513703
0.6738859719449559
0.5611766236916955
0.7399057866195724
0.9036266257321625
0.8711155683045086
0.6653531779940492
0.8645908038681094
0.8218330627627397
0.9398842941352149
0.17466764615966524
0.7081112242601442
0.2795772502310405
0.5938159662268717
0.13221617509606542
0.5009973855799303
0.10930987138604298
0.1367960846947498
0.1690124650457716
0.5193765708541316
0.7246638798965215
0.7912802295093018
0.9061179040519448
0.7574955727041318
0.6429027093990521
0.03273946899065239
0.7224769404527229
0.5325332005690554
0.9222126122179553
0.14893812805128404
0.6455227080693149
0.5932221558536371
0.44976681335519575
0.08897425214620713
0.12396387677478893
0.21104212373780284
0.8695547488072304
0.5445782204826828
0.9643172741182566
0.38015305064748295
0.7248427413163463
0.272915601272376
0.6316430896326263
0.14476316130868905
0.4928311567432285
0.977366915410584
0.6144506195680661
0.24607202105263604
0.05013539267592659
0.4321278490974356
0.5582522762873492
0.8749268208012386
0.5560283572300567
0.028718308123701464
0.5749012020372442
0.6307211298242092
0.08958948894304686
0.6464730099180882
0.6423142091446066
0.5734185041159112
0.83150634838552
0.9067189884590989
0.8825712415766359
0.14928552265268646
0.13001281100595374
0.3878605581565948
0.8344015181002412
0.18756305310341193
0.5237684262995542
0.9181298417566788
0.43863545884723376
0.2534231065299528
0.21916299018886853
0.7557558248873317
0.8137623749289296
0.32757698405344726
0.9911155531795682
0.64496332177312
0.2714974214763929
0.3760495383176089
0.22464416637124596
0.3935670688737737
0.47770479581458425
0.8274214068178053
0.529394222946294
0.18817125324593997
0.7458317680060291
0.9774318525444429
0.7654229014548277
0.32981033418418226
0.9606846201256111
0.5609595878182806
0.856641344850085
0.9096257824627206
0.4454622672147931
0.41684886229520934
0.5068365804129398
0.8482674006932157
0.5716102982820028
0.5163377587619431
0.21092053621315332
0.11714721991243982
0.40288044213928675
0.4483842145151071
0.4957532421274279
0.2860392333695595
0.7477756060251322
0.7056058720132515
0.3775148373819329
0.7412188838043502
0.7079602300619026
0.3974570378573845
0.4691814031711812
0.1366627304938366
0.48209280717478664
0.7549838616048954
0.8646625428530137
0.4661020614385736
0.7974532895501223
0.2812077894751779
0.7140902014900372
0.7099760244786949
0.4441092213526957
0.4937092584426114
0.599038974489496
0.6244939673090112
0.667220731848861
0.936348422213508
0.36295026546631337
0.22325876315249427
0.8659455156641632
0.41168696336329047
0.7543507141613582
0.7771166423233269
0.9047068381543776
0.15845011621929084
0.4973192461250582
0.8071853230087287
0.09326220197711521
0.4488485956826649
0.8060698478362064
0.9588422942620993
0.7770406901452269
0.17180427538636645
0.5914212196492508
0.026940121408050688
0.34926766137698717
0.011112361820778793
0.232094658916009
0.7975174715770658
0.4952778295957252
0.12374489292998259
0.6060196508432062
0.8311897095183068
0.9656540235341681
0.16663376629345694
0.19686449949028273
0.6263960974085985
0.7942309427553526
0.9812309760733323
0.2916671239658779
0.8015930891848193
0.8914925036272295
0.5724616556711584
0.5400652812650258
0.3508611254711409
0.25940733646211134
0.4619701339214013
0.8111089530211121
0.7409447201084781
0.870995422323497
0.794371734282105
0.45945449776712133
0.017191999210293796
0.6547670153600164
0.6376524988890632
0.6131726851599031
0.7231465181018686
0.6540972948670088
0.8267163265697413
0.4279144396659602
0.6340830104072646
0.9569063613401759
0.16510704580161528
0.7916041072681665
0.055821781938975246
0.6936021099110758
0.6174243802188294
0.5371695552956727
0.6494108314980575
0.5335727150896826
0.5519355518444612
0.13567753917501113
0.5017599999781195
0.6836450481754915
0.7494944436741219
0.608035528534557
0.6196272748814433
0.8150296287724716
0.43750144377164013
0.9970067608425435
0.8960426666421282
0.42567345324399275
0.4741518241717734
0.4276985106067991
0.5040453715131176
0.7291343220020147
0.865909667489733
0.3482289998269812
0.08341792622949384
0.7325776925237546
0.9576935679360208
0.0325906406916161
0.20808187779157206
0.244199963755662
0.3515429415275477
0.5917970576838197
0.30147481211577154
0.8693524134205435
0.7707658200973111
0.6376719670140604
0.12588203726905567
0.3227467284714336
0.29848643521786866
0.5350364020866307
0.8414066409867681
0.44617434462000394
0.9889036028766149
0.7457688085937397
0.5886433045019859
0.6255189752519215
0.7566236594033302
0.9951609173563782
0.6645264516061234
0.3748853369971218
0.38136498122622264
0.93359961181637
0.8753206643839097
0.8764890632150013
0.40043767598871116
0.3467883438277565
0.8229056721335058
0.1116889623709596
0.12418299562332691
0.729670667529225
0.30174978931323604
0.9070760359806336
0.8540780838636218
0.5224156370184024
0.2723966326440542
0.14586843446016207
0.6055255412347079
0.44518850053685977
0.18408025450079202
0.7062856187187884
0.2491034047158205
0.19094995513275648
0.22125213429208013
0.11731956205987226
0.09440870733091056
0.3425930480326498
0.13697782466062502
0.8483899643668167
0.016208606748808974
0.34473457416863296
0.9250789715339109
0.7881254221368322
0.24126879183844052
0.6170052535315956
0.8081244484080952
0.8040700002404509
0.754570510737526
0.7357261450032195
0.32448608603969187
0.14146250370112956
0.13177248361872262
0.8955569346429731
0.36493787320875115
0.8798082767450878
0.746210704715191
0.47228350740503455
0.7907179326947578
0.5716798838618037
0.917508924024296
0.8184588141553285
0.32033043799895855
0.03070287769264035
0.7294030623952749
0.5321016913469299
0.055992192564111476
0.6593689355904657
0.9892180830992354
0.6639822237559683
0.19802454622647214
0.8900643554983685
0.9791670257259242
0.36970127731869407
0.371661709760877
0.2294435052482131
0.23171802189571367
0.6063287762925337
0.042941584913888664
0.328982119771571
0.13196812789703583
0.6362740252060936
0.7660730620455701
0.2113555340939416
0.5201354354638069
0.3476125388267527
0.5803053059096721
0.758798711044681
0.9691518285234031
0.5094097513085619
0.6224255172465222
0.6418438028614389
0.4038287807068811
0.6446078992411608
0.4713174991579663
0.9840111732777682
0.6269654670475833
0.09523768476362038
0.7384516084045389
0.2813626926104843
0.6768919437436111
0.6384168803304038
0.628009894268941
0.9551940853532425
0.7078483714230552
0.42145850084615766
0.5874684853793736
0.8774610912480293
0.05851059345629772
0.7985430462935743
0.6992775986801637
0.0878179124695666
0.6175982665029929
0.5473693895025239
0.4281000005250801
0.721934760329194
0.5363744472048393
0.527301740410944
0.8204625505079208
0.5385226850623437
0.3088204117712511
0.7233202806351827
0.5806642334556392
0.052780736265159556
0.4321230780361617
0.5265767327812805
0.7793419651009902
0.9141065819703074
0.9883795999239239
0.7200649882693984
0.7426674380477459
0.95911890334284
0.10547332382044639
0.9091263940363343
0.9517059717341656
0.14096451642927033
0.37777883039497573
0.8162780271061686
0.0879611565633146
0.32972288567370267
0.1364199496008075
0.9826836093988366
0.9870225560156204
0.32922815099055036
0.6132141320606823
0.31804696179428393
0.34634364590197975
0.8152477145703637
0.18507537985383238
0.297421671601124
0.37248243345556786
0.12647593249075018
0.12621911020129772
0.1954480372880495
0.15810072612334303
0.9137364072693879
0.2737173832759807
0.43651563822072037
0.5965542702081366
0.26942287659700326
0.7481238397662724
0.9615914485532119
0.9342021271577425
0.18189780462524396
0.02160469422855249
0.6750278997629807
0.1347916146344792
0.07042370023432087
0.2942231115129692
0.21698346369179944
0.005512899598156373
0.33570067752223187
0.46710330327310423
0.9456154970295376
0.6907156907372239
0.35115518195185924
0.8608953907960533
0.32959310316810286
0.23600098147122717
0.9935437997393117
0.9252614009258007
0.12038059928951339
0.9009880331995073
0.7000607455435174
0.5811386521748365
0.1399921322223069
0.8875581709310816
0.6053901397947012
0.9115568254333133
0.07438256196554405
0.9069727598288405
0.5861340829694838
0.15865307454203958
0.8381565740566687
0.007099176496911275
0.8716552058986408
0.5308962460594243
0.8076157459576274
0.8173687207155029
0.8452197073216997
0.14614722608029573
0.2556082472243022
0.1286057679514554
0.13108737991260322
0.5105571476859935
0.9761907864553118
0.05456071430286491
0.042929895955237884
0.18849406520148315
0.7647502972973786
0.7915740337654854
0.2593921217512085
0.5242142400568794
0.482441082030143
0.8705746260479519
0.3483812005981507
0.6797972394576325
0.7389133803777446
0.5163427804323524
0.10501499150695992
0.9207480987074504
0.3508706006933975
0.956088728081707
0.4749924427801786
0.32986083063796556
0.7874134634005392
0.06212118712290515
0.9148474102403423
0.6800953356735397
0.29953448466251575
0.12555759220285334
0.7536951172747698
0.2652160680847041
0.37458173633065417
0.37701310450530745
0.8206953048672997
0.6940443830560428
0.577986606563393
0.8904573959286153
0.1407346867457152
0.22296247989593776
0.9716512015042402
0.6563850961066532
0.36204770624212346
0.6645099698387241
0.7155612018400426
0.5897187765673628
0.6880598277810519
0.9807682870456766
0.5301339987432919
0.656275714734363
0.16854936828590394
0.8860451199409493
0.6505294307187709
0.4796045144393154
0.42876293308704316
0.467213388280461
0.11065811310703999
0.0941426605759138
0.8654440311193508
0.9153520505463026
0.9325165709300449
0.025219022057855423
0.7497035131073968
0.6431049029365898
0.07467039235120299
0.05130885330020918
0.9854064874601806
0.6085293917132253
0.6345187428233282
0.3040329596915051
0.81216222118929
0.3314381708337504
0.6222346470476944
0.4556903012774044
0.21543783713989162
0.6304026923861769
0.028548069889084315
0.5215437032810093
0.4572654987534024
0.8036569911312313
0.4636266950719219
0.5892129889549623
0.8361002611372206
0.9172092449221757
0.3330457503520845
0.5696773654051439
0.5711504455198773
0.21190236634807413
0.1261919141140162
0.8509879997301606
0.22722161963080145
0.45333476328416367
0.004919835577131715
0.21799904249058033
0.9201156464784165
0.9814947242287615
0.2586807091261224
0.9264003328019417
0.9980357664359873
0.9766197167670251
0.2661069033052612
0.14773327716354545
0.48503065747829965
0.5975865972821859
0.32900781807789226
0.9615733246738424
0.8825538210466576
0.4604718833184014
0.9664933928739312
0.7269021419630055
0.8738331778082457
0.6487213377001543
0.20009070468968237
0.6770069322759074
0.8508594601744379
0.18614501600038458
0.43576635081252213
0.2100290828544884
0.6989530530690929
0.22482026554971812
0.46419283028432134
0.041915581633105936
0.46678005822043767
0.7269993862702082
0.8719470884698983
0.865319770502909
0.6762338715690852
0.9823417119664895
0.935414483813508
0.3943973894487496
0.6156275089091513
0.7219380344429223
0.6049722771479754
0.8597025355794544
0.4319724641645607
0.7580583574761633
0.199401631831003
0.8734855374504483
0.41767986748089403
0.9024757520854285
0.31164680310353754
0.9201518198493606
0.7481064450202882
0.35842393420681895
0.9892700556046539
0.6298231388516236
0.7447561914151994
0.8262135612400614
0.3251276700269895
0.7106080482164537
0.5788115426411179
0.6542249327952355
0.4385946256211948
0.6750061628627848
0.9888144944490665
0.519512477934986
0.3350609159370983
0.9216284135129891
0.11302642452641476
0.021865224999727317
0.545333263334001
0.45633566406719406
0.8746565607674709
0.5147938810235126
0.2591811419520068
0.27846433321189124
0.6394371030343108
0.020744381351710972
0.6537533836046023
0.28401734643240906
0.7348417772820225
0.9398147315613148
0.02421814891563001
0.11573728903071046
0.17497045540861333
0.9626926980232884
0.29044632007912363
0.12915507674643667
0.9091816812219258
0.9631759587543677
0.5503453181777853
0.05024491365445238
0.7688650635367364
0.564223117313352
0.11723124674467866
0.08144295321839823
0.3831316039981161
0.187755022834303
0.5593675607851576
0.7737935925197302
0.2430026620051754
0.20859694884944602
0.9757200049909796
0.11651779200097867
0.4584632201175307
0.34516225293638547
0.052527693984439905
0.7618995211042906
0.9245703469228418
0.7157751769013401
0.9186435822820472
0.697644331609367
0.5121296381109357
0.5623829616296722
0.1838777702815919
0.24871376643860665
0.5733500501067604
0.006998085320677583
0.6546420978054046
0.6670187737379197
0.0672578415867372
0.8034677452873986
0.27124999615550105
0.09999454582010892
0.2674698079293746
0.1811864411616131
0.770966976901564
0.8147663980273504
0.11877753554852577
0.17012543803654423
0.711046407448971
0.7106598206039055
0.07479862860079423
0.2802193707834847
0.8009864023258466
0.28793048312429903
0.954350205751475
0.6957654015868678
0.6405158816212025
0.39478924892058687
0.5553283485259316
0.2634259983974798
0.38022274197090633
0.6860935738609883
0.6354808528554036
0.35731732178105
0.024014506023365523
0.9421660155409115
0.634992885928944
0.764385465892935
0.042517192375708834
0.9655258319201263
0.7503207034577565
0.18003873505318901
0.1556765538298024
0.8879163482204928
0.3597910966344008
0.687001504201589
0.4532912005533306
0.43231193280736524
0.6965942076442416
0.6021310104456443
0.4942388760670082
0.6887026061676647
0.9123330181076375
0.7890544421514822
0.42530698493317676
0.31501590902276133
0.22041172506608842
0.7947967002605398
0.7515697970657186
0.4646163782833087
0.13970567379592191
0.16719742271979443
0.4318727989776937
0.341226813799836
0.6756883327775106
0.5415841597155937
0.2827925719642208
0.2192258541390102
0.08074050412202871
0.42063414057706416
0.7002493753932678
0.2711200850762586
0.39871958352986825
0.4528692342287103
0.022412407636192233
0.9004649052594896
0.30504471677857414
0.8750115033680563
0.34075784051019875
0.25436640925409526
0.7022613174269308
0.28563499516412005
0.6521593126257356
0.8021105839256281
0.3938181261323508
0.7852716023426435
0.7139395219395749
0.9895962372748727
0.9743876081778006
0.04254307710509253
0.538670438498419
0.953514831757032
0.5173177947070815
0.09411910572245663
0.551352113491442
0.23335624892329376
0.34882196930877907
0.5340093003800744
0.45109127719242703
0.5029857867525814
0.8662510808210991
0.8275305599273955
0.22431049221000054
0.4748896382899551
0.21996587228600184
0.15806426570996346
0.3312904866983184
0.22993116832855176
0.40507741637415806
0.4493418175618581
0.5168935068127724
0.2795407939719894
0.38627852879179503
0.12521672091706193
0.2844988910693903
0.6253152073376381
0.5302312228784422
0.014633378348784865
0.6423144322722182
0.7398696001204018
0.20699174200061066
0.35209744591872205
0.21116863827358645
0.09735495217862478
0.038287180544594346
0.009514173180046437
0.12537118829524252
0.4586809179339847
0.7744802074781558
0.08914871200968955
0.9348495181422908
0.32801881417353795
0.8236674807893573
0.645378768679742
0.12734763152891004
0.6021221028005612
0.8459329057690702
0.00250944138779452
0.6535824216848239
0.3297657704545607
0.14540874101122558
0.5657309735456032
0.45291077104114463
0.7335289313694714
0.6880043362814645
0.8437290769518165
0.5650996841899957
0.6721957384859557
0.19592143408353668
0.7230270290713559
0.4551117041801902
0.21060527436290333
0.4971240871870368
0.8249053715031194
0.848300323173723
0.4944094304605806
0.8606970629188648
0.3316134056669575
0.04189519037465228
0.7741538868545087
0.4652038420093305
0.3044288298349356
0.8056661944573092
0.4369917551101501
0.2783998526679784
0.8960650521580481
0.8724305304388683
0.13184032237369792
0.028054473100250332
0.05182873599280913
0.28118449446141947
0.15411994539991702
0.22641239007129665
0.9171897643597499
0.1321932017028865
0.9550923215494115
0.45179384766787756
0.756450515335927
0.9881512768842549
0.2530697494743612
0.5687221800370736
0.8233679231467383
0.34042770120450705
0.6130137999345876
0.6860521247977714
0.19986562902890548
0.22840376161846954
0.21369121892775944
0.6709791495447092
0.4488610143418077
0.37395784171285984
0.1252958708382561
0.029601854145596906
0.3964377302522787
0.471476431816204
0.779383416841199
0.6642390592626589
0.5106058792645827
0.31374900186745946
0.591642972864503
0.2197461528954343
0.39226845205763616
0.7122010101888661
0.5562088111560853
0.7888326257059705
0.8292302310866105
0.14664759684699824
0.7935124027678453
0.9762312727460005
0.6358368113918211
0.6878179977503649
0.16864053827845227
0.567800415083517
0.3049724988693998
0.13582831114402028
0.35083940415789727
0.2371530780067047
0.46665719944410233
0.8568195051640596
0.18540746210540715
0.7870951749434278
0.18364461544871902
0.6001047678956107
0.2645645605268938
0.9399292667641991
0.882784258602588
0.1811297709434726
0.14763128273510306
0.06114953400488399
0.7993545646990922
0.8722145803743557
0.45926519809789546
0.6372152377374147
0.4484433162337824
0.08924342156060461
0.14338182608011785
0.8476388492773054
0.8701873416209129
0.8280542202262902
0.4943604244221368
0.2592010571343022
0.35448729316137884
0.36803840642411856
0.2794694488547588
0.4718615073745436
0.28694191492711085
0.27388857480340645
0.7132761532625815
0.6163687555418661
0.8364059888188276
0.7668677578512708
0.8882191544945974
0.7809061419038498
0.23069938676110613
0.6901101425240189
0.9304548532110843
0.1872696044324681
0.15110734987388608
0.35956293094950065
0.8324183553405935
0.21554410930060042
0.6008742106083218
0.8848791765955677
0.841046856214631
0.2190190113093311
0.39509046356825206
0.6289540372282637
0.5092444598356571
0.15784188491013018
0.8545115613086639
0.8533359782637671
0.6364365300913312
0.05994318318484093
0.06652566461021225
0.5974306294997185
0.0928509513008754
0.19447011281853355
0.6989196795377229
0.3859872603088149
0.40392575963627775
0.4217774531683467
0.7864527962541642
0.40278774490938574
0.40232666369534675
0.3594359939499465
0.26491939533988285
0.775663626658885
0.05472587265553075
0.8915970409008278
0.5673989644333054
0.39548729585460696
0.940510644987154
0.3964955940235452
0.5559978204417239
0.8390323008451512
0.43068393988576115
0.5321858476999244
0.4378248202625127
0.4591186749640429
0.13037974933289287
0.1776817529230711
0.6790087465914068
0.8362928293165885
0.4449843637049741
0.22980411650395882
0.054149593589949085
0.5130946899350111
0.6479035730945969
0.416012033528966
0.6783712212419586
0.9571552469090875
0.355592414554035
0.01918177816897959
0.32206634382063504
0.157615464031992
0.012538680123744372
0.8767389255631706
0.8048466689211361
0.17495679321530577
0.32762707147637526
0.9147619785433201
0.8160595304426397
0.6925729085372042
0.4290514128638936
0.950424992923622
0.624931727794851
0.4650064036000112
0.6275818408474518
0.639838510860493
0.1952617592125624
0.07035062048429597
0.5706329620403928
0.7661673061222921
0.7431425222003655
0.6217383698704796
0.7847435923409056
0.5153137133163498
0.29524061858573747
0.6683634153596371
0.017452359003652163
0.8100847252370862
0.10433175887565449
0.3360917806872663
0.48752069278542587
0.1365668045869508
0.7645864860470106
0.9959578529584768
0.7922062055865684
0.07951399018435801
0.7172437918266014
0.1505364168392862
0.8065082938436187
0.3722351971435327
0.935450627894419
0.43928307697338076
0.14411158845267735
0.1268004811651423
0.9924353824973997
0.8182732068922893
0.5298895668834523
0.2405104702007298
0.5517119747206352
0.2654057432358874
0.5477510564798626
0.5648614591543035
0.9362311684126721
0.6286983448759493
0.9756110886057258
0.849644637430811
0.4854510897078905
0.030996527230583992
0.1072153751922359
0.4701606675998743
0.6263401895250625
0.07959946808268215
0.53005313303266
0.442099142242402
0.967656863727162
0.3273718359949792
0.03243740365836989
0.5848321451140471
0.7506731518377289
0.6701261786650569
0.1765122762346173
0.16802360995322685
0.10257069945015429
0.15633901100374625
0.5716775207779256
0.026718628905293973
0.20493287242712965
0.8877991466888778
0.7007051915232833
0.9678346084062663
0.05390727238240001
0.6922086892321814
0.0001989955311939573
0.8730507431476404
0.7435268238771168
0.5421670702191327
0.2746617661368992
0.22471629713163277
0.3847722003342451
0.9109236875333673
0.9122980332580917
0.3159303794662508
0.11513988188219282
0.2836998013258537
0.7862693542283351
0.5949006467964576
0.0670406065055501
0.9590043849730133
0.27407136850110236
0.7074472412528472
0.17993235266938412
0.43296065520140303
0.591531473975914
0.17172888275698794
0.7600870564332857
0.6593632632716583
0.39543788426065707
0.005676344193761618
0.07425999807079431
0.44005907130171706
0.063099835203413
0.9144518044535945
0.795091038392348
0.7184584841898247
0.00581235124820878
0.5756793745213726
0.1904511694147477
0.774339062571174
0.6252286144751948
0.682257857807488
0.4779602306560369
0.6371400257431088
0.4491633441716839
0.07792045315737828
0.5299166755020233
0.15252441321869215
0.98322691557498
0.5716134532233474
0.5125187586724662
0.6560399630371385
0.13943357140114
0.1914831806892603
0.12040922633604767
0.19977413291244306
0.7493704416226328
0.3207498550421414
0.20264352932019103
0.36505991877559674
0.5049523152460815
0.6820362493085236
0.3907176003891115
0.46315730325749505
0.007365859803625363
0.8721548234965398
0.1021128214140542
0.01861009414532644
0.08562077406388424
0.8508460404327632
0.9102667863777031
0.0015989759083684385
0.6186376359744675
0.5645451360701222
0.48894983660781366
0.7597883338417663
0.557676567880156
0.3996029094321165
0.4002546019288493
0.49009096792432283
0.9509159733510115
0.9982899750568319
0.36212801084127055
0.24898505387748338
0.08464612196014043
0.8956702296457612
0.21991013883935284
0.3094804318735268
0.6348829380180651
0.4408658349752176
0.9841619895177522
0.7486468373986455
0.2679796405038354
0.992713296432999
0.04012572203791698
0.05533585788273265
0.743335247320644
0.3782532586002688
0.7839712455321024
0.4300920916092792
0.16304125919841705
0.5821569190000991
0.1336958094154067
0.800713219407654
0.6667232636845584
0.9785983791381725
0.10807818899992894
0.6413069533043615
0.17687452600249642
0.5622544261815191
0.7897192571210796
0.15707675638460072
0.3558093756446421
0.3558233706837792
0.535801500630385
0.8042787204906846
0.8757561640547309
0.1542127153373376
0.3955831355084607
0.6062104062580531
0.5997491863119173
0.4132514258022034
0.6370310662328795
0.2400985151381454
0.7038030245637956
0.34410558132010993
0.051504442057383915
0.3518584420031724
0.5298238522812319
0.7013037810652755
0.712104400367365
0.846113903422751
0.4964194766282687
0.07744765006751086
0.9718303683933488
0.6622034167099067
0.6636612501032568
0.4609712383226089
0.3459189042329839
0.10635352450097046
0.4802745639606969
0.5356319008694268
0.1763586015072991
0.883483232411595
0.12477622518060161
0.8345597547685941
0.931647725625313
0.773117268022467
0.5618452448422198
0.27261520715479604
0.7497046046725223
0.11870402591015727
0.9237387941720984
0.15758907598803262
0.4689008934213297
0.580747695809167
0.9405956569410857
0.26938486359637115
0.3107705015885225
0.5968282751926886
0.7626651166602565
0.28322870730299365
0.38769572166185917
0.07596279623718971
0.7687790850672166
0.738273770263787
0.4184711685307664
0.9885858717876992
0.2528124643333437
0.7084535703729191
0.9277303740066474
0.492583632624621
0.9484115330635123
0.5655271813735859
0.6582993218188181
0.09369797432216065
0.7954852834634024
0.009487289615106032
0.332048102546996
0.6442262119189152
0.15856949764484518
0.6994156183420538
0.24096530246222547
0.6612578724571978
0.5759174570778433
0.9150214526997131
0.14833002652498983
0.6328782588901002
0.044636830354923274
0.4804535988230775
0.8387646809833684
0.5265471746309363
0.492958028507395
0.10231010138353058
0.508756949698312
0.5815683499261639
0.23970237197087896
0.34159980068526286
0.9223049477827147
0.11762952230517953
0.11053220629199934
0.7330541192952252
0.1047322637909196
0.09265692884047505
0.42935060361188837
0.183801011549257
0.19849497782821823
0.8257405522942473
0.8228838575946258
0.5611650241305389
0.542433329183237
0.25519496348331716
0.14171410575131238
0.8106529205260353
0.1642542911023155
0.3266660259247747
0.5494304291123727
0.8335610236827149
0.8626613552435969
0.030265387561563384
0.8267778531628904
0.2844704804745618
0.3638196432820271
0.30572802667090815
0.5796017666848061
0.4111238551418088
0.7919614092761409
0.9900697032123517
0.4159095878477974
0.753752876655078
0.18884461039820877
0.7447710773209096
0.6691006510324164
0.5923036605816803
0.710179370925821
0.45134023157899816
0.15790760497645706
0.22552960340077588
0.09868445070311715
0.4946960573572172
0.13515167586059518
0.38729835066629015
0.6643073047382742
0.3275693199812235
0.6966652701951717
0.4959696862312013
0.8651235815468926
0.8114389425218865
0.40569909736021104
0.9798455331298329
0.03214686219010676
0.7610356494608848
0.6670432821501774
0.9783110582846798
0.1649141026480465
0.08724913996543215
0.1231751262039984
0.019582631299980946
0.705183040893115
0.18041201019974717
0.36979974610618593
0.31475021574760675
0.3590226264627997
0.889212768040713
0.062433360853706654
0.3301670418399869
0.7791686693864701
0.8154500767406045
0.8302854814128466
0.8513579803428822
0.6697543365168546
0.33161091098280204
0.15003373700231615
0.4974818408686722
0.8249958317734534
0.6610390325965115
0.30935788488378924
0.3988306264040038
0.4714097488763549
0.32752653444906354
0.4676288758768147
0.469207520717315
0.7298296191784704
0.003842848450502867
0.5149568584152547
0.7778921021766103
0.6987615881514339
0.5945141073450294
0.4026785912800209
0.7185958425594242
0.9355415493266496
0.7825618693794624
0.3487668519960968
0.5957143677847687
0.975618315125819
0.052036363931264096
0.7615398351086297
0.9839639107054231
0.46493872340820996
0.010535079287038784
0.5868591998575142
0.3510788333521946
0.9398874733374382
0.016929777621425557
0.6385491539474727
0.518630071517361
0.9826491581378125
0.793574704554162
0.3045141976636885
0.15700288453368927
0.7821981011293737
0.941235480896769
0.8019091636064922
0.2037849329440815
0.39153964115476625
0.14014444276057048
0.616840234733868
0.8675431022967969
0.7124664462062152
0.7679649506986745
0.003108649319069512
0.7631693638222936
0.5779917800839719
0.4351585463669546
0.1499610361875724
0.4135507411688233
0.19520639287444386
0.36024254281826884
0.15576844992478167
0.10717069668335844
0.9195821067279649
0.3792366586980882
0.007372193510729597
0.8482883470904782
0.5260186916989648
0.5245078842369426
0.3788559562405325
0.9021488249126387
0.8277089602257207
0.29466482712566233
0.6125321054008432
0.04291472490854009
0.6875154723162844
0.15187992928258154
0.31512549463638717
0.6096270467794145
0.8928441474475802
0.07863591726443864
0.24616119283307802
0.2617815905452554
0.682272991423405
0.9723028400491369
0.6915346424521909
0.7943978567996678
0.6706838989214347
0.4074756178456639
0.5456097459178025
0.11903259116073683
0.9430533689232857
0.03044153017574669
0.6708413000324056
0.42254662942118904
0.27735477163944533
0.2500120399018815
0.8167464251957565
0.43788129084655725
0.34451769285224876
0.7843994604037856
0.42141101187269103
0.7262867794977101
0.14053126345753497
0.8500811929013501
0.7792495936653089
0.48408385229554507
0.24138688457935076
0.6688656455504925
0.8573910998109322
0.12810000467618343
0.21697637008416526
0.8119225462756847
0.45482933419047855
0.10004384932092769
0.8638448980929397
0.19728249668731834
0.3623883429417085
0.3735193211406067
0.20461528886668756
0.44858567523084614
0.31235000183678774
0.5830032115563968
0.7564840168949849
0.8904731369167433
0.4154717080530482
0.6153567727792841
0.2020604364887817
0.365103123240456
0.15316866401838147
0.3438175801575467
0.0004060470655308235
0.9993360599878317
0.1498663878745251
0.7595038264367147
0.6540843693824197
0.29024389352331315
0.994580355512138
0.9300599043303156
0.9068285832707395
0.8206259594485097
0.3071779545105935
0.2171437727833977
0.8783994251251368
0.8794563340753485
0.8151222006717047
0.08342222382427089
0.7664104986910618
0.5581284691343481
0.2976064802415823
0.465717329776394
0.10250177578213548
0.7076386455781817
0.29753042451799117
0.39784350561631654
0.06414632078676596
0.27585366556613966
0.4456524087145909
0.17979846053517823
0.4073375241895205
0.5993764638801786
0.5624009193707183
0.6228016002821805
0.4869597915086835
0.4099665146143672
0.4494710809647807
0.8580292644382504
0.6966432956524521
0.446269335041506
0.32014929949647275
0.31500576505283284
0.8236206445143699
0.7215205961059835
0.023183660711100895
0.5915808921719128
0.41332741230043935
0.38080193690316044
0.7465889300027335
0.07252315514201924
0.20416756989890705
0.7255312671198988
0.6315777532645919
0.501970262737602
0.35804291341781624
0.024508986480142436
0.13083876313690856
0.912812775732701
0.39916577527404096
0.5260327557886756
0.550889427376276
0.4052888751458087
0.9473770338854923
0.620304949309133
0.41736215526544906
0.5898200387903632
0.5857948182152456
0.7411370770000726
0.3080690422294151
0.35175710699499074
0.2686408845088648
0.025132971948037763
0.8809893127610782
0.8420866327035311
0.31430755057314896
0.8872720172097693
0.4872911138083804
0.6611169019656876
0.9407697484835387
0.4466360635275748
0.7306514109708838
0.30077225534817753
0.06755882592630014
0.1162246734382717
0.39065618835533755
0.8551261299512667
0.3775033995759327
0.014950972058366374
0.3140634991914577
0.1416614230487867
0.5944171379328506
0.03143607122640357
0.5894668168517327
0.383449836193441
0.1163786255408713
0.69153655772716
0.022516256976349514
0.4657344091277996
0.8108809500372928
0.6265863059488751
0.8512534234600729
0.6777003413329352
0.5062424420748179
0.14708469149172976
0.0655420043945012
0.9523673369634618
0.1281302164453113
0.29424022915265624
0.061590517811989764
0.49448363632600134
0.5199980223446024
0.9498115922560934
0.15041047784235761
0.42118589156610764
0.5137975610039465
0.7980331517251908
0.07804306781301118
0.40972267302389176
0.953320195585501
0.23194880376886495
0.7360295300817065
0.0916338804084551
0.18934511646258556
0.38673692582080044
0.6846981485399923
0.8999964582181809
0.24167825955801558
0.6750771997302702
0.7035059138206033
0.1964699116869303
0.9182453214506531
0.5373614533088865
0.2763485848065026
0.20021562194527864
0.36442278826026575
0.12115092737412492
0.7689841531485366
0.4904232055080775
0.672400790914177
0.38146244424921316
0.7986049267787243
0.4018813008770852
0.523109782948342
0.9212394705161048
0.8501676633142083
0.3472385925921412
0.9240560114884429
0.768312157306738
0.8445863047044386
0.3764730472702488
0.9147629055004757
0.18590935861984148
0.8015595943173625
0.23300668473596575
0.17791272140847703
0.9558067857520351
0.6061879169698338
0.9588297659735068
0.30494817705154
0.5608177991339672
0.1909956976081172
0.7266094856714083
0.9952013250181257
0.7823514641228979
0.40683491259735904
0.630184520920719
0.5573851363469932
0.39875642658815635
0.45727988827071364
0.847239083126029
0.030803287382693334
0.1691012708434122
0.4642963686856597
0.7505421608682878
0.3204470072539656
0.03569521325282454
0.8313020188062015
0.3855210490856602
0.27507423004807796
0.42657916635006154
0.1826816949886514
0.48374710834574397
0.9386045459053378
0.6968423167162292
0.6956863933407099
0.06405460937932761
0.3753978690086175
0.7474943083174675
0.07052897497225574
0.7686295670141727
0.4600257287103886
0.46752527996019033
0.6161283188897576
0.03144629573891622
0.8320079125551474
0.7570603149795425
0.45461869888470585
0.03435151463889652
0.5287457980221828
0.1308357133868583
0.4989939691058828
0.9841858023855751
0.9179940058404753
0.6707766202530346
0.7540308539546365
0.3131661708928597
0.3583226435855187
0.8240760704126294
0.991050082840366
0.9273629073530579
0.013104972008069482
0.478862688065788
0.05659132474167816
0.5328607634789049
0.8411602689335318
0.09287517277217072
0.6926447672583508
0.12127132860491896
0.8494553701336856
0.8595237426544422
0.7047867660131039
0.597047634051204
0.4516096960873196
0.6086367482323428
0.9985818540148835
0.9056555796793206
0.048200272209605766
0.7721941255057726
0.23172046503018529
0.7278184117328276
0.26534285145400716
0.14423926661923825
0.7541041676790722
0.13302963526768607
0.58541118813409
0.595722963010337
0.5098727120565295
0.6166781350574491
0.07486824192123842
0.7686405372178097
0.2719957764508337
0.3991841151615053
0.4738909186142365
0.41502031745702495
0.6507529425804706
0.5815151689532111
0.2647702602002824
0.8558222334080581
0.4881727356306488
0.7774513782850253
0.4160334384320482
0.8131808378647897
0.5200932330967882
0.7466876175124149
0.7619869089397063
0.8527038710096063
0.2992678809405518
0.20680612849237257
0.7350378840627945
0.06472655685453521
0.3571794762963125
0.4059603616953208
0.6670300918987053
0.5646524477833992
0.581319442075882
0.325365817126412
0.4192383883290077
0.2861752630522185
0.28429555841993026
0.5935620010824271
0.24365404562707083
0.07163695823827976
0.733370905696454
0.6436108632611441
0.11071046452206945
0.9154934832327696
0.6766272678359841
0.35254675630846266
0.25550765756922367
0.6427162189055201
0.6990966204739144
0.5198852116976512
0.5905245417784738
0.04839654105180846
0.6654215447416073
0.29146295160105107
0.29180634644860504
0.39211148474771396
0.5259826702022079
0.6993931073783745
0.4435872914778929
0.033736122581061956
0.8746987306315064
0.3193027019899134
0.9634457254529899
0.8888763304740755
0.17109393114655846
0.5196815313080815
0.1345351869711079
0.9865469483634013
0.9858144995012623
0.7764589001180355
0.7645866132117035
0.8585058299299814
0.6675612751861877
0.3820861602282303
0.6492247855304664
0.16164897610208717
0.37252626234419695
0.12631959247079538
0.4125011344827404
0.6012249717146613
0.6747253197240248
0.9871659724604909
0.21683289352645563
0.11587074038036782
0.2034810319271919
0.635971592398342
0.539556943121042
0.1343067982750379
0.3730072616226199
0.061865877066446306
0.06775812116331592
0.3785271596451665
0.5136105556908951
0.31900127691551183
0.4222105566804678
0.18045274899811736
0.20310040270371177
0.4907572278692335
0.6679686130615845
0.17876937767807122
0.9618189800612772
0.6243431538062924
0.3673439565291535
0.8827952743730291
0.7169663274673932
0.010440956272189994
0.41471948217713206
0.1038106045261451
0.41864750309883025
0.7095922457993036
0.8332449082198238
0.14536006503862087
0.3662807555226245
0.5018344252082118
0.8122227058050855
0.09758205896158134
0.7421085614194692
0.7233424283210604
0.11154678739025392
0.7502625114709961
0.921235961698642
0.4743694268176434
0.9505103068943558
0.678554004127985
0.819696783504796
0.7696999890091352
0.3992360827728356
0.6119735220719298
0.38118745362958517
0.2709025999560529
0.8748655403993616
0.6154985034950058
0.11730684803237845
0.6697240608922727
0.13844620534321828
0.31608915884149336
0.17160624006456193
0.9933632058295236
0.8502638344806935
0.019314646082220666
0.4079113242057324
0.10317869867464913
0.0047009217102176315
0.5502595321311476
0.6806239688155044
0.6720690787483004
0.6158169761081244
0.8047001760278641
0.3030301882474925
0.2943518611456948
0.5132284176753822
0.5413324028142934
0.7580569700299717
0.4365199204085284
0.36441798525104996
0.0387356027394703
0.9928712315088023
0.2328493503295822
0.3554622811657614
0.7323614141421437
0.04729684447386662
0.5298878924335518
0.9811837573992906
0.7250010221265194
0.677087995601104
0.7635441324068677
0.7471840799949755
0.6263388355546483
0.6546853515736648
0.019438531255724922
0.03476378931391444
0.7736513083176432
0.365607658443474
0.9429141093590409
0.8756182344901656
0.6063417801568163
0.312027068496596
0.8723320985185359
0.08583149806755186
0.7073030429224896
0.3755897995279157
0.26417216541844224
0.11070418587682551
0.46738084864690965
0.7936130571060427
0.723961101503776
0.9069644909234436
0.41601041697069396
0.000525794002985136
0.4609504949975033
0.996152066131436
0.8970508068926625
0.3113145951030988
0.9057653758333751
0.5958699717761045
0.810237671881342
0.27257247923654404
0.564442861460105
0.18727453263304283
0.5420145591267249
0.2954193141978573
0.08955907227744275
0.6944604327872826
0.8401822328335294
0.7841800363141671
0.6348785114506
0.7493451924042004
0.4884371303673746
0.9454973041128873
0.10537551005360501
0.5728697933057394
0.34391901565825556
0.5288368819754841
0.9512446133993969
0.6987286432041132
0.3892930847410464
0.9122689894635306
0.18839535025813292
0.5345314283374399
0.5766484077012215
0.9451848604084269
0.7859356422576049
0.5271214677704459
0.6930542570644457
0.590832598715779
0.9944758433698808
0.5204657348675343
0.006671190380198477
0.2626325232388613
0.7824334111069227
0.5538311416212871
0.21423987560691937
0.629628815043351
0.14882949970673343
0.6039765105659497
0.8967695362733328
0.33570721256392877
0.9834297037774268
0.8117647492064868
0.47584773631662447
0.8618822534454066
0.40535273349444156
0.47110460574032165
0.6226460280494024
0.48138910468979246
0.7255476926392597
0.564247332322961
0.053689423907970824
0.31845937342261843
0.11309426842456716
0.42050221054475967
0.7343183436991553
0.7684637930145501
0.5848815975499316
0.793243856663031
0.6142267411269259
0.35934414154791583
0.3424684399186604
0.05899824872554216
0.39787786133395386
0.287264177476643
0.9297572579742052
0.33627157097968685
0.2942800035344363
0.7537775607971645
0.5932462219802809
0.8481484808680366
0.5347136542559535
0.2366754505821803
0.057416436324894904
0.7830082201100642
0.08550509259278405
0.8948538569669532
0.8601714705265842
0.2923602468463151
0.6896014934771992
0.8801739179866418
0.22807154271434027
0.7786709295163956
0.3000886401341143
0.07199323140978142
0.3777899266521033
0.35462305081448897
0.29573288071015635
0.06859103778618503
0.1922079711231779
0.401234345007774
0.5093499778876779
0.1564958662584297
0.2929935769695984
0.8061984486164767
0.9728616837690555
0.39316693785994716
0.43717808515038925
0.3863635261381484
0.8380793126698404
0.860608164335711
0.515493536954505
0.5152412858704389
0.6024524964142403
0.9051262962082793
0.12067444955982365
0.9298056578254129
0.9130500745118835
0.7570944789263061
0.002816375869447274
0.9716632327873549
0.8092527385874486
0.6439051778890613
0.3106163917612954
0.6865252399335502
0.24894457053428942
0.23948368661943498
0.5919048288114748
0.4605654149302397
0.7253432146141452
0.3591464024231812
0.4252553494171518
0.82265988012929
0.31933723144303383
0.7619700254799889
0.6474366842625483
0.22767232568841966
0.7025982404410552
0.7333348108662207
0.9260145952376977
0.23162094766854158
0.34111932618143515
0.3532888187832336
0.6984316095331715
0.739441234279588
0.4502619572450032
0.8526822270272372
0.5962573197552428
0.23507099907436335
0.9934411429643234
0.9795157156871117
0.011573990220148045
0.7291362273401807
0.6499441434228447
0.8200080179184899
0.6620887012536518
0.4775000748997945
0.21668218026405472
0.13947143864680023
0.5409862263983506
0.012794961672760397
0.6951123760901369
0.8141609047461197
0.3991297149183015
0.4889548023451248
0.31614326131514436
0.48302136874119306
0.9443950680047325
0.263886515993524
0.774061812353171
0.6923315038639299
0.7277636944587493
0.7014956255304818
0.36312765631714905
0.7673150406346604
0.12720167823558837
0.30981766867624116
0.8107293626936763
0.6377419187736247
0.32346357736826414
0.982395909040632
0.27216791716384736
0.19467318437206194
0.1609465541469116
0.5246163856079358
0.8902896189162295
0.5157022252923185
0.6507645600420129
0.6057381605347916
0.9634510353326114
0.6427461297775116
0.03230931626179523
0.474809331861458
0.9510334767713435
0.9078631557617638
0.3166878280242781
0.8564549784861424
0.7966251863595338
0.5579258029602022
0.8988381381149478
0.7155066283324235
0.18283922603195513
0.7093977872291192
0.5634525835620992
0.14810864573781535
0.00044639666875079254
0.011853167841005208
0.3295881538122787
0.7450717038295624
0.42290722435563743
0.2429271647195077
0.8999115694648397
0.08369158164916479
0.19384899611401274
0.871819702053451
0.19099992678917055
0.5988867880592705
0.1324542087256244
0.564410831446774
0.9260864495279026
0.18669746265310094
0.39954997267546766
0.3477014185700106
0.5886177638024219
0.8151177385618571
0.3706207162559547
0.469887555648956
0.644541968026368
0.5796815642521171
0.2846438486986619
0.22860758204073073
0.0691903301148602
0.11948780552489069
0.9360102136959663
0.23631235964467423
0.8872516626696071
0.7409870322601368
0.4084719306507908
0.16313837062863923
0.7140760296970654
0.3337193141312882
0.05198774260916694
0.16780381834123104
0.40973251724101234
0.4950601522110174
0.15395646198191504
0.3785198612797601
0.7524305681794531
0.42469604567519104
0.0406563635570778
0.3048904452857827
0.07811695492764503
0.51242233700535
0.8799561141627128
0.16184652119225773
0.01275895328032628
0.8609621692630617
0.5629139162639362
0.2130558885040733
0.936401981754432
0.38804982104312447
0.4141027713795741
0.7294334481921266
0.8834232772278013
0.3215362092329309
0.7329799561502288
0.7637818229299062
0.33632666840889736
0.9407982875619421
0.5136888176978652
0.13649690575362705
0.4178555846237456
0.5357698946992051
0.463424654275139
0.8124563544013772
0.9267807599295194
0.7587839588888887
0.8466752722903665
0.6310741155227663
0.07348339436294327
0.45697870893249515
0.27324494037695257
0.539004811816502
0.48751733835251865
0.8068267284606346
0.17768284452349792
0.9545973874258962
0.6882397619273216
0.13171003211906052
0.15026501556312677
0.2354601774110776
0.6406672025096141
0.4531908668712935
0.44425939286052285
0.9260509713727473
0.8653267427963243
0.3190309735584438
0.06662150112241538
0.3324464011527445
0.5827142534465733
0.5128074052453938
0.012789509154174983
0.716096200537306
0.29430487566852503
0.791666641677952
0.6997241576496712
0.7029417437117023
0.7532388060325396
0.7643232535041139
0.13739506725471118
0.5367561897343105
0.3221423043458429
0.3930229430373524
0.8555147918233355
0.5752604475759182
0.4875089577858803
0.4475078823059867
0.44019888403789464
0.8545429270902147
0.3756337291083207
0.04294154146121021
0.010178673194286225
0.8377938708586289
0.4497892313700823
0.3393746003192326
0.17473350291402234
0.9818194739137764
0.9145395809227368
0.9289533892942038
0.9006771208085125
0.6849117521022212
0.3139871470587572
0.7126816250896748
0.19916176018256848
0.6205456352886309
0.47788142177530435
0.8606215630706062
0.7069027831395361
0.2621201930534558
0.5727519817932444
0.07919967910585057
0.7967605376223741
0.2828669020580229
0.40478711549953417
0.929257811071112
0.4541167638740443
0.25772598751174713
0.3213810943723039
0.04580017927339941
0.007609110758132975
0.5435329107862426
0.6483228524389486
0.8429014174718457
0.189690937274955
0.5464547822298428
0.9548370868393357
0.6261505610310115
0.5486594931255041
0.03505836366718751
0.9373054960692144
0.9156636844590278
0.5482990525901801
0.8954518848818969
0.013482059615219644
0.6066187883641534
0.04247409843702821
0.52136393481087
0.06254921944157643
0.09495723423708702
0.2913176375323656
0.27719984204466486
0.6796639252708458
0.015972456393576362
0.25190765576593976
0.6886381170195803
0.11563467532436766
0.46434134879140154
0.2117487382526254
0.20570101925974082
0.838202258835905
0.05533985510820205
0.6479104045297256
0.3014294133910711
0.35712520496321476
0.19016031885372597
0.0312082908965855
0.6659832441586996
0.4530225992798288
0.7643963684536971
0.369417802961279
0.6178222527705376
0.1819429955329922
0.2748423915167765
0.7514559467500167
0.18718433986028338
0.1630683014897807
0.20824304418117145
0.9790682808643995
0.462103974539514
0.2350673878724674
0.283541022836432
0.1683525389837488
0.8166266504662746
0.8608435318811739
0.46731645441787195
0.38776579347812656
0.6595973645020675
0.42933486348271677
0.653896485575575
0.7448976961599476
0.17229619701209475
0.46861534713240116
0.7271706150580276
0.4854915593218836
0.6231923347453537
0.5172645604317654
0.888110254154666
0.19483786271808
0.7880742526520796
0.48729479981243773
0.34717690107206733
0.1562333482330588
0.26021903829807946
0.9878663573843511
0.06460245048124058
0.6316828833949122
0.17545352501892375
0.042536829054838576
0.43881496731904546
0.8317415961297789
0.14711638753110134
0.2530827909536957
0.10831530696157932
0.4229582015917648
0.6690901068935252
0.3191215771469249
0.07051584756557772
0.7700774275947485
0.3689636527155934
0.03629489532330288
0.82369910065321
0.02744320653680754
0.5748240777841902
0.8366634111832234
0.16473957912873205
0.18844080915585681
0.7521926947816125
0.481269238572959
0.13900252415096126
0.6948159676425344
0.48064224828967683
0.857344596151483
0.9417246065407784
0.01739699176736642
0.4599042353166537
0.5970822413729883
0.9024310354355676
0.3811538304760812
0.09712670799764389
0.13805481852245394
0.6482388721117155
0.15925260394194074
0.1912891440269917
0.45646923892318203
0.2172745601399546
0.33836090050923284
0.08380018300471226
0.35290326846890085
0.8697302173437652
0.5619454757488557
0.4917460325439207
0.5932218280461353
0.8278032986417225
0.41916405226550346
0.34154622457919104
0.852604919393841
0.2094510242784441
0.4145341244026688
0.21267789035376095
0.9677105885251078
0.21703324203826113
0.07500674577898736
0.0921380090807361
0.7759454825542733
0.712716763193014
0.7021687104842215
0.6720149361363856
0.5907833674266214
0.36316485689987044
0.9619041787170406
0.8480553107948348
0.35983039522493654
0.7596829506473726
0.04797190370492699
0.2254694684700389
0.5851498810926704
0.8273108584307755
0.17804328405668346
0.11749088356390869
0.9565420286728104
0.3845295232772773
0.28197855503490343
0.1887806894373797
0.8183347228359674
0.501547254773131
0.2891044398846203
0.8942907590386697
0.5276555810968313
0.8504191360723731
0.8784913331175058
0.5548565957929136
0.23092347509643807
0.6274680250870129
0.8580806813374138
0.22856339577400386
0.6154088570074027
0.08620653820923496
0.23926631455529668
0.7672886581220788
0.7954616402153274
0.3180124799055236
0.012435955959629319
0.6818934003934919
0.8308623589168792
0.5012509082627369
0.18679875447499117
0.08486798395068529
0.7870347126272855
0.39030798411898115
0.8402188471733131
0.047502384371937434
0.4118475807723161
0.47462657300180433
0.34153027964186367
0.07125358811831917
0.5377537478949715
0.5768708489159028
0.7074087800293821
0.4123376125162068
0.6622249306463365
0.4884015540518716
0.9720807351445645
0.33488493615546866
0.8047191185486294
0.5803906115035908
0.93639703184733
0.3977207260509259
0.24056319989535657
0.5927356438683731
0.04962780925300536
0.22765082771093081
0.5216760244360351
0.06318489507578984
0.06082250845388004
0.8744435434098381
0.7968063852381742
0.30787821112795033
0.8927890049586582
0.7787890440056369
0.283548918586912
0.9147086698003543
0.564726280510201
0.8148092918851917
0.6947063115087375
0.5823962922706654
0.8891161581986571
0.2126077397668249
0.08064177004536277
0.8511290207841515
0.27805058848541153
0.9754601637661455
0.631463488556141
0.38443926700582154
0.8480553372531202
0.8461446339824826
0.9320562463066854
0.5029467574982568
0.4782648429082108
0.43127116675577715
0.5856586139059594
0.16779560160928808
0.9549565211474973
0.16132241455815188
0.7974715263934942
0.16361188940714422
0.8071099203680502
0.4595133042689836
0.9131803721915439
0.17309839657163129
0.36154696480895554
0.5935169240910154
0.9574625593330378
0.5468159304775868
0.7456331966901346
0.9820679132292213
0.8791326682891489
0.7170461682754707
0.13275334675944261
0.23539346023093788
0.8802295732505668
0.5609401383530183
0.30201575841738526
0.22196158508115393
0.7836720062706399
0.17560906896041784
0.7596581415002059
0.7246575866604646
0.965289931931665
0.9420330199897877
0.4011045890149251
0.17775923126140436
0.04652252934284529
0.524045757503473
0.9513589796191745
0.09723712419418251
0.5724336959195553
0.5573673677455429
0.20915115322689448
0.9223043491104652
0.7680662176407022
0.8810155025111454
0.03914651473772823
0.5564648214450479
0.489341869009318
0.6132338262114784
0.9807552090860686
0.6553696927878546
0.05119869282075351
0.3433939142492426
0.22105686583730233
0.07384742299052627
0.7365823082198031
0.590727165563003
0.6099017973717676
0.18543638649608873
0.48256389463341975
0.3530153917835226
0.16139059606396167
0.46368744189703626
0.7131008280632704
0.9332952026501262
0.7061580073163127
0.7356939115930131
0.9311454096618359
0.5052809956713543
0.6539925258558035
0.44334493638393135
0.6381340139908579
0.4255583170657966
0.5458133221171826
0.9881880373044221
0.1465821918345469
0.7004443257741605
0.8214850662407376
0.3317723012032663
0.8590694088993749
0.17579775690226618
0.10441959381427002
0.9133775660189334
0.43752821063011527
0.8053769661179285
0.26079169081372067
0.6895919706610948
0.26774164375765463
0.071713646749195
0.9816450466730485
0.17164196517782493
0.015569757281131524
0.3510402915904164
0.9637879597433529
0.46830241562926067
0.9425413497092194
0.5076992632973434
0.9934188755812452
0.8368804186666885
0.5544041742532245
0.20447020184791898
0.22233956358018425
0.18616278048525337
0.40474316409296374
0.08819809191296601
0.48976839654284365
0.5850179817732707
0.06284269237482798
0.6802243164438314
0.1612985507622856
0.3751892473924374
0.43141116208676356
0.6016677461401593
0.10460392437422128
0.9784103970042556
0.18133784790302931
0.9757370174877242
0.7111953369026451
0.024774583106239034
0.25462077924956095
0.5049615342957909
0.4394074370055264
0.04551074164612667
0.06341732539115352
0.5852308463534389
0.9837029698564445
0.9076684432057603
0.390486622196352
0.487069122567956
0.691002790384322
0.41872736491817597
0.5170221314676766
0.4912564204697073
0.5272028891089773
0.3272486409908245
0.05366044704000528
0.30919851818262245
0.7289394826221454
0.598732573955256
0.4387473291565095
0.3424995705049958
0.250973996706801
0.12902410008086762
0.4560140404857227
0.014860307240967097
0.3681351838611724
0.8253038575095594
0.18549257239279426
0.575370016064799
0.6898692085084359
0.6349325507564512
0.05575538890848353
0.14772105685213444
0.9160236086824128
0.6342383055801838
0.3951824520934245
0.3123747987063129
0.6064922744645713
0.7650935138011904
0.024156457604908588
0.2131007535815974
0.8385706475321076
0.7919834295560382
0.8182176066636618
0.6951523058698916
0.840892883423082
0.7372633741857958
0.4538119861001645
0.07182622589135346
0.3695262703670906
0.89356522587745
0.9377626900845215
0.7858238561301669
0.7791744754652593
0.45900532315218145
0.8967255687106928
0.36167676344751964
0.7548394376807019
0.9569261292107605
0.8659946890064675
0.8289630346509432
0.2005835649497989
0.7092871071641479
0.6029119103448699
0.38098113858820926
0.5202093350785049
0.5852022599380405
0.026571397171256894
0.0814767833767458
0.8899032209003068
0.4416252429223543
0.7692115958317861
0.9077491021869409
0.9755802694282769
0.588468987104473
0.2724960212624513
0.10333723838201281
0.8833359337805886
0.3905731384444203
0.3964274226301391
0.8054213906755755
0.7006742581914852
0.7054573775574778
0.0838462771112114
0.5720579656469348
0.04048855417619579
0.3285025901267542
0.5948909814367279
0.14143943405760873
0.9424850445184542
3.616526875727111e-05
0.3678909150685894
0.5761952763617899
0.6327533629900228
0.012841246533392137
0.19701808350191075
0.2586908505104578
0.8406281120482625
0.7118455427106616
0.5818558340727827
0.12424096171824561
0.8407357028904111
0.967878253108046
0.30011976391390494
0.3996012120751965
0.22617046174908406
0.9320058938800588
0.25689969938363677
0.8643540412902793
0.6209984704343847
0.33652272378194537
0.6152208154534564
0.13030029310788194
0.9603207191351668
0.9069520270039614
0.26386479915665884
0.934600327980005
0.10866864963772105
0.17646351947980576
0.21799367399897684
0.34733648001940387
0.36056815685802646
0.296488896937817
0.08134879999024891
0.39433335936533265
0.8783022314489588
0.9016319185495922
0.636240560670756
0.0034424318828107925
0.7340780226705875
0.34816038104157265
0.5027165510432352
0.763261216525468
0.7898102439753707
0.42966692139495355
0.3015865162876059
0.30047064626370745
0.6278216917201276
0.9175648200184301
0.7775555659630979
0.4590553876610045
0.778159813208147
0.4215168205974097
0.2124788708080836
0.20140276336148955
0.5062730332008339
0.9401834174241267
0.841323069326026
0.6920856711572995
0.9748178905803302
0.48869022472540713
0.41755285619634996
0.7427222937560664
0.7928314516574654
0.08387551583056829
0.25638141338209597
0.1164707474543869
0.2978638142999137
0.7084705626047648
0.286406735522024
0.5577184516563004
0.6064282799976911
0.1637696640778995
0.19888195517889873
0.11152696026275066
0.8943774407911516
0.9257018032874894
0.8106075365468343
0.4141659389219098
0.4674484667695754
0.45769742457965445
0.4376756061654864
0.3192202820817246
0.7236769202076236
0.9903988707975518
0.9023007636100291
0.6405896129803619
0.923916049672464
0.08557807161719833
0.11589365212345093
0.17808683760475996
0.38846136204161585
0.018565727211382832
0.08767529018826081
0.31811030933400775
0.6603606551364735
0.9633977076340977
0.917715085125045
0.3518027777423429
0.0896316605702655
0.29552601949891233
0.41297955133271547
0.24851693172584255
0.04388485495657435
0.5922442975188413
0.5853238002397607
0.7138495415238199
0.19122938506743703
0.049157462192097046
0.4399166807432895
0.10467528066519072
0.7528488123416205
0.5474343155479324
0.31065452465747223
0.5168452207110862
0.6149534778221535
0.9107148425551576
0.8073501713038285
0.9118853520438924
0.03833028045112297
0.8399338216132447
0.18727956523552358
0.3567255110125387
0.8262339111065097
0.15873727697372064
0.09927295704228545
0.0011015028080705314
0.8809620091825945
0.23319805314103392
0.08109223298935142
0.6763734829444304
0.6770213820391302
0.357906819485337
0.2752517848605106
0.786672012964287
0.9494901089675545
0.8933108116892946
0.938966782797558
0.9242712506385191
0.6712048140871905
0.5723823820666982
0.6711512024564177
0.7958532003299639
0.7670073199134558
0.5319023015676567
0.18515643661860492
0.8804968885939343
0.652775087216771
0.12009439529398924
0.061726021366364736
0.6747801483431948
0.48026513035569185
0.8320302451459094
0.42744270822674013
0.8107110043651771
0.6589626554805237
0.7375667992642797
0.30183746090094365
0.8036838128443465
0.7111354225328906
0.11637923790715587
0.34214498609552946
0.6887658238018488
0.5198247395523651
0.007385817184973553
0.982207988662315
0.7131657888274634
0.8280384693049007
0.03912473708831876
0.15044156306855083
0.5248078470000638
0.26758141291482185
0.848386138205288
0.9802947045811261
0.31599762775921114
0.0007356731184998688
0.3630002533768467
0.2594716012706887
0.2697451141310294
0.25348482925178173
0.6073980566355544
0.43478323413834097
0.9742465149893541
0.9262431236050552
0.159378503720089
0.36042749106088623
0.869877838271813
0.05547683481115384
0.5049618138489474
0.9236556417741603
0.8860119700946377
0.11684905603661855
0.09497478445638607
0.7307935744504701
0.5033253150485113
0.6400511126587578
0.6650720283627255
0.7271449134194536
0.5471404747950104
0.45669735320221894
0.006656820686799403
0.9960146666481187
0.0015774214408935672
0.8056639271508713
0.20200657029444025
0.7549681366713928
0.210826217732501
0.28422639802501315
0.44397146410394883
0.5608115855227902
0.9428400195518277
0.3819768636975237
0.163024273267248
0.5462486541896725
0.7095071462115434
0.6888118693076279
0.4402782415005865
0.32771466799148874
0.6861175372168051
0.3650696513899486
0.3544488916480186
0.3112802724573558
0.778017676807065
0.9128399345814577
0.4487050861370723
0.022484577025830954
0.6093487146808723
0.42527226474450275
0.7076144722726191
0.6271854690806008
0.2580275145409122
0.4809220440295936
0.5870260636257444
0.583724259958398
0.12912954815526412
0.7474036311418594
0.9661556413887815
0.26791614221490634
0.920490978680506
0.1765642277785059
0.8065799260611332
0.8385968557951416
0.7663081278094198
0.5342241935564086
0.9561103562359701
0.7669999371220115
0.014052716639779916
0.15244835516233246
0.8993292225352466
0.3358668758512918
0.6054687645784128
0.0653777417263618
0.2619254933246916
0.8225015274623042
0.6270206575664994
0.12178762021321565
0.6997618640419602
0.5563652257082183
0.48975953112613657
0.7225615048362655
0.38387262397049815
0.15670318332792155
0.5796000094826336
0.9991018920601931
0.06586885050274272
0.0682795998465604
0.04720448710887626
0.7066183369009967
0.19697219072473315
0.48484775371912614
0.8026446307343081
0.7440811601903032
0.21069906554593054
0.956960794881341
0.9013123770711592
0.1791738691158241
0.8135448859820551
0.3450543548312077
0.7858566226456506
0.9327211366758752
0.4727425559903071
0.03171702701703083
0.5053205646384988
0.5320881441356214
0.3466427517420775
0.03842721132227922
0.18807224257925192
0.25968579268112824
0.6620703461612787
0.8998686559962396
0.018876848043794414
0.37643772915997176
0.9055924282987399
0.6741849814793665
0.13799101237402778
0.4734033894060957
0.818868921196184
0.27691173475899067
0.10706948459173149
0.49069269730974585
0.18043971142625426
0.8289640689969617
0.9768797645670474
0.1196378561936613
0.3623613291783595
0.8057189885983489
0.4101329307145356
0.8992896547963211
0.5082754094975706
0.21481339150104195
0.26194312077475657
0.18212467014600153
0.4505488553289476
0.821719329309339
0.8528972995385451
0.48424896906440806
0.8932307651120526
0.3850149689453527
0.8956969950465317
0.9978761449778116
0.37038113127435435
0.05916728892700329
0.2599785249308839
0.9508106321014902
0.9840453915323393
0.19442406803814305
0.08711471558142003
0.10816428369704623
0.11403427240721975
0.38365990960075824
0.8951341383668182
0.38754279075305254
0.19856625881174184
0.5132969355944887
0.508246418514902
0.764968252968358
0.28778176604541394
0.771423358273744
0.6373731374897808
0.7641261011422454
0.6353804693787628
0.7641631090232103
0.7664665944132886
0.05681588875106369
0.7319542105491151
0.5211120410002938
0.9687591041723365
0.1100463236436594
0.4304644436770967
0.4589290748358342
0.31657380922304157
0.9212229286083254
0.919946506757768
0.06091918120569295
0.7758192612395702
0.8121247796300001
0.9718473212985511
0.8962220137386232
0.9997336991053202
0.9015615814905128
0.45345896823237053
0.8345042438536464
0.2802862362041678
0.7842326566997625
0.23884199933873373
0.6186069787758471
0.5371531757426762
0.9959300356760385
0.9332084969593185
0.9259997326737621
0.9416691113033516
0.48027818068677497
0.19639027070157744
0.29785781318374793
0.2556935771220398
0.7687566068014946
0.06194463032749464
0.5561241769025191
0.3455473264742773
0.6269873998562585
0.860252881130717
0.49661218555407516
0.13837931801360337
0.9023152955638603
0.1702326572676106
0.6093159538382121
0.9979968587430739
0.6075947142256994
0.07391897127852132
0.7403879830880656
0.916851169164502
0.6267895854678789
0.9861197278081918
0.10620840424034939
0.938586528353016
0.4603202785129328
0.029277252933616826
0.5233711166817291
0.8948826594958311
0.7113993371518018
0.4086462250847096
0.23691248743982363
0.7242411428016186
0.13351681344991262
0.28206728970366446
0.2662090716868599
0.9975930602464593
0.5728383345461509
0.16204665968808585
0.8152279981841801
0.4785775409459929
0.05609956050128573
0.9501200655729255
0.1872385943232422
0.7980912133135034
0.43262930600044425
0.5081669962679162
0.8498977080389606
0.6999529908517858
0.7283282367296154
0.02793718851586935
0.22900616264618268
0.42535157997474105
0.15024078331106094
0.3871256379805387
0.968298891087685
0.5172586576612533
0.5948169070295434
0.6551507067675025
0.4180169826265825
0.16811822587345193
0.4086187908042813
0.0911790721394049
0.608321941847179
0.11786423017831038
0.3528567572302501
0.25576896025328866
0.8324361177912639
0.5476551164612051
0.7941240367383173
0.9956956223315384
0.9402590316101336
0.5210397070599546
0.08810610003506447
0.8984681198982998
0.6555282730234525
0.060285116991763976
0.9170706676509661
0.1721781381807117
0.204817086184375
0.5209235222591799
0.29162990008553114
0.17541841063758368
0.15374207960981234
0.9011396591657541
0.18863845952986724
0.3734110814005108
0.3603892182905075
0.028896167657748273
0.04995553387848162
0.8743959196951867
0.528314606939202
0.037594485277498646
0.794762196577486
0.831344282537863
0.8802877500813979
0.4522655148496427
0.1634383206942287
0.03058556219162989
0.08194947312672463
0.08430266568819977
0.012413427585119763
0.4824599762407038
0.8939468215942715
0.8775055553782822
0.45523105668768094
0.5732280382026129
0.37550220377424515
0.7284478838183913
0.4243195441419032
0.12811174117999857
0.9520658869788972
0.878608204323532
0.7073074943514981
0.050372776577868206
0.8537945006504735
0.03865388464986552
0.3247084079300461
0.4996518821367547
0.2514921546546771
0.6278771146769783
0.5913812180817347
0.7692629745248565
0.0046987881229884065
0.46731455488204077
0.08954881613469823
0.11035097673181093
0.017526969850836127
0.4865557418279881
0.9647110124441504
0.9909422636888471
0.692562297228138
0.6005091821877954
0.16213965624268545
0.704967190793252
0.2741695098453436
0.5791978478041644
0.9371799908475289
0.17908864786294787
0.5534517575656054
0.780178347219642
0.39607759531793874
0.7926681067651061
0.33104358787426924
0.807575372787399
0.10178620873807909
0.0336553038948475
0.6014380246940517
0.8103170713153138
0.44044935577298316
0.47311202163322563
0.36849587380159543
0.5364117064610219
0.6087118827640741
0.4052658456488334
0.4335167372816021
0.8667634051802114
0.36815297455064244
0.8708669779166296
0.6040564045003272
0.39250747154402743
0.02231379419297863
0.5229410860078262
0.8305772084873754
0.528534251702959
0.5001766781742397
0.9951349568520416
0.09659380073851065
0.3446108279268234
0.6994764041821325
0.4151513721050549
0.589238745797068
0.3349405430872655
0.2433057493735391
0.8042880187843661
0.2132860114102263
0.2232425395876263
0.2131145974435269
0.6783860829987176
0.020875552603669245
0.7539831809534911
0.34654676923925887
0.6895486221115484
0.3361281765899181
0.03751497853366059
0.36725606591625604
0.7665367857015755
0.014993077141991162
0.41512333715183203
0.16630840399263436
0.728986442069396
0.9040044325307384
0.8304288089156363
0.7315476280335235
0.19710925812099456
0.9093981580338535
0.4571803174406408
0.14737327559395585
0.09796385440107647
0.67143149257536
0.14767581819734865
0.469064522245356
0.4599644149985639
0.6297990736674961
0.29436074725465355
0.8362979676258303
0.9733728887734941
0.7855237279341746
0.39186082309945536
0.17991215025055662
0.5888228095599808
0.6034612852437057
0.7996913252686823
0.9892736007290175
0.610372461766521
0.6249085941797532
0.47284639688163776
0.5669993619728405
0.5567271216114882
0.725774303200109
0.8352427815615419
0.4943229452775719
0.4913951170819528
0.18837092193348648
0.13347868299556442
0.25516161025741546
0.28945425612203335
0.8000387523763708
0.8537252559294756
0.49287006092238406
0.49151607468021974
0.1786728564393233
0.4329120129464459
0.29121618304269625
0.6378384855986279
0.23308255078817708
0.9888784343631692
0.7048712948461325
0.6989823891009249
0.9985053423749298
0.02586292870301743
0.8615756267345984
0.6493909380366988
0.6863783123256489
0.9857881408077669
0.2832846819891428
0.2184241282506365
0.1820642317905935
0.6923303290468141
0.19600106610149381
0.7035186359521328
0.042282182134221746
0.5993640737778447
0.5517492470836882
0.7425744219159263
0.7871396740808294
0.4159644456430929
0.5260539049377624
0.5033429325949225
0.033327003225830154
0.39038298556085493
0.09264973233634388
0.5589061607310394
0.665271087085682
0.7687299460644
0.839750367839098
0.276761467394662
0.6336583172594664
0.8277420633927934
0.7323882083346772
0.7783196081690813
0.8448027420951558
0.5252615599864267
0.9242689902101252
0.4003913373190948
0.2140745928968485
0.38750407764272543
0.20533318233063935
0.9974833667321336
0.43761322419553317
0.6727742346225339
0.49993680740006874
0.648038476188976
0.30108877501357323
0.14519229906001996
0.999279347672686
0.8301002651028224
0.035264270890817295
0.16880446364762103
0.5109559767420366
0.07383057396339976
0.6264239207175125
0.9175267947572123
0.3340331554868936
0.8936255072085647
0.050631511401246665
0.9129032580310752
0.6187389822938856
0.030861903584841976
0.49964005457117855
0.12933862234817373
0.2086697587977795
0.4989188120578345
0.1608151530341212
0.6233721576263156
0.9089320566595074
0.01248225169927597
0.25604891768984783
0.7243798937812043
0.11896328483529406
0.8004526740274371
0.4772261655159695
0.28619953778742924
0.8614648921558501
0.1610118764240227
0.0008626834987983667
0.44907069399413746
0.5299661265220227
0.04260857277484942
0.0015891821701188302
0.7521656136726032
0.6103392886142963
0.17641729193423938
0.776683303483827
0.620373003371089
0.13221955879683212
0.2949480177776932
0.8459378663473495
0.9447115467713749
0.7355533929888013
0.832825335927204
0.667425013462776
0.9493646579376368
0.8846189710270652
0.3107955882565081
0.8351246107742061
0.426750681913184
0.17885664721984185
0.9403477475218254
0.993331870843294
0.695988797517031
0.7210798293839856
0.467551557191778
0.2685230847150959
0.2429563532859147
0.9249966342029549
0.09293165662480152
0.6256995026371927
0.9199610860574117
0.46597463752483237
0.6659200079133968
0.0025932517106747044
0.2603945070140853
0.9761869509761032
0.28847237754035826
0.8685719747621816
0.036145256623172806
0.29756546381936644
0.587350584050797
0.6473264307323631
0.9867553402029552
0.5507385393207113
0.28284159212872384
0.5266351829646039
0.20241426296673992
0.12950397353979493
0.251602692038549
0.07492168367589203
0.9262509870311594
0.3789803765175732
0.5484855596674736
0.004792243462852341
0.2697362350377701
0.05066087278203135
0.549728299786788
0.6422405605068191
0.31121709607600234
0.11254864355873428
0.7441626792551045
0.43944917650264326
0.2789572935370561
0.575462436235937
0.7441286063430413
0.7544917883733793
0.7246053860276619
0.08546770728981656
0.6578187053366905
0.9800364563090553
0.04047523257961594
0.5487183774879797
0.5850500686537703
0.4364219940127494
0.9418112256194889
0.5005161677070374
0.48447790327996765
0.17338347767065498
0.7592286759450964
0.9100236210103674
0.7692314876228075
0.10505602757725063
0.8098660248708276
0.5690827354547751
0.6022665370254476
0.8108348823762076
0.26060619078429514
0.11710307303478729
0.5146747771813653
0.30602152472179445
0.34140512525876743
0.6993968552815593
0.26111324590371543
0.24367078649266627
0.4103681521496343
0.207868921427094
0.946698674135676
0.1388565186684383
0.1909607894957538
0.9788607930726932
0.3042465525198099
0.6757390199362262
0.9307683053154889
0.8216976393584078
0.4584789064674202
0.43370495033861234
0.5141387683984472
0.9089134795986316
0.10293028547766003
0.2689721587588223
0.3567971500647402
0.9474024421908187
0.7906212219175448
0.20837693612612274
0.8264150625813056
0.08624931950690662
0.8834571114909988
0.5775929835667326
0.642870015870183
0.2309917992438456
0.11895435017562439
0.1982379407805458
0.1342008471160806
0.4149811848048548
0.4130082116807605
0.05442820632100198
0.9879961589113202
0.36970436233790926
0.39179017002675876
0.19896311750645834
0.3264360653414239
0.5558100696159183
0.7451220419870025
0.3216873928147279
0.56314288543437
0.6500934543338284
0.564965417655209
0.5857915397016579
0.47797164875394726
0.07039232583896826
0.27913297895102285
0.8267301767166224
0.3153537984492837
0.5184216984032302
0.8053013853673465
0.9856967450271683
0.5552046446634985
0.1720213961505559
0.32987500391561253
0.052779554636227854
0.9596101680882093
0.2128942895903997
0.07537818693544096
0.3697349205061823
0.9921525778910119
0.25666299103488166
0.4248006669315868
0.4028784523379628
0.10545070904665643
0.0014349791050699556
0.7776583183155654
0.9989344914297138
0.8186925978016871
0.598599261935569
0.0017479045756892964
0.1652399670148479
0.4516179513143366
0.2475070847690718
0.7173949961583095
0.9933877393477626
0.10309107528917372
0.17537528141679515
0.6963574523295678
0.4759057914481599
0.28339535955017237
0.6167235386132395
0.6716186671920514
0.01190795989431137
0.5816035292136744
0.6811028295394657
0.3174249018756534
0.2894974156126099
0.3796615726579683
0.3066881402837306
0.2650405751475018
0.8358354376023391
0.9175389599952947
0.1136137059127551
0.9180115441102219
0.7730560637833186
0.8505836865013805
0.2528523987321265
0.6883594152609495
0.0797357183243208
0.3917646793806524
0.20471359440138326
0.442463830827586
0.20329465133717084
0.19628524511293932
0.12195237484181132
0.6344036254749448
0.013199630085481862
0.4183284397592356
0.9631986872289298
0.3299206446992352
0.16878347777458313
0.2378937246338253
0.23864755052111575
0.7253460965351077
0.3018056839416381
0.5616251908523121
0.3464669416404921
0.9950521584311323
0.8339844663905642
0.8373175017221125
0.11127676750887272
0.23707148634282682
0.17876640665143695
0.9999592195085796
0.1721473865549581
0.7990978760185259
0.1557995123362328
0.0930034531328423
0.9820939722479402
0.544499033346821
0.7458652695990953
0.7339486918000293
0.3485797021478261
0.936095901646474
0.7829642251355083
0.24658277406370677
0.14645384637091807
0.4216938229777567
0.9531511463386343
0.9826071790331902
0.269309212940847
0.7368862834288473
0.4298992051384426
0.16041700900969968
0.7500561475804733
0.04203252221885434
0.10832209960906347
0.02269189094262236
0.9350265584691982
0.5218493896709291
0.8401527399137673
0.7081307361836702
0.9653871140338477
0.9810876850249549
0.21037099654087366
0.2677813178880053
0.7082857461869134
0.6578278015014524
0.2065821048945934
0.5750682350008627
0.005565076161086258
0.6686170114951188
0.5065641543378443
0.3494465480305501
0.8277501553843498
0.04639741231264616
0.6457982180697737
0.9599656611769556
0.014801461032033614
0.27855797798053195
0.8479695585264151
0.9546220515750062
0.5210602399901336
0.17397778694738109
0.5264472674041534
0.791237200483481
0.38458633065151937
0.04577076587073714
0.12205287037620938
0.7349978422798851
0.9518645413444121
0.19644449109355155
0.2912989737802508
0.996829594820603
0.7390613139951179
0.6417659629718102
0.9226375332051722
0.3660473276987849
0.7333258049992902
0.6836458602730159
0.6021935015016578
0.02287997916102469
0.8466670857490761
0.977288069765281
0.9479073229179479
0.6362282021889976
0.6526920834888306
0.7951984589931977
0.572723122864251
0.14678160798087603
0.5200042980436301
0.6057093439463254
0.7907937136596205
0.5576889336539034
0.44842659266622464
0.5733004419472054
0.40683140933970585
0.1494665082049521
0.9353679426568351
0.3890961288067014
0.3033804099711995
0.8772975715492833
0.18586785187413024
0.006688089832954991
0.19240510806893663
0.19523944839588658
0.49139421812033157
0.7410813328695367
0.7841811113014466
0.8014458815550844
0.5838568015543275
0.255349434447505
0.5670172078827541
0.4931550259708358
0.01983957690904148
0.7462758336732291
0.08959499866876897
0.7301152870464149
0.8155652213482765
0.8831272165948807
0.1668081166428902
0.5277078686550479
0.7225336698934983
0.7999380749955994
0.4520351340223968
0.3308320882371302
0.07095150760785085
0.014906200696324423
0.8510926094558486
0.46854926086157056
0.5913562423009289
0.4471418140142177
0.6510820645437293
0.4315499198464312
0.4642390633345793
0.49713558172394634
0.8751571106814403
0.41483788616127704
0.6153399255144841
0.527420088041469
0.9109683662038401
0.19061679194652204
0.21774743438578315
0.25232730922653823
0.6438497499348647
0.7289670237349049
0.39856559972966454
0.07488784260088355
0.34527250374677354
0.6539810501320387
0.20485983693951992
0.6186304775952075
0.28878748152910017
0.17987600943287663
0.16574332775615452
0.14199257886097771
0.3202758584711942
0.02912398657436166
0.5954621955528838
0.32144608032019983
0.7303499960387546
0.7071876511716951
0.07818982128268026
0.795553234362523
0.09277413200445628
0.814164105664038
0.17273312000561936
0.5387735671137154
0.7203736486237728
0.31979157848250095
0.903721524379653
0.8649913701129177
0.48920577994059344
0.5131989279823925
0.6412577552219775
0.5471695355958156
0.3991215277100395
0.9922829765866485
0.5870010400729438
0.27477476499631914
0.7594377499426154
0.8631951043976691
0.18913536570237122
0.18073934744409015
0.9721584540898766
0.35950603782836255
0.8769342109482892
0.5854012035435151
0.5788671013273815
0.2281099330405122
0.17023102059296313
0.5393701697145727
0.16629416519484896
0.8478200015999554
0.3005213912281558
0.5510535985778923
0.36079878179747904
0.893174073890617
0.5943846015502011
0.6961192873821191
0.41550426834265397
0.6397205771713181
0.5230571219042813
0.4428742933376314
0.7160802711035547
0.5437392191146116
0.6150841384201272
0.7471192675312063
0.9047495433575459
0.5800605627731305
0.15220817306057477
0.6997088050198254
0.8166823507917207
0.21109092716171218
0.05265957603352367
0.6797766694533458
0.20322375632206913
0.042638408250988635
0.8729990108743236
0.7944481691475075
0.3222156551250954
0.03329605577020622
0.0073659357985894625
0.7894599582954851
0.43052328822113495
0.06555819597815182
0.43946600993972906
0.7581345326576028
0.7140769937266261
0.11543487887114123
0.8032597482604943
0.49537317355201604
0.37244711471886494
0.9887943456539923
0.6855897180299458
0.7120569183132345
0.20859435189707998
0.6414002643444344
0.5715900403053632
0.05624354013152488
0.902680859725323
0.5239828331574403
0.8392173059960423
0.32286551963913923
0.7559803073171995
0.02194919824450714
0.02808141388550467
0.6782320694988847
0.28973251465615146
0.5311057796398017
0.3496985658915498
0.7730626756126058
0.472145685825075
0.9112344783970825
0.6865335920291058
0.7831832942568576
0.25440743185787196
0.9772602520158502
0.8093735281006321
0.9868928915844446
0.5246776984734102
0.9809959444008853
0.16950917997269566
0.2056318279474647
0.921395556558914
0.2563173227045199
0.5771887235816838
0.37709765974062015
0.9202380138980725
0.41295985017311987
0.04084127196817944
0.16674404471018534
0.29234724195971085
0.3916205637679445
0.539739550472804
0.5206777015399691
0.6299035019404975
0.5187488858537496
0.5130344274255293
0.701796220313166
0.4531652015999742
0.062241013179549
0.3263349834467332
0.6729240401020979
0.4071304023059178
0.05893396168518883
0.10975741313982001
0.4773651414505343
0.5425312040037332
0.7681112699694546
0.9315251795081048
0.5861724984433456
0.991218927315809
0.2016884291051405
0.30562064370142605
0.7286522558400009
0.8466949450942243
0.6149026019887123
0.40813456009535765
0.16210669006277878
0.7540649882722004
0.5358300678106062
0.6508608491838161
0.6592705544751926
0.9235688539611744
0.7654006374168695
0.7776713473841169
0.9604339438343246
0.19034296394467198
0.09187058718370478
0.17240073666411093
0.5479010048146569
0.2605060933362955
0.8326328841737145
0.01417507813518959
0.4038010477888542
0.05836481910427804
0.41710303139283955
0.06915096379890573
0.9327223423294109
0.44658975859528727
0.651865728577088
0.08176816832731981
0.7075182283994663
0.9290436574749441
0.28280716210959256
0.32011979671699575
0.6005104113539057
0.5697433913707654
0.18436853123655228
0.8730202419976221
0.0749313555959229
0.8763034413627632
0.7994611998321651
0.7205709416884061
0.8482137961085414
0.5503933963485921
0.7412990462406422
0.29506695721915455
0.7075129570274432
0.5424497176018701
0.5942065232857944
0.5605741629666018
0.5036377020649203
0.24510468207402292
0.8747091824000728
0.14674560663797487
0.6694805445861269
0.20319137706275792
0.6975350373200758
0.35473385143376024
0.14680494492960816
0.1452831488706342
0.20736033212469362
0.17770283482397142
0.9027499198923122
0.07210521942834958
0.46193826938666016
0.2583481767702108
0.2523096363608396
0.4852596787849236
0.012186967647515923
0.020020031802162608
0.9003444986791086
0.24464010977529915
0.9635614661120068
0.5103045040735101
0.05257801223700209
0.09463758151915935
0.8086014244693921
0.029684627311225897
0.10310583912916105
0.25449744255634665
0.9077493372937399
0.5261665111983026
0.631482307349072
0.8582888459744689
0.18774711500261687
0.9072781597104428
0.7447753979949889
0.8407765254848456
0.23663987386968044
0.007806021561675203
0.9570368286982801
0.1720737984609696
0.5345556305867291
0.2708010073605641
0.7774771844731833
0.42337488911964116
0.8374552692740195
0.5992699880634804
0.8871304114509905
0.3213264991706686
0.26773634165918636
0.23287598250748487
0.7065390191545019
0.8601837592473354
0.1967654218024636
0.5617615738975243
0.09692790274144014
0.16957595432314132
0.8170478932296228
0.556056381989993
0.5780955893229666
0.44314463010553606
0.03554795934722099
0.47974138483284434
0.6785296700780128
0.8781248147255943
0.9255977997414176
0.15185321623848091
0.4495617243083221
0.11044788888925317
0.5130526498607885
0.7277928988815253
0.29611183017015097
0.5669106537116605
0.20972796515487135
0.1279586459664137
0.9940332384331895
0.14622186702299156
0.817142249436609
0.5427410645907403
0.3875261249226982
0.8133890146572706
0.4963170066613779
0.6103795019881265
0.2303679537571337
0.9883875509692491
0.9665684435995515
0.5155885174614302
0.9167638886607061
0.17853850005600946
0.41539322806195145
0.818547324991119
0.18624058874199168
0.1883975726701146
0.9269174760240486
0.06823179536794166
0.6889208587303697
0.7925903802403208
0.2449137847165923
0.9855933506034086
0.188075628223215
0.460378395440191
0.04896727802931733
0.7029739573091939
0.09085373664103324
0.7809342944888955
0.9911296632000178
0.5860437321106036
0.46884684579145064
0.5760152098273961
0.3926857556080392
0.08387561795051257
0.37896855721912237
0.8253088220062726
0.617498540920648
0.27839119514440014
0.5959681020445601
0.7850581130783707
0.8123534010699153
0.4765303702276902
0.32253316008477606
0.5906373413688973
0.9232090921154665
0.48253432611434
0.8893744730130321
0.2853355181549835
0.5823270224166993
0.5658234216602128
0.561981261621476
0.0640271944121743
0.35516845752921844
0.42190039229638776
0.9704498236651783
0.9305935591838602
0.5334600353662157
0.40031944344550596
0.051451532213897644
0.6923111435706284
0.8270348381696383
0.4183966382107457
0.8356965700392223
0.8410127066011879
0.9424892676437004
0.47239752787034295
0.2078960648618825
0.4468543095646017
0.3368908897241055
0.9814857183910827
0.7907756633986981
0.6801041155658806
0.155799223760964
0.22066515814264165
0.48984453913503445
0.3504822360330949
0.6775977582204843
0.8203573188682709
0.6760342704521455
0.7042550777526727
0.4655867209749309
0.5634462864591687
0.051123930339491475
0.20497602073446208
0.3466059712257472
0.999516825224013
0.22874122578649048
0.46912484612350525
0.34262855024399386
0.21057054430932598
0.46354947100437016
0.1307876050639155
0.18122837253341606
0.04627926874821109
0.8274862210785724
0.956220616227305
0.00247376481288597
0.21457342790981748
0.19745349973920145
0.3545607172355374
0.9586603990411275
0.964357292383188
0.2650052617205212
0.4337647576276814
0.8547482436773626
0.9438831955462318
0.39166687059922856
0.09844740520418926
0.1782496548773731
0.11550962299794543
0.0030914802523508422
0.575840360353159
0.12362636654500547
0.5063136072555721
0.6692022913212363
0.9906016180599947
0.9909486634558828
0.8852745472199928
0.39268385959707
0.8090005877114014
0.3997751459477661
0.3719109288303839
0.06881165688600177
0.16376992107631005
0.1853592659684158
0.6444867352935023
0.4635829660233739
0.421830573003085
0.3372483467373095
0.03313533924052292
0.0897898028149865
0.20147254734227593
0.7650643258137536
0.10020943534283178
0.5348971363830703
0.8353831751655727
0.5248803687348208
0.3832192032335635
0.2168618842140716
0.692417079565617
0.7050143531892347
0.20364773064755493
0.5939199622025647
0.13851028821415257
0.2803725693048922
0.8592662504579198
0.8923787649321036
0.094293469951086
0.888353131756984
0.25675811775660207
0.19896652653922575
0.2842605146542594
0.4830830339119603
0.957638824804339
0.9543469656347282
0.08586831226927416
0.6127417303228541
0.4571536430932486
0.12165507159712008
0.9774056112002976
0.10856270218180775
0.7396451560534506
0.908654697512297
0.1169049156019637
0.4555770141129476
0.29472431080290074
0.9715319706642334
0.012918438380603026
0.009826290016132111
0.8782636422807472
0.5606678955115628
0.02372633612851416
0.23631279952968964
0.24490191396449879
0.405569592660906
0.5242908678629242
0.46088556068806186
0.9374217632170332
0.936168064475608
0.7129625162951451
0.9119621083415262
0.22177145304101853
0.051511519063960454
0.6769802264634691
0.3348633240664025
0.69843267845226
0.668272970777191
0.5317312942846215
0.98420170471964
0.333199627278952
0.0806221204352211
0.3693832877682999
0.7236078496388508
0.7553004779827904
0.4867774717934822
0.9100021264946943
0.7909667753815882
0.6406873001052887
0.3417519634876991
0.14186622388376358
0.5658341011338601
0.5718960134728999
0.3672048502235238
0.6775717413711368
0.6640496278556136
0.05633348029293528
0.4088520656283481
0.7710735034176062
0.5099589809098746
0.27631626236972295
0.20206474499310112
0.9354752876058056
0.2010437406958978
0.39181341318360186
0.737281582955358
0.43742614820765013
0.7124864921846763
0.734492021928249
0.5742064023257649
0.9395320173432804
0.037715838648585964
0.16689073677913302
0.8854725067880405
0.6957837538244642
0.048694726063004734
0.3484826708516545
0.27658857373903745
0.833196968338914
0.37679703180141355
0.6166176339598203
0.5289072193049531
0.4976963600911043
0.4992291473274726
0.2342305948752994
0.6745686874632183
0.27043350300945446
0.3016684306543512
0.4681234575557637
0.7688662878127489
0.8932820402196562
0.36748793487365605
0.7977012753168569
0.42738323388427546
0.48117858532828517
0.7919458904703851
0.8619406458512996
0.7819126447718887
0.20414639845654303
0.11897213419133768
0.8993796763076682
0.677911894722863
0.09301205394932355
0.14602340345581766
0.6676681514914027
0.8122989082770661
0.37309560086209825
0.5272210727913484
0.5096556377799216
0.901608575291824
0.8405585029373676
0.4598980408941681
0.4737114170472083
0.597319476283972
0.053541078500393136
0.5491778873303408
0.5763967095350189
0.5724957865470647
0.7018941785793641
0.3987064124078653
0.8022589817344465
0.11995867602842003
0.7127534311585964
0.21257794318220036
0.6878839920396015
0.9473644346891607
0.19140233908459325
0.08341989125543103
0.3939504619083577
0.8343928537990665
0.33748511656680924
0.6655596348927287
0.31059834218353677
0.9625875299783091
0.548301803082452
0.4489833472948418
0.6021370913416371
0.4509809414886716
0.2768685478915952
0.9608656463154364
0.25479467954165447
0.7889792257285515
0.8545537485895373
0.12219641268947135
0.09641042268317168
0.09612482038211656
0.4886909202846693
0.5943064599928888
0.9793302037535125
0.8097087746577556
0.6782456779846795
0.338277760880216
0.6991269501841716
0.9998114577652846
0.5373976948016331
0.9752875477465744
0.48356003206887743
0.44225723147262264
0.6407979235380171
0.9209241457552663
0.3325959827155426
0.970910910866626
0.16161828715663662
0.584102612063501
0.9425914224945314
0.11345955613297898
0.7775746297690275
0.6379613519536709
0.1770888712656281
0.49181648214557183
0.078070836503641
0.09301837371905297
0.9080581592168293
0.6635968723468433
0.8701369152967815
0.9580604698255071
0.6384909861980309
0.37077905707690073
0.27837466871529437
0.25383830130372553
0.5129871393584486
0.29016935931233867
0.7425050222631318
0.31002887577695537
0.4040136074888381
0.619001309577418
0.7511944732869662
0.2177389997332546
0.15831419211004116
0.9050344295377394
0.8021870299037351
0.5398101932477438
0.6810721345012828
0.8758672442590741
0.831346864241854
0.3845245875563138
0.3045024847507344
0.8924336894401331
0.8958971188870126
0.02038459849742369
0.7506447547123655
0.9651266549675075
0.7268484284860662
0.5474601948610157
0.6404826184223998
0.12580065942405483
0.5918419423772483
0.18116012846631946
0.20381451786850335
0.07946355418449069
0.549737109373812
0.08595316814606846
0.09951971408397686
0.09679462681535311
0.5155515919847566
0.9476316788441886
0.05800840160261456
0.3138674836571196
0.8095681924929898
0.11193273607285026
0.9262365918813403
0.6559726598761452
0.31520085483662086
0.8953051483897311
0.5402148361381919
0.7920734413731867
0.2306842672201117
0.888308974961098
0.27618018250332754
0.34801154658831535
0.23659279320570692
0.7320599720242051
0.5327154313151371
0.9486551180484851
0.4995795519627739
0.821657300530926
0.1370051181554376
0.5194548299562427
0.6260964713480917
0.5097434954429442
0.5868456956903305
0.6104157691773461
0.8990399710762693
0.19265740597580583
0.41975089540901567
0.2720597796639783
0.7600809786119964
0.7088608280477218
0.20059376626258207
0.5546383539329104
0.6161895286711662
0.6137203019103522
0.11374223171198505
0.43869091162306073
0.2421627571523366
0.9976091069266672
0.0011798467523115308
0.009030935375950788
0.49964758986758673
0.09105117654621064
0.2897974161317388
0.5919087163029612
0.052511216165396
0.4289210073594565
0.645320233419571
0.27626222439279113
0.7477951830852921
0.7430489350588231
0.21213946422360952
0.29876715154775046
0.40464583392263764
0.3448910239220101
0.02725746550324515
0.4768260941730281
0.925855868551167
0.5571355435383136
0.41799582767612964
0.0016899161567516252
0.36810727833952606
0.5228006605862817
0.8856969604564584
0.40016993631556264
0.8305655274793388
0.8425419179867916
0.38890170247625955
0.05385739365755682
0.9846813595296002
0.7812099966749065
0.0743122145307914
0.2549122170829188
0.6661164720958647
0.7209754302884219
0.9388196685544616
0.9640723154317693
0.0971639270542054
0.03059946792067325
0.5672112656170497
0.8440086538313499
0.2532245582259153
0.30010736117063075
0.7076135690899001
0.257591514037225
0.12905026340823922
0.20448186901561705
0.5923718593803772
0.4807477550355088
0.9753478211317431
0.2137390431546603
0.24402078041407071
0.3625164566144191
0.07529103707111295
0.5450938110675825
0.806497745009035
0.28487818787479247
0.20772436292143104
0.616186148932395
0.6266695766858893
0.43418204099503666
0.29969890095090546
0.8390952365333191
0.831766747598518
0.41001316763531015
0.4083488638948044
0.4435725742111868
0.015620126522432387
0.835971955470925
0.6115365722949176
0.21562133201922073
0.4522983073721859
0.2557527028832136
0.694521678989622
0.2899488963193837
0.11990399226626103
0.24749924785809818
0.6291200027384612
0.09499263377663192
0.31506045304807995
0.06020888427322779
0.3194872311156177
0.7972357203354685
0.7531883231852625
0.18304899109639083
0.40768052662948895
0.16295029997459087
0.2098269259917005
0.36422626517542156
0.2433159271428068
0.4512454644083208
0.38043096862199355
0.28606092416019646
0.970235284338082
0.14452099748361158
0.26269668810890523
0.619912165631736
0.2515229988094305
0.20688638279875293
0.647401683307478
0.46711234428720994
0.29310014686623587
0.8102740245155955
0.5282179435811971
0.8267604415817759
0.021044210013934195
0.6825934956762971
0.07653885185132758
0.5596297068335078
0.2625152580089968
0.6050704344148591
0.6684160639183152
0.6385338705647353
0.5100492154449514
0.7106441135640446
0.6943680635265573
0.250367975761265
0.2815503031855974
0.47567268602338386
0.1883342238137733
0.07530532343906249
0.3421520980483306
0.2562569940948741
0.43933212302468494
0.5614886665345625
0.697734247140277
0.7447588260440224
0.7294680649180426
0.9195317452257367
0.2217323777444865
0.5654793381968227
0.5530130290838777
0.6782683864019271
0.8625998715784169
0.6988886630782409
0.6447505378861128
0.9462916538502957
0.7168075691172632
0.3405960160141951
0.46868415184227474
0.6493464721834848
0.04686729099267695
0.42755404173307043
0.16010637378377734
0.8944171503968585
0.6605201161025506
0.12054221424881384
0.8418002505497625
0.7574070357200974
0.5116916455907004
0.41806987689673014
0.5267264987570157
0.2160081341445904
0.6256447616380704
0.24807931009862616
0.1943757767114037
0.10172479480119223
0.7775513226557379
0.048532246495892495
0.07273416045547654
0.897670839818883
0.9382973145351895
0.3789126512611376
0.2618377424311106
0.7192858938639833
0.20823935845084318
0.9726853719207744
0.914386514809983
0.7674233599770391
0.7111562381182434
0.3786393096670596
0.6505016827156448
0.5686900635632042
0.5553081818219332
0.32706192777790144
0.06451925602313291
0.7303655054892185
0.865129256906082
0.988210739900276
0.5785382439685525
0.9228496443150392
0.7910570048402296
0.6260590095761918
0.4100350274122525
0.7980299547988523
0.39820436024346006
0.2704318119610385
0.20185912133348127
0.47509624061436284
0.4906802455215843
0.19625843782331753
0.53932659059286
0.581060394278116
0.962609005763743
0.6390355099117841
0.765161969850427
0.6813844728834765
0.721660301661867
0.6583903807832325
0.7196488292369772
0.8954378594797424
0.994827459263676
0.36076306109352807
0.6214262185054
0.9863211066850653
0.6562446625130559
0.6894418017258267
0.7373932878216223
0.7609180844641241
0.7682527539404888
0.6440692978918328
0.2992767503263638
0.061614106982882166
0.30060772357485244
0.8669545713731547
0.5488933328217939
0.08492216125927288
0.09253707312180837
0.2739169796371117
0.7973305522342382
0.12575626873956613
0.7890768327708716
0.7061128521641413
0.6500327116038189
0.7280911862894476
0.9018258394667202
0.927966681240526
0.33591597083400104
0.8723131432199045
0.5978028294804099
0.7792612741694518
0.13728481744378906
0.8535875321417103
0.39479677553699066
0.9681564582049924
0.6432764336500945
0.4942095872446106
0.17677187828511975
0.3660332911591986
0.48898607622781065
0.5517878102167326
0.8453214526796957
0.3260469831398799
0.8300061364104261
0.7135124122277977
0.7686670030843832
0.06380767047382196
0.10384466873567177
0.21934848087683834
0.8167259945393608
0.6959666438611927
0.6991217737444271
0.7948442561955887
0.8616355528485744
0.45444519534185435
0.4784444770191493
0.8094645250879576
0.403780892247257
0.8833431014570218
0.829297024399574
0.24911276430150187
0.7175877100636118
0.5154305634727534
0.011916481051825745
0.18916920082995903
0.663351493307102
0.2996739115219762
0.4677282162656885
0.40136458071454695
0.42755618588161004
0.9301642847728055
0.24334090472447556
0.6254056814846932
0.43604375086415503
0.2156575645837242
0.4524082381490224
0.8362090111914785
0.7452153421203652
0.2993072740944931
0.5556721873983944
0.800170153117601
0.9339770691314512
0.7892823548980299
0.33226981072144124
0.8056537865219568
0.5007959409559188
0.42774483266855057
0.6988828165250706
0.03365714129713093
0.1771637095975651
0.6214485613859033
0.14427790840407406
0.8664538056444726
0.26075609229079133
0.7029608559060534
0.39385583926041945
0.9222830411567605
0.3182835850010245
0.6561739664095256
0.06145844466834993
0.9468600545870582
0.6797859180978971
0.8953549973573357
0.3197780317599218
0.7644682255086857
0.6082667842933676
0.19300129214331185
0.9183203443413372
0.9715042380470268
0.8177354515687029
0.027738671711317497
0.9117946146013585
0.5144739739998825
0.6784471178909028
0.9857677830570531
0.27560164973279466
0.18303633805662378
0.7155887414856567
0.08799265952267543
0.4899607325030412
0.15131788285045011
0.7018467844374919
0.08543918323732869
0.37782750181018576
0.5373049920158341
0.9278636052695841
0.3597147820336901
0.012217567687832331
0.761188721614654
0.5722816247673942
0.02855040856198554
0.8316502586429085
0.7678045870121742
0.8640428788074135
0.9016784526874378
0.6137151821317531
0.6489580253740238
0.5647406162337105
0.5030712512350508
0.4393141458899483
0.24121274725427533
0.5864737859273111
0.7186080344134314
0.9163748438096899
0.38429937878291853
0.4815655000644814
0.8579781753768653
0.5149666002347538
0.9265011807098973
0.030493093636490998
0.25363871130079463
0.6192279187978039
0.1082773259877412
0.5143835784197874
0.07058209261244963
0.7956084830106286
0.47807255181890496
0.8055719953903211
0.5554625162714971
0.14530068110055339
0.8864992744698799
0.01903059395414164
0.9159620144069214
0.9609069240587763
0.9399502448367518
0.7619548871110727
0.4975635360261268
0.2579946367196967
0.18612765561613898
0.4342130540944099
0.4564329850818697
0.20092622962648343
0.05008430325007418
0.5999289652006006
0.43134542550646493
0.0763349663249625
0.7400250806958018
0.41314622203508755
0.6555492703012223
0.16954688273898644
0.4303620437734006
0.6167700469393227
0.48900581868669524
0.47211512024395696
0.8591463678624031
0.6283153205804783
0.4925432740270247
0.043679156290548526
0.008462305063869247
0.4202960006748431
0.5088924837998966
0.4440653588560892
0.9011254414808578
0.4938183485726294
0.6256493831177207
0.7341520378366616
0.11985827498064583
0.6925823049075892
0.8249136555187357
0.20377986459784403
0.9548429153391279
0.13695396403935844
0.63933805079682
0.539441962392085
0.6255873635002787
0.13226859862792217
0.7806059073252126
0.536518446963578
0.44318167137616493
0.4467724163335113
0.7723248515806597
0.013431370822891475
0.7793279729899932
0.9130299265033274
0.3645884558815048
0.5649199528016012
0.929460669698815
0.04633643059900794
0.3782856937524065
0.4343375486983554
0.3165407167278049
0.27966134613242977
0.8545167655704755
0.08477536423021803
0.8185464906225105
0.7303320224016272
0.3623786630876651
0.7402503235832533
0.030547417841327973
0.4306846659653354
0.3276865973359204
0.6310776054610882
0.13374554505861824
0.3497820285727359
0.37930303724724956
0.2066403337936108
0.04312878811855314
0.4482902595455498
0.7983805586257574
0.3254571176325133
0.9788812118219766
0.9851914208738446
0.6947987952197864
0.7270625860577179
0.08491031587392328
0.4485315986868408
0.11623240992522554
0.732776789864511
0.9122222412815425
0.5429766495271732
0.31665169031469886
0.1901969267092679
0.4614554423345887
0.9344845312754656
0.9617303025757932
0.30551963017308925
0.21597079122601504
0.7328066253418054
0.4383350483668732
0.5683569878028878
0.7929571365276827
0.9214946317048361
0.9712889833773479
0.19655118805440097
0.8437463899088972
0.5854335369594926
0.9594149153673998
0.7564316517229459
0.9226396895381588
0.06646900006965184
0.1460679065586975
0.7120346975941425
0.5316602895066468
0.9267561741955752
0.48585120446417407
0.4426992886272366
0.3927117762796385
0.732251679774616
0.201667761005211
0.11588242493107626
0.28344913918666537
0.9300800009124338
0.7366679909959194
0.07051623068558588
0.05963572203853407
0.9764351087929544
0.7357043797723835
0.16118611782905867
0.5745542132455841
0.10124441981325016
0.9017647385659266
0.4873155832310585
0.531677992190378
0.5896520395114996
0.45707849249229304
0.12950131810891963
0.06794190436774916
0.3873857656490435
0.15990637254852946
0.2815076356033981
0.08230369373688762
0.0030620075280703984
0.8371889144828333
0.8571399562413681
0.6247912687376403
0.9849567715391453
0.8487795629220257
0.7474663587121695
0.1745396253169892
0.3213852051408348
0.30026218667142823
0.44500191934782096
0.5729214073253068
0.0230034737835193
0.9395728996359722
0.8471051433055359
0.30524232014084185
0.528351812724458
0.35489347653981285
0.7575003911402486
0.5716675142513312
0.9671903242762633
0.6703338357514077
0.33566294928207485
0.0618137998858761
0.6611720276569782
0.8275004639037284
0.3316145380348562
0.5728396273002204
0.6670534583698012
0.6483634170950284
0.5807381471374037
0.12786629398425498
0.5100105378325598
0.6477159916977231
0.6910990117940724
0.7710349436328785
0.4335036379120152
0.14856061827706546
0.5733922307734142
0.8646217730967292
0.9414812135219746
0.6066493024539307
0.5105637015122629
0.015953971285859292
0.6646945704620886
0.8149663480599014
0.07646654194847435
0.643631644496025
0.6504207270761048
0.17750510528799657
0.6221730323089425
0.98852215131948
0.6168863038018637
0.03366821570434442
0.7943502149286203
0.998303686355826
0.935294577881703
0.6828220815433749
0.4007955288403162
0.9996127195478336
0.8214696926803178
0.4557497919235626
0.3707673305611161
0.511898555167542
0.0760950022807847
0.050834739322007216
0.7120964032344765
0.37430471182450087
0.3469438846363029
0.02293483421709286
0.2783221789754181
0.20280941164313948
0.6845055393737586
0.6214506588214248
0.5228488770802256
0.4601390782387218
0.7982571463508312
0.4065956986805561
0.8604944718245724
0.7297842335959552
0.13670971522824493
0.9059348424166654
0.5403975936826951
0.3352723816242241
0.15885278547969428
0.3688283856260448
0.7526421375261755
0.3608956344639027
0.09093980427132031
0.570540660326766
0.561493881278808
0.04267338563598577
0.746959557271811
0.7039823122652601
0.1102043121607249
0.7404287207587708
0.8407083463067446
0.11421787868875466
0.15019073155186313
0.2786560181758795
0.6674366297055186
0.04525764534390497
0.7356974498546646
0.30123364835083866
0.8779865023332026
0.5974221494950624
0.5338453874921508
0.6301403816282856
0.891198042988645
0.007493248657722162
0.8580978703454862
0.3417555867048978
0.6624397006498008
0.2892569522128827
0.19646945857005216
0.7396254272180856
0.30305536147906975
0.5219467085353885
0.1451539201947395
0.9655551397537173
0.32801500848372056
0.25796514043031804
0.7270699035674256
0.09125806059006436
0.2099565302525459
0.6811550686810811
0.8709846590223443
0.9447837128456348
0.06880467728569784
0.102054113148355
0.06192973683141112
0.9482115509029538
0.7516968046303135
0.6223395170701713
0.08022897877522317
0.6553958899818155
0.9506735056793794
0.872135657715484
0.810491481918694
0.63326703392826
0.29433629414010776
0.45314240144427653
0.16837998692786127
0.19558679202179774
0.6592333943557356
0.8448860768399489
0.6137371484354547
0.14248243824783313
0.5024248198229804
0.6151186300090704
0.6283766671254467
0.49876423249567436
0.9264132584218948
0.29213820180417105
0.7727142379930787
0.9723867854072936
0.9361796637026513
0.48493301094295116
0.6281214966924566
