32 4 3
0
8
11
26
31
1
2
4
13
31
2
5
13
17
23
3
5
20
21
27
4
6
13
19
24
5
7
16
19
21
6
8
21
23
31
7
8
10
22
24
8
16
18
19
28
3
9
14
28
29
10
17
18
21
26
0
1
10
11
20
2
9
12
17
26
10
12
13
17
20
9
14
27
28
29
8
11
15
19
21
12
15
16
23
24
1
17
21
23
25
5
8
18
25
29
0
12
19
22
25
3
8
13
15
20
2
16
21
22
23
6
7
19
22
27
4
7
22
23
28
0
5
20
22
24
0
1
22
25
26
21
22
26
27
29
11
20
22
27
29
4
17
19
22
28
1
17
20
29
31
8
11
25
27
30
9
13
16
22
31
0.37345707154769137
0.38468643469045705
0.768826441707576
0.15603769331215245
0.6714200709000181
0.8627433255227449
0.27289289296582764
0.29133925772075986
0.18590432964880632
0.8955414495773097
0.46444986974970237
0.9256830547954026
0.1306854098204966
0.4283148965600203
0.9554657832761948
0.03184667145746223
0.9161741995408502
0.9387461700563373
0.8383267331904478
0.4772924891808795
0.44560770628615565
0.19131377707602437
0.9108838224154352
0.17243067927228795
0.37511583071753485
0.06728837851722713
0.5539340095754344
0.1830728490580502
0.9714747408281401
0.7621196482084417
0.12931339154877552
0.8194577789450918
0.8791571659859752
0.3947609132806861
0.24122035946552978
0.7717199096497155
0.824638721150547
0.6366188373523646
0.4253479067661451
0.03409940114579768
0.69622930502496
0.7490608276833521
0.33280806055391443
0.771091910769142
0.7925103382060572
0.2660125510901791
0.9098588288336862
0.9236249051327332
0.4986480742263576
0.5727254150689184
0.6919958828840403
0.30978239284436637
0.6756291976104151
0.9762696040153702
0.3561284641191387
0.16298630728237684
0.20408292779168113
0.9259492835770193
0.9866942747861324
0.9345038958595603
0.5209439487343488
0.9976623769436161
0.7453582601182783
0.3578735033460284
0.28108454982604814
0.017161738616690903
0.7236136829371697
0.0802298540505414
0.5937653341690354
0.8954164447787645
0.6711859329809655
0.4613519817599393
0.8171390562431504
0.38311339477050244
0.6251816473303461
0.880742497548648
0.8794037202773509
0.6229738887496872
0.6504917642649499
0.8526061698632379
0.35370075816278224
0.5070895808891356
0.7842033060972975
0.1426510589420933
0.962332236426817
0.12547300856904087
0.25507139226270636
0.033255899579508585
0.15621212681399932
0.9067523261668025
0.8438514633002849
0.3847149234574242
0.26713225643808525
0.6931887982014832
0.45012877078110025
0.8565995956179141
0.808520370648853
0.4562572048079029
0.21961876328975571
0.5891959644247221
0.1872543417344099
0.23127036859287264
0.0493288597018533
0.0694778345805458
0.32237205781591416
0.8257948722184207
0.20148545162622145
0.28813800818728297
0.0292008169565261
0.3558785343666405
0.5781596437580299
0.9614210956269562
0.4734901678179573
0.7067071902481067
0.8616573696994207
0.4903112715703264
0.944136922407868
0.3730759557089066
0.41539403481398707
0.7819187634049509
0.8523173269960608
0.09944418157285029
0.4497487827047971
0.9326130014266015
0.10219158356966984
0.4007331098307324
0.9982219667947327
0.9875207457192088
0.09391142340394232
0.9969308113490181
0.9247835013668669
0.28998064121602096
0.39305487830223973
0.9331741756439709
0.5066556259392774
0.6090525663852323
0.9404180917434846
0.5851029131843472
0.2537136598776284
0.14962850485032875
0.6732460591599576
0.6750702880490635
0.29085213548251654
0.15361950162181182
0.37507313825387134
0.33238868831027735
0.5505218261109767
0.6569987651263057
0.8330915309691657
0.9373395081976785
0.25153061531815923
0.2773362674542811
0.2866627410271133
0.992303700325608
0.354711912594295
0.4943720383915985
0.46856044217977555
0.6383653520311376
0.7582554087805335
0.4605905184479836
0.3469070055083334
0.7558878386502614
0.03458001194866467
0.17385311324963526
0.5669604813495129
0.18288686915948316
0.3429016503372755
0.806170305649342
0.08753260966914556
0.599441354432378
0.7781119663899998
0.8322857137254104
0.5768343013208072
0.7918900957561267
0.6444092664117043
0.21995343537682155
0.8622554350822021
0.576906246713018
0.21023082548946448
0.46388557886064397
0.20524758515197095
0.825301193767554
0.8633185945694937
0.8114444461739727
0.9863144798352496
0.41434008172866366
0.2628165673982036
0.13736454630838468
0.9381086133760872
0.713878633108604
0.46407081266792716
0.32909512459104273
0.13875264425133615
0.868029155611738
0.46741684874632017
0.30240924948224757
0.7048962230993803
0.5084283636134981
0.568463971631
0.397643441236298
0.8308809961615737
0.21522082109246332
0.007630103061264992
0.5688753594906095
0.6463924208441165
0.405501147578183
0.5499897638689353
0.35561805923101764
0.5616599594983964
0.5411584224872437
0.6761619375459269
0.4689088712473093
0.06120147120790109
0.9828280576068014
0.4383855818110589
0.09700153055293559
0.45172252811617297
0.6150711468222536
0.501478598541325
0.5457741598342952
0.050690876525733675
0.9847226955452335
0.16325438876081533
0.486481202774266
0.09406721247825134
0.47798269060207543
0.13726768608246054
0.199149801657316
0.21648091438590245
0.516797211234138
0.6369641148301091
0.03715299523499749
0.4283432338958346
0.2542140409887418
0.8456754214343394
0.6016872260819827
0.3769667877425853
0.05288268612590341
0.23156508148266686
0.7362300939745611
0.938794535954803
0.6531334717610059
0.07133177060831941
0.28617538972678214
0.8668564701398188
0.6777393822880631
0.8304681982952731
0.25339099685255706
0.42145525804151174
0.0670929298381231
0.26359115266201283
0.3483301142688111
0.23864532713129705
0.8331332290888801
0.3383503815569079
0.893352184009383
0.13969158428143047
0.23223267275919757
0.6855351933850159
0.1377074470817079
0.18748938727176534
0.3034308343853298
0.7366711308260034
0.9706418807648224
0.6722506043436481
0.42589777226672776
0.7951100290087896
0.27350038371768937
0.9655080062242327
0.721261801257616
0.9158659274181782
0.11352594561466223
0.811189426204248
0.8178514812499376
0.024477704654720434
0.9154258641338612
0.6674367939381928
0.21130172217130105
0.563452806435259
0.8154877048902788
0.6347142144734239
0.6190687673358092
0.7508133387481292
0.7268278062384504
0.5401805098184932
0.6549091550928555
0.40462246354077414
0.8017850054686304
0.5818254002288192
0.36738398848909704
0.5815512510338186
0.14503840413561186
0.2134181995147736
0.6779782852345947
0.8810165031743542
0.7776672235120821
0.06561709759788725
0.46161931467634587
0.33989046752435137
0.38303167531749327
0.06809226124982604
0.1474772827406532
0.8156879061626008
0.18078301334275793
0.02130388318466192
0.9429606801297831
0.3431242938857749
0.865701644514951
0.733048890854509
0.7002146684743332
0.2978297878260405
0.1326587549566728
0.007065589942662376
0.6434598745728008
0.9403282686113049
0.16845006619543867
0.23476735030268892
0.5432764767211257
0.5423724250764663
0.6051749610922962
0.04864100403483074
0.2468150959383062
0.6972857396919345
0.535361236393423
0.41264968952841863
0.7736866146307799
0.24096483019251613
0.8629464862425315
0.9388392144896365
0.54760970315919
0.6446062839719369
0.4920536703996623
0.4907336294629041
0.04672283032760394
0.7614516133319396
0.021759152771155144
0.9026971392575245
0.5969562218939194
0.7469615281777353
0.5874074093026398
0.11626780973864703
0.21032300937228787
0.6723550423909267
0.9690344197221787
0.5952720837408018
0.003913418714424632
0.06098130105780952
0.8475129334368108
0.0681064718707477
0.8940012543869866
0.1410373782285851
0.9072313015756075
0.6046125812487733
0.9286754812209378
0.4962664424072636
0.07957605011958269
0.23545885563326574
0.7405847294042969
0.1488037404970085
0.7332084215578073
0.8522929955825388
0.07376017850026817
0.9318386211095313
0.09321544907142765
0.7982143323777775
0.19797900919505196
0.06238169056752596
0.6587891192529031
0.6653220155242281
0.7655417960982884
0.06150328768821722
0.5604553593634123
0.053655619874584226
0.36259489194313954
0.2544744610815278
0.9531963504713005
0.08197813729783321
0.49383216085883286
0.5305772105551037
0.5565114603030185
0.8025521215275802
0.03470364700259443
0.20157988960670803
0.6656291243948177
0.4918616296391026
0.9752695447064499
0.5443497611248297
0.8322180138906635
0.5183164414466492
0.6351432600962454
0.31294203559310574
0.5978845340563508
0.1578205533428121
0.919720643444221
0.21338498626233315
0.14987551089578455
0.7667295285942574
0.23499947902141105
0.7201982175685937
0.7019251581216787
0.2440722361338037
0.38987124861844435
0.64380697720201
0.6607935517862112
0.5447744893832343
0.7025776068750026
0.25114505381996755
0.5297651941808222
0.7017539718105492
0.5698838157029279
0.24854972667909092
0.9842647148635254
0.7304637995300141
0.68188164600726
0.1737895066079823
0.5312077442220127
0.5948725251849123
0.9048352148013109
0.20127403474156713
0.9336122196199512
0.49358968082697363
0.03831501983614083
0.9212742184105644
0.24910766737453782
0.5728093300436109
0.9985351018617462
0.11534069529851432
0.14978398904917234
0.39101678296975295
0.6327472736526428
0.7810243952193976
0.13826217903781046
0.25876497661485987
0.6055231460194951
0.038875521021503046
0.9224647775950924
0.9342133533697532
0.1751394270776081
0.2049503582825969
0.4390524810567802
0.7912257308943434
0.5275799186644099
0.701839306488503
0.5838115180924238
0.6388315378178665
0.5228450639326363
0.2668749337581606
0.2037355808161383
0.7744114840674737
0.7689913162965698
0.9271496071259991
0.7001476264901072
0.9022142855135907
0.0450956794416858
0.1229158463684129
0.01319066019879822
0.5047866938333962
0.41110564567319274
0.9709827382799899
0.317754478912461
0.8078960030839963
0.9065554320332743
0.9106061839660755
0.8897596734225338
0.32434741244999077
0.07667862059216535
0.631297006809954
0.002153273701359093
0.4645202380919291
0.9196289873014407
0.7778757947379645
0.8092689048262222
0.2067682880136016
0.71136137327229
0.029016614568039056
0.43490039012468606
0.4366601095802706
0.8078436584508867
0.3306148303888182
0.18904330463619023
0.4261756438488965
0.8248976904982033
0.1160172893221969
0.20271133906327077
0.16739638648783206
0.7778892364480646
0.08337759011135526
0.26398095945563615
0.33099323551225424
0.42115800629966627
0.726708578928783
0.29704895479932714
0.4875142262688599
0.6239545966069464
0.6195931206844066
0.008519546480575957
0.9796334961826162
0.41300865393436037
0.21465070270863285
0.47505227490593915
0.42212721501464123
0.24016654336697485
0.16145227281436403
0.5896219828309132
0.13814386003960233
0.610831657348059
0.4125736335362319
0.8836580840696849
0.005199778593332538
0.3736932078517753
0.04540121703341127
0.6913074372384761
0.3855829218677308
0.4024515136593283
0.7050400845005136
0.2250664005760431
0.2962405455065341
0.81763357758062
0.7003420526129623
0.9056437524901275
0.4187772871767649
0.43594681559940496
0.0228392613014452
0.7948675247774436
0.7871613622314046
0.7870653458105691
0.5554816087313057
0.33618446027788185
0.41528177396488175
0.9523749650723201
0.5984846821162164
0.9126524014699363
0.4641063524826069
0.722110010543985
0.4684539385109142
0.3340765809991407
0.7707398656892073
0.23049401441697848
0.013293598408670837
0.977659870924088
0.4537019627011646
0.8155205770567124
0.8723004019702956
0.20868279688860825
0.9820517058489321
0.43983518386924136
0.20102679148071012
0.8731881802396665
0.036483151133948954
0.6935926451561724
0.5319111998699287
0.6087019988920699
0.9835475723383021
0.05646099876706756
0.32092600448503095
0.43638060358130515
0.8618563731808648
0.09511467441204025
0.4373801185355721
0.40219391021892015
0.7974711228741026
0.3851118827510097
0.6518466676865208
0.805944145488325
0.8434374061025258
0.12958958626259998
0.7536877073401408
0.17672406475762226
0.17941124679622744
0.01763536207163341
0.716326819005465
0.09585386901005877
0.6410552231541985
0.32855436594272813
0.15555313505811652
0.8490420406906168
0.621136315037
0.45994673578126777
0.4648002033501355
0.8789049725026352
0.9092144506715082
0.37038437023731596
0.0908377674753309
0.9653034129859881
0.4771786261722899
0.7808103236674163
0.6016043829694283
0.513006317261179
0.5824881042910575
0.808272675370161
0.3580776880297807
0.3262544487261716
0.5983930228299981
0.17885549284923863
0.7771828222693978
0.473552979525692
0.7540739631381905
0.20681850480238362
0.6310232083714098
0.047703421461564255
0.9980084099837195
0.7919025634767768
0.32172648678347915
0.009026864534175116
0.5760614315063339
0.9408179777779216
0.7317059857650415
0.016884300135782127
0.5726156324836654
0.7723053532612646
0.7970343321148101
0.7349456633468138
0.8156365688281596
0.3856243978815169
0.16641912599169084
0.65891229074097
0.7581305336515454
0.9400155156702882
0.615357422381389
0.02017521252557497
0.7514095399366949
0.10168400855750803
0.07440845581323219
0.999652165405177
0.32620186518307637
0.16905406413631952
0.510564977578203
0.11165025727001288
0.10300633744666488
0.1105427079608986
0.795835265897988
0.6203285033591628
0.13200401676648388
0.4427591763280978
0.7566755881720783
0.7785403432839582
0.26765788954212055
0.8185873117421766
0.9159754699523949
0.3626214308983453
0.6476810472400669
0.383018582868648
0.35410447334252615
0.32752229401089217
0.41799809912478514
0.24512306268655792
0.6878705865771555
0.6865824643140842
0.9558575341381743
0.579010489531717
0.26165850587717443
0.08046084398040887
0.3949661783250883
0.9768399700348069
0.9524618779419215
0.9944234757994878
0.027414311262086155
0.7383067464644657
0.6100872817583909
0.12409318971555217
0.11307910227442208
0.6656732339616834
0.6003408656494635
0.9249840506397385
0.8367590674684997
0.9483802535719854
0.6169895172244204
0.2822259130532021
0.47714727971040294
0.2629743753194421
0.8271045492723511
0.7949488863131327
0.799755748489496
0.3151606129812966
0.0006611079618377147
0.7740916270096886
0.4724739664660558
0.2431862869761684
0.587202079078324
0.8733647462025088
0.9485410135114883
0.7020112094950426
0.32891607211963947
0.2192814434619097
0.016240132158462983
0.328715291162313
0.5975030202653929
0.7027784647531004
0.7297640211545637
0.2435890638989585
0.39071970788806965
0.7711771723399105
0.9314150631454862
0.10053535837251615
0.6450717529117371
0.26712502897444823
0.8195222785968463
0.10453274201825902
0.015553336928818773
0.5357171143743604
0.5083776953494975
0.5016564608426465
0.48964232164877586
0.6778131338448816
0.9027006365523431
0.63693282333952
0.7261505904495907
0.7742799664312608
0.4389577257099735
0.9974705405327398
0.1795147313252401
0.41350794690394943
0.6701727670729218
0.774010561501992
0.736649770905759
0.25111047944861675
0.16660764018816587
0.5111214567425815
0.7104959835769632
0.6752041569214081
0.7663383350164865
0.41227431183696717
0.7163964947071556
0.9037496806908233
0.979363839474583
0.44858591839458006
0.9335470347270529
0.7240666486630236
0.18096851884045684
0.7808240070969951
0.9186805737278056
0.5946320746437358
0.5838944226747689
0.12586888883376957
0.2797702235228273
0.10812733048738543
0.8384507633832656
0.12288845597922804
0.9229148119016365
0.13996926641309015
0.9346065079812811
0.6554758450082636
0.619763309096887
0.562357266827265
0.08020477572940654
0.38667180366921794
0.3189236048843165
0.9416931309330453
0.7414525342906577
0.6261306092852371
0.22297564566483186
0.25332209305914877
0.8472706248205679
0.48890192347413486
0.17757231842879917
0.9073117969110013
0.7011306809145182
0.03216869967954861
0.39982842142219643
0.7862270730338805
0.6215063538051101
0.40809284587719585
0.20835012948916487
0.5780000229040023
0.34639545426475116
0.5858209386425534
0.943658675666619
0.577411245394771
0.11127360415349552
0.8335118806576463
0.19038483499163616
0.996754672244433
0.5906931910593798
0.4223000466403355
0.6570241405940026
0.4440300901484491
0.5426382834219298
0.1688332975026381
0.22842356631422067
0.707519559774742
0.5357295516476053
0.9663575198916841
0.8900484350695985
0.22672636768914634
0.00952980291345551
0.7290392067438356
0.10013878198184978
0.44240503435491807
0.8484597904157427
0.09633117908385469
0.7311772398745867
0.6522859782747582
0.2109462788484242
0.9125968642836245
0.9084034921762378
0.7143670326422452
0.48794431907790314
0.8797369500829404
0.17452026930116038
0.1521910803082247
0.051755319417207346
0.7963030519563841
0.09773689058989254
0.47776300113835934
0.8982636265884072
0.3391354473558421
0.7289756184112385
0.1477949140326229
0.8767775680984387
0.2951285498196301
0.515369058944902
0.7861094188638412
0.35375823171959886
0.1768445500655781
0.6809194315941527
0.1301561739943693
0.33001088322534156
0.7074102330382009
0.9440760795707938
0.948431863327645
0.555789656607163
0.09106481081560114
0.03701848910424832
0.21299682004549814
0.5492651514351413
0.40020374496605093
0.7752376226093212
0.02859607212349391
0.6774427085532606
0.2191688368131809
0.050208995538286505
0.5283960886998892
0.27487816205361604
0.7205194107634318
0.3133553379483619
0.02684916015540728
0.8069222073208999
0.7592428805814297
0.637880614662348
0.9412582881320993
0.8775449604335471
0.6916050930089216
0.0473989153933535
0.10369937421987241
0.5106821644533027
0.46760250885461463
0.6164254906019782
0.8095415156559462
0.07708277646290707
0.2644419833968574
0.11945560684953682
0.9729720491421879
0.2635715337283604
0.1596516225287683
0.9013412719469572
0.11734507129060068
0.6635148416664476
0.7817849449858792
0.1073938399933837
0.24478510048985735
0.004409925299116546
0.9184011141810916
0.3207290728911497
0.7418252645415077
0.09446314899481367
0.6565041819892627
0.971254977527323
0.2030827954190818
0.337015811580765
0.11962052459868366
0.44533407903352495
0.5357325870409655
0.25218831804119446
0.426836250716631
0.32964023741034076
0.31193951486478566
0.25252965752766576
0.008702601584549274
0.8977262926288582
0.35856760288771206
0.07055757333528079
0.008132848949147453
0.7574725019051368
0.06456516988991712
0.7534095978691127
0.4428922624652245
0.3916293534905776
0.3277118984309686
0.7703148908859659
0.30769628827434936
0.5487442760397053
0.6578804820726795
0.46989839142251444
0.5891299459335855
0.7162199995056799
0.44434627774698854
0.6666171270478624
0.40172094667166325
0.06787731890195892
0.06370446424999054
0.5338652924638673
0.697478444676993
0.3910229718642194
0.18566885796226462
0.22449817254407878
0.9979790305656997
0.03358162561653999
0.09604611180825118
0.7707186469177133
0.22965819173175084
0.922447948812136
0.5265720514894443
0.17809253047643314
0.3640405718552271
0.618741247869022
0.5211244748018609
0.6544709245749484
0.33121294192509365
0.07981860082459857
0.7398411356057003
0.2576003263347495
0.7158619229396664
0.6397474394964975
0.04012765336799995
0.15634933805894513
0.6844706312112853
0.46401618465138805
0.790044374921379
0.21453940138850636
0.06160989917175275
0.06361899316942266
0.7574010029217684
0.5769818599001734
0.5358943107587638
0.4458380241876656
0.1505709639174151
0.9486188167229745
0.7034936560721254
0.8315050737646938
0.6168605004621035
0.2544834183687671
0.11470300697229119
0.17187029346739902
0.040186591231782476
0.4819338142870615
0.19003159594484442
0.4093882152289543
0.5539014830829442
0.360458557633512
0.9753556224579865
0.8878727761334327
0.3124284303480006
0.590853298866709
0.12419500792183413
0.35007740686873623
0.7655716942000759
0.5503632861606791
0.17862709277167488
0.25193466206585324
0.8328273103657593
0.3140006577855826
0.9983066990169817
0.9261002930444389
0.9840832693462581
0.9006479451266369
0.7519546084524437
0.26853851358886116
0.0060976759265500835
0.8047032952719896
0.7474362267181731
0.3807331064533739
0.7580798295945699
0.3403344878489466
0.8072401601455351
0.6238894142802064
0.5841426543489121
0.06182310252002465
0.429186873672887
0.6732698920254996
0.045364817078484165
0.3104635155872869
0.05093494753252403
0.41300438090036506
0.286687779150569
0.6841822421485312
0.5736157264704906
0.20540439067352056
0.7000594520362516
0.8054360131715441
0.060050873382580305
0.3624355494649658
0.928738081882341
0.36247243948424845
0.8143163084730985
0.9765095623800049
0.6712063870316552
0.5230843666619237
0.7593804930467313
0.5424225045046787
0.199998448251682
0.7191501856486479
0.753909295574612
0.6339519582207835
0.24315330996232776
0.7954347237495399
0.6201892014806201
0.018100534125471412
0.5502251349809698
0.3749836219259558
0.048610839951920615
0.8451192070324424
0.7937320888106453
0.1168292643995279
0.14472287344584278
0.8903139263000402
0.8030510978085208
0.8870183335862898
0.8682460204020062
0.764381314746317
0.6124765368290482
0.16640429700766435
0.4984675028192759
0.30384276646935005
0.618094559532888
0.6741648657166813
0.23300054118286884
0.5474623954859245
0.10408478094138163
0.28682416746664374
0.7353991734573745
0.0007341357762367107
0.9016922914655628
0.4659342608584216
0.14050550915144744
0.7401181731255855
0.22093998013242855
0.808948115576768
0.40831559299538034
0.569843439209842
0.502232355897879
0.2873673982243381
0.2557490943048557
0.6556334078498924
0.11614857850686877
0.3606752307072396
0.9842151967762746
0.8435920223888872
0.23824411823504177
0.9719481700809298
0.2551593461934708
0.22391943618990806
0.09569207060710816
0.9496793036166178
0.6648371443729976
0.011129095199947425
0.25529721277817485
0.769813835086022
0.6913856846026792
0.9963797601295317
0.4362240500324319
0.17323667616681238
0.7070649459628591
0.002680078050167678
0.5542538918293141
0.28273308084123194
0.8415089854856204
0.5919325252178135
0.519777175113208
0.9375162376173732
0.8968797415246565
0.03625911285855454
0.01839601754425091
0.9892606933935243
0.6094134386201381
0.03600328845044398
0.8878602188676561
0.9662635907154794
0.028690613992706115
0.7679010957541123
0.18524198346106624
0.2566167985283728
0.37266080709100813
0.29470312314454683
0.34964639641682693
0.19135635669798334
0.1909981142076107
0.20154858085240535
0.7147003137894534
0.7363489409655456
0.5652110264587542
0.7540053431237422
0.5444886663732483
0.28270163457879294
0.010193386129282556
0.5095582224346868
0.7874739241051171
0.0769942022463076
0.25196871829264667
0.9635270228146976
0.15030884457131266
0.6003832994532288
0.8654442025500882
0.9746961679820356
0.17622382820428395
0.5428644715933247
0.7864349067504577
0.10362306632587837
0.29875432493420606
0.1760966540161898
0.12353528638474276
0.7071173687599825
0.3706814402082651
0.20739793546190133
0.29978432281372036
0.6556387813648981
0.6727845698371926
0.9043612005678885
0.978717484568319
0.591020499856574
0.9927664623194341
0.2265858353979604
0.779883266881787
0.7581165333162007
0.8226292847058292
0.004077259913048414
0.7391961532953527
0.47979725788868477
0.3241444902033932
0.6290949276187955
0.04108756574871453
0.16937768828182032
0.19507876846721506
0.9715972897882065
0.08095214140794083
0.8520423972183266
0.9269652142801957
0.12015658082065928
0.3450095676797057
0.655602253884605
0.9287228104294566
0.19786600580378977
0.03939738838046403
0.5167240143798212
0.613074703559429
0.9425828541112122
0.18547534207305216
0.8707672817245019
0.5493980936263574
0.1369675756224158
0.30927726314069437
0.3190122062925832
0.4608960281052664
0.26630330339536457
0.36164135834006683
0.7448872393019838
0.4184954792273863
0.7162939994232145
0.7801426211983273
0.6465608128839008
0.3563902694465454
0.031131811355881167
0.15201253094259448
0.11847668119028021
0.877986080136733
0.000633461914965161
0.25235774909344155
0.6882773810188333
0.29272005940553014
0.6037473624168859
0.16962972793745867
0.6545734561812132
0.08234451602054693
0.4559614460250767
0.23774699793922605
0.5202284873663998
0.009260236782621112
0.36794269692872106
0.5744169640244089
0.19661754551811383
0.40321032654726885
0.8275829051577814
0.48458748171195354
0.9975850680619026
0.7440995805439136
0.8822128165718441
0.770340677234027
0.040602294502060876
0.2576256302408898
0.22499425715292753
0.985448633649315
0.18994825019545136
0.6107974487727293
0.20358700460892598
0.5158978298635691
0.7991425026699112
0.24922756968636883
0.1412523008692128
0.9843195684810341
0.4646337319697794
0.6925682267919471
0.4818308005976195
0.449578856413269
0.15448864508086113
0.5519556014337142
0.3350109040078909
0.5096386382414977
0.5974623664751837
0.16910851112528613
0.619561385547212
0.5242602725201094
0.9101297130471901
0.474759412117853
0.8806392088442206
0.7542536323626846
0.4447252972493617
0.09041402282754529
0.028696583850208013
0.4882390432519008
0.7453475755676112
0.6230931144414259
0.6821683911155513
0.11082075363657329
0.2592718346104761
0.44815746938889933
0.510987292583865
0.26158089928567374
0.16403911117740444
0.045024956052725384
0.25812741529691874
0.8962446000061703
0.6998037484032934
0.7431059509345165
0.4989262872725402
0.4218590815119494
0.6989794814443169
0.2906190661359487
0.14259589978050335
0.2792752328290521
0.688887408727301
0.032402408896102464
0.11097995623965651
0.3138508481708332
0.934698934884873
0.8078423747721069
0.16717602692537503
0.0709748912937439
0.975097108647169
0.6040557504413174
0.8181483670090242
0.7593846879167553
0.8861798609208504
0.07500839480104515
0.016804013002806983
0.8316729325255021
0.7698626174676476
0.4164863210438621
0.8694825873303993
0.449439862841861
0.16006856964258942
0.14510557918939826
0.5486368522248717
0.543510535578571
0.042528550528353026
0.5872290268820373
0.05427201619442179
0.5180920776358862
0.31274799118212004
0.43769643124490176
0.6796766237124723
0.7175109985305996
0.8447791320031227
0.10290647940091346
0.7813131956284369
0.4187085133589378
0.7586566400547099
0.7016138286165959
0.7087145956204411
0.3995155336433388
0.6140141798807381
0.5420602279922966
0.1700206325733461
0.3215339063149446
0.586797333715487
0.6067364063009718
0.37236518749384273
0.11770469790277849
0.5642080056955497
0.6145884993281018
0.9115856845610559
0.049878566458453344
0.5464198792069961
0.22287491617761157
0.49994084890508106
0.6353972640034633
0.8345570796641137
0.5133201471515875
0.04199617840736558
0.4935678609535704
0.4744609050948009
0.22560947089239947
0.09443164946066507
0.6959403892906278
0.5209799449397908
0.3294393711648025
0.1623617707617846
0.3839012864226907
0.66104150091327
0.9825497392042319
0.03930406479463677
0.5092005284581688
0.4326870739266515
0.09630093852495203
0.8434430092420202
0.2191115133459003
0.3773668467179059
0.11502452219724046
0.9653152759889574
0.6529217162505184
0.6458471044995057
0.39355733957563344
0.046309884513889954
0.5948226138401674
0.6123549571592068
0.7534697855196506
0.32561575865521375
0.4417874343154813
0.9183434835199864
0.9337110161516204
0.3676674472923158
0.9361498224837344
0.018953712518815946
0.5542506380933783
0.2617899257284524
0.3066922025841159
0.09488723036533853
0.757330341533055
0.03226269597307074
0.0696527964678274
0.803487977959247
0.9826368130751817
0.947504144615485
0.9329383666426008
0.47953146672300995
0.5586896860085703
0.6860580735776495
0.57306729587805
0.5990059535376131
0.8793713264319344
0.7046841334704375
0.2792049000628809
0.31829716409137965
0.8894229260911795
0.907818804731435
0.7762843838278045
0.9781710496154046
0.31970073616298655
0.8948735300971605
0.0043693117532710435
0.5167124081057507
0.5413884160645779
0.7825852558977866
0.08587569638591497
0.09540060773847348
0.9161583809523423
0.012558547691453592
0.8554485633576387
0.4823401847148582
0.8273795431695801
0.1709930210401931
0.855026866581254
0.9120104730879329
0.7573652492009881
0.8805470175202916
0.7123604047597449
0.05720836479308855
0.5832348706487748
0.976062675140732
0.1681541116252987
0.2735044099184093
0.20256648974332603
0.4950493708570962
0.5153223426546012
0.4430663536559616
0.60069346356869
0.8374555773183893
0.025968184297162522
0.544801812506201
0.9404036986373888
0.5652251187403526
0.8913362353374112
0.5594263479020936
0.2828468704670224
0.633346249551948
0.5303063595790204
0.7547648905362256
0.0088425246549938
0.22814709857349647
0.9454181984334998
0.4944394532804899
0.8526812662607828
0.767903850979817
0.46317836256061906
0.9619587554767162
0.19245869237976754
0.669980053096739
0.15407421292201828
0.1658030622735095
0.9584413029502012
0.8324888777302163
0.4988901381797942
0.18302704587202068
0.26338197376159367
0.7733245727271081
0.9995456775473189
0.7895672028507629
0.18160114098050417
0.8926322943584306
0.6732082874521222
0.9411199051329556
0.9548690287385584
0.8709997802867829
0.3687442625744435
0.3402445273203887
0.2485512915001329
0.9814286241533241
0.12739976381749318
0.6256064844375538
0.46299931907939706
0.03846886121248583
0.4433695489597421
0.017829941706494434
0.48814978897087236
0.5985003098964141
0.175056706287387
0.8296162498626595
0.712152766150235
0.6496193226504504
0.611380182038407
0.18243240459843124
0.9978818112632629
0.3918380987058865
0.006527767124213213
0.13377648816302723
0.7735765258490883
0.3911738467536333
0.8318057607186728
0.7231609015351855
0.11272440508624837
0.7036685050441117
0.8054191001914728
0.0657227860238021
0.24044225403662212
0.47302945009831865
0.44950327611689034
0.2746036828044447
0.5412941303743275
0.9141658946912433
0.7426072069502362
0.5488816817900165
0.5019472151127705
0.6885505166599074
0.5387130882706567
0.35045905800364086
0.7980597419765075
0.018094086034891044
0.5324766005686231
0.5912161876909954
0.008914729758210282
0.6879385178982336
0.2899005427880478
0.20291628325893896
0.6282005077731603
0.028976986183301134
0.29178532392398704
0.7134274921987483
0.7848832207600501
0.27957365925692934
0.8220343590077938
0.47114339213460166
0.9542965044601245
0.973959537157131
0.6006788678208209
0.9567467216423048
0.7739416715613827
0.5913084844631903
0.1579124261313224
0.28630781070506073
0.08374770447644575
0.08925758321694066
0.3091933587237622
0.7813637218509535
0.776057289860972
0.519705866711065
0.2830713699127084
0.44184235692639107
0.16403646306542374
0.0933915688710184
0.25242325838776924
0.6104883618259308
0.7270924601113465
0.4659035505446636
0.2453858845608855
0.5106420671345103
0.581564253672829
0.6724108609219924
0.2967075842625393
0.21262156763735185
0.791081910322591
0.0814521562051157
0.9117749767679213
0.8296755272087999
0.8719661984584083
0.126784493837389
0.045888290875550686
0.6697897157161472
0.6599123558210563
0.25764764807300733
0.47592869704137164
0.002195362067576534
0.43747205909941433
0.06749712547625808
0.5066373585976359
0.961504016757751
0.9856796073202645
0.7252717951824803
0.28449485515588646
0.8579479565473813
0.8109832028093145
0.23170201920982392
0.41385905223001407
0.576576998388249
0.9152017739679377
0.4726140417265742
0.550776813959688
0.5243344950710507
0.19163199723089663
0.7699034403670174
0.7853658180593863
0.3618715761337138
0.29785407530090124
0.05036463251133472
0.3035027478462238
0.7974579302426559
0.9391985746981973
0.6505089128598603
0.5036516031543218
0.7942312351916822
0.03234717950049415
0.6364476721391923
0.14546704985390568
0.8253499766615564
0.881249031751158
0.053011346831545625
0.825893157356741
0.638113452911298
0.8326531842092378
0.2447328023043105
0.7038180255886916
0.7704836491163854
0.272698691447545
0.4251814159745063
0.9095172350728824
0.8026193611949156
0.2688398110165129
0.45361782864058464
0.8784363886161507
0.9336441580322681
0.03143499040373521
0.22498423208760898
0.4699571841466126
0.3670852406739168
0.06931003106554856
0.707800060588164
0.6751653870831271
0.323471111444658
0.08164433187383557
0.75041294319431
0.07812187178618113
0.018446429481818738
0.7098660887860252
0.8449714304239164
0.25739933269496607
0.8757092592956423
0.6794500609493089
0.6262852300301919
0.41097511471275006
0.012947144331506899
0.0739708995252234
0.7721821030853558
0.3753648039849611
0.044980384560397546
0.8184099401532846
0.7538882362877777
0.5783585327255469
0.2699317977790402
0.7384855393944337
0.3802591165608942
0.007338644234490821
0.4235040725173924
0.5442540841737158
0.5245899822348964
0.42704758704785906
0.20233194386126285
0.8749279524514336
0.06411444248881881
0.228595579703461
0.23528682511314303
0.9563868318996678
0.8327246992446589
0.3975795368321342
0.12240441843088201
0.8455099009356433
0.14164330865709496
0.22669848771115575
0.6863459715263557
0.5149599039603006
0.3056556921328135
0.20014924066461492
0.3017995623768158
0.2587405128524074
0.3014000715145897
0.5493150921143324
0.017164593501523884
0.3889637328557426
0.2525189171166242
0.37022447817451376
0.9861571746441956
0.1081029616846263
0.7339541343748797
0.19401145290025157
0.7038533236524188
0.6726654976517924
0.9885601751653454
0.3220984645811674
0.1975978726277795
0.04902977371692929
0.3456557449285914
0.6530941313623498
0.5821671587113038
0.18485121854376552
0.4227738213538782
0.47973272493704455
0.7240611129968454
0.948598918739162
0.13209290004187335
0.6779747215319659
0.7190831397220822
0.5664100225490216
0.24290438987288254
0.1270148591150405
0.9003031416371885
0.4505999047956264
0.3797584520444113
0.8581225228556931
0.2382258062958369
0.6005491313135305
0.7340612213718827
0.09826601605951679
0.27151357126123765
0.7809094690764191
0.049631757415080524
0.3992541013378761
0.33567381401486274
0.9410717520030374
0.26654009900586506
0.6902394223927962
0.19713376312974196
0.8037992970339787
0.39163478523861694
0.20603133401037133
0.29560716854706515
0.5542830571666287
0.3126096237654632
0.42316778700893765
0.0229921173722637
0.8193084897178129
0.8578135348062079
0.8005497278054445
0.8444825620775852
0.5392479681834252
0.8638576538208673
0.609475714395976
0.16528392288435945
0.7270013422586314
0.0901579224536373
0.5024548523698377
0.9226922582031589
0.2954350626375608
0.6106304943239185
0.5011990276632461
0.9308514364464605
0.6067793416059544
0.9498056250799048
0.5767902919730876
0.6430341619495219
0.10970260404551291
0.09401734126488426
0.9713720069341623
0.6696958779876111
0.8128623246047164
0.5690931314752866
0.7204861917782616
0.5904233472625307
0.6785381855220473
0.29380037995931496
0.030921229558566687
0.6681380860193538
0.2838635843251327
0.33938253179537425
0.3441587018717982
0.9202619373196367
0.7691125452527048
0.24339735672919782
0.5067975734627413
0.5613181769311689
0.08259778866401313
0.6424521920705312
0.9473479952905294
0.44647839730079186
0.1819154050491404
0.0005868837622654555
0.1385667236182967
0.30692022485702397
0.8222782749055737
0.7505687499717681
0.7378790189896923
0.2576303609636651
0.2896847328142629
0.7581901016636978
0.7956767156827638
0.884284926650342
0.47810925578012065
0.25167170190883725
0.9509969143660928
0.5777528023633032
0.610486362331811
0.37138322274769164
0.8458578825123946
0.10116986061771638
0.06130156044161217
0.3356184030683944
0.7715530486947817
0.5745730380693104
0.5841667073492134
0.6971904295936678
0.9903936352570316
0.029869567631705563
0.69245981171577
0.0017570280887948542
0.36896044417772556
0.16469008034093602
0.5456491191194434
0.4604606789727689
0.18671025190484536
0.13707731097025955
0.6639688405026983
0.011975428268555133
0.8146132792742203
0.8949718698462625
0.8275313825321997
0.7448644283544226
0.8504636045008324
0.29308803485880563
0.8879324232212944
0.9764097903160814
0.2933561114236716
0.005475822683515319
0.6156478033606219
0.7808780391052161
0.09266247291980767
0.7962825077367216
0.6125172166109164
0.3214257810368568
0.17552557326350526
0.49007919161215807
0.440379665016955
0.29335486679204936
0.6165077804173185
0.18072685428714663
0.25207182077663937
0.9900003258728411
0.047077076804443396
0.8474660584832617
0.27792419248662226
0.8776091796356009
0.639043633246781
0.7672757010012402
0.7149353223250225
0.12101605874156351
0.6921737267324373
0.523896620304629
0.5635589948886132
0.6470098350632401
0.47341295391468396
0.29323358820797496
0.750042775236735
0.014277477541599581
0.49487500632761316
0.4313270777349597
0.7850204870865217
0.1503568683199341
0.2113014020362458
0.9314115978241887
0.1829221774891614
0.8323631319657624
0.37427422245588104
0.07467363771598456
0.14434890694637958
0.9550897275051203
0.3242551053892677
0.15366339190943334
0.35507738018300994
0.49673510510835783
0.3402935185533229
0.9405698364884075
0.35311661774664804
0.30052086762177577
0.9684074813805188
0.6333794221801868
0.06368380543501384
0.8709819797097685
0.1820640250603368
0.24131552870402373
0.5237503550060663
0.9354501621993662
0.4646481334111725
0.15270112481636033
0.15999608755450667
0.16926358391126617
0.8973536170817388
0.957028563828856
0.1032197135727192
0.3791805352042664
0.32287404337110004
0.8201477144942897
0.04530435001283595
0.40234320541238655
0.6194558887288111
0.06368066638647873
0.49276455583199075
0.407588346706491
0.3314146051776343
0.6456073918674031
0.3239633166870677
0.42246203937250115
0.3611474869773865
0.3093795909764011
0.3037768462983276
0.8040764445294449
0.25149783997095465
0.6117827455614414
0.31454318486739363
0.01915132990485724
0.9104744927535752
0.7447545543024717
0.5224877672671656
0.6741401694074148
0.5869189522100835
0.4501009898731312
0.6743466846493656
0.24441418220485756
0.6922000410935375
0.9929883965617591
0.5975843941548776
0.9486009653604766
0.7282104509529799
0.8991840864889799
0.7867014175789123
0.5191242510647157
0.30988718724680264
0.47699620613129645
0.6526285540931749
0.47141194957710886
0.23401895414370988
0.8923974536702944
0.4398963167844716
0.4178452162619106
0.48010220392523784
0.08337214316763109
0.7322313113997576
0.4657736584735579
0.251590709380604
0.01465729634646995
0.6909218432544529
0.10777512643052523
0.7007885030157804
0.23406255404332843
0.6492537612763937
0.0782809219529661
0.7680551266058528
0.28103591074371725
0.8615908645711633
0.32500891181550406
0.5737555350106724
0.8586064237133836
0.17185975902991513
0.6423450910400328
0.04006334627010322
0.568846984503912
0.22657607394602564
0.9958963506915793
0.16849016376623838
0.9372955080803037
0.5497668149247547
0.10284193152984966
0.8528589896535919
0.1935694977854845
0.6867067894687686
0.2724319806702986
0.41825837572868174
0.9014529217464394
0.7787928469461197
0.18227448301972182
0.8964250894759709
0.08443903906003336
0.9741008237323171
0.3365778895140332
0.03730138655687054
0.6237053721189886
0.06261984066346771
0.11023605190628272
0.07313015486262353
0.10166670020515356
0.6380718099878266
0.5730448514930905
0.28011512235537994
0.6189824096873311
0.8684195527403388
0.46167329184261985
0.6872413347428432
0.9824506389364729
0.15254731703285374
0.18589558852147314
0.6319934397253377
0.35213161135393345
0.48128985252667567
0.6503199143019845
0.5891329143251595
0.9484223212324621
0.18578186923986972
0.03833758279217536
0.23432735916088743
0.30715577860962284
0.25100042269352607
0.30423025919654767
0.11425166113384233
0.7012197557358486
0.06586912612268336
0.5371936386816795
0.13172150049519915
0.8000247057298107
0.2287586939220695
0.26611819987349006
0.7082432959105014
0.28367291191021404
0.33017395973980634
0.5978451346191073
0.5754958221725396
0.8745254634915961
0.9785117456945117
0.5926020160298763
0.5927242710837399
0.7678700282056058
0.8326533118872846
0.5198749174418039
0.29091973302918883
0.4619990781165413
0.25342541161996124
0.3411913890841076
0.5094402249191149
0.7096120504185005
0.007966648110811936
0.10771907342399134
0.11005542348130903
0.44523053127923184
0.5819576731600196
0.9750406833408191
0.6179370381870567
0.5191879255941406
0.86014066268908
0.35481208694728583
0.8634951312190234
0.7768255071109692
0.7192037463592279
0.035206500434148524
0.8848239972849189
0.38811540309391823
0.2734594479313346
0.23211468027361593
0.05373345858282874
0.35859103503905465
0.7760234935570745
0.8139247607618758
0.43321872276116613
0.5747659140321014
0.6105642258749691
0.5185792825018136
0.23583002269494224
0.6904065359744604
0.525108100065084
0.9224266905016574
0.7734840369331794
0.6755655143700889
0.9371385829656256
0.882770785462198
0.592766784373557
0.15164148596587124
0.9338206035871224
0.08568623710280965
0.9073271669362962
0.8275017596442572
0.4580950133672912
0.4921474299670968
0.3574486654660127
0.7831583434694284
0.6879717091986095
0.49687544206943246
0.5706522412731848
0.27211572337631784
0.5034520804403323
0.5908653713642844
0.39861166986584284
0.4254131143434724
0.9329831420850346
0.6651402688464674
0.3808080555346277
0.5041782121133952
0.1876981507504185
0.6100492593655016
0.8066279741579784
0.1935040263897646
0.1612289494786674
0.9870050278495408
0.07239594291257734
0.6213272330887588
0.8842849231065923
0.7450052409080373
0.5128486550353247
0.1960502085175584
0.13619046987734817
0.05021906169633927
0.7616626355231606
0.914561967803449
0.5137397930203509
0.7706463971992971
0.8027183293073823
0.703613170928336
0.8064011036725717
0.40467228673278155
0.24528085495416774
0.8998116188264816
0.5149570523143215
0.18629015920221226
0.1335917862597107
0.38226527389703746
0.7818528802721239
0.633710073105959
0.7537339335584475
0.7032519369482076
0.6344606974020817
0.29336821884804165
0.34411913904071056
0.02890995125672413
0.6525747808901199
0.9945531448200414
0.8482689142336205
0.4645693753674027
0.7309708150558764
0.7530280817925318
0.7705905781215259
0.6384647481835349
0.7447697458731242
0.34809818077442556
0.9311378473911099
0.791574718254745
0.9827266237053681
0.04272519878575165
0.3167695369432125
0.011198975832313773
0.09960369333401098
0.8473214231968873
0.6834051941691219
0.11541962531702299
0.2995835252726555
0.31357553162686336
0.04278583812840775
0.7673755362545109
0.6033531533040691
0.6708081793836586
0.8559131725635877
0.4562162817131379
0.2675482265923588
0.5972888740060724
0.5316382131693951
0.5661454345665474
0.18861662314618688
0.4164526807532455
0.2750133574085577
0.28739098455155465
0.7281596924475272
0.8888374897040475
0.7639362204953097
0.5494938530145542
0.7588214253119361
0.13847555509635678
0.8046223302105837
0.7317153035912615
0.747267562157325
0.9574546052633894
0.33235516830920786
0.43914570689311005
0.9102239068288357
0.39437845085378387
0.1958571810017805
0.06557138101566173
0.8787108952301739
0.9137951878564433
0.5399903322222447
0.3084643236750786
0.6180663676339382
0.9141232718309997
0.5252880463416516
0.08960235425903018
0.007500724287678118
0.543517892930029
0.18939211925538224
0.2662228013913359
0.17250681319364436
0.19727776463130298
0.5267779529016057
0.2708477952461765
0.7744789168366029
0.44382103951024543
0.5986604635111477
0.14586991868716404
0.39350821786799284
0.979528991035072
0.45545627962437674
0.1313506376928999
0.9638722605643407
0.11449948254770037
0.674905447263799
0.27622873825363947
0.5488544157999368
0.9284209217516688
0.9647331618530145
0.33515621632759196
0.5683980198183983
0.13766563310636692
0.5379069123930673
0.983883039652276
0.08717012691343251
0.5893454946619733
0.14251640213876726
0.3859057435739649
0.17125802773550525
0.7258783034641391
0.8036767805714787
0.17929511579473623
0.29537107538088636
0.035775834808412954
0.45484050068415294
0.5188249791740684
0.36852842218906556
0.5305949841223313
0.5466893714602677
0.43503713336492966
0.5489458498590265
0.3669124559839577
0.9834993652652374
0.9748858512310736
0.72092679894242
0.2825631813759206
0.4662401161929416
0.26605211584678345
0.5529126773386077
0.12070618549770196
0.28208373988275937
0.1946281388761577
0.4439381018280427
0.9966415343864378
0.6430707503467579
0.5331178855865575
0.9847270486371299
0.5405044480873478
0.21447360920523728
0.07033365739589992
0.5526925522853338
0.417827899259813
0.6298918627896132
0.22572856493076165
0.9913321732664776
0.17821370818446003
0.8241840538895318
0.36761043406052607
0.3023750850721769
0.17991077009999634
0.7098996609477831
0.4079028508431506
0.6214727162503776
0.6775975686031906
0.3020722231682823
0.947408806533578
0.4512605505486137
0.3782947044005821
0.925935804038528
0.21500013057258405
0.1904595097862134
0.9416647271547494
0.2818923360937182
0.1649917224295564
0.4967479585219795
0.3096814605639787
0.03376749384287392
0.8751205344817592
0.09806626576042587
0.09027647265228966
0.38084944651311203
0.12930403080698105
0.42616244943667014
0.42831915807699195
0.004195184381602379
0.0585459008537903
0.9005629120880431
0.8355319458643705
0.46730397970303295
0.2565093408709008
0.4840860173948396
0.6552937748047476
0.7966165987359978
0.3563016972386537
0.08543726144248498
0.8154135985958693
0.061200350156766725
0.8198232611579398
0.18471195772804172
0.36813882456040103
0.32995761045233196
0.3297216019134782
0.28896959717873416
0.34652622802048405
0.2880962434911407
0.9723519309601797
0.7552228142456199
0.37844084559631164
0.857436306025667
0.06835297885767577
0.1003539850697115
0.5296850061227374
0.8983384589133837
0.9292035299976075
0.006541782289687048
0.7178359382675815
0.022753689885498862
0.31267452532404383
0.3760873906954507
0.19505579286721264
0.45429771940931585
0.36875227621266093
0.2782054820348562
0.2270204624659118
0.41639103945488576
0.767654026183646
0.33586762916791646
0.34965866900370846
0.48460463089422845
0.18541000755327441
0.02895256149222969
0.733853422542425
0.4047861655412689
0.6215144699024742
0.8792119802814397
0.18349779273324274
0.8396237687300889
0.2372106524487505
0.44226805034623884
0.38522664058813294
0.026442361508517642
0.1853718904536963
0.5320811890915806
0.12728522582259705
0.5074252164007425
0.9794946219990558
0.16741842608902768
0.623659056033494
0.015337248826575056
0.6947286390140628
0.610227696655043
0.6987688915539909
0.3747527162658406
0.6628190688941074
0.7919669258000698
0.18294776900718246
0.7015077868618032
0.005138304273863303
0.5916990237888275
0.05104247520718186
0.9832272034015749
0.26921890675498394
0.5260359015466984
0.21844065584028616
0.6700324925235762
0.7748837643182086
0.6298252897365267
0.987591447754132
0.4897342264780139
0.5558488866024028
0.2649224774620764
0.9813457810303639
0.24186316995040558
0.985125169577848
0.3275293370252653
0.9300592038493783
0.9081929543734677
0.6875314530420439
0.872830694116246
0.41855831989335535
0.3030491330451157
0.671275038867427
0.4894808822956318
0.02099566935673769
0.47831456145080153
0.27731968497672665
0.24228156364430753
0.1192043768307498
0.7564760341322837
0.4310913867720686
0.7638188065864092
0.26545996524422244
0.2322449478202392
0.9837136038567226
0.5245037301378912
0.7340936030199041
0.46266540429627623
0.5575004854623685
0.19382730556836447
0.04151451035997433
0.3212679955599099
0.9424340962648257
0.10668107124783333
0.3909139280934989
0.8951968164742333
0.597394018949875
0.31590676221434344
0.8440990710392485
0.8135963498554778
0.2550993929660206
0.1885911529483535
0.32068252119248897
0.9023563326619954
0.5099183871693606
0.02194656376091919
0.0983957203386625
0.14412692966112262
0.04272255005718306
0.27885628106541593
0.04099905038968632
0.6180693214880895
0.4739930426073603
0.23165538817646913
0.20448699334384823
0.6377693474960754
0.33905564545231637
0.6781961813655965
0.03738465957825554
0.9521673758242053
0.3157697612271353
0.724790188095524
0.8758163096912601
0.7066000734113946
0.2047787368023043
0.8529573422189449
0.7166670340223185
0.05249407198501754
0.8128324376798132
0.987186044065547
0.07461866305655951
0.19048315811737204
0.6670689569070148
0.7335827712169165
0.8101646482885527
0.2975535977599252
0.3992933349100899
0.810693294343232
0.23752940462707772
0.775125700775417
0.09871931293653524
0.26976672349066344
0.6950575870329527
0.036205942944114944
0.5142840496487497
0.026226338165326935
0.3654638607476256
0.7311999587682884
0.5122827838098842
0.38310794850868723
0.693033407707981
0.9293360879372814
0.17227971995040825
0.45493380248835147
0.2073727683795532
0.03698894017382581
0.2799084750558021
0.3950483088868991
0.24976802315141877
0.46152271762577346
0.5389870596424258
0.8089762085706707
0.02580536388786081
0.3664429008734773
0.7476385669292611
0.5203713638405273
0.28565539114706084
0.0746542581272539
0.4598969348363947
0.6753111558374161
0.21396981717381347
0.8827448730627437
0.9974789910961223
0.0985532462059544
0.8183807858018766
0.42220710237186754
0.4425811071412681
0.042685929249146715
0.7020682178540177
0.427962921726311
0.5679980350620462
0.5921270007848226
0.5834231232653301
0.07511244293417152
0.2102462220495649
0.602512587874583
0.3445583283716209
0.3345922835533036
0.5457993913462434
0.47344887262967883
0.856320524500415
0.5578655262622202
0.08127047001564747
0.8244414764077836
0.49482540639425865
0.17479304287288389
0.9076209959782979
0.570238304480654
0.31892500222152487
0.6037868337909745
0.7322855736653644
0.02757553424611503
0.9397168538414268
0.15606432893070732
0.024299667154941362
0.9846115638866408
0.10084466816547089
0.33870151490594846
0.009462484937120874
0.4948663540188718
0.5548653493733818
0.4781127306902301
0.31904153709667116
0.3959445521875311
0.05864502089130863
0.6676703844729358
0.6883925615866211
0.4284313056828444
0.6560333271981095
0.1078368433586252
0.1408868637169619
0.6697148837839687
0.6529075957527295
0.13051095261297885
0.9746904781119012
0.1303556206939488
0.797843855687593
0.05118646664813975
0.5557396735066815
0.10398386701940543
0.6312068541708614
0.3600722048827457
0.5339332246222116
0.029637828690413315
0.43710217590016875
0.8850044099658702
0.8002269847118378
0.18991821382309337
0.7825935885135087
0.8020035308223635
0.44787206772068655
0.21642607217033538
0.8508334637360953
0.6332846305016554
0.9955972831646032
0.1574662313745231
0.8812626557263853
0.9260069833228645
0.5136273585250185
0.6020735937157189
0.46700346381850655
0.5286194923078749
0.2369713375192346
0.6260676654997069
0.8049392096382078
0.43798326093072704
0.3317325523351947
0.8784156551877906
0.04998627436979208
0.5897364038413163
0.7811282800762063
0.9594392478936994
0.46484950312361994
0.5968992576993708
0.8324977834187044
0.5044139452816666
0.005043635240167266
0.738316624216662
0.8465416200548338
0.2986822569639135
0.6261071135158566
0.8494124039342773
0.8100219340459466
0.381395831409858
0.3415160812685566
0.17699006358833536
0.03129246219048232
0.1579980169585714
0.8304343535341853
0.363259123705599
0.3517313887921263
0.3293174147184069
0.4913573315070823
0.8754572159157102
0.8246751873634782
0.5496751910362507
0.36437816880089946
0.6076947244639423
0.3255784620254224
0.704015119521826
0.06541867791972966
0.8760292318101125
0.13576432901510316
0.677780240804643
0.28918384171764655
0.15344402405040147
0.7512040962020295
0.7794457866132621
0.8310359938010278
0.9187738261768187
0.2698818321381311
0.6069425456145151
0.7723667387867333
0.5339903343953722
0.8848007068869004
0.08674660677047807
0.1809631877647092
0.06548475931750086
0.9300423195053567
0.6555216438332012
0.100015500595943
0.6889743686185159
0.21154292858208157
0.33640345087695955
0.5806813916851356
0.5156729598053347
0.09065155632261457
0.30395986431706146
0.5339405821047686
0.4374739387994777
0.2871518280207902
0.50602162128983
0.9201093285904279
0.4256215234854709
0.3555263841491253
0.5052028008046698
0.8079187845581005
0.726779626512715
0.7637432042275707
0.2611658224622071
0.210881585011514
0.8935042307121264
0.5297518926954171
0.4660939389464913
0.7160064256320349
0.8155817069787095
0.23709282093006212
0.7165354155045417
0.9268097363973065
0.48188232012088894
0.48258590548294544
0.2660342380431092
0.35004230839931383
0.5657307449299352
0.7659299709082766
0.9745347993391191
0.17667497387798126
0.6198844397415236
0.10629597984635453
0.871445251864354
0.7392077143381498
0.16281141756849826
0.09878542300717674
0.7168576520451376
0.3867827966422448
0.6886433128105045
0.69901585224845
0.42601420437027016
0.6975715016215289
0.2831477822261005
0.520266527561722
0.4443969758979004
0.6504706844290125
0.044052323399955684
0.4297263522499065
0.08236031409889344
0.949774550813071
0.43463590634331906
0.693277472592971
0.46633168933951696
0.5317334472188858
0.27634171429750065
0.9041539117469664
0.017310430881171457
0.27384577999743986
0.7324793199843028
0.7853906678117172
0.8608874597606865
0.7044413410236882
0.3216265376552637
0.5486531841798787
0.6115163186089092
0.6753154567204778
0.19251417279292804
0.6233789786766407
0.21169955597712475
0.06359003957904052
0.0017919423218176744
0.13987321660650043
0.7226341137512219
0.6953336807820917
0.7608799928914604
0.9252808847872477
0.7368632061453075
0.038205414515919744
0.16373218795345656
0.13856508355459918
0.6934808910917478
0.46919697962726903
0.6042608689717411
0.20574818312086995
0.4480852493385524
0.4082178590341793
0.23813541826619988
0.013889816163876745
0.1897612254180635
0.47522592846413625
0.49034361618968936
0.4230910439022604
0.9928777116112725
0.7791600006416498
0.564570593661377
0.4651491673426905
0.2759867904555351
0.3734639097578327
0.07400114417447379
0.8698662635176612
0.8959401518297104
0.24764449480383222
0.48140031003779227
0.48073154331962165
0.5818285003374014
0.45938500695471585
0.4421117426382988
0.40678474555370636
0.3032826359428056
0.013453424330308827
0.6685253150820393
0.23482144416034612
0.35142838641336394
0.004235440944527102
0.751785595206029
0.08960093184954965
0.5565810686329582
0.30497670153330214
0.41044407244209424
0.8085219835845004
0.8470874082473909
0.35229146060294536
0.9636126337622444
0.6899679982244212
0.2813560922422046
0.19036690724910188
0.2779431783365758
0.07340678592893035
0.8756359976177936
0.8340842794454195
0.020769625088898014
0.7747971104814141
0.9765478418187451
0.7329054803504127
0.25836984169627364
0.023548072622281757
0.23710617697056402
0.9803347236907308
0.06360693056167666
0.5943009658452882
0.4987573528151511
0.42289166203329054
0.2279649745457486
0.990981814084099
0.7999102535549957
0.6581326501336706
0.764979248531093
0.16304310261675403
0.19003801180761337
0.9149380354228819
0.454868789558295
0.5661705088120825
0.10746016675441816
0.8030211355013832
0.02676446980728353
0.5761176648272763
0.39936050553974123
0.21358111605701458
0.34257460562879927
0.8468440687523004
0.5076917344295362
0.33951764148353436
0.7735240071144817
0.6181443640739668
0.9496369569901186
0.8832574976152645
0.35603867071174333
0.7381736243705925
0.21048120745216348
0.02099120617819039
0.6860634318526277
0.06327057219126542
0.5864619736218353
0.19971325323578637
0.42318952651951236
0.7280442427726015
0.5534421528291021
0.29899427787895394
0.7536140909073408
0.2453915602349216
0.7122408627061504
0.5812605356730574
0.26862107986532924
0.5457574503365954
0.9783621145271115
0.8221376317154915
0.9362055244538251
0.4250952991027327
0.6124645395699843
0.8457422849252632
0.2813146850948992
0.20158593352438525
0.4757002167244955
0.4999723114854633
0.26492783426159394
0.7567473506663817
0.5261359284822593
0.938032395838193
0.3365180978858885
0.6597728573329166
0.19408048705116465
0.9881471153004525
0.8815040637706251
0.8286718173435436
0.5476032160744302
0.8071014317722178
0.3641181247922086
0.03873008858541327
0.7753042755334616
0.836533524246684
0.3513298151065638
0.9734624191483395
0.06506123990623036
0.6313865525190181
0.00846260189505621
0.868440242461566
0.8095538745176294
0.8423265697811457
0.33636824923215725
0.9094531739461261
0.8591368167027181
0.22578998006585016
0.6942186614773398
0.8570143397381358
0.3493536650239759
0.3882009548055886
0.6058402535832598
0.9000229446782264
0.02329282239720376
0.6008577066671807
0.05491355284352839
0.39719282188500715
0.0334861035859324
0.7154391412649486
0.4404014707991549
0.8490169362811728
0.25031382377015876
0.5387001265158101
0.38125912928004846
0.612085787353457
0.806003585784014
0.8833677577275718
0.39013931699989846
0.2450845962893321
0.7627335576620979
0.04845593335914011
0.7391741241774084
0.8940266069425487
0.46823080273975815
0.665514986408297
0.3808691505823756
0.4254076162058601
0.21512280173897647
0.12447797858710974
0.7269595786287237
0.11128721635780181
0.885072033985451
0.2169940699965247
0.2168302338283985
0.9795660899339166
0.5134823126957249
0.5860608703302845
0.43240788077500114
0.46257166507401226
0.8465525015726199
0.8434251796519732
0.05903762278722391
0.617499124744638
0.28437318860135685
0.18167822343962425
0.7001691332855305
0.13916880054270708
0.31462208480309484
0.605963513125948
0.09774647002670156
0.711788317314991
0.8641743076147378
0.8877136557510388
0.8595376283852803
0.6194574706968873
0.07922780897598325
0.41490224237427886
0.2652754701562452
0.7758241502695096
0.9583156572419815
0.19763272119073116
0.27095325850584506
0.16000382247689715
0.04224828834010197
0.32784368029941635
0.5376091593591572
0.5226202993471685
0.48156571492522127
0.14281313858679634
0.7698552802438585
0.5885931520508589
0.4055372998261797
0.07096793746345853
0.07277160772474678
0.5667640308663557
0.40675518892832363
0.6181289140286506
0.7142563359636426
0.19297350011032988
0.5731014565022878
0.5429882792185468
0.5544114552130033
0.9757283105387977
0.26181204502529853
0.5838564762270948
0.6548846934184136
0.36825554522179915
0.24261014401025838
0.8844616103459763
0.4296622465463533
0.5129556934583938
0.162215893572906
0.4439129533088756
0.6447023132779341
0.3854319234148781
0.7221002104437461
0.8736251778914502
0.32098020012699835
0.7716507223534651
0.6779399261012824
0.42385853962229025
0.7865878834897834
0.7867843660639939
0.6469104423187094
0.013876045182295904
0.7629139514762243
0.5706714771214804
0.5011829418486919
0.4097259264592723
0.21666484904426708
0.855676967230533
0.7266518984054537
0.46989995507803917
0.7169465236651356
0.549123694193492
0.9079704023882424
0.3081708229704547
0.9357891642079786
0.16582078739121053
0.08585559683414934
0.14412178124413189
0.711897964181124
0.5164304257576376
0.7122889175562832
0.9710659922632916
0.05336769966677801
0.11287206832935226
0.4378748493347463
0.7005403379543791
0.29755077113644923
0.14325226177660355
0.4978444827669155
0.4737962428878816
0.21017630934611586
0.9677974346758829
0.6005096774486043
0.3161596964827591
0.609712747460238
0.6241511050636118
0.7229376640585051
0.7554692565407184
0.12828951320963522
0.7213090560241121
0.21952190192247756
0.48737677055521555
0.2655894378843049
0.646919453233117
0.17814226224056995
0.5748242071152849
0.7483117973730626
0.7122271897432471
0.0439210720777824
0.10988196838427455
0.14119699526639107
0.39811341948069046
0.34076045748801886
0.9427777269108593
0.18598213934399943
0.6558781766730365
0.11350245054206276
0.705138337661911
0.2861058833334158
0.945488106962314
0.19990677245762623
0.10898623087484882
0.6895062903444149
0.840069228123198
0.6786649886391551
0.2934090562184376
0.9433164458043704
0.9531109731268873
0.2196393837006585
0.6763816942331909
0.9854693285777493
0.28538940350191655
0.36877854615106576
0.9663952632623044
0.43002282205088493
0.8535746394201214
0.8422016476131429
0.6817323458346789
0.0037519627387718746
0.11674078210118854
0.7116339952634815
0.39872193344130935
0.8820194263895222
0.47872095825694283
0.008175125236031922
0.6654327505551293
0.8395520491252048
0.5813834945568404
0.11163649423980859
0.49853802429434824
0.719138798004168
0.7491731620879826
0.3237740706547314
0.3567274992721273
0.08416925094528471
0.92651085505443
0.9425912270970119
0.35715932238323944
0.533588029659561
0.7973678319123313
0.17223471464171536
0.21582580230747161
0.2861768158931498
0.8450245188828158
0.9449679512305393
0.10205628707085623
0.6330793656884568
0.6488055566748544
0.6709657465951542
0.7582241251695958
0.022165582703895903
0.5870384613973253
0.19256297401362898
0.8823633979441634
0.6017695590944633
0.9483631193189446
0.2210384287023428
0.5453724014209527
0.2697269849514987
0.1147432611008975
0.65213357139449
0.7333667598706812
0.8604192062079281
0.8722085778110861
0.38679089867342753
0.7744242821793247
0.2040204996979217
0.8865091629524593
0.2684474015233983
0.38183001478337397
0.629281235672662
0.2084065276696474
0.7314139379942589
0.7387800935095008
0.234926611434929
0.20708384133129631
0.46428784032512704
0.33872387423931183
0.4511192071666198
0.04932139818528103
0.5974843064273682
0.5925145065830609
0.03967600448487274
0.4955706875279009
0.6660897286135214
0.693008571186352
0.08853905785172855
0.20066950155562635
0.6603222109540224
0.6729524439280753
0.33799206694699113
0.3299799227891368
0.8028730196749366
0.6167212719280015
0.3937999633431917
0.7122905683814125
0.5605105490305491
0.4123573436811312
0.3800971259538044
0.7103776731889806
0.8557873253189033
0.47040108406286674
0.4180171329096296
0.30162317561027996
0.7363129086571429
0.4551326992353233
0.7253511288302491
0.6571086275299477
0.7116457358647028
0.29662430041985677
0.6503185843488908
0.12813973313442517
0.26832185392647
0.9954231373067851
0.5375640625985656
0.27443479676577665
0.5936087250766581
0.16061558077186722
0.8124486612290233
0.38203136918590974
0.8978301717026071
0.24970993364906124
0.12747437921833205
0.4641693423949146
0.028642766136548037
0.10637464358715776
0.4931349636898559
0.30094029994314453
0.8774151861277919
0.7985973464751728
0.3863289850748334
0.12075186110813663
0.12538044097043255
0.9450881331964347
0.5825265769394671
0.4729713714131256
0.37014978164916457
0.5808983406665335
0.7463847050099857
0.8491528427052327
0.6595947624389967
0.35948513268600335
0.6964434129451864
0.5060544752695241
0.9422312914154158
0.7961587845089096
0.6413921254618917
0.7279930957640551
0.9538909206154077
0.46784588510251446
0.7523101494675889
0.9136286290178388
0.21449245662523975
0.7818359721896178
0.10149221982880807
0.3638393521533613
0.3446862805384472
0.568607341744923
0.02694060188694447
0.546199982959773
0.18679569698075293
0.09514936860017142
0.48395515609054096
0.878139946782104
0.3081072602917364
0.2150483649651843
0.7765406879291257
0.054581634346202224
0.4950372001721971
0.13112610988204765
0.175704657771231
0.8599653494406244
0.8945205873827557
0.06155592069684224
0.7101777296483238
0.49900959970087067
0.1812053942925882
0.541560293524711
0.6460962919852653
0.9996409137698564
0.8286913637233047
0.02300802586501227
0.7052229847814108
0.7431849020782624
0.15348740290409446
0.7923138338434517
0.4561775775120337
0.807229080627383
0.3273298428366397
0.6469325413863
0.5853256209664145
0.5180447265196256
0.5472325634653994
0.4599972149333402
0.2736559310093317
0.29462098093353284
0.4470115757714994
0.6666181151253214
0.03409341425993839
0.2798539193690177
0.5891941648880531
0.959621653122228
0.7354899017004931
0.047480013261015586
0.4344569381983213
0.8329219805783724
0.6253987501300133
0.5582975653264658
0.34720442423035214
0.10036262708659716
0.6645417644670938
0.45072297509024906
0.18146546543426323
0.5478945025357264
0.7018342889590556
0.6261423286377785
0.4479047950387076
0.04725628335835241
0.7538851285840716
0.21599173167892205
0.2956056609339477
0.2636616796376885
0.25944186549287374
0.37188189239435454
0.7724684637835703
0.725445409402825
0.0026674996546928176
0.48993322593110067
0.25848681352399683
0.7528041691207825
0.5376365340010008
0.7542200736015904
0.36846801662959494
0.33708859690134274
0.7875930635083452
0.05934604079244232
0.4694701014072974
0.7831924901916978
0.38242738835686196
0.5443850570381473
0.7056179688837453
0.2854430265749651
0.30339054992153514
0.023414421394618468
0.4103453851346469
0.6572643219436216
0.8881053493824309
0.5713797881991093
0.10203943529271597
0.2914340125896959
0.20499904397082958
0.45694906800414725
0.42740042344155404
0.5806569830039704
0.3387556751647658
0.9470592030794986
0.8885090144316312
0.7235827382073806
0.9094570138706787
0.8007690764378551
0.901602273998153
0.2666330722092144
0.17627628746563462
0.054009888207502854
0.04504349793575979
0.2575852659056178
0.5518045127636878
0.7991778874673123
0.8771418473150306
0.0657038603633201
0.7042702044114807
0.5959851914618619
0.259267816579804
0.3324198152920892
0.6830014198155266
0.5433819755080822
0.33952725378177395
0.6459470029073507
0.7060826328376415
0.6732610964759788
0.4482938560013535
0.021866755316322428
0.7499230742308612
0.3103184900341668
0.8790833555562049
0.5380101367835789
0.9591007157902806
0.6685036471450309
0.30095123520716094
0.8435530303058917
0.8832163580907082
0.8481231927174818
0.6548645020698343
0.9243481905638695
0.6878172848706862
0.08083220588431983
0.8583442186563832
0.8908052634726183
0.5480312212052728
0.8533564556961618
0.7345266156148628
0.016113924419854486
0.6939599470512269
0.2816364680751904
0.655420076199277
0.39263581921656787
0.937158634651411
0.5556263569133573
0.3344308827018756
0.44506394090799195
0.892159126257971
0.13897340088348564
0.9411383561517551
0.2798252952610747
0.5566054582214751
0.7424279167932575
0.7434335550239404
0.06938243057261828
0.9023200822110721
0.1779702807552901
0.24639775623198068
0.8742327573583816
0.6542567656847621
0.16827420682365724
0.5541348019013945
0.15470219746559932
0.8493900675753231
0.9871850842828183
0.7924201157202908
0.44925233686239263
0.8912137104832332
0.42055821200288435
0.8567229091019731
0.16576052718941614
0.18249941789017488
0.13282928254702642
0.419454308823775
0.3939231590071155
0.22308101092864785
0.7025884422945811
0.05564247689562185
0.5102294183743629
0.47047181694216367
0.8624141046005555
0.39718126765052897
0.3826473674307397
0.4821254818704034
0.44838386822844345
0.5162011030791952
0.13004247960548432
0.05271525255740961
0.21663169199336607
0.32629606032470404
0.4725245756883044
0.6217790907391171
0.061987764919804955
0.5776998683166744
0.5625748816848088
0.9420804678469636
0.2940735960444325
0.74288313586939
0.052994663011750376
0.5293560589861624
0.5081524144644018
0.9900280704898481
0.5204400599978231
0.39858599764742464
0.5834620995290741
0.13076596955018138
0.7332831200242433
0.5650843303381954
0.366325510439391
0.21498601332085654
0.5242073031532759
0.2939974101561983
0.7859179297033948
0.6687282397407295
0.06365281475124229
0.7812306187576308
0.14289743210953565
0.6090814655356906
0.25868790258854646
0.7781694895181069
0.5198488837055427
0.8011186895440903
0.2684078585292804
0.7109818815368857
0.08957339916937779
0.02074193212268316
0.6965106450161588
0.10794713488391716
0.02932537283124259
0.7993274083519416
0.7372423101322418
0.8249133764772837
0.5733307361846514
0.9486336744637837
0.2885997866946357
0.6023621511138029
0.8630564372042656
0.0278257102436551
0.30815544439934417
0.3880082594220299
0.9893032181247002
0.8741018768511619
0.4135559806308381
0.5226184016476612
0.5544559180447286
0.4749065278751369
0.31045965106030915
0.7997168146323806
0.5870815377526439
0.07339593453028515
0.013731506151267836
0.30576353631675335
0.9393270655552306
0.17922464020733664
0.4627537434271144
0.9818605912025757
0.7572263491005979
0.8004785772934143
0.4447491325918683
0.5966621765533897
0.8791570246757735
0.8293355344155768
0.5409023448478768
0.4803598791570536
0.5108604179533915
0.40038676764246095
0.9401236356934568
0.4170348402258206
0.8131608088750639
0.4835165409151001
0.9550723721678931
0.30413862910743783
0.44761519316291665
0.9521209106714524
0.24069296249913674
0.0918830399678906
0.6040781940289305
0.6586715482377355
0.9196636103231529
0.2568239000954333
0.8167358924746433
0.008226656236484997
0.10406978405968137
0.35696163025399363
0.047708419741238184
0.9736613138575823
0.03725465242572723
0.9470782219804387
0.3097231369588641
0.9652279915186373
0.8330371851297346
0.928996149105969
0.1136664644116151
0.8109650146048799
0.570621103710503
0.4922597263734102
0.518781280813705
0.3918959750232155
0.34763823851020026
0.032877796902992085
0.6419034418473915
0.7413293782544689
0.8847338174458867
0.49466326268527727
0.5204291233471282
0.34980518523152837
0.6373873495770431
0.28076355532963604
0.48619837744191796
0.2763455366674966
0.39547205994167733
0.8569602848869271
0.7193432210006016
0.04294348599899722
0.5187676653964082
0.4730394213108363
0.982580759434087
0.9300708670827416
0.401688098759275
0.7642753947978018
0.47345970632343515
0.2627823141434954
0.04947632631513865
0.9513732661019044
0.9470076559785325
0.258766629082135
0.6854039546323893
0.6403200493824034
0.16986419215777426
0.5365665914779123
0.3440839215324619
0.7542906416238074
0.3136638188832491
0.6118535839608986
0.324591803711762
0.2595370395864979
0.976470411809383
0.5188012459092033
0.631014150310522
0.26982228119720775
0.2571429178783955
0.7805761007759957
0.2822092903857656
0.3132332660627336
0.468311576846521
0.8570540900066048
0.5816403371232728
0.9719464139556511
0.9263720067970167
0.6007545130712478
0.45642608352900016
0.1411778310457329
0.9163501758933643
0.21635725056024102
0.7765356387278176
0.5817081557523517
0.5684581890329081
0.4551353501248714
0.17057768638083337
0.7423074720493289
0.9174167953199804
0.9206889618272391
0.8997430460091713
0.6877213623767323
0.9114188613294718
0.6441500235557279
0.7597922658586699
0.7106283185884137
0.6310926923800743
0.38070967040627557
0.6402190679169716
0.3134524411275843
0.11336359413706498
0.5152998187069512
0.08151508386126716
0.4619878384148991
0.44468345240580676
0.49384017879836073
0.21495981879475567
0.8087142998927564
0.8285638975314323
0.5882701469987189
0.9349468364816209
0.8861510454764466
0.9056076321202339
0.9425693701100804
0.4762463016899704
0.1666510642822524
0.2448825361833593
0.4373913225095013
0.7060076009476284
0.988362463686004
0.4022094994364437
0.1997018964510956
0.40154426316818903
0.3546603230822133
0.11376516984001983
0.433329317133192
0.9797733645184487
0.3947051838768143
0.5770207086672491
0.4638907052481964
0.7292645713553852
0.08613040897309243
0.07056638346226718
0.6991615374494939
0.5927134360356233
0.28843625736233613
0.6446927694322337
0.7464926760720687
0.9110254134889396
0.05540414176904607
0.607323100742594
0.0463173954934305
0.7473677902903457
0.7004561181471247
0.3789298851415436
0.7441394903441115
0.23465453876142206
0.4768631649858033
0.19958036561211068
0.5132099614249157
0.2672245528179683
0.7019849652835439
0.8771473483988863
0.9126251643521236
0.7892369566346134
0.3567321430996443
0.5319694421315536
0.9100657312896598
0.26315669081477133
0.312778390286063
0.2558870001880098
0.826603332225054
0.16938104892809602
0.9800612908864001
0.1864367751545789
0.2874135801686969
0.10083485138501436
0.5887913350348051
0.39210009501666543
0.7566715653805066
0.09535754138281749
0.005665577904499619
0.826698666401364
0.15709608319450918
0.5827767934847916
0.6234964743911032
0.8900993504473999
0.8114391831175338
0.8761541541517517
0.4207729977407306
0.3906005933982004
0.11698511720283844
0.6894429709344351
0.5149807940123596
0.31251261681913745
0.05380878321728433
0.20957691256731614
0.2566367283485126
0.39910162785695613
0.7602257126352243
0.6741124458055017
0.7836975458014325
0.893499703429689
0.988324929867601
0.6784703946311447
0.21909984250710657
0.8420945293266883
0.5819449269837128
0.7215675596816342
0.9201418972230831
0.7224942776332084
0.8829751664292047
0.11646081244200457
0.23568844548577694
0.6292746305096577
0.7531559339928606
0.6390009724197453
0.9086686467311823
0.44964496984396773
0.4134818058645008
0.0978400100516782
0.8091454017982218
0.7427772917497382
0.14369084292464007
0.40139259700283314
0.45243981452222815
0.04133530658974094
0.6041948121839815
0.551833135196689
0.9710698648537175
0.5655903790199619
0.886012847653433
0.5049572648597439
0.7283221585140783
0.6518262479813581
0.11239757415151286
0.4548055402709258
0.8456417069906363
0.9845272342163711
0.8958863340557964
0.7546941515135854
0.4728734465888512
0.6396984532456843
0.11117196525048334
0.9735839045609745
0.0017733699792932267
0.9959725058916986
0.29180387444545663
0.2396999783865542
0.9464496717950676
0.2652720532609063
0.5272483819306444
0.832117187372127
0.8142191871473051
0.035422136730621556
0.8104402037140132
0.8555502400539615
0.16463417262183755
0.1747167275307232
0.8557603662492226
0.18335082328447283
0.21985881947549213
0.5776833855001445
0.9722828958441501
0.10679074045114234
0.9861771214645743
0.10096921112451607
0.3122167019207548
0.9178249865567816
0.6714924983680552
0.8099940652177683
0.6465655906242728
0.5003049026727078
0.9537602103333066
0.6872151856461655
0.43711674864280103
0.34154393231894975
0.2684096614448681
0.3838192272325859
0.20589239097815648
0.01608270754633845
0.6315954961278889
0.04528503654274618
0.23139088040488032
0.25761121062308845
0.700977998313343
0.5992443343749075
0.7941663363373571
0.837646764697688
0.6284652923631725
0.1856246397504232
0.03144216089117935
0.6255421506971219
0.5779567953926068
0.6610590713888815
0.11638404981475081
0.07777062552736425
0.35700046523095774
0.12356409397197887
0.31386686396165797
0.3806987863079826
0.1351676343615621
0.46818264573686397
0.9928839138382484
0.6148085611457887
0.334941195169445
0.269184213469741
0.38124019875627235
0.6860566707205324
0.7861231109133666
0.29988466636063305
0.09523940052296576
0.34487897749939045
0.21554285487059643
0.776634656867513
0.3774910584953426
0.04271146342208032
0.14023885161806326
0.47532971349610476
0.8118597336748772
0.7911996789902438
0.9162291007882515
0.4414742950052163
0.49184905616880525
0.45638493218045506
0.877521232879834
0.9619041939262953
0.6339702821339207
0.7432730271641389
0.42993668733977175
0.13401281121799302
0.7343704740028927
0.05983968881444768
0.4143155128906111
0.04992010552346471
0.8229772032551316
0.32089029296605975
0.830159416334721
0.09696415190131369
0.7815696897252157
0.10314657238494396
0.035366142975096215
0.24177464461718134
0.0960666616423208
0.09318229951791057
0.5527387048364714
0.6803411060070655
0.2654104952731333
0.38140036198153326
0.1788131244679786
0.9015548942693109
0.5763086122993638
0.9811687187467962
0.4262947462420349
0.4084794574303028
0.4287280465297638
0.1344030058935719
0.9158388852312875
0.3214754491289745
0.5585206841327667
0.920998399133607
0.1082192802240487
0.827459984465927
0.4411126754988606
0.03026335175588979
0.30549151916869977
0.5343139095625623
0.719331798679496
0.8798070316931058
0.9893771382936598
0.15075660866463358
0.5894769516779915
0.5302896562023827
0.14958273023142854
0.6938621273405106
0.7737570320065508
0.5532443413436036
0.5319875494153489
0.890211694348418
0.3565027236073398
0.8955316168527283
0.34838080723873543
0.15029152267815482
0.46217094746462883
0.17056465150089062
0.6894540977500612
0.08769800801822691
0.3700551193716314
0.624086711355882
0.7099583923098282
0.5179473238219958
0.015601673966886942
0.6115839077672153
0.8761118747273141
0.17708101864612635
0.11916625353530363
0.6049658366039398
0.6985933849793006
0.47476527638029875
0.06938784432393807
0.005791409111589485
0.7025241329785427
0.8795186697837364
0.5696572991042096
0.8330938693309088
0.2685814706049846
0.9986915965823303
0.9094525007250192
0.5419938865766816
0.012760228302427623
0.12725870653522298
0.03855009897531769
0.8112061999258702
0.7100650003609561
0.5957231749169137
0.5256049107395028
0.3739236977337278
0.5790861608932897
0.8832873558526183
0.13324026617269513
0.27139545726848435
0.12373434437825093
0.3885315316485304
0.8131640999649976
0.1700762929609584
0.29787487263679857
0.3764495795740541
0.0341024512503163
0.4766792256645527
0.08730464892717471
0.14487951060993798
0.5894524878459553
0.7635055527786093
0.6394331177526027
0.21643858777045244
0.6699438121617427
0.4530983538001996
0.5344331218478545
0.3609452595998517
0.2578076385875693
0.3024592945288769
0.11115683945655508
0.07580749133412279
0.7137393511962982
0.3688448777749338
0.634103937206532
0.02633789106096951
0.6385311974485999
0.9194403333357638
0.7939101742415474
0.4462301687748018
0.445820931677371
0.17522690451310619
0.028602209480315555
0.9425510673483356
0.07889112690674904
0.35643423831315724
0.3782531989514766
0.4581802653605157
0.22646502658723566
0.6764045084952158
0.35361346458143084
0.9888561058924202
0.6253916177557335
0.8043233249514767
0.22415809579467405
0.022621308761625047
0.44331401347314836
0.005701153311151397
0.8201915099031905
0.5142868514801496
0.8958298575756479
0.7024873421255013
0.2093526267368604
0.6072878475684956
0.44178127586151894
0.8874055051880086
0.5957109450348496
0.26810244997325694
0.5614475951441185
0.5310039602590224
0.8585435870275798
0.11421545959563884
0.16781038346368793
0.587689820913335
0.11813514334466058
0.677924580669287
0.27019620682441303
0.13265331538688285
0.6837997320318525
0.7198203232112403
0.5835108076665733
0.29926529985656036
0.7128615121248185
0.6457264527815325
0.9469425466594531
0.6704096133558204
0.27966988000227444
0.8166653763822963
0.38499883403668766
0.6672098397188112
0.3071366853501054
0.9382269352541938
0.43203578310700474
0.40093256860526216
0.312229289442991
0.2047974314850982
0.7229480919971941
0.8342758228038908
0.4116976900005509
0.8326170025618471
0.3805917422829035
0.1462315797370921
0.9888382059092927
0.8888998915841582
0.5205989266712394
0.42786927620627824
0.4818393502143663
0.13911295048935457
0.42634048987456996
0.5469451971484596
0.939013122996581
0.5756251244412048
0.062494713566032756
0.5017772647705651
0.5116413077962725
0.17173739655657005
0.3592560615546765
0.4431092684495167
0.11341289496297036
0.6246155927199089
0.17721172373795024
0.22960878473435897
0.7189117100836694
0.5214703664272001
0.634098735835238
0.9456061141217764
0.04858818665766795
0.4724067362081311
0.3569490234530024
0.47954619601208837
0.30866716947382944
0.9473003742064302
0.10008567224529219
0.5242522443954588
0.06790075732583445
0.6725983997002862
0.14281014562099348
0.8691555359217695
0.8545318625106083
0.10861550077896964
0.4564689216864981
0.8454097885975784
0.5759398750914231
0.6911601509688302
0.23540279373675455
0.23128987026897352
0.7281154996018634
0.6543572534525964
0.27333698241258253
0.7404628244574114
0.7932839114346749
0.3936163530928889
0.6798243425928036
0.5364577729128082
0.04302011794351002
0.7090318817737645
0.7778301314233143
0.8182424608296706
0.9238261050763442
0.44750088131908805
0.5732581776977084
0.4857506242787557
0.4484433188145779
0.052444245956872915
0.17134136847208792
0.677201373670204
0.6803345263090442
0.7199762092794249
0.884168360377293
0.029434768235246822
0.12286065986720796
0.6531157479594393
0.043761833572009246
0.8055244762492845
0.19784214793570543
0.30191037170519575
0.8184541390900609
0.14467516830110727
0.6821430601752585
0.5811640118786294
0.5977574593108148
0.08045390402920893
0.9469992483168774
0.7635701698685232
0.13046548734389052
0.2485982933118337
0.31020447222642045
0.3641103974967759
0.9210897597545299
0.38675318419783133
0.262376594486173
0.28863729905937163
0.3564574021522038
0.12153385687257368
0.7142420579748056
0.665435945678242
0.240364267335204
0.8790411771382759
0.14481317914157033
0.7480295548612096
0.2667619465317219
0.8108352801813372
0.7697166969611039
0.33964562826571953
0.7851622994960243
0.07294389668861345
0.0685608726398832
0.9564609433546497
0.30997652636433315
0.09158180938158322
0.048771195668407596
0.7357390035420953
0.3914441863523551
0.757687076091957
0.1678404587005099
0.28188922967611385
0.36368068973163425
0.8612779841877732
0.3512818874329038
0.2657710418716175
0.31204088530927954
0.20041994504659733
0.9719951633456475
0.8430133887738561
0.6317157312763184
0.6027850317095654
0.9552686007789588
0.909576694151932
0.7112722169972527
0.3539043456920633
0.0961851692647484
0.7403561972180609
0.3452225013901349
0.08050039160930333
0.7377565203680265
0.1660748554578334
0.36512312593757523
0.12355641919923199
0.5799237152875278
0.833579270982004
0.24174314365474658
0.16695884193906474
0.6636093700864765
0.816909613521631
0.645780043028089
0.3699722453535843
0.09448288873575306
0.6974798157813683
0.13832149695354634
0.14084891742613237
0.783957326537688
0.509035307988984
0.013805018381511824
0.09268859968659071
0.09255452280045284
0.05442744378618469
0.14393700124241737
0.9486421221818968
0.6086091592980536
0.963601391777794
0.47332791398421226
0.5910884347849072
0.2515599746955496
0.7311180072551356
0.23962007476449265
0.7777286474936264
0.5657081720206095
0.20159550639970847
0.22424421872003442
0.6211405275906516
0.03324952711178908
0.32094547673525775
0.25890044082862473
0.31301113488870225
0.6965086741643786
0.7503553227231158
0.29667455969031575
0.37556387677943315
0.054877070688755025
0.38370030160370194
0.16576729935626378
0.23692818727508358
0.844836273904711
0.8032310381961831
0.7011457125560825
0.8715068495001945
0.859312584417511
0.6717445985724285
0.3930208781474376
0.2463554472805337
0.9885741776259227
0.8069907981521791
0.24258346288563326
0.680287682785995
0.26948791170242004
0.22300493027782753
0.5657474884679198
0.20495914149354932
0.8010024549161272
0.56068289054256
0.08020581819538031
0.3651713588040344
0.9837770025339365
0.11564390230181876
0.1923250268293163
0.3555595889522203
0.8906377054131384
0.909223078066788
0.08052391376314261
0.8347267517774634
0.8704555419095389
0.23811398399447703
0.7685113358542613
0.2942185711582991
0.8408487047514276
0.8986908212728518
0.9359183809089466
0.8894370370622912
0.24928848714744023
0.3192337461520972
0.09737578682179404
0.3454515509584398
0.6798297571142371
0.8748525925531793
0.04253967420906235
0.851778162292554
0.3865857970978531
0.6633805873803323
0.6909236876194919
0.1350299683643299
0.21417819425106654
0.15476301850080554
0.6951582133164874
0.816694434896257
0.7107002770806331
0.2525844548416757
0.9544463477045252
0.32652017862285965
0.6837673450477739
0.48957797062651087
0.5350673102945587
0.13292243935251213
0.7888834632245629
0.06142228005809325
0.0883486559332618
0.06133225059999581
0.9786027345464113
0.8866892778792849
0.32093241476743506
0.5072568782928011
0.23194027775926118
0.8841850362181561
0.9355314435434241
0.788400733988234
0.17408883559172295
0.3072881891271163
0.9006853146333091
0.9671897344207856
0.0071114708197757
0.9488522077924062
0.8036639415338933
0.35552486316798293
0.440981181372162
0.5437218814863768
0.2599154135911862
0.5676012233504382
0.385812916166844
0.660675829281383
0.7673964519669645
0.9725501748558539
0.6810311577917861
0.5549528656702437
0.576864254613101
0.22319105856810584
0.2967919576289224
0.5920304326404997
0.8379586757740567
0.2084823026769227
0.15764521608851867
0.7858796765043367
0.5563420080579509
0.26329773719037597
0.24233470406241064
0.10778186924697153
0.6950175152877321
0.32930587107924414
0.040839937625512523
0.4425181487189469
0.6489541946431013
0.3241397649133849
0.22954007151016986
0.032985295717531504
0.5252629421814355
0.42192812083439846
0.6048965057664328
0.4437730735336183
0.06439990571596366
0.5615367945777899
0.5619952052754121
0.29810197390437443
0.6717383207532647
0.5426902688150542
0.39840770557888616
0.41869109834044327
0.48461030351753376
0.6727360847892053
0.5969875489804014
0.5267704580176986
0.7041115520456103
0.3891165594093656
0.8038454636098229
0.8630526888476354
0.699230851733574
0.22736006824156574
0.8738108539571245
0.5181169246277305
0.28865875435384414
0.6501103673144285
0.9387948084036587
0.20691271226484464
0.7022814494669168
0.1691124290008721
0.7132683037446659
0.5989641171238367
0.8224870509739387
0.8561616593746438
0.9180411262000864
0.3418684604305988
0.14053512775741073
0.712521191398876
0.6048424430547862
0.35088520475169016
0.9736620981016287
0.5436632600653449
0.05203116666268104
0.7177326172114443
0.6848499877950089
0.010753537453956463
0.3552090335519603
0.24091922401385202
0.9319327558494442
0.33120790471385175
0.3386374886712622
0.5107320429741079
0.8346009729076247
0.7211035206828779
0.09657387324101507
0.6645504354838182
0.4806684145357696
0.0997590525930071
0.37202533352544576
0.7425034262020231
0.0970644741715122
0.5982958302013128
0.02718673311678166
0.22094364495973173
0.31123978870639624
0.09212270132454936
0.28941717918380006
0.9686048597804829
0.6207628163441952
0.9973616847262653
0.7600965804891913
0.27710982094867453
0.14490845747314707
0.046092623440379454
0.3438119129002628
0.9081863200948144
0.8680386968535003
0.10617198831733998
0.7741178472697068
0.817641786509485
0.2443784860856637
0.9996596827550754
0.4491517103466963
0.04589839329864209
0.33537248543883025
0.1259195044719852
0.48245995128043384
0.43412247914811897
0.09103361740602833
0.02364796358619603
0.6884688335396062
0.3711176845015469
0.10114554090896322
0.5010164316824245
0.41531593032053193
0.3623891848554115
0.24434934073495806
0.6799196661559456
0.8909553722734133
0.04856997466960966
0.13958240311892667
0.5333000795842621
0.34117334038934455
0.3784274851395323
0.9545575142413129
0.15553371287629136
0.5035028516774706
0.6061059796154847
0.755117057777223
0.6644161525377837
0.22264315041818117
0.6237239538374143
0.300767377246019
0.7337357874506164
0.346279446435949
0.47851853133974365
0.9772230170347688
0.5305035272975797
0.9043943728002602
0.06580581103295591
0.5334616331513442
0.9959374374490173
0.35217843796226667
0.8135672443250987
0.8434646818698636
0.28591323021702897
0.9946319158241306
0.5567951569307568
0.8396976301957532
0.30195013394160364
0.8547487270706283
0.5548459270265443
0.6035458098810006
0.18375624921661426
0.4697973297021205
0.5029971538669977
0.3751871532210612
0.5655587678424749
0.0789322155929375
0.638687929484127
0.5756131706819958
0.8922541783036428
0.03693493868710096
0.9165830711500484
0.6366377597242716
0.9673136713528391
0.117974835926693
0.47695726706681296
0.5894619674266104
0.5878203558295554
0.3845754790517957
0.8676028758613511
0.3849944004893574
0.9297382889779797
0.32007971165703597
0.30195812981094194
0.7859088903695316
0.8766606861616676
0.7035569880300665
0.1862711658297499
0.8736381898578256
0.5449723936649367
0.0570803660322966
0.4265253191451218
0.2702217909039202
0.7582015270072389
0.8270598978054743
0.9501873189016098
0.8111963946556902
0.46392017429543286
0.5655049054684724
0.2078515686607988
0.4964507716711576
0.014878235681033303
0.21668363463207263
0.7555406252806757
0.6042723234045105
0.46270538938418215
0.07276215526356977
0.660569236048938
0.6069783663078886
0.2008328921778767
0.19610645665697746
0.467706865893162
0.7832341259646878
0.7495859935096716
0.6946296911008067
0.8643765632093872
0.1722353059478734
0.895084630648813
0.723535569298555
0.41833626130374835
0.9484578069713446
0.8894239498715473
0.7888826350305082
0.3924567871440813
0.9556873646211644
0.4023146995927104
0.5949323438170622
0.5043269682008318
0.20311871691280325
0.6005161836325353
0.9364797641273276
0.9598532034014953
0.18594758866398087
0.7676063541472826
0.42225510945739964
0.8261557187211169
0.7901327461777001
0.7537615654685819
0.6623231791721176
0.6836134068077977
0.9604780902894111
0.6701648261954672
0.5590715907221147
0.21065464801556855
0.5912572004647776
0.6832369536630188
0.04000783933425678
0.44208036076399293
0.9564695913663251
0.43736366609382904
0.07947948508600888
0.5112200522602339
0.47911542499361615
0.7115000543348984
0.5394003353762777
0.6041098672924684
0.1291325323373249
0.6222022224639778
0.7713121182745435
0.27921482838756173
0.4579291130645825
0.11870677703009913
0.0705378705576497
0.024701792717927717
0.14734851275950334
0.1513204284925408
0.039645694871143
0.18968662720589458
0.7236824963991906
0.9733581862923713
0.8403661055538343
0.405591065441234
0.2248361161311606
0.714374698327374
0.5844957538470703
0.38739474950731134
0.7201678422015171
0.9792381493798247
0.8316701348261555
0.9710328206820855
0.4139785420238109
0.1852150951844207
0.5717831163043557
0.0695748720650059
0.8558971906020003
0.7709327719965979
0.8857712180689005
0.6046423757906093
0.04535199732744455
0.9189118586544299
0.19702220809895477
0.7155398768785771
0.14407269772597675
0.3810677061398575
0.22482468053540272
0.4091611160231251
0.6343783160832217
0.4898689402355919
0.2772991876596258
0.3863397235100766
0.8861039221073936
0.2526119496580528
0.8846776868134139
0.09975363685035743
0.8842011549257938
0.8043064755752826
0.7924045556415765
0.07382363888796029
0.9695554651657372
0.15384874445793562
0.5318667518459652
0.07969032903224205
0.6028369037014005
0.1006817073291737
0.9427551975760444
0.057081125146164924
0.5118132481198123
0.08045263161938898
0.11771488683141418
0.07070264442691199
0.23015509156206027
0.9328751736757226
0.6725440218941684
0.31559660867279116
0.6142750534062428
0.9676898362863968
0.14475328270069054
0.01040836347451879
0.8720645599492323
0.695782997835431
0.6437672694769604
0.8622034183227402
0.054691459614738536
0.4923020066016711
0.375643003189148
0.7863122537557263
0.08090651070013632
0.5137822293382349
0.2648403980014895
0.8189329534074439
0.7718837410854319
0.12307830845173151
0.9629619366031194
0.40416766993799813
0.8319639735833888
0.7208432488104985
0.23511511737474877
0.7369257185324155
0.5457777949376968
0.7215797121721783
0.5388807620707521
0.23531817873112637
0.29799072550193106
0.46303683774137383
0.12425065834059179
0.03495711055477502
0.2794450711657753
0.47800605657274287
0.785995918111074
0.41208109256377234
0.45754237121088503
0.30849398607281386
0.4549187021865485
0.6951231637457311
0.08889596941476541
0.8775069116789623
0.9407673092556315
0.39493638169944356
0.9131801993092017
0.8032738791240059
0.7468778780824936
0.7700292812872238
0.8671954281640271
0.9609968300448568
0.9837402351408543
0.6404678465043732
0.9129903664771096
0.47942942939446553
0.09165551493075985
0.4775047793431837
0.16614295314868233
0.2903925600128049
0.9195612730247422
0.46107904825740664
0.8070035879752018
0.30246078925935826
0.1825706642457291
0.921301650796062
0.4786912802892501
0.04689511355941234
0.15765474610660235
0.15299913881445937
0.8085953577391399
0.38565371879850086
0.8776289190412094
0.1039225629928493
0.3142037694183718
0.1616612280436157
0.9160136759091336
0.7108976095608565
0.8404135198047937
0.17745722363251648
0.9659072306256502
0.5233806612553905
0.06118903973327372
0.8891384342213186
0.7357505506005185
0.37454601178408753
0.33455567129474395
0.007365473461909744
0.8606877510723716
0.8092340187808408
0.2410614508508213
0.8457434918034002
0.6645908691825251
0.6439628221343578
0.5630810095020422
0.20646321560976522
0.17102806911104584
0.5618000043664235
0.947990408278558
0.4080302499765802
0.039816570993214784
0.7614119582721167
0.507448318794454
0.11127587669307504
0.5248792841493557
0.047737102895217376
0.3701474594840435
0.29784724374773597
0.44667225883863815
0.5611023432796423
0.20401474586593582
0.39161811787882617
0.9398367924388724
0.02048744206638964
0.723506171967512
0.8641670349019248
0.3276160575509991
0.28084618637415404
0.16628807905623066
0.30125732894505886
0.499682049156704
0.3412361184336913
0.5776820792910605
0.09397094556264718
0.32565839762520876
0.17402529824215496
0.20080670204906714
0.5558344010007685
0.18828384957531352
0.02746330928627283
0.2537668367495699
0.22364872193621677
0.5095873566566095
0.4105288686330014
0.5151958106645904
0.06417070475925923
0.25583020581719285
0.22678115230395857
0.36055926842672836
0.9325936699990941
0.23610513931510146
0.8271035796310856
0.6912739354401235
0.38949249314993173
0.6965246831381995
0.4982317717165745
0.4172446588207396
0.08298484815620555
0.6061155848867473
0.14492358369569913
0.4226227753639573
0.7059648474923655
0.6299884219386536
0.5176691541381703
0.7330290151724529
0.28646489958803534
0.5148046926266135
0.5702348649006141
0.6531624375112978
0.5974915166197139
0.16899068538322848
0.059064552468301446
0.7413781554849221
0.5101562413751222
0.14709729088145196
0.9459265447352347
0.9812256380411091
0.704433999724493
0.22647723218578786
0.9669258414378147
0.7843096744281893
0.7629185557255671
0.6236067570055299
0.8255540871411083
0.6151651169739244
0.17222951469372383
0.8840988880956137
0.751198315582169
0.6545195828692216
0.520659088255258
0.2528071521303972
0.31322705276068663
0.9859487461664761
0.24161387193891926
0.6467515094064921
0.6860184342270235
0.18233674012661616
0.43764916839015977
0.7261018680021836
0.8577367218192432
0.995734745033181
0.11879943792833325
0.03833094813445481
0.19573498157235425
0.8155523555318949
0.9534924841388089
0.2689637253517757
0.7429934647016982
0.20936036368720568
0.5427956539332361
0.4968539987988113
0.1937721808642353
0.5045166898162792
0.3693939148307058
0.3516690681233752
0.17764367377930312
0.6582563047157436
0.3338078331958154
0.6088488815589417
0.3509392861111361
0.5755048598193294
0.01284371458803557
0.02175448692713111
0.082340575904439
0.9863475862686807
0.6572804037179879
0.5308776747538414
0.6383573243076931
0.43677733949482234
0.39312006393467047
0.09775097125220289
0.9436728048876409
0.584544267052262
0.08250695008946307
0.709612674779339
0.07376953667481434
0.20249755712057782
0.3593056552607867
0.5734105721807783
0.63609171066736
0.6462474046378686
0.42904408995090915
0.10402189831334363
0.6697372871046586
0.9808705385475244
0.6150341543511489
0.9165617478072778
0.4640778742664533
0.17379891311851348
0.4621115684179232
0.0770169473797574
0.7759112444406374
0.7503819157144964
0.4371508876049668
0.6032247497616949
0.7844992210911457
0.8044374440254936
0.7818219458763285
0.43979952029341285
0.21490855456435265
0.30551065008663814
0.375376284688531
0.38713455986144896
0.10563949158874342
0.6442130087369407
0.5601449995809292
0.7739463926707961
0.4147738952551774
0.5343961931235194
0.9001360251333841
0.23973698180917336
0.6797985261818252
0.7302281235603286
0.17843605715646216
0.6081100925056551
0.7634699761274306
0.7981846531521751
0.11230385844965052
0.7306888164296285
0.5345303787569966
0.7886787614675934
0.30157113047646733
0.6553791501937737
0.7427769820558964
0.9728467530151431
0.9072511280956691
0.9872682861604393
0.5670568560843575
0.4638105162025743
0.6426892194450081
0.6547249379178051
0.816053250096382
0.17217664244926867
0.4488947315654769
0.9818736171412236
0.9207573913895135
0.7791905440613289
0.3730631170750057
0.5166010319230738
0.7656976989568001
0.9141187522594345
0.4455551403032665
0.47959639890583505
0.9463195390175742
0.649164926694463
0.3670698342516068
0.6126096889788412
0.9385517154471761
0.7100242269884858
0.7604443235680628
0.026586000123744902
0.34804008760222593
0.5584509565052215
0.29447524470586206
0.07367574387848896
0.7904539401879656
0.7828381789058559
0.5358819589448878
0.11260627280047797
0.05116837370082894
0.4771789489791408
0.15244327462667528
0.22372913188139731
0.8029429330069067
0.43198470903892705
0.7483044673268594
0.7677160681010079
0.19585446722810873
0.7223841301746471
0.3841155404787129
0.3261597464561984
0.7642339322991599
0.4086257147217215
0.6656463672517454
0.5253587130699733
0.510045589582629
0.7176664030560493
0.34421756596401976
0.9408180027482298
0.6338389315796058
0.6424192988270289
0.274125742883913
0.22057498463172942
0.5848112713915788
0.5903638410438548
0.5062289407415821
0.4721857561119368
0.5471290183731227
0.2911515325283608
0.793912398975932
0.4648040193623749
0.3615838172681485
0.9105537561903466
0.3282458367046902
0.5879398049430284
0.9822629818060605
0.03359589675036456
0.9097112549102087
0.024684715862430373
0.19421537027363922
0.7862710195779311
0.08311947412915943
0.903561055627487
0.7037594370921828
0.29465464373301464
0.11067869340108438
0.0291885523616342
0.669504738623011
0.08458342231056715
0.37935988592029124
0.6298140265416347
0.5383542110765465
0.940267321417517
0.48535134782552125
0.2906895381954827
0.7081730984046923
0.37779404510654546
0.7898889691109665
0.7525567811043744
0.8055812062699992
0.18117645804408222
0.02871627069908378
0.0402036358400798
0.6390702099414018
0.04996118808707739
0.5588598965864079
0.6100834910146701
0.32290491074228433
0.7097805902516255
0.5479849694810607
0.7705361421941804
0.7387215553076647
0.29901285994135807
0.3154548026192532
0.7709641306127983
0.9132144241025237
0.8198434194373202
0.5168242147645021
0.6370586903586075
0.14681166503493093
0.26391873171545077
0.2870218019395121
0.8317908872837544
0.1131443672688095
0.8624279529800972
0.3322861311370593
0.5376931971527702
0.23633444325839337
0.8992795886752852
0.985457873533913
0.21148738226496344
0.14223625884613023
0.4964161449687835
0.11767650114353145
0.23075007095023392
0.5846073852411385
0.4363341278094681
0.35010823062669827
0.775715033080738
0.2505600015814662
0.6291429472413791
0.9528058528703311
0.19462419866945158
0.27117949326049895
0.40295459734120986
0.09270583939682464
0.19603606425135078
0.9791792620857543
0.1531123105401737
0.7891601313925907
0.6957802778004938
0.2130944241910221
0.9082950411396866
0.06908578970372148
0.5584580571512315
0.4883134055625248
0.4084140776117675
0.5197117799662774
0.9292090949193607
0.023134450471485213
0.4432048884580484
0.9281523648361494
0.9405213670501954
0.3360809357879153
0.4606557984465327
0.7749362059930722
0.8188828821519057
0.7764734276488764
0.8830962558278272
0.12667124074605418
0.3918573628981168
0.014105558463633927
0.30755082230066355
0.087487702235998
0.7496143193229848
0.06983267560194462
0.5578461815074407
0.038272395123497005
0.3633213498456207
0.3819898317171273
0.30285309868654575
0.2599457133429044
0.4145859420351272
0.8695389292133976
0.08595133028482638
0.8124654868062038
0.3215984855406534
0.9031090951817884
0.42399045421893944
0.4196493618332682
0.5174197279077272
0.0020583381448235905
0.694016796396894
0.28825158578259225
0.29139253040936397
0.752825833117972
0.18760913847337612
0.05567466265569476
0.3415639055865901
0.26811010220658715
0.24430953021042268
0.9029745883695673
0.1772871634686891
0.32898784827554395
0.08115834381895415
0.3224222373818598
0.8260922979016453
0.15069328562764261
0.7969618813590318
0.19524865894284593
0.5368418379670711
0.5849269979859959
0.6015382910695432
0.8439880759154635
0.9788998006430595
0.20367965820683698
0.26609878971205103
0.03146111551772335
0.0843980572887687
0.6746873686223956
0.5057008260799324
0.2326668709837395
0.27944778102487666
0.728140732228531
0.40639466562535076
0.03750740903947403
0.29185059981771244
0.8471073749571709
0.5771825273569462
0.3042616802149807
0.45310752017082034
0.07678231604850749
0.2630701948611265
0.44845121593594706
0.7416220046938402
0.8894096147212477
0.4531092764988115
0.40553214276779437
0.9572505933569498
0.2634997212000937
0.2802232494893372
0.6477548682597613
0.8876707794473074
0.6654181384324066
0.023044873776222552
0.6858330843329671
0.14817516032631473
0.32046201636672955
0.7254331631707126
0.4333029267977013
0.4644289459363943
0.5662681665767787
0.04892271018026284
0.3414321354012988
0.9078824272447782
0.9018091049148919
0.9108962913068551
0.10230686758193352
0.5193185547606178
0.07382105542612394
0.16260359435499072
0.5487633033223037
0.6733440441783131
0.9937006697962316
0.7516569126022524
0.41757564754405607
0.008492580180809672
0.7150894111304991
0.5913210185983845
0.05955593422128991
0.7741123220072919
0.2046459272403065
0.30918317955670194
0.9227737937437579
0.8089306465700061
0.49104661182689124
0.7949286015493746
0.6666442277755652
0.34806061041925374
0.8364141533678193
0.7839339104678136
0.43354801416864697
0.07296066632590625
0.31444928980036546
0.2976669607939003
0.029501666363444423
0.41500854225729167
0.1639930758321526
0.03901985639911931
0.18786590382049717
0.5173239147937694
0.16206204727009343
0.5113639556383561
0.6086603385397757
0.17527835274240777
0.08072407548977156
0.08715410999351603
0.3610000284023849
0.8231327896607568
0.19473235309430237
0.1293249505414219
0.7817281415244799
0.56420092005057
0.35992404337049555
0.5164429044835369
0.6770481356839502
0.17103327021284187
0.5558544614136656
0.2774311563024535
0.5119987437122929
0.23551221558964786
0.8643438183420116
0.7820205375680468
0.47896115094066594
0.7497404602152546
0.4569911756648728
0.11475221867670016
0.6444590754218479
0.33143405334323206
0.6238081024316041
0.9921494914769284
0.815878865876119
0.5263040561444576
0.38338374578561185
0.15888158040195743
0.14263151889751358
0.06800659888697347
0.6290513070947349
0.26246463446426294
0.9254356381687696
0.005408354508836699
0.07969316190877473
0.2479923012181221
0.21039689891003066
0.7840704093952495
0.8257296853881804
0.05126250908133889
0.08381768594960481
0.9088345384057739
0.06980945598131894
0.8323625941708157
0.4203373494600119
0.8898733576598341
0.4403266386711413
0.29895136608056383
0.6781193756602154
0.7644333802977984
0.40695046165077053
0.11740447417836986
0.09291286316099845
0.19390539852550015
0.6923239983426401
0.9823475386235047
0.8199156973029673
0.5017183275377529
0.09783944014681423
0.7516675254802017
0.21666884706770628
0.2774619205140665
0.8442246192571137
0.1095880514056976
0.8892702697590043
0.38068069013056427
0.020627314151054454
0.12309473792182624
0.8379160184552057
0.34081291795306834
0.13480470605744743
0.03091447093623656
0.22296826691980642
0.6872940917118949
0.3793234406456468
0.618904590658122
0.6213158891730024
0.9135036037329284
0.5184016085598263
0.07908591107314666
0.8068904854458343
0.094647400911962
0.8283156377753204
0.181013816757141
0.8174148755622185
0.426944856345843
0.16068011657955106
0.8043966441991748
0.034194394174572484
0.1410753986841049
0.9882985716349674
0.24654495287524358
0.20939110223299984
0.0399166946275763
0.8000219806104105
0.25521708579608204
0.711447971322592
0.6008789884223067
0.23360833835772943
0.07066961644915659
0.9919336589271628
0.6331863951659921
0.9886752536530897
0.9535304607531961
0.0940818729498536
0.33966840876237214
0.8668217441198369
0.8288184781307378
0.9575477009753891
0.5218100254052285
0.6941817127960257
0.8413105495807552
0.8326026051462867
0.5039406949146418
0.8349391263473926
0.31709138127757575
0.4580519999396493
0.514375691438713
0.17080030652203404
0.8140678957921355
0.3260664770061106
0.7037726585490603
0.21507947348693413
0.07342284271043553
0.8311303747690703
0.31790666807755186
0.7863683957698229
0.049913192892834135
0.997853356195585
0.6616891576412576
0.21099975095561552
0.995366840344904
0.5233361774095848
0.7272923682611443
0.7539289028791724
0.1728590583088071
0.55354694740636
0.1726113409847625
0.13237117724922276
0.5709071640292384
0.4068577867669605
0.04135282349043812
0.3835068240291132
0.7932171145008194
0.32417448494108236
0.057609996014615805
0.11233896951556499
0.8886890099845545
0.11852591615099095
0.07650398406313608
0.9289277314912696
0.7302706512022156
0.8864992965100162
0.13627505241555238
0.5121951111860001
0.0781938789666764
0.055489816226340305
0.5791785486609199
0.188082060198153
0.7259918970142641
0.12003987537223415
0.5935230940946711
0.6514545756652926
0.33786303680543595
0.08872529301647902
0.1458607676725029
0.34077492713093327
0.5667116658034602
0.020470999242414467
0.18655933278187886
0.9887869600150085
0.7706147579581538
0.5262780903588928
0.6170672657842253
0.32541167666256576
0.857700999063807
0.018567163583183666
0.055070755953376405
0.9728381346903862
0.598983341011374
0.25623124072313275
0.6417074284523304
0.9969231234729409
0.24318038445856338
0.972462282385594
0.8400424787079961
0.9963846765681265
0.5967392291114018
0.25205177586661
0.9430015680417398
0.04771956953658196
0.4987355486878974
0.8613639668546579
0.771714971718886
0.9829785282852251
0.6963810714186384
0.3037489240620801
0.698665949152025
0.7918373838173344
0.9170879766703436
0.9220475340721723
0.271304808817286
0.7322292993977357
0.8955167294072798
0.2683928092763421
0.8818968597385772
0.1934402456147275
0.5334609832303407
0.7648396185157502
0.10313781703348301
0.34700388682685035
0.03175915145740649
0.47964433644815074
0.7512621595961142
0.9816965186344249
0.9882159817792969
0.446791457655058
0.6018255582816249
0.4364670356948622
0.3997755434907214
0.05252176735278746
0.16126011011913655
0.15095786562917457
0.10234540593956998
0.8122463829136891
0.5644819992818962
0.8364045443728717
0.09682725577692497
0.20620916419213753
0.522344583105195
0.04912956113155109
0.4831365153182289
0.30160093990971626
0.37827397267078844
0.5770017018207588
0.6274210251468568
0.9656811223879491
0.4147413786257125
0.03669120797847625
0.09117927355104616
0.4077996388032773
0.055877211296564644
0.6345079285783471
0.953724079984356
0.7012606735991401
0.02656909504233196
0.10930794172118108
0.8419053185205551
0.02920144530725921
0.580629966170761
0.671582991475822
0.7616898901639769
0.2487973600031823
0.4038633024522552
0.7096861953482964
0.24935072717973916
0.7820850693365813
0.9903114645413902
0.380848756598006
0.8123240783181614
0.15349802200259455
0.6844085583226769
0.8515370793458585
0.9236812273293814
0.3502633553223311
0.13832278992087188
0.5127123038919676
0.1795238405834737
0.8104076337717224
0.2718888437443647
0.3578888875254621
0.20591603469059583
0.05447592056416195
0.3488161534582116
0.2685240108387762
0.7088756300400205
0.06441344857058606
0.06408899422061354
0.19313619343111477
0.9825800617465928
0.9501447450121749
0.45604629624268445
0.07760549789220206
0.9060750131048515
0.1452287777612291
0.1207501758738525
0.777998858375681
0.8902510697269408
0.6572838111085163
0.27111487270620305
0.9495214732693539
0.20055115581624516
0.9765536048564794
0.27213408240331316
0.7595843144089555
0.44826383216969334
0.6304698622024792
0.09820603599251954
0.11116850817946766
0.04735527296745634
0.5418040349091477
0.959464057592684
0.38794844224200353
0.41243467639487563
0.7634565606636051
0.9404239687875943
0.4421764150913745
0.4804054198038882
0.13214438155982644
0.005566284580076575
0.15959512421094846
0.16361620954499967
0.2671723330317768
0.9037261920265611
0.16256230151466522
0.07193263653193605
0.8597682898026716
0.3479107263986656
0.3580047482037846
0.5942110743633381
0.6759421242260938
0.17960588414450684
0.7932006913174351
0.8779418869754344
0.7847704960992278
0.203477983349861
0.2694687171508099
0.18168059300430361
0.7118636931479431
0.31461051261354267
0.5327751881512076
0.07890559556626309
0.42372376411933244
0.42613184416156935
0.21177478868071764
0.3684701285658264
0.13158820041538533
0.31091161531753175
0.48636323152730987
0.9755380718173208
0.5496932824524655
0.27398647342965576
0.21965643550575353
0.7322478578724474
0.4896967676710928
0.9324497446946559
0.557009089852588
0.12111154833116433
0.22782959592546326
0.11838418414594765
0.32828439937050424
0.5973624055406037
0.8971727964626055
0.14496803063825503
0.42946927557680037
0.04645582520741087
0.7858068754937642
0.949882494324058
0.46983344430236196
0.9840461631761689
0.39506958865141617
0.7727964148233649
0.40339845065344737
0.32701599060638376
0.5654319409088887
0.8901866924853472
0.6980391756729226
0.5584657011710068
0.6411209090509539
0.1505158464061821
0.24872993018920087
0.5926342816829071
0.10118129426079248
0.4472268149710782
0.943961723929231
0.5679497272594227
0.5261059643703331
0.27567492642141456
0.14467925605908516
0.4840083462488991
0.43810863631925
0.021431148254686283
0.8928289887569693
0.7905242448863247
0.8764549988542609
0.6771702509682042
0.6427941230206663
0.19969583773065946
0.5635801300147796
0.40798720437896385
0.7466703902121877
0.6256297656801609
0.759868709108245
0.2017645476068527
0.6140585773990238
0.3934571209996206
0.8090884169350705
0.8415466145554654
0.9242766408869251
0.7256068505604455
0.19696881178898595
0.14658796691192455
0.31348451446820746
0.16650987815479135
0.9497325711481771
0.5682989922165947
0.5131391113698363
0.7609338305751261
0.7983126320353651
0.030774999061744968
0.282690846282567
0.06509438101719223
0.09367073194826281
0.20241296667866593
0.9338116383613205
0.13405948377993349
0.10131027787227975
0.7261602559271706
0.7227627599799374
0.11783426893125237
0.41465453455192847
0.6677727255262558
0.44373905817278025
0.5233545939895503
0.8032035673321314
0.6921611352762556
0.9949893630386486
0.32955407359034716
0.4068250634640971
0.6528591841729131
0.6109902257512504
0.558849492006725
0.11951078842565888
0.011156801707258301
0.4732910036749337
0.03350947855615116
0.02282074444410853
0.9414403120214364
0.8459948815938119
0.1839427468055066
0.9625956367018591
0.38553952657712987
0.016276748600905555
0.46414962838956664
0.7983520245876239
0.6183355564429278
0.6310054814620372
0.6946284867453537
0.673293533799777
0.41930654905307696
0.8335829621882151
0.6107485154953469
0.3637414207497678
0.10007671093085835
0.055648989937872595
0.9496031886755149
0.10121762060141926
0.5541196886772978
0.2790316554185208
0.8424133268945025
0.6955780760386653
0.9473859454251726
0.8198209051541355
0.2553899610370418
0.22484831045984732
0.5973779891170702
0.9178736815201283
0.8352268772640467
0.18089078906837397
0.4021519576908046
0.8407242794343293
0.004608227631748618
0.19240007157219918
0.6977877697845183
0.713530546858755
0.7801106501147327
0.4833799716212195
0.013581657860861185
0.7211977928615559
0.9865928464607643
0.6603847619221578
0.33972143500224217
0.3637651944242547
0.7255431211511467
0.2419489846764119
0.7738898524937358
0.2343548187885114
0.05127908649462376
0.8650026701337071
0.21114311752904535
0.5626203953804118
0.7105454913014935
0.44006325243255295
0.20631313038859223
0.9488034702630991
0.8663826896222165
0.4729182555360314
0.816795111233257
0.6532775410697935
0.01785506677639792
0.21314005107537748
0.42748006844719877
0.8953213300642123
0.07173147454051298
0.6938569477158157
0.13888176133666708
0.4917814402016333
0.404062220093667
0.07536669999371315
0.4899460764647827
0.9888635219440028
0.15653044238087688
0.07740606081609325
0.540793267008916
0.13574841111336844
0.023943854280387478
0.3241588920362013
0.09027300306319652
0.35011335350898753
0.2046808281860194
0.5609022102417417
0.8906733941315256
0.3558932038710749
0.48066634490313
0.052165593818717104
0.13826945525780576
0.3031873689754607
0.44331905796796356
0.9754217781242781
0.19081244827804722
0.3868455810435105
0.7352549297051119
0.15337644703924758
0.49333025899301086
0.9153940681686482
0.9874769690254561
0.32840004859572525
0.6679638794428859
0.7201865951455095
0.563975182229997
0.9609796634817377
0.9017490949425837
0.6436964017811072
0.42379772157921625
0.8750542000275977
0.5901126766010293
0.24900617234310607
0.48126686924218287
0.28302744764248267
0.09827009205956039
0.9000085577990972
0.5772562695787838
0.40262402521140084
0.3320238096918514
0.014076100308740402
0.774681388035528
0.10179982827051726
0.03515393584796511
0.8892697019362222
0.6280397318343252
0.5818848422440067
0.4773344643629014
0.21001956353372087
0.8183825636087271
0.0853364826762687
0.22366474871067965
0.7057998766698537
0.3083111777319215
0.2528944651079139
0.8467342661532299
0.6057958493026309
0.3250284163286503
0.39570365801044705
0.35550687526474933
0.39897921566008443
0.3774649247844696
0.3944473318605253
0.3361067486855218
0.3730123748912366
0.9060657581192388
0.31187052431671336
0.8987611324095688
0.06813500114641835
0.6430121563907233
0.8314550556048874
0.6189028489230872
0.305801732119515
0.5874281948141744
0.4514728013698851
0.5250267313251602
0.797824853055825
0.6420299429919325
0.5249519135850041
0.9181847971015561
0.23650587811106816
0.3807476072236733
0.8522955590307651
0.9481337331444933
0.8416639685373878
0.5505945025382362
0.9687850044504397
0.052236196523070766
0.021778829965018787
0.9853677098432683
0.8816047879996451
0.09579202586691715
0.8802827429914293
0.019590210646189044
0.08811384784911691
0.16815717974496935
0.18677165556311204
0.2129810956445829
0.22138726933836816
0.8847107214965954
0.8696847377691898
0.0512399775782012
0.9006788723507939
0.06893277339528536
0.03308977461530638
0.28135832725927434
0.37254587498831493
0.37748902939060347
0.4997684680264709
0.7357903676928107
0.3092799019914114
0.3328330941908786
0.7881529322410795
0.9944643635893949
0.15025847818566984
0.5444705155679249
0.6701453053795685
0.20049872131337376
0.1041752977410959
0.9268551496324371
0.991099657333
0.34668704223957847
0.5533144322440976
0.8128024820979379
0.2818143552065031
0.9868346979381646
0.3047217208583862
0.669654943290011
0.17871192680806358
0.5854134405265117
0.5231215531862019
0.598416546686786
0.5128508194761878
0.10037346198905761
0.6489092474452152
0.05738446453118451
0.23181622959970583
0.27716238718794695
0.835104889439497
0.25391755823727713
0.8433479445266355
0.8413487507646523
0.8354526381468375
0.8458116512809909
0.24655445498422912
0.9274629436110008
0.15590956450358218
0.8691039390174218
0.5040364719698878
0.05120657320873345
0.7698649188953544
0.9736591307574951
0.6576255554290787
0.6460262640362269
0.31203605979315474
0.5321544527758748
0.19482316319427606
0.8021999881651707
0.7815959343333675
0.7806767780218585
0.3648199983717809
0.7591605900969205
0.1791274689363389
0.6300474223877212
0.810091459724478
0.37690274251567935
0.7964020009728696
0.6920552231741797
0.4446110216595356
0.21138670833605477
0.9179915413687867
0.17633284674582272
0.6984002997529231
0.799140551578236
0.7557970725830817
0.11150899078511134
0.16759860119291492
0.5285323775814019
0.7899918668194889
0.6719144117898714
0.018793936431166447
0.3210736130294105
0.7299761651844342
0.8103729274253194
0.2628233460045871
0.7633851853244886
0.32014810403501504
0.6533058713062638
0.06201757252177309
0.15114122903225047
0.4797864183312095
0.22890532618792137
0.1948356012307163
0.04272473280075062
0.8104833242423106
0.582161639128356
0.1614004775278799
0.7340646185400407
0.835198965504544
0.6267635277642303
0.047812834643650715
0.2797644668971828
0.8212811336351235
0.7320352103374418
0.4346339783914007
0.5902974776622055
0.3703438113352783
0.3251392396854593
0.9447188402195245
0.05344705166110619
0.6295205723836089
0.7467951444852893
0.3293525874168296
0.4986230018009562
0.4991779604959
0.9388739118589786
0.6458349086954812
0.38467491520688224
0.7828401273446524
0.3455734488593354
0.6707537530725408
0.6185313412389133
0.05893674704874552
0.12758404027022696
0.13126512642051125
0.014969765902794752
0.9931488683697377
0.4525084072030775
0.637560694961104
0.7853449366635725
0.1594865103361297
0.9595143006859564
0.24632413353035665
0.19640564367678703
0.48242886527581463
0.5698952276211092
0.6999277080612614
0.011694881423007675
0.7432945519179882
0.06894021728756294
0.3473025062757281
0.9272390723665779
0.05209221382287588
0.11640791893523661
0.1668145530906333
0.33285870706130305
0.8591862917647232
0.12623336274721297
0.4262527235471153
0.15178801235310346
0.6062996133547454
0.8402395978318896
0.06244614824295547
0.6591768405465127
0.1337550412902757
0.09216533454646092
0.027597816656189877
0.6735648604841223
0.9496057797486046
0.6861974936689244
0.10423353854654493
0.08551621121109731
0.8286757568904416
0.2782586755765113
0.21957369449423858
0.07824695481655508
0.4265474331422241
0.7290636218316331
0.18894037622914817
0.10442792172727677
0.7349541782579129
0.9890650697940621
0.45387206275846914
0.3848258795564775
0.38325799069957245
0.4411329340417025
0.8842477619837977
0.3854865299201723
0.004364097286731705
0.034857542136738195
0.7905073729325512
0.11370218498321372
0.11761387618678198
0.47457393937107195
0.6961237891626969
0.5673284237692777
0.34538803127380924
0.8224167497435125
0.564392700361767
0.23810259900733277
0.4095866347922852
0.29857803310606157
0.3549473752953256
0.46956850508106485
0.7490565860659899
0.5832631468434171
0.1732471928556164
0.31789918926392957
0.7642885700833927
0.8475216566595817
0.12566263751145523
0.45564075973176554
0.8516221245073529
0.03153883210389863
0.7675913863087909
0.19648746332343725
0.784071263563595
0.4926126377555766
0.8135849337272824
0.7079514296333522
0.019431186998423056
0.1483484804163101
0.6930297335522192
0.9815030065250351
0.43572150016791766
0.7706997025016564
0.08215461018536563
0.4397992484620469
0.8799268257624141
0.5362294769103408
0.06590450651149404
0.46694007029515805
0.4844063362122585
0.3632775321564895
0.9340990559645007
0.040144665654681555
0.6535994084104492
0.8072545802077538
0.07450358722815842
0.178304260199033
0.7569760341768499
0.649210292082766
0.9967547569819123
0.31723660900212636
0.5985050635726861
0.24583530420914346
0.4594961832834976
0.9841372462055166
0.5768728119582418
0.1381817018195748
0.5879882972205464
0.4859218578802844
0.8988155302120282
0.9667951275085953
0.1792462499179921
0.2600357625647123
0.6991808769658553
0.7123354815442005
0.33459635997014114
0.5127787643728162
0.22509434258930527
0.6538204658456207
0.6555951922888305
0.959362967668098
0.057167333468016834
0.07044865532660627
0.34359863828151604
0.8906555894440911
0.9175814180339702
0.17844154917804578
0.4050552238714885
0.9090478132017918
0.9160827944455795
0.5330378711963576
0.9094966345090197
0.6780592323613253
0.5726271206766818
0.7475214866692609
0.5543354306917271
0.3903247062509314
0.8168509661621196
0.4045780142976989
0.846264946977723
0.7232058829637233
0.1433382450239047
0.6347050655559205
0.6213765059020019
0.3474096682827794
0.35452310661047837
0.2649721610712902
0.9951535780664206
0.26999939632075376
0.05411620330338229
0.6861103658628462
0.5133729623524573
0.9337551843768809
0.6835164332750577
0.9085609860821168
0.19528458912475388
0.47385108311875146
0.4941795574149581
0.8422853511019899
0.13917089428187235
0.3760625035818421
0.24421339978769452
0.4956421677499382
0.5835897182896477
0.8926318321825012
0.49680099476616013
0.20166122005028841
0.29099152233747094
0.3534002045993613
0.45298263915523573
0.396987644899783
0.2434356493867127
0.3700404481878272
0.25516187070042196
0.8398485858194485
0.9798050144218705
0.7433765969179215
0.9068699850802974
0.7858247936317294
0.3393807829709098
0.7719904482553291
0.29272219332700444
0.6143794154165797
0.664458665237748
0.6289482082807214
0.912838192640767
0.4413616562477015
0.8313858485742969
0.49829983343912065
0.4238041019056067
0.7722808346911123
0.7967218974507098
0.5621862777368339
0.7802856378029978
0.2790670426515378
0.9989818950634224
0.9663491744621833
0.2591161000798199
0.027832663035280647
0.48298430541292603
0.2635197834581001
0.7114550040249136
0.8087210625303358
0.27447227578161726
0.7663493001134315
0.007734596334993626
0.40164225225340067
0.28218530767155914
0.48606389965102703
0.13238465974291114
0.8572852976283257
0.5445662462610837
0.7465577377824381
0.7332786418529188
0.9023176264681713
0.8140924447433
0.21223683004543004
0.3326305090581465
0.46990243783739816
0.15906436074547814
0.22174469505233774
0.18560902062960416
0.7310473928919946
0.8778649949723247
0.26116536039484706
0.62376006738014
0.6612742551319415
0.1916768226049228
0.8066358858894113
0.6686217355769236
0.6976602619304991
0.6845695321215667
0.8570551764375055
0.43662197170524
0.6801600915478332
0.5850847852843386
0.5516139467742261
0.35015270097409235
0.39738941685364626
0.8923549461552183
0.8088536000422417
0.38440327592276824
0.2589724140499218
0.6535359497271239
0.7866058188147218
0.7402409085261081
0.5558197878395716
0.9195937607898765
0.8856098753172718
0.46613303579309606
0.8904449666133587
0.9210731996848924
0.40732185178565206
0.25126985645873545
0.4537645781287296
0.9003658165175624
0.6428820837524821
0.42576871390855364
0.8902424985076696
0.49665067753855274
0.08948315835751663
0.05732764241443333
0.5502261913210631
0.9085835909706547
0.3492929081607905
0.1906627742190462
0.11590090796317543
0.019624528674248798
0.632828791410424
0.08034629738669774
0.4635661343884654
0.10654349776412775
0.8217763584861477
0.7220362974996222
0.11745985627943833
0.549883077508746
0.20788285239187843
0.05391488546282974
0.05854462426079787
0.3226554505129545
0.9091173401229556
0.9340284774341242
0.4191827519536331
0.8707438284632639
0.8399282736246833
0.3372631049038325
0.9322815550379618
0.9620717741299234
0.6429889387430489
0.33267465974265353
0.0376405006077134
0.7193205761694854
0.677917951779111
0.7763590373079751
0.2732746747775239
0.12469049690829825
0.8239876243656402
0.885354379977902
0.9196959029344809
0.4613059013777264
0.34705529610620234
0.17892481509470481
0.7022210056278417
0.459282516266467
0.48008872804321157
0.7514218312398228
0.642223518928481
0.17768629331496288
0.0015994614309386979
0.6399063366932756
0.33246656449411105
0.9027177289339139
0.16693980207313375
0.19476694164230035
0.7674841198566424
0.4274644432349509
0.08372712994421005
0.6092831798782804
0.2321131869194698
0.01487788187025929
0.5280215861063404
0.45133142446575714
0.7429513402928546
0.5613758930354533
0.9946938182947549
0.7940031365677898
0.7409189101693674
0.37007509683426143
0.44742591659358644
0.9633133457546249
0.5109402803423837
0.9784672174085399
0.8829118386698924
0.9072025599518643
0.18564264242129258
0.6011318973424649
0.8287604923132696
0.8495969377146241
0.7777995106326252
0.3072890023094703
0.8288802756993952
0.7925964962308517
0.3285942051801827
0.8510711389182065
0.9309405010127741
0.37154428232999137
0.43689600107643844
0.9633640023992637
0.36772670770870164
0.17001527867709432
0.5206515329013692
0.12406785196874726
0.595759515745763
0.4826001524399104
0.8176846009404719
0.7709814464310817
0.4274838439324461
0.36513171333451333
0.40424734465172585
0.3942299961141468
0.7403946756186314
0.7911748477624001
0.32271556402085866
0.07968447876033347
0.8572313366300534
0.35305265349974524
0.29110232596776253
0.44314588193764926
0.5683901270224113
0.19531142073813945
0.8780036442206033
0.27253354721272227
0.9873343937261673
0.6909945838516058
0.3699283454167248
0.6358250083576443
0.2256747900441729
0.8721774571096351
0.2394679163342951
0.9939173729050282
0.2540625843482123
0.7082249802014076
0.10411747076984335
0.8026557330145283
0.540350696222884
0.5193747247775053
0.11065227099063446
0.06271147434070556
0.15303859967175126
0.2053539960947358
0.6597206711824646
0.992010925208603
0.7227479356780854
0.9256514216289699
0.6807066800775403
0.8075478545112925
0.7607747194668122
0.1421137098703934
0.7843999078887605
0.799534207654976
0.8287048013363426
0.28725170050087734
0.10574641041406008
0.9964857228772734
0.21144569251182666
0.8449351109830575
0.6878737144547186
0.024790398471951303
0.8365944768062757
0.5954396253776508
0.32535997750975443
0.37645782668292005
0.31027461003079404
0.24026041244677743
0.855664195350336
0.6772891666139957
0.5429146427576494
0.9694432572999738
0.48919432079523895
0.7718841898597849
0.1685384296682586
0.3162432966034241
0.14828902568397517
0.19748791876899685
0.2859876466350355
0.1666750735075403
0.2943414793002802
0.837238780335869
0.5694731546490315
0.4943993424460902
0.5728660730396401
0.6885477067788994
0.5625006646765812
0.4522363050067041
0.988454743382517
0.9746414106840506
0.6962414311077543
0.7267161467539873
0.5207052150757286
0.9259924689601847
0.8438515868293951
0.5805192852271761
0.5872481584744804
0.14264919883980265
0.22787658777628406
0.916483764104565
0.7799726111927854
0.6151306307186626
0.1055215690214183
0.5547944925334088
0.5563645268303954
0.041113426389148056
0.396590502705208
0.02349220963263765
0.3896432472167831
0.8188199855483569
0.6045643990069532
0.2627195395479883
0.4389347085008857
0.9169116183693682
0.8422220891208229
0.8927070164182727
0.870835604426323
0.6733541886009269
0.3776588186352464
0.15040751853108325
0.672724848344519
0.7742558922827658
0.45875716937736555
0.04039992675053983
0.242186676578802
0.09000829802101207
0.10075099533708254
0.004983274015301076
0.08054470802873104
0.45068212094321514
0.45186483082594164
0.01855420866539015
0.9446562123357494
0.6162633554001802
0.3677168757177006
0.12071928537138477
0.39476170517264864
0.3914013226161752
0.5727075192931622
0.23905353787874217
0.5958188433065725
0.9619439580186251
0.9219396237879335
0.38855708292727775
0.7088996112142967
0.19504951395484715
0.446289555177937
0.21091292859457422
0.47991116695712965
0.14974654678100863
0.4053800613503805
0.36789230240972537
0.7283929671947158
0.13085627638441766
0.775036777475224
0.6488719866254766
0.9583909717504369
0.9535351462289656
0.3195102403599408
0.677274501403833
0.7438710209439654
0.5582894225724364
0.15840802188563985
0.7516282982212082
0.12317827445876939
0.9790246771408534
0.8821497230893448
0.4372562608119379
0.5883568992925343
0.1769124506568629
0.3239439079761065
0.6065630104560187
0.7832576017841395
0.6302986162858965
0.3647457071743777
0.691951978660173
0.9066242201446096
0.09236974501116102
0.6559871103565836
0.500163287662109
0.8048069278994828
0.4815437207133295
0.7033434580110997
0.898449469794082
0.5332789936700956
0.20455581084360996
0.7616220545013952
0.41096164579060757
0.7646859134716562
0.9628300157869267
0.6364700330521403
0.9447328106739351
0.13755573661277798
0.9009546773881141
0.6473542124113587
0.0590956286338471
0.5178977265638751
0.07617456633261921
0.6679736918040473
0.6105564618630019
0.42579274547988766
0.1005904876192033
0.31316347998663396
0.9507400744579735
0.13758776666286454
0.509090950006506
0.7898607532155038
0.890994862284641
0.2103480491999139
0.18944850758530796
0.6120584962314225
0.07506870454121006
0.1678215732682108
0.1843262178209849
0.302196188595078
0.4615991489978819
0.9147642073486505
0.8342210979751007
0.6186369122696497
0.03323933578545679
0.45272366491495963
0.1131572731654783
0.6886671297715237
0.7936373130502623
0.5822146258977082
0.8547870204807371
0.11913159416021879
0.6330335895428245
0.515214997397084
0.7273315760667856
0.3876634894542489
0.3652960153999366
0.784768674952521
0.9612618877144645
0.412123299156966
0.3816006259235688
0.8079879615963346
0.09779089554025333
0.29470384119140536
0.2503098731893776
0.8353117895697559
0.707574243260576
0.764623351730209
0.9444682657560023
0.536378642833282
0.12668201269511303
0.10352824557706308
0.29749209210624283
0.3441892435662349
0.28902330997233205
0.6852192985387227
0.1800272133703824
0.7520016519860243
0.016671860979191933
0.5978597881051858
0.7546390542019734
0.19756474299891502
0.7565949945159237
0.5018635940410381
0.9832562407696246
0.4490317697692593
0.438732188662576
0.7377520465362877
0.8479925502043582
0.7865245737044881
0.7532911222195203
0.033176523620404796
0.5132839933257451
0.5174777264980441
0.4182611317982682
0.6229611552601181
0.5289620707800183
0.035045487361196836
0.7500990770911942
0.9211701020243787
0.30918578416600273
0.3497163024215213
0.42860942615635167
0.8037362931015306
0.9591580037304174
0.2685806920248811
0.36706732728419955
0.4827213214044487
0.3961193285308058
0.5172982317584705
0.8569430021776185
0.6478771006741413
0.6070696964605471
0.5890795166521352
0.2278166108735794
0.2826406678216663
0.20209847645441026
0.529327513034021
0.03903748622389103
0.8892909174322232
0.9888328844110941
0.13679980214844167
0.8700689479097797
0.5818911666324055
0.6112490361197824
0.6910324473280294
0.3163977771211688
0.44340139173091353
0.930914291587783
0.3522536650752861
0.20729391607537018
0.5590828387471525
0.26005753615260296
0.6267264199133559
0.7700482545125291
0.8865426209248746
0.4553027390692762
0.8718164407023696
0.16560248243926823
0.9228710549952375
0.500697796718932
0.6128542614823507
0.8805063870030435
0.014539847296620612
0.5598761834737996
0.5884842195240527
0.7673242570123295
0.03259541285021639
0.8089082115672559
0.9897708478837276
0.1984357130893617
0.4417517499453103
0.7265937129057015
0.4485661708274903
0.31089557783850785
0.4592698509316421
0.05211136878803946
0.3733581170983491
0.5488453153845978
0.8809326818274175
0.49427903346208824
0.4491687180822522
0.2646595297939556
0.46737498948006384
0.22901929583077119
0.4176919488621502
0.6489267297984544
0.6832191313766065
0.4543723286849679
0.6400390069309482
0.8744544131248333
0.0066175483394164125
0.9870245425286026
0.5065400826827088
0.3445327952462873
0.7418846809516814
0.0006031311557418428
0.8923565587831636
0.34425406084526533
0.49420535966220247
0.14931943770412126
0.8243815708016774
0.9354066821925586
0.8446559168115961
0.10428868928519253
0.24791830666174353
0.2409479032325924
0.5155312172563616
0.17202684671710844
0.6676819238709226
0.5357335095009284
0.03776518985089927
0.7477879400158733
0.5254257832149998
0.2627626748862619
0.6960595112731205
0.4590392474273678
0.2851039604378641
0.3364050601225427
0.6684763995927472
0.12936767117199688
0.6381785009161067
0.13719104376606228
0.4739925136087353
0.4315486393289959
0.09041311199846358
0.7009996458626891
0.5762634870069372
0.540874081124642
0.9745617177975353
0.2895984662398905
0.20972615415222495
0.49483599964483926
0.8841408086781454
0.7543004918655982
0.5522048197934032
0.1311084324477495
0.06986402747826992
0.6673928690590991
0.35781587094457834
0.8178569843681208
0.9280725844555128
0.8043661430042177
0.8941112513155873
0.1647059185924602
0.7930417216888921
0.9959128033455875
0.48416411886621946
0.04364289207851235
0.543694984436524
0.35730948052069644
0.7971534676586124
0.8131286059177937
0.8600614660317003
0.8367108758777467
0.2576455216382981
0.8314227291345755
0.2426777499151166
0.29981579390653856
0.9867324439278201
0.45757013401452296
0.4797666586769006
0.6698428490057977
0.02772249747394928
0.09003743897578542
0.0350543530378461
0.427682348942368
0.8771688483851992
0.4561198768931324
0.7204030155730221
0.9965380772322318
0.4145039554310689
0.0013093222353890432
0.7779901662520703
0.9433141223177224
0.8741130822420912
0.47206450343549744
0.732060340948405
0.02175351057569208
0.2775285518191891
0.3942562729358827
0.025214476156948606
0.19019809529808296
0.8839459767791006
0.1666682135963179
0.549071992056527
0.9679294101969819
0.675463555029759
0.2158948790105899
0.2086929804633757
0.341897781449787
0.2873474244055416
0.6887914161989528
0.2889609670557476
0.7696259681870503
0.9896774496783389
0.0745904939570714
0.404459355500733
0.17031953987898985
0.8819191605226736
0.9577526511181093
0.5457301950543034
0.2626862836774859
0.8646977555309462
0.1052442702593952
0.20260709170971647
0.5457944813271384
0.5564969311901876
0.38792392440514656
0.8187496465229215
0.9811100523824063
0.661528349408845
0.8807474118559412
0.29909680423356133
0.6537944853421984
0.9814933874619085
0.21970768707827737
0.3248218628600713
0.8238735206569328
0.3863084161768271
0.06356921265725568
0.2833200647692844
0.7430127156346292
0.49786022545003716
0.8523902841995872
0.14270295346095418
0.5195486921549032
0.2864365832530005
0.06841036933798594
0.3843378324391703
0.29353978969844585
0.20587691593281554
0.14079092035427587
0.23415789200074244
0.574065473480756
0.22827626786357158
0.13517804298228708
0.12058495783075329
0.46594342770592667
0.5748650779314157
0.6725383242691888
0.32543538905783065
0.3910281297483962
0.03803441997187251
0.4224447216646735
0.13861017437256085
0.6478402988230534
0.8155086331548296
0.5524449975986784
0.536474525931365
0.6782655559724953
0.9213941456260629
0.34715102381169505
0.16103465622182322
0.9419928611930093
0.8891172488788294
0.33822904926870356
0.9841110601086286
0.11818263170049292
0.21284805483729963
0.3184733170474362
0.36601664189870875
0.6633755790343894
0.7200627242138523
0.1257919161013321
0.20802383327426666
0.38093417175873956
0.3626202032244962
0.22577171633626025
0.5206359447939453
0.8709807597632406
0.9517102199685424
0.6119285683536821
0.44272375014679965
0.6671332784401481
0.7816300431507375
0.8059817608701815
0.37822803685408024
0.3600052398968333
0.9600691259214207
0.724217300659023
0.720420860630666
0.7111933974338294
0.27940010001762094
0.57653844722172
0.44053526861696535
0.15225889157092476
0.15581258708650314
0.6482966636397088
0.8165452257358929
0.08855283073586395
0.7921899867144524
0.9050460992309469
0.7256418398445225
0.7191774373452896
0.7132599686178337
0.5007652095628112
0.8009505063542687
0.17011033096267725
0.07102616390583305
0.30458529607747076
0.46665786050743874
0.5329242435709249
0.8563851535985454
0.6225403701870083
0.4332598156294162
0.424439991499001
0.8968655069068897
0.09618715073711592
0.6748026501988785
0.6362008418193722
0.11540026403031878
0.2810366320098623
0.4183097112959494
0.026048176507083465
0.3121809689761773
0.6932032926339906
0.2184371119055729
0.7323572330071064
0.5557272544725347
0.556673519584225
0.7006891294588256
0.08673402969221533
0.3204091852283505
0.07772809365730748
0.6867157303103525
0.636212890322565
0.4683185037731956
0.007002573738121409
0.6510328665043578
0.30505834190711856
0.11898981534487552
0.5716779556789985
0.543743008012767
0.3495495957968169
0.5526071259558404
0.5523082793182819
0.42135441490587955
0.3724917080385405
0.6281804235810505
0.7289399869518882
0.091657679220436
0.43420726083918026
0.4805228679623118
0.9316108264194827
0.425836000385164
0.5258489160958905
0.24263588612859843
0.9445694521529873
0.541125317385609
0.1804182715007382
0.22582403715278154
0.1355671192650405
0.07344181951201079
0.4644066281128697
0.611036866807862
0.3384662228415246
0.5806880233639543
0.5840623770245084
0.04074579935475153
0.24142860100440888
0.23790622161367148
0.7389183706938667
0.8558672817050724
0.8954751840881325
0.8013260361638034
0.07343282489373182
0.5327586587230433
0.6236092560949205
0.0549549459842924
0.45109841762083114
0.12643376237637716
0.1742769062564714
0.23240709367447288
0.7680147211175341
0.5058287383969744
0.8142342130050362
0.7889104139148297
0.9658533176481309
0.8117515458155771
0.3910494502602837
0.9775231557740186
0.17395763630843264
0.3733896941331194
0.9832503409257247
0.8105774548337098
0.5873348505271786
0.2854916597254702
0.23089860691693764
0.30580989627771427
0.6325605212839387
0.8588581483316171
0.3463881214019766
0.724410402563034
0.5352768784123584
0.039161082517442214
0.7705369536777217
0.043675455528826346
0.007669279943267382
0.19007310324589966
0.7720218704415136
0.7127986061865004
0.3012771695824119
0.8983420390489414
0.8341451555080195
0.2816649020517087
0.31396106195910356
0.42091617253292335
0.9157884128758186
0.8059396030808884
0.6958283381805221
0.7180975304512752
0.21359612041211473
0.8065142008309761
0.7319557831235982
0.7854405482713004
0.8021460040033314
0.02510694041167727
0.3468123184372889
0.8257156912057227
0.8609711284950076
0.6562177114499569
0.051289145093484256
0.456296130636061
0.14415533824777793
0.6276857301188908
0.8941205646930487
0.4041386303348725
0.8821503144375386
0.03156522598949563
0.8491334706402967
0.15372933229492391
0.9875481286338016
0.29223315587122267
0.38217588109711986
0.30747824646939914
0.1327661619498014
0.17370303678085453
0.943604008349725
0.6265481451204166
0.956617935119807
0.5268485678089498
0.004387559728836532
0.6226050165391669
0.6049928149406567
0.9177971065046676
0.3052302912334668
0.9109918196673228
0.7545998678960548
0.4888503008057882
0.907514383843167
0.11829378427662529
0.7092527309299776
0.7199353720364778
0.051583598201808356
0.659823932732249
0.06756531028230406
0.94734265436686
0.7731445602817656
0.29869424023428814
0.13684225663647365
0.6475163322672136
0.41013093544589485
0.8431971203482265
0.6521520495219707
0.577313877766631
0.2290365179262781
0.379387297733782
0.7892334093911972
0.6650866949291456
0.0021658284681969064
0.9287989817788092
0.09642945458547614
0.40030517412868116
0.9021812210457157
0.16823432366656743
0.31347654007916104
0.831061658431279
0.6587056226761615
0.19048382598418634
0.32917978433772144
0.25950462276767605
0.36527384529545825
0.23712382268339316
0.7558800661494589
0.6386527380169106
0.6545029675433827
0.9514458669211658
0.14225183612737446
0.1999646987907
0.3807301470081441
0.6813450596574848
0.6894700279038228
0.5262496809849423
0.9471514143104939
0.6322451224078527
0.751158340872802
0.21204161496008833
0.9456016065514984
0.6460769897764854
0.7736743971390535
0.9168935325437025
0.28830263781322085
0.07424338298393462
0.8364721084274593
0.3775803667075164
0.43316993198806975
0.8560440106678476
0.7151044148209154
0.7941068669112239
0.6174395008550418
0.4365613583648916
0.8039798305554449
0.6665360492501502
0.4190691100625229
0.10976866023029452
0.8967931977617924
0.7246833263307586
0.062115489951810376
0.24616211165509394
0.7196961889538517
0.35559462245428186
0.7131697387306623
0.9867665141115974
0.5823520046830697
0.8476798303968763
0.6534218937122787
0.9711208791994262
0.17684725523687028
0.5418654739103621
0.5466208221328481
0.6890572999689882
0.5147074673552717
0.6455807105468481
0.13137910234174288
0.4753787117224352
0.4377941785355369
0.18911438408732606
0.9734199093934672
0.3873008153123175
0.8001006098748079
0.549634596236549
0.1789011615927606
0.3300022655475898
0.3931190895915093
0.1078535010774253
0.09732986579990577
0.47972670442066045
0.781621549802044
0.02575216063622976
0.6937700538494156
0.1545463699272427
0.7450842358029047
0.7353209246475035
0.9045573193337457
0.49511718311197017
0.16584383032823447
0.5958091844095985
0.5894947292843772
0.6645919352956141
0.3249557847053688
0.9262246607778323
0.02116577914684048
0.33689837415703094
0.35626590828239013
0.8830873014615351
0.7474067134984415
0.18098947589234216
0.7348892285143422
0.26373492489150197
0.18312172619431255
0.9231100348477977
0.5452484930631253
0.2794548186354695
0.298889792475458
0.4737280282437153
0.3893245412924031
0.8285109880135099
0.051566683670817404
0.9801797501645286
0.21480826407084397
0.2379209577189404
0.8661389090084802
0.4843805626436305
0.45318713887777884
0.21930777063688767
0.6446550997002516
0.24361538330044286
0.7454286940214006
0.4164595309192093
0.3788673667087413
0.2794851474073694
0.4430116887004424
0.14101204677009638
0.8819128655866618
0.04465943286376828
0.43076761058253843
0.2791092772772442
0.2994993953295896
0.5622015940053334
0.28596514266958084
0.6956995501666629
0.8887986442191526
0.615817176405946
0.48516175216012947
0.963954875015848
0.2691724623426437
0.07039259373496698
0.4226642569178438
0.719605328314035
0.027619412466688087
0.8493467967797265
0.9519703012964266
0.8687366657452126
0.2701566125865347
0.32989260958304145
0.13359399996156052
0.7085976012165965
0.24381123772119684
0.20902845898463407
0.5561644798020224
0.1635282530396166
0.19029790037507788
0.8841220675189221
0.9179601893330932
0.4153547085810083
0.2938890905384234
0.6868693666666089
0.28956089116171135
0.9895088695404894
0.8710302465333924
0.24131805800618156
0.4199678335833542
0.6733353040757456
0.3031138531067572
0.6626324357169147
0.8977741736742455
0.46107400402914334
0.6436403170104823
0.5489972868870618
0.20886100935345875
0.45034299849090653
0.6784093253285751
0.391837820951107
0.482645844334338
0.8065909901017869
0.20023404064427408
0.8766305447759978
0.8732827533221101
0.13813644699373728
0.45015808145204006
0.20391824136448078
0.5739431472763539
0.9939006789727421
0.41344817625340546
0.1108055081317425
0.8873659989515115
0.34536813850586967
0.5483961616646442
0.06308796306695741
0.3115518449927478
0.6982456758443748
0.2923188788730924
0.2115147632905785
0.6919058679127176
0.5461307588016201
0.12791005388068089
0.7783538726566934
0.3676400090150844
0.10911900245277362
0.4804587715253029
0.9725885731118696
0.7897367597494654
0.6790148717685119
0.8420465311422954
0.08272178732495461
0.5950554438064531
0.5006213637362525
0.051938616985229724
0.05569745413223992
0.008359366734501217
0.736759822137649
0.6343035492335637
0.8091745862191378
0.8044725507058637
0.9891239060982377
0.48030415534790816
0.9089285068076097
0.593963164749488
0.8002837151077479
0.6019253646478917
0.0680912749549164
0.07451902936414989
0.054548419052388164
0.5526776230979229
0.10376473782647933
0.27942370464271726
0.7123097437717438
0.12526148057973385
0.5760965813860809
0.2777687567956231
0.390028637682591
0.5029054114266792
0.5284666284719346
0.3227699285247536
0.030430134525964214
0.03567005602535411
0.6348384580244495
0.8173488280437051
0.5743415415462136
0.9755535336250732
0.22533143993818172
0.20599685225621955
0.4357381062338217
0.8960711219840398
0.9024757427852056
0.8679564824258986
0.9770732323698904
0.296447884988542
0.8125189580200691
0.089440471094137
0.4796560053642678
0.18510174949414393
0.7524103326702133
0.5494060283258734
0.9447975184519055
0.7757369254779753
0.5825559325353445
0.8427474516208348
0.13051378144328318
0.6201634505413679
0.8860070421080696
0.8843392110830619
0.13744356079936415
0.6353010203481771
0.20129349721293355
0.5724445636178443
0.8182431412846238
0.9401484559270396
0.5901467048172584
0.26642775461622237
0.7488037055873287
0.04097994021295748
0.8074262839363582
0.9086823114306442
0.6662425749002621
0.20405596220092015
0.09735617203593283
0.13881942794412172
0.279166420559001
0.12910252443146997
0.23304725389113723
0.010647255294077396
0.5035105653499561
0.5923468164733089
0.9782651511414174
0.7534297323293105
0.9985826198651718
0.4970978234635456
0.6109084594902985
0.6312922399371165
0.6825634371044904
0.3748653590841281
0.8083801214355345
0.5572361890417162
0.9989571337539289
0.48146636472322213
0.26800494640042594
0.8541050261304916
0.7847047845722899
0.8929837620860311
0.837918071706825
0.11284865219885998
0.02230185249312555
0.3356365100688622
0.9513349420349746
0.9561659456014703
0.004866247546776337
0.8840099387969653
0.8813844494859107
0.9723742468037687
0.775223541329618
0.7696596277131473
0.4943654806702926
0.6005215763345467
0.9523105361757372
0.777016884372189
0.9941969690147626
0.267870167175432
0.6249477206743752
0.3990346666345922
0.02409093150487218
0.2363136772113008
0.4164326797713209
0.9072745256454502
0.42679525054566236
0.18351135320874035
0.8386753145099352
0.3938556675338414
0.6427656437667233
0.9562086579531907
0.40864251167165244
0.9177558749131195
0.07004029186720628
0.832366916724619
0.6724014629504028
0.7799256779452821
0.6736285980586877
0.8619801112041979
0.8947791801077649
0.5048066021095317
0.6626668774503734
0.03093047110085767
0.9024453125115488
0.5290709795094665
0.6989946832589599
0.03368000856601794
0.5547541373415894
0.7281372522783609
0.6540205214785609
0.732920377467234
0.9195474346367871
0.1668372215339583
0.6609392842178397
0.6928388938546329
0.2959450329827712
0.12760207096601117
0.6414333312356435
0.8102764644842376
0.9964754842171671
0.8181917782663646
0.5588015886294373
0.3253927281465835
0.462808638233423
0.2634037196902307
0.8325526973076399
0.6491100855330143
0.27931425113334063
0.7457909363839119
0.5435551592630187
0.4890053107748502
0.9645599918242895
0.5036710787114387
0.4520261039915401
0.41661611431807977
0.9029648306360029
0.1676074712761063
0.5120781155645872
0.8384256557976331
0.1866917332896152
0.7036687033740141
0.3119132219259294
0.8620577939093219
0.1569581533388108
0.32128532496806717
0.6058769742281261
0.01944198100162753
0.10130111362973993
0.5202942040163054
0.6337415770770637
0.09060581061199191
0.6466383648660052
0.8466971107255832
0.0007901114809857335
0.6047832706015418
0.15171564020003192
0.6016453567232908
0.5847561600892296
0.7303289200771357
0.6698659778632468
0.6071298566955979
0.9222227551225933
0.4412277222646688
0.3606742950107876
0.7973152018010987
0.7029159266527244
0.8580668260756246
0.8866447376864343
0.5116372939548384
0.43237256750663744
0.7572896677811632
0.763100111996034
0.6682571972491426
0.2397781160034288
0.410924667563335
0.6931058294171113
0.43535676261723244
0.8443724526992497
0.7446027320019645
0.10150640641566167
0.25088914578601884
0.4300438371565912
0.9566872601656183
0.2997054091174416
0.011523242246651355
0.24554705496709595
0.15292330407641785
0.0023674196932159663
0.6481818512366023
0.9166535942667198
0.6536055887968376
0.623447620713276
0.7430437467420454
0.9824420927747923
0.7682827228285479
0.6918321813900027
0.40084746477064437
0.20904867742457067
0.5915946572010445
0.49949442588423665
0.3568654296978583
0.4081705174901411
0.819978083911198
0.4255464189238456
0.009068230398500576
0.39974328826759975
0.8511545698714956
0.6657318471641875
0.32827340155786444
0.3616323663618395
0.8793916379894237
0.9466898944031434
0.4005308855189995
0.8515824938564622
0.5736072624850455
0.6843418653378273
0.28373024510978706
0.7693843550966252
0.09874884416363017
0.7070165096441458
0.23241898860264165
0.9313454155535622
0.07632628759812632
0.40269151716314977
0.8945240986423857
0.30274562732988697
0.03729046391415791
0.6696947738653956
0.7714506524892173
0.7669490468595059
0.19467095820130031
0.40084392844230465
0.030881577541784777
0.7574968696286367
0.1166768603610191
0.9846592228239922
0.9578343553246985
0.9677004675973336
0.5258135514171586
0.378197631608601
0.9767529440866534
0.6392957227164959
0.5653686688975392
0.07576159705474816
0.4584562702121042
0.5484166000112356
0.37454770543685845
0.48927545749324286
0.5183961299074785
0.7453278244794573
0.7516237079091375
0.7241191455885655
0.9055725052824677
0.30819957502464534
0.47220905324645535
0.09517614947611641
0.8486722652644567
0.5611072563431595
0.9180423541482908
0.04984542923958413
0.970602844411516
0.9638601787655731
0.724109007842441
0.8207160787354503
0.45332356475027824
0.03371349497631937
0.7497306030203023
0.23656516076918488
0.10856083282625029
0.16838032963517036
0.058072243536032686
0.180466804202425
0.992635286769724
0.6687677537712234
0.912843836132442
0.9042720650972157
0.3024214203337814
0.13906112899808953
0.39981784479398663
0.3720842272103745
0.2902365749837461
0.43145526494946906
0.7419778769505163
0.032346406529467964
0.543808939402798
0.7475491218686209
0.7927096117336818
0.7369859771581785
0.4193512475669273
0.8545858035380534
0.8853531533887463
0.6611089976057876
0.817609233425366
0.30761406806237546
0.3474375338540675
0.09713228061239065
0.4196998810527406
0.35320269067311416
0.13536480860492606
0.385307497438906
0.895613105871836
0.243491563728231
0.48685653187940603
0.4990413399103514
0.49248430254439557
0.17956016697106003
0.6229261179430002
0.7453314487608451
0.4945289094694365
0.7148026197320086
0.777147961563867
0.26475778147347406
0.21112500787629074
0.3857845914997521
0.2247131707141632
0.3192938370652201
0.7575882313624392
0.6670387480080974
0.9843792951973032
0.9955725659495755
0.8334670559254094
0.46042590953920415
0.6220921685373296
0.7479960377917284
0.04776808367336105
0.7126326310645184
0.1667225615342003
0.846395581367611
0.3157407044232624
0.07587702915750205
0.10960777195279958
0.38246399957593624
0.34193605269523686
0.9468797666740052
0.49009474655693663
0.3374996328952026
0.33733009777853007
0.5126291630925951
0.039108985821471154
0.35026676912036814
0.041051675360255
0.2007706483417303
0.2223701081746926
0.6699835043256447
0.8035182401254038
0.8184749564742209
0.9234355306729659
0.3735137481982558
0.01708729984009605
0.8147353039766745
0.9358242734760112
0.34210543019731865
0.24553636432845283
0.8892817939271217
0.25799141783312884
0.6126876449106383
0.20661215451071702
0.6189025119639194
0.46112881614444023
0.8626037744106777
0.6305381699300244
0.7637073571626897
0.03215018293980465
0.2688783813767207
0.6052387547302122
0.9182215863019578
0.633022647794408
0.46309502920274104
0.3115709150865815
0.9731418674825881
0.3035638252510039
0.39622332568282526
0.38743670885922765
0.2617885824875342
0.028476710979852604
0.13118938727409646
0.11092467743369983
0.16194029494159
0.7544606625657659
0.8415739369126868
0.32530599865962473
0.9930679698878454
0.5964361465830198
0.02046474429514722
0.4639361617099862
0.9565797335152568
0.14949623375854448
0.40626806706241025
0.5615100719833833
0.9618885826412994
0.7799073140862849
0.5216228064572112
0.5714605431541319
0.6026564722862833
0.2543336744249868
0.3499772009683366
0.8017831671226524
0.3343709950159942
0.2455987837351028
0.35942474678210634
0.943537401229423
0.5451030402508326
0.7673877256400498
0.47089151021459497
0.7544191018238495
0.24706662483610953
0.8608508296687287
0.22138555546873462
0.5928616630752715
0.7997194375050354
0.5446904622880335
0.49677865564120693
0.5693633432096372
0.820534534135666
0.5916532619341195
0.38278633746003343
0.200912079493908
0.9949157766075737
0.24580861018827427
0.705066990011373
0.39854855893158314
0.5054452309119752
0.7096998595566028
0.4385173118371991
0.5743949919604425
0.90055795968865
0.8735856574414147
0.09561256438185628
0.824899633267559
0.1494105751152257
0.7146173332427376
0.8404506756951823
0.9602702710859543
0.053733423328118146
0.7322417208954201
0.5368007945782031
0.6005092195891942
0.5394424969331777
0.4436557195644061
0.889101081040448
0.5693161893614949
0.6909290875497945
0.578404631574107
0.022874121537786563
0.764047886884024
0.24053063049379642
0.6238008174573512
0.1627575404228776
0.07841986234541676
0.4905051732668706
0.7045411610888862
0.898067365476584
0.44308257430581544
0.7559713026038699
0.8912678979211562
0.6115345107659952
0.7027011717695467
0.901481377783834
0.8303389637988705
0.3571284358556863
0.9199089488268672
0.8406293962565428
0.552385032979777
0.36530009042315326
0.9417363234639996
0.5407958934789154
0.9519944974253559
0.4386067472124908
0.02713379110279801
0.6489438405202466
0.8222845594984067
0.23102825645366887
0.6472671205096487
0.751567450224956
0.9922884495227167
0.08165911856629271
0.7093474690138662
0.7375047748689136
0.023889899037616402
0.8173895491859621
0.5133809490821316
0.6536388277247999
0.6596377057282872
0.36639440367627807
0.06982855427403323
0.4860163129788403
0.7236305707702381
0.26002179821559435
0.1934545472981778
0.6471689841774925
0.3382237465842045
0.6005150546301842
0.17491465857999533
0.014051401267260455
0.8113259797054225
0.29460226851527693
0.9178571890311195
0.8179985261569878
0.13894534568299421
0.9150699957336911
0.47069286650094544
0.7953850872888585
0.49777142628886584
0.3104069815995729
0.04984174288670029
0.8248036316564622
0.9918472166054002
0.31682731334055003
0.3256427119838119
0.36671431272087107
0.648402445325683
0.5952667936514952
0.856960477536809
0.9335934340012939
0.44151119039687436
0.4726661472885143
0.9967959141681768
0.9942016834531447
0.2615748751850827
0.8184660046974344
0.6751580540378437
0.5591075724315853
0.6317569960195695
0.0862674433300763
0.16505469300234799
0.20106816635316638
0.9983400538973453
0.6988254827374374
0.2828286177392274
0.9653882169098562
0.5933847386204625
0.7999420391551605
0.9550998944066904
0.5601775196817849
0.983616548020924
0.8793722566668739
0.5314909047324872
0.5011915389434991
0.6772805045586776
0.38350089765155215
0.36960395158432013
0.9335372289043885
0.7596666507872124
0.8820064948223774
0.5592066512083271
0.22738871190487064
0.3923675198959806
0.3440635470734211
0.761080182061116
0.11258160626110136
0.1595639391287862
0.9351456551157994
0.7673345960597884
0.5146714301116969
0.9450259787226651
0.8004909975166299
0.43286153378926007
0.3791039600311097
0.9164702244990985
0.33627147951899716
0.9117589370536924
0.8435066034377785
0.2910707714856948
0.6953283415466371
0.05761509708962609
0.14549719277594064
0.013188589754134727
0.844723938671915
0.374580293336054
0.5058004676176201
0.917602144679958
0.2427145101327587
0.37632481692158537
0.6406121928426146
0.4819974976188779
0.09363906505273656
0.4749547789214831
0.12297282240821916
0.34860900790927596
0.7905005100454046
0.3695101329035273
0.6861321700627342
0.6544823021212324
0.178793271797826
0.95941624701918
0.8537257359621243
0.605823687789868
0.060746676937188826
0.41436701320549985
0.10276849621587003
0.7202476182485393
0.47488859163185115
0.1034950862265196
0.11632902090540997
0.6967694501118002
0.3708917413873043
0.6012555350309802
0.437714398763262
0.23599883916739361
0.0641917009594023
0.506061531259111
0.06561629153893134
0.049740868552410666
0.23387769233395306
0.7312707151175258
0.815369244056871
0.18120935730547882
0.33930835290879824
0.33862678320508455
0.9622353921172401
0.09924724895069503
0.9250004086965634
0.20223835506444443
0.8580212748704672
0.9994839610341181
0.7440796598397389
0.13742252302614189
0.5390065976044802
0.5826446374756966
0.8039484360548874
0.9583096437756587
0.8739252927234029
0.3444033266350792
0.8926802644667026
0.01658515189031795
0.851173724163732
0.6132942134696487
0.523100239808005
0.7536288649945525
0.9087365167832921
0.1056092878905458
0.9082823436550573
0.4170436474222915
0.032937893240850724
0.8020681131495482
0.6741180886222442
0.7626492526880724
0.3597608413930947
0.49733603775884294
0.03689808609188372
0.2692846581000534
0.8877006431412388
0.8754440481639905
0.5036834947185705
0.04061341597947965
0.43371319135955133
0.3694638539011782
0.010560323412697636
0.020244495354569847
0.23927479352005476
0.3545469882238226
0.5818681037916528
0.9389828009601089
0.1625292109451355
0.5717765234222045
0.6699313237692853
0.6203938730473137
0.6569369416438545
0.3980351106413612
0.774639722501416
0.2916292569640897
0.06727611435443781
0.3568218532184294
0.37544676902258256
0.9908060416912862
0.9768662902813016
0.2525907078273043
0.804240094072244
0.9001207276696163
0.3580559316699711
0.2940695969763374
0.557366722299458
0.4539372496914057
0.28556479504361354
0.9772132118617152
0.02297792467020343
0.12912743509884184
0.5447228935313273
