32 4 3
0
8
12
16
30
1
13
18
20
23
1
2
5
7
27
3
5
6
20
27
4
15
19
22
29
2
5
11
25
26
6
7
11
15
21
5
7
21
28
31
5
8
15
19
22
9
14
18
25
28
1
2
10
18
29
0
11
20
26
28
6
7
12
25
29
4
10
13
20
29
7
13
14
19
30
4
8
15
23
30
1
8
14
16
26
6
12
17
21
25
4
15
18
22
25
10
19
20
21
31
3
14
20
23
29
4
9
17
21
24
1
10
22
29
31
4
14
19
22
23
0
16
17
24
27
7
12
25
30
31
9
14
17
18
26
10
14
15
22
27
7
8
20
26
28
7
9
16
29
31
22
24
25
29
30
3
10
17
23
31
0.6308681688154978
0.07921856252556936
0.049294693182628024
0.6473798144055195
0.8906029604361853
0.04427966092214375
0.0377341302562475
0.8503510671168499
0.8931191399590914
0.26166836989861586
0.29286957909165134
0.28897141799206016
0.12582498276249732
0.9101019754385868
0.3939714120517339
0.7017376816448829
0.14765073510098226
0.4768944389717079
0.8009933213555435
0.6131172837706577
0.8134376073476848
0.811012277843874
0.11165108598032714
0.24220996896882185
0.5257457241384267
0.38488258704834877
0.2594777652496877
0.9863641268567493
0.39944294939615566
0.879729303402178
0.649917633023041
0.18218150161421576
0.41942977257505143
0.028655813044687672
0.9321731840770299
0.302142196479102
0.3104343735934004
0.8139687843374825
0.07138007630146603
0.10077766564637691
0.7111019409859975
0.8437396574902947
0.35830941680749273
0.3785425027264999
0.16927946690783924
0.1657517546141547
0.3878723029383796
0.3648525509904167
0.18583178958104962
0.18134693604006646
0.6970784498370196
0.6008925022149157
0.7416543600197952
0.9736274645187404
0.8239327571922312
0.3369360072843416
0.3825812100556647
0.004052856166354868
0.021344969370173383
0.7220023036320804
0.5080405752142717
0.03564406834089795
0.708286253710309
0.5410559780882059
0.9655593875109773
0.0168286692460331
0.20962513797490312
0.532377913552058
0.9972474009270725
0.7394469480648355
0.4698160331002379
0.2186843595484096
0.0037546474211008762
0.5894940173203748
0.929559991216883
0.1840848600344902
0.6639382444738614
0.9754329714016724
0.006325956069383687
0.67411730690616
0.0672613067992438
0.6215761359911018
0.9807825335354347
0.9727259812097367
0.5871477490437819
0.13991548669817044
0.5093430112339206
0.07465626107027468
0.6072318379798264
0.43281337080589066
0.4986006380765169
0.3565020761601271
0.6152249029160446
0.6610374612965646
0.4481776720380951
0.32171265522447845
0.34962058818916053
0.47446761793617265
0.10934548588162629
0.428038843506495
0.9926711993768609
0.0630804868022683
0.8484459461075421
0.8079535955009207
0.45003505212692363
0.9604792848200289
0.3917145883746539
0.21991702273239155
0.6912201968034721
0.10653733939297039
0.4314570993628525
0.3314686471917667
0.42090918959314505
0.3009788722658763
0.11964267221618308
0.2165515315285057
0.13486596977166465
0.12536516265480246
0.1797927862633122
0.056325019180702096
0.2306675643936077
0.8706988807299625
0.6158364345624161
0.4255854155947535
0.442857697023739
0.31877578825395536
0.44774380411380976
0.10354778421520083
0.1522519891114512
0.49508709716273325
0.8644480370389637
0.5515044097122014
0.6423837490145082
0.692253792820282
0.37506662224507803
0.9680737169458589
0.5446029750516735
0.11852879797082994
0.7017616465859556
0.6280445268809102
0.2594692754465956
0.07058581769585359
0.8734615188502862
0.19561546026845078
0.636854204694357
0.1391898517216691
0.6583147072427344
0.6416529881963813
0.7412325783808775
0.9771569858081226
0.020314022273005272
0.43499420016464785
0.26421034395343856
0.8553593721245707
0.4167713775188564
0.10884356932005113
0.5070487447759207
0.7418168538252173
0.4998702495268931
0.9560066633344236
0.3985282985622124
0.7153699228533027
0.029688564350045854
0.4625935181299672
0.6535017247017484
0.2935867850404438
0.5145217171007408
0.11325840796613762
0.7273615359635599
0.5306579131248883
0.5765130584181353
0.3094765051502335
0.6426379410561943
0.4216140387134154
0.3494113773856865
0.41754270267153826
0.09407057233475646
0.28551256028071437
0.28675514387204604
0.8439828198864462
0.9789173345286177
0.4854971287202551
0.969988185901096
0.6454288598146792
0.5984931113107167
0.7262550841433276
0.029683416615827407
0.6778847068372696
0.43510108837489725
0.7707595347193857
0.6049168480215236
0.41572475422373034
0.730957891829105
0.5346205610539931
0.9255307786554989
0.9703619621196338
0.685560318921054
0.15694045441515891
0.38217648781788194
0.08210270228040717
0.39737500354961297
0.19513183639360898
0.8007481245282246
0.4866255405750538
0.06108266222768488
0.9690253149330974
0.2770005414902684
0.16934208272762064
0.2783773469987444
0.2541730349078528
0.7184444785714635
0.894781315871383
0.3687793428985373
0.18689736304763782
0.22892107917941462
0.40667441234769797
0.14148511507708683
0.2531368014359715
0.060632787314149006
0.38045161825637397
0.7252598490943539
0.3600546834240148
0.8288052089807768
0.8111808047320282
0.1991703989589506
0.48074960256113275
0.9654317509838103
0.35006597279476903
0.31086419031280743
0.4187098937056154
0.8380501858150807
0.9243574969886792
0.7454674874774558
0.44181208292435914
0.283978169581628
0.33685445017525517
0.47696690400473496
0.5761790608263027
0.4280680951497885
0.820296556385258
0.13640662891432787
0.7828883259219959
0.2808357719605705
0.9869993900097143
0.8310034933706327
0.9332577604486157
0.04560707438282863
0.029136329899148383
0.3791189121403019
0.658219834243679
0.6357840683037026
0.2857723877360556
0.6142074924788937
0.5771537610955738
0.8775843200992459
0.09807991239094171
0.20336657005146797
0.5032332670706383
0.6750120002731306
0.5008960443366758
0.8127551078309027
0.8697249459021866
0.61407701592818
0.32911932306229963
0.15027618527144826
0.5011174742497319
0.25517243524805666
0.38745056530807265
0.35528142703570453
0.9565910144252171
0.10720218274544346
0.444997783915843
0.7816057260824335
0.9796159532007346
0.8930184753924527
0.5658580809527858
0.9076351453026454
0.3679745059613707
0.2685779407162854
0.30171674173318863
0.040050580106347766
0.15887478835440427
0.48920495416889354
0.05762065849495335
0.7740174265340417
0.9858865532707467
0.7267125137961183
0.10557804851338182
0.23983947644603332
0.7189658519450193
0.7794727184931335
0.7317378759738696
0.4601942326812456
0.06143919482117799
0.11836989124630726
0.2739582490042233
0.5475136392552874
0.5983047694644341
0.2972972017893898
0.5829459024083254
0.7233204519892759
0.5490002293755871
0.03784752901656041
0.1514790850874853
0.5848373222067969
0.8095206710438568
0.693190475149375
0.6275786496051423
0.29452155156846505
0.633889987758404
0.6065679367062801
0.4847404043498085
0.1635121406405754
0.5731319871678378
0.014993955325258379
0.5250831569826778
0.33369315501038066
0.9113325448322004
0.7258531880526338
0.7352644556676502
0.26779114819341976
0.7305504653346544
0.1217549179879418
0.07569346581055036
0.9837500057868065
0.9081769565860235
0.7535681987054909
0.21365729926867238
0.5742222700908209
0.38036782722193685
0.2521185201023033
0.9805371523819052
0.42614486578285327
0.6299572385868788
0.2959983682897157
0.7241041523008148
0.731442376215463
0.6647932744206404
0.9484546601750485
0.5603179048947605
0.7573554405887611
0.43269355268172416
0.7868387773997413
0.45324866961847876
0.023084317801045362
0.8098953156838136
0.95254670145211
0.9607621972162214
0.5019587165565993
0.7887745710182271
0.7020083644472174
0.4511641376403759
0.042702994493759694
0.30896543674400945
0.3143510221901047
0.5336615477131824
0.8405787352507911
0.733993366191502
0.9459251155239499
0.5376575276422259
0.402635064087267
0.24887707518029123
0.598377648706099
0.8058652052470252
0.8069815018388813
0.8840099027937893
0.38534655459101774
0.4580604607469859
0.3636541959927856
0.2267470637292287
0.9236171770199046
0.21907481887656455
0.4314443530227289
0.2934376784313574
0.6162861792684073
0.7131327213299063
0.1449977385333341
0.10135384109809265
0.4687980408516138
0.9338892697145429
0.5194885691058662
0.9056583006468794
0.8316481765176794
0.2600833093790911
0.3165067275380372
0.9853837879887101
0.0718121337126214
0.9970926402915833
0.7710438795123794
0.1119738776775897
0.7881542303337848
0.8360100173137797
0.6633427822924421
0.7504412671523254
0.18296189641109595
0.5640872532730126
0.28922404456300177
0.3835740982952458
0.045270846059440206
0.7960971238571121
0.32734589416202453
0.5695724800631989
0.484773869213296
0.06311968949719371
0.7112027228761064
0.16741405492706463
0.2775007092384554
0.9516015943259701
0.44420748527839793
0.22554809838538115
0.6878753877117015
0.4786628101930427
0.684431513484076
0.5033449674535145
0.9076268937618509
0.4002241755676569
0.9562721579712687
0.8299580383442963
0.3182837570722158
0.5307219981790058
0.18686635771751625
0.49024455578966375
0.5691299386343766
0.923286518735473
0.5123351922561706
0.5959684374274955
0.7142784801073242
0.07360557692410286
0.08629915754092732
0.501103797978995
0.49104714440706954
0.8941889611348393
0.49347314797908404
0.50245083621181
0.5777568829686184
0.41150103987307896
0.8435705769824637
0.7879671664105711
0.9224802219348074
0.4214784718691633
0.3975837006662897
0.12470808429426017
0.539730269186846
0.4010223109131771
0.2959386049750027
0.6156014631982959
0.8935902974521931
0.7626437501427159
0.8448561600377253
0.8260184097863551
0.12966159302938884
0.734940692728599
0.7974293241983244
0.29965054213703124
0.15179885526666048
0.1564143680887944
0.3179425668199848
0.4068261715182304
0.5617485247802997
0.5834352848156227
0.6124194760090118
0.42397311561351414
0.6485192012021647
0.6350366142213396
0.21088022284762775
0.5440833596062424
0.373165236937831
0.8195180826003735
0.8183442468819341
0.8443661186300813
0.25234233802832606
0.14140690057682126
0.4518434149750158
0.08679087087894621
0.4281046381395964
0.7774418574971207
0.4867836876103556
0.891952503558884
0.5626410948712829
0.8664477686538542
0.9836430034049115
0.6507720039502459
0.8589731283900358
0.029541887828877678
0.358897535026771
0.3673816911285239
0.12485801671933638
0.5927906992411248
0.9042854777681213
0.5304630730604203
0.6906049401533092
0.9869293344204094
0.7204749511140657
0.08546534947237006
0.9296967164196739
0.6604013183379528
0.6850054831103622
0.9341156951859791
0.1986057150262539
0.036047311882962285
0.7330597157058955
0.5389693063096556
0.02019373224647092
0.29417500689257314
0.06764243019351956
0.7477689770197257
0.2581332951299109
0.6192703185815758
0.6581984335394444
0.8859044102985705
0.43269362700144076
0.3805437459293166
0.395885149061992
0.8625407083037203
0.6745460905477862
0.5589072949231068
0.9559001007561417
0.6414716249298347
0.9468506838337286
0.5706552644157679
0.13522666622878476
0.16891055083846174
0.9648004278099374
0.14892179077377032
0.39335428127437155
0.944696477218108
0.05266758742076694
0.19480876910240075
0.02524442294710083
0.7532065263937099
0.7432846664216308
0.9528141651704976
0.6771725239114141
0.20440882990092502
0.6766954396338093
0.12594967820220715
0.5270601379760272
0.5472007183439253
0.5103237007719209
0.3763198579120013
0.2969239997047419
0.9430467409406172
0.40844581353730713
0.7181824807653265
0.6601924469526742
0.9271280673835459
0.7630782681145057
0.7884418346977211
0.048794347522707726
0.8496537809332755
0.23115364004395966
0.5737913024364071
0.6245035075211203
0.4692132216947087
0.724208740165286
0.47736924566948247
0.5297708314522851
0.4169886224510583
0.38409108495208455
0.26050931564353697
0.5133830673387029
0.539053516285466
0.08606818720427667
0.872674835349606
0.08735465834350009
0.9531327413139208
0.7476812966170923
0.9454374791744983
0.8615540078495154
0.2495908454389436
0.5663937582220757
0.5178103865814182
0.09075083906190662
0.2976305382194909
0.04456902091995518
0.012462397612225673
0.8533396204185669
0.12888924316625383
0.08802607296678544
0.18358497202392865
0.2609523514664851
0.12265114058927906
0.5263569024316117
0.390694615280614
0.03966118016734954
0.6071832926765252
0.5910598160825181
0.3677503514957108
0.3620596984267387
0.36681404957679853
0.28678111191006506
0.4428159621597808
0.7078045968235367
0.8069987673409411
0.914255437894841
0.05704827001637114
0.8219086110518995
0.388442179054988
0.6955133685811098
0.5395214421580786
0.031134222493296004
0.34546199863460236
0.8810172540989681
0.02103417297086041
0.0878987704750932
0.9457231429014726
0.5996577055999538
0.36840080500690964
0.8102676751451807
0.40873739441585777
0.8040992534827704
0.7474846368080861
0.6351884120339624
0.9479715937520782
0.8725013237421985
0.5905124441967398
0.9100480844590936
0.6895271437874811
0.4326204863156077
0.8484586388509918
0.6469611560937394
0.211062101949127
0.049665898008860676
0.10112821477115752
0.509828477768667
0.25966556424470666
0.5308793345869665
0.6132342903608607
0.08300566490252703
0.46328735446411606
0.24681353145860063
0.07462137336308383
0.753096472222945
0.9275353766820682
0.7313147717219907
0.16300586354654112
0.9085675397737715
0.5566821269957952
0.278708742821308
0.9187336975817599
0.9106726944644062
0.6780967885305317
0.586871058862073
0.01094365679013698
0.8754175257112218
0.588901089508341
0.11450525882327756
0.5861062690680755
0.4880482252565369
0.9141335908477728
0.34860164166418284
0.4071268585354817
0.5786969485577446
0.3259721657620309
0.8758022505094324
0.6122466728742675
0.5283967513582167
0.19041067547587653
0.1315739798429345
0.6600653265126623
0.027751793914833733
0.7404868671021372
0.5271626808896808
0.4792437280248929
0.8128615348619402
0.5887377762609842
0.4779760217050292
0.26682111346755955
0.6654922576000942
0.8742464651450558
0.8718864375808618
0.4344314264705166
0.6845682578680428
0.803662529232328
0.8123254449589069
0.2005922761922171
0.6927817903384709
0.1780412940661832
0.10706934027079118
0.028202689415674498
0.12383525619625946
0.4684685779675818
0.5636200261037748
0.6939487870582927
0.33098533813007336
0.937972931617422
0.10028033282950344
0.2054736644259908
0.5621476904807531
0.4553251846256
0.7772353070763562
0.75526044052922
0.33973211959450855
0.747489714094816
0.07561446452173837
0.48756030392698924
0.15210206188738562
0.6140321797632251
0.8163641452015411
0.08879781222634042
0.9354128049118905
0.9541916825041183
0.229072661034458
0.45382921651705355
0.5170096707439823
0.7010130286662177
0.5348218550270437
0.22348180094784742
0.9681737225580545
0.25734021953542163
0.7152506944203186
0.6451832442989434
0.9195239633415976
0.20883545901950018
0.47288625055050204
0.8741687624404668
0.0030540891410378856
0.8621880220895098
0.5923218523537108
0.7578118004818032
0.5110066002956347
0.7614630740679219
0.4931482284648817
0.931755310318094
0.6113572291957681
0.123830441589592
0.9028696463467691
0.5369348555890298
0.39865189168835913
0.8022819432495786
0.38906894204870013
0.4779410358339281
0.7374213538341432
0.6080039570958797
0.7957427858754437
0.951955828102644
0.3607621057481256
0.8807313042194171
0.8297424673781636
0.014032680411487752
0.662830963989074
0.3015936030965739
0.10027302182237618
0.7892388628797282
0.11358175767358247
0.8633658457164314
0.4386396650063811
0.9097326616330856
0.388426849727886
0.014586612442786917
0.1956569548992867
0.23815060100590335
0.9726173232679031
0.10898735545455973
0.6648280280349563
0.6202573914927276
0.951704787860354
0.41816487471850516
0.6681768511167673
0.6589346791985904
0.7047018480577888
0.518581274227638
0.3999793263617307
0.5293208764740732
0.43821617435071936
0.8299266928464937
0.5956063953405277
0.32547634149403537
0.4359055753369777
0.7080199157355497
0.7737884334439922
0.45273294417663656
0.325614691898648
0.2846599152391346
0.23835652711774957
0.21858915958460134
0.15523872767748492
0.14979920831774307
0.39737746751390124
0.4600890326537679
0.18113613240181325
0.6150159166651499
0.32508605669671653
0.2980290093693293
0.526279651677435
0.8175345498090303
0.033197908785712604
0.5820619921980213
0.8139262187194366
0.2155625866395412
0.17677452889277534
0.4748248559571038
0.6375463065823779
0.7188973633438047
0.011026651763977546
0.7834614721799894
0.7874879353810292
0.7270703770711119
0.29729919444536623
0.3168164101152774
0.4362156847945857
0.8921633453023068
0.609536939424052
0.21714831683838143
0.0983106872973053
0.9166253120246317
0.4985329006994532
0.43953389981444546
0.01847420195330729
0.5503612107209925
0.9577399199378067
0.0114118911498583
0.9033868132463712
0.6460475153722014
0.9419766936687829
0.035500147416273053
0.13161408327744883
0.3464538057414708
0.4134125155515527
0.8446714367573411
0.900356949610789
0.6853052841242254
0.8607522867648765
0.5662738554800975
0.8839381372398807
0.8249872469453248
0.3023486174611948
0.7533175833953331
0.31593564612697334
0.20972551957947205
0.40581914262665797
0.5562330282986765
0.14112872868775062
0.1135264110726838
0.7395314210331257
0.9676127118625246
0.7925772038919663
0.7699150114849803
0.02188493656622581
0.9414995941769575
0.6335279622817015
0.47329269042713495
0.2868267814660188
0.9792153754954851
0.5628185166060281
0.8522468323124117
0.29614640535596015
0.7664774340282855
0.6708035898278354
0.961736468622618
0.041728031603103344
0.9584667289590693
0.7373641089372444
0.23423435771859502
0.9412530470421705
0.37114119091409115
0.24841425280152774
0.17693775216047902
0.188606889394765
0.7143045513592748
0.6085361014797114
0.17082359327956143
0.08865112136419262
0.0910696633655852
0.49161860879171526
0.04580624036658287
0.02820910316034919
0.7305100614277663
0.3786781784259856
0.2768793545042256
0.8804750954860132
0.45909626662185254
0.5288881769069282
0.09746696150988088
0.5584047470364002
0.05255916164393881
0.8931509904119549
0.24539507257129223
0.5208113666164034
0.843304202151846
0.9582275325310843
0.5398002786146089
0.634304560190532
0.48165989184787816
0.7787664588048584
0.15615408480599968
0.9794305019136763
0.565245888844318
0.7313750275600551
0.46108754279316777
0.4010076787698438
0.17387207205618005
0.775231633423817
0.06429816638063623
0.8692390247660777
0.5404736847406031
0.9974542313615156
0.10657288107056939
0.8461125936067205
0.880744571532588
0.2423109858656486
0.21643088079630957
0.6941635491352053
0.04930247177123204
0.7686202649682264
0.3286107784260137
0.8734792796835633
0.05166834780511631
0.8372132876049865
0.484154924513972
0.958261191784552
0.1299746677880399
0.6274615434672283
0.2514647466556823
0.17806574459163482
0.9466383525229248
0.19754798300686904
0.4261240619572132
0.09512425007147696
0.2150873045990771
0.710287328845131
0.15296334473355966
0.7086988947050934
0.6531341200018763
0.35309020628462207
0.4887091213182261
0.018091793811490398
0.48464920680724166
0.11149256769388272
0.9832806565199481
0.2177956797618511
0.07398002051692376
0.11947383382877186
0.08477336645856004
0.7657158784631977
0.06179009610862651
0.32294668922302705
0.8533287342979017
0.09791167248859622
0.8461824725005703
0.5012560564016206
0.27436206471529334
0.31286640211782324
0.1951455100027535
0.2064209751985957
0.913502835378854
0.8898136837479652
0.6878127572005074
0.7153048562198638
0.4599916961865784
0.17208049777494772
0.994143193985583
0.718366988110285
0.1827292297413181
0.30863272110875994
0.6194836421254329
0.2655518523110568
0.8792978203987912
0.26877156406384706
0.43106139624150963
0.22250775123733657
0.39530428953719565
0.3427590595034442
0.7323449708260023
0.506453323058645
0.5269498279726605
0.17027017007604783
0.18231924627028362
0.21613380982014696
0.6495176695276186
0.15287992938575856
0.24242541068824186
0.07853305964713242
0.14595069904730495
0.6526109931792662
0.8644165575345734
0.7367784909228291
0.4229589608136598
0.5586613044680685
0.5900285121776375
0.5757535685986607
0.3232833611092064
0.7826962604642815
0.1079440649368496
0.42028966593157113
0.703871476401833
0.5407713209017325
0.767037119210492
0.25271851686317004
0.28838171923131173
0.1995926800005975
0.5645460730502931
0.9747723543140953
0.062433143783476974
0.2656263149451211
0.6693653021753971
0.14183710094063862
0.9881314067727809
0.10806458257148133
0.23240498243771357
0.9908508293370268
0.1034880150740346
0.19004158006922867
0.19867161159394708
0.6735881165508683
0.323902956148333
0.7255234360234796
0.3150045103703135
0.8085205015303761
0.14474784324470802
0.10854298832643561
0.6611044219714439
0.3310810279448638
0.003577123143057137
0.5382700807285484
0.9816728173824543
0.05031232046166634
0.42185826872103793
0.026885709998957674
0.5499261689655827
0.5600887633290323
0.8464754604015257
0.44777428692419885
0.8916185268976391
0.6946413019496176
0.6114870021307747
0.5654349841411344
0.11426029411351646
0.6649880087264339
0.8134170532394883
0.05423537033300885
0.21739114931182935
0.8169241143121988
0.7932254693778824
0.8696176598848702
0.4767357129373996
0.38410569216901
0.8290242778274548
0.4739732989555553
0.6651487174450103
0.7003255918454064
0.45280573981261074
0.9107690621803911
0.05932333057913208
0.021094802499413423
0.23482044934220625
0.6782545061584769
0.3503805425729467
0.3410961503393125
0.22393712570941593
0.13591011955491095
0.3780895335374008
0.7865736370017465
0.579312885527505
0.8861169798413115
0.38954228454527107
0.14798429355290454
0.64638634421749
0.11086375590734232
0.5249451977048408
0.9639133952985851
0.5439231939007916
0.8518620366300235
0.47011334494339785
0.8696322563883407
0.168094617254821
0.8962360429311711
0.7995184932709088
0.42041717650780464
0.8519995648606756
0.6341895734652394
0.5228591529785536
0.6224990982606827
0.2231147078348693
0.25565552059409347
0.8968509011321996
0.6256242580916223
0.44984677182310573
0.0028198172398130605
0.7181884958845646
0.13944164408558968
0.054004648612163364
0.748721206789148
0.1264891695222039
0.7494443905548391
0.8125174836763507
0.7585951997335929
0.0051619852585707005
0.4346384391670639
0.697870672319993
0.6628340956510927
0.02689133951783995
0.7790703350083183
0.9627566710300853
0.792583772151764
0.8343884145483121
0.39811983346508784
0.26129219977492335
0.9526221463678075
0.04631308683242641
0.23298722445139208
0.01652287436866251
0.7019614387795291
0.11245334483298319
0.37252916556212645
0.2928502668861678
0.01500304761906801
0.8725517912163107
0.5062693657632162
0.9662538889530566
0.5934631023408593
0.0020207129592886286
0.9181208394376863
0.09770644362463399
0.4418978462574923
0.5330814406937036
0.9902023617997535
0.6787272122464997
0.82728027540616
0.7763003346151289
0.9725081896575402
0.32831784224856886
0.8151248866801671
0.37264110812410833
0.5533423893108905
0.6729062623304789
0.9412458226884702
0.5468815408370603
0.8879592132694348
0.6683295489932385
0.03833065009581316
0.5165315979188829
0.8577684219906565
0.010303102356930993
0.3664491970236463
0.9826213624190079
0.8397315013413682
0.911718369229012
0.4598295305538431
0.34097577349152763
0.0350568660154128
0.9240955589420649
0.17556460090846593
0.5598716164015349
0.1947629331964813
0.888053492989572
0.3704426648452537
0.051339194548036815
0.795987205590149
0.044835330449742195
0.9349927008116833
0.04189607886856883
0.47863548445180903
0.3803947609155196
0.3026101774358666
0.8252908412471133
0.2765842618416705
0.733250889059705
0.5920621295594761
0.6658398149603658
0.7840264372389617
0.3181319560962037
0.3744662069743414
0.5677247260979552
0.8482287078996477
0.6939305108493337
0.687431654044933
0.7245788624134938
0.7566097514861782
0.144623441281993
0.8732619702627588
0.3611788282400977
0.317720076075235
0.6129063568923514
0.8166312133102602
0.09146176263587102
0.9433274565248834
0.6154780856454569
0.4494599463298051
0.23712749210389694
0.6440076325428616
0.008765608459086138
0.7892712414190112
0.3409999206305111
0.07246895946564136
0.6119016608295356
0.9185022000357727
0.3301180081191284
0.7599481776105683
0.7387021080749633
0.3502674488093477
0.10457186052808398
0.10302019426796971
0.867491660587375
0.5320893788272044
0.41138996006662876
0.8000418691340314
0.771010929963286
0.5376305971645958
0.6070823680525372
0.545231501327287
0.9011269881934956
0.3872895487514679
0.9917791222440057
0.9264483440467822
0.18605938675389289
0.185443176743729
0.7448805328071337
0.511895430717834
0.4975507118309921
0.17371867539345454
0.26608776435966575
0.4334682666721732
0.07490780532893337
0.5523986798107636
0.8367346328541827
0.3885339347213814
0.34390267836519695
0.261712386430793
0.99549472099202
0.8539953765910628
0.28829158597682425
0.05591200122461626
0.35295532013831965
0.3285148636670169
0.23439476102089707
0.9386885989485488
0.8360106094273155
0.8473543284289266
0.7110679408031683
0.7521092649281167
0.4499979546237234
0.35928471790299077
0.32281889689523435
0.571035100189861
0.6925926810491619
0.13805096477440426
0.931890080981572
0.7127909300969856
0.04932295467637249
0.44669147378887697
0.43762392945041706
0.23480377989702295
0.2907527161687071
0.3277082409560087
0.7665654189034958
0.7895909587595703
0.7830548721733167
0.03301942618007925
0.8715232379473037
0.9130877701884582
0.004895804742885201
0.1888330336014361
0.2938546917320771
0.5947799345899232
0.8153594602055264
0.2533501867225588
0.11679380264834727
0.1248520661444027
0.3248299983726006
0.18447196860525827
0.9113812023783818
0.619039088231954
0.16745400516142905
0.6034143451453172
0.17610532510272336
0.9578514103510601
0.3023583658201826
0.8612460932304212
0.7884668088104301
0.6902706728470963
0.24245480860158386
0.645910868466779
0.6125907250291098
0.5362029808509031
0.11364156706350392
0.5885047952948622
0.22520479267754645
0.4713666452036107
0.22572400543637372
0.9783349933755165
0.5090369693354381
0.7770516151123844
0.5586177941377429
0.6028947803237493
0.41303508937302713
0.6899104015890207
0.11363045445725706
0.49240184328188863
0.23399308759961812
0.21292198668896944
0.020329091151646717
0.19344403061811144
0.7695857535262957
0.8161340257767984
0.4096822671735795
0.40206422779682616
0.7662023229612991
0.5613274016834034
0.6682611341745366
0.6095069227185836
0.24981253920745017
0.15564262409299445
0.7226534410348937
0.2734022047792459
0.8828065572320072
0.9776965586127929
0.12275185346290296
0.7636179201518917
0.21985195139295732
0.2415614404587505
0.8520451012261431
0.04102517024865182
0.007034464730564238
0.005127677528512065
0.3947819845035352
0.5390274724050148
0.3096242666303698
0.02390547359097972
0.5876806664921559
0.47592099898676854
0.4470764041125327
0.17406248625509024
0.9302721250523152
0.26855435098012803
0.8617532696909769
0.3502990911343026
0.6827323497483924
0.3535069204473188
0.18787651409288908
0.7636859719234854
0.2459596200553007
0.29493936420015
0.9839755893933071
0.2088879382449108
0.11158488723316562
0.08377761270727935
0.2984047511589296
0.11843347878026511
0.548245636370447
0.942586278443849
0.06291907162952748
0.9148827591829233
0.8062595805218495
0.8522538213492445
0.6101089438294806
0.2869659299724565
0.7290192908482586
0.33349781988724003
0.3254105237127676
0.22666524102332952
0.9395544650040488
0.45156388930227476
0.19682433024379942
0.7319281472237071
0.8666321640479944
0.6254957537175466
0.8248931910620411
0.9601284625692843
0.9051317444198846
0.855797578073381
0.896281203380493
0.8535599492543601
0.5898339065456419
0.957055653422211
0.026536462842732145
0.8849794271417685
0.04716916851497377
0.7842630005532502
0.5493822400523213
0.6213110060667285
0.4595081266990412
0.00977634527193827
0.5904934603894737
0.778041320160743
0.6180534769832445
0.24188968647496645
0.7076922260480912
0.0318071364655611
0.5360272012107486
0.8768744611647742
0.26006205550013095
0.8183411711878515
0.4093777687462935
0.004959138410709274
0.16169105309882648
0.27251741776866145
0.9541116381011548
0.3212876153214921
0.6885309075050795
0.5011172403687179
0.11167982996731174
0.3465970898237062
0.5885730261261478
0.31816897228875873
0.49850189768015485
0.7012664964500956
0.4621498942779452
0.7155909748348301
0.4433735299377558
0.28012915146057915
0.8745879986920072
0.4606476900605183
0.5858268320672205
0.7588709849541672
0.26088547052590305
0.7465656377990002
0.7344069670027858
0.9394264884872038
0.17713011204836837
0.2648341204178065
0.9547590507328763
0.5584095511171583
0.5543565496073788
0.20057173427870778
0.5213367316149526
0.8640452059308086
0.5233934028242273
0.043429995419153045
0.005412263895724134
0.19286448309381
0.6958564107625049
0.0016400964143535868
0.0005134653619103258
0.7767328528651191
0.6503187138503788
0.27120591980754516
0.5409822217219071
0.9669008891548188
0.9203269919278055
0.9748655607837456
0.30084808297472065
0.19718522280632944
0.49588371179066226
0.9763883227313475
0.040922637004761064
0.508035020963325
0.14660566757745375
0.27445124249930963
0.9961780147386919
0.16964080759195543
0.6497571982220258
0.7162911565657124
0.664697566437067
0.1487658809411332
0.11061857376119422
0.7355316649825955
0.0560465311089271
0.3733245464569749
0.03979688400753678
0.24776788495369628
0.8016198063284893
0.42598774649965976
0.049225381324187856
0.055616574527473484
0.12349703074489382
0.5361633154737981
0.7147725320678837
0.09282063954111974
0.16637020120697266
0.26801996455440136
0.09775221969810577
0.9301060663058686
0.09623389622903833
0.8562461774035768
0.667984180565965
0.8082237784624704
0.49550528143280503
0.24755296958427464
0.4891214480936976
0.728939103724831
0.16944549187900737
0.9560036370175562
0.0783618359413567
0.48560698923362877
0.06316600651714976
0.7170892816055682
0.5480575648746844
0.5219286740653132
0.22970876561540243
0.7627879997882879
0.6534934106176741
0.9076046865260207
0.4787581949056313
0.3482298776872146
0.9645891980746797
0.9270122452083865
0.5630995479305225
0.036080628370099954
0.5617245677499257
0.2628162659450175
0.6845975902321508
0.9339657260051879
0.9530179427132973
0.6430024396134876
0.3072185889060547
0.37993323106537047
0.08273385843654812
0.7730667314436833
0.7393092635209538
0.32875476233331014
0.21016441919304163
0.6513852425428963
0.7845942542945458
0.6927949117565607
0.9869967786302518
0.5080514975340298
0.11301416729750091
0.1015576764096332
0.4397187262893645
0.8421857112479004
0.5595466768823704
0.18405579000753336
0.7099995597009996
0.661650168883987
0.30468613632248376
0.5603285960419716
0.36467607220178067
0.8650902624481879
0.7256524074015878
0.9900640163342419
0.7997157531318994
0.33196997954014396
0.8171937512492391
0.8036375930413772
0.5017591650281212
0.4682133168558539
0.812850893391866
0.18761510792130243
0.9270697564240957
0.8858611764796437
0.4665635786517812
0.883468714265847
0.2789403341771277
0.7151246082876848
0.33480585584227474
0.42672880601187846
0.26966892834731804
0.2026683399587399
0.5863635553505335
0.8357177120082373
0.5417254319308333
0.002039006606461724
0.059330232592347154
0.8460962898045663
0.7897545084346226
0.16813224933243098
0.17747531165446495
0.010127770009970338
0.2293604605085635
0.8896320005807584
0.31527764500439426
0.3790471284459007
0.9442915645629929
0.7526677282087537
0.40388349333336016
0.5274202671018904
0.8370827523128814
0.045676168592856836
0.10664598469313213
0.2913352980218573
0.3538666963929368
0.4553396482078136
0.31328851198337837
0.6579372593939485
0.715953381640131
0.09912368109635894
0.9489780597978039
0.6041113859714686
0.34141739976518837
0.927288079848592
0.9162333091175284
0.5130573708722405
0.6951888699791998
0.680940921038635
0.023594182453481216
0.9678039532331398
0.9842958353789415
0.9420263080363689
0.6768980804651232
0.9476198851537997
0.35227045894708187
0.2393138163448425
0.9596361181654665
0.17872694657255916
0.819385638001067
0.4145212605664004
0.25635820786329266
0.20970684591283528
0.3597091280707393
0.35511751807045866
0.004078156338679917
0.5540937030741702
0.29650463287833173
0.10554528475801783
0.4192047620237003
0.8640605394367283
0.9248014615286321
0.38808370116077595
0.22117900552738456
0.47311098833681786
0.30746203456053756
0.4326678539177915
0.34228984285379627
0.578773213635208
0.8341398646548797
0.7264512726701156
0.36345235996087655
0.6528559108202933
0.7061950752711174
0.008288608021293942
0.9055985011877359
0.052824891621686465
0.07415607194374074
0.4549395879251148
0.6059395745105426
0.3101305452919496
0.9385289009027967
0.6729360953509919
0.40597536365174314
0.10595417203533386
0.707234232312678
0.17587902898950136
0.4932226835415916
0.4955762986498372
0.26162527887171627
0.9221188846954514
0.7250991934698998
0.5886479437011084
0.8413637701632928
0.294704448378884
0.5920697900804668
0.9380847631544107
0.8336252681546504
0.7179744127145387
0.8527482790676127
0.5061311302010123
0.7616563160466218
0.5887157265118355
0.9900100328577184
0.004208704885756864
0.2932102455504363
0.3477625848192838
0.756791909198947
0.5401482766985441
0.4171127269437126
0.5409645354027249
0.28670702155266614
0.7436159877883949
0.46044331520619475
0.5171584242188311
0.8239176209288325
0.7650683002409249
0.4664758949036979
0.12811220335409113
0.5189397075353382
0.9907212855662284
0.9409575884044188
0.08319467137399938
0.8084981559004455
0.017870656340869928
0.40882655915764976
0.2010121608388229
0.9752832063804944
0.9316694697981199
0.8958870859273069
0.6078589208509401
0.7834830576912303
0.8694517331418827
0.059133312599731425
0.9929038450784374
0.8820151732609641
0.06212337826284697
0.22478825904303157
0.690290257987542
0.6411055946521635
0.004357814489556855
0.9357234425191491
0.5569754980923817
0.010656164791637557
0.011155787340946577
0.32928743275917405
0.053770619364408856
0.25503376972542613
0.7496038179632046
0.7433783838572314
0.23227250509206232
0.6337925114944142
0.028604431138531505
0.7566814259227811
0.7405837215007354
0.8493966508084153
0.8378632899437718
0.000458840553873463
0.3458927162156792
0.9418234291101705
0.8324118265964233
0.37114146292860906
0.7347814814398747
0.6478643628260957
0.5906327249350621
0.1769643231799779
0.5794466209598277
0.6679043090324457
0.5169939482325943
0.48572332628710746
0.6168929233142911
0.6839471181240012
0.18998458639710825
0.39665067734872583
0.6533186685424025
0.5386508251187687
0.3530333006419828
0.8299836226891287
0.8611109839416115
0.9593621946894085
0.4673352233160193
0.7928236774576738
0.5468645673960411
0.8005078898356062
0.15021369938899853
0.276505337802082
0.36744884432241887
0.07072964339254129
0.8563977555487068
0.14761214079534513
0.0646952481149532
0.7890142224163788
0.24610507359276146
0.15750755378147407
0.015586549179135156
0.8393176905088063
0.4433612339579024
0.7293986396171869
0.2574234164147089
0.01962188760330852
0.843114122479479
0.9298315327312344
0.062086598892655
0.370506523757128
0.008750847384026095
0.3633463508636149
0.45049748972323067
0.7170388218783923
0.08848662448777089
0.8446847890432218
0.08065956269529728
0.22087504571559535
0.915890524568384
0.3119411219903129
0.7605086432133615
0.34465267771133246
0.9455108826071585
0.33050723516112146
0.1440623419828364
0.6944798772227252
0.7638128671975357
0.38673472784829677
0.6672926381101132
0.45869204777909556
0.8136830636526815
0.6213440710075885
0.7230402506668836
0.23083047850866878
0.3763924219822199
0.000584234320817556
0.6795948697951226
0.5188636234266603
0.013421605354717037
0.6915360827518855
0.2932417125989012
0.1293647211705956
0.5273241613755798
0.4471750377734358
0.4509662519225943
0.28508083639686843
0.5568512985435737
0.5730773707905735
0.4946210648675726
0.07978172106001424
0.9431554015145959
0.27902048371324617
0.7401132792099486
0.5448326474713168
0.10219876931680383
0.22174456645158247
0.050659633901115164
0.17191788141796727
0.5529018966762518
0.6599947102550991
0.7979139884812962
0.5085967301293153
0.48461300181266675
0.4544428223769177
0.3334529344352124
0.21753838450335228
0.4732283392441953
0.3835347730899997
0.39922015121407806
0.6135173509921552
0.6014050971258367
0.7130842403395817
0.7689301679696812
0.13478740587917348
0.522374679013933
0.6761186942733048
0.7261068185518237
0.1922285917228368
0.7274501913646833
0.6361922750951751
0.8340005004692552
0.5167502560810306
0.46892141943780563
0.1453020833371187
0.5537181595622459
0.872996337137244
0.7197118312158647
0.27381627967670397
0.3732695559586191
0.16745183190316815
0.6913262438897138
0.23336984167129848
0.33106041160613786
0.30338269123478756
0.7543796739435876
0.6270004643080561
0.5449350332307012
0.9124549162255876
0.9779677562027946
0.22376446941470818
0.3085555742315623
0.6815875519732639
0.5287150854030778
0.28517907947844545
0.37453600871048076
0.21905294727133828
0.537320952862582
0.8779183478647937
0.28358773679990334
0.737888929060444
0.5608495812941673
0.4581204052882448
0.2016140671687623
0.31358251948149674
0.17709581832512578
0.5772419010379563
0.6154171335499108
0.23358598203278447
0.17696448198517678
0.4956149345188414
0.6462784425938021
0.0710179118345673
0.18983411257889948
0.189240155025172
0.15200503542600208
0.6816333146902315
0.766043947421615
0.6090908080993169
0.8979712122012224
0.05247198730752234
0.4442824035909776
0.8664496022715008
0.4086190972317879
0.06622806173956675
0.4530659645167828
0.21334380780429352
0.06803397860990457
0.7940152629587008
0.25208098969973347
0.8176098010151873
0.341563251775879
0.8981418448215338
0.024406271745749053
0.7790205022596264
0.5764060739228324
0.9336328602431507
0.3236698593782352
0.12166129970334905
0.4554116332951107
0.10228092351019324
0.6106508399092633
0.4008275929088554
0.18334848077493882
0.09367734226166002
0.534226581199867
0.4132177657295216
0.6741160131302506
0.2404957149855661
0.827199739519042
0.31043135139621136
0.34595293887387835
0.9537215753095253
0.6399224977906919
0.8159773254416715
0.936271533416173
0.40293303668291136
0.5295314651496025
0.4051659180768542
0.07514408318309551
0.37131445077584424
0.03775388729227713
0.11963237711978325
0.04633320336368407
0.8196732471946285
0.7001468226516673
0.5825218324494097
0.5185134902914853
0.41427057927424527
0.42478678235987544
0.18850817904573935
0.11257731211650068
0.2836830111596501
0.2018623553704878
0.9590734102471818
0.7297722945636098
0.7627550497338462
0.17588314860417165
0.7143963769407702
0.5236184642695442
0.8636253242188677
0.574973313605359
0.9199273837598713
0.6076797138918547
0.44125364376412957
0.9562656192106075
0.22859368520057588
0.2838811050504494
0.023497561251099364
0.38518381577638294
0.8683411708384884
0.7700784924061364
0.5264044148915362
0.6869256004811974
0.3754766250244924
0.3194579847264215
0.053040606092442655
0.7486113380569581
0.36181069558736
0.5030917459951759
0.721988897631147
0.17535428859781577
0.7031921170252436
0.9307684742953486
0.4293776940863978
0.3257817608929955
0.6884883206750476
0.5703421072859916
0.035634408048195176
0.26300460461443753
0.12579988466218484
0.28338567279862925
0.20851229044484731
0.48855010978094404
0.12754815205147374
0.4674961700827329
0.7653230780828364
0.35588359829166205
0.4214374040971668
0.467742255571193
0.45644742095592783
0.8974946919510618
0.46958022094946583
0.2278978351736739
0.5947455053608321
0.29490961546374783
0.6282735671890417
0.5990215751149753
0.5584692782433333
0.6173780740154575
0.683087565267262
0.9946110816787301
0.6271962859109195
0.6339419503198358
0.36716389692888407
0.03043395020424633
0.12720532784720517
0.4877823714616677
0.1799698558750248
0.26625520286060933
0.9019534744719266
0.9704029072383539
0.9364670872423826
0.5635388300002006
0.07537493176801235
0.7325631535528676
0.6031976723126246
0.394292432587001
0.8899744353673349
0.09693175858218428
0.07802262582522501
0.8090105935020084
0.7625515521050618
0.8690841387249206
0.42892841624745437
0.09712553031210902
0.8450141309144277
0.9359123674988632
0.3972387828198185
0.05431031384097762
0.3617862530110826
0.38503758402840516
0.5482086233434051
0.15994371967764331
0.8852814615250212
0.6251368758764541
0.6510303384481966
0.2881367385171578
0.061282328931281604
0.23337786358805912
0.7824898412138791
0.40830254011558176
0.03985227592464902
0.1729185616578498
0.3697257047352076
0.786744183858382
0.37960735341412877
0.34469545515965583
0.357587088619425
0.21449464623893133
0.048916916546646205
0.0548332084744233
0.8748207853576548
0.5759899849491851
0.5721738928672723
0.07156949027241621
0.7653733407704445
0.3412717015301536
0.27636152646582257
0.20620247179946538
0.47942948240555405
0.9544509997768992
0.7008739829493034
0.1055224658425733
0.04071656565430959
0.20577013728145332
0.6112633300141407
0.8185912507660248
0.2822225838655664
0.348880193046188
0.786244688745308
0.7237980274187722
0.8310153936545027
0.08870261714801142
0.3771137432787023
0.325929156121902
0.5880426441147163
0.018738532233051775
0.5670775950520399
0.4549535788441269
0.8597288487407699
0.7350548266132976
0.46043533256773317
0.27696728771435375
0.5050716808233617
0.983070092574726
0.5139286518877934
0.31829003692794233
0.45536370798625303
0.6571520446280343
0.633863586039153
0.5486938328727505
0.4451453419747884
0.5061799839604322
0.46634369841680645
0.0684406751182759
0.9576429233857919
0.09498316258914152
0.6824023061884394
0.2997506497326553
0.2749877942226606
0.5305863959908235
0.6714112281946694
0.24486678385924787
0.6759482063189901
0.008622361959182978
0.0157525829556584
0.5145722715570389
0.044864865344130034
0.06299572865484959
0.0039830322284742925
0.4930777646973806
0.2953655768601564
0.481059195900682
0.21642989408628932
0.8771154826244051
0.9703020950507371
0.43724135300772415
0.8634440922192052
0.1452668191018771
0.2685580835720467
0.8167207284014284
0.13601657605216388
0.8629883847003545
0.26952814917450685
0.7059131797578478
0.9964813202148092
0.5873453052377151
0.1780038975013737
0.036996890045461805
0.5339187778122734
0.32249631759836583
0.8686843057227494
0.3571632585136134
0.1229443561416027
0.38241190431040606
0.43639439552995085
0.25721472118117716
0.5206679073287472
0.13074075458726853
0.7745794025061113
0.7017407901201358
0.6635837008562219
0.14633697868000894
0.5710517280270029
0.9550885961914782
0.10828967159867064
0.8506814907018485
0.661081677868402
0.9245061434003274
0.765874370544536
0.8354206252924581
0.07004779316897469
0.5473220618803346
0.6152705589845329
0.6233225843486724
0.976292488351803
0.08321508485121787
0.5323363969675575
0.5594560106921673
0.4080749713744296
0.0034708157587131083
0.32008216468478523
0.8682914639680519
0.7362251628402444
0.5826213243665088
0.607250352306922
0.09106766057139071
0.6301104538889046
0.693308073740733
0.0781557395386433
0.8794685889727105
0.5340936023770432
0.0952410420753127
0.44944074759475394
0.4152249898427477
0.8112571861441196
0.24505189201146527
0.10669455966198416
0.12294287709603369
0.986363903921162
0.31393414557123156
0.20280284495153633
0.8228146709179066
0.971748253273283
0.24096806969227802
0.19147995227693748
0.45843104936822765
0.13206022230485193
0.7203662347160525
0.6788678721848266
0.4953231596986336
0.22284384179162653
0.5123662155707455
0.7659388644111448
0.11435428167882122
0.3055740396077805
0.36051556861275647
0.5312294923678047
0.2603801492989196
0.04410635924836659
0.6447301846682396
0.9053516218456511
0.47649507040005823
0.7429451016067306
0.561641409653483
0.04153773899298463
0.18595918802975153
0.9663872991654525
0.04226351425368491
0.18218713544105025
0.7042353704655049
0.7768810731113083
0.5391053828097208
0.7418791036292649
0.027709705927652317
0.9614663417225021
0.646653396105668
0.10798910884068735
0.24163207294317124
0.33490429446941683
0.6733342553032635
0.41140249305284005
0.5473439952783588
0.22362792898872597
0.9471312014186867
0.8786306081046782
0.047240631492789786
0.25010851736085093
0.5512984816434741
0.3015670289847522
0.9669349806774591
0.5063432069509979
0.16997579339256896
0.5786562511788884
0.5911416256308097
0.8126189010044867
0.6275043238677479
0.561238237640695
0.7315125578105043
0.26936995253275997
0.8218560759789763
0.05886556702744239
0.26943944512825946
0.5030653582865005
0.07179994417112767
0.730346718491194
0.7369704859734687
0.9913304423800221
0.41552581501751384
0.5674848532305243
0.9245829545135564
0.49425869389572297
0.12995276200140315
0.6583454929025996
0.19035428515748187
0.9260061764040386
0.0976914597326507
0.9941914157198266
0.6924843136224247
0.012423035810480876
0.4929468646913503
0.405539577524758
0.41792607781301405
0.8906515549815184
0.8431316030040511
0.1018853603349662
0.5572919666388515
0.023556799776089488
0.2962979057984675
0.5637679897484895
0.3720227970044533
0.33751370538870185
0.9581312172879634
0.22813290612594506
0.6443909497363394
0.8786253895383137
0.9616862428797436
0.25535816911263864
0.22263904785967292
0.355225629115843
0.00959247076638925
0.9839872436455622
0.9697529990958715
0.4408319170368876
0.20789897472246388
0.914913316647797
0.6492424828782621
0.6687484747001239
0.9635297211424544
0.4259607962219505
0.8264198994114929
0.865757141828699
0.7225418140005119
0.270071706124673
0.2701575567060096
0.41622346111956476
0.956589018335641
0.2343454487632458
0.49633125533267863
0.08356147776639433
0.27493250881898135
0.3964913977994394
0.32779117323850226
0.09877744225396712
0.08969089674258057
0.47421617147740047
0.15498814376169145
0.13232445624651645
0.8018859069556692
0.023801157721357824
0.1328210114176206
0.3289877591734176
0.7955722194029524
0.5119411544083864
0.17148866692866183
0.45196083209544247
0.6329858513059922
0.9999311669650814
0.6130613747239236
0.07286535609002986
0.29146186168736743
0.6315329192332726
0.6051686427006321
0.47214932472727045
0.030961272178569366
0.7379207632826411
0.13404718432485863
0.20178267490065693
0.3979544651787583
0.04441366500966215
0.7705348588276341
0.38976500021397154
0.7675861834075294
0.7020045048308393
0.4629020269462305
0.7130699359403021
0.9349025431337762
0.5121276753000994
0.10846870673037534
0.5838041088070646
0.952473371829765
0.0006302833362341609
0.16997252154008147
0.8611641422348183
0.6008520982407904
0.2513826376996664
0.8710609095514829
0.6197246640711982
0.14371986295242034
0.12370561778551059
0.8264633790915138
0.8234080076312031
0.4341611597244531
0.04455371207971426
0.06008891327829213
0.05959420027351403
0.7857388830551613
0.6822152289019933
0.74401768289837
0.006210171447776802
0.22343842120196877
0.5894205563148041
0.38008156122462455
0.05471553658022443
0.8913392365819812
0.6994168610199304
0.7207167305172096
0.2786279231126064
0.9054737949525534
0.1210175062056712
0.46171728547485746
0.9458251704431136
0.9190746369187218
0.390952637779477
0.5754450583692832
0.4970433824197088
0.5641779471760682
0.8642124592039889
0.7937160705154226
0.334326644066822
0.3002414358465897
0.9766949448612942
0.4007706982605931
0.07840720850938643
0.419574836196132
0.05448169898089705
0.29282966147650924
0.6991344758748019
0.19042360259310165
0.8237727269545669
0.4692831311361091
0.8256267475886764
0.4642637116745172
0.09597816273305537
0.8829282372179288
0.4704116472851604
0.09654731107027859
0.6420292692021725
0.3641416396863847
0.9721867204747322
0.6277616795567704
0.007820699012941246
0.8486787162706076
0.43436457262645656
0.6638098937828337
0.22397923240325324
0.8513235525069364
0.24352968407910014
0.2337602322946234
0.4729111554864136
0.8860733686126561
0.27272073177212863
0.12754254247471486
0.9393297389855078
0.02384318676933206
0.4822281953990668
0.9497142801869243
0.9106000989763765
0.2508306436062553
0.3836068487412231
0.9131366706127727
0.08194455520198884
0.4997292937206903
0.5002584086764771
0.9354699211440496
0.9200737073305606
0.17438469491318986
0.10564919553447394
0.5841877729008372
0.8955494618748471
0.7729677453001288
0.8555305220490796
0.5688032184856936
0.8348377025235488
0.8108228703368869
0.5953168849719975
0.2942873934798278
0.3642794216802693
0.6618214392074384
0.4674753301023955
0.4873141570320696
0.9052897761224489
0.15693343547031813
0.8659174342518738
0.8391459312485673
0.6105375863687413
0.838877510785207
0.9537895592599371
0.8364898540915644
0.07993736712133503
0.4044595006202446
0.5526091966172254
0.710410531639741
0.29235558135757644
0.0006439197747418746
0.15775563914943147
0.029660402733606928
0.689122684792433
0.1155901339848785
0.025312045731099686
0.34713010589727245
0.15583339135656404
0.1403349467645023
0.49766373342007497
0.6193742959400755
0.31455909047804187
0.27313959106823993
0.561527945834981
0.6483956563836473
0.8830507159179761
0.705000512845349
0.624555752553729
0.07786097218856947
0.9653287986050879
0.7077044125686146
0.3048938947587868
0.7317858150752671
0.024223176836438598
0.9302155473770901
0.4225221019347425
0.32276160445629354
0.6625717437607442
0.8084561496330517
0.24033511227007254
0.9766671514444354
0.985475406570614
0.11599649684303792
0.3161547648690315
0.9580990581425538
0.4021129551931495
0.9001932068818619
0.5390335494633873
0.292999988754683
0.22568475111044595
0.423906486803889
0.11847068592934595
0.4545984884219014
0.07879845312982492
0.14619404730530416
0.496994032112019
0.11925834247722777
0.9097305672840591
0.3346605973860546
0.32440823321799506
0.5127543026946323
0.7153538454661094
0.509337886744338
0.8750890209680657
0.9916753787295873
0.8701806105325928
0.2508238153088147
0.9389351433259568
0.0753754883688259
0.3569010838611614
0.9292151549896004
0.023243428961998935
0.06200484080572466
0.5644711062114155
0.963959680342595
0.44781746390144195
0.2586397927027847
0.4735545479956462
0.13196231528912972
0.3501394133789131
0.7328404673226206
0.9413414913191958
0.2205296205841083
0.9614714761375032
0.8818330228704087
0.9624962909748805
0.017446439536269454
0.9454245876340956
0.9319017299525445
0.6183389460310306
0.8799997464842307
0.13652937689481348
0.15285524253010685
0.5657888806936082
0.22317504333536875
0.7700379100445778
0.8957225861581849
0.21399021157055365
0.9109614484438564
0.5145992380580573
0.3853825437325663
0.6117272756188535
0.5531807192206556
0.92977788476036
0.8813375054471047
0.4218622206166651
0.30045291279958786
0.3897927911779526
0.9049374610530057
0.09716609537914489
0.008886527755233575
0.3788346557127069
0.9461104684441249
0.8594903935100009
0.16837497518121092
0.9428486292926259
0.8979553478191145
0.3215548870288152
0.9537040382999891
0.15570955543667564
0.2247135740890549
0.5089513473838649
0.3475271253647074
0.3894617473823897
0.4765959739056592
0.40480691017214976
0.2024329277990623
0.3658002603178284
0.4747045051006661
0.9444874183019019
0.5953511495158942
0.4129738284236716
0.42017005578933175
0.14991245791568486
0.0975107242252109
0.3489835934418982
0.6578600607168323
0.520570464207208
0.8567475437974492
0.8913361838802598
0.17441753122275427
0.8037630468307468
0.7632271570403198
0.18231524917291764
0.28788668867893474
0.2255539747679921
0.13427617839098915
0.9654332355721117
0.307003667388849
0.7507927181378518
0.4190059424924446
0.12774379312950135
0.016599235703964488
0.9975246576904089
0.11212570643529152
0.3591946553536193
0.24981971621132315
0.768218027598079
0.782280150969711
0.23910166844221248
0.06264578525162656
0.5253870347423112
0.10549308526793433
0.05285507053271443
0.5644507184311078
0.7007058820352204
0.04677458861532369
0.11297105997561774
0.6078577955933984
0.6208642522698565
0.9519699812590678
0.3646424605312315
0.36884404981282937
0.766913805942717
0.12599069680765473
0.21989354792858973
0.39287837270017467
0.03569216206393233
0.14942512910472316
0.7720439672666579
0.295119043201563
0.9448875921217957
0.604285020430328
0.07293210133107231
0.01978247788172527
0.10014491938484349
0.3300605002005149
0.00656934901407169
0.2321924937227161
0.31907562569463455
0.9691276602501633
0.5355044009018025
0.77238012372676
0.7191988401689318
0.01901483886088795
0.2779050749426871
0.4503873635406951
0.9741829770644188
0.12540504111382633
0.596047077026165
0.2489211895678347
0.19113821910759343
0.937857167810343
0.004944569253884867
0.11665718020436511
0.15415498331174415
0.5441115754471378
0.5203399977334134
0.1674938528735671
0.06625635527618823
0.6262684460838804
0.5415060537216598
0.9463969670379645
0.8252358252027439
0.7672311185926457
0.38443269908147226
0.7733394251994283
0.9417802742258989
0.9475673334198059
0.30824378862625557
0.5980896870766907
0.4786671241161329
0.23048324526470876
0.46611910712290816
0.5149067565133308
0.4675411223109658
0.6234776161995718
0.9394621929976871
0.20985566893586438
0.1987333291808061
0.10003024292964835
0.9967887130052044
0.7527859871204327
0.7854871508733096
0.9850346598978748
0.22164666819139756
0.21072151754932278
0.8079714412858244
0.5917473456126455
0.7105631461721085
0.7632591322216393
0.9712070243050741
0.04063969251135846
0.9754323203260117
0.8534095473822829
0.8377493469646516
0.060675351606933825
0.6356873853436161
0.23480097221613805
0.13241327501327993
0.7785642187604921
0.9681488999082482
0.3127876818698948
0.660402400882184
0.1646313084658234
0.048747229977382456
0.3799855755710232
0.4769868893240812
0.6399562059772279
0.2917125544966941
0.9936985275802456
0.4312204694683751
0.47580447203521825
0.970333508974299
0.8765385054721424
0.4633315141377894
0.4015346233876471
0.6950087852557782
0.9311310291447549
0.02568898672149056
0.5052081385860895
0.13553965114583488
0.03858625147143513
0.10930221552821628
0.28784673090756707
0.2948301741292185
0.029226655146950664
0.4467057014073421
0.7081387540876427
0.3346852700963727
0.4610791628331582
0.8229461359906776
0.577484680459288
0.2500182032855096
0.2543333902802224
0.4403094539919321
0.2685314018303091
0.5754402958008127
0.3336755351438123
0.9940576005479146
0.2489324641413243
0.29017879694257265
0.26509926552350405
0.7661306853118073
0.8051183436580802
0.09673353668153162
0.4499096284971995
0.992506308456832
0.1059119356742465
0.7921979804939153
0.9603474652986591
0.8026866813670835
0.41377114884337607
0.5163480851899817
0.3489032893246129
0.2793276060991714
0.6310978479271642
0.5951364779821928
0.046669846824027084
0.09512547325806942
0.516306466746026
0.5057450589641629
0.8643573670866151
0.7497550594194504
0.07858342027980081
0.4680850702561957
0.5034167654972833
0.639645153817161
0.8950169237367359
0.2587604466952187
0.19426300306858724
0.3761579973967262
0.13718483592275033
0.6331932493441088
0.18821168138955613
0.7699735770667159
0.10223560236897233
0.5165258362456833
0.871440342307637
0.26843593257359377
0.28238963629397407
0.9462062835161463
0.7622320070028193
0.8590378540422224
0.39138075710827613
0.07408680015416103
0.9620085061617473
0.1973675466871766
0.9702221884881472
0.5090622434226044
0.6773657178620716
0.18142886576197226
0.6170328679143128
0.4077192349738046
0.4397931748572941
0.7634707830415643
0.3751398920646518
0.7079109330354687
0.046974303669958695
0.13971237282034998
0.5216977770787768
0.5074715471073097
0.7366597108371168
0.5323905751229415
0.8016598621348452
0.7537102612686359
0.28872650970384106
0.7612412252400184
0.4233026979004717
0.2426761596603868
0.7569839384774336
0.06526232953968714
0.7277390171473114
0.6155295369224778
0.8350927538964624
0.6980998979736175
0.5177384365799788
0.5557348642393369
0.696291325928381
0.9230062165316296
0.33350471320801833
0.6058942029080382
0.12286564751986484
0.40018234616426385
0.484499331601142
0.19357585180039583
0.8617224276909851
0.8141115030606214
0.9531611415418261
0.12241466522733302
0.6912268778733037
0.4644699206728712
0.029803030718193346
0.15812607860667804
0.9339166691778709
0.528714853247076
0.2898056272025116
0.7186883720126976
0.15146707869287623
0.8320081841601542
0.7551586787551504
0.9486709614980349
0.864999439297716
0.6628453400664452
0.45275636579821865
0.14683120478991762
0.16379660225309534
0.9988902965403472
0.9386949029465124
0.672143255813061
0.8319087408137269
0.6417968116216481
0.8455987559292022
0.8623360540413788
0.7448083704922861
0.4863730704244412
0.40148756897651106
0.42666900095057236
0.1172438514542159
0.12436662576978819
0.06163534874057974
0.5303280603998793
0.48240499204574516
0.550080539479159
0.4297267371716942
0.7545390814970029
0.029185821099579456
0.29932095389237046
0.5454675242882799
0.5901807629851052
0.338445728743753
0.39351958620344596
0.04312163750239495
0.3231006977013927
0.8028396003444462
0.13055248225533234
0.7711487964067536
0.7877665733540412
0.592074773964285
0.6134832886006562
0.9085340511386177
0.9513460137204675
0.7714941940213088
0.020803085290706846
0.93182734592067
0.13119988422961415
0.931498443182865
0.8562456830255953
0.2639761155868189
0.6836133825062274
0.8083778045853606
0.9791232278170822
0.8322908734910457
0.1764107501834623
0.21271225688944118
0.0031767863339664526
0.3988611772383326
0.49861569947277795
0.08317705586720725
0.8661777263628254
0.5729228875047244
0.4720798556496547
0.8110540783139055
0.27792781120428556
0.5520946926214169
0.1492213878928027
0.3529714239482157
0.7684736564489845
0.5936341412353805
0.26553227546554914
0.9022767665718961
0.06991463218356675
0.25337755711626553
0.07592786343829916
0.6945111784911369
0.5185073062632504
0.9687570453157286
0.386962253922569
0.961085863089105
0.7734068998376828
0.3151078503195244
0.21507260814663864
0.6282178499087873
0.2231591874499531
0.8085509132663008
0.9135542192619079
0.9509437973910727
0.46908366078033414
0.8576376698925826
0.4075703928038239
0.3796517995549199
0.7287362188389014
0.9703269453783582
0.220208716513409
0.08105815653190496
0.6706741065132821
0.4153667494136676
0.7022989317034488
0.27726864193337475
0.9057604709887122
0.26058524980712305
0.10121848190314131
0.6665041221672374
0.6129796659224972
0.3239470559921085
0.9097377565044067
0.18810471690033226
0.46636020934171274
0.9454806205986995
0.6045965285637305
0.38149778749421914
0.28386918369291125
0.17149435730849072
0.24087888981665984
0.5694489663822985
0.3918716132557941
0.4587163186147565
0.03524472486504604
0.911627508541108
0.24020894881665555
0.47421080542577554
0.41965745188392956
0.8235642878354142
0.7434529975591649
0.4267896439591897
0.12095006883848525
0.3806989273468365
0.861305068049358
0.6443843422578333
0.3451382246805207
0.660324777901135
0.47604809747635957
0.8461154025397148
0.20977321580467223
0.9746397903189002
0.33996174548437597
0.09568189255202875
0.07300550502584013
0.8865073807424607
0.22753776850306662
0.6882788757378396
0.09306908731620467
0.7630182549257589
0.2655087399502909
0.867132984421104
0.11912421454962718
0.028918640187437505
0.4081489392706389
0.8265954859802124
0.9047442503765307
0.6091622022184968
0.07346636617822955
0.09855302528051801
0.25546200718132206
0.28932769890097676
0.9647155481615957
0.11699594123667412
0.9979952386181765
0.1962930927224562
0.28562493281357004
0.9979999641368513
0.7824479657534475
0.6538439564558861
0.01333363582004543
0.8347232627821332
0.861347155766425
0.7239421354084439
0.5048516228124593
0.5907161834590045
0.061093636373941385
0.141349693980362
0.6603982414793785
0.7685270709107939
0.46754895347007164
0.5239423177543463
0.29833546362948526
0.303796603702046
0.0013373704397646735
0.916477964671419
0.8820388923336012
0.4348674888527456
0.15346525688359047
0.25604065214280014
0.7400923838589386
0.8714634080465702
0.6549807651589018
0.3719931265547949
0.31336223205088554
0.3651112038418445
0.9409666861960345
0.5590930671611756
0.6407767159261695
0.6132774010312203
0.4802406800267247
0.4762310371337637
0.21878661043129033
0.5278190394429002
0.24354312723393923
0.26918170607393777
0.8354302604566919
0.5306010374762212
0.7186181068955567
0.7441821858954777
0.30868148249049954
0.6108804075243478
0.873412403296423
0.6492657083342378
0.5026117214966441
0.5250347797865118
0.4223937660230913
0.4808913172677587
0.8485875608343609
0.6282471533698938
0.19759103284859558
0.6698077206452041
0.4710247105480003
0.38593611771817293
0.9495321762809129
0.4328796935368353
0.6897873973701495
0.6169026117222104
0.08419828245858219
0.8286772113808263
0.8857673650075792
0.6334382237380194
0.13348302487019204
0.6051121525303828
0.8525841288416446
0.7646646435498081
0.6190309202715197
0.7624725191434067
0.4702158947390199
0.30674497975960857
0.6831198466256531
0.8757644171362086
0.7582616895128271
0.8931553454923646
0.5104296763225196
0.17026560188261675
0.11515396071550721
0.6782977360664437
0.6047597263233732
0.20129064160384724
0.7021204773515043
0.3182127918900044
0.037567749440233666
0.16622614773188826
0.8447457374382531
0.7200086693848713
0.6584488026548765
0.2398484918765471
0.13793859256271024
0.22767918450815983
0.44075732133060275
0.46239151489305164
0.7751890649146941
0.12178224898432533
0.19795951571599835
0.2699389188046796
0.22107958377835113
0.29221563462618816
0.29066465853297163
0.1393062160849985
0.031241694302773015
0.9680744932438288
0.13621458568753075
0.49730203883807444
0.6752197679968404
0.4031284344271402
0.48727950313827784
0.5493473773792067
0.37407064593440453
0.4650794012626962
0.12799474639560515
0.2979395988502552
0.7464480248974422
0.8953116245288251
0.5864410081103855
0.7852954536062646
0.9002174323233936
0.16795216731843954
0.5312755993498841
0.4642833025175118
0.2039695090109237
0.07106869832512319
0.9175038203038509
0.5055866688959746
0.3919308386379575
0.6698767679656409
0.8880384356759227
0.18251620957169945
0.5033626516188935
0.13803595858878914
0.7041375755310588
0.7053478464542046
0.37077467128702224
0.02172639868766646
0.2972185491477517
0.12779638370791446
0.9643816068433801
0.09621268049762455
0.6509254002816282
0.9394351232970602
0.000757302068486676
0.06811977147743631
0.47539894014731077
0.2582883599361413
0.24885903597575343
0.36543023131892804
0.7750387433617594
0.7425158135828389
0.1358979887170152
0.03609804015610174
0.22023363014062947
0.07207975473204842
0.2892634906116651
0.11623568105969417
0.5928481416779421
0.4616881311675186
0.010785585942643783
0.4630729431857604
0.1877305140504526
0.3143155444874136
0.042641254002803386
0.47922789753031003
0.07150695245302807
0.8908690986950455
0.3820405310685422
0.977727676827882
0.792595177950345
0.7947475446878262
0.3195351005466429
0.03910329426198367
0.215748438074034
0.06388413169869822
0.6771105303828705
0.17689731825320198
0.6956255579200263
0.9533282755328072
0.5457473089593716
0.8109578775685874
0.9653311629437781
0.9166578651575132
0.6055932724192377
0.3791335997860127
0.5945863069352059
0.3966518784104438
0.48998820900976847
0.23046151778099966
0.4719449469162552
0.46975408605071856
0.6649216871357544
0.16636797570445716
0.4187955841902993
0.6384635624473892
0.23085678736826942
0.04093585655350929
0.23242600944480163
0.9338243230921663
0.33997183445583357
0.12889829054675994
0.5806288314128422
0.12989294234891458
0.05953448907697512
0.7670491044637442
0.8352387312714882
0.3812635342596329
0.3073324349044716
0.4906066428943
0.00029454372252502026
0.45624081577730125
0.1219472091000956
0.4043188747713743
0.938285700667977
0.4027543908072746
0.11109128836043469
0.7575066229034717
0.43317785834989575
0.524972833245201
0.2908426534569095
0.7162882315692363
0.8059644464664482
0.2992625145989203
0.31359472966612467
0.7134739277847434
0.4038039278221953
0.23606784710374018
0.23219432355255776
0.8374887600991047
0.3696812925764553
0.6456943409396148
0.02005221738327745
0.29805059414484003
0.24978040223638942
0.05741090744780375
0.6521166851791058
0.47877229182116154
0.2555507951594642
0.3509709799341846
0.7188054176192719
0.2911763944327995
0.206504744848642
0.12052986088232043
0.7868120646447279
0.4554228729669606
0.9516095992351531
0.05822274577487796
0.6805151224792874
0.9605720709930555
0.15133274611938963
0.7632310569865335
0.21301542531438566
0.6778451961897556
0.7755815287945114
0.9999377804542223
0.33450168873923014
0.0659517603193267
0.8603066200120449
0.33568861106730086
0.18118350618840584
0.6512079402498896
0.7221543115832957
9.746453432102342e-07
0.8830350468812149
0.33358148470984783
0.40390119346468256
0.4125851612023883
0.44694573821042083
0.8339122805303968
0.0031428597913446543
0.31417517769163916
0.8243038052658196
0.09902544281646919
0.29311946323275473
0.45257283762254186
0.016122735682992162
0.7898869026939809
0.3259593338894279
0.4786884935738711
0.26437187419004526
0.9436052818062913
0.7589950537430655
0.3494968834931589
0.38490684139085474
0.7183003204145137
0.28975633395092437
0.6326037358371053
0.4241229129997369
0.310939439603664
0.46093589278763636
0.6126951632519381
0.333091093576279
0.4795214536830813
0.012737703665443245
0.5429860977481167
0.7244097026697076
0.8333970124226753
0.8658973180621262
0.442477782369299
0.6100224073911391
0.5084360989721675
0.6186695416957069
0.1753997072293303
0.38809458184125345
0.03147483832885467
0.8807358361811637
0.8140165170496096
0.5631996343363365
0.46037878040870983
0.5800801791717461
0.8740498608774057
0.60750603994853
0.1065460375573104
0.07120561199165076
0.39104085749923356
0.8693338254480842
0.03564159341698281
0.591833072446197
0.8076821985603588
0.4027194729959539
0.4975471426335598
0.9387519751589075
0.13389222220305286
0.6944857427866666
0.7027296711985086
0.6142493888140796
0.4051584995761186
0.15047961645469332
0.49063295489255965
0.812117145781505
0.7393156794805962
0.8321717795873901
0.6211981852469071
0.658946696777609
0.9044572278823912
0.46828483850845715
0.6899266876026044
0.6263368358773294
0.18789832811719576
0.6908894459647762
0.9825408678309031
0.7281480346158342
0.3072617387267432
0.414041516206585
0.8283366371561202
0.06615823384477892
0.30072026226990844
0.8619276203658195
0.5603530781135665
0.4081259542293981
0.5180234852515967
0.9476946907561095
0.433451265486118
0.9194085634564334
0.2709661209346833
0.016542536400481533
0.531766104963694
0.5414949588084875
0.4141657873052178
0.3166687455034788
0.7593618861231061
0.8327814039939264
0.02222419036862766
0.7020630149133947
0.3991044796184239
0.9429174638136134
0.7953640224534444
0.4025881553251338
0.6682810074317047
0.07758380256474107
0.7149867165944714
0.9277249845207802
0.5240499609975289
0.8516002505009371
0.8203657792101697
0.20009982938375026
0.9401126723293476
0.14042206733939466
0.8151654035864662
0.8550332061405953
0.6858031893508616
0.23918121522637492
0.023801317609063233
0.6076845652615991
0.4982031375702528
0.9067217766508384
0.6095202193419138
0.47874557253337613
0.8912543098253894
0.39678822788018053
0.2933353832583415
0.16055825068976115
0.730152860873475
0.270861191448192
0.8456820963899427
0.9902041952754896
0.13086979258140374
0.8928315396258395
0.16664572686214796
0.8832993731015102
0.8165445507771839
0.18269634393966216
0.8489093459528624
0.6023041630142022
0.07434840821418098
0.17459457769376197
0.2730625400673691
0.4514813531232248
0.07239289899095636
0.82509170599593
0.49139698426043177
0.32545591957298425
0.5753623856195167
0.7921971980282992
0.13269184735138684
0.3648780226520216
0.5262772168931056
0.11851990210263641
0.0892122575565989
0.6271878574953944
0.6671967269893827
0.9489550219096662
0.9628995771619429
0.10680663533567558
0.20896074190327163
0.08712391602020197
0.3681969852709013
0.6772596326060686
0.7734541908918887
0.9898075212064696
0.09097142180616158
0.9352597995791292
0.8765497036267486
0.9278629104210235
0.8071518991835523
0.3043009549225051
0.07965234290489698
0.2463921104925353
0.8644776099288233
0.9626818375827181
0.9031570554557363
0.6737178903429969
0.4695497065344093
0.2697008535843576
0.03309720812399264
0.844837824023983
0.7278269030004447
0.4910711820106889
0.09256100469476114
0.21649275294606452
0.33419127433205964
0.06501771547483748
0.011919723708395669
0.5605536117062708
0.09591325419722074
0.6926063026177501
0.25918108328780576
0.5795561617389917
0.9648139781744337
0.9263825777252259
0.6040879809351102
0.17876880656446825
0.47957338156561524
0.7214645788186925
0.9682089397317766
0.48327465341309306
0.5769867518602031
0.9106354004405505
0.19100193688964462
0.8704228253134634
0.30003882722442243
0.7245550869276144
0.037578326116207705
0.09584185794244215
0.17053370459081396
0.05542729297428195
0.5563974502877305
0.7260333815102892
0.28260991397755897
0.17359737981175194
0.07449805538139942
0.2481540293316351
0.6280069898586738
0.5529301723008628
0.7683287319709989
0.8681646803217118
0.30156192450310604
0.11491242751245656
0.660293252858252
0.5592467564544793
0.9331727471877286
0.4444435493033989
0.39648175664510066
0.1785521911424004
0.5564145388722883
0.04122565444471127
0.90883579214993
0.49751344153956456
0.6157792918735797
0.9879549046868441
0.23856427594212948
0.5680791126644256
0.9464404069885176
0.011066028458219468
0.5803072726285063
0.42950452615794743
0.4714555452423096
0.245391862249853
0.36782565291283187
0.11229980340756684
0.02517931577089616
0.2520080271775603
0.5828048162952215
0.24230924075449967
0.16036240177836236
0.1901454555520501
0.010649744068779499
0.42325936504717854
0.7413641069183026
0.1998167643081924
0.4677809327129798
0.4918097416299517
0.2993913160666175
0.33664436070207604
0.8408463202867422
0.6921497771104332
0.9162076659106168
0.3573602888923102
0.014962428658621518
0.08285333100078951
0.30801963307918456
0.5882753044993774
0.9492071103443267
0.0027168341475410918
0.8173422545660005
0.8951469736160259
0.6020987434095763
0.16741399686264202
0.4024553703685019
0.4643998476822693
0.7494251764404172
0.41957284916599824
0.11249102467801464
0.9757991961545276
0.5421669359843365
0.2224450621398666
0.2788060033725044
0.9948252294991251
0.430463600499853
0.3364675812905862
0.54848704452238
0.6604864031223824
0.6513302325678965
0.6586915241334799
0.8502215166604444
0.2667703689195787
0.4478758635860878
0.04272876507739054
0.4160003351474566
0.04819498772722597
0.5378130202443064
0.49314736535798387
0.31253861706475183
0.1992221470004386
0.5800268555996764
0.49430724736403875
0.9051988822012171
0.17490499317028818
0.5098828131119416
0.08771061936831226
0.2684655044962415
0.24657828526863224
0.5685601465183612
0.34737792265180334
0.035205109292058
0.4497940118958226
0.3639346095659378
0.9600163334045001
0.6716930870158986
0.8440596285989256
0.7116873734093594
0.5318004129208672
0.6213228856844797
0.04562512110086192
0.736767689600969
0.008544572920426985
0.8839136439402951
0.36729882316133144
0.379667884080811
0.041114036354950145
0.8180641936806897
0.47946523824331444
0.9315214951793561
0.0592730968077857
0.1679264059010872
0.5299907441294787
0.6033077497952991
0.9742109467469408
0.33783632081263026
0.7461278450497805
0.7202644579184313
0.952884421478637
0.7555045457978428
0.5575387604875607
0.7846726345048078
0.9544093740199942
0.96562967262643
0.6037772779500074
0.5637194084970427
0.37743023694521394
0.04253279716734659
0.8589355187182522
0.8748601535915324
0.518781316096157
0.7611134167773177
0.16590234284614147
0.49497051087962163
0.8152159594462792
0.1418388731060738
0.10325140289550272
0.9014437508056565
0.21346770574479612
0.819317832584213
0.3356181329443688
0.49886072975484597
0.4616436063253281
0.025799535016915565
0.5534453210713552
0.3515742530099313
0.570253558538637
0.1354889526431281
0.6135322624742742
0.047465175055282915
0.7609429892628
0.03972168572807566
0.5358893114523354
0.4660316479510537
0.19851724341920618
0.9048359357002345
0.44618258151985235
0.21253728266232808
0.5335670270408441
0.537767176132005
0.6720171396001444
0.501419312751842
0.4816819324032039
0.3208001128607757
0.5359193967262874
0.8261843043486463
0.5471476680318077
0.7910076640228391
0.6806129384201756
0.01923052262412228
0.679519149635127
0.30825220007824716
0.38743170271450356
0.12162141118564773
0.8181279329644442
0.7540367633788482
0.8970799956536456
0.07430505010024024
0.6400877400258718
0.38944345379028855
0.568410058954553
0.878961420590814
0.42959177416045624
0.7085044988306253
0.11208432777967958
0.1710062770335471
0.2496528260191132
0.3147543818069455
0.47215417145289695
0.4209777910832019
0.32768100834009073
0.006297529408643809
0.31407726585279705
0.6409343199957273
0.9053957084982666
0.21095851662385834
0.5185934587674491
0.6192673601922274
0.24743356730229538
0.37187920403577945
0.08967004311455773
0.21158648089841947
0.2998500287195738
0.783577984892691
0.026075859897080278
0.5619189170521577
0.9664942957651002
0.02261348511717065
0.7030707559067495
0.38441523152879264
0.3326978879848044
0.8040393968839086
0.6218970616966127
0.6066531473693855
0.8484221624213272
0.809898495158039
0.5612587678877234
0.4136997584972375
0.07173359479680597
0.7586051351289861
0.12997486609459463
0.5252377859978522
0.7027241345700049
0.06400083481466912
0.2643472974506861
0.7423402112751606
0.6055669096905343
0.4641503296260302
0.28826859617069556
0.18693357771425922
0.40257277677480174
0.7646557442938541
0.4506204446965498
0.5636401539627136
0.7538173035329714
0.7071481483895197
0.2360315185904257
0.8305812244917141
0.7872982240722509
0.8415992215472015
0.684509487283284
0.10164277687905099
0.1585751126633621
0.7905079132538424
0.9696294290826222
0.7286664409653278
0.8145027825411059
0.5731411029139992
0.53828768894205
0.42308410007697794
0.4962899521848334
0.9061678365354157
0.0382993414203221
0.3429760341178544
0.9260766842139599
0.43764587239548713
0.6746208618717906
0.09569887644649588
0.7349865244289046
0.5860539779552131
0.8248982388697886
0.5945990322444742
0.2934761483917997
0.17023670501691057
0.6617738431036665
0.6618944710722591
0.5846692316579151
0.5550457868818164
0.15052505821264384
0.32319797373530046
0.49294690515194683
0.9265233957625901
0.45921455755830587
0.4670825723883576
0.08526568156994396
0.9310339833741801
0.3516342717129398
0.7373174997522461
0.9040882745251008
0.951287545563904
0.6738057349240306
0.16489576744972623
0.2044231286088506
0.35093502805138055
0.0958736814378377
0.2624355776561814
0.4800363702904059
0.9141776337951605
0.629881559285689
0.35273275466551957
0.20561555557937294
0.11844103385779259
0.1443103896409701
0.9881761569228413
0.5343957440356342
0.2878195451475992
0.3852621748889593
0.7831456132265353
0.3891526906063558
0.05450154824451059
0.10806445255661368
0.5934917615766165
0.9511409973339539
0.38369936048760556
0.8286605399740444
0.8372318238408368
0.9045058852959519
0.8292961974892763
0.2863697891118623
0.5632453931681014
0.8111836521941945
0.7125542701091467
0.9661267448471199
0.06635576255748954
0.11649846576867906
0.9499111242901601
0.23051265436249457
0.6369512200085962
0.009563895837427006
0.2892860326428257
0.06777808785993822
0.40552853898773245
0.7006334943053181
0.9984864738751202
0.6125813188334259
0.3427657270757988
0.39639136170924094
0.4106839441683734
0.06239033403384431
0.46597340808208243
0.9614004166760062
0.9634842335495883
0.09133989772081974
0.57823518365483
0.5432127367847119
0.8035918122414928
0.41601693944882223
0.34765775010870814
0.08566769773014382
0.5910344080213433
0.703509508394446
0.45685393081720926
0.345096819980262
0.8641025551208994
0.1403029704488994
0.7649637009373064
0.42614661765768647
0.37036964313837206
0.507242192417556
0.9939975212564711
0.5662482228030166
0.6946358188938139
0.4792877961268811
0.8169352646037839
0.45398770165470026
0.5066406335656128
0.12713470838545538
0.38094907125446686
0.0920165470855362
0.7334884172864059
0.9544590028659851
0.16153933862705927
0.8424509732651855
0.37208467010440416
0.7000768671833152
0.40509369306078313
0.4344350224164232
0.5386247176917507
0.9717598242316209
0.37771655612877597
0.16550763493311138
0.07786252377688463
0.6908765882520946
0.30722923859223206
0.309518036627743
0.24847365519398912
0.8229388693330342
0.6222313417329108
0.507608455092794
0.19085410620439647
0.7879383854862496
0.11693829433417624
0.13603727852902436
0.9175398909142137
0.10864788971261885
0.4812581041922459
0.048699327523528346
0.6271004604168307
0.22539744132030215
0.057143694893524
0.3943702150751861
0.5623190217610051
0.695794064170551
0.0697948839916237
0.8955832680138679
0.057062296027627135
0.05689890826270294
0.923103843382214
0.9718107330031795
0.8907828271710015
0.010073934252640804
0.8048291730010201
0.6697638914789276
0.6017812946517727
0.6030898765586443
0.9097762995076787
0.3265255020865928
0.8887940682801678
0.6335178429710218
0.17143474588268137
0.2045943253517618
0.8127203309198514
0.8393511954485897
0.002427149607812318
0.4015836546123438
0.48383663060213766
0.7636911755517232
0.1868207598004129
0.6525681081955701
0.3920942763844226
0.47538562783934624
0.8338153595720391
0.18201412848263876
0.7914373724885368
0.7948036765608745
0.9965467875808455
0.47319917456807725
0.5534758585019496
0.9807665470636503
0.39384179105071915
0.9866574288312718
0.6803642771078785
0.297258819040227
0.399638655953252
0.7737388549357803
0.5830949960507438
0.50394489289333
0.528230877412206
0.5324505193619216
0.9834003066494974
0.5590592413099533
0.2442109070821492
0.1663237544587619
0.12119851827691963
0.3181587893603697
0.9508746452472047
0.8944946224760738
0.22836040433823634
0.30354749572610074
0.7467253941100759
0.27484870144237816
0.7803798935808366
0.9953728248607182
0.5710338708077412
0.019131652378270303
0.6408490026692016
0.5136082583620387
0.6255185134956349
0.5604185167265695
0.5374564632737366
0.2971536826424501
0.47526637468864197
0.17128619269589074
0.425566665781256
0.6466399539740437
0.1932866290740627
0.27383628027308804
0.7665343944892752
0.9132126482536549
0.08574612554362027
0.43094613921693614
0.4468511937378844
0.9720916030107385
0.18124950982355936
0.8038801956452878
0.7547646329387258
0.8198025151818131
0.9048189266897761
0.22838606139831807
0.39238762347588985
0.8278475765019875
0.7785394745849326
0.6459923898316008
0.8289001572101069
0.4913208350546169
0.4856566483021302
0.4250237882005198
0.3277089806310569
0.9009763390372246
0.19123992356498942
0.25630928400483777
0.05951368115298572
0.44111619058997376
0.043666176079052654
0.5906420242573325
0.0013658342837538084
0.6162942926170484
0.6672614625122645
0.7056881755818505
0.8782883320240706
0.05732897227546141
0.727483912942268
0.5155153588460071
0.6023681277335527
0.39111526566628174
0.45414000077262373
0.8369211600238753
0.1445224056291945
0.32054406332724905
0.6272247766766463
0.9389134634393461
0.9009063585566867
0.028997548435916176
0.1910934376174801
0.9930309328282626
0.019561057512880953
0.3593629722050157
0.339747615672356
0.2696861841449101
0.6379954790336861
0.9144553714769352
0.6833827853250646
0.7393385394771514
0.28783926946105964
0.4843900047012655
0.08377986406544646
0.8856089470619838
0.5062236811113746
0.1936093712878979
0.35045361490736826
0.5894546408717583
0.7196215250356397
0.6181250550219879
0.7074299769832325
0.0895702223131497
0.06330060732493525
0.5719364952925154
0.2943334860885414
0.9423998613197176
0.7437505851990764
0.7182947222049166
0.9418747286346053
0.6026903363437137
0.5538078856836307
0.7114920446486591
0.9255858445367378
0.6516152065977344
0.28166858060321043
0.9455059062308314
0.8624818927427532
0.816716389687411
0.3689835976711212
0.5556543014292217
0.1703532970182463
0.40807838057671353
0.5444442431311045
0.8729448411204103
0.7660071820081448
0.9936109890789111
0.12022540920775682
0.5618310395394684
0.16487080284417555
0.9741405907546877
0.7623411493591653
0.932548291952644
0.9191411716972105
0.4138169896119058
0.005224417593091668
0.838887555476658
0.36099995433260834
0.7548898996885085
0.29102197867069934
0.940226751099345
0.8069363898122619
0.8352310434643324
0.0610923635647288
0.12577348347458628
0.13475901075887975
0.049793269105619764
0.2693035720868352
0.6472808016572426
0.7822847507122379
0.507304361104821
0.3417998560272546
0.8737042100872787
0.7902268727884745
0.7123210626646186
0.8977499298510812
0.438074309531583
0.5926928601043725
0.01515952197811532
0.38362517258730366
0.5552942765126133
0.2711350564579853
0.20752745240878534
0.6343928655320997
0.5193896869483124
0.9781949851620683
0.8805897381316498
0.545631508381503
0.5471085624588372
0.3735942893153239
0.657625007156398
0.48235179493580815
0.9755002487673757
0.35156410535309934
0.46859866927228067
0.4585778379169073
0.39051971503660365
0.06703302173771042
0.2676104709799272
0.8835412368203234
0.09715787592654068
0.5758599777543875
0.36390473345549457
0.1760943339702512
0.3804288307984178
0.4944150453078613
0.0023770536082227123
0.5819954467817487
0.9301081454261744
0.8143102419410475
0.9120549929185621
0.37855750267274624
0.08008801968241241
0.4022637353721171
0.3544433631389349
0.5829324355880897
0.9337735938948301
0.0496463786645962
0.5033291868065667
0.17209466876365387
0.4178816418302638
0.04953778243997997
0.7870488138268966
0.30845629558066623
0.8680674166967006
0.980514473220466
0.863870369975785
0.36887752142352326
0.5292247862505698
0.16585959661244487
0.09367941581744832
0.9320708482027585
0.19225912999024508
0.4816682437801443
0.5180303569977622
0.4684128628461458
0.5918514363411942
0.5744568571522383
0.9803369232597062
0.33975040908631726
0.2532537578058902
0.40474428283059294
0.18261304117253963
0.8772575241674314
0.1384385593354054
0.25424963994776173
0.689194940402016
0.4169934184025934
0.41817238215041364
0.7361079283727585
0.27489294260826
0.24545347977821208
0.12433722253709789
0.36506742223705857
0.8845111009709704
0.9955178869590211
0.38619043901052086
0.3211068929204647
0.7093171216007708
0.8298755872855382
0.9866185367646002
0.13982531551758837
0.43522062308652165
0.8371969882868178
0.697526726168674
0.7610209132431557
0.049279232359793035
0.7007136714756158
0.014404230621947067
0.6039622122139173
0.021715647332607002
0.31937727556750584
0.9652354201965526
0.7311716299864437
0.00835480147591261
0.17476311003742206
0.05899111826468828
0.39968086752127796
0.7182529130706248
0.9408954296530845
0.2332682866589617
0.974985440511136
0.2679971627618748
0.6470574898632353
0.8005242465866137
0.4152840953399648
0.06673256077416367
0.5680489030534184
0.6093849153243399
0.5870214824169833
0.10108715053446304
0.20442796653658213
0.7684390150363261
0.36012920816102945
0.7035733640293028
0.45974304207833283
0.6122864911009891
0.2356717388514894
0.3188086709935749
0.9407560211133452
0.6619526494814675
0.7127132698466414
0.05501731710069124
0.045020536684909795
0.10240742318854423
0.517318848017708
0.8429898229256511
0.5976663772691396
0.3834747110906249
0.5518059773729208
0.9159960373336374
0.36712046890729355
0.8256816581178121
0.6193211604869656
0.7167898650043479
0.03937771650627797
0.0960256111589658
0.057061573286458445
0.843413289839435
0.6856794076443004
0.4210218218139574
0.42028364102010274
0.9885241000160723
0.10297347592258022
0.3469237194373581
0.5720010208641358
0.7190255544119816
0.6367336485075662
0.33433599052471774
0.5562582144869511
0.6465116179025896
0.13665393550171823
0.29879189210521206
0.17764323063496534
0.932084011611164
0.7093926390754633
0.5965598921175449
0.42291435722266313
0.4372324477373605
0.5113641994933091
0.5256851631088838
0.09904213562711106
0.7475772267136589
0.8407626453657936
0.5469836498270403
0.1041715373440083
0.12329990765485321
0.034588315833860794
0.9685715598397884
0.6218201237556994
0.48725383902731034
0.629746182425112
0.6599366378281271
0.1677167730510586
0.031104039959188534
0.5712158487567365
0.1852972715949227
0.18006798404360758
0.8034916694077265
0.5029556350256874
0.11818670407782428
0.7570008525714531
0.23579533434243827
0.5487814064842742
0.701641414039996
0.4244862604909695
0.9917423471208565
0.11663444487855579
0.8808039887840173
0.42850211139113425
0.3024774417629871
0.8614293740925036
0.23071155717528358
0.17312156802259626
0.718049807822433
0.8872356338554303
0.7729855691471714
0.47872851706907427
0.9807368250863062
0.44656223591980826
0.6816668863343327
0.5597134629207079
0.5312964651788055
0.08937281882514103
0.4478075733664062
0.4416319244480207
0.9345130449487393
0.978382196841139
0.6719366048819859
0.18729086476284362
0.8257843049897298
0.979392868419266
0.9095787114062052
0.03472783610426822
0.6716012753911652
0.09791492098816013
0.26302837390363887
0.4453645891795214
0.6079843755265039
0.48076326737248487
0.059588660231641444
0.1442534082275415
0.36364829449225167
0.33676194966954165
0.13837708403835125
0.11952543018809081
0.051604885965120584
0.7185716163717799
0.8294506324697931
0.6280309750143728
0.3306934448510169
0.7016181133342909
0.7909773951078065
0.416470117909035
0.9641432779108967
0.6292737827645573
0.5891657400323783
0.0719050262304558
0.2904413883201259
0.1437997791552037
0.1965463076125047
0.799068747420613
0.8872937927423782
0.7675313139197643
0.1282862346162955
0.2868771517386566
0.7345882108923992
0.07397636104706617
0.059919959781030374
0.004610783349388026
0.39345425731030903
0.6946672468291417
0.6857957020401556
0.6336932413357564
0.3620665835392928
0.279201023413323
0.40836508606384114
0.7751133812150194
0.3900185539375448
0.3019458922954915
0.991534585153651
0.12814721702357812
0.734326441101181
0.7100481500979208
0.1567402494270208
0.6891214628714751
0.5740393452708373
0.8706933427832036
0.14842922956233295
0.08562189231940487
0.18815183811499825
0.5009565038795881
0.10258746596802937
0.6759188727023485
0.043685901494955215
0.6855749522959896
0.501802720538744
0.19418987750340022
0.48104118237801496
0.4683882082937124
0.08988798248736607
0.5020003303329198
0.5492555042392885
0.17356139681969496
0.13739902526684133
0.20097417053692734
0.6215021057161061
0.9490872323022735
0.3151197099467401
0.2461079752800599
0.9392297773958332
0.06942509174384393
0.6536668225304845
0.1385516571498735
0.06250014644316382
0.26050497540991224
0.14357973041107353
0.06208543053275439
0.6283303183062063
0.9539876262316856
0.19016102485312636
0.8672376438082987
0.4283268916233258
0.6210196618517565
0.41269635983622943
0.5429452543778359
0.6875507029590648
0.7390304366401068
0.447388248329635
0.15630327263130028
0.15852902309870343
0.45133578681385633
0.05729956984915319
0.39569140088491417
0.47474913185877554
0.8991196901148466
0.4096512123450283
0.8923006815295154
0.13523073277876863
0.08370286631530455
0.46570851352762677
0.014682493313606715
0.33182741612990574
0.9019766765168858
0.00833982524730914
0.5662692323777118
0.5247043973307625
0.9203736191567584
0.7093936493977212
0.8455088714632115
0.3224823728635434
0.937154315366932
0.8875283762230328
0.35110230812427545
0.7249301052765936
0.9612137833195585
0.029931542917117637
0.4270586528815461
0.8108850580354682
0.6250478970244645
0.47168063520299097
0.8995836070117865
0.45452422669805403
0.06664479808594193
0.24050731455261376
0.15667488651025308
0.2933298748873221
0.21278660503646118
0.4585769117722849
0.39362164203733585
0.8960243672690789
0.21602646451241347
0.21184686578072975
0.16627347984036567
0.051657327913290696
0.27710463330535284
0.0719834746613176
0.1114835247039323
0.586906005052237
0.9163902680839325
0.20662768948484322
0.5341311894025526
0.046206668488640856
0.8772285290765692
0.9003808898099077
0.805613760822202
0.07050588411110481
0.08271714129008223
0.827984717080288
0.6002212565350628
0.43492751074849934
0.9482397917656012
0.9415287262086088
0.4347010907530877
0.8322124391461158
0.06555598544769281
0.5124063862449696
0.3161598485111232
0.09762715302731806
0.8506214980979694
0.35350403627558324
0.204166639052749
0.43960440025817205
0.6050310030915808
0.8081807727591365
0.8849235231716769
0.012532261977991954
0.2214115203138668
0.723344055512538
0.45387305434316705
0.4841315090761348
0.36447952109168924
0.17893965571607584
0.13560896991906501
0.4460291331248789
0.8028256411587509
0.3712443945155811
0.027130366822128993
0.18533785491549493
0.41966266735119306
0.5051840299961338
0.3012976326497354
0.9701271712853616
0.29963168472001156
0.546131530494537
0.8361493602363745
0.1951576876179888
0.0871183962606018
0.8515053025363563
0.48125145395612834
0.7268550499719614
0.4551720848815707
0.402737760157007
0.5173985083338427
0.5758558690126896
0.6093413172836593
0.6606798269897087
0.8689990845701748
0.4336802744061108
0.3278832531737407
0.687130955827153
0.9558824883853225
0.5989382426322372
0.6457513789113237
0.8267027448428304
0.9950958387599629
0.2429275770744388
0.03880337098701281
0.664755426412471
0.33298739371701225
0.2072053091974274
0.11731331827088987
0.9438478908733137
0.4106607489136057
0.7555463624083175
0.5849504548711288
0.9195377180258413
0.6158201446008557
0.39101293363466527
0.15965566889755112
0.6623739709278014
0.5379263603759279
0.7025528708197253
0.31652011093344046
0.47450736307894736
0.02363692134135842
0.5568588960745721
0.17326619188158576
0.9654174136890087
0.9659525584761303
0.9434089438466607
0.49063571739567013
0.6224972650176376
0.49713604674105194
0.31564390530199016
0.8395095433993082
0.7616408714336856
0.9613187290220823
0.8119755040707646
0.0029557128538622024
0.19289666259786842
0.29504472349907707
0.7188225706825587
0.9413813361733597
0.4130693369201578
0.3276674663839153
0.9034397924928302
0.3879527109361298
0.5322546287278213
0.03190420858543941
0.13808789271996413
0.8173823565484529
0.8924602693092681
0.4501133819432822
0.47786212178910425
0.09538215800343663
0.6189918827959363
0.4813062940487699
0.6339086725318124
0.2265568021218365
0.774329960291198
0.3244891765881326
0.8052176621911533
0.4682985776430574
0.3102278913208638
0.964511809112471
0.9493467555300175
0.5283033811915352
0.692530298514037
0.6911266061974836
0.9280972493168516
0.3942339446650962
0.26867585200868727
0.5844492431301306
0.7456833021201432
0.5812685811570865
0.1697919594568108
0.2481927015799157
0.9646015924950432
0.6862926339387461
0.06953991920236102
0.7462282685706909
0.24088571233390832
0.11392610858551078
0.9069830446572879
0.7764301740997712
0.9931145931101825
0.1177564145668829
0.612566637772267
0.9398871803252009
0.542519039957073
0.3345563471875148
0.6304804661319631
0.0480078217317379
0.28787544584746594
0.7105584580838483
0.06373139155807783
0.27905476125511797
0.9766544054189094
0.9044207303167949
0.5445180509741315
0.4162910212984898
0.9261692026288755
0.032010064369261126
0.45753436818102955
0.0029803664842181776
0.48964058036289804
0.10803699119778687
0.1464966850356033
0.44525371512427103
0.010799407925860205
0.7962239570378824
0.6416226383058786
0.7425640839554509
0.030313315026527676
0.7557695033464996
0.17158873135682806
0.005420694968436224
0.7422987020269888
0.5419783348550357
0.653306012701496
0.3680747146013318
0.26727185100489526
0.30646757879236786
0.3701272203155952
0.5880539658770663
0.8117871750005017
0.6972352423761039
0.031281919217548526
0.38749084298949865
0.9850897777605846
0.7550864775645066
0.6466962377520333
0.9906796027878941
0.7720063300784099
0.3252954148207102
0.03820545145583021
0.15775950181699583
0.07619348267262394
0.4113429420911062
0.6240424507603758
0.8529692565488403
0.20076230181021382
0.4686670318071674
0.10701424734538056
0.11949116417493844
0.8985241826291209
0.5811067400872015
0.5606006139514154
0.4556998811387316
0.6595007003812839
0.3162120967151807
0.836007083031329
0.46731430609222513
0.3731210293844964
0.28656397864851746
0.8323674120968094
0.5586203961154818
0.7742828141190765
0.12089548661554272
0.40243163825248096
0.9406342441442616
0.9748974015167884
0.49863451405955306
0.10604993272510765
0.7818067282133297
0.7336326470914176
0.30824546414060827
0.7460439799708232
0.5094375644697686
0.7977956326705793
0.6489395897752056
0.2557773631396869
0.6523998502844724
0.8187776137672507
0.15601763801730462
0.12615422012311805
0.31360194783180495
0.18010824175170836
0.7892923769208804
0.8776208899589831
0.516754210745251
0.9975640413864378
0.3524625197618212
0.46049136929087664
0.37646116279533215
0.09595148729848302
0.9251140099948957
0.9750209865285594
0.01881036873739228
0.18966180328227977
0.19668296862296597
0.9496184195907101
0.12084436678341037
8.229440462603765e-05
0.1061866571993948
0.9809235156837554
0.7202193006605682
0.9966167523589993
0.6031146550397918
0.7856762358573259
0.36093962645754485
0.7986179496485616
0.6762500073730611
0.3560762860170532
0.6607018723568676
0.865346705494579
0.47248799161067434
0.847601447767102
0.1611865583121117
0.199021556247984
0.6722843606468183
0.12478974220890637
0.5743728324460354
0.6861940033129371
0.3064564507720863
0.7680746119602475
0.5447489111523873
0.5850020692452109
0.5881329290574583
0.5946243653038045
0.5127694651965953
0.8960361362623441
0.12922415711266289
0.899072619844687
0.32153026341245483
0.9053529864414276
0.06775693105930625
0.5442570141355044
0.5200495107188573
0.1387566601295177
0.4216551113791226
0.7796129771087879
0.3130301256159952
0.5081706436656639
0.8738513169670461
0.5054144151815956
0.18258936822763605
0.39733212045995747
0.8344554528761609
0.5034416325886688
0.8952840683440573
0.7315651450418723
0.005623966376588019
0.4742166071620819
0.7896568310335152
0.9776568034549014
0.7070363083912902
0.0703871102502136
0.025393859959806364
0.5541637704291263
0.16942846263021982
0.25172928266381267
0.019469242339116954
0.5597344932601004
0.010683382400884178
0.21478555489388496
0.7946466417888922
0.7936260457013311
0.32964000522488557
0.20474163475140073
0.907668440064829
0.7123116340269374
0.5181715721443817
0.9583999953125051
0.597016569665648
0.1082486432362273
0.9699533341872413
0.6839055043460703
0.8304095532995786
0.005213258120089437
0.3099236080477079
0.1377013679970439
0.024944723813683733
0.5591065170054205
0.35632171881605457
0.9554881875484749
0.5437462687266328
0.9684595062814118
0.2289781486327782
0.40590262800703236
0.8440445580760887
0.48521199445706664
0.6912782965799478
0.37126569643916196
0.5598162576402865
0.6590331252103264
0.014329803989417411
0.1398941663091875
0.8035895803179736
0.5616873654851952
0.662640121408321
0.6594386711906765
0.9896076108886038
0.11720680482563484
0.9996377499445942
0.3987317208300044
0.7304663156907845
0.18629931826815416
0.12086933328417415
0.15719123139012892
0.0874183041989337
0.44252231509334794
0.9660940079807459
0.9783829742271188
0.507079975576084
0.6476426090228468
0.33356131360482644
0.9161697299689554
0.22411119873549834
0.07103586792004368
0.6466706133973976
0.8103312076733606
0.6598827287069535
0.8122104606499045
0.871039046399711
0.39107576163088553
0.1506417520935205
0.4923952129675767
0.4838322094782216
0.4647655075806053
0.7088443424930663
0.8740480863780768
0.19720129063905723
0.464743537171888
0.9062028015151924
0.6665838645212863
0.3908291921518914
0.6252738431128624
0.8735532458166069
0.09639562314042804
0.3072986002454283
0.8068777410462339
0.27711260834527074
0.935489655428104
0.8207114458335731
0.44994189495073134
0.406869272855649
0.08355920214183776
0.9512666945141659
0.15043738145947494
0.005538012370262635
0.523057044421715
0.1219801867189616
0.06540912618332584
0.21092731307430257
0.9530889678315345
0.8599776837504085
0.04970472492413058
0.708698844884242
0.44134063158128956
0.6954169632329484
0.029319552339110544
0.7156190195587161
0.28573550102340317
0.8706463328028423
0.9035074138416128
0.8484685821931282
0.37675937496861467
0.24581942856570405
0.9386275152438198
0.11970077349731245
0.608670878349608
0.6447509347245899
0.5593206200465378
0.8272548793810722
0.15236338055945575
0.5908333261066211
0.6378862008622994
0.5943088248338888
0.09908690271405962
0.4638938508794831
0.4444936015804869
0.5360064968089855
0.19547499532807067
0.7617855032961895
0.1721578669275975
0.4501073886604967
0.7054173284198221
0.18297598300972462
0.762481886226598
0.4966732140957245
0.856398697514911
0.9454761895762205
0.24877302718126781
0.7270069582683052
0.04783268493504644
0.5288875899591247
0.7874157002469291
0.883127786314769
0.643380856922874
0.47987807000684757
0.024942087515658407
0.5123428531501406
0.5852045682988172
0.4034443058609547
0.04456150606707798
0.08235237584820754
0.00884727697883847
0.3166619053147297
0.9836289152125333
0.7768199666276822
0.9172159173148571
0.6901792346373521
0.08943812939285567
0.7763022908672762
0.679046860003142
0.6806182080729137
0.3260600459153612
0.05310070504696418
0.6386972916987627
0.18930076200988555
0.8966641776728034
0.617488714072382
0.5300067978301423
0.8774459584591672
0.9595273393768083
0.6139882597099756
0.3250637830024806
0.0505114986026699
0.5290648866300419
0.16311372521386602
0.16667026448873168
0.6542008983734034
0.7179010084886421
0.4508607508045658
0.19463490237994863
0.0255091097864818
0.6783269751614586
0.07396038060214527
0.8427896723550172
0.1949426005563939
0.6217085429474183
0.447425795744431
0.48109529741844625
0.19680150419329034
0.573245593559122
0.9556853359573024
0.4656686398867773
0.06354069231092863
0.16271351760760533
0.08823698248554668
0.1817560759788891
0.7443382944668796
0.28070747520937755
0.1469854023406273
0.7921234872554632
0.07427160095603147
0.22802282066387358
0.9815855063195282
0.9025176316605845
0.9322727175191816
0.4399600065303193
0.21257039553463153
0.6109844113686601
0.5487260333003265
0.10224712454978757
0.014125064929698894
0.17036447400026056
0.49998666685054793
0.035906748867615246
0.1346335336236838
0.09186528000835081
0.6276052552107954
0.9925446359225306
0.162395683053014
0.9950528780888755
0.8531292544069986
0.2277586014826085
0.3907013290025686
0.613639698554579
0.5661551914924785
0.042802190252934524
0.01963005900742887
0.6159310478422965
0.03287620918215717
0.14790429077057898
0.1809942054144733
0.5283609097608717
0.6120129342946521
0.43045107691444884
0.5787148871251284
0.5131260575071703
0.18121012278572624
0.8923715145067364
0.25261561514550435
0.06105483281857904
0.1217326585492512
0.15087773513953717
0.07696994822342695
0.7611440999678278
0.9944245323074993
0.18182029786914922
0.6188176531538042
0.1710014168436974
0.9921039862351525
0.2434004024148918
0.0898610138354955
0.37767231786575495
0.9476152334856754
0.14664597853597094
0.8455238773295897
0.9300537650791801
0.24117802297308133
0.2667505980106871
0.3786831868223839
0.4532961227319011
0.8401032310868218
0.4958811269993125
0.9886526800447943
0.0084404056437819
0.098313380630775
0.36147992777735205
0.930176165625093
0.1068081191655057
0.8268946435233145
0.06299135361987063
0.07024961990452472
0.01853083646263276
0.372242575949448
0.11209742647930598
0.9997516214452716
0.26306929719517946
0.960970680621992
0.6719899272811677
0.16921923404599915
0.5974893506131955
0.767072889750243
0.7509253756011225
0.780511139659447
0.38276981431895063
0.03422059151606427
0.5843363577761685
0.10082338642263633
0.6748242896002761
0.8891014796734693
0.3860284002163087
0.46662629018735946
0.6773722378309033
0.8107004347944782
0.7365033258317406
0.8934363176336289
0.5428607030684998
0.010789403155442745
0.9539112478711739
0.4070646136993731
0.6094978378660704
0.015389752809662816
0.9270916604752651
0.23392833153134185
0.10170287142263645
0.8302426109715499
0.08045500113457049
0.6521826733210807
0.5920316004378162
0.2210530179195781
0.4979147329170477
0.7099174870818604
0.8224671132656473
0.011475239821706062
0.8077759970460578
0.4673678067685746
0.11819966493685563
0.025125449858540816
0.9915740370604412
0.5945013682316483
0.6360455492315732
0.19840212201382978
0.9575588016658206
0.7853710358733419
0.07509751015058375
0.8814801561218071
0.009745462298813012
0.9728479674204905
0.4883398560019616
0.1714176783709489
0.7261625329490475
0.6410082767451339
0.33861915069622484
0.062122212359671636
0.5886311878932129
0.9709680251239305
0.12264241731489589
0.5182680406108257
0.009196356294086105
0.31390015462510845
0.7160304583639454
0.33410875871385537
0.8119308271333101
0.720976049063121
0.9526960500415144
0.8173346949000133
0.25452518410330116
0.22669791293873953
0.30134434776034635
0.9077463310998742
0.41058830757502884
0.31069676730320783
0.45580905877533173
0.002950163569302222
0.30850530292358425
0.9566191615334277
0.4379880148599201
0.1569319539490942
0.653734566285003
0.1386573647330177
0.6239811179559284
0.1628606835977101
0.3759848995158902
0.06716155001709045
0.9734813835081748
0.8845041681882956
0.4073223014566819
0.8221276944372521
0.3914913703500088
0.7823733045759786
0.8329756224254876
0.5683341693090349
0.8909307476810511
0.727863174759163
0.5695585732088961
0.9502523312153387
0.5965965866917576
0.8193521300820638
0.33356725996101355
0.0419085774350898
0.30982162637782384
0.9082149062464513
0.5617552399776938
0.2868233405412063
0.6832272402028485
0.20560925405935204
0.03692524834783406
0.7380005676056612
0.6061048136829472
0.6479101731596316
0.9162062538440752
0.5484601622333247
0.0875974131655981
0.8989749746976423
0.7464632320573732
0.8054465499221368
0.7149384173395621
0.7578672915015308
0.9500708212611123
0.5151153218445325
0.4397238330862674
0.2710780843684585
0.3887232799989693
0.6964928854689441
0.34076442405183915
0.7329378194877398
0.9160738025520843
0.08012816179643723
0.7546771448746006
0.4785552751286064
0.0769787712784411
0.7398522028009681
0.9385582408584191
0.13270668054572365
0.6904209255762248
0.6462079996740895
0.26857529446622386
0.6957991550608358
0.3521383336131595
0.5372558194813238
0.5501869643041816
0.2491774757574431
0.5253647708876361
0.2486822020677979
0.6189973056662654
0.9979088959726374
0.3865110113114507
0.7553504368213947
0.13374651738680665
0.46046606945869006
0.8418884914983075
0.36906644644418296
0.9572542147660776
0.5260836870558124
0.44730413693204907
0.45046084264115505
0.4543969768563012
0.4344955141456617
0.2696141952875426
0.17052429756392706
0.6849567430497522
0.9778049577433984
0.4161194642145051
0.07717268833039426
0.4855844574985487
0.9770876417635469
0.9850195494977869
0.5509672653215756
0.5985916554482641
0.5725936828713678
0.6234914355749553
0.18607776103712415
0.18476225836325855
0.004891922318604358
0.2788710870646274
0.11063254437114911
0.5944039040106507
0.8540587938879799
0.8010806226156053
0.47839807249725497
0.8425446635397229
0.1011938111731312
0.9382901640805883
0.7730249200079881
0.4197644288850363
0.5512757459596008
0.9801546681838806
0.3948821228962389
0.42313406630511274
0.3789547123687985
0.010351872403043916
0.3921503796113981
0.21147024340490617
0.33268009214030747
0.6485123024586168
0.04795557322665578
0.880306578728735
0.25100996374295437
0.42801609588353606
0.7063515706082917
0.22565311498610297
0.07147367838570184
0.2662489948436658
0.8089602692288012
0.2502460568027386
0.7387006882744043
0.18757977693108852
0.4036876511871862
0.08154993011804068
0.5854935130930111
0.3403833484663109
0.31634925266607195
0.8887145038561088
0.9038170286927049
0.041880113472789415
0.19010657345112536
0.006985764060211452
0.7913466055858599
0.9765249281530023
0.6564845663288511
0.7648594903219307
0.8319310385839338
0.17815767647411174
0.7822088465708186
0.4501726235734488
0.7131150326806064
0.6852288331264113
0.726165000868692
0.568430746766524
0.7655599882253847
0.036203457417945284
0.6750714608992479
0.20141001563662309
0.9120212665097504
0.5537281598579993
0.47886738206843393
0.029112364788471568
0.9286596469924221
0.7306118481573455
0.8267057617210296
0.0056851220454847695
0.9976028786157192
0.748282394744677
0.9752397282754611
0.4879500989021577
0.44369703695897444
0.7999418077146532
0.3142798853608303
0.09419469592515095
0.6218008275418757
0.17551970372910697
0.6293170387102383
0.6310213787625133
0.12283055562595191
0.6876236948565931
0.4946567004910213
0.9738167740524457
0.27051560110537454
0.8379416981779247
0.8543941248045749
0.5583195597707741
0.17871363291733322
0.8784868505163452
0.932742407001025
0.4766809288583077
0.6103860827568608
0.6591612017994462
0.4272884644082967
0.8103623100885944
0.5928317814631752
0.2774131009763683
0.824217005319042
0.9461848888103594
0.59793711229849
0.1777585168273197
0.03064867891923584
0.42904239682304324
0.9690601068344395
0.6503859294515468
0.08083482669920716
0.9262393474426037
0.8302654135159997
0.41915733948940825
0.11239432406828676
0.48277415698814174
0.0125847603737137
0.946721424887394
0.4907857984999068
0.5759267243100129
0.8349068476167557
0.33085091707813596
0.9293973952725781
0.17202293471665053
0.02696443881795696
0.10078729010120835
0.8715593847478593
0.10875753534197796
0.4201114007973824
0.8160589503331857
0.5543242594339979
0.5630759922029308
0.42684396736327823
0.6050845177513338
0.19560476721814313
0.9902122819714048
0.36545963467192366
0.11904173855932065
0.6637360497506178
0.058506031479028664
0.013229234629934528
0.4715251699079688
0.6613692461915817
0.8947854905206121
0.3161172761625667
0.628459969004945
0.21859409759195014
0.23032338034207078
0.14564861095364268
0.5129703029900485
0.35003821948735514
0.8562713238989806
0.22164641280129416
0.17990351587565445
0.5206411090397538
0.5704664115858414
0.8749291829456675
0.7962853735458101
0.4996809439702262
0.4403929931021927
0.4566542176951578
0.6511918582265636
0.8093342602395568
0.252387183671856
0.4001487202938737
0.09423034203670011
0.6835505439652448
0.6570240459123178
0.08130683788500626
0.3276257210829827
0.5904005391611805
0.3846341133697134
0.8788718843420185
0.6034892228542389
0.8181876911564275
0.425449898542701
0.835885368002764
0.943946931754677
0.9472328236637259
0.7197024099601405
0.27589642201093845
0.31472140497357537
0.6930161931212759
0.6343983664772002
0.26268140678235463
0.01064977589613958
0.2838105507024874
0.40295499476694396
0.8736247173642124
0.7550459102836383
0.025117077050133774
0.711210553151903
0.48902241283751335
0.17713576276778087
0.8846995627122635
0.2510086241518473
0.9576910323245875
0.6004633749171189
0.9292046099183272
0.6829586656976473
0.46983820708792634
0.0852364671863246
0.35425640615792
0.0030816025581746898
0.28058760049423437
0.3941729344864433
0.9002390080392322
0.5944318690772413
0.985465136061544
0.9535792923039799
0.2606501074823354
0.1309273571258449
0.9164624522373397
0.2448673031545764
0.47587340290345914
0.39485935725996224
0.14024575829994035
0.28546401300671276
0.8921666815020406
0.15010626773994684
0.0059244939288373155
0.011610783364971566
0.417559273061919
0.3915451240305494
0.5705751209302447
0.7821846640401763
0.016577900117905053
0.1824822621300698
0.3935381936346761
0.5685883349855926
0.7757402781750713
0.8326519023141021
0.690100503964837
0.4282379838228907
0.593820859543061
0.34699372426965625
0.894898814727651
0.48459108233949066
0.01392486237498014
0.14684759491313082
0.901810715291247
0.7918289302534425
0.3825184326523543
0.695852347468485
0.6436990078237834
0.4622561437139274
0.11290527863396549
0.9168976235105225
0.6583581606090289
0.7242473205344637
0.36525274501736826
0.005667507539863226
0.74930221330997
0.7548528259279565
0.745363569277304
0.18344451670310635
0.9243797633506933
0.48002253039897524
0.8256861952122916
0.02099907753730723
0.4905605161506905
0.8802570865803253
0.4298871865883146
0.4378953130994151
0.6441106570063431
0.6458818733756801
0.8370236396620836
0.5554196655423989
0.5231379712070957
0.18919389129701059
0.6716371202568162
0.030874374379102676
0.8881512852533117
0.18417084361443692
0.3407405630564446
0.7372731895196785
0.08122503532250103
0.8587957694136862
0.5131128107975419
0.05863152992664966
0.6380472675442826
0.9197998366207456
0.3757619313167019
0.06928397756972138
0.295519828470995
0.5609005403373418
0.9365637667717315
0.22718035907207945
0.5010508421007055
0.6278724646319169
0.7552559158074261
0.5738259695539429
0.37538751833326667
0.3465546067925601
0.9628667044007438
0.05582126881440386
0.1223335067379806
0.8939736687157724
0.21983932500247694
0.8161376318786855
0.7756509788152685
0.8078042263681767
0.9698704214368223
0.43241743309904723
0.615124177101472
0.285959374726267
0.8510499389252892
0.6727536485459581
0.2051858276715589
0.20897209747831347
0.7348704390953319
0.716188759329407
0.6319289364361315
0.8149734548845234
0.4190167366895301
0.675275492749713
0.6956392631369744
0.3937075004596987
0.6733382145181956
0.6320674152129988
0.05461349974398322
0.1339054005097814
0.5687739826796804
0.3678298214639224
0.773512757714615
0.13718227826593443
0.8780401609305144
0.01605174106108176
0.5143913348750354
0.3959037268792337
0.21858538604852562
0.8126212166086962
0.7067704777269034
0.7838821047108729
0.46276178814742563
0.953684938070085
0.0788930366005367
0.9953378065502335
0.32302356515417785
0.13961702256332575
0.6806745979858154
0.23380279429716666
0.4856475674732328
0.7084409161305568
0.7153255977432131
0.28596133190585216
0.12248288297744092
0.7735055590271965
0.3984563415048322
0.8102910240001227
0.5710629185862245
0.8085463418340084
0.5346242563391482
0.9089218371920342
0.5943971510781187
0.08609784580082325
0.7099178798641042
0.19874998217973416
0.9882285880977233
0.00909155342622947
0.8230047510091014
0.04833765452228389
0.7157274865224719
0.5088430036593946
0.8554333540424804
0.9470746625664206
0.10809361479392254
0.7899857972150265
0.36065420847155905
0.770748595561364
0.33881023019491774
0.18373993873444716
0.22784768353993967
0.3315456771452573
0.05960083425872209
0.4091418723162703
0.7306885213625696
0.7120685048318028
0.9963044914171615
0.6193448636457608
0.4979496418632757
0.9989522329486973
0.058451248801699496
0.380538021937888
0.28806431762004836
0.22522550735504432
0.07545992971267079
0.952027636803595
0.33631026129914543
0.8884238610891739
0.23107381011638461
0.7042190968668742
0.503919305051323
0.6687520426731127
0.11608477127624595
0.8863915014180128
0.578309012959847
0.7601137724178003
0.06959272868550659
0.2257654431462307
0.19864940656327823
0.6030806057136405
0.7298800080756874
0.644943303860719
0.5485231537065234
0.1486057570925966
0.3624078180067545
0.037032535738966144
0.025009781399441988
0.9992934826710675
0.4758505886338231
0.15096127177280338
0.12853230669897764
0.47533132467250216
0.016696698469565674
0.46591308436305556
0.8098631491349543
0.8716988870571067
0.8251290818736521
0.8320378403430714
0.06503955861093591
0.6209977800865794
0.11786307051898215
0.20272623340013307
0.14848481321988427
0.04252588816490943
0.008488303491999583
0.782998743008244
0.6634115794515241
0.31291696840898187
0.20159425760462657
0.6910808323657617
0.09032530660779403
0.9762760372392135
0.737810973033693
0.7593812204154952
0.37000105411084094
0.36447751609361645
0.669091006179025
0.002889012847050787
0.8547324095741714
0.04261295318955216
0.23610176325817323
0.44092410191647147
0.7376258218879487
0.01725182037477002
0.7094092323748937
0.9561778398704566
0.7887343747634245
0.755523873103841
0.20882738998439165
0.49892961168871675
0.3070427988781932
0.7885339927100216
0.9886223180163076
0.3867454125909323
0.2374936427418356
0.5557949000231277
0.7163003872096094
0.5904670778161869
0.35837478157608815
0.5128351200585635
0.3554676575077724
0.08901010996381453
0.41204893222163175
0.2390095621564573
0.3415181182863529
0.9015958716848372
0.5552281022213695
0.6169231874977934
0.4910107222222305
0.7539620209207039
0.16428846382615692
0.34625507887823603
0.9962515533610663
0.7431450545959992
0.4305257038823397
0.7245821306678815
0.6212889782874507
0.8563120799138318
0.4263398165286766
0.8911730891024121
0.3197510664572123
0.6476004058786917
0.320083761958713
0.9807103559299245
0.38201788617107935
0.03425375584978552
0.6404347977902728
0.8300148224661186
0.7622259658626659
0.7354326930823993
0.1128981390627618
0.9580603968791859
0.6861794571785717
0.9402152891017965
0.9057270443429775
0.6632681498686434
0.7092668769522926
0.8351395386111282
0.105967435928358
0.19441064359047033
0.07505748150084202
0.8440550116468737
0.455421426900958
0.072901449908503
0.4080600418941367
0.8052595993145403
0.20213768978638025
0.09774417224984422
0.877420162200821
0.24467831153876618
0.8132293923552597
0.3202099215929768
0.41771744495047636
0.8066518682449885
0.06111463872098888
0.16614981316360677
0.46646433074206206
0.45957937444685815
0.8286938999476601
0.9104750402835974
0.2770581208348213
0.04920717689292231
0.13735851551467526
0.14094630005854414
0.33769866339590526
0.8067865549180395
0.06089267566654388
0.6314797141890732
0.2510832437552508
0.9032748123611171
0.6928088347417573
0.05689613403444127
0.07101734077947985
0.48403253289731063
0.829877914223459
0.5885663799669456
0.6412015904088687
0.43831391857124624
0.08981371856124731
0.15592230910560867
0.45677490521783637
0.3547717891157398
0.6443882756331503
0.9550485331550791
0.4596097508062025
0.5557657183130789
0.6435103197999824
0.6074205254200807
0.601166322680689
0.9999641715631115
0.6486944717205122
0.9909464384116996
0.05549025707806721
0.2743702078933581
0.7428573666294959
0.44122644623298435
0.8590753529712984
0.9235994309260829
0.7673943658415708
0.555432532095891
0.5743474378405942
0.6384014760172623
0.4212132194231166
0.8401094155552542
0.6623970194250297
0.24706923627987365
0.01515803023964013
0.6040461813374245
0.7053864092986573
0.1987123200232066
0.518264307281822
0.27627822901619636
0.5608679710802158
0.5066616644595027
0.7931291982698598
0.06651740621977653
0.3379466055832575
0.6842730497727165
0.746287762210587
0.5598739223839376
0.041999878839317106
0.4566754648968654
0.5176857214346682
0.9202137940816277
0.32517297309942395
0.9956337501059034
0.07275457820177822
0.15032385960770178
0.18383287480357113
0.09456273236234392
0.3368159744269783
0.49466797892490877
0.5048464084159856
0.4515617804973361
0.03848400692429843
0.7671651242381807
0.7691695372423072
0.29184216980346844
0.005122686422913469
0.46700148457245916
0.346573602751993
0.3665230533178683
0.09623703798760341
0.4293224096420951
0.048697981406297663
0.8102357762553914
0.9082215223079462
0.44578430927477875
0.49542607285771756
0.5590827292451416
0.7648932495236843
0.6211335661445523
0.5300178559519777
0.15932355256691333
0.8677958643694705
0.7756506356817574
0.26572069225571116
0.12742973862814166
0.8789177186587079
0.7258844501005353
0.3955947123816137
0.9152019666031013
0.21990340661065222
0.42343092770749535
0.98797582598781
0.5996546167511794
0.3828274853427208
0.768584956633344
0.8097028397359175
0.3413031383721431
0.6019450037232255
0.834278022098983
0.631471459958267
0.3512301397640769
0.5861173704841881
0.36224777556916865
0.804351057964503
0.1424483578859822
0.5173345889672777
0.4591675636617645
0.07328912359668605
0.5306709492089289
0.7724172149605808
0.09981437235296564
0.15610988322764374
0.07130117428513894
0.4313330452384342
0.5882160247282014
0.6833455154104591
0.6823927162567882
0.6188762070773735
0.8983590745452851
0.7476844726996118
0.9520458563305892
0.48883963003363917
0.061008091220353
0.2033403457364349
0.39435055515991346
0.16440817528462837
0.2680646039798602
0.18297568249621787
0.331474725342907
0.29681862849196805
0.4833498715702239
0.3898028703484324
0.3753600177275691
0.5386589069272135
0.45167964262203697
0.709872345398021
0.4230597692933412
0.07118896775208938
0.5965521331928255
0.9241734485575421
0.0653294575063722
0.5299132421510013
0.8339103752198047
0.6248485284233418
0.612760589241455
0.364706318094681
0.17979957164763793
0.19116175150423287
0.8512635528366587
0.35048023094042857
0.41899181412409303
0.42040898893860035
0.8735370580100521
0.16981103617702287
0.538800012280601
0.2011450656092295
0.16607393748280175
0.8406210868674825
0.4075408665704595
0.3847575270392627
0.596709808961753
0.41901666664491277
0.366407142046544
0.15625131226711797
0.7092661122512958
0.09237765965283917
0.19189559321352256
0.8628473816585026
0.41619343742246484
0.15014519778878632
0.6358147439537617
0.6947354649828613
0.5529542693760369
0.6068010346775493
0.9689381096674475
0.7395786976842775
0.21893109285869217
0.769467524615809
0.949129379288395
0.28418446718027945
0.09369097910895019
0.07351673798986424
0.9142267036667943
0.1337442837882632
0.879933303221798
0.4505493203546157
0.6128556949766647
0.4158610860028287
0.22129692446986393
0.5533163044795064
0.1312505256646045
0.6274468180515321
0.44249811107660586
0.9451221257011387
0.9112016875316213
0.5873184389108284
0.40153645046515785
0.27025769403683253
0.6250132137879774
0.5338908063416666
0.8304428615569837
0.5913569203523655
0.3930206556545506
0.9373745617947516
0.9947245218617715
0.32638837622253025
0.17355259769178744
0.5449793827303565
0.13350926967907673
0.7464333313256868
0.808799948950677
0.3808517736711632
0.7281622856320157
0.8413035068924467
0.3660194290078792
0.5833909651339564
0.5879812127707618
0.6111379993723545
0.2756847913186531
0.10413918159999425
0.2572828221305835
0.4531456232476425
0.7088679430583482
0.5069754289712122
0.41557004860969105
0.6666937512493815
0.9640903663950867
0.4452245986310035
0.8248108771099034
0.37925659321807514
0.08874682833933234
0.21604201254018207
0.1979872209814484
0.20012701748405304
0.3619812180652654
0.43874245673619094
0.8598150462380421
0.43634469019657074
0.7299739449809453
0.9231490784004506
0.42689597797589607
0.7389852413581559
0.529780487326167
0.33061912591596887
0.3636628296206794
0.923431489995965
0.6052578500296498
0.6222827243873601
0.9022057886597448
0.9314368066378208
0.1427764689470975
0.43331618478969725
0.04767301543002689
0.5695160429810925
0.25349504817819435
0.8624029871185005
0.8080623980311649
0.012741608081628941
0.669232705527603
0.4414272086853305
0.7661123668418547
0.46943229911307693
0.7393282862161423
0.08677926289072302
0.1260014565713199
0.8421364560076534
0.5015361238004625
0.24710506759505224
0.11084011470842081
0.2711667425057188
0.9603846193110182
0.742770295212293
0.2182140150492724
0.8502817893852178
0.09211512525174448
0.5969823393657804
0.5795985561474285
0.4213385764472961
0.0752284871241582
0.11914502671005067
0.32886231336755334
0.7791040269212428
0.3701263343942668
0.3900031528992417
0.03662752282646853
0.7965849970625487
0.9410539609893671
0.9757778833141638
0.009210544621091499
0.8646832945469299
0.9641712175588601
0.9215208288101238
0.968416414753657
0.4381140121149092
0.12114357554395372
0.9900031067727108
0.8378734726207504
0.09988701142383649
0.28532668245515613
0.676968006786128
0.5902009544375498
0.5670554271898545
0.2747980307419985
0.7358641796117449
0.47678677626820576
0.130278480186525
0.8812483005316565
0.7524556512116297
0.10195496098627843
0.8039615495209566
0.026052129226667442
0.8893340799277253
0.09094783943697016
0.17485070672217462
0.9653252870289584
0.7313303519173475
0.4726858241604912
0.7967547238336529
0.1955178632898531
0.34510688479775864
0.6199849864910105
0.8906517374133333
0.6948024426290226
0.4522384386317414
0.07607614026267062
0.0900115977309478
0.9464277632241944
0.07979812294087207
0.49998407358495145
0.8853290369431442
0.7096273692395266
0.00744828150867094
0.37131990112459623
0.176215837701443
0.681982479507252
0.6307788648174499
0.19991876992355995
0.9971669442620168
0.20002031821680832
0.8357975163868676
0.9081306638772734
0.40209570734898725
0.43584272897893594
0.5556536248752628
0.13871002194233584
0.4424814441059013
0.5109651508622681
0.23343169042703116
0.9912357049247965
0.5476853152130965
0.6810091480846885
0.5102632083648667
0.9622246424523223
0.01765794421291511
0.22176625867323319
0.4417204439883261
0.33627524682378374
0.05711853144063783
0.4646624829807465
0.18581963015534053
0.010390878325356345
0.38552288206822616
0.6872952212541734
0.2636288484735628
0.6978136897800729
0.07666314179415823
0.06950601416993518
0.9073042874520695
0.6279207594477275
0.8829402246686754
0.33254171420864653
0.08817083917524948
0.5143461631166188
0.17757495683328395
0.1748043435258284
0.8313734641897095
0.47724965002045017
0.9532767958834008
0.4672989169005993
0.4787242220102065
0.24541007832102524
0.9010620721558322
0.3784600658903745
0.33717288418322167
0.5891203391620736
0.6954072522941135
0.012974895019027266
0.3135969945782363
0.7999346808852977
0.295424989396295
0.8603321703734078
0.4750773148818508
0.05164550571819104
0.03898624010189611
0.8298914599531407
0.919390223916783
0.9857508855174363
0.41742856651405513
0.5308028781455111
0.012609867926796858
0.5328783771270983
0.16430304925446104
0.905652712332246
0.23131731410519973
0.86337299006127
0.6703813980801262
0.4118942888736772
0.2383875894549845
0.8127932410119945
0.16388391433579064
0.09005083106501521
0.4646497605615917
0.24148206233470915
0.2673431803120362
0.6993664284030195
0.15699102518141383
0.8550317740460657
0.7086501125445461
0.42922918223960915
0.16772941783615702
0.21923858903374738
0.1971134662136682
0.9954616155566733
0.8834697841111024
0.6719809055958978
0.17496118007211547
0.9543749766358228
0.5842388054727702
0.8073246013476336
0.7248229199819348
0.2807989370896584
0.8745592660451782
0.05577615610284925
0.18968576809973436
0.257533675966245
0.7928600391739689
0.2770229703502596
0.39890413705753247
0.837529627212451
0.9005102879539597
0.6158447100154758
0.16477066569687038
0.1859948769394828
0.28332534604949877
0.7023449795048776
0.16578749538047632
0.9151644375636578
0.9580513582102586
0.8942284386264476
0.9669225841406065
0.826148799273135
0.6037127609797867
0.1122573160592426
0.06525729524276669
0.651280765101591
0.3846290346442598
0.4352193061392946
0.5486239606858607
0.48478675086281897
0.9616696118320995
0.04627252452071162
0.6054828901460569
0.5452856354535569
0.6006961213145059
0.3790043836093834
0.749987026536911
0.3125616457030794
0.14460416677258348
0.0884962332585143
0.4937722096064915
0.7385975996430522
0.5602608324115328
0.07662932208547157
0.29864550536693124
0.11739605250961926
0.8476659561431297
0.35683515988674197
0.7116770098604104
0.47664646675201217
0.24355009307115305
0.4411559833045742
0.9418201243137221
0.11639960309360653
0.7098414266651988
0.38676505245077586
0.26631628821024755
0.07370104051124426
0.837493861587259
0.6457505944169113
0.5839479788468664
0.87294441116963
0.7897851118394033
0.04299758802218756
0.5236981712060004
0.3180400679987121
0.9733992557315154
0.7029694182274995
0.28831784392115145
0.7710263446811075
0.03503748421988673
0.7554063999462546
0.793610014153322
0.7756735962567004
0.05947073221485688
0.5829647069066851
0.8219532754683282
0.697309111174397
0.28136281724352863
0.7906508775843515
0.5267099324622756
0.39239004548872003
0.8608795417827181
0.7811259527210286
0.35736203793061894
0.5235131937215527
0.8457746457954083
0.14343342495327982
0.7607656526136094
0.3605807329592188
0.2318205044130186
0.6462519685283848
0.44769829408467854
0.8719482312092526
0.6305712863182031
0.6008330549893074
0.6445027623441899
0.5638569379340017
0.47965349400419643
0.7880180470597858
0.5148406183563563
0.5101797895376783
0.6085732227100341
0.5550157354745796
0.667131795595562
0.3738161747764852
0.41416836643371624
0.4597279900963612
0.5580678943697586
0.015111936220214006
0.32740557060846975
0.1689458859592078
0.9217851388777066
0.9995199194802902
0.3289606209006555
0.8144344163106384
0.04085207960779991
0.6967330561798124
0.17923882670959768
0.4193783351232814
0.2333753551097001
0.14171953654142377
0.18250227820368725
0.4612678419254086
0.8684428265054897
0.24128202708171276
0.355572630155196
0.8810068467268884
0.3485159446206023
0.7852944974283305
0.5929469464095696
0.28509544530868325
0.8945406461088174
0.03954829052165276
0.792185660032514
0.7802979383321166
0.2259467605376444
0.6050833728418726
0.2943452827927082
0.18403736197797094
0.8113862771186217
0.07110870540319614
0.5107285807277755
0.7373193970888251
0.717531269743755
0.7151128606719449
0.6450469001873168
0.048978682083839375
0.17271884209664567
0.10635419590773654
0.6356199605769648
0.6365049221684655
0.048494147330320425
0.31489043241717907
0.5629373159191745
0.9461669940938794
0.6136339599092796
0.34379174025828074
0.12358438618855128
0.9362013636239233
0.4986885448246936
0.0354681727358086
0.47465678428375535
0.9078220207474654
0.05733058652961509
0.43811744492844085
0.38243607974696014
0.18270802565542454
0.9431232482825737
0.716114309180273
0.4789953285047661
0.46476070573236905
0.6959570300256257
0.7431325555986265
0.12140098962483059
0.32195423647357746
0.36849972486680405
0.9042607387201957
0.30713974132193145
0.34155607571675894
0.5679280894132501
0.614779207301881
0.850360973058604
0.515157002049183
0.6634131354771341
0.21951828919294392
0.9211736456802025
0.8682007794133185
0.6579167834649051
0.5884645546195915
0.8978883112072238
0.3774848229961708
0.29226298646899973
0.9817029144630435
0.05670567732315468
0.19571103308849824
0.5346634875911175
0.36267078189821644
0.49421429696755925
0.32257089517641924
0.9495431252436217
0.32355937145423763
0.023264570496407844
0.655366017162212
0.9181138452773843
0.8603985618437361
0.6978540438510541
0.5555539572603904
0.0966200070856299
0.29814437762292856
0.2220708873677837
0.056629632343240255
0.8298492200031726
0.1690585091631669
0.9856878943263545
0.2362007244793125
0.10407142635468591
0.06522576156858484
0.4616052824938286
0.3295909528217823
0.5893379149825784
0.5332626487590403
0.31498781247276786
0.16565343543490274
0.3400218838248923
0.5894274559380387
0.7735068587869441
0.3324383840007009
0.2559145233085204
0.6366336092397614
0.8635383250169224
0.690178479922604
0.8178577300182457
0.9970407210675561
0.23937002867860668
0.6358818240495787
0.4587850992374056
0.21030558288258794
0.06743081921286853
0.6559482488389513
0.7410009869577096
0.6154505905369528
0.6124582606388721
0.051444400794320666
0.4529165522177888
0.5644551570980889
0.5826615808682354
0.6719100843441816
0.23432515846216062
0.40560613079982366
0.47992663544650516
0.6656551550321024
0.49179157234331916
0.8559061399555041
0.2907187923869319
0.595270022956854
0.35711319102328853
0.8042383566974467
0.33515765682381127
0.5344107503906755
0.29887182023828285
0.2342157213901156
0.23675716527527402
0.9205384343714699
0.23465005924815507
0.9377287736665771
0.5910820314381938
0.3459334961294517
0.25905426892455785
0.0759927018918024
0.6435899906984197
0.6789733837085723
0.7837149012429596
0.9254768369999823
0.6392213405838914
0.4167309883987034
0.15910894381765195
0.17732931363729154
0.4492259323841883
0.5510469669889649
0.892738616864771
0.6211665640171419
0.8102255956286083
0.1262718117714159
0.22804040031252104
0.40107783821835963
0.07523948742666453
0.8206950757844802
0.8743051370761487
0.033359370026741275
0.9717587731132864
0.6057874525243285
0.4820194504982904
0.0813255760157423
0.7245159618742889
0.2603217842150891
0.14548497841250274
0.09117644739693265
0.8541178552929993
0.21863666224500422
0.03230094451448895
0.5808361088535451
0.7346383354804766
0.41103214041752123
0.8139382379698
0.19531256291716492
0.804668294397092
0.97101553372606
0.6204686542797366
0.9930027745296373
0.9494652728005
0.753090201419522
0.2560114837527554
0.9533056376905629
0.08025995010139142
0.6934865164967362
0.319641429952396
0.8688092927065603
0.5090797359699973
0.7913644708229992
0.5750463190950689
0.9657858061268323
0.5664218349257798
0.8510075355787029
0.40244170242978794
0.31083749754728807
0.012302000857936646
0.1916438939531686
0.16497151643428842
0.7220326436150186
0.13662767753551863
0.5566879689360685
0.15061584406691964
0.702258801666452
0.8948114603118118
0.2912599297567582
0.501734371997565
0.05814127126218349
0.6196702731774473
0.8672268685252241
0.8431534986830913
0.962565644461878
0.6169602005678372
0.29849390909024
0.4915759958311693
0.7102989518758545
0.6640942229225516
0.3339538220559243
0.3113455714106075
0.4173313086534284
0.895673566492395
0.9977767426581776
0.0027444006283717792
0.1661033113636834
0.6354741594126928
0.9588938852845957
0.382383060371008
0.4144993755340092
0.8550573593281795
0.32595362250504933
0.6301595389864444
0.42124854726872174
0.08969024976769224
0.2063147336544784
0.23287371353433473
0.1300249303518558
0.1400064913164465
0.3205614393271219
0.9714150499637149
0.12416106576891539
0.2390988911754035
0.09338436025978303
0.6778232725232199
0.7384382626844791
0.1780765223514592
0.7860475856654786
0.8208909355730492
0.515072889734368
0.7727104330162394
0.6415054536892114
0.7205821016128596
0.4358892444657748
0.7548075737431649
0.39956895735397846
0.08085069232375319
0.6857691896324662
0.7094143278766912
0.885055365821947
0.5291164859483543
0.42653356821698973
0.8884293456636141
0.48377864418680094
0.540258736098344
0.04658314793723395
0.6340125598682999
0.7949985056725616
0.5457870902929196
0.3475801442456016
0.49850318283660877
0.6076960602188165
0.6024431812271474
0.18166194385189605
0.22292018938714597
0.32634789071239323
0.7457918859337936
0.30138187476648837
0.13579260093678258
0.06316353582941803
0.13586690672674206
0.9390007175606165
0.4280682463095459
0.6374175269169402
0.5231191526970707
0.6358652015498254
0.7117603668879375
0.1987717644819984
0.17584769084208585
0.8913468679482568
0.3796073141809445
0.3042536460125179
0.30726256964711973
0.47013995824417476
0.7514792901162007
0.5771839276432812
0.002796492154081176
0.4966679815546806
0.26260923552548276
0.8868935325435674
0.15571234560165426
0.7678926823659832
0.788996399337629
0.3489054346428331
0.15480425581967683
0.505492954945228
0.03817705971905572
0.38620500686183434
0.20008112666528766
0.6918243630386248
0.14368610323185993
0.3522122748586717
0.7910337249566914
0.2928954312641969
0.4693635339751965
0.8547836886403098
0.36234350172916663
0.7306535057518864
0.16746914407738356
0.11293538794730695
0.24935435503932057
0.8590190090739
0.9264877862901861
0.03145697815313264
0.5740780659569918
0.9772105186913363
0.2565712706824119
0.45244320114676484
0.24652020130202834
0.27893568613497755
0.7145392755593568
0.2618672860610928
0.4791746631017786
0.02711801842773509
0.09288491856459791
0.3399342604855946
0.9686956835965652
0.39368875204884135
0.17186523036643953
0.19954620974702764
0.8119874783110785
0.3815587125249841
0.8751280128683131
0.26012120828518726
0.02447077839673384
0.16622428636065445
0.14063381565287691
0.4225948629905464
0.6839519011201523
0.709537076069662
0.07969090931101552
0.45726499620670635
0.06724329466820633
0.6781740002088724
0.4827846772315222
0.12771368019239027
0.3945348716585476
0.11391514964754523
0.42067181310030377
0.7908657444682655
0.3633106188721982
0.40744924743392585
0.5540372893464799
0.24821528780355018
0.6050632752108507
0.6064746434916217
0.47099446623519814
0.8229403335561272
0.6151784902768865
0.864052582656286
0.3804594594778866
0.8867701865713273
0.8715818928741386
0.938083313179509
0.8079649026000316
0.5815573393302803
0.8420111125249602
0.2542815844862253
0.9455940492392109
0.6640720414512326
0.22655546075787025
0.941942967307934
0.5246468638815939
0.983419285232429
0.5919742449412807
0.33330493614180634
0.5035817479689676
0.2044121480770824
0.7547993791058605
0.6171671409698377
0.23836207497806483
0.6946532096783543
0.9226122503099321
0.27501223849359924
0.17955868633644068
0.9324720982844615
0.9077905772684572
0.35926896688967835
0.5300864737378775
0.9342984498393903
0.020011141957217315
0.04776593190746292
0.700353339321548
0.07068563231593639
0.5510755432640078
0.5500064148269989
0.3175173971772791
0.867070662681785
0.9472990489198803
0.6569955223479599
0.893497736984171
0.007520414299436062
0.9392322238993933
0.3732321718634972
0.01908271273629747
0.2296545519806421
0.9741990159929409
0.025853239286603547
0.7580149628110731
0.40071844598826445
0.34458016323611995
0.8299954911487816
0.3383719315520769
0.7464791579302943
0.23245191873100923
0.039075073870022514
0.7940912539052568
0.3696052596708792
0.5465498218609522
0.3630238486783963
0.3024232361796034
0.4648557667423264
0.3197470631848035
0.3908270248172041
0.3974830598674607
0.8714657005642302
0.8843618911334071
0.13312728455822265
0.786590936370477
0.852090873412187
0.9590898014011245
0.5996364102788677
0.3315830297085218
0.5408059186732128
0.44070043456449337
0.7199589473483428
0.8699856576168683
0.897612909582696
0.169716513633401
0.700708759802702
0.034780903570023836
0.6443318669855334
0.1801033800680778
0.8085705526682292
0.590170901587738
0.7737036065735587
0.015373976969340064
0.1535252093788002
0.6711212675696356
0.44796866464578544
0.22311307262357005
0.2547842885861977
0.8802850550425099
0.2012169199478684
0.37996156738072173
0.8227278322752225
0.2642876535665428
0.6139762958422014
0.0870757675290652
0.6493115881078254
0.6051650575868299
0.05068597521684237
0.05106743908458622
0.9200884033267954
0.3443158350810769
0.7884146306753204
0.1632884435228774
0.06538118376982449
0.2611623456668143
0.8657943069407907
0.0816532407636702
0.5741392090386611
0.3898794072684475
0.2649112621896861
0.4355652962860115
0.8774207533607019
0.7861546602644642
0.9850381375397398
0.9549226903347735
0.9162287826284086
0.3441158430593477
0.8263060605755014
0.9214455917880459
0.5538475627488366
0.5819374291872471
0.08905493750413018
0.4527699029453812
0.8259079677100032
0.3188883433519454
0.5116573727535407
0.1904134992954113
0.7137093406484608
0.3676905410225346
0.3616271466158141
0.9010839139414216
0.9106073437309954
0.032857757044396196
0.09901627740480978
0.20944249797119474
0.050999619632677295
0.6823576543668582
0.19194291694190635
0.23894390107036267
0.6793385764638904
0.3947370523682505
0.29957188529169854
0.422864207286368
0.13922499378599418
0.1370104919095244
0.017128224452647944
0.47545829181765265
0.45127495355431757
0.22551960746376587
0.1348032298042775
0.7872368565581094
0.4236597044239795
0.3302996866975729
0.7686644438248794
0.8152693997726974
0.7419035998297417
0.7687436033235348
0.505609420619152
0.38985054746193315
0.04061771935155711
0.8308720379033875
0.14610252548868408
0.7497289530431317
0.3108267380051134
0.7350447275154527
0.4951388468502601
0.5519503719122124
0.08645059663238142
0.711662414374507
0.6308142434785982
0.31214761342617825
0.04157729757721318
0.516181107129403
0.19746124421005906
0.5564026203854622
0.394682127964472
0.7585725102061288
0.24858346263687559
0.06525651231791685
0.22322718845803824
0.5131820658837025
0.13398685952465117
0.6357360087725522
0.27372051602335823
0.8555192328616006
0.8863493132919035
0.31183245365854795
0.15228584255319721
0.8077696050015876
0.880284984671996
0.5238715268031837
0.3801878460659389
0.7348828367053819
0.4038455107398855
0.17169923331468007
0.21170334068314944
0.9907885469221283
0.009450939887462595
0.4193259393671994
0.3022094998300968
0.6203531637140159
0.9223498339330364
0.3376859358686889
0.20320374268137786
0.17170997290806256
0.8498289299291496
0.9310278188097095
0.03422108156788195
0.5834092280587719
0.2556719884222397
0.7660251992168597
0.830145507782565
0.642553556545935
0.9896049055409053
0.17962368522195538
0.8862859462178921
0.38961468199841476
0.7372876730806858
0.2709199283628244
0.6843222212391847
0.4624993180465129
0.6955644258206233
0.4705830310029575
0.0027137422714181847
0.6893812310478108
0.5656267646489093
0.1817699335971723
0.3387570595376026
0.7041520186691014
0.4964725014214847
0.49857827062618143
0.3740231771361987
0.8484490292389928
0.15243601587295008
0.6488586390258384
0.11384113583543998
0.693151076713155
0.1760635793179196
0.33110633957580127
0.7423648794549228
0.04143672732836867
0.34582261975766015
0.6056249153772649
0.5168476887627939
0.8270521566127277
0.6939347190753709
0.24933128535499383
0.6576578132389674
0.38803256426075283
0.27161716641747946
0.594844155265833
0.8918134873501098
0.5468328464319187
0.06688829980425115
0.8812498878752676
0.8974895161914639
0.6928607073798148
0.46140234020759596
0.3683311783361902
0.3942004240824798
0.35100938761380474
0.3986901650864283
0.862941770981938
0.00456092778796191
0.07077428850244627
0.11667465638905794
0.19513443608756886
0.02558962072623938
0.9503078761168022
0.8695982102191336
0.31458202128466217
0.263020628592158
0.3132119581462378
0.056632463896871155
0.5764813794070353
0.040953258977877605
0.5598386391644592
0.13142430556103746
0.77997388916224
0.41696634781030606
0.2914437125460182
0.2801296762388146
0.010707047159884797
0.9002001557406561
0.38277379663524913
0.21984782137408343
0.33753188988077176
0.2344054894734965
0.6687840181325827
0.016107051957577223
0.7636687591791863
0.062432526413567446
0.1472018044354957
0.47058655165200736
0.5500477361323155
0.0188988386644382
0.5588281648634977
0.4153611973569439
0.25021206584858857
0.5219715684656665
0.35612457014227605
0.5457436658856694
0.934148743976801
0.7379676023514561
0.9831405860193563
0.0017549787873704092
0.13891309249218464
0.8523706982119758
0.4442366039382881
0.2181196809179634
0.7689662190543322
0.9760900500277019
0.8217859529923695
0.4714696968193316
0.7185022731250411
0.6303310400147748
0.9577938875496512
0.17987942418995173
0.627453545958039
0.07454342497283328
0.6160641892317725
0.277990846504259
0.9593795998851881
0.020882919564386038
0.17759422154847793
0.5902312335653871
0.4794302166962703
0.3654152581363024
0.6671369167802756
0.7525078881836473
0.9718916713958864
0.7653548398417007
0.7564033261377218
0.4205151855516377
0.26912554523522936
0.1879185352406998
0.06400579168341036
0.804599361579802
0.19211081239789962
0.13691331784656613
0.4949445314140337
0.2486315424218556
0.9309359033003585
0.16753222513865373
0.9928237235108672
0.5802569575616624
0.02390295185436364
0.9119821588548446
0.5829607468055459
0.957524761180749
0.4988846288130937
0.8763168324076974
0.16686115370938848
0.4862350630089165
0.013909015960236748
0.6191301441433962
0.5562145943959206
0.9873797563871956
0.5976669003197461
0.7343382003482946
0.7742108377502014
0.4129154129914959
0.48235652688102193
0.189406276534149
0.08066209355773246
0.696604282210932
0.6263785900928514
0.4971885448459693
0.1884085820046314
0.5563482532609364
0.009675219912329114
0.7373888335518921
0.26752560942127224
0.2233945716294783
0.8218677318383887
0.7474012633445708
0.45156044267195317
0.21792058988054408
0.38799512478617193
0.6432123241196893
0.7756811851273641
0.878810424897213
0.8928605410404722
0.7302207100081902
0.2759270675173442
0.20421877054840798
0.28642477327974214
0.22270212258985922
0.19865964705240402
0.3382564050205007
0.6431911872511651
0.5844704865096222
0.11650062998457478
0.7508346778844652
0.7459119269435197
0.26470307088258294
0.7773007094687909
0.23275952176371195
0.7262013031377089
0.6242663639653167
0.822781571188221
0.04853385826916523
0.6434824163647238
0.6529631332325585
0.6581373304651769
0.7657047727053479
0.931818261297993
0.8935195563548763
0.40667587385782056
0.8598802967768451
0.7471796429262895
0.9740829365246592
0.10051934910561611
0.010319957003859126
0.545847757340334
0.17445676987990277
0.8959612642826054
0.9955897103620056
0.29725144743143117
0.3740529126177784
0.32405462918405925
0.5039924080058367
0.687477355866818
0.16613734715813822
0.9007353057641116
0.856671792899723
0.48860758024260686
0.036989711283898496
0.17857454675594198
0.6667762399319443
0.8298548241308523
0.40265549980828397
0.9718870766077763
0.4094229512708931
0.10312951545463422
0.6246879953359117
0.7497880236929999
0.5322154761799996
0.316715860436967
0.8977915713649756
0.41331919458417554
0.6259344704200546
0.20209722539275288
0.13280492271561994
0.9588208398277139
0.3592041287457083
0.028123829114013454
0.9704657232510889
0.11868273378418948
0.3623454405216443
0.0699507793085391
0.3468171279743547
0.025080947369682693
0.583782562584031
0.5492655584090376
0.018007416339566595
0.7516116010204803
0.7709579046253006
0.30484676939181965
0.32422498566206637
0.24232023953634618
0.3563273966526238
0.5550822972431085
0.1590024226330572
0.728317791789459
0.7483925628561181
0.9135153346616828
0.2151791257543616
0.6920094641016217
0.13501668678752776
0.6452604981197262
0.6746721373118348
0.34927670422203594
0.559531952541672
0.8367086009524493
0.4131575981225494
0.8704306712938974
0.06999266248866765
0.9571561865324745
0.27173776356255697
0.3181783878697657
0.035692149298789055
0.9341802687436475
0.6082549464390123
0.3563724592182089
0.27107174634904874
0.4885999816071709
0.5932167856780676
0.5896421652579747
0.9371907467790896
0.2582395851280632
0.742690894589491
0.14616887616800756
0.07920237417416032
0.0663213236294905
0.7272210282651055
0.4796750867971862
0.5226198656980992
0.043808435404618984
0.6031655322301784
0.921352858559918
0.8813610185276755
0.8616557496840606
0.8462712830176543
0.785159357340925
0.8765354403263196
0.6353300923672524
0.35230300197390163
0.14884572631216864
0.5201096738556492
0.31972410100647386
0.31880034731401663
0.5699981737275996
0.8371330603471615
0.44487916986226217
0.45920046345243637
0.4357420596220468
0.20885836863142082
0.9110526077140433
0.254244042979196
0.17075809535147812
0.21924504907516917
0.1362469041947394
0.10813716896945946
0.7890430310666905
0.8420303378612856
0.1999822100460309
0.27414661846063104
0.6673532141468465
0.5356648917232149
0.13603297651805335
0.9026855075326768
0.8114712112636311
0.9870685723929602
0.20795003750556185
0.11561789542252932
0.49152753728615495
0.1834647974234227
0.634352344002054
0.16110632945138692
0.31142297879055736
0.3232427889519145
0.09322988426043055
0.7040912978803318
0.04624982725865745
0.5612086753839611
0.5871396737084486
0.42763418777582185
0.2609071660937291
0.9303586013075493
0.2626880721734557
0.013241317693194032
0.30121557650100084
0.9293584200186454
0.8606519357955082
0.32939438063009674
0.7657378784786201
0.5249777231579619
0.6681373268952803
0.8992414625506242
0.20133605432002621
0.12018914573545403
0.9985272776674322
0.088551728255989
0.45090239302693536
0.25938624884566663
0.3727749335774265
0.19971555569336363
0.01354841924063277
0.7436332697314957
0.4569365221714212
0.12722920137160953
0.31707867369204124
0.31157709758338703
0.7425947513005187
0.34117316294993005
0.31397935604627225
0.96601513160003
0.4350970035892249
0.34016549813688035
0.9269814132341674
0.4233158322320896
0.223085194606233
0.9987144048310215
0.5967765428194102
0.26818841097107293
0.5093876355858477
0.9564865150619578
0.7164851199734379
0.9022381499076696
0.7586953217918961
0.49814392546214104
0.7352647901112718
0.028081456494929657
0.27544106360679443
0.13753855856125674
0.03473509066822811
0.3705679236213837
0.986019736549781
0.07622523108024126
0.04241096341915618
0.6815343314266578
0.7509844241861159
0.039093934356432825
0.9426361289443856
0.002046947377957964
0.7848668222839625
0.1323293298734728
0.25348005951049846
0.07839218116835955
0.5896872816571158
0.24523266090613405
0.9685706865724379
0.6722380140479474
0.013667771039486465
0.8982367059171105
0.3978462835295512
0.2865862847006587
0.6800650293615303
0.16661215510240523
0.8856472040295176
0.013027165214678504
0.5702079759890225
0.6970776423336359
0.9051012067997021
0.9340681610377178
0.9838743401126239
0.19179642740936664
0.8410019247061273
0.6284263214271867
0.486381599499744
0.6890273482794669
0.21227051419512322
0.23130039627184118
0.25865008524266253
0.06204422371754037
0.39169866776157647
0.007037353761179865
0.3260249414235278
0.40888264070526403
0.6760511461280383
0.29177069275051104
0.7515203868681304
0.9183652215107624
0.3697608547541298
0.21269212446937635
0.40690467792092455
0.8691395506940489
0.8054772227620606
0.3264083625387013
0.8319436910843566
0.23342706620658438
0.13165020642291403
0.746912272786227
0.061721350374094985
0.9129622079645249
0.756424918808715
0.004568412531356869
0.20875852139368434
0.7304715363116563
0.4544543036215497
0.29671079852837656
0.28034653894227135
0.4280931922619401
0.3095210568366844
0.115468717279822
0.7193802937077951
0.1884058800407037
0.3439364202279227
0.105773936494311
0.4184691608403096
0.5824359643621151
0.8646986767522455
0.3682396073722288
0.9522866343320099
0.5079587388763851
0.09741328700997953
0.2737551971747303
0.8154791459140488
0.966002767963071
0.18036230250498497
0.9525290245681454
0.03655663351565319
0.6110490489653504
0.027466117087160735
0.7831379370311115
0.45826820648259603
0.9240113092179408
0.3999089427026885
0.07779452157770794
0.4194082583871658
0.6443092136439679
0.08131361298351414
0.8405334381875745
0.4322384336532227
0.7068662833745079
0.709792742099371
0.5420328782805636
0.20574354410541063
0.21411131179222453
0.7390793642282759
0.4465036168455079
0.37749404031984635
0.5489897086867414
0.2917898391901864
0.0351641278350987
0.06730134876034888
0.9599645189617614
0.5396451027119047
0.6388905393135494
0.8219629024657898
0.07825325493188462
0.3357824920328977
0.5920957635777712
0.852122636844922
0.4128272028751174
0.3698876784641526
0.32420065306541046
0.9747739061738405
0.1146442224269657
0.2380649848198988
0.2022329027146521
0.15308866703122725
0.1723291531742277
0.9883147988872836
0.8651326888331338
0.0556105626092247
0.35383450602406297
0.5769623347025873
0.6557740920683917
0.14520647353553517
0.25969987795832805
0.10073050292417163
0.5284130101429866
0.8007844472874083
0.12197183409809609
0.6037120132285019
0.31005198652778976
0.6382637109564262
0.8342909738238281
0.030807143427507455
0.3904074738085874
0.06514424056423473
0.9372759258407913
0.0035183769386993857
0.6757687707547098
0.6607160426446247
0.916882153057016
0.8063107842483116
0.9471628813585664
0.7118379176025761
0.18123432146337415
0.525877882313628
0.2404962447019684
0.42544091181198096
0.0035704368588833635
0.6937212729735488
0.6262623646926705
0.952718093230104
0.6580468663481215
0.5358197013873577
0.9812510727448142
0.703210859737753
0.40381637679091464
0.3949691054256296
0.8533667938187934
0.19380202744246144
0.2056080306033724
0.610737020477593
0.997209121015617
0.9393903637241267
0.43472204356707256
0.807909441723002
0.23188693058680676
0.30400489368478056
0.39552668694376514
0.8970707928850289
0.839043100097863
0.7117422437590514
0.4378439240333555
0.9990083931663557
0.3200380853216941
0.5713647840230325
0.25533471264276797
0.35700833603763804
0.47528565822411895
0.2237716264748436
0.11606424936956716
0.7035710869980591
0.08468798315430259
0.7740435216447481
0.43709757437710195
0.971285376501355
0.8396428994887435
0.3032861432144053
0.2386274960100404
0.73838494781864
0.7650312302732996
0.18018315760764747
0.0744705983083469
0.5248155317321737
0.44082032744096455
0.4243837760004888
0.25792615925140394
0.028850474000309267
0.011211227244365629
0.1740678122646624
0.6880596529370393
0.5593770637614679
0.5869114798337702
0.14125015966867693
0.7933593401084206
0.3542446914804248
0.2908352340501946
0.6283303675243841
0.0635530699754896
0.5490004578212362
0.7628773003972192
0.10774428347578335
0.9490685416531905
0.8076617883336372
0.963650406467598
0.1130298485707919
0.5248522413946912
0.23650015431368276
0.2244516518496793
0.7470833630177557
0.5542370370717485
0.5782367299889062
0.5885922865654304
0.19709773515262696
0.16991005945255822
0.7791799080312766
0.21198636905180457
0.3417424792957704
0.17936171438543613
0.8928387846731989
0.6695217180804132
0.47269673759163133
0.5279626149632888
0.6094865373649211
0.5066903314424093
0.5252743143366296
0.6051500496301612
0.7685106322182023
0.7820437625570258
0.1541359811656785
0.44373458970872715
0.51709484842713
0.30219593316043913
0.5655593912745578
0.23723558501136566
0.6650695034712604
0.9824198576423606
0.6638251427504831
0.4804013565761941
0.31509055680811404
0.8376024908117872
0.2831757069448999
0.5221047587840235
0.5653406334313769
0.80492611445448
0.40320387652131306
0.4834218599615936
0.3875564707947352
0.5554027677660655
0.0979094751891515
0.9653374617677575
0.7967969505227006
0.5441679786787103
0.7529555090162464
0.8689300997879249
0.8253524253989154
0.959319388475989
0.2705375758016839
0.6061913979164499
0.8125712492160703
0.8475873645517399
0.9808281237568045
0.6432031086844407
0.2343390209267412
0.1248915780854466
0.4570616706680267
0.7124247721898528
0.39367395006012496
0.7680233927096691
0.7834003406075273
0.2784218985461121
0.5887835882543335
0.6668327852833809
0.42986220334712777
0.23705235966583915
0.2100248174479573
0.1661755031504556
0.9907371784494757
0.02673817335066464
0.4026150483422578
0.03116342082638557
0.2987335621140764
0.9742686438173284
0.7484108973553502
0.8152172083721761
0.23625864782696882
0.35441301770985023
0.4988108419015148
0.9783198420340737
0.24389492713609273
0.1475932198671751
0.028400450194195903
0.10455097686408643
0.46057137680704874
0.0075247294614718685
0.4393584878032163
0.2888522915970677
0.15508834653664116
0.30092582244109056
0.07939962716898363
0.32263257698735104
0.45439207622025335
0.483623426673351
0.2745225274236609
0.4472008845150067
0.2269081857272004
0.6056710118088214
0.8652892167537855
0.731031023865682
0.6602175513033977
0.27196050664427407
0.9865438408367385
0.7358867335786481
0.18032268851190425
0.015914849582697843
0.7354664676619069
0.9714275021340592
0.4193536161270788
0.32738421806217766
0.5406766700799552
0.013210927781484805
0.3846873140354511
0.8036625991902345
0.4693364932027516
0.7620029233259619
0.8208790975043279
0.6533119721376798
0.1115092955298046
0.7085196943161818
0.8578154404448374
0.5759504986801952
0.5323391001686699
0.6770976495366462
0.18929274093482074
0.9558701103132745
0.4172591447553523
0.5791515397813666
0.9171414289462825
0.35938495227483147
0.9900531876424875
0.11347460401683584
0.8625215347839603
0.4274350391752765
0.8058392323954383
0.8565402473362796
0.8761112300553043
0.22554695949809744
0.4601994832174875
0.6763997340635962
0.5364788477859574
0.8708150105103365
0.40833655864348384
0.48025167821266834
0.08097994570494249
0.7431442749484403
0.12215814582522577
0.3784219436230166
0.007476959516323989
0.3691394078140323
0.639592010427808
0.7963453949499575
0.6993080845875936
0.40663617576688016
0.8665356134656856
0.5149070284204108
0.8408935769480823
0.11496044212814105
0.07699485813015494
0.14028977037443013
0.7423597013223162
0.5748569062010161
0.5687314970592042
0.1540909493303484
0.2098362774426369
0.9383531377312107
0.838593339889919
0.21374878260451324
0.3407476662160517
0.8464354258562945
0.9771013718499864
0.29729514918980593
0.32237480252905193
0.3204150514164982
0.0007636747861181625
0.8173273117198012
0.8626944169304593
0.019793451366589165
0.3295456850045124
0.632558510921563
0.9597864773674392
0.33947889161438316
0.7444108746279664
0.03725390064927059
0.16112395833563553
0.04350750009629267
0.9012266723094817
0.3957464825732203
0.01587874741514761
0.3439659133083207
0.7837137992119256
0.5665917290242358
0.9854550928930617
0.659942327570592
0.41348916861319185
0.4016196632312451
0.40183305759818977
0.8431823711161383
0.3209902757298805
0.48788869840622795
0.7082388999003519
0.18884944794403546
0.11210801621845734
0.05006131081446896
0.8674418022249352
0.5906036234238624
0.3008551160583144
0.3539055968861783
0.13923769477064052
0.8036854960964787
0.5024107061426512
0.9992025842441775
0.8339151432045616
0.505496503183851
0.6126670615904902
0.34009425854683706
0.27469288858439733
0.38680217769669256
0.2820924578284557
0.1704227510611357
0.49595692423511717
0.6197576966462743
0.3483940201608414
0.9947629284295034
0.16106199267295007
0.3653651034689034
0.1956657364472909
0.5994798540566977
0.3346304048619907
0.37077179880495104
0.2686531556599143
0.6528772985064522
0.4202246055211911
0.17368285769320002
0.6551005646374709
0.5060583801799924
0.9029972623548136
0.9821748049883752
0.4555196764328906
0.16173490151635117
0.6572889932491515
0.16099649883675027
0.8038438553699269
0.9291997984521193
0.13626394267556363
0.4784740464120507
0.18948674361875184
0.6751758571040923
0.35846137900091535
0.18476981227115818
0.341313793207185
0.17174761922281512
0.18137492956779588
0.4127075811607468
0.10373812101684254
0.8969454617940462
0.3937783057173633
0.08652474185556958
0.8296351264987071
0.14163128014884319
0.4406686880662366
0.3614352639930368
0.628646386367502
0.1039406857255264
0.5101936221852107
0.8686779072702253
0.7798536385020189
0.03823949017477113
0.8581998477918898
0.09080891775765332
0.4339699252728628
0.10094334215005563
0.6881312117134518
0.7243794083755651
0.7169707010729139
0.5505181704334268
0.3514431028636662
0.33401956714505787
0.7812448158065245
0.7859134631111306
0.4820858446052827
0.7578953764037225
0.17060079704751163
0.30021211365203015
0.9597095828665198
0.5126519894367676
0.2807528189293437
0.42388887556624266
0.42213799648571837
0.8176071873383506
0.14271842592220307
0.3541654908198717
0.5178984925895731
0.29320605710543257
0.2877526951653966
0.34942139071944456
0.4537522595501151
0.02010880240528168
0.6155767773027039
0.7085827618733103
0.4251010083019502
0.8902396321813701
0.3737106147684386
0.07318601945987135
0.582992535144066
0.18531315988051789
0.9191709712315703
0.9467196143664043
0.19808249938562417
0.8378190065388497
0.2628295570518493
0.4454339072560112
0.1466935174996149
0.8125562845809128
0.1548110341206298
0.700735975155542
0.3127769216371975
0.07230594631168263
0.71719733985131
0.38931021378481545
0.8974769766676629
0.696496271524938
0.15717980206717186
0.40892404224794177
0.5056739388286838
0.8935990117135006
0.3307656630434206
0.16677640340360844
0.8151474597112249
0.5911241836814312
