32 4 3
0
5
8
15
31
1
4
7
14
17
2
4
14
15
18
3
5
13
24
31
4
5
9
18
21
5
8
19
23
26
3
6
7
8
17
6
7
20
27
28
1
8
14
18
29
9
14
18
25
30
5
7
10
14
20
4
9
10
11
30
12
23
26
28
29
13
19
26
29
30
7
14
17
23
26
15
18
19
23
28
5
6
10
16
18
0
1
10
17
21
18
19
22
23
27
11
16
19
22
27
5
12
17
20
22
7
12
21
28
31
5
11
13
22
28
3
20
22
23
30
1
2
4
24
26
16
17
25
26
30
1
3
11
26
31
7
10
14
20
27
2
6
12
14
28
7
13
15
18
29
8
12
15
19
30
3
6
7
27
31
0.9380359759703473
0.6634367470553574
0.3612394242752308
0.30700839936683266
0.7037300361618699
0.8936524535587854
0.5490478468757242
0.9263196384359002
0.18930772522145067
0.7657383913545422
0.4430807572731884
0.715358803768553
0.3063067975270507
0.9956217902189918
0.1835437459923126
0.9015455413032657
0.39773277439110233
0.3953082618652972
0.488326989538981
0.0936460928369186
0.7769024071380847
0.016847048576490553
0.9816940807923349
0.891513938485911
0.17405617120929007
0.5177787742569677
0.16169163877604142
0.6607927280921329
0.8804459961843234
0.9442042436995545
0.36067227439079086
0.6565517171287246
0.21817588798455512
0.43457517192879647
0.8102810015083185
0.8969397918550311
0.9380756670235344
0.31701613393764516
0.4357947642596772
0.817713164986651
0.9495330675042318
0.17333245307529843
0.09776980585245643
0.5098607805256113
0.8948408823844414
0.7351319076542882
0.15192543224235022
0.13642118568288597
0.3444371236007209
0.28233053457214763
0.5623120935989261
0.5393420019249177
0.0797495140968506
0.631878141133814
0.45917685473008885
0.384012148853319
0.23667566757415714
0.8378509997182091
0.2972823225063339
0.03180801995534177
0.37678748464763456
0.788417523260828
0.6002920984390822
0.44611632112711996
0.7031519255089491
0.4643055507460553
0.10050038187284727
0.1910344721253011
0.9129442290783153
0.0622381441350246
0.9938241183928271
0.3081539931096571
0.37543584874152314
0.9846071493390206
0.4849370334347779
0.704227425201793
0.4115585716712026
0.5320643276558609
0.1224869236901841
0.5889822995411527
0.28389234916226336
0.6766525610776633
0.8305799244402727
0.010774209497438347
0.41743704319293085
0.05503623779815758
0.3569432405989813
0.8003188966996906
0.9056911748544195
0.17734689589559405
0.3202162540851108
0.3964611082964169
0.18266590912255642
0.28424065232255324
0.20433441345223213
0.33427013000674133
0.4125704100796068
0.7700390265436786
0.07770108991614344
0.561022425429552
0.2891752113886976
0.9077473206359646
0.8059164064668475
0.8700683485667698
0.6518827607906607
0.5679436700905454
0.776256470629128
0.5841622920452175
0.39470176729392903
0.7981762349840751
0.24193199559749734
0.12219170948939928
0.1610923662251489
0.8771792915582883
0.3945221587622785
0.7685442747878238
0.5665046435955384
0.3383403635126502
0.5500916811509794
0.18746085166502768
0.23034324524622363
0.5693691485225821
0.7007638787254246
0.7223406974792433
0.5190902139034852
0.8353329526645217
0.1001827393109801
0.12526641329958588
0.7546325330367802
0.2730894420409704
0.38690133035023677
0.5280375769046767
0.49066843473772737
0.964086658309409
0.8077589945100997
0.7510871686934962
0.5170371197944335
0.30364004343924567
0.6051356438226881
0.7680843926888626
0.2714418101929853
0.5199935537149424
0.0419874918534443
0.899436120310633
0.19995535052243807
0.3539059770486326
0.10507775494794735
0.4915968415352624
0.2912775746295634
0.5183078905823858
0.5633404369372731
0.4330645951000688
0.05582074534556347
0.4079564354049453
0.4316314443043463
0.1204507982692965
0.006948871163370174
0.7913063657532794
0.9173819306059026
0.13976359806861693
0.2280985793908259
0.08470773364173567
0.6740382542172294
0.1489978683836295
0.5695934473754062
0.07475725995361582
0.7113858835740446
0.753293522629662
0.6916967357787245
0.08052566209020262
0.9418615357207951
0.07337117759319034
0.9656622507034045
0.7145250698901673
0.7982597201106314
0.6755797849489679
0.5791191136883069
0.5000878022876519
0.564653981232242
0.48639511732241414
0.8397446255952661
0.8677399581825125
0.19980401585409246
0.16659126438201255
0.14320401368154279
0.09963408917889749
0.7418764341981213
0.6052458902994055
0.4143942659826061
0.5452349980808425
0.8918662133064332
0.28623393663165686
0.8633306428788067
0.5349548743589135
0.1393099188530207
0.49228150374089263
0.9598193513668076
0.30816743259766877
0.9924362746152998
0.7355178971326455
0.9054692702679177
0.8362129550469507
0.07016748297509579
0.5601590212945583
0.9277191803258126
0.3123741438891463
0.6322883395215657
0.6263419551425894
0.10501296643196278
0.7072099974729565
0.15559877714882464
0.028280538589517734
0.5463164706828739
0.7183428633723326
0.9094325406297309
0.4328964382199356
0.06894645239188146
0.12076645089879268
0.12446768639942629
0.39144665966607284
0.5372887118453205
0.14332651896355153
0.4297059833120217
0.6146792696603137
0.4517412265274876
0.058786215071022885
0.6225464321894624
0.9047501084431903
0.4048991839852588
0.6350468858858287
0.6599714456549342
0.27509034217244477
0.49052557458575086
0.2293127681205398
0.49526025025449194
0.17797334685549548
0.13259084047787817
0.44654428245978195
0.31760469907315736
0.3476433119193747
0.09561756200678617
0.04930771979548887
0.46056002486515535
0.882530588790715
0.33615830367075905
0.6117286974345334
0.39994148154844544
0.8624460230051423
0.9769571967828898
0.5944660405234267
0.7751957793801583
0.27117449851880704
0.0012404763140180242
0.6705730669453471
0.7757114098807973
0.33319676865007986
0.8423988453886884
0.9099109936569466
0.02358454308976643
0.4839388552663414
0.25459061511473713
0.4631083998944221
0.48025552385539283
0.06586760158961635
0.48875912174860303
0.7100035440300284
0.4277073871533247
0.71076965460548
0.5846738965440913
0.11739003688520377
0.068421846592845
0.19822070401490766
0.9314013262595339
0.6069722738116261
0.08588583728638188
0.9643490060868436
0.41841495029465703
0.9223319325868029
0.061240887843611036
0.8213500922137498
0.5543551824544726
0.94862939389493
0.8602841939406615
0.6070860052367296
0.785398863814023
0.4572553562364986
0.17742592267748147
0.9305854161828102
0.5134962201106859
0.7471898248479445
0.2881680075937061
0.5282997860435874
0.6941806869896571
0.8830547813512628
0.1340776443911632
0.9967494882880478
0.44206813664344335
0.8391120019676381
0.989753203097711
0.26887771057444154
0.15536252864642663
0.37322455989093206
0.9744615402414919
0.8931527241369145
0.9475823047789542
0.2806387311404911
0.3185629805189193
0.6976431036710901
0.8225386829177636
0.5980994103196726
0.741592356511635
0.8104719043127314
0.23350623490493183
0.09646188167494962
0.853839869735058
0.856021998329895
0.49716609141643053
0.4886241208031046
0.478468474351577
0.24016590663189208
0.5249278383835217
0.10823597512430816
0.7800823905238213
0.34965918335358837
0.2130361911074301
0.7203201363739057
0.21485505064101362
0.7150060757889349
0.3433431065328124
0.8705435854442373
0.40401091795518795
0.8862215096836177
0.7719561678397608
0.27137439042820266
0.6570504366581559
0.06673524979794387
0.9226392253606625
0.8386468633286662
0.14242969107182113
0.5581974797624563
0.26766651247436735
0.26984618928446835
0.9566042591094015
0.8258873566518652
0.2173200733506334
0.9582950021805956
0.1962496272681793
0.825293289576203
0.8164729186009312
0.35958241062026675
0.23906296439419072
0.51784046236435
0.16942616510317654
0.6819503961196769
0.9209213147265827
0.5819946241811558
0.33639471906909113
0.5683710299037878
0.3115927066836722
0.2772124871109919
0.33432274588049626
0.543199545973648
0.8765530778732697
0.6599374936094458
0.2244273200968847
0.6262245717118721
0.17374832095394788
0.4662216444373398
0.6181969685400377
0.9523095764473757
0.05428524889234543
0.6449133602605275
0.20118354672019234
0.8680626556765639
0.30259878098205895
0.8372791398397972
0.019631990506480124
0.2132476788115859
0.80334660179418
0.3078198513917574
0.2231809640074649
0.5362728539821787
0.8988737143683009
0.8290485872881527
0.7985946887492913
0.3800289398528317
0.25433422720808496
0.7789321140339275
0.7233483639018494
0.5607829630712999
0.4560549559499748
0.8872058760909297
0.9625151642476144
0.44113771433497084
0.2534997851703018
0.30676519927338153
0.9513881339994807
0.472327042854778
0.4271717547022894
0.9799384223615495
0.06957103142976762
0.3879524204686017
0.3230755043911361
0.8335923421619582
0.948304155545537
0.4945156295876878
0.608993240329422
0.161763864388481
0.9116697087269318
0.6624996355489354
0.4471229387358099
0.03684035705626676
0.7791951305938531
0.9216334212650611
0.7001326749497879
0.11673536272679341
0.867611330061087
0.3204867437197382
0.5252679835716548
0.5330298807792608
0.3678658027634113
0.2845414047726229
0.9932757200706317
0.6054898300782624
0.5143073891313064
0.8891979418132807
0.7633232015961635
0.2773450580490985
0.9908522215271228
0.9946611200942276
0.43845548902091
0.7860932622891311
0.6146014774580864
0.8100737686921147
0.8124273263126962
0.6188244076677909
0.3873873964193022
0.2440524431288711
0.7601916436008878
0.3801624180362224
0.7275609171797585
0.30094913641876275
0.8761879238323219
0.3077567884486979
0.38892984570008704
0.8062703984104034
0.690791965068181
0.3036329776217571
0.6859228058030767
0.9367690321574593
0.692760251426123
0.41798570546813163
0.28096885903448565
0.9688593828505065
0.16031337604430074
0.13735471387269527
0.4586825357314195
0.5207547617890811
0.5417372057705085
0.06289889370817914
0.16249264105647854
0.4258336839108865
0.49989440150275277
0.2986279615481652
0.7834438655264492
0.6142314116780933
0.9988044974742583
0.8073408851091772
0.342224401723643
0.540461931968767
0.18914081799603333
0.987372272738069
0.9129905576771027
0.14360843414090718
0.5513222634581408
0.9936473803099055
0.36301249303737226
0.8110706633083428
0.43729840890886096
0.22785903291495457
0.8411877801175656
0.8628167276027041
0.6527365950963123
0.5428168212196209
0.45433002467848715
0.6137045681135702
0.6415027573993445
0.7684750139146914
0.8202780052202782
0.5947105215526932
0.2687016924534492
0.5009536821148465
0.6525869690970103
0.8460466167707262
0.5511516112124177
0.6797296958981174
0.2849362511835233
0.14403072135294592
0.04240392699131501
0.3575818611637842
0.6957796650136773
0.7273521500304594
0.019651655143727464
0.3752840325620749
0.7558461110702307
0.2727738330951627
0.6178519188808297
0.45812695424137584
0.13714638748623198
0.01907753466241069
0.5570381661633429
0.9632013049370961
0.2532448250755105
0.2369332824942606
0.7947595935645358
0.5195765792462039
0.6889583991663418
0.8647813849128827
0.013290486222912623
0.716458013623346
0.47416786695931334
0.25344417116765927
0.9693617753022694
0.12427486467732696
0.14309526749268753
0.7433998274009987
0.5891349006263776
0.47736329783061426
0.5955235203802598
0.6450415447890144
0.17098782989162964
0.6867779028083714
0.5136086794545541
0.5442125023083174
0.09393318137387541
0.6776138418338247
0.7562986373159675
0.9745853249118932
0.47198614807036565
0.6310228256124416
0.5510678875302641
0.7680881442212995
0.09307821986997211
0.4436201409101356
0.007228871709143991
0.9744720134091962
0.16918714283119285
0.9201314913223213
0.2792897787456262
0.9813837405024389
0.7172085332596992
0.7983637644085406
0.6223918870421906
0.1831154445177383
0.534477337283355
0.6525702870892583
0.842969238987366
0.26339526558213344
0.8076361157814305
0.5323972367984631
0.8840641024193441
0.01964529020294592
0.4994506826082544
0.852246254156359
0.19093861858940497
0.4870309720806818
0.001781857757542027
0.9093998168645402
0.4966065812455689
0.7675667920272702
0.26601848586310806
0.9880038764094845
0.3963017385172084
0.5848643781433134
0.34321644893843917
0.9331344691782835
0.281315711529027
0.575782684832361
0.14293255975242436
0.4367645878109253
0.0526925931646397
0.39420041057950106
0.5707526676631133
0.014376222738966549
0.24911009982359622
0.5806527890970173
0.23629938923887361
0.2138219466808008
0.8095384931893456
0.9859504701671271
0.5666423981780332
0.8517185897811448
0.8418085855673015
0.43703624407111274
0.32219864150779365
0.18100321677023612
0.07030756085126189
0.0839969721616588
0.005261488620388111
0.46780437478274095
0.8238802126173181
0.5020232478696554
0.10749979402761989
0.9793010507221709
0.6609474076491484
0.7050997289553574
0.7783779710560699
0.08576394737542581
0.5184844257706364
0.5412823877119883
0.7480088181512881
0.6220344987444559
0.5920248431157047
0.15905466083904485
0.32299326644228366
0.24229366780817596
0.5740261687952518
0.7258581593218045
0.07375416894841669
0.20710897224553593
0.03486102838556571
0.0729465905311455
0.30427221826735984
0.15295291911202136
0.029764034278875084
0.09543628061215848
0.5613196828250892
0.3466347138661383
0.5068479780728363
0.922148990182019
0.7821514166145357
0.13002731193883355
0.38521155213751934
0.8488026920428784
0.014973148881737064
0.1889287808443142
0.8937203962103327
0.9769499363738091
0.16303081078533577
0.3186690070379413
0.03155706555919402
0.694632391542746
0.7975062279831845
0.4771209033384325
0.01242132849997113
0.920904269970361
0.08689358362229915
0.35315827337093375
0.9138724443983297
0.02713779542186945
0.9395478694967172
0.49990050461122537
0.1539736658394728
0.2910213766733427
0.30788922498242954
0.483105253555268
0.9844447002747706
0.5227612109840571
0.5453780290969431
0.5033611331251692
0.8814745816330634
0.7035569484831751
0.41106582225451604
0.35710089973166026
0.3374840603375471
0.8083206569519779
0.5876512888662911
0.5964211335864278
0.7483831885397841
0.6363171560053664
0.379115715285575
0.1712554152037401
0.22133904311702435
0.44503225566410787
0.7410938486406308
0.13778691435487345
0.48588944194489536
0.27882068049020825
0.48801778788923234
0.6661694145405767
0.027135515018360645
0.09160638672705534
0.6513323907219832
0.4101543733922963
0.7523102446314476
0.12109424913718214
0.46224976384963634
0.9258179589461837
0.1564744435817994
0.5340628463050615
0.46365184681712934
0.24307220070639524
0.8023047965162331
0.2693237234823119
0.9764124728075964
0.37415717945380667
0.48797163675824595
0.43823011154324965
0.9366766618841864
0.0079288977172417
0.18939369989027777
0.7144165771564113
0.08009814447067931
0.2869951324746344
0.11185278088286577
0.8735675489524437
0.9163108186903182
0.35688742020938025
0.2959146070634655
0.2910986608433398
0.4586147556930724
0.21863984266840342
0.6225798354783537
0.4306849690864486
0.31211758284494007
0.9632970031601447
0.17523012326813636
0.8364034585772119
0.8561813453988572
0.08094083364631277
0.08164516308848524
0.9029958079145947
0.01831965202007635
0.7662012435281349
0.7139564764557828
0.2530150817055381
0.9087336215803515
0.7816822142868456
0.8910185439089484
0.7611249417780449
0.4432323444821895
0.7895469074951496
0.2710780292548669
0.020148248113877942
0.9416544349897822
0.0535060151272575
0.20908038337346124
0.7290551424761912
0.4386004038514366
0.5097530141703338
0.38745896014890924
0.966429326142518
0.9096810420863652
0.8774810529015761
0.8410879694349582
0.591848102290278
0.664901270234774
0.18896114616547577
0.925845790483102
0.7141432917079336
0.08997730502613566
0.43545992139045886
0.9063668487709334
0.14715985742754079
0.8964429687374895
0.225438257427939
0.007508773270735514
0.20122654639393933
0.710029028767679
0.33073336885336524
0.7321767931636592
0.7741297966417968
0.945378962642895
0.28602583174343965
0.1195868057032815
0.2833222539530488
0.6299711657711349
0.5033186662308642
0.7738486164958335
0.24589968143258945
0.5106002221131526
0.5320038538192468
0.4338151226520378
0.24808693935067372
0.42997698627067604
0.47405065185955897
0.7411542673958323
0.16240443603526267
0.4014307235558683
0.4988146953659186
0.5946030675088279
0.7815524428009619
0.03866214555969372
0.3896564974576582
0.27579677025273874
0.28413814216774813
0.0471397532415494
0.10573856225058986
0.972779420686573
0.30843544271040735
0.3015124721767555
0.03655206252772836
0.4453435648090256
0.7724080489394352
0.8591117008483333
0.3861099729550468
0.15830932932497144
0.14908562584706697
0.000971182186427777
0.9466224087947774
0.7474872242110039
0.8294466660396721
0.2708113051044495
0.02625122958126136
0.08429887986795248
0.8209772751517824
0.6161768540008321
0.4476621623572822
0.6917213443599951
0.4100148914744981
0.6353887152780091
0.027557262023501172
0.5799047670780645
0.24753363493137215
0.5129812811438383
0.7737614344966696
0.4071234258765134
0.33167117401045243
0.11307299070834542
0.20219310272369173
0.4219386673040212
0.1890785553600015
0.9588729773549277
0.796138407477294
0.8353418320431524
0.9789155953710481
0.8667390631658068
0.3010109690254862
0.0720269502355666
0.026660031710223575
0.8614528638648855
0.7881705072060706
0.8797792159427759
0.5506681136230288
0.1344715868318922
0.1559641674772444
0.8426552215704972
0.04479123451952982
0.017673596296137628
6.83797286460397e-05
0.5943358794697134
0.6236846375644028
0.9773514232609625
0.2157701167212277
0.8286733491068218
0.2870908685470336
0.29058034288509726
0.9122376705610558
0.6554329945436739
0.9763881628602837
0.21938698730577078
0.08044603524024119
0.35580821963576026
0.7761499291180297
0.7696970507808238
0.09870290947927007
0.2812156594359595
0.03767286538871528
0.7210600273417636
0.7617478107869747
0.42665864259886854
0.3602386504045242
0.1015647150980401
0.8335892857553958
0.34275477656328857
0.6242491988636756
0.5831157104457241
0.01689659232134777
0.27945452528335835
0.6841704719400986
0.03222423345847791
0.5432082463795
0.2938647826762558
0.13684374230179186
0.33749320345914446
0.0010921953394406048
0.7585553035735575
0.4491616636318355
0.7708605547036537
0.3338173851559939
0.48969025321485105
0.5766235019288457
0.08993522820601574
0.3141669212327943
0.8500946385524573
0.07553120974037986
0.6417888276845201
0.6389370257746929
0.9082518228676429
0.4031130741565694
0.5022365427004757
0.08563908082374316
0.7000474601145091
0.8537411348129369
0.7448121272553103
0.23324814161786722
0.525449920159609
0.9201637423045111
0.8403735307114909
0.23531705334543807
0.3000379637052941
0.5362672021761622
0.13351922452057352
0.5022537733482932
0.8403984299691639
0.8328764887706964
0.767533492420925
0.13290729665698664
0.03254344207855697
0.20169872804864764
0.7084431632329103
0.37262377068412156
0.4808937232505699
0.4036526974326241
0.8670306970550568
0.7751126473044885
0.9251883416912215
0.9616229218084348
0.4508688160165557
0.16505000042787732
0.5456075744799238
0.3625220220365948
0.6136471149551765
0.4034158337740926
0.9907796437359306
0.19232146352566537
0.4291321373261243
0.33479467966911547
0.29766781162426537
0.2797882437582072
0.49656516405457796
0.15046550408391768
0.5362001379613014
0.11007149009699102
0.2862702314514398
0.9742880494798117
0.2950583971280122
0.5316319152253102
0.09233994583995453
0.901046965920813
0.07205179286176244
0.9998991957429018
0.7524210950534705
0.7941618012527836
0.2671748859021327
0.21435186782251092
0.8013208826607973
0.43907032897228215
0.5457330549247378
0.4035031940700363
0.3293690124066617
0.7255178175238538
0.8821404093559408
0.641155943992187
0.6868119618998586
0.13290237238075753
0.4507180750954526
0.0821880395849156
0.7865459698393494
0.13290960762533222
0.37221142081146363
0.4954544953371064
0.231894023549448
0.30854213406729014
0.906248033204406
0.2171309508251953
0.24743768427783464
0.6153774429389361
0.021285503104827574
0.4666507348271032
0.12398749918872742
0.5541849899171944
0.8078915105088729
0.9861531836545403
0.4587441802221074
0.23684745879722857
0.05596190940869117
0.7030214160295041
0.9463637557103858
0.12943697537121523
0.17830402379493038
0.4955249909687732
0.6511064261328502
0.26803847944476
0.4503681632136929
0.11219530784896159
0.354851064143509
0.3915530661716198
0.014508652119874288
0.8184325639793613
0.2327194266320607
0.9689732160825741
0.7671642584553274
0.34274086342722354
0.6561394307994818
0.11185161544420774
0.0707072283909802
0.250376044545638
0.7829797073520172
0.779612787272788
0.1966219967006798
0.9164957165909493
0.5218747811550144
0.03569923554667487
0.5283435076021955
0.6342345059598687
0.07620333116501055
0.1568929895083565
0.6227812463126
0.35064587280165005
0.7081370235954275
0.556917891727543
0.26312153016043416
0.3219350023385279
0.15599789815187415
0.36119216150587763
0.9088295673116933
0.803272724860216
0.39755731302964403
0.8772464638291652
0.7713421566549808
0.009591636742932952
0.9795775841250317
0.02413549529891834
0.41923018522233824
0.4276536505584777
0.6357206293224749
0.5750315677032422
0.2201779787509679
0.00789694998992796
0.18856565049520768
0.0345366940517311
0.6366489549653264
0.9219322246561857
0.4305979498188468
0.7835714043252252
0.18462936901477411
0.9012289719971381
0.8951837536234099
0.687314257050266
0.2143142776024457
0.25071430301921216
0.6567853048468344
0.5572388385675312
0.8664620832991065
0.503117872663294
0.6626189788123662
0.05891191907986226
0.4143527186259154
0.34390502554798685
0.6526705579951861
0.7465742917814916
0.3986011471864317
0.4399271765233934
0.409339089219512
0.3692340856922448
0.7287756589335638
0.38341864607503295
0.6308549721055177
0.9700232539112484
0.5468372780342133
0.49350015393285396
0.6343900395807817
0.9347468865208016
0.04607722481830423
0.5851300002950419
0.12570645660415947
0.6708292884015914
0.6478677716333807
0.11626313774333619
0.10099351448575156
0.9523655377470873
0.6193988541599754
0.5950810033551553
0.9655387071241633
0.17842113955669392
0.7413022447597163
0.9670276616542136
0.94876011051708
0.6269867016431614
0.2876830330737419
0.8382721109717728
0.7754432622768741
0.6171052283248495
0.8913157225741775
0.11444411814895883
0.14264082341813367
0.6861155169401922
0.8606378217514254
0.9671169301989554
0.9384052086112311
0.018038540295551186
0.22298248835498857
0.7152922955895179
0.8999897048411128
0.2455913765095986
0.3973479900722886
0.10422503764326285
0.3187444401435483
0.8844449684415008
0.654215096478654
0.054518373955319555
0.13628646732170602
0.9225958357866495
0.37458743155987917
0.2440145857515521
0.6283257407841273
0.5006547357671206
0.528242630349461
0.5195913160330359
0.10903561550221363
0.8773074482774816
0.8324709384715737
0.09652075908595092
0.10263924308084871
0.6656419596463417
0.9800488958460917
0.7735315925741588
0.3559917549026018
0.751960704226228
0.8170906122445032
0.2903973677824876
0.20989647003499368
0.8111883363310116
0.5744676425469877
0.5301742296195504
0.9756700381171013
0.18478437298988148
0.8186051791959664
0.6311673228448842
0.31123816687252925
0.2699626144990549
0.5539503877354501
0.8642309105707123
0.10138467422104003
0.671676049542876
0.8921768632487107
0.35544176976621866
0.7488385092044594
0.8596648980103326
0.9982526469562716
0.23995706991847232
0.9338728284093295
0.17874104873120256
0.5395508617721541
0.7370895316990747
0.9575761558257385
0.42100773632481747
0.34297396198513475
0.49227729536543563
0.27536376972452636
0.7340648283645067
0.9963163565647257
0.957825527214892
0.4953139173673129
0.7137482020592856
0.958560171951165
0.5784244774521486
0.8763911534286527
0.3175364408736715
0.6725808478045503
0.8724212630088084
0.5301043766245607
0.288812646855956
0.13824087064322965
0.017671567238194408
0.3206782277485368
0.5562335988336716
0.7955550587790172
0.45548461101813476
0.4707940454725531
0.24588875238488472
0.2519817197695067
0.9979100035013049
0.3002465587350427
0.8081966724588863
0.9042711868113688
0.9820096447466803
0.06297708574650429
0.3113400643479043
0.6613733113328581
0.6657064710444707
0.7789246176894408
0.12210391656493913
0.17938613075858667
0.17697740293335473
0.9565628603042955
0.1361785931152979
0.41896989414444485
0.6691852216164209
0.4806823212236977
0.9051706942556498
0.42042655776362303
0.3909551735350635
0.11273545194880119
0.453111466095637
0.3538661695597719
0.17461604293808475
0.9705347058590045
0.7323216886220895
0.37159022826602517
0.2920781621572144
0.5619419275255013
0.24282640531536537
0.41558398130952956
0.7964663561631258
0.5098529460275364
0.5212426387715335
0.5340761313165101
0.22281213048471338
0.23839715333690614
0.4583368666803802
0.7734838190960737
0.12289625472971755
0.18181166609632027
0.32689903432468614
0.8573866045904728
0.5613910526215385
0.487134144957616
0.7129012505316381
0.227107088656071
0.6415581103230582
0.4685622150312583
0.017062152192715674
0.6669740170971625
0.17279282122493655
0.2779637991638375
0.3043954599678933
0.11296561871965938
0.3223441876378961
0.6414172462177585
0.7708170484292463
0.07840820697801199
0.32039778857569756
0.3779319409848866
0.4216391459206532
0.8393938459526741
0.5302858358925436
0.8822465414027975
0.43367415498148854
0.11781558121476587
0.738258198831607
0.42427901971251425
0.6193879013343002
0.4744090791797302
0.7085930767066372
0.4334490132131388
0.27932045633706615
0.024807481683686294
0.7463348514675506
0.5451533335230313
0.9478117757156201
0.10638070596492866
0.9596440717739385
0.18150228358962872
0.2746302787958532
0.5081721563450646
0.5487557365650759
0.6658544520956918
0.3402730321627063
0.42403447831611496
0.0038727325623878484
0.13394162901410211
0.7182968938828068
0.4528153828444452
0.7659887225228917
0.49044177565188496
0.08567161611538265
0.170969117567069
0.5901988468440996
0.1600487871822195
0.9632939329834723
0.5136340637700537
0.35626003889340163
0.549767430574276
0.08582199233550991
0.7883363671006458
0.9649640918858692
0.43200935499909865
0.29108286091502256
0.10935851677633834
0.3494985484799581
0.864661914984768
0.9215308648296061
0.14168663996672048
0.0327149749515272
0.655037660711885
0.16525690524886483
0.0422253389990761
0.6486367160129817
0.14995667795989798
0.2412342051837697
0.3074138764523868
0.1439014645269513
0.5226724922084449
0.10241385282632454
0.8749652094283521
0.40536587922646006
0.8792223078825844
0.1760780531177546
0.30401556704790267
0.04237408704247292
0.285792299558813
0.4215826192774955
0.5416086083325592
0.9035663912532673
0.4978738362814391
0.2757572313185671
0.30357917941337786
0.021201053827191618
0.8592219810923606
0.49383061296388575
0.7590941678891614
0.46338323785080404
0.01611376872037318
0.44815384791050095
0.14469098379636314
0.757551015848835
0.8516635425347887
0.9918509911566575
0.7054468221274226
0.15068867004815334
0.0665014845440488
0.6839722450462237
0.5964658558518716
0.1747281031103879
0.6416177348628211
0.6479601723411501
0.7444795426385924
0.7904773276406357
0.8110461332657877
0.23104163086643814
0.892083358716548
0.4727419459441453
0.23449797809138773
0.2992879292059528
0.5072572314290777
0.0496883328701645
0.770696446726951
0.8431139352369682
0.07915491243598749
0.5848463192846974
0.36578668003314296
0.15665604201272043
0.9654575798957279
0.7201707673423633
0.3376832781550103
0.3929626564291041
0.8267595723390074
0.9772713240272151
0.9130890995692912
0.9253890159388104
0.4067166599192422
0.5397094215549854
0.19851850673933236
0.3959545711751903
0.2644528961262952
0.12428910471346855
0.7714405202100445
0.2893083202488257
0.9674826384521222
0.9539491005713443
0.48886538470673846
0.8491472535043018
0.006473283614090941
0.3035620752667265
0.9287752151706927
0.19270588944432132
0.8125254685464903
0.8417110126284971
0.0362304432084154
0.5994701082768018
0.3664147230287569
0.9670788187199016
0.8096442183679021
0.4202446001391419
0.47000457889922564
0.7535328921349995
0.04721119920750161
0.12356199577678662
0.35142730315227133
0.7930111988962267
0.952631119291341
0.33979340316605944
0.16639905493859053
0.11085421943337892
0.87510248711977
0.5273071116268873
0.4670884732731533
0.7968185909343651
0.9468041248205545
0.3536050935366317
0.8250484389620931
0.9868908824039851
0.9030367918503902
0.5806784767233261
0.013113600991371488
0.3749967407511433
0.7802906388449713
0.11414388053630387
0.7134120688487646
0.23972998985530813
0.5436174061597873
0.8031240056843555
0.6653892956323291
0.8328027549573102
0.9492296810116725
0.2576060891724191
0.054176897816433645
0.8995408836888213
0.46145102712968833
0.4921970968954017
0.3051123839281341
0.8174113192059183
0.04969137283302971
0.688039073108361
0.8690115345123434
0.32975948795286436
0.9342970805533892
0.6958844842750112
0.4758219252166209
0.38338291987522843
0.9932520604716397
0.9363625125999929
0.6359076076360742
0.46619496523952275
0.06172062582193849
0.1763346657617012
0.7602257479842609
0.05188185703879178
0.9625505827850298
0.629147803961955
0.15453901801627423
0.5602811938395112
0.1799069234262356
0.10944723055648375
0.7354320673548433
0.1659138852776595
0.19790832231557398
0.28690367062380073
0.11802945652498875
0.5169612157094012
0.4367110290370052
0.3657152927853198
0.778390947264808
0.49154899863285784
0.38233987032572403
0.296467730014925
0.7707399859152783
0.7667010938484276
0.6240388232699133
0.9497711503281794
0.14796975315992678
0.3616129500619246
0.39410453583174754
0.1385284341412999
0.6036395158714742
0.006977027541277825
0.45483921799252447
0.733384054304783
0.17384700439686807
0.04045846741530623
0.35446568957095614
0.3314224008700043
0.02562386160878083
0.6600572276741066
0.997617636019734
0.8109483994334974
0.15258458642046757
0.8795175094221991
0.4781573200137652
0.3016969633333395
0.7868713339267485
0.654896480611501
0.6568795248946476
0.5343463316499337
0.26147749102225226
0.36780929281178
0.6524058668707984
0.0007241343029675829
0.10222253172258489
0.3308954040459712
0.5491162333505871
0.2788432208657019
0.023145142799936957
0.19515791165895124
0.11197531499694202
0.2709470566921789
0.9332826327633341
0.3093381778283897
0.042380197980974366
0.395821598206617
0.7799427058934071
0.07934492076327593
0.5146993055343402
0.10421909658966533
0.1500850212530126
0.19003449376372727
0.45974886083381683
0.4058362323864457
0.28371671771263074
0.9343817592294361
0.024456114788276584
0.818574085974223
0.20083730763013286
0.8758173702506641
0.47966344144691264
0.40557970955790745
0.9085624285803218
0.8445661588479619
0.7078056783290303
0.32093686175281544
0.6053324985653018
0.43658878688879377
0.8024791582957244
0.25727886549203893
0.72636346408695
0.29229776148817954
0.2238233510740082
0.6595918735045101
0.4738394789639153
0.8622544104900306
0.8958747819245413
0.6531724771250894
0.2536126645667732
0.283029878094054
0.08765480081335342
0.02298104797089362
0.22290182671769765
0.2574880894173618
0.7695902254764173
0.4276314114545611
0.941337400881389
0.5521868460199274
0.21253736782059107
0.9343071658035177
0.6797274800664869
0.012984634509524362
0.8394533476775883
0.7116580508641949
0.921063290671893
0.1489108970614783
0.44746461670145155
0.5302364150130979
0.7664167727127477
0.3203714625677174
0.7017211979445953
0.024068697108116988
0.7004187466604304
0.5374011278411694
0.5122325041374399
0.5862605000312514
0.4627761257566243
0.9900353997485719
0.7549302921501134
0.4211374266061393
0.41941858166985935
0.0013297007022085028
0.3395367449625072
0.39936209605904527
0.05461891659230267
0.7595221055924389
0.3853407906534717
0.00260311810330327
0.4523971417998037
0.2265589460625106
0.9228732277752154
0.34804562570701547
0.004504794706320703
0.7569577004636423
0.6517221502880326
0.9926428897506301
0.13540155694583156
0.4885395692468114
0.9623228504215513
0.2626580628625286
0.6497356241125041
0.7072523393309115
0.4606798433947379
0.2898374131279323
0.32301071858387875
0.9951502324108057
0.41701336526995125
0.33797946520658395
0.6718571061112993
0.1275759527036776
0.9315759383173491
0.6058753358171863
0.9238385727040969
0.32434538806553503
0.8507827197457486
0.7679313606941459
0.6108389028714147
0.43033693577471543
0.5833034312135376
0.465324647081642
0.025980987812614265
0.17921506325476022
0.12342656994575829
0.04172814296716876
0.9992433691172121
0.9465448874499034
0.04757523745197856
0.9162422339214524
0.5369408582754388
0.24169740278206298
0.5972325728017105
0.7353851658738237
0.6316590476287132
0.9816444757945995
0.12664179901985306
0.975898513299917
0.4222053753056406
0.2983419877509529
0.45800926489637017
0.579953476845112
0.217370360081234
0.5659019609853567
0.7615986202798313
0.5211221318619853
0.6397228989015953
0.36356072787246796
0.31672561561503576
0.5312939683565687
0.04508905999694701
0.08276151385360331
0.9532638732525313
0.7519225696489761
0.7747437168567302
0.6996157062298379
0.47873130609291414
0.11438696487510347
0.7314880293636226
0.13876211601437183
0.1784374851496382
0.2665752579239802
0.6402675393124964
0.4168428594542022
0.8795184114779093
0.16165773747139012
0.24921050983298632
0.24251298048652858
0.49000763242296985
0.7983119186910095
0.2807575667452219
0.241182282378804
0.5878114352176848
0.6857056654701527
0.21281651279725
0.9530220683757755
0.9012093205605363
0.5557075424893806
0.06298365626143376
0.1114476639374119
0.0987650371133566
0.2864388061455594
0.5738083289839254
0.13649425665211656
0.7475258345710266
0.6364295817204276
0.3164683196397803
0.2956965973145339
0.7438304634903892
0.821305638596969
0.21061996903030689
0.08846882119210087
0.2479798078949388
0.4388296004969138
0.8550183614884368
0.48752126287041875
0.20417324257363734
0.5756744520774546
0.47795086408165244
0.8583783984090593
0.9606166854027506
0.9842403203320818
0.4954451637267838
0.571709992584541
0.8524712807910072
0.9868079755845584
0.14234563718496718
0.040476883394077734
0.37568806047894243
0.41477130944666485
0.9033777726630466
0.4626463083315463
0.9994222099126793
0.3223449261525363
0.6251869780593723
0.6337791924992661
0.7860017287864008
0.7098166130469293
0.47553764360526274
0.6780172759292242
0.8849650723774155
0.8256243063214483
0.9549254863053317
0.006740116241124916
0.5320755510840216
0.011509778981168117
0.28459610939900926
0.007388192008319305
0.6013960382109687
0.2623657786705622
0.24267739359689988
0.09788005552867252
0.4475924110758034
0.9026503437306339
0.8529387768223283
0.9133689324720239
0.6841832510849422
0.11068798032679916
0.5688036069630835
0.06953086613458803
0.06927757569315074
0.7538129086669723
0.7705670967840861
0.05410169786065244
0.18984450195107672
0.9751636756359285
0.44983922789027175
0.47550897695760064
0.10135225546212123
0.7517421509746626
0.4679672560353674
0.7494414992477244
0.5343483168576347
0.2339974075558292
0.49959281364202
0.22091565916667977
0.31836525354682865
0.9454955990630015
0.09789152903777154
0.38934072081682414
0.030568550209722378
0.8921044257681479
0.6908689728385095
0.48261505579699926
0.10187150498310527
0.8982331539148338
0.9374719514120569
0.5404657108846649
0.6959115092111947
0.3085419143714897
0.558785032823646
0.3651428649168573
0.8013885422650759
0.3049647047951235
0.45531384035798994
0.9443075211780826
0.3996746055580256
0.5221594441903616
0.5303764593403618
0.8141048611118297
0.20694781932777584
0.09871161114643345
0.3063965252137556
0.8713784012831424
0.7285354241512352
0.1842452144843444
0.7350606812927508
0.3200723729927508
0.3932276601836372
0.7143309762545089
0.5918544307282138
0.128879336898701
0.16324759313067405
0.139844456691677
0.44911569674010887
0.4643106197316461
0.1900629191409856
0.790557596499842
0.7829271311864119
0.31055906448397586
0.18328746464161283
0.30670185113868764
0.7212178862914841
0.4177836113959238
0.2110974525558128
0.6178014477077258
0.9223544704508837
0.1491372150661746
0.07666501228698541
0.08316896399011753
0.9397137624655542
0.15205369270819347
0.7567076972236233
0.7463317445636974
0.9784953221268881
0.5568844622342459
0.08693706142905844
0.495812315142086
0.6760222937287761
0.625719029898785
0.745709534075932
0.7897831542062094
0.34403013189087217
0.140486673950185
0.40082143956446137
0.36948476615927295
0.5374908216793135
0.11614064289674542
0.1392962057634597
0.7717048264884776
0.17924103645992462
0.624581417080394
0.017951202797814925
0.42430052334730506
0.29689824426145917
0.6419402760690092
0.10383482306793912
0.22110872093981082
0.8889180142577019
0.34155314819658766
0.4164969021502488
0.15187925437107808
0.7634259630944219
0.8298369319260972
0.3389307285500942
0.24081525608934606
0.8606971865261075
0.5695951013870677
0.07220598005865608
0.7195428277509195
0.36115206876849537
0.1502946102533419
0.500494812638535
0.12689345656997064
0.07982910829404777
0.26019802332187814
0.3410552616711503
0.8214638527595896
0.7442638905833824
0.7537567885718462
0.48130982268497
0.8610095371869357
0.028127156778511297
0.5326943441487391
0.3603938651413774
0.43347188436771655
0.15584639906535058
0.3970058986198475
0.24297416378223047
0.6833558820021658
0.05450647118107921
0.5068586186364279
0.13859096556330597
0.8573039709896768
0.7571335340663784
0.7382778105726406
0.05556980898144093
0.9694861225415249
0.4430674035095006
0.6847183544581824
0.4607783371161356
0.259846675033945
0.08370078135180925
0.4522357458033679
0.012337070518513404
0.2682834634285397
0.8509715801494445
0.7979389545994552
0.12218785042833358
0.1141294864574186
0.4179908705969738
0.22021319875996592
0.5620877792782668
0.13337824263369924
0.1232920211566636
0.14712437864782724
0.8361628800541799
0.965042415180581
0.6887591488925496
0.7010603051425955
0.36439159391227516
0.017183661931352234
0.2675360389034348
0.6634494185998243
0.6913321137736025
0.4456049071991576
0.5189863242149294
0.8326846079912312
0.2880099303580451
0.6671926496388302
0.4690193770017014
0.6507851278064322
0.4855542094776054
0.14933473196587632
0.7198111120505406
0.13972557768957294
0.8095028814905109
0.9230225871905388
0.930883577811973
0.699684377603566
0.06676606287197873
0.21921285667923884
0.9372912322690976
0.9300881771069915
0.6935403259091384
0.6688447163605278
0.06330006889901008
0.023484130942965864
0.5699214389046163
0.5838592139437848
0.6534105869609884
0.9980207718197466
0.5615296416274057
0.5075133489501155
0.5677204203749645
0.16438333336951427
0.43236532154257035
0.7483476538296581
0.6964017372704461
0.34525738298192354
0.7742841075781909
0.29929499921584535
0.5241809209484811
0.406572017955406
0.6157037037646327
0.7291092169095587
0.9870798301871324
0.609519415208442
0.9563878359588669
0.46101742156808356
0.5168444425758812
0.3282962701224399
0.48024768309733834
0.18989417622698457
0.571722036222973
0.4679774192582581
0.8716329385529668
0.2895717457827026
0.008342544739943558
0.21345519708933103
0.4190721230680019
0.2656540374793738
0.7900758229214352
0.6500080158190147
0.957992759152224
0.03678069778473414
0.04072461849711706
0.5129767859431477
0.049185572290183166
0.9986411905019624
0.6580158403242404
0.2706752614438782
0.6314686763356985
0.5979968366323417
0.04085412271032629
0.7462839586981551
0.7452565794019791
0.19336604958701498
0.2782415635973259
0.6711052603248997
0.21011079004939703
0.4338435101234436
0.9396910968936263
0.07030195565938324
0.014534436583593324
0.4419190268439319
0.24542207514764247
0.7964968841644225
0.7414870497316433
0.45899901133344945
0.7023702031620958
0.020081524991709343
0.10833381727519265
0.7704793729903975
0.913008901271292
0.0958071547952477
0.40451302589409566
0.6799646492077857
0.8701365267454136
0.44525292664439586
0.5383205957841594
0.10016346513690366
0.4159525307320371
0.5150987876349638
0.16797391780760296
0.8706688111249102
0.19492132663950412
0.857777054732464
0.9929020080005895
0.7618019155954553
0.13772611697043757
0.8328983381456947
0.9585336242205824
0.20858116002432936
0.3756504839800392
0.45970628492920484
0.9475810941560501
0.24462961405085004
0.41793837692829683
0.5221156009880632
0.6595690724552286
0.7505043013290945
0.22629183471988923
0.808433813090887
0.037963010116425
0.670396411734966
0.8784881661852232
0.46422710505346987
0.7522055715404364
0.32295170104546267
0.8168581325950404
0.5659192298926106
0.17237115459196128
0.9075620340827176
0.8206371705237969
0.5317737014998807
0.14595849802939564
0.22517995851880168
0.5170186675172835
0.527014204277073
0.6047779384138476
0.3578095028000794
0.5140674570594351
0.4227857380886876
0.7717913043866724
0.44953619246326726
0.37766168307764747
0.7631140984158692
0.6516270608051054
0.46775284599875566
0.8331046706090253
0.46735107940197795
0.03576569048999778
0.201101894060692
0.9557844485403449
0.3601323239781222
0.6507484251751834
0.5810139762247477
0.22615192513191107
0.45727223552689045
0.6604660374970494
0.9923336622942794
0.25846166631396694
0.4588148141835149
0.16472962880336373
0.6513077532577546
0.37849107036659335
0.7140952323868034
0.7710937542543763
0.783245214461653
0.5057421611496127
0.9160220447504932
0.7517721307422425
0.3453373360920794
0.09074030172764047
0.7016844660184488
0.6064932924585181
0.7409604549429236
0.09662876559397293
0.9928569585437261
0.38053467688900644
0.48256137499219454
0.6938608331147528
0.9089421262081331
0.3375181639584469
0.7386917371138833
0.09070716657377875
0.1278452937028144
0.17660524546634748
0.5243370389421551
0.7987354493131971
0.7596320999316052
0.08218350770491867
0.01897779044949799
0.3781626211646807
0.9400495578326438
0.5761380722652477
0.5139184597211784
0.01176170922792008
0.8857051715402103
0.5177796061555066
0.3082073737347232
0.7581947959589271
0.7826994395323583
0.6955006499787998
0.7873862873071927
0.8214681477258265
0.14857149695114924
0.7868007030148777
0.9768155407327401
0.312491888011207
0.35121499574587045
0.908971109397351
0.42714841346787236
0.89786721799238
0.2198732609791163
0.19831357517118586
0.8597271419176505
0.19503371221979138
0.8564984750085648
0.7091295732354613
0.8213947190964588
0.7935839186021304
0.6550541969529752
0.868075867337125
0.6758457502382538
0.8463001804091129
0.5055323518420665
0.7294849473851744
0.19715695376131848
0.9868365462860149
0.4176125447373986
0.46176232814275775
0.13724128323934193
0.6163937152414123
0.3683683945753028
0.9958363323284267
0.8663536585330024
0.8431680598109518
0.7766010303877655
0.4736968515537483
0.3581859643977856
0.6166114060852131
0.8191882795698298
0.23106795413977677
0.6108992653717132
0.1795084620963141
0.6793546226476338
0.4743969289814651
0.798495192316015
0.4801199645139532
0.334039480282301
0.32125821109388797
0.10431513605688991
0.3013273192297885
0.12497289696358826
0.07373104535025399
0.3351257515872784
0.021816898446633926
0.0006698540207156212
0.5203524024085059
0.9198228848323544
0.7544067018672426
0.5435453612198603
0.3034881553699912
0.21743974836517066
0.2922856332970807
0.8472897182026378
0.6052223605317739
0.6482549158587169
0.6075616839716453
0.31602626721629745
0.019330224904228532
0.40478106789397383
0.07338825853379538
0.090529847295864
0.7869707944154957
0.553224436541874
0.7508463495842965
0.40536563486060706
0.6039677193027483
0.9371303952377493
0.45430921444105465
0.13746676384861967
0.433430331500962
0.33493974683659256
0.9193227524973083
0.501363642940433
0.2896490110210511
0.4085584779488296
0.8385732754908674
0.05835678394036048
0.8018814291367939
0.8764739054195916
0.3154947111404308
0.09480646524678016
0.5197121800779395
0.06132010587611447
0.35027245273192553
0.06974640013600275
0.8910459414810015
0.42200406671740265
0.6736558958030241
0.7598595612413028
0.149047016971121
0.23687851598887688
0.8757290096234439
0.8253588924144536
0.04725267381331044
0.6906040396861454
0.8597260388493025
0.18175327589446466
0.9865229952420799
0.0032015431383403126
0.8258690306155896
0.3030086202216603
0.11591032569671966
0.021245887553214104
0.6042728544680135
0.2730526320262734
0.1366757694905678
0.15085630418461327
0.7891517305690966
0.4549949132896238
0.19339783307563552
0.10128523709260684
0.16876315449993473
0.7993923141010246
0.4043612896238853
0.05560331613602987
0.879234083535989
0.250148330552714
0.6583340340256568
0.20687985897311256
0.774373538910629
0.8998207189185455
0.9754299517169597
0.22111290214556434
0.09883259474003736
0.165563941920031
0.5263248533602799
0.1427450202811672
0.1640200805177795
0.4951129223879702
0.6229795416760827
0.8767362950053494
0.8957175109163649
0.2669263819404507
0.4450518026936877
0.4977470965782854
0.49707814711081233
0.841736119549326
0.7072179443157685
0.27114295259650445
0.6531311348831557
0.793064174742238
0.6285975860639917
0.17278464954021244
0.8048508065652848
0.4611513149367986
0.34476420961882004
0.5276726852482181
0.9374622517898912
0.5776747704230181
0.44342786006627877
0.048383818968597
0.7835583232161981
0.9349840877429507
0.8124749918226446
0.6060545233371767
0.1373043556474275
0.32921576095148397
0.8106858323520983
0.42573835140179517
0.7814899355739734
0.19144106523340687
0.9858251605867229
0.3276480123592992
0.722728715090028
0.44924872030679186
0.5530989087165086
0.028937648646525704
0.7849477038891545
0.030601522266062386
0.39268439448316317
0.10377153085101498
0.9517115660237289
0.7566504433697882
0.273607799344289
0.21092830999869372
0.12841161534944845
0.21369940274622312
0.7989772594104827
0.7151248283379482
0.438181721186479
0.636171867828825
0.04337872165729861
0.14621998932329316
0.5203273165087635
0.526310570625476
0.5082406433217824
0.4931910790767452
0.6715244310864645
0.5471673949172908
0.9224562915374941
0.5447019954672492
0.9947748807916384
0.30104762339026336
0.07417187237787204
0.902969654609391
0.2582729222538024
0.715892911956101
0.06155998898433246
0.2194773454520661
0.8018189887400736
0.4844823624435347
0.3642756333569567
0.7390775750240727
0.1737645458556356
0.1323342154770355
0.6381863041192226
0.9623498855033538
0.9186769412153892
0.5706339334256587
0.9168448457090603
0.832790870708542
0.6365027762163691
0.09810276415193708
0.31916342030863765
0.3195279637958516
0.012443607970031856
0.08812150923029516
0.394787040761157
0.3976232965164952
0.04799460816029344
0.2989532453613519
0.33358786974048893
0.1457993732767825
0.19992552584475698
0.29792237015859035
0.5673885120422507
0.8465037672800811
0.5817622490662767
0.05549701259057371
0.44478438092020556
0.7714611312535185
0.16356131164442633
0.11803965511722858
0.5144018488628896
0.14615846047776038
0.09565711711788094
0.0759739387973305
0.21560704535595743
0.8535603505598567
0.5235889011942935
0.0062330837746129575
0.1732479186420981
0.27200334726052433
0.740025754779165
0.9334272093313127
0.42423100384181944
0.16244003908262805
0.9628298544677057
0.6196991445285305
0.8909262325016446
0.9534531542212767
0.47787642334817093
0.03420483879137648
0.6756605420182221
0.32604213318651276
0.15402069138398533
0.5620203710868755
0.1750275387657979
0.04981394550429097
0.00098328296781236
0.23081965907849755
0.04921196453052623
0.49860789032378505
0.9681664805785105
0.18895063141939694
0.1511818881840008
0.5634688647076262
0.06029210587505962
0.7231820982427887
0.9950046691299999
0.19548645793227148
0.3314464456184203
0.5259372336486939
0.9202238552464048
0.5105849662774669
0.15905218584594927
0.1601523111472425
0.40633918264732205
0.6926956918489361
0.3561608195833663
0.03637787336611653
0.8567755257192842
0.4478934537888023
0.2656101976856179
0.09574879940422931
0.8923001293609935
0.43873366379630163
0.6101628654483029
0.5306645882987103
0.019956158043667016
0.08507349311533896
0.3131041159118443
0.45400517823878284
0.16894231707750784
0.32523571296844755
0.23984403080128924
0.0060086653687421165
0.277504674952036
0.05813266653268667
0.1210619697452816
0.4386246549023347
0.8418697771856644
0.9368824242610688
0.061354567262008386
0.00702598109586261
0.6526211689467403
0.0932422074079231
0.7525646862028306
0.14776218252547146
0.7196112119664878
0.5807038486279789
0.05482728318751684
0.7524269949053658
0.9946187080703623
0.8602519442447711
0.7770941387711829
0.34715345494908567
0.4293610512915075
0.3470795145595521
0.14079148876521075
0.4114328765391131
0.08574032232557416
0.8412993590021456
0.020084734309352092
0.9662565094236089
0.5022933251500297
0.3958397059804397
0.84073180968583
0.21469262559306768
0.9177410951550106
0.5135027195835611
0.314506326556831
0.979294666578284
0.49454224227306365
0.07061215276434119
0.34059451517151784
0.6392886070031424
0.08213054771068873
0.3209653879960024
0.4966213935352687
0.7241218231881156
0.9615810358119259
0.30632639042325693
0.7860299875290605
0.6098905860691026
0.906318334651197
0.8336380286205971
0.7237319636048449
0.17358137520943573
0.6165323193362997
0.5094856594362118
0.2844804702096533
0.013715810458755584
0.7927567928719346
0.04032408570806634
0.6037849397509486
0.7034766040684622
0.7667300669731653
0.3236227951966465
0.34286997139398745
0.6124678805299564
0.7289147381915587
0.974565633159237
0.5553380422939285
0.41900979757438706
0.2653442922916531
0.7886104747047307
0.6749991169596494
0.5174287266962798
0.2772030242208361
0.5839550268868229
0.7914139286895331
0.6907625821536115
0.23450895551529116
0.836245736011973
0.8603814851740662
0.7698026133499805
0.5919995831984721
0.35067058687291464
0.18814608349743056
0.1389592877298671
0.6578028620397284
0.2533963607539689
0.0331647154036
0.8367456990679683
0.06835245851821703
0.9635644482679129
0.4052721077159219
0.11775389487661436
0.41853861370342793
0.26399957000522867
0.8670821695535164
0.06032244149917365
0.9011376311032123
0.10701856585972924
0.23559505387971702
0.0336642927019033
0.25162262863469553
0.22538868774323062
0.513781989881594
0.41572454927101243
0.35189679338852264
0.2766686898546027
0.7514900744609274
0.7369075594552408
0.9028754805651303
0.9853844927009319
0.23838888371564326
0.7530890207661725
0.7529901970336842
0.9614103396025495
0.9840779660104304
0.9652942446831996
0.5263001541425947
0.4309469046170896
0.3993505968446315
0.7026096226645163
0.9257855672636408
0.5572848061941806
0.8015696014567907
0.35764273468775465
0.8400829079284959
0.09097004902184957
0.6158662199439261
0.9301488674784082
0.8112276294623465
0.8928585679135996
0.12833925373430988
0.06589104353225173
0.5283373668273966
0.9889641129272312
0.1536654897281613
0.040740446937928665
0.38857027435849145
0.9452830854921856
0.07912721168569281
0.2073775788515002
0.7008834884617337
0.6197552677166963
0.796488055501689
0.8363630682236676
0.08414567058201317
0.26251407765061296
0.7840872424906784
0.6277215466237052
0.9798779385871856
0.8000604901091659
0.9267093185795446
0.6998741798610705
0.851855474780413
0.15749640676201448
0.8537333091060134
0.46785027646100363
0.9136247744590654
0.33061926900999217
0.8120881846331536
0.1849507595278158
0.7542103390463757
0.6773965310030096
0.5878925342682592
0.03336055924714432
0.148471484576696
0.022840260539538915
0.39784187379496083
0.06841193058383788
0.6027286507494409
0.641214119786994
0.3549322001175481
0.3566291859381977
0.06585293637655965
0.07823542532760086
0.29766321394026096
0.30856745511660977
0.10080609643634963
0.09337863298612203
0.5571773076981912
0.4747966597745711
0.6684006770103671
0.3693782270369812
0.5101585994829799
0.7848034043921189
0.1340461933824426
0.6907298217320493
0.436181656161984
0.5906551182801975
0.6709167442328976
0.7413643822917135
0.50295562653393
0.44033035216475025
0.7139344792445868
0.3333775943287587
0.6146946254550136
0.19117704508706646
0.2669018218498862
0.7594570906671556
0.28356265473902986
0.24977695157019453
0.3827606077821192
0.7636819928546392
0.611930342291487
0.38849185024837685
0.13559949527956827
0.17512214880614407
0.6005186876372018
0.3258378348493348
0.4773974257996926
0.17031755309038632
0.30669467975160336
0.28105994383130706
0.679130245467054
0.47006388962575596
0.44014702353705926
0.8993940328122425
0.7094725890647805
0.06919638848154686
0.570763517633361
0.5503945077936508
0.4887055864583323
0.7426215285661965
0.0734164228442854
0.0371794113180679
0.36696138585784266
0.6201568419416196
0.2849637110403952
0.16083112331048677
0.7331961724190649
0.774017332702885
0.4839997676082728
0.03277077760469882
0.07016220140744278
0.1036960720915745
0.1785900661153782
0.8098702197678102
0.32416033402303424
0.6909036214302805
0.11908380399450769
0.7515837890494905
0.7348174717858318
0.38079208506611617
0.3713147743276992
0.2920451040904005
0.4217017439933112
0.08634266506905519
0.34843297458518874
0.5695081747440565
0.771596367492197
0.6495522026046197
0.8052415935128626
0.7180484810060819
0.5018771066226106
0.23036505063986812
0.037164067814135615
0.3776197479072374
0.0811906958008497
0.17584427997787322
0.02713687039147239
0.5146471362229637
0.8749744815799577
0.45519656289949706
0.26591229263050986
0.053386922510848756
0.9271015425217474
0.6333315234428003
0.16468527815814116
0.1457484536653587
0.9616155482357851
0.21418375992004557
0.21567377600960358
0.9626470494921618
0.8023231585001568
0.3092624390181862
0.379361835752581
0.19776137518530812
0.2550302753878506
0.7710819477410594
0.8718699558025235
0.8766397846034402
0.1354600420549914
0.8710351281200168
0.11531453780784506
0.6626489254803772
0.11608665492058867
0.16982520614874852
0.05764382827213166
0.22647285239465398
0.15377717567586457
0.37968597203221865
0.783096346629767
0.16703197129516334
0.3597369128741167
0.8057207498921766
0.22818745288549558
0.3867382239891767
0.1460695683959049
0.5281504609681823
0.31117641046804756
0.2191279489745459
0.1428071710684048
0.9598289143128629
0.24744394383686696
0.7958543651528678
0.33737946607519886
0.9880651149307604
0.5291843558970352
0.8487146742045051
0.8405999312547332
0.4506904251811823
0.30823712229465416
0.6147121965256667
0.9916797482421761
0.851014910005787
0.854490458745501
0.636003177573346
0.13048549898169604
0.9776428996448281
0.6878332594174866
0.20788801322250117
0.041823160912342505
0.05790134213778586
0.2930897340405083
0.31299405632636124
0.33576189988130656
0.9233335163803668
0.9365980869445051
0.5007933664113992
0.7919829308760836
0.8462809865191206
0.945575550948696
0.26241723318246835
0.7842954893228935
0.49510608776514886
0.6559811625000206
0.5570431543896721
0.5667589841327224
0.9950084570030469
0.9706478628132589
0.06682218783698379
0.09211098238306659
0.05172048455613332
0.8768494673028022
0.5628553195721586
0.2622373718622063
0.771872764286602
0.7030285553811608
0.0017061021046583802
0.7329163188338652
0.11003924770166318
0.5072945725667176
0.40842356243729505
0.5120417221603725
0.653018177083291
0.4664433236844312
0.037752522966058355
0.012250157108282589
0.41130714848755
0.6882044769732365
0.06779680821717093
0.2028162240429514
0.39225743543886193
0.34949904720143
0.18230230714476614
0.022540106760881473
0.7682925263530579
0.5055475769536293
0.7284096795852376
0.016045232444774182
0.2850992338779894
0.7879635700296166
0.0922490519404422
0.17676302186129145
0.3127855434374702
0.3358320987143789
0.2753272852866262
0.9270488885867171
0.5500535298608272
0.4894831960120405
0.5185212027293996
0.9787925166291664
0.5301765550782309
0.09749495648471918
0.4805378949676097
0.7168411591196212
0.7642692138521101
0.6678174275970541
0.16858541257778503
0.9909677687091634
0.505199479403224
0.1772807991335057
0.058589343822888496
0.8786940980960349
0.9452074545605647
0.8455191755095391
0.48610279180070604
0.4919427421767104
0.9115371966246648
0.8909612015528428
0.9459281531548808
0.830653498816479
0.6029033534584428
0.8906615425940765
0.21407001214001176
0.1435281052320072
0.3635598511350877
0.6311070433772487
0.2894822193671597
0.7174157863933426
0.49303044801965357
0.590668420581953
0.7846875083338046
0.8122561299430109
0.0517709386404589
0.9857635137927021
0.6529011895392542
0.47883222914449863
0.9611012147444477
0.841095458201796
0.42043263768112504
0.3994481801224876
0.9829977272011959
0.7327532837158992
0.14182447118645758
0.053890051490753876
0.14808811537629285
0.24085515903833987
0.9668701286933803
0.4817670157877857
0.5207004208866186
0.17397474477775154
0.4873761975469173
0.7816269535908325
0.6114719565872465
0.42932298965026283
0.7178440860908659
0.6901003112846048
0.9862546221770547
0.22686105656589606
0.8756091866185489
0.6215001132855218
0.11984381584604065
0.3784154235199001
0.773483067024826
0.6144274591494262
0.34700898682083947
0.7576396821161566
0.14084798062920867
0.6726680901297716
0.40329726669354926
0.9459434311502175
0.6005527719022242
0.48974050453637374
0.4460314624051719
0.6005797425755235
0.914852551792399
0.7249631700050766
0.05598289967535042
0.8207440431845703
0.07545967510250806
0.6994900939885452
0.4126231973370831
0.922447777866221
0.8793262338281449
0.41035126813391565
0.1129725683337065
0.31513254235815613
0.10787208163658557
0.603168662886479
0.10845633216155293
0.09018957605985412
0.5688340739588553
0.222410215680082
0.9871061559876267
0.961380485447443
0.9708295591903776
0.035482591645135675
0.006856996947473437
0.1403928226184742
0.39618352156925407
0.14101063028096716
0.5554499602667211
0.35062321724559053
0.6670971358562453
0.8197432421728977
0.296305472036944
0.5589522029573959
0.33790010209904286
0.41971911653342364
0.1752122203056009
0.3395631744363319
0.5750097238929106
0.5125944781987316
0.8517148317619175
0.23098555375168583
0.03272623473164882
0.974106242508226
0.5595123876035987
0.030836299135743594
0.578656622952518
0.0075634696263736645
0.45083964357257833
0.2298364197417071
0.7380151292575298
0.21855088857994276
0.7812945443752224
0.6975547279681239
0.976865736896838
0.27661017007444944
0.29210357588924474
0.6474489146000459
0.3066033026708662
0.44823315006212827
0.7516778538179484
0.8102466823055771
0.3383395928258347
0.37991776000121613
0.4379992241514611
0.9295497578353239
0.5318140638849019
0.5898557036499491
0.21923318519320745
0.14491608745410833
0.40623933186890393
0.3958498722867523
0.044289140432035023
0.059073827277161706
0.4883994314784842
0.878754558813978
0.9183304533657455
0.16603396144432192
0.414858898883377
0.8923430772028471
0.3397588758971959
0.4830796097455401
0.5075326778288235
0.9390751158438254
0.5818109962116069
0.12206223108870962
0.6749624942544474
0.45851421321692576
0.8806542321375989
0.5601442310376394
0.19100056550868205
0.45488077957228434
0.4377709415761817
0.4230246466429065
0.47885039682095787
0.8791146272954872
0.13018365541655763
0.8995136736034887
0.15967045937603508
0.31749562873574766
0.6249536509096362
0.3744654811497937
0.016472260774708758
0.6892199491461117
0.3725928340485143
0.26781721598378794
0.017151599022892317
0.8590861488984888
0.6998753531927734
0.3213099284951495
0.10198423868599216
0.4478001751383962
0.6577234926404623
0.9184904017956761
0.4051658643392184
0.45121324144207164
0.793857735375711
0.47919136500981796
0.22150257305769028
0.26554826511844054
0.9368765621934687
0.17420431270017633
0.6557536660760623
0.20923111433494335
0.4726825935553197
0.8208919034385815
0.848907628723552
0.4184979988171006
0.8853198115908834
0.5446937943873916
0.06700151804267762
0.6981519274361592
0.7707648585694721
0.14533683066566394
0.11587249230384933
0.5642726215155665
0.4719059695569685
0.31176434818695675
0.9440492183756617
0.1741813420826599
0.27832614302644987
0.41087095592409795
0.6738354612156753
0.2677148803188486
0.9301733064174541
0.9611072975354225
0.25207254878544527
0.9218904486092182
0.8222549188440849
0.8195396184315502
0.9374316958553952
0.08581330669672038
0.7412162042438138
0.19171699191416913
0.43211216460274493
0.08351183955256869
0.22081565054137164
0.3699311778523987
0.0714569999044804
0.20537165637048838
0.7108303926574098
0.4195874577261053
0.5313585976604251
0.7039550270349972
0.7735309957075429
0.8639877006698441
0.0003715953117340298
0.23171226514577348
0.8105296290042835
0.7445625126089729
0.9720846324269002
0.13551092504760376
0.3751428018122088
0.4972747462928425
0.18200391722480047
0.17816493128809452
0.22985970844407733
0.18268251855217232
0.7718226804090251
0.8688130443085359
0.10417543045110456
0.22164893726791468
0.5899626419583864
0.7164104309358689
0.8178515632534608
0.12390016818496963
0.43125291722314396
0.9075448041225443
0.9699623937250881
0.16742256151536672
0.3684236706067541
0.43115662437642155
0.33015408947992053
0.1216384311364972
0.7482738801522886
0.8982845582123418
0.36465243768635636
0.7971078580856015
0.009711138734622704
0.6593333277863601
0.6924876959836171
0.7209393522947755
0.3985980291991884
0.6129616998347575
0.22239508783944995
0.6618194037811548
0.060424541317768865
0.37494544905941296
0.8097195543324052
0.6846785217989727
0.8691585160352373
0.40416334132777454
0.9078378583753521
0.6935677105936475
0.4179639801336018
0.6974128240949847
0.0881030868792122
0.5101936148161051
0.8472055880999694
0.7828560718117996
0.33355388302897004
0.5565596215337038
0.30204580050338625
0.4021437764867227
0.1460605988652709
0.6964383777337098
0.6581131806938784
0.6428434646063909
0.27076510183319746
0.5054758295611872
0.6013660185045536
0.8915875108978102
0.2339558451147078
0.7568877046837287
0.6886238176412164
0.44203394926701467
0.3773427705194089
0.6615266459380451
0.974052670491003
0.45988703591929125
0.6492020079352767
0.23904651257564802
0.7283568507215963
0.0875602878297016
0.9652789151753352
0.46837262983511063
0.03591142585231577
0.20140213858606526
0.33199646041605535
0.3284923345976388
0.008414280513801109
0.4384798446205317
0.8412314744512035
0.006098643460093922
0.32637549400527
0.7264777742096041
0.335717510727356
0.3099665675836495
0.7663311727031142
0.30782561731924085
0.774304757568571
0.8024188936035457
0.7674147738941052
0.1634333309844399
0.7631504516291177
0.9277600379256297
0.5110193613878378
0.8659307426079775
0.4408238975651261
0.8415091850817455
0.2619243116678063
0.7239050204752564
0.37153495768005884
0.6835086765095847
0.7187160694143845
0.47464859640036394
0.6278599580477672
0.18134344315411688
0.9967660961274709
0.05154024902504761
0.8014756700047572
0.25769644474965325
0.6070627335752872
0.30082584382279476
0.3621899491571027
0.9960197320232174
0.7347231925100621
0.0647146009527626
0.29450394072724806
0.5968104971100991
0.7406029755381459
0.8393599180534564
0.49107786865528646
0.9849940008508239
0.7805851385834567
0.3516102281024125
0.5536893252992168
0.07843662678971342
0.3140921521198833
0.9888648372979011
0.535066569146699
0.7358822700998999
0.5160651007024758
0.2400505953538442
0.13488761530378734
0.42122817858869843
0.527399538436382
0.35514431488682807
0.18150027078192743
0.936170369444189
0.766354395611541
0.1459243678130543
0.6424060487561154
0.12286964505083886
0.08603075262560889
0.5846206709641961
0.7194897612306739
0.7845653301025179
0.7782926793944528
0.10050947073414895
0.916799402349936
0.6492269843895574
0.43023017492857984
0.7554172282015814
0.09925701610312143
0.16646396571109157
0.781527827994718
0.14579798976655212
0.0691987217285902
0.005768873922235351
0.0262172062267374
0.19742891664963103
0.15944828934647837
0.6911660730903252
0.19976171149548583
0.2568353308681719
0.439580124453941
0.7235498707776589
0.6441394868638859
0.21927763544580425
0.4858754154224423
0.003536094469758444
0.630660568521063
0.22772418614885281
0.6489719893480506
0.5368446050846182
0.20289401231286275
0.07643204359549849
0.6686006107731257
0.8727741987671924
0.8587724057938189
0.9561372045182587
0.26254433398393573
0.3028504996913194
0.5688636559892983
0.9589079841761544
0.1640822153971464
0.12401074088989861
0.6838930661459731
0.11488516163938833
0.008518570013662519
0.3032903993483703
0.5315220156400893
0.4089577166881514
0.3240388552585747
0.21658711950421483
0.4602438179387135
0.8822739991535684
0.8088824943461868
0.2615325052507186
0.2828435167993839
0.2445056365221835
0.4547630705551109
0.8608313675056035
0.01080855156383087
0.7816704169834069
0.09038044224625297
0.0670016290154174
0.12953142487079172
0.014592092340349194
0.4549085367637993
0.9141558529381674
0.7175292381317357
0.2223347071625128
0.32458682053115084
0.5151119362965648
0.018027546374534076
0.8890093565830584
0.19532330527895125
0.09178953282070845
0.6879894855161045
0.25175265519497847
0.8314220841611611
0.46211121273869593
0.08973458905135112
0.818091357873939
0.4412883511519421
0.417303966575285
0.9141315753172528
0.16600556484416418
0.46670808683449705
0.35687851796137815
0.2810693901079183
0.39589560251128253
0.2586503831149012
0.9164427042090697
0.6510970904676818
0.23809562875170198
0.5815008256176972
0.9329595584147171
0.9319155819341028
0.02310602177532517
0.048126186891287226
0.26572765034946155
0.6524774627003872
0.16980455925641968
0.23528254461565068
0.6886036033432517
0.14436360879500043
0.966150159499473
0.43981348824925115
0.565356350898664
0.9493743877778354
0.09238937830365401
0.04153434134765077
0.6406565450363133
0.057845536540011566
0.57633376399018
0.07559068692588944
0.9218143112250387
0.7959086844274521
0.7355226417387037
0.557728886725791
0.19132485625703466
0.8440642809113542
0.6084883044440069
0.42589236655436724
0.7683678271534345
0.12461940990149944
0.15028410961792837
0.49396118977297765
0.24613288332153493
0.8079100864176006
0.9156732222600147
0.5436919858109137
0.0919606563086689
0.5019419162156933
0.7533182609570419
0.29816354800544387
0.5122973165852992
0.1039461164097858
0.2285949363348686
0.6527108554762855
0.6624802433328358
0.5020152428370022
0.6740586784621406
0.6472412705878027
0.8794057293942953
0.7336600359686409
0.5195852352171634
0.058757594577217964
0.1901981626869026
0.5196380841041978
0.026334856599168677
0.639766716431401
0.45832180797905986
0.14513408230753677
0.02232131220816924
0.6757226376410614
0.43193235799716123
0.04479889105461021
0.8299802139492745
0.33011154008828814
0.36838944868161017
0.8042175607689895
0.444854836399876
0.7152701354791561
0.5937335879605907
0.22601886581658492
0.973415947266551
0.026631772525455233
0.5046430598298866
0.09007060119015242
0.2939041764540198
0.9648403743823015
0.1203443617100215
0.7674441363424624
0.8741796577217572
0.7652452143664799
0.3008097206828949
0.12227667886233784
0.16353606226065254
0.07614562140828207
0.5275593070013379
0.43128614457266556
0.6249794722628628
0.5258173684972635
0.8413948353875521
0.009332177875435721
0.5187997370806688
0.5643528180571336
0.8986067755739063
0.7455358671795719
0.33313244548210397
0.4827730249811125
0.2922156736176561
0.6741989646719025
0.07221213733500098
0.8149269180068
0.7901352716756715
0.049798109691967185
0.6401945682417901
0.8018786452621971
0.8697353430990925
0.31172229365288506
0.8812115590473214
0.4403813891468439
0.8606470604455542
0.35098059839590834
0.7688168994638575
0.08892931358217049
0.9725899661374637
0.15312936143530476
0.7490612039938815
0.8549967189730796
0.6886521767359419
0.6367640843820978
0.04711973391552671
0.15163834551376998
0.3147829049835379
0.32244693594540275
0.8930419786903084
0.5290372292958095
0.7049128660499093
0.22388212931440887
0.0179954343616332
0.45702974864040624
0.06761500042494772
0.7049228790314181
0.5358748209259735
0.9132344500976293
0.00010797210923907397
0.7337656377368073
0.13172718171902675
0.5487341588676573
0.46488342235987745
0.7369407400333909
0.9103949293264566
0.7957704849826148
0.13613134446391573
0.15850475858443747
0.31273751966471786
0.1950456227480345
0.5875970768307699
0.22707523037696298
0.7588282959997017
0.13120069514135368
0.14217562501777714
0.7250253905011204
0.4289407871283445
0.08376923970839001
0.6374998807078367
0.7954779612304277
0.2193595197411441
0.08465153506436807
0.6764977170119597
0.6098992929635716
0.5397655402422868
0.44884862602496367
0.9160926248679355
0.012514041725204317
0.11583462149762125
0.6612636189024428
0.942066413749144
0.2529922405974887
0.4419675513723901
0.9953341381817743
0.3675971603065451
0.4813049770468346
0.32479217537662775
0.6178631953527398
0.4191167965873618
0.36258107403855677
0.8025330760510601
0.35565203521804944
0.005325177863611752
0.7954174907900106
0.7865189238210506
0.391715932344463
0.8617371685007421
0.6248913152595517
0.08352112882026286
0.7668199909616499
0.41255025197090145
0.517274867201506
0.6538975783251106
0.5708767457562727
0.5012766403158851
0.055205232149183714
0.889502361139342
0.7048502438613788
0.4782905617601291
0.26254605840070033
0.0067477379016088745
0.15577589231576117
0.7695462178938993
0.8653405701615866
0.15175503487046427
0.7089913662048243
0.5072461276406365
0.9628948546917321
0.007252399279850885
0.049220903172774944
0.05400961549135075
0.950955298311645
0.4222364493830639
0.4926702909235353
0.25877915167070564
0.3273093240885876
0.836160795733141
0.7515770799083112
0.0565304100356524
0.11604358139739523
0.7640240501804966
0.9814687523213018
0.3428692938777731
0.5936556780753958
0.47336193948339744
0.33049171622902285
0.9069987949799349
0.47337748028680815
0.783653159829704
0.7065819527826395
0.9722905842258542
0.3384453832621822
0.6844785071974159
0.4820126066431134
0.46671776203977433
0.8589093003204455
0.7039181969688082
0.8034399742138313
0.9177826830910394
0.5620268454507928
0.49141387759241506
0.38464455194754366
0.4767477810566215
0.6815793716522937
0.09446497122058506
0.27289196019249573
0.9859636542583442
0.8161019176035953
0.13202559210503406
0.4280443181024347
0.6279090659974353
0.9916062394312898
0.3825008031059841
0.8175836066955965
0.4129868071390126
0.9798887593196368
0.060797172771443475
0.9539175868012758
0.23220887564073656
0.6893390842366277
0.5383554110607456
0.4082699048808992
0.9790896795559405
0.3196371942781401
0.7037671419364698
0.31813564516429516
0.8898528401337867
0.5604540824282419
0.8028747571361025
0.425746585534724
0.5320900153369871
0.32984329576388005
0.7611010006054215
0.9310469679747985
0.7481513052066152
0.06647543985603299
0.7062793025149916
0.3941264695227671
0.553752146226682
0.5094542347405964
0.3935347672748475
0.9480202306856252
0.7655307311749423
0.5361032633534728
0.5794226744086675
0.9989615950146399
0.22569622270725076
0.26718603404644414
0.9387242451254982
0.8875349019859315
0.1355934926105754
0.7632774150587097
0.26324027127221106
0.38110202066239585
0.7093011855150361
0.3219294311573001
0.6741355283491135
0.19148960073179289
0.9243073264053584
0.63136844998579
0.5166127489828631
0.11147057351117728
0.32534838196564597
0.11615090996491528
0.2473747359994518
0.15943143603703136
0.6697437112094358
0.8203859849605011
0.2377607382583491
0.886268338492766
0.4847202750493401
0.06491581808821179
0.6231636238497323
0.3523669621371254
0.9846859212697483
0.10380557920437761
0.11202143458570657
0.522381808808621
0.5181055923953799
0.9778908032997121
0.006847497424500082
0.06033824598577908
0.19640561803697754
0.4759187304469885
0.6527485619607188
0.361609003234444
0.17561793365764045
0.7477229917653162
0.47806841537721434
0.8635431655686827
0.03271057728819815
0.6706019042111733
0.48060885210129967
0.4026722262880438
0.5348041641385933
0.8390352004948258
0.3632531584076659
0.482900502253338
0.033101376607907684
0.14542826004389342
0.07689693397817587
0.21782125390498996
0.5947277833711617
0.5566782977696293
0.9126717530044185
0.7133129748739282
0.48349419470508304
0.6470732911184209
0.05121776719376625
0.6190851630503993
0.8537648055426111
0.82405711445216
0.5264618850519591
0.30658483414792803
0.3728404394684719
0.9669373090333777
0.032246179229196814
0.8013412995617148
0.7575824185063043
0.5533384969440455
0.8426411798208022
0.9052754516502567
0.22620977257060826
0.8844575282726594
0.29442090738436766
0.43495926596093915
0.28977519862051393
0.2771668161743186
0.3497713411618776
0.02176078443477869
0.37629648565193585
0.30777658741004266
0.9943992028952746
0.9008085948081007
0.2686205754735692
0.3745041483203697
0.7864272568610722
0.03088086393624867
0.6570984012402012
0.720462233683117
0.7689830506920747
0.03326089153104439
0.5380362343695653
0.1601137939343794
0.3301365892634681
0.049279817422420824
0.9131507388530011
0.958490535111406
0.918792894420671
0.5968980647650866
0.6856776475191397
0.6516215119646389
0.018154782705125827
0.6298195312565628
0.414100869426268
0.6859252424115301
0.46852050368257425
0.06917731872445232
0.3515146920166593
0.040630665846377756
0.8941077635068788
0.21236867609278365
0.02978816277942864
0.3869126355429354
0.005614807991305426
0.9192506499473483
0.46844700703823794
0.5544372121239413
0.6676816503902331
0.8866502990501685
0.3382457550593091
0.957387175156455
0.00219877171399685
0.12903386768615654
0.7375957142488005
0.8122085058331233
0.6969655086449908
0.88901333507949
0.44945294842522043
0.4308190302550987
0.14261160033094256
0.47909743166696106
0.3864500475655863
0.040294335129844594
0.044829128109999616
0.5755901553360907
0.6684538736500477
0.3547038640869268
0.4545232355152399
0.5323475184430198
0.14450952657716276
0.701061639941705
0.19639268200777016
0.24991421033631578
0.6778665308463021
0.5091829026811222
0.3831481363630922
0.056047423216308734
0.384511302931672
0.9311967347949104
0.4350873089891747
0.7368269890704188
0.20280835056103297
0.7724228676357165
0.8195975959301108
0.6481216645273226
0.8762781253612564
0.44983312372181317
0.4374239040691452
0.08196854909884266
0.7330868654050379
0.016737995683344775
0.8054405917464065
0.1003577442813528
0.3534507930630625
0.8452577407082271
0.5090736389515
0.1471003927935327
0.05056220711781989
0.6859505933839508
0.8462854621311973
0.7668522287719655
0.6172074255341061
0.9455678099905134
0.06628515090470355
0.5993939750767528
0.1920584047814966
0.4587611714042349
0.24906892114842027
0.21978267932369067
0.7062112400321509
0.3216455833506522
0.22591082214134928
0.6037024071152809
0.8891478564142458
0.16646237070739012
0.4468433030925383
0.8284765822099742
0.011677556292228553
0.8875354507690636
0.6149906265760162
0.8316150558500213
0.6805875831109751
0.6150314534376075
0.0023421015968452252
0.7945568061042884
0.10953675808878294
0.2584466487023219
0.03844443942868647
0.8128132042509336
0.1998296674177248
0.4920423929890275
0.9253183202297278
0.3192156919239897
0.8321056936720563
0.1681142285867825
0.5626300058740256
0.4319582058492031
0.37580275329111645
0.3374618082914891
0.8410071023962613
0.36821285632453393
0.14321771870424027
0.556171880717774
0.29946906650043337
0.069430247688549
0.38062566641648776
0.12463017351949468
0.16589384430599863
0.9275104651973879
0.3721812711429101
0.829200870248843
0.43960450776181925
0.23516781581882606
0.8579423982462832
0.5851014163612764
0.3580525169603065
0.26610473552276726
0.84526076973353
0.17944386913538735
0.1314508732562525
0.9120756038270935
0.7913796660032953
0.9235816704173541
0.08943841641128691
0.23294021191199865
0.7080250529490879
0.08692282719341926
0.16191355930671758
0.975827982137522
0.49647965431240304
0.2886587783280763
0.14118173219545616
0.23911549233239404
0.43544812524281085
0.8927478213249651
0.11384401230086683
0.25978042389495004
0.2803149882225555
0.6893549810478306
0.4583880495166678
0.6994056269333792
0.18444914097403398
0.7330786484992927
0.9592557116089389
0.1995375039335292
0.0521594823596262
0.762139607421673
0.6389050251373135
0.2028518252959396
0.6777861872805909
0.3549647520805247
0.7206974563116126
0.4339201360716243
0.7810831514789616
0.8272384731354199
0.12138058059489365
0.908667437406373
0.5980527699225268
0.17788515852549935
0.8396414716800589
0.21435223261645098
0.6922527824671556
0.5930564308170779
0.21243982515649773
0.9004492310079487
0.9055224294504486
0.001114410524519882
0.12822909159051066
0.9347379011043905
0.03793632286786375
0.7049244873192103
0.8288311323664679
0.49796159588956757
0.19014897178842405
0.22121488946458012
0.2067724464289037
0.8553985328953365
0.6925061945512692
0.37945399590520235
0.3279806872494089
0.49731224521490036
0.19872334781724188
0.23223710458334712
0.24362778968837429
0.6581611979001273
0.6595058848157027
0.7630839901376479
0.9877797689332107
0.30341930314442256
0.8171613808030822
0.8151544986733401
0.05400101708831184
0.8814916089055985
0.904773482040101
0.1450861520433161
0.8896703455161312
0.28217595274424945
0.9438488322939459
0.8740253964219802
0.45644891503297136
0.7224838305555096
0.11261080407120494
0.5626180788487011
0.07595484277745468
0.3186308455461476
0.9358592900723981
0.9397937565570087
0.5702656056806383
0.7064249227815346
0.5403531629071279
0.7250673666865195
0.7812282725471188
0.3713866576137743
0.37254503923277904
0.7292939385949001
0.8087617390432703
0.9912953040496899
0.012106433319433951
0.33917756146016265
0.551115890562125
0.6232770041083683
0.38180214675269364
0.6025712202439576
0.07722530533151994
0.6334305055286042
0.7232273247758001
0.610515901323935
0.9869585944970605
0.025746195688570506
0.8385286237393792
0.6524206287235887
0.5300905258193817
0.959742111345136
0.9819895895662578
0.6238599085386153
0.42134355215266595
0.1830851807283832
0.11420288956122349
0.8721698715894111
0.9740994626977996
0.5416534433521226
0.310147273259579
0.5598937098652242
0.03665450327691888
0.8223913393962254
0.9924318765449601
0.05017334730215539
0.8527229219365281
0.07079588240070411
0.7767924945474615
0.4936078647331088
0.542946804674083
0.4785267427857086
0.39432174235136275
0.9032355435398858
0.9113463219143029
0.45889178258868624
0.9172989207693761
0.8255525785716998
0.12250091867494772
0.9994336473716403
0.7603502026074523
0.02138517691072539
0.25582607525532286
0.07163638844829046
0.22567083477495797
0.8710506159366956
0.2786901607014347
0.28037077518284836
0.1430240340244815
0.2149405795826137
0.3064485668737533
0.14227878310557807
0.9854517954723012
0.018689883667222573
0.11473182806615756
0.48461890890363235
0.2212743220462675
0.02678947162321965
0.23165782858970907
0.21469444693480866
0.22352053451443088
0.3839270711083431
0.817458566525259
0.20134592535328788
0.17456539726285913
0.9595237155926084
0.6445076621300059
0.30701574516902286
0.17683314594071842
0.6116948157375486
0.2223789493930849
0.9730216601926928
0.707141664487015
0.05048084027572686
0.9416278693168267
0.8368099242571739
0.14289174965336482
0.6895644001400484
0.8120337815451077
0.21318799593994298
0.1217474015509028
0.7133852378589011
0.7594509905527261
0.9886755569213671
0.242810338221353
0.3008197252921646
0.10929674249305676
0.5508215554769411
0.12114832934720521
0.9651859664960291
0.8847471195756561
0.6797481462240709
0.3184067502299561
0.3030276613618811
0.8688114167618237
0.47048334607998665
0.8202555488324866
0.04626082568839207
0.6308292548793734
0.49283353555901344
0.8122987873345376
0.7179627806692109
0.6131587531115151
0.9437942455027899
0.528059269526936
0.519686932505314
0.8136225973264235
0.7581199550477319
0.4196691356835832
0.27072260686094585
0.7843126825317176
0.3686373717620296
0.02044066523598298
0.8192958064629735
0.9757529586181346
0.6336237747621323
0.9457263231766082
0.015131485789872667
0.2150643044822904
0.8297326833530151
0.12220217958596646
0.36973027987970175
0.2613558798166479
0.24913684118199297
0.4322164643038039
0.6785334221942058
0.9902904771077654
0.2741947030022882
0.6889934079439959
0.5618103602851969
0.8454891517307027
0.8164048950324528
0.4026820481228367
0.5199205060047555
0.19712495251807516
0.546191742519922
0.9581809754336987
0.1823805139501644
0.6221733550861556
0.6900839606069148
0.8236525609581156
0.014925616536948905
0.9447895006643959
0.5027705265160515
0.8567163806448367
0.5481679050826188
0.8509994182566268
0.05226252038803236
0.8311465651007743
0.5083008433093563
0.9484341162298694
0.46679363869114243
0.46603192901603874
0.9993554951466941
0.6252320312145091
0.3661728458802671
0.09566259783723818
0.9935236008632828
0.6797936271452105
0.2842860736719214
0.6535459077086105
0.6309213830896665
0.43192895655108077
0.47452225619855715
0.5962717695511893
0.6044438696014967
0.5121998779956708
0.2775289924040302
0.8699121891667054
0.47124715878466394
0.5695086131363988
0.40936720939627036
0.7545641184531844
0.6860346564048081
0.47998697166889104
0.394540460031251
0.9904415019399444
0.20058885410779492
0.4088761162036608
0.7680030905424549
0.37539730211670086
0.06344647554703808
0.5571794399141811
0.5477148753312641
0.09959033736312062
0.29490495784798054
0.9796935508650907
0.5205728905778412
0.6388830442871882
0.05099897199807646
0.34892615912741554
0.2061908869004936
0.5809747561826949
0.43916821839536113
0.8644486533770936
0.7150035219830084
0.6241003860543827
0.048950494579450554
0.7803955369691926
0.8250407194433648
0.9929305775809482
0.9666957710384767
0.26042044420897836
0.6761933912275861
0.253622794058354
0.9317402194589688
0.5576782267095165
0.9804525618962832
0.7731100533019171
0.7886607957302245
0.5883326396939258
0.8734605893105376
0.17028199150981183
0.35272815259775836
0.3696605836959015
0.6971761769332389
0.24257595338386517
0.15374023047695895
0.3811896841669489
0.7389055944800329
0.4402130391289205
0.7218503138832284
0.3068102706255953
0.37508386802086424
0.46186906452752186
0.8547573244626314
0.025172800602806245
0.5910027740871592
0.8465778648173647
0.6004320150609055
0.9165436401060373
0.5063152232080061
0.2817638042657795
0.898988663892997
0.11244887663353231
0.3656418618422541
0.9514447992271521
0.7836394911962296
0.9938031250061921
0.01814567244591314
0.4712810317249133
0.36285402934729516
0.8777311151527586
0.9936978520936177
0.730641663634288
0.2089005835252753
0.20542816275470632
0.17315877293674364
0.19142993150618826
0.8863844342782872
0.44454787718394784
0.09918320274360004
0.8231028106522117
0.9650201169593481
0.07831570599359294
0.7046319604506754
0.7337493692543869
0.44825500117550054
0.3430745376154176
0.16083833755081367
0.7333281848136658
0.9242367897623275
0.0008197699545804404
0.168377368208405
0.3346195593422754
0.09358924165489357
0.9076736551007293
0.34315322612562593
0.1546228053414621
0.6775632254245432
0.795769361886583
0.12977146006769213
0.1562738709539364
0.35610872200072496
0.9888676163041036
0.29023636717906276
0.6191151828190485
0.5552311331534947
0.3010084181905056
0.8985537989078063
0.061825501900222624
0.7587232973072842
0.20601685605997366
0.6398305225887398
0.9422941868238397
0.9886904441958002
0.9474722011863129
0.022163061513740367
0.5561660960778312
0.8758257930134309
0.8220954265260673
0.03392181146707163
0.5631624139057926
0.8179526119906874
0.11597261572097861
0.8726815404327589
0.3761041525616544
0.9894071115451848
0.05506003192714881
0.46104191548891893
0.965257894207742
0.9252141977673027
0.8469233164271384
0.3246705717845232
0.059625176880861885
0.6213893852525396
0.7035441330204464
0.681827144563255
0.15139529503534166
0.3992446749973705
0.12274533901495488
0.27287274599257094
0.5542967919112053
0.5160334775471426
0.7485952589895367
0.30608627051553683
0.9873697494502188
0.8947449558870184
0.44127577826650866
0.4003644251531897
0.817179649188959
0.8837786488578191
0.7930722820864771
0.9548211402230286
0.14295340000147805
0.5054004204354348
0.5788061779429403
0.852077317579932
0.34711665480893994
0.9305402767227275
0.1771917047496856
0.23379084571751374
0.8416777237470027
0.0771880783987251
0.8658326639224254
0.7907860926467114
0.6894468811081423
0.17101458435155026
0.6608466724107208
0.627567982827636
0.11547836942309408
0.6370356556523229
0.42679030033951415
0.5352085034354908
0.021242142672497466
0.6815542546286657
0.5607070004588595
0.3927607178667828
0.4904789451390621
0.1310780880426602
0.5980496500544211
0.819271478023666
0.7133581016736521
0.7845128683827419
0.14725089895506216
0.3951962122735414
0.11777646712512957
0.4197595358287667
0.05002886557962949
0.8218006856807556
0.740822648633817
0.28495126957500594
0.4418448654434035
0.43645046430051326
0.5168033449664642
0.3857667781166535
0.2517577566459641
0.19698108474642018
0.9078246708652393
0.5372908391128012
0.18469645816000857
0.6283636854108537
0.22425227945965354
0.39176250579330374
0.5725555451063955
0.5215336040415928
0.21040587028811975
0.7193575684918344
0.5947393761602244
0.3667706991989551
0.1825850109263255
0.06906258320970815
0.31145959597797357
0.8620359427716948
0.24563177752782583
0.6396648254956214
0.09336662129465045
0.7395819290430732
0.8363713331858851
0.8327039823298903
0.06633669573630852
0.30865942255107137
0.9780108552397224
0.7158244044870364
0.3796359856525753
0.5470977118851997
0.08184484648892831
0.8465437419008549
0.46533628076645783
0.3156120305384793
0.42653089221462437
0.6387616928220533
0.6282129576170078
0.31349089423245424
0.47394082179971175
0.05726716547145638
0.33062322425287793
0.46013619059330946
0.1298600507106975
0.5937774157334614
0.6197439231224663
0.8551448409095683
0.8416944512149673
0.9517388165906814
0.20935797054072391
0.12644939561631363
0.1339488905326196
0.12121770047443436
0.019374990952580995
0.8771210583182165
0.7142066391443124
0.15764167679873375
0.8931232641388755
0.018303245101882193
0.3286883567947675
0.1096727583281375
0.20649467623120166
0.5814056009708061
0.2547373684466585
0.1067404482517279
0.11769595697432034
0.588634965602919
0.5753335203701134
0.7327108256828009
0.5011652285860044
0.15221842664789886
0.5886233728442342
0.730267565138428
0.42579527322677035
0.7340876939455103
0.5464797995425076
0.91637992417465
0.750489720303121
0.41922520640205296
0.5657631755666688
0.28462846756381677
0.5440757253251891
0.017328658566477362
0.2578094643671772
0.7710230556183888
0.32849236558707695
0.378050528946295
0.10559294106279038
0.30640987134558906
0.6296359523402199
0.35175978307321976
0.9268016744825409
0.40502456967154143
0.20520521963296867
0.3480718673837967
0.6689890163229036
0.7571208949412855
0.03694659594474714
0.4598710631198011
0.7489245245330546
0.9369465680207218
0.47616385610920386
0.7405121816863669
0.3852531808933315
0.5595392043311969
0.9374009549644463
0.6404551121292201
0.7474538810754164
0.5249410537559964
0.6681171682829468
0.7863605293487568
0.9323221717870733
0.4820916194202647
0.9954218470201797
0.38102339430995125
0.38887485077197226
0.4236858013323358
0.9140997599270524
0.3842497922390359
0.08161735650745705
0.5252079939429471
0.8370705896522109
0.9736340863771388
0.3592028859098588
0.6884750640247878
0.5490108051664384
0.682453610502295
0.47327196267938065
0.19088159799198967
0.3939723755650588
0.9938841828468544
0.35132089319262283
0.12734008871668967
0.5805370690008999
0.18320216240437148
0.5957468649534027
0.9217737378783394
0.3013080362385022
0.1080926511542627
0.8558988535423105
0.7995531352679368
0.8593366592714538
0.5814418382425354
0.39170752740547043
0.7881073923142077
0.21293607948309035
0.7501039860670532
0.3274326694404974
0.13007641224191058
0.5555294581232798
0.4666376957504742
0.9581496183704197
0.5541981018532562
0.17207121487965338
0.6139617236177256
0.16430369258729438
0.8033369097383031
0.8470715492013958
0.918634347380862
0.14468997928626548
0.06099495891435125
0.8783172616891444
0.6824242267789702
0.3780944642927807
0.9331906459017475
0.26466055171414027
0.619812078688516
0.8025028783456585
0.8818017390311103
0.07032006235550059
0.6175425390605047
0.49244648105890565
0.385474822319392
0.43591498390708405
0.6826420059478747
0.5777227476132657
0.04486392912242676
0.4555356445811344
0.829121057736892
0.07546124629483886
0.1777101855031915
0.645054951156041
0.4421451745687841
0.6760454583191486
0.42681701980056985
0.8100622910798405
0.9106340215862739
0.26418618411356376
0.49736834632601923
0.5509272863124662
0.7228328303245194
0.5457672665486274
0.76381930978579
0.13516520775314078
0.32187400626202034
0.41724576045852924
0.23485979845974103
0.3233780643946522
0.3968444117806136
0.5276209317220336
0.5568585413025375
0.2558741337923083
0.8547514776434045
0.3537618739356704
0.6525157784788326
0.8227923476815179
0.9590031024414468
0.3106510948450806
0.8844302457896123
0.701917308756199
0.6217909063010193
0.9610388097162219
0.8151468599192095
0.8706225522003962
0.1377165084085311
0.4826966292152761
0.02708450001236351
0.8513768917497438
0.5897983147368687
0.15768990471757927
0.23783805386068946
0.5573459402791714
0.3489110125178627
0.20938847271925232
0.557189598681341
0.31191604978656595
0.4546311344871087
0.5739308445544463
0.08264842636740288
0.6485919688634051
0.10472225543351277
0.9946907238449447
0.38954014480480503
0.1447676134845074
0.8410353752466152
0.9021602029190421
0.3107760196612481
0.8514689341802052
0.5633616482306768
0.6352547282840751
0.9038154764165779
0.9915693663142825
0.8989482090573112
0.31614035725794276
0.4191578483338122
0.9574648329210806
0.9047883331308553
0.5031575872166612
0.45199085828834207
0.5535433258534399
0.8528742179899772
0.4190105816171229
0.2016692407395052
0.8891255691279837
0.6415847060293581
0.28195371233210464
0.5934898746609395
0.7390409206292904
0.47212550072713966
0.36399414274409136
0.8036203237717748
0.7532924851209087
0.6033650889968514
0.13630493898186136
0.673409799284934
0.5856178970837136
0.08651728995408992
0.4005324971193863
0.6672571535056291
0.7294955810906829
0.03969693927907669
0.9230934975025995
0.812077898848492
0.8341923207774962
0.12628015211085775
0.8103017676325015
0.6741502414337879
0.6014632344758344
0.2626317494359023
0.6218726519823353
0.9298414612257586
0.2676431244523185
0.5695862314199245
0.2758815259946671
0.43023042526558397
0.0218104372480451
0.916945141098857
0.9683125401183037
0.3733190455393548
0.03572550056168322
0.05527236814628678
0.26559291555561393
0.7673817098053094
0.9396241714113965
0.5090003963197907
0.5237291853837305
0.33441205782371697
0.3628853988384104
0.21996116996801285
0.03478699948018793
0.1860383905043097
0.2106970481546685
0.7243354313565129
0.19832270715449551
0.6127891613991523
0.26315696412156697
0.5342164689163491
0.9429949569214172
0.47841991339235723
0.7895510242453849
0.6711062315268347
0.2911353117747201
0.397189183510396
0.551879250355632
0.8013427678401598
0.6327846655810512
0.6515313556366502
0.23307292807573476
0.5067844596358239
0.3977730152978761
0.7029834151793353
0.5211912545449527
0.03844094699416001
0.044798617120142326
0.2690028675593581
0.8232255105571235
0.18830216716032233
0.8107005739441615
0.3827999669662423
0.8376853953243109
0.2688063687450648
0.9593445791510643
0.9072291847658264
0.9139480060281939
0.061334201377890474
0.7990147746121521
0.13386347376792196
0.7985839996798927
0.585037712220436
0.4329851331080746
0.2495110085090495
0.37303335727454756
0.612085546576375
0.8311039107076537
0.5082160937908897
0.4389221884503075
0.06549786324571227
0.671910904290981
0.7839194908280628
0.837840713866825
0.06783551931061937
0.4825014453343046
0.550279781178735
0.3318809813466529
0.6305068956858425
0.9151192484997944
0.708374852476345
0.5921523701772218
0.2597301274704171
0.8905958820989238
0.780225117655544
0.9117813610691479
0.4854099236959286
0.9539325446679775
0.052067389350023974
0.7441784780104134
0.0635498840133909
0.7633969013847022
0.4327646599398687
0.5340905464524646
0.12864120513523436
0.19190600344275033
0.14120739274985672
0.8857867184289183
0.8158977934568776
0.27150314655915997
0.45291943840292936
0.5118038039317168
0.9811517749723969
0.21616198944891019
0.5662499181922055
0.739084992538446
0.03114309395340331
0.7523812419620154
0.8389246044243609
0.16942100371230107
0.809821563023921
0.9279488955850839
0.40123167698625406
0.8808432251051579
0.13247156231315071
0.8060862833252637
0.577852579412433
0.24160428457191974
0.15531978423412385
0.27165496866268257
0.21750424131541768
0.6332620182070585
0.9391057776125366
0.5381305944710199
0.4635780631972368
0.8212886406501304
0.8051169451208791
0.5707142664707956
0.837123839315418
0.2800900726369151
0.5573691141783494
0.8632687671111152
0.275744538427794
0.8372147399905413
0.9831093134784767
0.4170672407631014
0.34450398118531045
0.4323714458275476
0.40993047160994633
0.7343646765387122
0.2868340035403064
0.07494623768125386
0.8769009089037234
0.7042486192379409
0.31978848664461657
0.6458073979129273
0.4404747980636683
0.30855419514554505
0.20449560158523405
0.522351924749509
0.21776002221791735
0.6065371425526298
0.30152274475129726
0.7180475674651593
0.6399785759548856
0.040847010933683814
0.3333382034491664
0.3357146994003377
0.32591137824004424
0.6278531932771452
0.6282972200229131
0.9545058449554473
0.37140416751408456
0.34662691188939354
0.6105193096909126
0.1603171409176135
0.239354195954404
0.5160251541330962
0.964434185956017
0.07334870736201637
0.3875301205937831
0.6433551302244781
0.7436210944849028
0.9277869264366055
0.8716683375837356
0.03598141041267677
0.3435126099121594
0.6755054569089286
0.30599987471333734
0.9777491217769121
0.7192751380575961
0.6032979772381609
0.06207198336367281
0.7858020817584778
0.7002349003327314
0.8409553947116337
0.4323839651990774
0.6959140141143236
0.9717093342631729
0.612463837931131
0.3171881425615036
0.841859878032798
0.9120871022102732
0.05325521589781168
0.618861249979225
0.1971580275706175
0.8807029792678625
0.6740448798853168
0.6656985429616943
0.702798425859468
0.9461562568148775
0.6399180172466753
0.9371573234390076
0.46264911768405836
0.10095278551783482
0.5162841256903484
0.4183985773092427
0.1610982785125381
0.6091264021848741
0.49583773197300773
0.47057011043144525
0.9204018026451343
0.21150948526485924
0.08137980924818078
0.9052771233646836
0.27681892741905345
0.3642107177305922
0.13583834672192752
0.9401727508492034
0.01075124100123559
0.8687856919619199
0.6640051345972326
0.03560787696634882
0.12278510708399992
0.9518185392326828
0.9957212718954387
0.5311185804459149
0.4869367815010146
0.9240575194806641
0.374392842642734
0.30226254611992753
0.29545417011612374
0.8460240867592738
0.6691232997278794
0.3673226161755727
0.486117009249021
0.5364549170906849
0.850766752662717
0.8018813696478255
0.15148645531126392
0.5562245659700868
0.9963846014468478
0.2378280908976046
0.8083399063262994
0.12046101540238019
0.058969062225863955
0.43832379774549945
0.5752355346997967
0.4597057605960685
0.24331383066827494
0.7522647924234496
0.6029967485071824
0.2629756038542883
0.5829812968659402
0.7851024378861025
0.39576728306236575
0.9719193696229002
0.42551499043217456
0.8759815458962923
0.7426816047926244
0.27354234765374996
0.3519229515851443
0.575801932202474
0.6170177413046056
0.4387250751740054
0.781558347858561
0.6927896580896724
0.5154190059396894
0.16742684415603826
0.29965344047439657
0.09093383601918947
0.7961412931374537
0.7037843399909134
0.707073390519125
0.8376740639966173
0.17229590762449276
0.5574537968914192
0.12478056910707924
0.12643150907983924
0.27766757349499327
0.9329300418804315
0.6848858105119178
0.44190359008231284
0.9370920560004737
0.45195081632408296
0.5096656138085491
0.5728436764189425
0.017200522800844276
0.6251251304161247
0.706661591196537
0.7645766070421605
0.9913186621196185
0.2308597751737148
0.6593755411281063
0.12352703130700826
0.13390149431128484
0.6267867111448465
0.4281269406379362
0.8439923933974477
0.11729551637742464
0.5443943511449184
0.48722796824872916
0.4312783545358396
0.8129597346901765
0.8816977326860619
0.48708882254506003
0.5433091348363494
0.4236315777937354
0.8880806052821668
0.2832446900305905
0.9946964667545224
0.7735178710739623
0.3612321432540311
0.17344522602307555
0.4692775736435192
0.9430596582259553
0.4058292509869237
0.7543056923231479
0.9050936912322831
0.8135309246799236
0.8879041431700868
0.7501743544709113
0.18633924631141097
0.6843572089772574
0.6680911246698331
0.1605060781287425
0.40016993984466076
0.6921750663689411
0.6335989052978311
0.4021837751716266
0.3332169020517092
0.45584531023738606
0.08110073330480183
0.5770178935244821
0.23650517854702602
0.2522299314183418
0.1339571903134047
0.7502495930630199
0.7224788306780807
0.9597036973383958
0.9657438435127416
0.5788749661148751
0.8327202666799918
0.6225802212807494
0.11053870578859681
0.12150022119099912
0.020332079392672897
0.19507673001498904
0.48861538183000874
0.7270968019410305
0.29791277873484745
0.5782392822380304
0.8514697350997263
0.12743197009776164
0.0067915072577279245
0.7132267914855204
0.6257802479738294
0.9379769641223266
0.3368342018143088
0.5084110249957269
0.35066579959090716
0.47435617824641274
0.5940637668174298
0.02999344101266732
0.9533071364492609
0.7880050237488191
0.9957360974763426
0.12382098325616919
0.7185530236498315
0.6521462341660932
0.7713345223758609
0.2581629717702798
0.20549825562180468
0.1947854617603927
0.05117940415213351
0.8408613066682699
0.5920532381348713
0.3659557340215638
0.06771803645298591
0.47338383563348907
0.217065417518978
0.48648609679203736
0.15187804858588094
0.46121396921373836
0.5260299654945189
0.4765119672899716
0.5791546623118378
0.7603908965725307
0.46217821310760987
0.5151465172269273
0.4199942380028562
0.8231884479850762
0.13941421054164926
0.9456999085582481
0.7553823205361241
0.832800835329295
0.287375244365641
0.9538382047588614
0.26789893221572814
0.731758747182407
0.13782095558365137
0.993805581019757
0.19912169591938977
0.3123460059787959
0.04163240587746364
0.9283709631375628
0.8013294351457013
0.457186735978379
0.9808424233685664
0.4750535772581874
0.0319902801474643
0.2354914361171413
0.08118619078791867
0.34823155795794436
0.6834116138617596
0.9394079683116751
0.5374878265582705
0.3515956208237374
0.7824902526108853
0.3961053116700808
0.41893786919226306
0.8604960333370404
0.8542552833982304
0.8766316235152012
0.5363287034578007
0.6590369933985454
0.3372674916403501
0.5283489220958633
0.3817616984714912
0.296089240530344
0.0044581286448432955
0.4074927325399046
0.45414149915462576
0.10766577016672707
0.6240946666347378
0.2325414189120436
0.24540278437302188
0.7219134289129439
0.5927602997136934
0.18129463284789005
0.2482639129331572
0.08064341151670573
0.6746072187229274
0.39098574994832014
0.9881819039226789
0.009950300737396
0.9598902663012241
0.07113417349793338
0.867851510537652
0.5612574995574032
0.12031908877520048
0.6220537724505564
0.7707224455874117
0.4653748217194965
0.20199807984723972
0.6907437584959106
0.35060374217068635
0.11151422889710727
0.4912848725889374
0.3881396449799006
0.5270238679735363
0.41209883618423715
0.6063265242307346
0.12656407683641135
0.969463384920493
0.7254757509735036
0.8629544656636219
0.16481455639312348
0.18813089433903185
0.6922477534857046
0.618817174549072
0.03496806960295484
0.4028610215896973
0.34838456370114645
0.5096931631712948
0.4604415840587628
0.8619803018509724
0.6924399078751164
0.505508299530402
0.32785795173524934
0.42885733861988073
0.3077231995634453
0.35201334279676955
0.4322044883346403
0.5795554460906901
0.6725858691630222
0.2344693391493018
0.7658093106125332
0.8465468852682461
0.13505037319560786
0.34184197867352484
0.29892810614116094
0.5972777632741957
0.29382537242008244
0.01835848237741844
0.9609271188595564
0.7854532196289175
0.9927753611269873
0.0202853465173789
0.9243759727656399
0.27220474562474495
0.33776114812242675
0.24720773714340638
0.7562123177049848
0.07154159001517069
0.07682282045787525
0.7665365083337181
0.14156291597930992
0.8464045413702677
0.7382961314251324
0.32355728765761693
0.9362139135436683
0.9763701994893514
0.07107673749426213
0.5463294784966914
0.5759173313188736
0.7238379001479782
0.012974219598361203
0.12762715676689262
0.08334285904353622
0.5742834625034854
0.7396159231633341
0.03152734090457787
0.03544728205503145
0.374877752751546
0.18128648441680506
0.4904248518900709
0.24608508675239815
0.7941568243774169
0.5684005811753416
0.2254873644077614
0.6082690621027772
0.942539046632547
0.4569713740551714
0.8651378163852755
0.2675712020813078
0.2048227088593494
0.19880628892829333
0.07377565992455959
0.9875246664171473
0.8007172693543577
0.2989605894491617
0.6183066994800228
0.3635904465349088
0.05754509043594669
0.35288776978127
0.2217302206818036
0.8086595255079747
0.6170285607929294
0.5685887938294232
0.986036260541378
0.23640655879619465
0.4394282277505688
0.40762181562980093
0.18532135188419108
0.8848327110513726
0.1847403547436519
0.04027539685510051
0.6763537877986677
0.7826072904302833
0.754573756046728
0.974360077975951
0.26170839627336273
0.4999795801060317
0.4618571941463432
0.16844577316792209
0.13353207108878162
0.9580857549368638
0.4528801019250627
0.31008817390635757
0.9967027914811163
0.8685514109090533
0.44596459066169236
0.9581514956465909
0.89437767142732
0.6002297988757876
0.7213347636872907
0.3563919292817397
0.690756243711493
0.2907739948087076
0.02274197067622319
0.7558859511091635
0.6881694286769924
0.8420379390141596
0.7713225176203524
0.8352625628777788
0.9864439189809534
0.07373748828161919
0.6837297107589365
0.9305428240852169
0.735324831352121
0.4386900100228851
0.8799707984326004
0.2878210483793129
0.8423614894657707
0.7826734688596175
0.8900376287140319
0.7213171247285912
0.7457353358986994
0.2552349145981271
0.36650306131922084
0.08528483346346605
0.5135796770318332
0.8058618936118938
0.38464049688762136
0.5604794521731704
0.27586894754433
0.16412592227516343
0.8209610221600099
0.30315934197944816
0.36580825196420863
0.44132422164651475
0.16268656490775135
0.7055160949944097
0.5156839877304491
0.6289644859555461
0.006839738026672482
0.7279780978061032
0.3588486544514654
0.6182717585945494
0.9807505410420221
0.0529796931595482
0.18116234505600204
0.5417539947946545
0.2708151894268761
0.9432905858986956
0.05799114612805878
0.6006728369214304
0.5110201199332256
0.6274402896904367
0.9600454673952779
0.3871933109618564
0.6251086545730606
0.8587014889526992
0.18288549451408997
0.6119108050076081
0.3487411259316803
0.5264706130961384
0.5422342083093743
0.49629668472229405
0.5926623914004562
0.5412821248822455
0.8180691035535838
0.5522880607541074
0.4151780558609919
0.21654096069948592
0.8947660668677563
0.46417113372509844
0.9580128479205592
0.42647028051812497
0.8015969200153701
0.4523235117198223
0.9850150478669145
0.7163921230445361
0.7999382866112933
0.49205789167381686
0.18918323393361836
0.6365230758944708
0.023653669194928395
0.22626917742669206
0.07503672270655493
0.2939792898797765
0.04872876237432877
0.008007998406819539
0.09388715661408997
0.1623321611139209
0.31316475883236616
0.05439332827230037
0.016629944023315635
0.9930390827235154
0.49676118732633423
0.640643094832378
0.1757787474289375
0.7717734865308529
0.7841714831439877
0.9503035808375585
0.9119436076525473
0.8918457741140269
0.1616461300290558
0.00882462774346271
0.6338889450247076
0.45999089887189215
0.33962220645174446
0.5034524887861659
0.5536872956896919
0.23593546315712566
0.5100605629375377
0.20763775574215426
0.2905469813790885
0.025113107520393863
0.6179113138667965
0.996437366393679
0.4595903446229028
0.5206067980460843
0.7310327955531225
0.40843183307809916
0.29516026659256234
0.1934793556229849
0.6903118738830758
0.2267327769784402
0.081539109751389
0.9568107995879388
0.060749131505404286
0.154391690193316
0.6595803169354078
0.19615894530127842
0.8361483585626985
0.9264149240812812
0.35927829741779527
0.9763230543970027
0.9727641081178131
0.931604874820676
0.7508934658718648
0.3623514635594982
0.12018357891987752
0.06960290721046747
0.11327392779429368
0.271226280155733
0.8898598742179238
0.7645528404811106
0.41558469789733987
0.30724602435290893
0.34010937053594026
0.10017233777070067
0.6078254205802125
0.8821015928825673
0.8132404045811688
0.3510992584501218
0.9639790267623284
0.7505589707364028
0.4383471040563822
0.9904268686622226
0.5772406856556765
0.9589715990988323
0.3749731897467452
0.7586884427648262
0.2760896006460577
0.4039705810935633
0.8949077927911553
0.7269843263743598
0.8622511257456368
0.33715647401265536
0.689436612240306
0.4925100358410537
0.06955656984277148
0.761616326891319
0.8508430020934599
0.7062655905425381
0.1789582472595479
0.9262807742464491
0.17323609855583888
0.9172878016194397
0.26755657089567486
0.19978030758400378
0.21792748245784888
0.731027409885597
0.6446240103837947
0.741167066556089
0.32664106971281426
0.33002110968818477
0.79999360444794
0.6524551096323757
0.21949865480016229
0.703536615606932
0.5287221372401691
0.27861044466338736
0.7307954001563993
0.02946506510932012
0.5661621869292479
0.8902891146057398
0.6241688658078695
0.45049613237467223
0.9803717733278893
0.17458482747905413
0.4154945096366467
0.4536650692591644
0.1496130797185452
0.13043546046771626
0.7724410225446532
0.15717251395376797
0.0032001664226273263
0.9292412507114953
0.7929460276692084
0.25733277076803995
0.6397886093615499
0.6662859529311251
0.8271735011714645
0.8312802384863813
0.43674070050464453
0.4026384745073561
0.2917131177951534
0.4551092696082538
0.43099693759758184
0.7966516233271074
0.9379363401585553
0.4694094696958503
0.956423872402232
0.604757928093224
0.24977492042573224
0.3362378832393269
0.438665062982595
0.7981142834000419
0.26795445024254616
0.6636665214139151
0.6138217774126482
0.26002676653575874
0.39747802201623694
0.352387693634423
0.9336026840072403
0.5749789907148345
0.0017436584600351024
0.5041576201186411
0.5008673243260826
0.31968048278474004
0.3108455396800637
0.46516408209295135
0.9034312091501554
0.04094834106532552
0.08829593953478532
0.5918734704951386
0.20757446939585678
0.2626430774726124
0.7540110315237986
0.08090288101052201
0.0914395400627327
0.9881561228626339
0.3136183209857679
0.38201471330428005
0.6945272072914616
0.7979548699131597
0.4845344090999788
0.16681384350165773
0.45192279928768886
0.1242509101473035
0.4107057160504194
0.0231956947881945
0.32483983206828726
0.63111135981927
0.733248546557218
0.45920143762251664
0.7193250625481299
0.2455851240791148
0.21220656825120943
0.7532350238200676
0.7680783111570479
0.9556819503370513
0.23629459693632826
0.8614649632742942
0.9277939359065677
0.6457529555520489
0.9860078748169236
0.9803147254226628
0.538877723097815
0.7143951453451542
0.054251565833157045
0.8743731078176693
0.35888728658203983
0.4115860161143239
0.4640592105713922
0.2343510142368591
0.19536886547326782
0.7974195221082951
0.5052090691338615
0.056309836845925165
0.08744204548410162
0.9712864714997982
0.5550899552554037
0.2314209834932689
0.47724772385328407
0.45445258283984113
0.4932532799518945
0.9469295307765033
0.6573712222287793
0.8268739937637242
0.4147413426979123
0.4012008793361759
0.014628986810806377
0.22325732101311746
0.2475929869015242
0.2672282266657099
0.22665868407414635
0.18810331569294347
0.2254845595471472
0.1949691229452255
0.9447808554308808
0.6395490315736961
0.8465340960161425
0.8967474682215784
0.7120257944594318
0.841537146790031
0.538569302418749
0.09929097211216431
0.944663612523346
0.48674742015787253
0.4879999261865947
0.5688879164428894
0.7857909861746568
0.8445950176719748
0.1903606141995291
0.4907669900782997
0.529590930008792
0.0437413826877453
0.9137165364329728
0.47431332211030197
0.8824971575613576
0.8748372875796826
0.21890571112138935
0.13085048833562507
0.171926586640181
0.40571957500491895
0.0767775401322397
0.4218212275820541
0.9238623925975337
0.9047834815407186
0.04612915991198274
0.7640264563484901
0.017328089182120143
0.49831566829775964
0.700738426212654
0.336688792264789
0.3230830262045825
0.26014185728060224
0.5173831995484597
0.7860969036215455
0.9384953009432331
0.7234668886956285
0.9326515845859229
0.8622712655082063
0.8941392319660345
0.12490903445655732
0.8651990667780248
0.877962095411847
0.04559114845720125
0.2464050219190419
0.13599805096734063
0.7820615623997361
0.5075468405404007
0.7235446777737942
0.2676747619924361
0.6621223948584382
0.25150518191455185
0.8269476672604704
0.348793843611951
0.5504526533930049
0.9329791003577216
0.6711172441454856
0.9758319210028205
0.2220399162930763
0.8970782930767738
0.5473379223884772
0.02105459540844634
0.12054018759831864
0.029396167190983258
0.5611901697247489
0.37576528129994236
0.8160590502926041
0.24435598913989065
0.6095761056505752
0.15385781814640165
0.7683408367527516
0.38880671063353966
0.10654898956301084
0.6019632550780917
0.8536743232671596
0.8233005444996132
0.44830117669103253
0.45910782182182963
0.5132813004069016
0.20250101402350273
0.36263059029247013
0.5626386391955435
0.3124346247178075
0.8982864221388408
0.9182121234364805
0.2482770948287566
0.015910136514774353
0.8975747728800976
0.3907966441286669
0.7687690983156763
0.09873592307394619
0.8352666224169155
0.8285889457438964
0.7848755197853337
0.7165832989150351
0.09095633703749528
0.2919161443308821
0.0011627865903921508
0.7005850352357592
0.23307121860304336
0.39578701519954285
0.9098666800662295
0.3882123033880065
0.803222713839691
0.9144348723052362
0.6624732680898464
0.48526254400333935
0.353499727180408
0.365676607274684
0.9270350694212827
0.27942923120495067
0.7597275868684311
0.9888980221751739
0.30525494273226317
0.30701925594371415
0.5422364361578653
0.4732097042663199
0.14818310084468334
0.32229170110536476
0.5444330481223779
0.39146111381331417
0.03420731187032844
0.7912824900719289
0.902802675654289
0.7986281640152972
0.9290114338751192
0.012966314678584556
0.9664328183046588
0.8227462409071794
0.5830737821706682
0.8588413405160561
0.7616551790819934
0.15018078263384194
0.6690018198037067
0.45321170465982275
0.34976458391463194
0.48878097835046297
0.9097572591304296
0.2039995263082527
0.6818797046650488
0.8968058228204578
0.4661328401657797
0.04329302547890679
0.6087348258655839
0.4250513981426479
0.8937617093062504
0.07850764350391981
0.9195050807147369
0.7027678885170843
0.34537074108001675
0.331376976773864
0.5391308324168828
0.6063006347902858
0.9279839601940466
0.2753207144852744
0.2324117091346236
0.834719315063884
0.19241734166384417
0.6364696068565064
0.13700382206221284
0.1278944330649764
0.012151547242380656
0.6870316399449362
0.42721970269233345
0.6732219331410264
0.3198521869528027
0.39362255583357764
0.9765312576484535
0.0808690725516511
0.8524094071011205
0.011732582995045981
0.8165690507837007
0.356040495461153
0.7243026430713632
0.8755810596623499
0.45368192269039986
0.3097246306489596
0.9299338211295908
0.030089364677993058
0.0797884917215056
0.0831119375595466
0.5800884035288987
0.7045765005316055
0.5490518568338634
0.5940411034810478
0.6401932604432609
0.7708726757247145
0.8875652639357643
0.45595665282133846
0.15552910536677034
0.0786866987458199
0.10458727654661559
0.88843516047765
0.14251812905165717
0.3569021297797652
0.8247628610303666
0.9412907618198995
0.8886579913751159
0.628642480378879
0.19381281105503978
0.07675908282105248
0.8657625017633485
0.0017116784237340976
0.25395213440757936
0.3507793750894973
0.16237717799932117
0.32127732604105597
0.9797595744409604
0.5916084773514005
0.3324512235246978
0.5907449019958778
0.6588992672020646
0.6727513879296279
0.01669730201038988
0.8258510526554133
0.10780988610693276
0.2184300095653634
0.19576466372888202
0.07437705832432362
0.34712223667680153
0.7451597737303283
0.9182032263600559
0.563366501056348
0.29904359061285357
0.6127023329745661
0.7571799645015428
0.7134672463256639
0.3204455251850935
0.039926042364067826
0.06194763486546839
0.2968453276823757
0.13670349410583693
0.043220111437779374
0.26233689763049006
0.7742883196861338
0.35329525239668247
0.6849868125401616
0.9276413804150379
0.6179847483676139
0.4599648559389412
0.670748916313591
0.6442450407631055
0.1690434427494445
0.3816431594962246
0.4652519757887712
0.7678445472056781
0.11017320925425311
0.4796488827641133
0.8500787617528414
0.803599650218832
0.9799038828349218
0.13157772040847004
0.0658809828251683
0.5375750939394198
0.42232421780329
0.7556783950019652
0.8872017583911203
0.3688673001300441
0.9602341806287594
0.6754401012414116
0.06171091974865095
0.9293459865608359
0.8787701553706844
0.36565844178722473
0.7266855779871806
0.3097355677579743
0.1229104906208961
0.5502476698722544
0.03105926960165306
0.24163649401222742
0.31699708331858556
0.46206046308851
0.2426185818598986
0.5538240834938809
0.9845659914537194
0.922021277092013
0.9186995314015799
0.004975687050254751
0.041979851667575785
0.8853082577053604
0.0919776163516629
0.8737327264254144
0.4462878413749839
0.2378161053226031
0.12567112791568558
0.8596974373968136
0.33323490488153396
0.09429144391782451
0.5985593081307395
0.3600231485442664
0.19359531744585234
0.8985270197526775
0.3276497070849794
0.20330041902092588
0.809840694813301
0.14271932863081138
0.10175868664436738
0.03720993268457873
0.37873450239519413
0.8780300547086483
0.3992361151165027
0.9903633987925278
0.11147104498461735
0.059541431787285326
0.8532005997468973
0.24064053681700814
0.905289466152744
0.34407436796402846
0.998250240904172
0.5631287963149038
0.7605047673738989
0.8638629131759828
0.09822182434831084
0.08717738184941393
0.4238800662745583
0.8029843493738186
0.0154486641624616
0.7175564932128161
0.7980538185674679
0.044677215847678364
0.1054198445971245
0.2689667704095572
0.3458482256351827
0.42994035825016186
0.058597978632480396
0.7331845329506933
0.034471594039230724
0.37083034277534976
0.47976316450198286
0.584147822059488
0.2273870245886902
0.8619914064522552
0.6684072873232219
0.8917803311167422
0.39383219897911603
0.2925996110398217
0.2542675658231608
0.4137308466757438
0.4995224161427241
0.765479311225972
0.9804322055967044
0.360648371626449
0.5223837687896596
0.8060366107461558
0.9778368303518075
0.841195278656157
0.5550184493139014
0.5664987603097653
0.20459395097117405
0.0007465242501334401
0.7369948958482513
0.3085677400317547
0.13385811276887594
0.8654896989433213
0.5724906066100448
0.46987905446211564
0.6145803321818719
0.9406702253694499
0.37458800500962086
0.7614034991306707
0.5533336801283453
0.3818897632288496
0.6903189193339246
0.49380972372067866
0.35424541144649935
0.9598501725492666
0.4780543107531303
0.16146483336259732
0.13246810876554904
0.592337722817971
0.8798676889537723
0.46489743363025327
0.4298665485740756
0.8429770219814816
0.06943742584406754
0.18250334575273486
0.31577886802251853
0.3544489608148682
0.7273877681346222
0.13180372970797827
0.4905179762034665
0.4363085835548427
0.3556316627164037
0.23023195214217218
0.4300786467224216
0.28772850182022836
0.22927612027219613
0.491553470457867
0.4969235541816346
0.1284612795295884
0.879560603765162
0.14616719523096477
0.40242713696146115
0.8271847276039307
0.5798184167201176
0.23855430574412517
0.9770115043288595
0.8011211834894921
0.507199073929086
0.867781507782794
0.8366779121812732
0.5651649620384465
0.1456638610793708
0.7152364475103449
0.015449734978628893
0.9713063631021555
0.23557031429588904
0.15673742412833336
0.9609252979111009
0.4793632064779514
0.1623236973914599
0.44714854306984886
0.9015106631746685
0.11152753999419163
0.9670800286530843
0.8890078405156013
0.2737537267343275
0.012985919543726188
0.7236428836515202
0.35441042890400853
0.7240345510650152
0.3886561442262253
0.9762474754385476
0.713699601264248
0.9025342328079177
0.08093005881990079
0.8947338030218629
0.025009456346842596
0.32823745898599965
0.23298951176354754
0.1612867804235758
0.6397913276511333
0.116936304241821
0.6739604434976727
0.3348504859491328
0.606949993921744
0.7220607088959942
0.060328926731359034
0.5345263509951925
0.45664088293462957
0.6324551110610102
0.7812137164893719
0.519341748791523
0.405482252698518
0.0584109526415767
0.19762478936511785
0.6192177824514795
0.02766313159700884
0.6270912700203768
0.7937243890709704
0.5388709488091312
0.5335300452056839
0.9092809787277906
0.09136865844981512
0.9805155658783764
0.5604409804218288
0.7265446055679913
0.014987980159688497
0.4480499654449198
0.5103412531315493
0.7908995183658556
0.4244026259034256
0.7107706919106269
0.19419351560526876
0.167305085674483
0.8897990290283687
0.44098018319967947
0.16739017008082713
0.9519065272787925
0.13210083722375754
0.5321584340328217
0.6664860838171571
0.8265648855395987
0.6434404198771903
0.4810231009351167
0.7035397194413154
0.9423770684184125
0.5936341245296373
0.12595726503832683
0.982896344591089
0.3917124656326154
0.7963700249605818
0.9136739468252904
0.7118103799727399
0.2823231756852186
0.36656485813289386
0.04926920531977608
0.9564438849444036
0.4176782636241695
0.06159684135811694
0.12936047236160575
0.490198891353428
0.051892460357639836
0.42293196572684977
0.019074530091094832
0.05568886564933584
0.5769853566878569
0.3738779073008154
0.7657582569602779
0.19780262116716507
0.6054416297346509
0.5130646792207665
0.41444959733418674
0.8697742816771783
0.6315400311319994
0.17326270468072247
0.5557476102379479
0.5465522110360949
0.019869806238452137
0.6792998620660369
0.6048069228572897
0.9393308589647614
0.7887380622140704
0.547120264159114
0.07539074545835722
0.4456786647061034
0.7743233628402473
0.43539409945083896
0.4292584142820012
0.11776776007206147
0.06404262503322211
0.013512327723764317
0.9311007561387333
0.009862844768235846
0.39561893858794517
0.5337243537883027
0.2193249221707877
0.9326933616550401
0.26593711911599605
0.7265153819211674
0.9816675762026177
0.6223664227449717
0.0815941253534419
0.7221044636858253
0.9312957530501065
0.3127630808988717
0.2668674044543583
0.855118247591611
0.2858513800779935
0.8522623130627741
0.7386903096013786
0.6637725755637369
0.5765984013831685
0.7995354469840831
0.059107972479116366
0.30297741686809565
0.6306269445801514
0.3465861578783489
0.2606612421078396
0.4239562875938033
0.45954774042681823
0.9813330608871355
0.7005197833570227
0.3534260201362164
0.8048053418185995
0.5585542074700974
0.8039196988305024
0.465006424875378
0.5520174970439962
0.3181472661864022
0.593738436351308
0.6244133379634681
0.6264888098112033
0.38927134506104955
0.6513210509841846
0.8054950001695895
0.8287428800295535
0.8156394169367716
0.7988864991903287
0.8995813618236713
0.35601960141561395
0.05362980470035794
0.29815897245720613
0.24996590807010455
0.962925368674883
0.4158322833992485
0.9737133730178311
0.5311528043285685
0.4797327525672599
0.7578874932611059
0.9619336025192995
0.7084029974504064
0.8082817381552337
0.6559597210007225
0.17400215293365484
0.18519130017180963
0.11989179711364928
0.5186955748103076
0.7173731876265018
0.631154642246929
0.5347810765992982
0.35592748257161044
0.3714943045437983
0.18988199258172445
0.5258769487334564
0.5401417798310155
0.09296883776854603
0.6278923349553645
0.8467474196098184
0.6768581880871869
0.9945070819758731
0.3050954279665751
0.9016618135841903
0.6644110985682475
0.29638606032659376
0.7341161622066299
0.5466769349851411
0.6679423353568598
0.9352343999596486
0.1790649143756532
0.7974692929450583
0.23940889472298665
0.7354936592098875
0.3367098580223553
0.5623929553082935
0.9728974724899149
0.08726439610894643
0.8495221101893846
0.00101447542998645
0.9463732378322917
0.9515600570775569
0.8860030788985926
0.010331119931699217
0.9392711984157441
0.8693372171846337
0.2898264229854445
0.9560396956135815
0.8825047475468589
0.5277130704812244
0.3411448458395596
0.4871030547465335
0.869711683210969
0.5157961535293998
0.5458288726492475
0.7648620342303573
0.7736197930868876
0.6588885864032652
0.20918452755441852
0.5697664498608629
0.5350766323894423
0.08553243019709655
0.23778836527613412
0.3653298955225367
0.9740727146932546
0.2730912680061528
0.6256597687355334
0.7352928764063024
0.06812523969963358
0.7544566449528294
0.7068118858688854
0.725425731646449
0.4793586073497087
0.7503225683586342
0.32138309207309157
0.7250272085199894
0.9625615355791745
0.8873885354964722
0.6912029087244675
0.9446496897292815
0.4724267365925524
0.8781211693878421
0.8556916170397203
0.29888009757817213
0.7274491213879812
0.9625786088997468
0.1841318293716222
0.7957054358622078
0.5827814178039488
0.8493061431680163
0.4017646445065848
0.06416842057246741
0.06495358456225875
0.025104297240364892
0.9677852203351825
0.9217813200952207
0.23503201851320932
0.863414456669939
0.3055621610678325
0.046202936769238034
0.18710566321840305
0.4498870606891281
0.3503880576379236
0.35092848084861394
0.03986717521502903
0.737733935071469
0.23159534553983818
0.7267812694886542
0.8881898870589513
0.8909344964088636
0.754322472448014
0.524227106722977
0.5465204919830683
0.002866356168472639
0.7431345801752836
0.3384231760089267
0.23266742461519296
0.687192732574592
0.5377089405460398
0.3945621564717289
0.07115623592091425
0.24924374185615394
0.9829426989696062
0.4062719229660515
0.007859532651056211
0.4575764910372957
0.3676542800648661
0.04825641175481854
0.9767305310439411
0.9532159863115311
0.6690577258959306
0.397461468140608
0.035708887843324266
0.6438173859312463
0.237800787918649
0.6162713745626286
0.31543562181760676
0.4221596072445225
0.31216210685113277
0.29595680013006787
0.5321340257392865
0.5077547147247407
0.46433145971122114
0.49971578592649446
0.44239885186483285
0.8081566028031257
0.6532888796099661
0.20461639419733635
0.5181462054076794
0.9302777917653778
0.5931814488527987
0.9265684265539821
0.5764493377870225
0.7632232779028041
0.7748130905335187
0.7809888612912986
0.10491409947614416
0.36424215412389305
0.6507886778904891
0.3089194019489202
0.3548036601769451
0.32901202989096845
0.45873887872962094
0.7085760807110224
0.08844918860012962
0.11196508909115055
0.23062225613880882
0.7193096012330173
0.21219260763215542
0.8331206044389466
0.1486700541504351
0.24219895172568795
0.4802191563640772
0.8996542822596443
0.8035015329530087
0.47876960211613095
0.2916575343578438
0.5871886289347175
0.33789426587790417
0.01308672611502859
0.2737396047317391
0.43934124259406016
0.78605712884619
0.49182176101475406
0.87447464163135
0.3669953691966954
0.5109805473077484
0.9642365883743339
0.45783745579742086
0.9777594995673585
0.05657479793728981
0.3622864220447505
0.18289329451372616
0.3165984511499752
0.049621122499597936
0.40417398962596174
0.6159081973419342
0.0286408732143294
0.030602173956550183
0.6889671470024054
0.8592164827010552
0.19572528079867701
0.20268090916013815
0.7484299863013704
0.9458669084400709
0.5943868491235509
0.9641605056442478
0.7683703086677744
0.6565392266107389
0.039277484680040886
0.1715108400176193
0.3033921534475188
0.0190173988200687
0.7371871045431014
0.15012714175717357
0.5824075488445902
0.04810861325189253
0.23510824843476175
0.846902638058799
0.528489644141481
0.45542334698370457
0.052293423093245694
0.8766950088126049
0.1157460905541684
0.7504615380249756
0.20400068189085085
0.7243427306020224
0.3656779164130083
0.641316300806912
0.3550515381429067
0.9647087718206754
0.008074790682627064
0.10245510309563033
0.931054345240155
0.4219683192741608
0.028098662654005735
0.9247643845283533
0.5798303545625448
0.5837566516869248
0.48667982810845545
0.9944832865491349
0.07054407283817499
0.7006775959738164
0.7910824789872632
0.043106384804399434
0.6729645776260855
0.16266079648331588
0.9934217083138348
0.6529685235309355
0.0057767813064417695
0.5788127568663074
0.1431469684016179
0.6323286718758281
0.8987123655589457
0.3025080654851916
0.41345156950796236
0.6951882726651171
0.01707057256241895
0.50465309353117
0.7339872670937982
0.9110708621316768
0.9092923896732295
0.7024810052495634
0.1528275145455431
0.028070864383926364
0.009006638293100777
0.020138165139400477
0.052560468713166775
0.15398124714264105
0.22399170081522057
0.05127938515187025
0.14531896816585554
0.4700180773381688
0.16236471719848156
0.5311989442615137
0.26171703259404955
0.8270298674874761
0.9169409184873863
0.6773673335513524
0.6037003288853536
0.7055791739113496
0.09478800150787825
0.5203462521001491
0.6283600300980164
0.48995728580093134
0.5694695300440029
0.710720152152156
0.9317381378785956
0.8259567664731735
0.1453635430393856
0.3933630197204615
0.6465808325679017
0.2420419649238953
0.16799407960396007
0.26257781886382536
0.2855434643343068
0.7250818345507312
0.9086633483065774
0.5554416395346292
0.08523635729247991
0.3648746354132585
0.91238049414789
0.22516785046665466
0.22550309511372824
0.005464024483284091
0.21942842138513008
0.19301112839958912
0.6270114608311635
0.7014872201958618
0.3487327919938311
0.07799631638833715
0.5417537088514496
0.1746555055363136
0.7365244283867158
0.8190758517999336
0.8952652791581855
0.8903500533967708
0.039791375090304726
0.5537551647954188
0.4736602156770382
0.4857953773073751
0.6733972423866168
0.6793060011188665
0.6887481067972238
0.1743319664106331
0.505428118116047
0.9827189035111914
0.08191983229918631
0.9774429418267596
0.9830068427545896
0.12962742743377142
0.6413420922285532
0.39521549814948254
0.6099094014567358
0.63583244234589
0.810975634251254
0.1599891635925048
0.08238673659287343
0.11053315038015077
0.7895942683149606
0.18951477412071505
0.40781212626677144
0.035430888204937006
0.7464165404164792
0.9918053991384459
0.5730972599084835
0.44456168607936775
0.9689462435038223
0.37280688783755456
0.8971626546734766
0.3947176805053969
0.02465111981988488
0.12068044984431747
0.02902570292537343
0.5944052202396448
0.16827913909290448
0.09300740640481209
0.6845412488729613
0.7350815657362371
0.09553802756877172
0.9724284922457638
0.7221849508866411
0.7585286096237858
0.19023917058574902
0.6825661768232388
0.3283868791406076
0.7757681536291
0.23839793277459642
0.41942863386526585
0.58830354286951
0.6077656254615644
0.33484569602578573
0.4025524789609868
0.432261435102802
0.8352087836122805
0.786075026089393
0.6931643050805701
0.11280676185573235
0.12546784505814368
0.6147631931489144
0.7244843011166829
0.8141295534858232
0.044532157264840944
0.556590228719746
0.41380997430231403
0.7578212459820901
0.3602110706203705
0.056284358403374646
0.4169322165808347
0.5648944595961441
0.6317769904298342
0.5507535403538734
0.6011999723531015
0.2974452115423136
0.6920356962839523
0.06557878561872033
0.8393868326577153
0.07707974376703441
0.7563235333969749
0.24709366496931018
0.7962295045540142
0.4362889115625269
0.4708546454845466
0.3663940933805909
0.3067435779125377
0.2878541130433141
0.08656545766656776
0.22033394240615967
0.3549804129514331
0.8932776872520326
0.9052530647725322
0.61746919000377
0.15047418188708006
0.18677444252979825
0.3822712785073161
0.1554015667973464
0.014716011883806779
0.8086393158041221
0.6994446473751321
0.8802357758646951
0.9195855281540712
0.6347287568656382
0.6520748623809098
0.5887632138228844
0.7776723959421038
0.9584082910972931
0.8371660298349747
0.8754020427402635
0.02578654776383771
0.9044927367969757
0.5986334514509272
0.1401464015902688
0.5445443833328375
0.5026151139833934
0.5813149396950641
0.7661043467737368
0.8202019030445327
0.41062753852065836
0.4347588546304003
0.5769708719851542
0.5206878058518482
0.45912982172981376
0.03134247627972264
0.5863627940979828
0.4481230713526322
0.1453318418278461
0.02699076014971946
0.8370691925650083
0.14494431691610776
0.7124458028247466
0.15028869855579996
0.571769679145061
0.25660065568653756
0.9702522050172996
0.2674240871898572
0.14390315906669782
0.2921187398542311
0.7981383908465557
0.8063190605958631
0.7837551471580254
0.4454460416008168
0.03374151022470484
0.473043370104296
0.007515521326298513
0.9804114273452468
0.28621208875185555
0.5429594587884377
0.3218458323174457
0.9473022160566529
0.3468915314037838
0.08865963976803903
0.46695958112715175
0.07146685912447481
0.7144630684895542
0.566557632284754
0.8252278074180173
0.39208782916919416
0.6238690942194437
0.151438697489647
0.13055251070001161
0.2079749008999069
0.4849092283756222
0.005144683932188254
0.3223979256900864
0.25284309314721065
0.5071771113577999
0.6018224764019576
0.8662094889214147
0.08890006335794609
0.9836911861270878
0.21028474681728393
0.1811770574466003
0.03275419928432888
0.5332165287785714
0.5235198002464152
0.6795532274881874
0.8399262457873868
0.8286677836475649
0.6320468988855029
0.9075701664489961
0.20563207589768462
0.7024688410045521
0.49003209136090997
0.07482319322884023
0.38872707679121754
0.8587679523539699
0.26766778624544707
0.3857615238749823
0.7622471358848671
0.5092921993501783
0.05032371239576039
0.9291895733891262
0.29507996174350803
0.9055303786501229
0.13420590060353632
0.6630248237772997
0.9993366078200615
0.4923537603922187
0.34147137389026105
0.1455030847184976
0.2005102621286997
0.31476322935062706
0.2537801902225334
0.39740287288102616
0.8623525994003007
0.0852210637304589
0.8378190450709788
0.7079045653867992
0.23729486362828645
0.6991882828875253
0.22411085418757382
0.7765049930032479
0.7224941286325708
0.13814503542570022
0.40013412498141365
0.42918056977265795
0.3038538170541646
0.4642438323413065
0.5013741496742669
0.689285721572607
0.9621315864578159
0.28787377086559496
0.1094773067458642
0.698015557361519
0.8067787842747174
0.6557020558514509
0.3463186787784682
0.14430163907210647
0.09674929837646895
0.669241904637638
0.3725634448929257
0.2452452747422107
0.8187461804883734
0.7965501005843939
0.13552427700143355
0.8092045482479939
0.864101283548842
0.5134660873147524
0.8570335957490857
0.06951710375126685
0.752045838736537
0.9317328145321266
0.4571645342768357
0.359148538815507
0.5853390106309712
0.7196977304598543
0.4214319040202862
0.6936662797586679
0.7255009348541088
0.6481317273491507
0.1896850790049016
0.46912982633866274
0.41657377521802375
0.09301284223091444
0.9910490673297825
0.35855468765857945
0.17526075126285667
0.2691217257342814
0.6166282955843956
0.4966027396345388
0.579524900261744
0.9973118739988963
0.461963602549195
0.9643043360089993
0.6041403036530263
0.8292299710941144
0.3072986862862407
0.357298004774656
0.04635052968668041
0.9198350582180713
0.31457578077006554
0.18892554294553143
0.5210115040534287
0.562617682680108
0.5977556156776643
0.3182072188133519
0.83920980432474
0.8219055693154049
0.8588868090956944
0.4294964270491304
0.6620852879910146
0.7054574621540859
0.3405662579251405
0.7968241128918089
0.31372509140686555
0.12959559368752926
0.16862841002808882
0.3579894665681568
0.26018223785361194
0.6038548490157668
0.6336055116172616
0.564660842341754
0.34098353343650634
0.7225371673379375
0.14913322816197272
0.3803544608700733
0.5392943378534847
0.26351976607897876
0.5835004638293033
0.6295860414741647
0.9226917259475176
0.48077849606622536
0.7795539850564224
0.9250950422583271
0.6746209218537849
0.6221872714517166
0.351709399801302
0.11022517372987917
0.005517809015536557
0.26424332030428765
0.9994740329059851
0.331942595949828
0.6307105515066531
0.6193565132026262
0.3904608707777626
0.33526117309180636
0.006786585173053861
0.9767251370102953
0.30733466486994954
0.038058167626513484
0.5282729611940904
0.5533990844512766
0.24396023574420056
0.14892517996884813
0.878208929572695
0.7637776040848572
0.9946920230970191
0.11802461736453784
0.5362733369501836
0.8775331196902414
0.5206684598305837
0.6776373829315809
0.9570836850511497
0.9346465073178928
0.56204916520912
0.9729677634495256
0.09394702835228286
0.034962514362015695
0.5916801029356299
0.5835116669900344
0.6721630289687152
0.0754561157964353
0.2763844433450994
0.009593987940545445
0.10395160538047099
0.020325152387041023
0.07438963281851152
0.8884434948953623
0.28343798825083466
0.1604532275024615
0.023629592526160703
0.5912247424854836
0.3204405989430562
0.516300503030697
0.7125088658519897
0.7274137544891107
0.44162880822672035
0.019413177354820732
0.08809295561501607
0.7828501602529546
0.1017564692517422
0.9767437122895596
0.17664608994164055
0.5881301177051089
0.18110018895046376
0.4168262438553153
0.40038999711147005
0.2866534458146419
0.9684958144397123
0.5543064403585872
0.3131987473997786
0.3344916287955382
0.867156319528529
0.3681155761365029
0.5969035370941729
0.4155982582954938
0.7170481413394907
0.17380859335050436
0.7689434716874035
0.3382833569978779
0.425124280221871
0.26787318990427544
0.9180335924507399
0.9015661420623069
0.8427439049017661
0.8101734326254784
0.40233304788704083
0.23014426486024242
0.20970651103129767
0.0635621342023478
0.9575479973915874
0.17187073943410025
0.2835445743642879
0.7494723573915041
0.2489684939008051
0.18024335855098317
0.9786945226013692
0.5051960382682621
0.4372469930627292
0.8453929729311102
0.07875385787942946
0.5483584243301968
0.004174038216530507
0.9701631950791152
0.4636725537882489
0.7547690549259347
0.9839063456045691
0.9582157086398629
0.5279801342610779
0.32706126022899507
0.1941507418234374
0.8816818168731138
0.4301102963179977
0.02937221186208505
0.4177640239351684
0.05301651791554807
0.5860564955262554
0.29317493476273837
0.7208858172711893
0.45998751974900975
0.9167997802340807
0.3839904728789
0.3745515397025252
0.055575596615173195
0.10276836334420492
0.9004784943327412
0.9195640549562777
0.3889875353504949
0.34649333494186874
0.6091842284537786
0.984334342561421
0.5832674277147627
0.12174789157833621
0.7741687338071828
0.9791996696511418
0.7168701011641904
0.18021067558694315
0.9250394677543174
0.5393673693760601
0.30245818146814607
0.22003862395166296
0.7192046777516857
0.844856213785573
0.029747792391609185
0.2018662572194332
0.5089373488297964
0.2261327336474649
0.4824285367371154
0.01447308578266493
0.11868645359907504
0.5941564942525952
0.7175059518037882
0.06395245303536934
0.09924993958878392
0.555734416021279
0.9171989913917588
0.9153485914833376
0.3673072536189822
0.7515563611664634
0.9035934451556332
0.5678743719862313
0.2591910368170759
0.045052792862779634
0.444391040690149
0.20545498141941299
0.14212203554117475
0.47478319513382483
0.6396363681143056
0.3737652960317962
0.20275824123340047
0.5274367684407125
0.11329491665806912
0.348211317118586
0.009617851848475634
0.9725037117124538
0.46550988098308876
0.8609929446935719
0.841409621518319
0.7469173166886715
0.19240601018512737
0.05251651918732725
0.23294162235532867
0.21132668801649135
0.4453305962932673
0.7408026258074513
0.9440312829745653
0.5012047447974023
0.9085348749268299
0.01601490796011329
0.45501330578271326
0.08991256082192545
0.6636190888945642
0.7887341208017339
0.44163982491834175
0.9066969034645528
0.5765500567706641
0.042994264814303795
0.2968737858299306
0.1310652291211618
0.061971056731235596
0.303435115947538
0.22909100062876642
0.16821400702898848
0.09433170576567962
0.8385961212464412
0.27934250819712736
0.8283825709225716
0.6281131619873448
0.20404873890898945
0.962889754035061
0.3325691000295711
0.1720137073830741
0.833857823836734
0.6310592937607522
0.5146072604703612
0.016231065176053994
0.5342769480402646
0.8016175124927081
0.5749409278057959
0.944184837212373
0.6424455728633711
0.8428910580899717
0.2711682691925348
0.9539774304625013
0.8697296364283019
0.693254915289478
0.04999492057158761
0.9455967158001658
0.41230247133494513
0.9852847113044929
0.08549311966649298
0.39206660898914825
0.42842501267788413
0.8449676223983534
0.5234358107806387
0.8675272904984112
0.09158484027529601
0.0438218927934263
0.1814209923558342
0.544088145300729
0.5774942838475323
0.7531945075747316
0.19723672492376276
0.5505382209728186
0.9668311521043554
0.0008234584428911118
0.8427738971123687
0.4832693548617061
0.006852622579996193
0.2883622479025276
0.1926348918623031
0.5274556537273933
0.880480272489917
0.4821515569283171
0.5533589566944488
0.31698904964494423
0.7160741888256658
0.14920888985551561
0.7702533994539467
0.21917631436771756
0.8484390997548337
0.41881818277035454
0.13994935373259243
0.8415411925030108
0.8601398911496189
0.5780196935901605
0.9834447732620689
0.5612541175880109
0.38185866939672763
0.8366087949807651
0.40429141199360175
0.17046656160883145
0.28852342325369806
0.13709344117959976
0.17532754225805158
0.9653280589891741
0.9682673586216205
0.3633612951544537
0.10800461897288438
0.7960312338450274
0.8324137009070467
0.8622396636100785
0.10144138757688237
0.2354986028252164
0.4524783839477734
0.6325266215812186
0.3211310782539839
0.2681237087896483
0.34422794528299183
0.16032273915136797
0.5375940763682597
0.08425606216539172
0.11126308975175647
0.4141230634243137
0.32875017285825037
0.7810261837400624
0.6579300428223843
0.5877321607709662
0.8977337075776137
0.3944817373846925
0.11781336117668062
0.20729482396111953
0.7550535681638713
0.29270267030509545
0.02938935306557322
0.8024151877280554
0.0919887653691075
0.7755350048152577
0.10257334621600511
0.9229169801433863
0.25311889580908686
0.7021941253496655
0.08246161028278909
0.13583916095849624
0.6618037408313123
0.8768084621396819
0.2948206346643534
0.5177541478813712
0.5889838133078558
0.19119028146181338
0.16028637634373655
0.03369208653945055
0.3933885512702182
0.6788653619879237
0.4955471261772115
0.381884999353289
0.5483425089083002
0.6297495162263557
0.07764008311339998
0.17054427597670108
0.480917144953499
0.16293791899817678
0.46739711487673674
0.47931497092707265
0.18812764160368278
0.9352592722111955
0.22779794837660117
0.46715689101555735
0.7586132917865505
0.36993837512058003
0.21797842473988027
0.8409311402950324
0.22168425051705376
0.7237564277924654
0.8755848970156486
0.3412499627347241
0.892070653551044
0.2694649085458446
0.14893966618546461
0.6055407654171948
0.8252766501264563
0.10900007728870542
0.14661223655696898
0.23043282221584882
0.9689298169937665
0.6370456238854687
0.6847938378683718
0.45716385143016136
0.9827832110973028
0.46125645187917763
0.8301926838686631
0.381865978067054
0.9092800380065481
0.23139140573593808
0.4243398105781012
0.6828280230078191
0.029292293415853043
0.9944503669691361
0.929140164846251
0.8918926845416991
0.9314948013042018
0.31819840415482603
0.39593231354123204
0.5796287940763701
0.7502106360495195
0.9558359427180946
0.29997626743140005
0.48712078397840675
0.6626869378202542
0.16379113442135407
0.9003710323566207
0.011910822737947635
0.3808594493469999
0.7782617475408206
0.4382926888526021
0.5180920337933345
0.014106903763188794
0.13427871002180936
0.9697355785910877
0.31334191134335576
0.5665153212278652
0.6887114707430807
0.253385248892529
0.5769399540738513
0.6112558121996414
0.14502911234187355
0.923173319104369
0.7575302814368274
0.23238024174145355
0.8023357202985777
0.5445427434838996
0.23448654649891687
0.8027269719954505
0.8181744690760133
0.18665832945352434
0.9227404682843313
0.6529659171988021
0.5515598488996112
0.4386130162394136
0.2032679026285097
0.7907847655316558
0.5561119181793178
0.6043142938104785
0.8682796538076796
0.8738661350819672
0.9124608169574695
0.9447240445135063
0.7690357050633654
0.4366311970277945
0.7038471741225285
0.6690121815550126
0.9976984793441969
0.14179456836004722
0.3796352747857715
0.17602063844420146
0.9329176761088009
0.34860940551428476
0.5384296256183199
0.9901939224346605
0.012222432521421744
0.5997242704679383
0.6919123653710092
0.603967441408338
0.03059791234399334
0.010455008155571766
0.11420695586889928
0.34785334327032347
0.9657536980468765
0.6217323251771198
0.741927322386236
0.8958984973269112
0.38205373361958406
0.5282834832991481
0.8762631061376464
0.03465325308888034
0.3393474137349166
0.6792524952222567
0.6585108259051293
0.22978681489273656
0.38576769356085794
0.16278134386877374
0.8386540632617625
0.8049812956264709
0.07514524504602216
0.5107211796228553
0.7751782853729859
0.8795524111757209
0.7489598705983773
0.46293561694417473
0.830549044133416
0.031611133452539075
0.7670243174064835
0.9909473300880431
0.8189812463010887
0.5834748562210419
0.44048184066057394
0.8160306473158833
0.1858175568682343
0.402745690248668
0.9480063179242303
0.9445449727097456
0.7919845746135665
0.18864607214105789
0.237974309303574
0.6689194079608956
0.9828543596839896
0.178570706259217
0.9157540469145237
0.1042686721470596
0.9494333692534209
0.6574812201762402
0.3909279915714041
0.6813342907345968
0.8591425928303472
0.9562542365161649
0.7972210520261418
0.7438458494766053
0.2760170735466796
0.3798846594452524
0.005532214920982215
0.29591490319276703
0.43841545631042
0.43932021908147545
0.9923883788613986
0.26949166901181487
0.702744027997689
0.025084692011018594
0.7658787079212077
0.26970234859506337
0.8209679180798306
0.27586395062195035
0.06109380764519512
0.6667916025494381
0.3686216835536542
0.6286683250396877
0.9365290146014332
0.8122541371632376
0.9338834174580006
0.009292315273956908
0.8420273885097275
0.909552009447612
0.3296710551808498
0.9926951630829476
0.06150212032378788
0.4448394155462624
0.1741464092184687
0.8024286569994322
0.8498723905880347
0.9915849494136851
0.611753243052395
0.5176147528178218
0.4488222995360853
0.06999306849868914
0.7290970096421964
0.7419867758200402
0.3531993658847101
0.18312252547567298
0.0981077322865902
0.29219539188855637
0.6808037520264667
0.21542672499533178
0.28749088771479814
0.8068760875454762
0.2060857795789035
0.8746709876220806
0.658889016874176
0.008810638814378602
0.8908168350182731
0.5361220715345956
0.6259643599005599
0.7564600758055405
0.3291954189690035
0.21318735465583782
0.44594006260219643
0.963482921657738
0.5835562601793942
0.07429033551143938
0.03499573802420941
0.3987451233821202
0.19257894061074332
0.8548341001119408
0.17954514851371295
0.7115943316589978
0.2785539107352766
0.945136344835487
0.9007936090978301
0.1438543896043476
0.5682500073861776
0.5516056025552732
0.4239679332615971
0.14662799711322583
0.9902365330247103
0.8958379797412642
0.13079475361626103
0.08051022921142581
0.750155277824399
0.4381418053190662
0.3040942571058144
0.6524086446533114
0.054285844412692685
0.8136689473422425
0.6864195782462704
0.6053497222788436
0.6168907646957542
0.35585139688111145
0.18903512989596527
0.8435101129751527
0.9316244649476882
0.9771919673004946
0.1307789043339287
0.47434271590319954
0.3834782376132275
0.37771838853038375
0.5612746537156393
0.5020770851565571
0.8453393390503131
0.803298830882344
0.6878994485155644
0.4540625677783995
0.8894308196785974
0.7513591976392856
0.0171620973237806
0.3707296087051276
0.9572665462695811
0.7504311528343037
0.20858870065819102
0.8333403558767892
0.14402939324683917
0.5880430379406066
0.43666920398601816
0.633674987953797
0.19948144086833464
0.40285109939876074
0.8564324748473736
0.6854239688207394
0.4564624206232514
0.6869245382409133
0.904750982717427
0.35268216159593746
0.0712583735222383
0.6762340415685123
0.1846378041888006
0.324074933496624
0.8086046007356401
0.8125489225339532
0.1272898929618742
0.8163301331501169
0.7085478267281617
0.8227134340384687
0.4252902139313136
0.5511169266311496
0.7134303830640085
0.9039101207154718
0.9466022812043361
0.2867868157769452
0.19609136945657935
0.3555105852482048
0.2114925268546357
0.0636830998845801
0.35999105595884173
0.4643808881618554
0.8882856751626474
0.39684118954889835
0.08292559999985538
0.8883223311091188
0.21690638242889726
0.4940702368483577
0.7757348060992391
0.6037250851916847
0.9700487589305903
0.5143918424881897
0.8370444117958543
0.3119865012120778
0.937765563454635
0.1667185724395761
0.31020935551466144
0.04376507272158625
0.3172947724451436
0.003929857078171284
0.09092508125633436
0.10346101178120548
0.09005963078238577
0.8658314806421257
0.8067371524598907
0.6733984046238732
0.8463087048830684
0.21573369650189722
0.886580277703581
0.21382243532391998
0.9160083537523234
0.7096162376254362
0.5897330142058301
0.5285342523929064
0.4209390432665703
0.6040619277701926
0.14719171592437763
0.5321431249921899
0.954272165547894
0.7666397198629175
0.7946978022057127
0.588767485843468
0.3656782357285806
0.0038984419342821264
0.5267297243220769
0.4622825474634027
0.06643832922470383
0.10560364026591684
0.16741345985128941
0.1594252586472622
0.6697714103473393
0.38891724059889055
0.16361361449020584
0.033401222829292476
0.8771463215105038
0.3090035282851099
0.6319030722396756
0.6010731898212628
0.9631400143828028
0.6461563181717307
0.3288887352517087
0.3229190841820284
0.9270117862459514
0.8991526102325345
0.8555052174386768
0.06732852978469328
0.4398782146366593
0.6573473704689566
0.529673708303049
0.3704275303825191
0.09881283898265336
0.7393028503402801
0.43154002352844223
0.8753874515429173
0.18954288649175777
0.038706082550974186
0.10041123523394913
0.7141173852314078
0.2186028098865842
0.8558590825295632
0.7758128324904309
0.9554931561479922
0.2846279117943241
0.5440810502205039
0.912640727762312
0.8677587162672492
0.831323116392869
0.4127250883311939
0.05080584056373416
0.08556554066666466
0.5197983971478818
0.7133142089711714
0.5587226838789684
0.6620731611150521
0.7238964443273506
0.43581775452745386
0.1641874141495464
0.8880139253308563
0.5553186311722358
0.549981283137088
0.5812952432153018
0.8203484300036363
0.6675630301729102
0.07261315332855289
0.07105560644068476
0.7545058913218509
0.9461460071012591
0.4994082978415425
0.9787070209788186
0.5835497393115732
0.9320239375035378
0.4932527794995548
0.14635979976553992
0.2507788633295477
0.4155867725785162
0.05813867436532372
0.8250981030655654
0.7611676965442103
0.6126430836946224
0.31852387243884306
0.8176887285242196
0.44686835793267043
0.5448926599471894
0.08640121101836307
0.5287624855990168
0.9655268036550213
0.4943464322139227
0.8963824018732716
0.282730202768133
0.8763843768355095
0.2533813122606714
0.14326690549930388
0.20483167144427794
0.5450736339138079
0.28866102862311505
0.3321969890977272
0.8264835369205266
0.012125117147904207
0.6160289502992876
0.3990154509602699
0.5831415076839392
0.4662159860555516
0.9905914901277424
0.1977633590223823
0.49825782846775357
0.4936128965749683
0.6607007144160097
0.7797606942440114
0.5525429128927184
0.005953723088218288
0.47228603970483996
0.3766742106704276
0.12335706221728138
0.01306077824011287
0.27092975027725286
0.9384522877225023
0.5886262753351592
0.9246459751831083
0.4308675299329917
0.59792427762679
0.24330162524787402
0.5830334656292072
0.7908779285169489
0.20912852191871822
0.09907399424942076
0.01841747074148692
0.30635547450868683
0.4111937182973333
0.7110237810420447
0.1961347853386315
0.5799737550652033
0.8305438149889073
0.1259663524558352
0.090765848030821
0.8009165290687617
0.5264985714482316
0.352007740293933
0.7476525700269699
0.36509683827348116
0.679455234056872
0.6330431989745138
0.9404646575539418
0.31603530167964744
0.8447780770003562
0.1951940330460954
0.6507822436772317
0.10936718937152745
0.64364928553977
0.8735511655805892
0.07380100145426627
0.47364396623817195
0.9419256850999748
0.8025893037883428
0.180280231514524
0.12890409434241246
0.6194661705659487
0.6682120893838956
0.7323917510815986
0.9522184553409162
0.5195946954763677
0.7743304904525304
0.17847771350679953
0.005598993541505837
0.260964863590734
0.6369025059916041
0.6949776616470874
0.10591489849461955
0.8463642174249493
0.3437260950839187
0.5720642956890308
0.5540107376717157
0.050300583197340654
0.11686494348240628
0.9343357290685095
0.9728516857815935
0.0858415372666056
0.3928801719384416
0.8810851852661143
0.04174274394841504
0.2000979152712089
0.1609381319422799
0.40725860400608627
0.025486189814531435
0.11672239081500724
0.8447469361916194
0.8824674309254741
0.3941149289487649
0.3392277270157692
0.7469123562490855
0.22204904394982194
0.6861052571815637
0.27342288536416426
0.495847679089222
0.8533468034465057
0.32164738553773986
0.35277873230319245
0.7371485041302218
0.32458069352106456
0.12430318334878887
0.511214738407838
0.4358686973878574
0.2521863378669029
0.908161713918512
0.12277255460543213
0.7931467065407412
0.9981907994117157
0.5864769038366774
0.6867892949680635
0.30401688374936875
0.6050378813545808
0.0734098493508748
0.22329044523604746
0.8987757379790903
0.523638089872533
0.42403603651528377
0.4328447568389726
0.46805462014689625
0.39966416396168014
0.9378568406746287
0.135563328368681
0.19779952837247838
0.6424087649110015
0.3556750044573743
0.17214804943470918
0.6309993853402698
0.6338274579612412
0.2920844949388536
0.25883282101550986
0.4584917696148235
0.9323116838035427
0.669369312973636
0.9159032420759151
0.11311454725284553
0.008296945786234633
0.04827442353751221
0.9574897885749237
0.07178516977796823
0.40192805696785805
0.2202995226477753
0.852792781586964
0.8243853584955942
0.6254349343202473
0.3135882971630962
0.6595352465066485
0.9059131214666334
0.6675721278332224
0.38344535431780713
0.802585073321106
0.23615148851760015
0.1098503622080883
0.037307213951043416
0.47825247128073045
0.005088380885190258
0.5296045420032365
0.044679263712392836
0.2965867871368407
0.37229881843513335
0.6846689172328354
0.21603829892952497
0.09388739390290712
0.41549550183058703
0.7952554070414631
0.40972269362785785
0.631992436325566
0.11597643412955327
0.3665105998184536
0.5988811407282539
0.328210130831212
0.994502957242304
0.12928109703343127
0.37523054013813273
0.5435414497589961
0.4767611836960399
0.20915591737586436
0.01244192890732787
0.8769818606372581
0.3235680420142907
0.9516569561967458
0.5845888292539393
0.5646619642084345
0.5925928244564886
0.48474986062737657
0.18595696824937546
0.3302243407523764
0.11230422403715457
0.307471699956693
0.761507610970434
0.03144757167253298
0.3527020419266058
0.9637264453215615
0.19795374753072847
0.4933168615452723
0.7882921195061594
0.6528615458603022
0.6886431073707812
0.17984426204055948
0.13085285662104362
0.2917885576063536
0.2480618563105016
0.3498710320785837
0.7310421886611841
0.47872134303242186
0.05714224603098694
0.16930866681151724
0.6850017049046032
0.7871491951246739
0.4942838079240428
0.020915987917015433
0.29342493021499005
0.4378735894570761
0.022938242488029337
0.07929047883141116
0.2017296792724701
0.04272501572251475
0.2515946226569985
0.3273619812549089
0.3201052356015651
0.7384952091225291
0.24441561384920474
0.5955194650398035
0.8194048806558424
0.8169583796866464
0.5485746080685023
0.15885301407801244
0.6612189329622742
0.4315546014601539
0.9293581638379065
0.6189867993901433
0.980804192627665
0.17613246166822993
0.6867243011312076
0.7087736861960424
0.11425325286159105
0.4957417729502658
0.3038619354476747
0.5396218857481954
0.9844429892661372
0.07451308619958086
0.38005345158952564
0.2665111971327877
0.6561546089244283
0.12933693551893433
0.6566168788029706
0.16845810956985674
0.6115877094847795
0.7853417153385049
0.7479496926493557
0.8604430528774575
0.3088721108882745
0.6804571578569065
0.8577697351067912
0.45851292376217345
0.3962838857091511
0.7725912955037179
0.6491856269400152
0.6944585292073702
0.8894276009707424
0.9726031849180047
0.7791280887953322
0.01740881957432805
0.7331957392929931
0.9530232062402101
0.054606829511607446
0.46726647208422456
0.6204816772074676
0.5379463467384004
0.17543817654906568
0.35275098058643906
0.46394149906333615
0.6860408309500639
0.5859169841869339
0.8470424139072485
0.7775058545989487
0.39412966210448264
0.3850953112233064
0.1641413119241828
0.9320598166437313
0.859007149097554
0.6050597979257494
0.14963468232185306
0.12839816050465824
0.4387343084409644
0.4763094809244808
0.7444232205975182
0.20034629684413252
0.012681965940494755
0.43153979202593074
0.4936931407000382
0.06321617861228113
0.444085762375407
0.47120252370336335
0.18065295513666035
0.7844450927438333
0.902165246566639
0.9709822054366638
0.32591441074173233
0.6533686362108245
0.49851507861527733
0.17507535566256438
0.8087228543635598
0.35799688467986446
0.10829344096330695
0.5115381702340182
0.7284795027579065
0.041529490142095615
0.7584732776884408
0.559659857476751
0.13537930527244768
0.4185680122087123
0.10944562337619523
0.6716558043200161
0.7790308181725302
0.7878582995965036
0.5120050673474744
0.9425482705087869
0.8670276771848875
0.8195457040567983
0.32710386409204284
0.11760454787707952
0.07795032579812256
0.3455415796285827
0.6147982288916098
0.2428338925714313
0.6658230664578518
0.23045642509640563
0.7656195957874798
0.7381505486976192
0.7009285126262743
0.5910269967170063
0.7685617011477612
0.2520457939099682
0.4816405099442118
0.2873087065885245
0.3504188531445941
0.4803149124858487
0.19002768428249972
0.16639910236749644
0.9822127413976038
0.9589348498070988
0.6889195521494593
0.6187253916864356
0.4790547952765071
0.42284507786399106
0.5377293538484035
0.33768069581597593
0.7209498325741936
0.4770511344480559
0.3404813420881403
0.47020240247276823
0.8596935010991551
0.11623171969328794
0.5577377700193407
0.30212641189906975
0.8605519934381913
0.10289163722152561
0.26782137803456973
0.07702997963503189
0.4109958976994552
0.5959832399723316
0.470780803297547
0.6979187295031698
0.5584034650658619
0.9888131422671409
0.6977785547278824
0.8351940781005394
0.7491788298787204
0.8371741843205776
0.5517689751437629
0.6573340611014759
0.6208053210007451
0.9489146710098516
0.24132643234723505
0.8470313131812464
0.07259698704851658
0.7159584407660978
0.3521475267421109
0.8180244698903929
0.40414513950593334
0.16499950525266427
0.19709526182130022
0.9792108331998646
0.8349754350414901
0.864430643854953
0.0588373931973134
0.08913211743949068
0.3165388330360054
0.5981703594568797
0.09526408579257961
0.9554969730169994
0.6082292766854173
0.33574637703285326
0.8084334212284326
0.9968238145002551
0.687544528094086
0.5193706767209934
0.7104041838668173
0.014018403828908621
0.3275095619064349
0.2562863333143538
0.6825594391320673
0.5677998773769903
0.5824036741584911
0.20862175666861216
0.6542653908051639
0.9552883572732592
0.6263208790807852
0.5450162643590533
0.7942475806050965
0.3231573514193776
0.43396637161342977
0.43043575299846026
0.48499656335116126
0.3479078654718981
0.5211858581414452
