32 4 3
0
4
16
17
19
1
5
25
26
28
0
2
15
25
31
3
9
16
21
30
1
2
4
8
18
4
5
18
19
28
6
12
19
20
27
0
3
7
19
30
7
8
18
22
28
1
4
9
14
24
1
10
12
15
31
8
10
11
15
30
2
11
12
13
31
4
5
7
13
17
12
14
21
24
29
1
15
20
24
28
10
16
19
21
30
2
4
17
21
23
0
13
18
26
28
5
11
19
20
30
6
9
20
25
27
2
6
19
21
23
14
19
22
23
28
11
13
14
23
31
8
19
20
22
24
1
11
16
25
31
21
22
23
25
26
2
4
22
27
30
5
9
16
21
28
3
7
14
28
29
8
10
15
22
30
1
13
19
29
31
0.13987173239507467
0.7744244023384782
0.7811507586143093
0.39362870773055614
0.9244790057213984
0.8503760905455335
0.8194751061754914
0.21717821130270298
0.427209956066267
0.6281495348831169
0.2326906331590296
0.12248328204698411
0.9417029290328993
0.9403301536602693
0.8034012561440654
0.005661760361434176
0.2909996583252432
0.4470993169294252
0.3077047294989552
0.6609994421251235
0.4780766953567188
0.11530979589193491
0.3047127110044744
0.9058444796210314
0.18246127055234163
0.6228523999853729
0.16087491372429952
0.46040034168924404
0.03789168954863842
0.182930396451066
0.7771313236982523
0.5770030094687951
0.08933490533362876
0.9398799497041797
0.9227426772053239
0.8935970808617889
0.19801345984187213
0.32719369182379787
0.8741028781364625
0.4755069960472509
0.0656565851341091
0.6630753669200175
0.050255125778838505
0.17219266837061498
0.49354866231287753
0.4645618728054257
0.776850398775287
0.6392158400800398
0.4040932333791064
0.7468151051113179
0.7154859996885997
0.9770860854037767
0.1902476135065495
0.8368943004161516
0.2246703997590831
0.5881552896171008
0.813412283339985
0.840446035870417
0.0969727289680894
0.7678946673477259
0.2990754456642767
0.5361329648189523
0.4171477924093975
0.4798085396354985
0.8112444301135937
0.14626066137263505
0.7563377737001442
0.6291310410836832
0.7715829348125478
0.8737382896156773
0.7450436722057618
0.13577545740821884
0.5216969388753886
0.22426219493436617
0.48255220780618635
0.2884207389412956
0.9475581615501713
0.8360021197565726
0.5548241583323301
0.453069965628942
0.24794298274046378
0.8915256510302867
0.9103352798898581
0.5446350034716995
0.950561421331779
0.5969723954133631
0.39091880194906725
0.7045485122923585
0.20101975488288093
0.584858987958539
0.3011651568316289
0.8667526452495802
0.4770659002985904
0.8069247110225868
0.06597722688117647
0.7263066116111552
0.4390832511699714
0.7349970154416393
0.33653065229767154
0.8490375132475266
0.9941143441690214
0.9585043078680199
0.8784577633347652
0.44994878770454705
0.8289774015482034
0.5122650288029189
0.09281337561245073
0.8015060573222224
0.5015590571733988
0.674190130259223
0.5703508569899663
0.7613584378291033
0.5787897651199139
0.31002318229326153
0.83715279233708
0.4226987140905002
0.04188931741988533
0.5248058301459049
0.49879972664109207
0.30334060295216025
0.005780909677779333
0.5066478812862408
0.3722188475071083
0.2536232599512308
0.38035382691438147
0.8054760592159436
0.2513844704192192
0.6798638514945996
0.17464529623851388
0.7804137455961475
0.187646314664505
0.12021591779518792
0.6067795164784356
0.9268226869279963
0.34036244449619457
0.794032577826019
0.4226080380444017
0.07020923891159081
0.28383568675285864
0.24112020286951175
0.552472129441219
0.6795480228135259
0.44636216687108754
0.1932838884669451
0.49638256344957643
0.3068055125680562
0.7733830192921094
0.3537856341279654
0.7061300725806606
0.4182678264961853
0.08958535832515324
0.7105225093206938
0.46954485189413286
0.58264126493394
0.018737179340178045
0.5272703977423574
0.4541269412806417
0.09587521491414086
0.9849072112905345
0.6290701613481703
0.6211170973982431
0.6533450869539009
0.017207707673142503
0.03347756908141619
0.17828655195510457
0.4647304870030926
0.556458719541871
0.2053653505561095
0.9874968989654715
0.20972016069695543
0.528635062106368
0.4007881981828547
0.47887431998874275
0.1293845650007388
0.6229597197062655
0.004618162326688102
0.4731490995458346
0.3627710563697327
0.9099077301794958
0.9262734469225151
0.18252376556793937
0.5510793891159204
0.7798341951122254
0.5686808047336728
0.7047326914915193
0.8085529250914503
0.6250478790828186
0.19181434277832765
0.17464275394889128
0.7002102519699823
0.21420684766249953
0.2367082725164802
0.5005705083633699
0.7052806196964017
0.22657366230067322
0.09566220165957784
0.0793558107244311
0.6490562012349664
0.8572222037968666
0.7967372433137843
0.43505909127293896
0.45817009693861366
0.4950625529699497
0.30053143561927564
0.8128789511946718
0.3914732565982145
0.33675007018155334
0.7272427782352381
0.6171839030727314
0.520432962149751
0.062291394751502915
0.35340497438379137
0.778921233793311
0.1012923026085677
0.27049647284248235
0.3481240727615501
0.9130004705306652
0.7330592460711092
0.5756881487434439
0.6168683936128462
0.43215704402112776
0.8768088453854996
0.10426654797078949
0.6797010782959098
0.651239466369277
0.31864425786529216
0.2432308903083915
0.10888082888053507
0.03113136133216632
0.48642271290743877
0.02063534635937392
0.13911945685715044
0.4706382586676159
0.6000600151461648
0.2276170303533257
0.9272354279911326
0.0833686690944061
0.7915860892437785
0.6689706723856246
0.633727192117373
0.5554000768161063
0.6816120407281179
0.18380503516390856
0.2928968614847993
0.8787271801430169
0.2802188406318046
0.7495337914044042
0.5934621561800969
0.5439084515743967
0.6072425659348949
0.5909183956859855
0.3025958954757806
0.8242345109416624
0.3065794796199788
0.5060711428069222
0.15841612242399505
0.6432976181420571
0.13661321399619986
0.5532066377683245
0.6427800760938771
0.3428326817768935
0.8541099312401454
0.04329221628194202
0.1743740037699948
0.45494984375708325
0.8241465308622142
0.8911881005803902
0.4761620359764619
0.16809748387102164
0.7924128953527756
0.8803094472256215
0.9823762167475805
0.7163724044794725
0.39626642511231025
0.9092571043065577
0.5488622267101583
0.5966557355085252
0.19472591870447697
0.1939616930712973
0.11069571098443898
0.7198235014305815
0.9758332177579108
0.5973752903010752
0.016173069406241303
0.42210985022665604
0.05060864722653935
0.21291898549916233
0.09710745505858309
0.20117611611557495
0.25643998446365435
0.3853948003023404
0.8804508798444993
0.2299616695825305
0.9578923522747903
0.8361117749054323
0.7336633378533927
0.6128347405296037
0.05888246119609564
0.4238897086099682
0.4461812699432699
0.22801605515075452
0.5740529259928887
0.22772373036207427
0.8785521007351539
0.03554065113578797
0.7491325543869488
0.14275450619202612
0.29495715262199174
0.24643319707497535
0.37715949945787486
0.6613281765161354
0.16579151155495442
0.16192941223115787
0.4412681879989391
0.2860794391335101
0.693112797119576
0.7269467151267504
0.6758512457936309
0.4036182445907641
0.6084600664685448
0.42577806656072836
0.4937395663856612
0.5914246608158332
0.08150856454316846
0.9481589045238897
0.07562118048218969
0.6643722828754975
0.5194987594613539
0.22637236537532068
0.5915491402677925
0.6115697722184952
0.4687542114656631
0.45501011326694907
0.9977294581111684
0.33762534884674733
0.6581795200782223
0.3330120150694996
0.7326125466568003
0.7211033797347225
0.44284987760491445
0.822472470524054
0.5564465978969949
0.08772798524347347
0.49145837535441295
0.2733698596251355
0.5397027553683995
0.7204368987511042
0.8433035410880166
0.018294927779566983
0.4319861886816071
0.40311666334027474
0.7833278889976485
0.37077838126344853
0.6618489018660819
0.8984868699055192
0.6115243514669196
0.0728248730475205
0.9676057835183984
0.4175120254218532
0.953453108092446
0.987083682024687
0.9565884609066531
0.8063957924364874
0.4521298016352713
0.335572460172065
0.585966003959899
0.07438947575417054
0.7339032200136248
0.08644427168897262
0.27543502216452087
0.881905981504729
0.4329022605838755
0.09572754481652146
0.8236069875102678
0.6032994125508707
0.5919230116913851
0.5871121617293413
0.24145002801875715
0.3533431359495406
0.0044872574307873725
0.7811434682604012
0.4249736550199201
0.7566709192717139
0.3284022266205442
0.5321435522352239
0.5188678611014852
0.42470762485818236
0.3439875338737216
0.9022272469680324
0.842819010473886
0.11724470634251871
0.5422377385451751
0.5872358454172633
0.18560969749562828
0.9491586697225447
0.09283759125585223
0.52624169833415
0.826025502553736
0.0962092563814555
0.24820621617481964
0.2261479226301396
0.35047481451386153
0.6130028976858708
0.7521956728008328
0.8234237430286349
0.9614319128713519
0.09444560985077333
0.3447946340205864
0.40180558431115787
0.27050056178707926
0.6759290041528182
0.7156179401375283
0.4779160296766617
0.37385691526765796
0.9445494537616054
0.39196295404403503
0.017725171638851234
0.6861261714916406
0.5130034016642122
0.7893781542231544
0.8092366557965939
0.6896569801855348
0.8214792822077437
0.6159938841317754
0.8279146393225937
0.47602641992845274
0.8498228394636321
0.8117718034031284
0.9469765628396467
0.5220666204673179
0.06325287630976684
0.18505498810388687
0.3643237234407286
0.11179989995780715
0.8369177062032261
0.9020362559841543
0.45233682485565496
0.9319170133072848
0.16492870153748151
0.9008973871210693
0.20100709819683282
0.6063891661124973
0.4210276731670761
0.6099864006063103
0.8623739375080719
0.5011749338899258
0.1680080380095822
0.4553244719520735
0.12765367669179573
0.9768029667113317
0.2321300267245846
0.41585592693765905
0.14596529699640093
0.7388116165538704
0.032169468215032415
0.16342250970308536
0.20260283682548907
0.05983742728914576
0.28924905209368634
0.284508207816343
0.8782546075606568
0.9025773254657566
0.8858916932044022
0.795882495902595
0.5190218323756011
0.9509350173509077
0.49715331850247946
0.6689839821364005
0.7765328433487125
0.7482305002857129
0.10246668592400354
0.9413386027719585
0.1671849981466842
0.24322509609858323
0.9444427551956299
0.35799524185115816
0.23789151728557845
0.08742958182864258
0.9010631551921806
0.6138451788630774
0.19748146479990558
0.26626015397631453
0.6445065136122073
0.8900855981073323
0.5618048097723572
0.8995651001231002
0.13719643108877178
0.06216927496973357
0.36656853678749723
0.3834095800920747
0.7664665640746817
0.5612994477791688
0.38231666496072125
0.18253629346634836
0.07972178411841202
0.07963224753747467
0.3934229755521581
0.3983331737430502
0.8117113098856025
0.7384859312283791
0.6656380238820181
0.29243904068778803
0.5087374562396237
0.46132317573153714
0.7276049721920844
0.67515588831095
0.5710111877422774
0.25421632426432106
0.41750429145732104
0.3623383949844925
0.39270812629548957
0.3962251803283021
0.48836591316156575
0.5201693192894428
0.48282747802907966
0.9934396319510651
0.07072201998415473
0.008494997216975442
0.7769933749618154
0.40733646601927054
0.6608533043017103
0.3792410322758216
0.3982041449387377
0.539878405641549
0.5534906188545631
0.04602177494516846
0.5143727659023098
0.9625432078897287
0.4225637773757881
0.868270923702233
0.20128439300554546
0.17990913087813698
0.12578562371258495
0.3660308898725527
0.9830493230619578
0.41552398545568403
0.18537082683380945
0.6482982694154411
0.9218916180239782
0.7451840671874113
0.7254113912843296
0.5653261940192429
0.4038170178916378
0.4404265140499155
0.039209764034542016
0.3139448170108199
0.5004334859061071
0.6187867346030724
0.33050866365430276
0.7226068024453114
0.291621808001411
0.504300005657886
0.6682331112232789
0.8965019714540127
0.8920703787125328
0.6915655233550417
0.7623450211507091
0.21189783541347829
0.49962656994830634
0.38618167628745115
0.8237320954198016
0.8118795082514905
0.21727209183665663
0.3565364106377149
0.7515153650905273
0.8963338790289489
0.5889583982310529
0.8638367798577185
0.0022693304584922025
0.32638671807219266
0.744121590832957
0.17217855928702874
0.7957284413546563
0.9130236040350949
0.04267416190114637
0.18717842519209882
0.41291803491853274
0.8236720800677652
0.19324801752620946
0.5457376392230859
0.9979979737583556
0.2299231225795466
0.15197083595489347
0.3506499968720468
0.6009175999822229
0.838165080105633
0.24541589405968
0.093469008769826
0.08895260085452072
0.9814926790636107
0.15990903791393796
0.5909286257368327
0.39980389601285315
0.15714392276674416
0.8997258198850279
0.21150737809269515
0.3263432731578485
0.5943960810813811
0.6681555115509024
0.3291672642889809
0.24507731133287258
0.4625810189445968
0.806979032160875
0.05939003273499799
0.17747989285503218
0.7235346509919063
0.25951242780782746
0.13733166061799895
0.4986859988631247
0.05755105503234825
0.8742119543243256
0.46012644474023656
0.7424970650537409
0.9792547813273351
0.6015632873757193
0.5517396105141956
0.5720129914066171
0.05742652285117322
0.7392048888515197
0.2601229195784669
0.0312683967027253
0.3701666838186146
0.9143324181733267
0.3868651551112897
0.48154438232798946
0.7179616600278345
0.7056378794142445
0.39840860630911046
0.07744593989068338
0.44247245196830554
0.814210916848711
0.4754507886970021
0.6403845261312336
0.2932169853038771
0.6913830739100345
0.02086034168287898
0.07720297831424472
0.013329683231606215
0.14508195930456458
0.6548349341769715
0.9752172269233208
0.0971651285361177
0.6077271736231619
0.05186809844014739
0.25662475917064076
0.147388011015417
0.5913320244948664
0.06789944416321203
0.7700498114721348
0.23723137904247904
0.08194168312372208
0.8498718294760267
0.46722653484217425
0.6994161736702682
0.266986752342081
0.22879231673002431
0.3772877135685343
0.07631816840097749
0.5548687278328328
0.14253695845855763
0.5148515315845315
0.39544773462572447
0.7918074600060538
0.0393366884333739
0.950941404459093
0.7268913175565094
0.6195044743148713
0.11078218158011899
0.7166024287344033
0.13828648322578174
0.3094901331230333
0.18641821328939934
0.21374507436948098
0.44341198704604945
0.041009113776474426
0.4315022186521005
0.01413388754280187
0.035424546169563254
0.7124488917816729
0.7452510729413976
0.6787271595521052
0.6964161622190491
0.9097921662955658
0.22584294807550953
0.9364679575203985
0.5193975080573122
0.5028055712446303
0.650707754467587
0.0471134089139329
0.10106269771694609
0.8816722262457132
0.9557383799500847
0.49139033027015855
0.8677152115175625
0.8279466500522137
0.43887578681756945
0.8714503023478057
0.4758400755940393
0.7238570338920957
0.06109074830728378
0.44828728335494794
0.45081887710000645
0.1651086557922481
0.38338113704191
0.1522904265619569
0.05206039308811772
0.33999375500913553
0.1412515285334074
0.7012145704454668
0.22180150686525069
0.7872722944661361
0.40992843675289603
0.1835348619867503
0.8869300516176294
0.6612525472696669
0.6279837139674421
0.10907634001153199
0.01874710349781117
0.746761563278489
0.37413369970129073
0.30001377411642893
0.22881506410803243
0.43568097596949196
0.6687079700072176
0.37922630558053516
0.6976316304187342
0.9724819393146972
0.5330962413416702
0.11715612507699635
0.18795266716331993
0.11380267350132922
0.17933167454557208
0.2704094980535978
0.9211688774692227
0.531536583501076
0.4405285562321193
0.6842753528159415
0.9418159644317833
0.8071697493703306
0.37653004044493943
0.7860800304029076
0.1693298816988832
0.7975126953755859
0.05571275533631481
0.6297894126280316
0.9737481352177829
0.33101962486378234
0.9329956834393776
0.8854712848481746
0.25445173841069846
0.6229852007773551
0.1100240876812073
0.7041789006541751
0.041700336959869855
0.3694535023368679
0.2951032584585055
0.29497309218913437
0.9697913359959336
0.20000188033200483
0.10280888764259011
0.40735567209631707
0.017371328444978684
0.9393044487289862
0.7722334210149501
0.2091580707576267
0.22296454991324888
0.7986596955220976
0.43880730197476103
0.23947837523362647
0.18317366824950576
0.9455544694866459
0.11534532695513433
0.7537715244919665
0.1900197594331411
0.7608029823141925
0.8513746467762019
0.01398011139533284
0.5602177746859149
0.015366310053424481
0.4935192166164074
0.397658805436513
0.09087332631721667
0.39273165240949837
0.3291948260649812
0.5261761487986778
0.5495195261713108
0.2183471782851386
0.7947890744281313
0.8451879729708697
0.12726932848904748
0.9624715299158568
0.8412054366627022
0.3109283653020162
0.9886487701309012
0.8157147069106009
0.18395171480032402
0.6051511902692038
0.21521855765966236
0.36508140702652436
0.9948868129788274
0.4945843777254273
0.9724259487674879
0.37878553480507127
0.7913791736047273
0.6950542309806764
0.25325578045547936
0.4541764231728669
0.22341136693657515
0.5853083238059763
0.0023863252952859293
0.45967907469207325
0.9777834298427032
0.37923035807086003
0.4740457487986006
0.7560434767075046
0.4255510798322385
0.03332546147281412
0.5668655728146164
0.8179778948536225
0.6105815513406294
0.6519290786693714
0.7541715118148292
0.5319622019627793
0.46368934628075054
0.11900477894973716
0.41309351772723835
0.572489525651546
0.35666246683013414
0.5104806614267793
0.9694041745523815
0.3020318528652842
0.3678975646186947
0.17468221529011774
0.6652559623585024
0.14480576834018966
0.8116019170798918
0.19289864106476085
0.5529088062869272
0.8052768505995006
0.6345427356471913
0.2963626876900953
0.2579702011933036
0.5401945850608422
0.517600986783494
0.1177213037484901
0.5958705357484831
0.9421391801822765
0.4707006933896072
0.004966342368825982
0.7930094126502581
0.9395084362222165
0.5157324148177119
0.07951617111963338
0.17309849553163403
0.3919993566839829
0.35803571664052514
0.08019221269335652
0.9736368758523369
0.3027135363199166
0.339700043982767
0.32587541955634236
0.017427457117111245
0.6235603930806838
0.1744726656716048
0.22896339419876222
0.25294934956315773
0.8672215790578297
0.6245876872506871
0.9006366573058081
0.6206321305606554
0.5756477902674343
0.531126011846873
0.43958846811911567
0.320391911168622
0.06617125808053625
0.7138529893140179
0.5150614416010326
0.5694185533291648
0.05339516369287767
0.9851987671661583
0.18542472383565922
0.6983105167681216
0.32521505230289727
0.7789758626865722
0.2947578242390445
0.30319210310802536
0.9694802050439173
0.4773377572962977
0.27318537391032405
0.3409652506546532
0.1679502494800249
0.4365056892619318
0.6775776195424884
0.8415861070805288
0.3453566898688867
0.96226568568847
0.029019083813038637
0.8614824462750144
0.00036831031068995657
0.09696865696229628
0.2092468501430842
0.07668060870689075
0.5550251734916247
0.2421188837751349
0.3187280861334014
0.607798393246785
0.9043588246104799
0.5352049267105182
0.711479126978183
0.3403014316421671
0.033131431321717364
0.1389907454599777
0.570828964813434
0.17114193187724758
0.6847239628745125
0.3807062779978503
0.8939627594105983
0.38910460804826963
0.9469303727526881
0.23199748388638042
0.09273230199103855
0.23425058168315427
0.713573194000064
0.3042440443989246
0.13228124628245674
0.10109706503508409
0.9236377189359217
0.20989018212738153
0.548806746649245
0.9482440827215571
0.12689888323271137
0.5275612303564566
0.49648368871485915
0.11895819955149567
0.7079241958052095
0.16685943121407643
0.8436904698132777
0.8253571944099123
0.1145632601735731
0.6564051805233664
0.5827208486244889
0.41933533171239334
0.9519950751859089
0.7995299683805777
0.3334032721873711
0.9962997994287848
0.4963713345054388
0.8915184367844209
0.18179684087317938
0.7932177551782579
0.5609931017512821
0.5314918033006796
0.4575939264507737
0.5529432129082336
0.7495435285570603
0.01678293814594589
0.9155013072899797
0.041109027174704216
0.715249676928032
0.9161486181580601
0.1580146930120253
0.4882890167619235
0.8794487290426457
0.012297935542870508
0.07406324448096024
0.26676498932708226
0.7120799307358162
0.7935725272636568
0.2879505941284023
0.7903430530694453
0.7415664658481868
0.33738768298252897
0.13074381661165801
0.19969541366962185
0.03122912519990617
0.9887698033282731
0.40088834332045187
0.3639702817777384
0.8084445551934046
0.26623089574921244
0.9651660165502882
0.6969205244285804
0.5615244485815355
0.21408289450067597
0.2621818968953903
0.2819149004724967
0.1378077027545297
0.1632088235066309
0.20572023875286738
0.37229366046613943
0.7140264742186473
0.6682546775438739
0.4853378779497859
0.1057715174867756
0.49146521042738356
0.6648227320502241
0.008211075234921372
0.23230880305502022
0.13177308222882933
0.4005488278763223
0.4850699638210294
0.8352733510136477
0.6164065546037685
0.5231708617641553
0.9749035174544513
0.822631157097796
0.6158125126150122
0.7899066836075245
0.8453754668770938
0.8304978096242002
0.4357545620874652
0.21308777196138062
0.024618008540865266
0.037857136365592514
0.5386373439044402
0.5602203934494717
0.4736655009498517
0.19585680791479831
0.021901739150827493
0.08262825197678236
0.4773723291681393
0.5984596661144591
0.9818855738381701
0.6493198744489959
0.3733202902979542
0.8045153765894107
0.8582002332599656
0.21923977232485214
0.7499813684068083
0.10390587881688729
0.7211668871853332
0.3895659490610236
0.5859470700466478
0.729899458728928
0.1584194420944096
0.5549306383004401
0.2521670522727816
0.3006171705916314
0.028937902855107223
0.30644788391360933
0.8172277834590631
0.7447925142829738
0.6993143352659763
0.9162623486665536
0.5169784819045826
0.2831989610635117
0.41026779001652336
0.3011394687485538
0.8348528631625362
0.4063056702345109
0.07521019783368288
0.5324998842051478
0.0050338264153544365
0.6538173958267868
0.8981285488896776
0.320761598608141
0.7896960826691344
0.11918664759890052
0.16734292463171307
0.7314806311141433
0.4444434831085775
0.5026192736383425
0.6786286741216963
0.006099436418130932
0.03329508203332476
0.9520845834932499
0.7831934621951671
0.8419619999457791
0.3719462784532934
0.2759351476412396
0.1078375921191076
0.3326842210419042
0.7843243746893763
0.6159709761096854
0.9631833861127957
0.9772195965996986
0.21491991064966076
0.4598296288538136
0.44023250669912517
0.6007972321839012
0.812566995030628
0.46665999679230397
0.6903210594322068
0.4237479293059988
0.6735691172265332
0.06785792738862495
0.4652070965390852
0.8942668372783134
0.9036490123245822
0.61276215269872
0.23248065024866638
0.7245471437396178
0.3551671729167277
0.31538753390837104
0.5608261434402357
0.7167293218921607
0.6208069458276722
0.6605619120914961
0.8475285852514443
0.4483024852930143
0.946783505000663
0.31948649470769863
0.08259382373331947
0.83567483926266
0.4283302683619792
0.14360496757809094
0.5821443696007781
0.9515515869211068
0.20789843733410507
0.910674496073951
0.5961499343868718
0.6216664150167281
0.6385689445042119
0.9992975338351282
0.911268537964676
0.4312216375487806
0.5204654120056141
0.509675262793248
0.5945680690043211
0.18702811262518382
0.40401347968674695
0.8634255590516706
0.058065718121671606
0.9110368258772812
0.20672318506988274
0.21759279929841635
0.2978531806201029
0.04618988555378312
0.8322380652969008
0.8788296867060756
0.8346433874405454
0.9838117729862788
0.08091827092727577
0.0006371824393283099
0.8247889976034765
0.5218429062591962
0.5753620667126307
0.10195562857415452
0.39527082596342256
0.4646567356345235
0.8909450810174162
0.1963136257151984
0.13529502985855846
0.35878030891838775
0.061364126812647024
0.8964760398415711
0.4208221516587173
0.6166620592033715
0.028738419193663045
0.13697270012387874
0.23241402366924613
0.955453529352539
0.7713008334534273
0.5078664904142386
0.7166911000798808
0.9366380825287555
0.4315585040328268
0.2356850258168841
0.5092677817484123
0.25389189922260724
0.2647402100494517
0.32341040787875985
0.47627550929708407
0.5772359175325376
0.9175505076972242
0.5751508091642433
0.1483526531022581
0.23023800017114726
0.16405084301312745
0.5145092339443634
0.7991376319685077
0.7639280855625541
0.0804347351096989
0.17642131514971116
0.5079945467122701
0.9988001038500982
0.6409337783026432
0.042253957093103756
0.4696666690204059
0.16985318035985986
0.725955323626343
0.5102382401498967
0.3412363089781959
0.6063445807672179
0.1831513023672331
0.493355036075787
0.26264362805383734
0.7113269326161625
0.35990703650544187
0.3433078423583781
0.7784141200770981
0.23405174994754796
0.05348359889843857
0.7157764831868386
0.3325124150535106
0.4333998184843172
0.454311227535552
0.03333387449662395
0.2221763508945509
0.4685561145406124
0.5790619654540596
0.6909560185770766
0.6943312630043726
0.8790290770382315
0.06751867678782242
0.09009085568428754
0.7278797024614169
0.1795019301901235
0.5908026298953469
0.3970144096532646
0.17983552869238884
0.19814775914050242
0.3817794083137538
0.9322355641135834
0.6206762179477244
0.7347859553125181
0.05248288599674944
0.917032202629149
0.6506912371309198
0.994660814779119
0.6472230705904967
0.21021049477034448
0.2655736851618312
0.3966170564142846
0.49563346428305954
0.5196610568438255
0.9561179143703287
0.846124176103731
0.6490098707658346
0.3721500204463153
0.5957978698945635
0.5845112152316971
0.2614645996029811
0.5412093828253627
0.9542969139621192
0.04362238420678943
0.35436266658675375
0.9863164504409407
0.5706769797346141
0.5416054843327722
0.7262680782868951
0.5101139811677625
0.5670145049749449
0.9817598371073015
0.9162536779943161
0.028338592984006983
0.8537113179538302
0.4518590333906578
0.5028376056473256
0.07865872951279806
0.3096982957574079
0.22774366189820316
0.40622889803807305
0.8703288469932978
0.5235045591279155
0.44016280552236264
0.9343859222869356
0.059552492422310754
0.5053844797408077
0.8661051131453883
0.5521498264315226
0.1740098039837057
0.8005724224167354
0.4504246674018214
0.6371559196339925
0.027239306045078404
0.3946898357897324
0.9816609281405361
0.3269736296966994
0.5594506941475487
0.3915773516517346
0.46639401704043026
0.8592194000932795
0.1796329802394383
0.7659612905121785
0.26756859954876155
0.21635175896725567
0.03867910594141821
0.9099586325307115
0.21220195453167512
0.8438770264072701
0.20251708565201576
0.44619116248665947
0.2632847485610298
0.876583247630512
0.6445148704294956
0.6257471546432714
0.009466585966033447
0.9158118769435982
0.03888903422430967
0.11524648405253235
0.3418847223881134
0.246567882836651
0.15171792598339917
0.40106414603293916
0.008640688848031486
0.025115908507685636
0.8235777662968385
0.8118639277896247
0.014870893793274442
0.518737886552658
0.10842405663945165
0.13818503790607417
0.5945753015524109
0.889453671644114
0.8163218897701783
0.8898580509800915
0.2201826529763683
0.9258379212611555
0.7240578506939269
0.392520008535269
0.3185279609085482
0.3836848964167059
0.8310263573857495
0.717252442591023
0.908061924334494
0.8636949166329251
0.9188865295511577
0.33662580965649935
0.39783897840014426
0.354444138546422
0.2619237927433967
0.6045630698757616
0.8692011957615423
0.4851764595576207
0.02653164034403277
0.5446067317991473
0.5676432215317359
0.5764970991405763
0.8145602860883645
0.5730543640420025
0.08996456118377694
0.9949599742471505
0.5511759924450721
0.49306595309397716
0.6558767267862572
0.692590996626534
0.8701687884922195
0.47159796494716
0.37683979747907614
0.17364719295975128
0.7627691105886013
0.4570143644139727
0.6354437282619156
0.16911440126297184
0.6832383388482343
0.9390596414433067
0.18609911088903286
0.8272615957976905
0.9409612161808837
0.7356716473536703
0.8365230471107744
0.04394258216081426
0.6416768723106174
0.1011128728876669
0.5306499013747259
0.8416836372357066
0.03951815837128281
0.6808686741994154
0.08890320065508328
0.7205193160421176
0.5935314245055788
0.48742921969660546
0.03916581814489595
0.24805456656444547
0.2146832945662659
0.7753899044177083
0.2501025717913833
0.4415699644661947
0.07107556154747074
0.2499149902304193
0.8183724560936935
0.3630925804318713
0.1291485543879224
0.6609274770738898
0.258945988796902
0.5892843573974669
0.19185460393061438
0.33572907001789154
0.7373266403173457
0.3217503666075745
0.04606063192170562
0.6445826161775889
0.11766542312568506
0.3278428522931798
0.32360202890762335
0.6195627193897244
0.48277967059066595
0.9948672129637589
0.7722153484732776
0.5436914851439785
0.3135120677381662
0.4779939555629775
0.8005767327305708
0.777925928822403
0.30904385172223947
0.4847770061219878
0.8360676099989321
0.8456351643451071
0.38610824364333896
0.7023536463413497
0.7744144581032745
0.9601159922444433
0.34113894253447874
0.5770426315419467
0.5811784421089543
0.9151228554754637
0.911122843593124
0.07213272012463068
0.09163846324358083
0.6717444958280469
0.9152552183596239
0.21441438951212166
0.5639334897846431
0.20834653545221904
0.1305471135091819
0.9058548922232127
0.4762206474623667
0.6630512899486984
0.5000775840924897
0.9046675289484052
0.5775358416294014
0.9963456462975644
0.550321191532483
0.345432468108299
0.13241110474405782
0.6052694361749043
0.24381988377672448
0.19908499237663402
0.41957619434530113
0.6278116089619302
0.2769340809304627
0.9046678688942019
0.017408407094932854
0.34987621742153485
0.16246568939575212
0.2755796818245746
0.17690153032197875
0.4934745752294696
0.03721265333103241
0.8354440015231595
0.10800285333205861
0.8579064152106015
0.5925764393306323
0.15420332315342655
0.5306645615282877
0.34058550672939936
0.8879138113433171
0.8106680542816415
0.23070073031062222
0.8573372649626194
0.07116536342026603
0.19644852941699786
0.3413578175328136
0.3714435047394601
0.7582184544918549
0.44443821688258356
0.6436456823319371
0.7998120060399554
0.8329894587558371
0.5711321278268049
0.9014277147759754
0.8301592050301284
0.9992064564587632
0.908454000965714
0.682911351722895
0.9942203801587629
0.38744636572549507
0.06886791942808668
0.7132873817871868
0.8862431066986604
0.08696148896572309
0.2781944198375721
0.5442028859906703
0.9407424445245289
0.7687050882412351
0.6456129909462541
0.0023865508500935384
0.2157645709998639
0.36959930692920084
0.43913727910243483
0.6057749887193734
0.2663328067022228
0.13697269105164112
0.5325211948142867
0.24254494162232754
0.7763246664005519
0.24963103285508514
0.647884391807518
0.1020230746685773
0.9407900529571558
0.3816060953947945
0.44239270754421545
0.07139910897433877
0.44899805116609914
0.4095451382985482
0.21923944197152323
0.6481393442620383
0.17220310673669514
0.839355461253522
0.8653359648182078
0.3755074821491271
0.914802704426383
0.07425554364105158
0.3196900170567324
0.841375942731529
0.15692239106973238
0.6689659089394111
0.13005570900948216
0.5686391708957845
0.39695382679587854
0.4843548760865003
0.4161220422012901
0.12790821459818347
0.5889065528023901
0.3869407502064941
0.2102839242156549
0.2476668531212196
0.6111241179626067
0.41227303017267725
0.3056762580388491
0.8128854376174173
0.4250012831272769
0.095665363283433
0.7855900485154769
0.42274103848286426
0.07828805613573142
0.16492795089181667
0.31359258184247674
0.8992222854534693
0.9947758423892529
0.47108020712778476
0.3327139958965988
0.19892869836778682
0.49836238740501637
0.09125534161712456
0.8541155741732029
0.9563407570165019
0.8982331054991797
0.171786854826129
0.5098171223617188
0.12449930707427692
0.31031045089747
0.7807684805478032
0.40017141568250114
0.8407550197807716
0.7287167670279437
0.45623890479768425
0.5393914549380746
0.5695095178295122
0.24788539781653907
0.9530440916846871
0.13403123557004537
0.633343259843012
0.060682586001515326
0.8803111648540409
0.1237857692867047
0.7531132199077717
0.6733477665481212
0.27325088521844254
0.13400373770100926
0.6972267909045458
0.5937729135880901
0.28160564583858216
0.45653133095491094
0.17674184774776736
0.9706449297996883
0.5474533576283437
0.49183495592036075
0.5308831339103419
0.5200784027179981
0.9422506097877937
0.12296446344540668
0.4396896908331379
0.5379704917670217
0.5151056435215304
0.7616523213801345
0.08740490877246887
0.7155251247896425
0.14299211857104266
0.3188070353098451
0.10501601757420786
0.631007318207902
0.6690731648823313
0.27717822685086624
0.5165516431077828
0.06992023699043315
0.27016243008426033
0.7821234171627457
0.6806042597655398
0.9386745687802971
0.5937878561032397
0.3221726976473871
0.8901993695176181
0.8600560269871511
0.0706675878932378
0.1855267209144431
0.30947552553857494
0.14561406746746108
0.7859985951222119
0.20800877317994493
0.6168483605982928
0.7605065180012912
0.936330626426249
0.3345146724022553
0.004415732232287972
0.9047368829674448
0.7685697524809102
0.001989748086220322
0.8508431480922526
0.7237334589841787
0.40691591915639513
0.521148873574437
0.6804863226655365
0.962608017995404
0.14855269891331535
0.2023908055524558
0.20800730317153593
0.6679222936387519
0.7102238061886483
0.07244615811009836
0.939807218621643
0.004311112671627648
0.1497152829778351
0.5827259721895575
0.8636414554376709
0.7808175410119051
0.10940540091116457
0.5987087442186967
0.8035231138374939
0.013740058210368167
0.7265654594684472
0.2997803294050143
0.9044335585488854
0.14294944915800356
0.460029018064521
0.9940395759174202
0.5331770648843818
0.9876756583707109
0.05168913535388975
0.8892671928887258
0.9221248788314882
0.0948190977507628
0.7410304770880463
0.5035479855434272
0.5361440495242396
0.6644174000708548
0.9501106055791302
0.6653956072062489
0.38187286829658706
0.5926675266008206
0.37537725692923896
0.8069638456285566
0.7474067425092796
0.4039345767285061
0.3526222372420541
0.6888321430058237
0.19861340993065746
0.7467217443714879
0.7332606146922485
0.21082966402337078
0.5305518116989507
0.518364251618088
0.5169694882874663
0.4611925021531582
0.9095006450741562
0.9113473545993538
0.5238455827238422
0.41943129970700777
0.08846022392491315
0.11249542065821128
0.044390877518008076
0.4994566189072501
0.43728773212976435
0.7740018207753409
0.42064779688220333
0.058025348536429266
0.9289279883792005
0.9337622502497057
0.7263007020213035
0.7170373665203208
0.9365088451482406
0.9858250247805855
0.24819078922057058
0.6805368824566637
0.8237068271143073
0.6053521267781669
0.8951070086212309
0.24368897745015583
0.5038121272340707
0.801657722475256
0.33447541431105376
0.614121028748339
0.30162909268851923
0.08334496181989082
0.9456915401445702
0.44892059144522767
0.8627784047116593
0.22125855093414515
0.9989309067151517
0.10993484446212642
0.25907351510154186
0.2605872667795879
0.48869810291538396
0.5363665767940266
0.7769025581595351
0.7438354448678868
0.12176272947346778
0.5881423306211843
0.05196335507109662
0.7193159999509282
0.018947460604799793
0.09731007722497076
0.8295800186114252
0.7992401301005889
0.05326056886631292
0.06015105522791586
0.6856634502733023
0.4377438874065469
0.8844341421918388
0.5572174241050699
0.5193205202101602
0.910751502242504
0.000606338442626364
0.18498488993084272
0.2682815876722294
0.04138767807761834
0.6684293843836582
0.08471572249863424
0.5590891885606466
0.9948377158728394
0.7684644621220786
0.9388199458410426
0.8874466859571988
0.05175408319698138
0.6455498384721592
0.888483033084401
0.6763192503769294
0.4559329648879271
0.5919061978437556
0.70906077837468
0.5513870947849189
0.7163403392885235
0.49268968281816017
0.010544217003935041
0.2747131496753763
0.8220854500763521
0.04943976504027625
0.6133059573807588
0.450461789542257
0.2123956402041114
0.3246553615646127
0.47209288994475285
0.5659122169450722
0.5151897366324931
0.8511125030390058
0.8755974768361422
0.09239913895119378
0.3954024994047045
0.5222043296915387
0.5807367049022254
0.7373891731663476
0.9966679981455467
0.8821797207382494
0.2189882615854648
0.010658794535824523
0.3865202950991994
0.8656263878854847
0.5092626138271373
0.5572876992241735
0.26735067993704253
0.7212370714940464
0.5933482816031973
0.37867699182259984
0.13046074309314626
0.6520985245814138
0.5948643350184281
0.1603379423362522
0.07503555352657187
0.7811247908539439
0.24496966012253896
0.29527156598454873
0.056504254068149296
0.4728160868443384
0.6498400694128832
0.7110656778785511
0.08431539985222036
0.37315026969563814
0.28794027635257
0.8412324181897947
0.524492180419415
0.7462844408845197
0.8299563477309965
0.47772770795105113
0.23053848433978863
0.4675839317306336
0.8909919680786655
0.9043358887085919
0.8739839691213424
0.0041850461551750096
0.631035433352966
0.06413617270271676
0.4068156559681716
0.14305213216468737
0.42918156540175967
0.7026567324888622
0.6228371684404814
0.022544076528326573
0.21554156975872918
0.4553872097000674
0.12775861371483566
0.4504923589516192
0.27517362351246966
0.38576307409425403
0.4479760846728167
0.9700315609534337
0.5467444113466876
0.60970125840885
0.594059119394291
0.320860624728728
0.7040577571894849
0.5302387545909026
0.7123829842748273
0.2121535688932441
0.3594097808238864
0.21442255448815695
0.10255380914430245
0.7530288233487024
0.8420146668997236
0.3100762746427407
0.5204614119960111
0.44077636763618133
0.5363350276682012
0.6759151145447025
0.23534977743514762
0.38874256912992877
0.7730072068844248
0.7939198021873866
0.8774141086511145
0.5686971765734619
0.6274134979429639
0.5156383391647609
0.7049907841843476
0.9599204532417716
0.6557644975498588
0.6428174854742279
0.5496226756010238
0.3507167100751265
0.5800946702378251
0.7892288048699131
0.1657328496374002
0.72123453933999
0.131080543461208
0.864163890070319
0.9296962196350522
0.1865399119977218
0.6902448889695582
0.5448170376800314
0.9393392537873821
0.8980931858575774
0.4165577504072573
0.90144309164067
0.9995939001423335
0.44639850201478415
0.4772555628520798
0.5391984775614734
0.24425666697431303
0.5771489957104119
0.7166315949656242
0.7178145897893593
0.693883768457622
0.26133211514017607
0.8315682401141467
0.28875067312968994
0.14697893781842686
0.9247581312822135
0.7718932306040731
0.6411764369316384
0.21282990068397978
0.4543345370014369
0.4552607188428339
0.9506807897058688
0.4472355456004897
0.9317650158829148
0.3907535474251733
0.17002714852284773
0.6885823063294919
0.702928679598442
0.26077912637962786
0.035762906382073245
0.543752919590708
0.9971630329286933
0.5060608746090487
0.007789073995738027
0.12041076705952447
0.17138719388132828
0.339623238197603
0.5374385185593252
0.7357231244716722
0.4165086069287731
0.9240608927293442
0.7393033124961647
0.14261505987947087
0.7515206942108773
0.2242173046764927
0.7764537924535783
0.1749798049045609
0.6712485154804263
0.38480408175632463
0.15829615878516623
0.19871055618013733
0.9599416132071055
0.6721630744464975
0.6788108143637954
0.6539995745082714
0.28662085348627375
0.1944669377278282
0.3189465185513458
0.8483807375980615
0.30345357641219195
0.04114082779911854
0.6500831379689755
0.45941712456712147
0.15644808356163953
0.4051140792122926
0.13982954792481728
0.8825454205949852
0.9227889204075258
0.2600289577292231
0.2907553678978507
0.06861782703107522
0.9313012869325411
0.07029967236135037
0.7316667389607052
0.048574940182680715
0.9322594795722947
0.06748251964614327
0.968202427381909
0.7164948753040795
0.7377321579793256
0.5023851174499446
0.43616644782060054
0.15237537824738823
0.5291222530366224
0.5449772268383329
0.5011383383423172
0.43899997857758466
0.37504152270516444
0.8438795353436657
0.5980526280270299
0.4345135121177819
0.6343342383545459
0.8608455011749462
0.2747611600641604
0.6227198146239566
0.00353811018765815
0.3879981343467883
0.1154850856169718
0.09908597138328101
0.5552855753951323
0.704812748747452
0.13921914960365656
0.921270847429972
0.7323701605580086
0.5331053240370177
0.5487692858733902
0.42661142122195383
0.7276921128980064
0.3289019278554087
0.11123066645612589
0.8837121451898902
0.832786074456921
0.7302506844330389
0.9338016045973121
0.8673662318314923
0.4134376361744858
0.33246600001097715
0.9148588818423578
0.9806430169720391
0.011517671302374244
0.5215406443729592
0.9176515323792815
0.8407811756910829
0.8189606319384878
0.22281928830919628
0.2922556845277393
0.6324671719131484
0.19542635349848803
0.7607541147898691
0.12539992053008564
0.8908162218085892
0.21805566189664471
0.40390271940989153
0.13544585628268535
0.9509357824886454
0.6765005000445846
0.2932026452393075
0.26741444254270075
0.5116244665146158
0.5576985420703119
0.1277412813056228
0.5739370518391111
0.8663068729188791
0.3381118437180699
0.02222052647258521
0.8583705993087551
0.11270910764777498
0.1766182051721168
0.8178339367143809
0.2942529474563985
0.8398219840336808
0.46445702305526115
0.14554307195560767
0.45362185306285385
0.9207563059869568
0.1733951246582044
0.8986798955283573
0.49190928418346147
0.7839249540586171
0.9058983972345097
0.7251909075345464
0.4289068729528801
0.9164154893574921
0.5959742738634658
0.66187456637609
0.8444701989934921
0.31582416547478376
0.3185840039753802
0.5878249672984436
0.5739215163648976
0.9097545703006635
0.9722631435672954
0.9092525704596555
0.33219053411337673
0.5900189133760885
0.5750914968288724
0.6395072322785539
0.0020983116535814306
0.571308723966105
0.8075960914076679
0.34024043118722314
0.412153830516089
0.242480976422918
0.5920729861439707
0.24562276856911813
0.7157080883960866
0.20765243177989035
0.4811285452251004
0.29440716500122244
0.6266090534511063
0.32093445805953913
0.6530636896810331
0.09400033677591346
0.2741794422704249
0.5708611476533424
0.40218592077032145
0.9527487886556195
0.1944064757683348
0.02233826442176834
0.4855485730670892
0.8264355799324967
0.19008928349663912
0.2237648909318919
0.7628296315678433
0.9222796894460742
0.9044184218070326
0.6658585196797498
0.9124324264395879
0.7510566337531865
0.5704301864494471
0.010454940297115134
0.6058590541413842
0.5079602724925014
0.0975116507321857
0.6828752779125175
0.5710617962267176
0.07183705866404066
0.8571957300743873
0.4384950984904402
0.20272361183820697
0.39756605809614787
0.6127436996617844
0.18401028362069471
0.31031197772882535
0.4108528397157355
0.8794641242439715
0.8508847063991538
0.5097366472732956
0.3491768001379755
0.5589739408587717
0.04751723181708056
0.5891105463986669
0.05851482697380017
0.0963832551075855
0.49194212049775454
0.6697725991074857
0.3212141146640525
0.36296719271675626
0.13383228588494955
0.6488063384811901
0.40843786771255575
0.10657562923503239
0.8759019672099748
0.012409977975388231
0.18261001253476838
0.06254796091133563
0.9240955272677118
0.4207522336046966
0.5940848407218915
0.48606933419317977
0.18745495850581984
0.8063901701202926
0.618656992235566
0.060454083979347706
0.2628393685924345
0.13742810583181386
0.47830716631472114
0.504430398573784
0.32206290035552254
0.7371390448486046
0.34963686930043714
0.8435205312632527
0.7256421927342954
0.29433917333149484
0.8750040099302847
0.1568049474682044
0.1072178608354507
0.13040188871911684
0.18805449275073316
0.43555610827915237
0.38516449279031806
0.4910401391123117
0.1695183263422173
0.505190317261999
0.9741019562537461
0.9799696127829352
0.0806083788252232
0.5634271481885696
0.056945029020431304
0.9127499317406433
0.8848865618126169
0.8188239361831138
0.7880559167759313
0.36248823184800216
0.5829459934974723
0.26447238031398745
0.1385956909658932
0.9266584049862924
0.9156691430820559
0.8796859051378862
0.8458327390973308
0.31061880330207126
0.5242414990187922
0.9639932371309917
0.7768040570967547
0.2562284992945896
0.43057886696734016
0.14536661144133878
0.5132263390739915
0.7489885813514515
0.7103618283353785
0.8182955952551171
0.7131121439979734
0.5394640994215693
0.9633807904605892
0.271857584066719
0.30848895889950734
0.7713727954496331
0.9572860922910282
0.16644883836224544
0.6505260067678769
0.04953425693522173
0.6138207477704356
0.8605761533058466
0.18502770722632322
0.6554853174195923
0.08135255225161098
0.4770734752154904
0.2815054698355989
0.7706125027674898
0.2134994101156611
0.18834687133072414
0.7892098076129239
0.018646026784807423
0.5807280157871072
0.5069627207156246
0.07301319154796848
0.1254674712120507
0.39361868242499953
0.20827257591218107
0.26831782736652476
0.756020415090575
0.9108855952482128
0.8157602033447978
0.01567093413105114
0.2406802999173865
0.4960997207528378
0.30077243574084245
0.7044272366656782
0.21860397531516207
0.22526265485799546
0.7621824003706414
0.6447650173341278
0.09351635399855762
0.4236897823035132
0.6779440776096712
0.3331472654342875
0.6100798070276682
0.7032322120861497
0.10429475916551012
0.6984111104218358
0.19804443348993317
0.8521356536370736
0.535529251715824
0.27832194501218344
0.4805894326047653
0.43502417472208976
0.8487546532769505
0.09422884549766919
0.9484887565243915
0.9889747945418483
0.03958983088037327
0.8767042776754297
0.3180387153476265
0.021542047241658313
0.9505997478184453
0.6598737850179042
0.5887519888008889
0.92886896546491
0.13919588473532984
0.007308398123440418
0.060791340632377455
0.8634132428147469
0.894682426785561
0.5662217748695693
0.834983931013703
0.5668559004275618
0.8871701031766511
0.8133194409690739
0.9779296529755876
0.12092116665712116
0.6152264270410575
0.17111895534136223
0.8937821791300635
0.4958179232405211
0.9595446569795013
0.01379309042817578
0.9394345811680052
0.7008167928854807
0.34193675373996046
0.24826245295688254
0.3104244076034641
0.13731896668690935
0.25371567891410585
0.09101036359206116
0.2544420363195201
0.22207787507704557
0.8458277823294003
0.952688712803172
0.8474766047168606
0.07672727582244987
0.2517089805994379
0.211570745847797
0.2434252813179265
0.2701177169552431
0.41933216541969875
0.5517992916391489
0.6852570557752391
0.8949639065257908
0.33745108229115084
0.055234364506749234
0.5533793614985567
0.9406004083244449
0.32601167673547293
0.4387450693202609
0.4168972469228879
0.3041258150617656
0.11965625949030723
0.5776412199278522
0.25753486945603565
0.4295727087009027
0.5384218836904489
0.5819103116270632
0.4670937427736358
0.21229610331114002
0.6094245963461384
0.4377941090179446
0.2917035264120297
0.6608490653769405
0.9798060050376309
0.9984985649261985
0.7221701414986559
0.5865246491078603
0.7316674516967457
0.4629148158749907
0.25718468572732134
0.38763816906122384
0.18147890961866942
0.1989719879366254
0.5657081434557407
0.16896305165439807
0.06805670753247295
0.4096632674800109
0.17110413581479555
0.07101374961506979
0.6759815552233469
0.3904207169335725
0.24859018739427374
0.9794913483487938
0.8239634148013885
0.24375641568407413
0.16056473585983544
0.18157652853862838
0.0852509322811914
0.667639365909707
0.6336230394768835
0.5176740905720632
0.5679338069539795
0.9999870444605392
0.22168372789190638
0.30625682844305335
0.996672628520738
0.6568823420716985
0.1642786055045029
0.06899050060007983
0.5860806267027956
0.9470473968633792
0.6911049257201619
0.9263130550796566
0.03360781264352264
0.5256821444587939
0.337591445692232
0.7005705032033054
0.7972263998617363
0.18678198942097302
0.3948491530013115
0.7055498896074262
0.4211495826652334
0.8625044585557724
0.8863352977214604
0.616397461786694
0.11217517263039412
0.8357374646864177
0.5575203597201182
0.3955291105714511
0.7324916350839707
0.545567334681288
0.14753488624548117
0.769290240235758
0.7630484626380886
0.5278814824492402
0.8949684614191473
0.5678534474977801
0.42044073221514155
0.9785669399570682
0.5778403159282558
0.4289364090092178
0.686267695631176
0.6775796782754596
0.06448140759100662
0.021641595047071416
0.0020167017522713104
0.3967705850858809
0.318526427506163
0.39491001463006414
0.20647887723236102
0.6008897175525549
0.07751980341120768
0.2247988788557822
0.8096662019448324
0.6952747168993212
0.2841899339482966
0.3599625127645798
0.05104002548455233
0.16435119486891492
0.18652167802321573
0.48199011016368265
0.7165272468414138
0.5162680745520899
0.2395641937698697
0.13471486632386553
0.6339993501392026
0.8485604825220107
0.4022118677835548
0.37198153904357845
0.7743857644899662
0.9375271607724159
0.5229505911368003
0.2302589941652169
0.8198460483598001
0.0888115589673748
0.6957173655634411
0.6865895581669693
0.057379469129311245
0.07568547477589527
0.3190868198736184
0.7334003448393012
0.34149836663688415
0.9349305489790254
0.3673006634616217
0.27301764794305305
0.4735260389993394
0.2928555840053465
0.33288015969591356
0.4176956967021087
0.9382423160995916
0.8784702185957426
0.18502523992944275
0.07531818091189024
0.43492297096882615
0.37857464071921076
0.16706268660990098
0.8083627111497527
0.6207130683881169
0.27680535988583566
0.47342087716740977
0.7195604852643145
0.1431981006889469
0.7620780903717087
0.13641191398193842
0.4167360381476515
0.6268319130715463
0.46798475294116726
0.37045725317312717
0.1861523975746392
0.20173671231510526
0.4809962231276289
0.20611398540212056
0.3633695057026395
0.31625948767556966
0.8686659074681534
0.8451905720239518
0.6873008909043695
0.9122741388023006
0.10293528526075135
0.4547599574882074
0.8577497175043929
0.21439281513245678
0.2013810985790211
0.7848730556882659
0.8403478744860942
0.2704051919591274
0.5591200300491426
0.6775338010073474
0.9300276702828045
0.21357816532728724
0.1197127647259284
0.5512042616135243
0.2284311674086822
0.4007605801046348
0.40573403266295094
0.006189703853885287
0.13389132221902744
0.29639943894485343
0.20943479538317233
0.9950731737382176
0.9181414102505315
0.0552121747718578
0.9153822031983843
0.6347550015624899
0.11064007763658412
0.03773568396247606
0.12336513546855554
0.25305939584762427
0.06251698481694457
0.09883981393266228
0.4625711644309871
0.3626253411949497
0.10755904917043024
0.49921908206489984
0.9471617719968257
0.877422679514432
0.0025776997444748595
0.9494284249214144
0.04071613248420425
0.2685576809659411
0.03484156659746429
0.59044937282379
0.9238015259391302
0.34422154143534545
0.2171040982056367
0.13651860563137785
0.8031084687438109
0.6938335307109049
0.796491838842402
0.1726220187491222
0.4271942293106158
0.637732093275011
0.007625047708552768
0.3714324850436058
0.9762522235587083
0.2241825591230504
0.798919488160478
0.18774559338279995
0.7257470560374637
0.3284182097599424
0.06838635822728034
0.2500097004072622
0.16437608952734162
0.2702633247852424
0.35780902875222675
0.7658412933434557
0.07623664430157517
0.12694167430189307
0.6984405010254702
0.1479413939811084
0.8009637830962155
0.1584141956805406
0.9377555317195411
0.18852151695533637
0.64567771965115
0.4042341628466022
0.6139136422861738
0.16954290161252672
0.15322091601005072
0.6569669580877452
0.07531511051713768
0.7948951021863127
0.8041125938984678
0.2701178364073811
0.4200232611903093
0.01943409298372023
0.8783143291586677
0.8120730845817062
0.09952135681000329
0.35302056958945627
0.0523851852668642
0.0002649719147072016
0.5814788383923414
0.3368987642748592
0.9803339166861633
0.780001366168872
0.8678571592711954
0.6602263913893253
0.5888865869430105
0.0016354379755039172
0.7626909293150281
0.2897635344075453
0.8187096493963117
0.6686070809600831
0.9709572667787616
0.13827241353194009
0.9536556828071387
0.804689816721301
0.15777517085542003
0.9467322269339029
0.14029556419769007
0.6728471280325465
0.6012177895701772
0.32747859211569674
0.5415707079406257
0.8539119054408857
0.018935041504967054
0.5438801871302481
0.08512822143391141
0.1571071914802049
0.5076388929563476
0.759917948953858
0.9061230787253928
0.9428071062730773
0.7478020291954647
0.1319169666297011
0.8504140514609018
0.3842578056365228
0.5498572052828068
0.3564376767818984
0.18702979556258947
0.4198915297082334
0.6793788126434914
0.9716115593323913
0.9171115137940361
0.6735476642893724
0.39136788513154586
0.005241771014226848
0.01889070800333459
0.8058986845194894
0.22586570850082
0.30931165267977023
0.38240530561244535
0.20180844968271783
0.24703223947811537
0.9950937439603643
0.19458184318330274
0.4677199216321687
0.35699764615837615
0.061917645221029494
0.12234733530910602
0.2939812566641449
0.8691645325823799
0.43538224713582696
0.04444673021735002
0.7609375149300356
0.2901645936762788
0.46749791982890443
0.07481797310255911
0.3060500165190888
0.743044389465404
0.9728481829757772
0.5022828827687447
0.8456624106124625
0.6665324079797686
0.16484515896130758
0.8243535908886127
0.28112302765776354
0.8379922623287516
0.3108830459983043
0.7236507670205305
0.10692608446564911
0.8005161218120185
0.7496291533913976
0.35846145187021417
0.7281941285298894
0.17301973752608124
0.878270378853898
0.4088708719206552
0.9925477588658032
0.9265109435612182
0.047844621794436826
0.2193165744833908
0.9787997056474421
0.23227969791248293
0.5062115408952819
0.19990626014016832
0.7127201333997837
0.20275387617697982
0.7084477843011253
0.8825998802184599
0.005027183922767353
0.3430956232068304
0.920473041508375
0.6768237932265794
0.030062969320766242
0.6103872384408408
0.08598575800049701
0.5894779377445812
0.22067785694118114
0.8985614410112441
0.29450178808641314
0.05620569124836716
0.6717981085545558
0.13054395168808708
0.1373240841731349
0.5412397710146303
0.11623437378326285
0.5618032187692779
0.41433215609113916
0.6654341616493095
0.6140055463166914
0.01857676528998531
0.8170244630501513
0.03126972940215933
0.8823146340731248
0.6974084020935494
0.32570220018392093
0.2524246973301073
0.5027914176342295
0.7972329947153141
0.09743022675198987
0.6813306213359889
0.14313692905621478
0.09905938451744323
0.908915685506313
0.9943487650790054
0.9214584843522559
0.311781149186954
0.7762569445569371
0.928777147182323
0.5678686558603592
0.9741807494496393
0.3212125388355207
0.11553972107593702
0.6232561230534803
0.37359329577656286
0.7048267790295838
0.4509066818428743
0.8193292260419482
0.3765540438209751
0.3231722732161366
0.7461340529718689
0.31169969663909025
0.8406748122533254
0.7600375762100171
0.8367440962616377
0.9423540121467939
0.3757307765105661
0.4170399254143141
0.7340643484630559
0.43587711048836786
0.3727079352181971
0.8333650119855526
0.9232215968354028
0.8290956505784458
0.7077017335024075
0.2149437678621895
0.00802456118439454
0.020648296583165027
0.9714380975996729
0.487918961444773
0.033391366039802195
0.6661499443646283
0.17117321982223332
0.15347376820108105
0.5567523236000372
0.21687305688012437
0.4716723847989396
0.521565040679509
0.0767001712950034
0.2240671777925095
0.7516803862257725
0.7904721521606622
0.9822961462176427
0.6327631815103267
0.8806402678218956
0.3578792560039902
0.1595683652589973
0.7514392667493064
0.2653663061854875
0.7147601505445251
0.6243502936588816
0.4625357773794062
0.9045552427818647
0.8979609854832953
0.1439387867015237
0.3369152345133378
0.15714373990905683
0.6160276337501075
0.20814623143694144
0.7101692366599797
0.18239766033041505
0.16430600476020507
0.4759717708894752
0.37293597149487845
0.8884717167999986
0.10638365160850594
0.3584371245207102
0.5972930713685467
0.26776087988816244
0.25506059013825666
0.15214365538700914
0.7843291262979168
0.6670290046230577
0.7385220231246743
0.5810063212163677
0.48829180541914896
0.7914592726616383
0.5627914675737726
0.9589812423014636
0.6587665923855905
0.5145550894562164
0.4891566035802346
0.7942279318710788
0.7049791660684175
0.5927602444942296
0.7090999193386972
0.3858334091107156
0.2835028802635783
0.20576309674216986
0.3984265780044832
0.908861075835619
0.6182793725692478
0.03486008257151041
0.34418943605305596
0.6082977661336798
0.43581349975677164
0.23527017332127764
0.7019874898775912
0.0773486376263528
0.7245856197463976
0.3525765183442324
0.8124174442272488
0.09661716305941637
0.8299855185883726
0.1459105583729602
0.8488018945468018
0.9362091974949167
0.2892822566285297
0.8961954151346806
0.288558684302178
0.7537669772065507
0.4229391188716357
0.2331225319918191
0.09535722294656512
0.8050733900825076
0.4738570217807282
0.4870294162850899
0.9777148241381933
0.6646168864372995
0.9424130475501382
0.34235558145751244
0.7555002815556556
0.7707097497308242
0.45175757690568286
0.828269270568309
0.1761645681394649
0.6469587052470611
0.36090554387350104
0.233025961169669
0.5632165156789193
0.05879541643825237
0.4646852444560844
0.3778760634406908
0.8913130683982718
0.6085366900144313
0.5234767471400767
0.6571670377724996
0.13145752827840396
0.4073845385674191
0.3952699597981495
0.75555501236451
0.0011051337014208462
0.5712182372059061
0.1108439836121825
0.4097207056493365
0.4015303540433208
0.4417333619584204
0.3782572761183919
0.7762135210823756
0.6942765390822226
0.14875669124815982
0.7968902898039041
0.17898644894572757
0.7809542626060314
0.6927903801968535
0.6092114433603124
0.2807616630145845
0.22007018918997756
0.826808329377856
0.8469515357497772
0.450182761460713
0.6497604328434895
0.7474302573137306
0.5582189110654616
0.5154365759421093
0.34585538452554276
0.20864490799758983
0.5741859661830967
0.772568956159259
0.31238778284032465
0.5559783145547287
0.9428042393696984
0.5574065390248539
0.8140562428914888
0.8177021350392524
0.8144654064487085
0.8342537382971901
0.15941228155176757
0.22579588411593188
0.7683347542910156
0.953311515477694
0.1768118739127853
0.22823925626979424
0.6900130841334546
0.579773747798166
0.9659626427757132
0.22944722920227134
0.4134633069602205
0.8364176441358938
0.18149909031633527
0.9895915011041346
0.35846913600519226
0.26477270015360344
0.30511964217614995
0.7343616397203789
0.9566795716639883
0.5880495965871089
0.27168317608824943
0.03912680603480301
0.5061223798360412
0.5293625366214759
0.6075914077432698
0.6167763270448973
0.3388047198973343
0.5205234689427779
0.23831328851082112
0.44076169450878566
0.6994599213028375
0.3062441215277141
0.9207427626939989
0.36125714366125916
0.06881662226964347
0.7828717551925157
0.7481424083000862
0.6269666887514163
0.13733046067177845
0.058419335070920564
0.8800108130386648
0.8143536284606393
0.5317518471452608
0.11694814613321625
0.19562220999791224
0.9336957982208205
0.024585671570756418
0.34182112007168663
0.7636208466035174
0.7157783487503947
0.4831636551852848
0.8869789139514538
0.9388603548016657
0.3873034136601582
0.5289248104753894
0.9288885224330385
0.7609508163908134
0.9919271040420546
0.85742923324278
0.4565373002932136
0.1827332457814279
0.15775170134795746
0.19723242488423876
0.4432085549880481
0.7289694958516788
0.9126624458649097
0.8930502274479463
0.16984784400205388
0.6435719440552655
0.5582598867498632
0.6047597687281888
0.6190486640290833
0.2926340545777608
0.9126007306423238
0.7810240953529192
0.637188883062593
0.13369046013225883
0.7149699846208367
0.09431545125627205
0.9193940283082196
0.22320003089512863
0.5673216752915949
0.9198104264579668
0.2757262059685096
0.6328906911327821
0.5423584977434859
0.14251158250162443
0.06789532694859035
0.7702538088817723
0.689263125894398
0.3284655796197219
0.21243198012799813
0.07341855446274603
0.04450146544030098
0.14668258719513672
0.16479403940583703
0.691796821922856
0.7700443849976158
0.06266122980629729
0.08229329525514151
0.4957403157416933
0.37750144729757884
0.3678415368958976
0.27023304594488873
0.481270829136374
0.9305167240152326
0.8216342944297157
0.2775438694937514
0.02336331771890432
0.8841246533680103
0.37559212999106895
0.270054033854484
0.0659772051485622
0.23877784785366907
0.15506665787905305
0.47853919600071637
0.36583162539721414
0.403905732290623
0.6482308360470647
0.6341422949562097
0.9160428292919873
0.8238028888577711
0.45593902405756914
0.32342816739661306
0.9675017911394879
0.18981571993211266
0.5598023660953246
0.8360823463074829
0.6950693280423628
0.18408604090129388
0.4360754854294442
0.5264270578535334
0.15546201539931903
0.26210709797099596
0.27035119436206034
0.6756307987285955
0.13418816537532086
0.18895804553811646
0.19549896989189897
0.2681714354429363
0.5986159072918044
0.36926697434488864
0.19943327621792084
0.201752913248882
0.6691205130327985
0.9497455394677541
0.9275900434956528
0.009091769630777513
0.9690454381189142
0.24106397174785543
0.5578779392106994
0.306247454757705
0.8176590795592108
0.3522054523873507
0.3115137060868719
0.46272254874570873
0.290381812025885
0.791988440760144
0.9637830495574999
0.691993241225643
0.24352092474570708
0.7088383504410506
0.10750861649617416
0.719739446469858
0.47259342174237795
0.4881368486395419
0.30773760217899393
0.5061284721726631
0.6764873552758044
0.2652498520901897
0.25178199238111265
0.33770543696140043
0.9844599457596293
0.6603339871275409
0.7258491492392009
0.7420382169660943
0.37025325109016205
0.5752168336010521
0.08628960134803743
0.15133199556741184
0.3792798947450532
0.8640331397585412
0.7798629373638685
0.9020626678258136
0.6907256225333006
0.228829036728314
0.8488554658559655
0.8939595709916011
0.026378621177895467
0.5337238027277585
0.04742663613186737
0.5482649357392897
0.33449192322158294
0.1317311805336422
0.251512579025872
0.551619238496358
0.8939510670022124
0.5041677412292442
0.9792574998520848
0.9985265569606374
0.591184013567824
0.8285845823523529
0.2395673325577924
0.8838499603560839
0.2915410467038655
0.29315607761599505
0.056443283479583606
0.8692298218637637
0.5007270956421774
0.0930593073932392
0.09095653270858894
0.6446981151959076
0.6129866852797895
0.22460066466722217
0.3179792148731656
0.2205352436225554
0.7613472090290042
0.5527135879361519
0.7537197824059545
0.2970514547874812
0.4771643706557195
0.610898309794651
0.9533411113214879
0.4361174138718543
0.9916436012048625
0.7368101921590563
0.852755755885931
0.6389227668725966
0.7346291319700657
0.06315010594390214
0.5818537132072484
0.34385145371070913
0.5264169501617121
0.21444633030007998
0.9733850953332696
0.6004207263437751
0.9879803570290522
0.5362465101337882
0.424792721586961
0.4091752461893571
0.1914349875674003
0.9149917481243407
0.12084662451656003
0.9850251000182771
0.8549903859198954
0.054788850656633414
0.5708889086572352
0.4562057618742428
0.9201970289599699
0.9220326606055834
0.04886820422269689
0.745373431781565
0.9775071616165977
0.483127595776368
0.5771612313473135
0.9381869152542167
0.7892305837308632
0.7231032239775765
0.15645880381648014
0.6714529181317762
0.011356537021490754
0.8896461233881787
0.09041214996904867
0.9734146781071537
0.4471832717009996
0.8194324908576861
0.2596106667194722
0.37262679553467226
0.5868296155209188
0.8765516086751907
0.3921846563362055
0.16202929835091406
0.5418494070159945
0.2900868695502433
0.34628257978997445
0.8517880114643629
0.8219890874234004
0.14872345473558535
0.1336322195976235
0.8513206181348585
0.8982388589395421
0.6007881174686509
0.591031817502467
0.2942313186365477
0.7994969011853021
0.7749053867317175
0.0458279818545686
0.9298021718407291
0.608205357502443
0.43342270471230193
0.028820885629794457
0.66022167376965
0.8267066147948887
0.04327923322849836
0.40767568731418113
0.9574722952141259
0.18697626712271243
0.37150696924688587
0.3822216384067192
0.909535853238206
0.9745729421493211
0.5630592872553377
0.5176434086740661
0.29548969675708514
0.7461283381412671
0.9731038963976698
0.009976882506530282
0.6488554425339667
0.5391962551205017
0.4632236300133812
0.6414755794602769
0.12367894905617938
0.9559725307095376
0.23061889117248213
0.4721529829485168
0.19813928270083592
0.4459770971379411
0.06303746250583597
0.03095836989879419
0.7392015107276851
0.0653180394786399
0.8212164945627617
0.5921022057901825
0.24667333951934667
0.26510619916595357
0.816798022548841
0.7529555372872218
0.6053588259641554
0.31582786056267476
0.32828274868787766
0.8060110656924642
0.3405916296060095
0.8133917192374838
0.8479361485699628
0.38524212100409505
0.1539398985545677
0.751867718916082
0.7364823073277516
0.9295624341821755
0.20069378735630172
0.8482653755707739
0.05291357152427778
0.8714844377764613
0.005300607691984038
0.6249144344517604
0.6379858277495978
0.8642587356225979
0.3014637824266275
0.8457015443278375
0.48495232057640025
0.07192924497913089
0.5761541346330404
0.9490957933671818
0.5724803839622488
0.04974330130930793
0.43584830408058695
0.516262356923378
0.8953449317205572
0.6739817699333627
0.08930460683415264
0.776492163854756
0.3589576541285703
0.5680060492406707
0.8659410668730628
0.9708950124010104
0.019037663660563253
0.934097617444735
0.38486215373835
0.005939167990545391
0.9498060966446201
0.9232560156128905
0.28993085692203757
0.7446676454718781
0.2510197112727002
0.5911795470062255
0.018684424272426337
0.16812063510179354
0.11471974431731902
0.02192446656458491
0.8357976895115921
0.4084546666112159
0.13687309153368266
0.7853590486754463
0.803162937513001
0.6282620049910697
0.7345581223957626
0.8448129320609749
0.830288684413616
0.35743435980668836
0.7837543055013693
0.9290767248372145
0.026458696445924357
0.46101823279558407
0.13596058445423143
0.7609026624031148
0.07545228254611802
0.5700416047061043
0.18241001484450226
0.8490669013697428
0.9395896867669329
0.3713732652360312
0.13594552584554243
0.72305078298143
0.7441530841536406
0.3483963860580128
0.07411573896898294
0.42492111299863367
0.9808923858536134
0.05328270545176128
0.8408721252797418
0.5700705177003416
0.21243633434709386
0.6157881173162627
0.5525779040047157
0.14798863237241366
0.8095458213162328
0.8507413755868313
0.389508505958544
0.8804813032039215
0.7315126240970385
0.9369522190277313
0.29145984132314906
0.6750875923002648
0.701481474379974
0.7068481294830012
0.769269240864733
0.6199556469135261
0.722749444120939
0.5557044360979073
0.766179488416078
0.9866521167411599
0.2011069180755637
0.9316014596217983
0.1354451967876329
0.4407292679597449
0.15361256426010628
0.12976380253802433
0.22075106995169735
0.5398097725087758
0.7113926076041736
0.8595341568507029
0.4397437195027766
0.5923282098366534
0.6992572662867294
0.6212679742513207
0.9931648472191219
0.6030154105981382
0.5957968660358556
0.9239309040009714
0.2352707659756922
0.684128286585355
0.03102893765622261
0.522462935098625
0.5074776243325259
0.28915879575091563
0.13399956258981138
0.8615459877020153
0.31407445798372
0.05547721351825152
0.8037400467679031
0.422026056316526
0.9768820613130319
0.7946462281415322
0.10231436215183498
0.09246930452730961
0.09702407642318922
0.020985020391047327
0.6182836638303328
0.6568582914996668
0.7561988244814465
0.4932741847762827
0.14073852789042018
0.536766294299136
0.1491647066770262
0.5439097505508969
0.7818818139178504
0.14805351373858588
0.7939485436260679
0.2977410093219851
0.4949186077990776
0.027514392507434593
0.3365623026702206
0.05636761341643848
0.5513705371027148
0.46325857549224203
0.3233876287078845
0.04608391709267112
0.5390601127289907
0.6003686909056499
0.039110339963189245
0.6235474216717605
0.15166083222685678
0.7452693391798035
0.5373699039371256
0.37210938850447295
0.5361924550683893
0.8579484946426619
0.466090597328253
0.7754057906152458
0.6421515574797939
0.2570208458136527
0.5989216653977723
0.6289570749703624
0.18370616272843565
0.38854583458190206
0.05769012315640365
0.6726182834774411
0.3144291718729484
0.8636746399816347
0.6469325889166602
0.9408868723843706
0.542022705475381
0.7652927635243199
0.4140342735690372
0.28158416854019885
0.26974650522553123
0.06465501795087181
0.0940053281111215
0.9298794629529973
0.07611356191229035
0.9302354206889764
0.8625845062873434
0.2125882736808532
0.26922848683104483
0.06404842417755952
0.6502491706062794
0.36111126994573517
0.47651928697318846
0.5244655882837154
0.3828505709424733
0.5752653887037964
0.0007775520547553816
0.6547419100490903
0.9768574346437547
0.8494452924994313
0.8291341369559814
0.5332132249505628
0.06874612483536602
0.34046151197379215
0.273177726204219
0.44220493711483255
0.9671488631092537
0.34766711262910244
0.2598993427129779
0.12244498291699435
0.06364961185593365
0.5355658084030223
0.35271439509969393
0.15360983790844207
0.8253491402256806
0.32313856836709787
0.9426029291432219
0.11622993387332559
0.17577109831325255
0.28947228132328606
0.5769748465240655
0.6712008720997023
0.6222863182392919
0.7303888285695876
0.4813429798634491
0.03080947369723641
0.5858731547399514
0.5179213626857058
0.2775552505953931
0.8306297855387633
0.5468814536409252
0.7766542907207921
0.5474840538435233
0.4754868844908112
0.17185780111173943
0.4466949180999168
0.5058267370747768
0.03903154881753623
0.41321132939698757
0.7097870630176035
0.9309213491239398
0.1932293214566706
0.731591367708383
0.14629682282507772
0.9135512163646726
0.8399295273739432
0.02633107001491175
0.9642859527476371
0.08797938354441281
0.5852809388782829
0.010408999733555468
0.22769702252906598
0.5990689025652067
0.6725791278228355
0.36354605522485917
0.2773867379899786
0.32602516435887763
0.6788326632418307
0.9220744413315063
0.10547492336088493
0.010228081411371659
0.5554620174092526
0.3270690174709645
0.49827956788423455
0.07776338372890856
0.2853419186396088
0.9551365499675336
0.8572077866159347
0.8481689320929741
0.99578773546452
0.8048242302237313
0.732085877378521
0.9647766976971256
0.7900673450976752
0.9111229888128691
0.5038603442079538
0.7060933853631194
0.23526478912896986
0.9436804732943292
0.486494186739168
0.08014481883147773
0.8998272352066015
0.8833092036822022
0.8077965380254706
0.8072584206679446
0.29443944936995126
0.23129378654634192
0.3303733433028624
0.891663822288009
0.39461815463459693
0.2638195272437832
0.5481119780188707
0.8689870384481536
0.904034722420371
0.7420595194024897
0.010780331758075468
0.9555164033647234
0.21938000428690407
0.42550750702786555
0.1676166408863512
0.9546219158173634
0.3063633083740285
0.770403171279318
0.10558708463165534
0.2335501184914457
0.5192195678188615
0.6938870269877522
0.07648483775457138
0.7876632726773273
0.7653980145152561
0.9883057760959564
0.8341855046880303
0.28005762614543406
0.49021560565899724
0.05683394906432038
0.7552105794161472
0.6860307520570182
0.48213962344928785
0.9153338180329345
0.019928795904060936
0.539662504904011
0.5163247748095834
0.13030875485512405
0.249446906120251
0.6373189457101839
0.0717770269966318
0.009396367494145075
0.9410421935093028
0.442436241886498
0.28567871260475153
0.7058217421198462
0.991150281034706
0.5390124538691231
0.6585783723345024
0.7327827687054801
0.9830577743650449
0.8751497112039031
0.850087719781515
0.33309737913959125
0.6565779499901938
0.0073219300946646415
0.8222204759189201
0.7240022873963591
0.8579784143137267
0.03596608063167894
0.00441695620337379
0.6373752817235047
0.8332960973795238
0.41879636904517326
0.8802949536749541
0.6914494410135898
0.7593295280922525
0.10407747586993676
0.0020832032378821363
0.9709984737273647
0.13123730762175367
0.7537408279787283
0.6871674166473899
0.09391790669282452
0.507588699627058
0.04735774923821434
0.8133013012572474
0.7889535515348206
0.4782230253146068
0.26710606046202046
0.26179227326956833
0.9114349730334061
0.9153055498453272
0.6188610546377837
0.5849804120100282
0.5858214546685812
0.7922234710615367
0.9337650726292407
0.9466421293414495
0.44282188734535066
0.2994302345611841
0.025553947596779092
0.8954229007091961
0.9321734639394094
0.780723831391212
0.3785195629685363
0.08631289467018133
0.5938755541511874
0.030342803818444564
0.6680740737276207
0.6689184817453351
0.48846159277551826
0.10142700013483286
0.17035519477774386
0.21401215908905136
0.03245336971525459
0.8289977692214126
0.5216748403168981
0.8696592154763084
0.8096687515733367
0.49570161460946316
0.6731685327020209
0.21073187127212534
0.35258309839969215
0.543855637845051
0.05708170587354722
0.7485688916394185
0.35072620618837447
0.724758560555107
0.9563237720477881
0.7535364277615773
0.11069577763339866
0.2224391654804263
0.8849612065182376
0.8129512028030205
0.7595358276301171
0.4444396363004276
0.7012110617922009
0.875184214649973
0.36803387340286087
0.6447677198354502
0.4949623877770385
0.56402646042543
0.6948922615436681
0.11743589997838522
0.7386369038499199
0.9585692989934702
0.6242435397078041
0.8476569761384436
0.1972801267278106
0.06011977907229549
0.3542843802858049
0.12955001353193407
0.3372398785732649
0.7312162036152564
0.42938614074006065
0.188510692301754
0.06867344128722552
0.7734898506583425
0.7210035318648327
0.8744697992578259
0.14216778126661567
0.5517819020410268
0.39569650209707863
0.8836508049830966
0.7078944775135295
0.500721171268179
0.3568679199606376
0.7868597429135842
0.9033338180226952
0.9215000491539284
0.9968452926650622
0.9243073710167766
0.005618179145355784
0.849919961419597
0.26748228129110874
0.28279319623163357
0.3833867609799524
0.6101420375525726
0.1965468208739931
0.2878183669559041
0.5651090440662132
0.20918915880202094
0.07521986951431181
0.16661661954614093
0.7299095751143012
0.20196626806712192
0.7211228314667526
0.1680494536983842
0.5231262465727229
0.8137930372626091
0.04043010846993711
0.05183266952792798
0.6041852503594823
0.09383513761217332
0.2902874087393671
0.9328550007220436
0.32293225498533906
0.19223693090413252
0.7714801113653057
0.32016993280272477
0.34035120870897106
0.729241943300344
0.2388552407897907
0.009169655869815219
0.4282666474444551
0.44082884748710127
0.3848809226466108
0.7379167861330517
0.622556729766275
0.28947775933040365
0.8804214407534354
0.2768566773747162
0.621539677831204
0.21321431910427724
0.7987930249405296
0.2927924130228088
0.9023980195846201
0.9893050303330524
0.7927322016272408
0.35253528576423787
0.30954154977871173
0.6874524532030186
0.8860060331436871
0.8136587995645947
0.6004434373065612
0.331996782023
0.7010718710780472
0.08896440973693087
0.7812790328482541
0.9390744727964602
0.719677421547931
0.18298788033349056
0.42379091355920206
0.1470804594441012
0.8591656635224723
0.23580305602874174
0.6090608772454851
0.3836385001632613
0.20910094734339013
0.18254844616137378
0.6501478709662342
0.5263274204366197
0.44291772763209003
0.9237284933199874
0.023211341983833345
0.2911692866846459
0.6918754424845209
0.7009578728664626
0.20220476989488123
0.3596081074349222
0.8584667949541082
0.11222309084673576
0.8567824134671324
0.5081116528863312
0.3156385170637346
0.36723022973589636
0.18737255826724164
0.8485453623510762
0.07175761136777614
0.13708140009154168
0.9751907206065432
0.20652787556159935
0.23483957671419664
0.5315379911174934
0.5743295878221752
0.5041194166158298
0.37584816130134535
0.39409695851516235
0.10464859421615857
0.8976460679980001
0.7227312564407798
0.1605225070265628
0.2430420964084793
0.7963844685597776
0.4203082463825827
0.3988166112025465
0.6951380566387583
0.7319025680318075
0.4442116572345959
0.59009170774799
0.8811937890105234
0.6895177169323599
0.6286361356863203
0.15495317923690566
0.8647229907270609
0.5952227108759643
0.066294672973355
0.5722417461412203
0.7524179805304603
0.6226573061105419
0.6820158551270259
0.0804851394888293
0.8287733213809818
0.5210652202046755
0.5623613348549594
0.9467309491591989
0.9941798694883082
0.26352850288277274
0.7346460538250104
0.8833538880958247
0.2840220707453517
0.6267126005151576
0.9600607878356696
0.9932793552513269
0.2351052520143474
0.07009723564125292
0.844455639883742
0.18758455521158868
0.19831670024210402
0.27476875876791385
0.955653638264639
0.5465787723476672
0.09650578560422352
0.5078600958152966
0.5476932059099875
0.8111170661215337
0.3054326110885348
0.5457478938187612
0.9602310840073999
0.8669722407976637
0.10350437016683023
0.8262608242188515
0.766008752385189
0.40741003696497224
0.9156616870617427
0.04507824321916021
0.4854324778702469
0.23117811356665863
0.8581335231520957
0.649316341729632
0.926289991094686
0.508469210272314
0.5376182450591257
0.37898709466504443
0.916598426692749
0.6799829821471913
0.5651178210782732
0.1619346180119673
0.5208471983991024
0.2878500834883675
0.4795177465775078
0.7965948419581812
0.8247751165922482
0.9014213944941317
0.2546932860729447
0.38860164678033904
0.8402921833330007
0.35787743757948964
0.7076304140373119
0.7675618957582343
0.5767256313666829
0.28062376146246226
0.18879650475240828
0.6509205321639789
0.8706903389812095
0.45170435475157955
0.32881698226044687
0.8529086651596053
0.9357517883041974
0.4954755295235235
0.9733540368168866
0.061906631884635965
0.11840314694905829
0.7990402631056526
0.853325745423699
0.28404221276378405
0.900425878400774
0.7632000995216154
0.06907955162995794
0.7446779424564771
0.09266955190879411
0.5447094491622433
0.7634624305976908
0.07504339106859759
0.2097547972771152
0.07761169404399715
0.40922540861723566
0.33082148621371776
0.09868507550109906
0.8930805880258446
0.25172769927600136
0.5800364271427529
0.24004786467476646
0.9339556434258584
0.7071005546930883
0.7324078310225148
0.06330911220151214
0.46032004030293505
0.2727506869211319
0.962798875107043
0.8564657147177333
0.3397617870434816
0.06790871253858155
0.8674258258838685
0.28800052540561216
0.24617581877500017
0.8948925214655332
0.6108670028091303
0.015311263622631133
0.5297762168499982
0.6220192745440407
0.9167677704062428
0.1571916183548363
0.26014962807268605
0.2364805521644383
0.553479131170827
0.6045525407241538
0.5260918931703219
0.024324195804386828
0.5253771405341974
0.4076990439448266
0.9710704458024569
0.054687980392230884
0.037113709758649804
0.5191749753400874
0.8414092612370166
0.032184926663543334
0.07630019848710956
0.9230723930073562
0.10530082426583787
0.10455842229590606
0.15204378553340991
0.014160807412061827
0.5726028426464136
0.9553073860200174
0.6426835487442084
0.29016321094605735
0.27926539149909235
0.40671090071157345
0.9527603327045215
0.8091909110658677
0.6133207275379122
0.08773133216419438
0.4303319256087479
0.3814248646880992
0.3356570894071327
0.7692439281278407
0.4907697582080147
0.6289410037394328
0.14245787476085825
0.6312466980856446
0.865291971141874
0.5751867739746249
0.8162079068305662
0.26734999600913545
0.9470708353258186
0.7673199490338272
0.9943748924917531
0.8664620464468774
0.9359263841236263
0.23711286789966812
0.8838421798060813
0.972134492877914
0.8065308049737624
0.1786578744337256
0.560670652489581
0.8852866631926278
0.5959861988119277
0.2215524311900181
0.10055603520105216
0.745041811052063
0.9918943190585864
0.6827037673069987
0.3483687933309514
0.11514458985234333
0.6946903141351016
0.5872828523234783
0.5862642917822363
0.5035913333462246
0.4020680066659811
0.8971982929840431
0.6780426493341579
0.34528217419477436
0.4557932221367109
0.4270870792965348
0.25107871827387906
0.3078123372295506
0.8817397315730809
0.025230031532998742
0.560991163550185
0.3334037206877102
0.6319386486655991
0.3753003142985095
0.7661925394620017
0.46169081870109263
0.07417041706726135
0.8562231962416943
0.7999649432647062
0.710500101365977
0.44097537073064896
0.097353166085145
0.8809778739916128
0.9981879539515721
0.2648014672740463
0.517668932760506
0.7586720183968859
0.8957040491460637
0.8254450989112355
0.8585454076551878
0.4144059653512613
0.20725160236106444
0.5275527547675007
0.720269053226441
0.3632587751938031
0.8116737971135536
0.6199715812830854
0.5455945598013423
0.8004623827736023
0.6695651503502053
0.8842574187528495
0.4072821320999187
0.5176969102544695
0.43185135114159034
0.4779534018519557
0.974814781480451
0.3464162896135312
0.09737283733956104
0.7187135125273005
0.7184965229735335
0.20718650060562727
0.5304753596566548
0.9939096301189297
0.7954125080237574
0.39283242734562396
0.4139077478156852
0.3316104195554206
0.11095331139884002
0.7610788787102238
0.6070264907685076
0.4028604914004955
0.09496783481032678
0.04359593829280528
0.7873426768664025
0.2678222762145076
0.639622131559314
0.4701829487334538
0.8898002546743333
0.047528403110343564
0.97370582618803
0.9536505637196511
0.8848876066782083
0.6004806336089676
0.9032824320429322
0.8430332669572356
0.4438692559202041
0.9279117551574719
0.722834321546815
0.16446789178431565
0.6732450899555695
0.5530786193990862
0.4480028616630648
0.12243729864134578
0.5581062148838074
0.027967709777131478
0.8781188956601673
0.6833248733746428
0.18639240529848855
0.6745284197872721
0.18540683173915795
0.7371087808482726
0.3074804244594064
0.6975167617946492
0.5376368709953311
0.49254045177131
0.6881969489227658
0.6161586227623362
0.1146195409752987
0.27887345638309746
0.15972207265129357
0.3004055600278721
0.7828138574939978
0.41886664140789887
0.009670696199009288
0.6569840279416833
0.973472562551514
0.634827982757366
0.2792115922974374
0.7942767285263812
0.3520196139042495
0.3204895179847127
0.1365595199231585
0.6024093334967945
0.7548343870180213
0.04811046391293572
0.9566942002300729
0.3107731537207086
0.68919991613964
0.11187821783597451
0.33896796035115206
0.32484109589211774
0.22793305580445133
0.854088385780139
0.8289809982207625
0.8195870122445348
0.036336391762259224
0.3585548929714075
0.7202920157237875
0.07514097354326377
0.5268574079440184
0.8954169756285983
0.2331802200193499
0.04288331757961372
0.3145976889406541
0.365643953885769
0.9150132637083661
0.2561303262161282
0.1761448573337996
0.35434788641793413
0.567141900211042
0.47761821163676177
0.9456165084413841
0.5084863756247905
0.2791488941896759
0.4318891150986911
0.05003469700580798
0.9513087034627989
0.9469844912704398
0.530817104021748
0.17529029805974616
0.1538569840227867
0.4636058541131731
0.6025262984526436
0.6384894595596528
0.637581919352739
0.3843476876001729
0.2694625247064272
0.5694009092989223
0.3013963856531243
0.9919055405441348
0.6988065239485918
0.593535828497669
0.9805814283033156
0.7851363645311561
0.3860062974349665
0.5798207677004503
0.1480873828502114
0.4375753204039935
0.23541242879552904
0.7226211444753913
0.5013828011945453
0.7753665169746157
0.25634116543361773
0.15338239430377032
0.668376071935317
0.5126566481116468
0.9785342305891138
0.920120555460538
0.30699227779824956
0.15792174116694746
0.43523339482689316
0.5736233617574612
0.12032300097821569
0.5694181652980133
0.29651488419409266
0.024698305906686757
0.8269091280371028
0.48083719203074893
0.27833059726822584
0.4079659930566333
0.40260721800457544
0.12233402677166327
0.8110085127404365
0.957478945636062
0.020012599001147158
0.8897528385175196
0.6890649576307754
0.6909560936112077
0.974927783849475
0.8360680428923011
0.5361348951230184
0.039571415828412615
0.2840131659636783
0.48158885765380177
0.3625616400062418
0.12704852809181022
0.7658139124873296
0.5646129062637748
0.5986931819360691
0.7447294858838261
0.9311083558360249
0.4386299249019012
0.3085732233039602
0.7661098994481139
0.7042155564039285
0.8713712808119056
0.13146959639567024
0.6560507722501581
0.4750167649727396
0.7192216576173718
0.7749298299271069
0.3603219229741723
0.013365117598646226
0.6659542807500953
0.5711833681865384
0.9709836404050656
0.7930092812008253
0.190237465976962
0.3078833141956959
0.586482720387963
0.07838160140000061
0.5272654874428849
0.3821707110587632
0.07727116060643435
0.13377414790080144
0.5160920553372179
0.3264685101474687
0.774288286074446
0.7765159706605087
0.8363938923995297
0.49429351749364003
0.3558837129852822
0.8024436430160243
0.38755942627516304
0.7653791411116608
0.6076323198857967
0.9961033577201692
0.24837811989648184
0.572369598464329
0.8325857107633761
0.4062432695184992
0.9263127863817555
0.750488454065197
0.32901093634010925
0.6940714328828893
0.05076050091726381
0.4581481279219983
0.03923110664650298
0.5795579281381444
0.06246633443470817
0.421553051167709
0.9096312468326018
0.7520219994120961
0.050815133964278836
0.884498380161139
0.4688624051931758
0.8296851967896289
0.668961215775013
0.1689140890879104
0.40773106619800137
0.30438155813887935
0.3004306017846293
0.977852746025846
0.8970877965235895
0.655369452856008
0.7878608832145373
0.3062907170370026
0.31371502900524617
0.531307189850012
0.947070381913139
0.1589041499004038
0.58686495975601
0.9783188465352303
0.9036085034510023
0.3221054403387197
0.94617330248827
0.3661506038626592
0.8068195167703428
0.2529536766516681
0.21003919524344405
0.9206482026134718
0.3128353875152191
0.7168910596196412
0.8673707266749328
0.6688721539038377
0.16836907193174977
0.7910243923452182
0.05085845746533335
0.7901096351148588
0.8644739048123241
0.1260518987404442
0.23840232146721285
0.4205352625280855
0.2999361045452572
0.08170420664424494
0.34776470316348473
0.7017929573886433
0.16560259945253286
0.7999583031159152
0.1299414522953689
0.21276599160843734
0.4019591235219526
0.6809439487127692
0.1944103427567162
0.8814262014274322
0.043908801538539155
0.5236447301392834
0.2244891928415449
0.8198170166131028
0.8572072402313733
0.8123252610471042
0.3077783924339029
0.8221097754996591
0.11675267720999194
0.8016979512684058
0.37806586033730416
0.017147293335319835
0.42157401288853047
0.1278031175878459
0.27616437195254895
0.8610735842530842
0.7290926665415439
0.035998152969463626
0.674942238851775
0.9783524036150479
0.9711954614255336
0.13596423958156512
0.10179079693935267
0.6458327064378729
0.6837708207850994
0.43596276067737816
0.6349652118706295
0.9269590817144813
0.23128584314646805
0.7717435802805521
0.3217004622348397
0.15083802627126308
0.08093063654725197
0.547925569590902
0.9881939507032871
0.6603503909435618
0.09164413715828101
0.804460192174363
0.0857739486883684
0.3793297754457673
0.5233546490836123
0.10882166892047485
0.9046836027568399
0.05773205260046732
0.19375700953808705
0.4076317166707927
0.4883418679636654
0.2457105623713215
0.5115136144313531
0.07487016841674532
0.45333766356818483
0.7824785131550047
0.2762521112994648
0.5020921229004942
0.08496730544658693
0.7650141987762549
0.5615476672033323
0.13055232319930776
0.2222916162935381
0.6843430205754483
0.7186113557085139
0.1665864502621207
0.0440875304999111
0.893852862793951
0.11112140952267324
0.05950210146725998
0.2043641529989667
0.17736040950289622
0.9593691859855662
0.49018885140251
0.09286256986414598
0.4597176067301775
0.3287703518625781
0.2382090106823337
0.8542480596095928
0.6346809442973967
0.8263189188892093
0.21111025912396264
0.08065813932249444
0.9961141813659417
0.5375305114262645
0.819160291632088
0.7970559147568783
0.7575222990741952
0.2154375813266216
0.6284961696606972
0.9402941957121741
0.7837498895239617
0.3380879476499049
0.5857612859978595
0.5712429860501008
0.6415075598390998
0.30753398920633856
0.729903159385779
0.19117765296293499
0.7401061533997766
0.3808401379415798
0.4038689766164264
0.6352430055492696
0.49992143657861954
0.6196408505264466
0.4240814919073512
0.5306808252486661
0.9821591385088431
0.177944145076123
0.2420216202384492
0.6229127184287852
0.41600357547493194
0.23581309134478146
0.7240616954465271
0.9153071642910242
0.23068503517312056
0.9029162790497633
0.36297388688128995
0.8764444674426043
0.34316054916211536
0.24492417673854083
0.46334689858354117
0.8325750181877456
0.2740264435478632
0.11062064213549816
0.2688193520182973
0.8527872083115774
0.8805213492660031
0.11712344289285292
0.19847592043264817
0.8217321269189032
0.5594068844562398
0.31819152988790445
0.12244505904946368
0.8321179909937234
0.40932925410190757
0.42258104789743967
0.7796839450979458
0.2849073262334689
0.382929033072271
0.27137982735363975
0.7571052277234579
0.317066041983627
0.5455173552721552
0.009733776619970103
0.05718327889333852
0.6987827167633007
0.4524784385994963
0.09830091165858645
0.5680409237356242
0.7413367339512384
0.9280059848493646
0.06392599164392376
0.21876635462705718
0.32458309284221365
0.6421982918566268
0.6613042956906869
0.49137652004619137
0.8205344443246436
0.319731702331426
0.7945201240507048
0.17895491688910348
0.48275721661051585
0.7561755470298117
0.3084739936086107
0.6473817320287139
0.810473939353801
0.3036750807374152
0.7218545987869697
0.92417181664779
0.5464677870128241
0.23612038290770188
0.895996818114368
0.5877272753673917
0.19461903643387735
0.986799242879999
0.5443424996570109
0.898509961845407
0.17981670392811788
0.8362833657378899
0.9292062636878524
0.9477998128524494
0.1478642310989121
0.00885945946177047
0.2225685000604416
0.3970698443685273
0.3270538502585799
0.26921018292621135
0.8141903801909862
0.12239627893634986
0.566822567227114
0.05613173071746169
0.5058195490546996
0.8547080605436392
0.7734132320715408
0.9963983783386415
0.08199182214481648
0.1786775244169463
0.7040022566087907
0.3940626416443158
0.022118383771208783
0.2279817926639871
0.3114738031143567
0.764505099001266
0.045985465151834215
0.981627321070387
0.9619032945102138
0.07561006683740401
0.5584016369358821
0.8426185005940968
0.7763712505913369
0.28517201872168785
0.3501910378029308
0.44627801502014586
0.4173176585510793
0.20866024903885605
0.3766799824421315
0.9936014505965424
0.9276851263754123
0.2018070556451429
0.2629246841002062
0.4986786147981742
0.20331828202507474
0.8317983299354554
0.40011924662537124
0.39085270448218035
0.7945002836540307
0.5617385675103267
0.26336281565051356
0.6746797342179127
0.6772078918398244
0.7664639674864135
0.9228849598948525
0.7070071229603634
0.4093107407019716
0.6112959562595075
0.6317838769824392
0.2618577700950536
0.42468263301214815
0.7569638208471263
0.48101824338350496
0.05152559226692677
0.637403357311908
0.5278284924065746
0.24661138397853966
0.028951224990869773
0.1838038896940144
0.6708914748372216
0.46514001507052793
0.17433715097516922
0.04990387489624981
0.02825826153584532
0.32490452083243915
0.35636609752159876
0.7720656939498205
0.44198008127800903
0.2088151618094063
0.5198700991154901
0.27972801702729233
0.9095381659467842
0.23285788000236307
0.5658843854980595
0.020614635172719775
0.46465086120801957
0.8360847540797871
0.4801104387663202
0.7104298595495818
0.5729641688024045
0.30249821148803535
0.5600215236218296
0.7156259500939152
0.7298143853379069
0.8504793055939947
0.5502464809850294
0.9099125469205958
0.4816476416863992
0.050441782609368935
0.07425744174615523
0.048902338426478065
0.4209828110063698
0.271872804610526
0.20575248252219025
0.3690672112015906
0.5443708154061409
0.2732624262041973
0.25803718050130786
0.7248530974086952
0.17008994948659906
0.13468233071227675
0.673763437865967
0.9705620405555803
0.27846800864822985
0.3378900111564065
0.7962758022598172
0.12368162137040217
0.5635169667992578
0.6400584521290488
0.2055560117613553
0.41087301379828955
0.5237383203988146
0.5281027801258834
0.7117614146665527
0.901132145660803
0.40192272837429666
0.10790304702843212
0.5960254741886843
0.9386234244730818
0.8219517520760484
0.13562539297408238
0.7380749847519033
0.1280890854439224
0.8525527432168164
0.5088077306115588
0.4299797310091883
0.7790524292678915
0.592542066003624
0.40836978212883235
0.7909338753655084
0.5089856374352432
0.08570481896687998
0.8523642776109782
0.6287368403946271
0.7660680318250076
0.9950452922406949
0.7032723960220663
0.28802690897054306
0.3017603585736659
0.18749314989781785
0.8114703539163962
0.7116029748145138
0.8774386522948026
0.7123715484648336
0.5936297600124362
0.5745975246313481
0.06081646478504954
0.21401732684289476
0.5135187922601007
0.0426455749774689
0.044558132085132374
0.004313009409727897
0.8177312601312504
0.1228708180315986
0.8068257783996339
0.9720289569158233
0.30212724281974235
0.8083815279530353
0.317828437039535
0.5707888945225618
0.9669596289495361
0.8652279413376436
0.19033580724898702
0.24522978396255457
0.58552700617017
0.4637240257111268
0.4720017118461102
0.2591851119164911
0.8016702398416254
0.6566113491117854
0.30785096929521016
0.9592211178791425
0.17116369053949088
0.4186500872857494
0.6729897526959792
0.5703479772807193
0.9507316957274029
0.7667516125463952
0.3612541169975889
0.20650440309157614
0.9825836961023481
0.9844758849314783
0.9067233537999476
0.4413954761704033
0.2915708556551806
0.30745694595977024
0.22424104578688875
0.23388453498642714
0.42482906273444065
0.8726657713922038
0.3776441619536506
0.7330763413848721
0.4489729331804977
0.47469899769377955
0.3870659291338212
0.23684347196869548
0.2587026263588398
0.8151344287777436
0.46897959229948116
0.6077977132271131
0.7179693937866573
0.7723096493819406
0.0705138020363526
0.5596277695488076
0.31529273568272875
0.0692448267801733
0.7948721895824307
0.4324988169431857
0.10891097609910994
0.750516440727633
0.9594829094973625
0.003056283637822399
0.5591640095645869
0.06847515933248927
0.9735335753676793
0.3946837001033209
0.16617106465058995
0.40439387688852513
0.2802279764527663
0.44784998966763934
0.5906906751694256
0.07724579626514871
0.0359573878481636
0.7749139751846034
0.7111238834069077
0.2266185453400168
0.32337525001110223
0.11260545073757211
0.46869621428910857
0.1771634556473457
0.7442775560824866
0.25708866894632043
0.24141670464891196
0.21309169878472678
0.3977050421853221
0.8105533097211076
0.9858238717300937
0.43346686775027454
0.6291043597375983
0.4370877473897308
0.7887845037303899
0.32091610359002876
0.3174334139761934
0.059378231703522855
0.18311903727564283
0.2068571062168314
0.9299882228340839
0.7468745525515151
0.07505824077274859
0.39695480164863983
0.19854847250352226
0.12344902712452155
0.2542361475757027
0.9771434965140194
0.08180795238047178
0.7782355910872074
0.5740407314127663
0.3653011548291383
0.723671858815594
0.008658015571535227
0.856176354196328
0.5141927398475977
0.6634944693869205
0.40088028134843845
0.8936396731852676
0.9434447295051496
0.1685080451192612
0.5110501055813776
0.9187392389155924
0.8348424281735534
0.9789453570320464
0.22823993907891216
0.5481044061994683
0.9085983264046358
0.3139072843768347
0.212160764187732
0.4077466380051282
0.31391778207735455
0.9375688626137172
0.7673333281034995
0.08640773158008452
0.0783019829817303
0.0831837202370096
0.7112887151179219
0.5036558623671914
0.5679200171864045
0.9628431650796948
0.7009985285644059
0.08956250131625032
0.9079199181494827
0.6723182137865714
0.38382244799342347
0.9130002334431214
0.5750757099223882
0.5198913005776487
0.5052079373025938
0.21712116609722854
0.28493550714666904
0.6554370751275673
0.8265862034407541
0.9973006812305969
0.5976611613917141
0.9923316377525017
0.6055576094862354
0.8204509955494229
0.38831908178775154
0.16588239420729023
0.17324680965654093
0.017629194758551403
0.641422672287111
0.28963623789646675
0.8739710967856024
0.9132160553485849
0.759191308088905
0.09748722818024824
0.7304510232450274
0.7637251195626406
0.5138226148064515
0.7951337325087958
0.9743966920726845
0.646723283810758
0.7053215973542781
0.25849248234167577
0.8369981891197057
0.8432117220432718
0.3913126994205077
0.6917824559167992
0.5481834382435762
0.5360389552758856
0.6225358870762427
0.862208413359551
0.154242263981753
0.6245776896880108
0.5518364579533429
0.7086271353651528
0.7937340462756174
0.6775875119092181
0.7430382828312427
0.08198041982564674
0.36961121936104113
0.9418005790600154
0.2771252182351073
0.6115028401627819
0.622983705895549
0.821073334423492
0.28076703496885624
0.5363233423964282
0.1479946993820428
0.9122058286619562
0.7327059748787292
0.09559144782822371
0.5148604312861254
0.38642941011956333
0.722127546723891
0.44153204708333704
0.07418994248833699
0.13459877541749388
0.07864652500582148
0.5251479057301192
0.7085990482415194
0.9273610403668741
0.808141750947605
0.37301059744124965
0.32575841119437643
0.6781779427706144
0.4253605067904569
0.08013145866420923
0.8395177642219835
0.5367139833864205
0.24869121665503024
0.19914203567696576
0.042014452197512764
0.6941235358718931
0.426320309431927
0.5983370253069296
0.1751418427502387
0.6421130857920461
0.14226803285545908
0.5540311368905736
0.33719396416651404
0.06348916445189767
0.5294013604790118
0.024326128302977645
0.9999844227613568
0.39490116399911057
0.15506701276943702
0.3684075330983365
0.5056422050371534
0.6293058728554132
0.6330466466640791
0.024341098673712036
0.8771595522904877
0.605373532231518
0.4576113964607095
0.6607373679738511
0.04103075497973507
0.6460032458155995
0.0039187299657417185
0.1097768806688153
0.6638212790000119
0.5085899590849446
0.6493033035058959
0.48058664147719066
0.1424606775352566
0.6722021884535624
0.6042236718310592
0.12432020363977003
0.2563831880531393
0.6841730967778398
0.1660902303942885
0.6939708986167391
0.3869665878364813
0.19357041625154714
0.7049664012167619
0.4542628906576225
0.3186998222768229
0.7822168993283453
0.3772675849340401
0.7391842751810977
0.5484005083421845
0.3461555395067718
0.9453699638679974
0.42962266498066437
0.22073602973253637
0.7831308536202064
0.7341434373644771
0.47189736502770585
0.735315576747858
0.9870653641408385
0.08176285922002369
0.9570933759006963
0.9883230082813246
0.18293922213393987
0.9749263838002494
0.701965483218953
0.14034475444400962
0.13766385885650656
0.2537021783667809
0.81005199137483
0.13434121285635758
0.06218211495265924
0.17458329206978718
0.5890945016023437
0.262378399038251
0.27387511304064915
0.875058083233095
0.3436067592712134
0.7865958875323673
0.34999813651278566
0.19132354321481826
0.20071318267361027
0.12654410790547888
0.15013104785867715
0.3088606665349344
0.4849790227624321
0.40109445659306453
0.46621956175309875
0.17203472062977676
0.23537312174477898
0.9236952319068497
0.007739015943280525
0.3706381803283948
0.436261619389096
0.7728765254199038
0.6565952140011866
0.8865330049933913
0.3823664447807915
0.48617042459438575
0.12629837865032356
0.13308091900056573
0.13851309457073202
0.1561890068377375
0.10102604301628437
0.8533339870355511
0.20593984285215428
0.7521791476360795
0.5886457000421598
0.5826573915426099
0.1819315920905733
0.4458290047481407
0.04622261049288012
0.7479757072662787
0.7037138968754342
0.4649782445397763
0.7639106189228182
0.6769945112324469
0.05659369653398505
0.28223963739782565
0.7791620788539895
0.35120626504445085
0.9934567432684097
0.023880949495851844
0.12834775851785063
0.4395550840471879
0.4449272892567244
0.31769711710133497
0.7874673274925669
0.7990527538386445
0.39807426349820985
0.33656402511780725
0.6757810654154016
0.7297412141217312
0.30429670169866474
0.060138386785557274
0.8263870238770956
0.14604182603765592
0.2824618432866022
0.9775792928610243
0.8783295209005848
0.5005754468517124
0.4124382102412252
0.32387495293308555
0.2979039799121377
0.3908398638351557
0.45830062553247886
0.9714300078879031
0.56002598075698
0.959707306424266
0.1428108626954665
0.38352907025051186
0.6958891226418707
0.6002532630913012
0.5631034538966045
0.17227787687927076
0.5097674836947779
0.6243769776319379
0.44479259677736693
0.4523693033688281
0.5915693724203043
0.5891305488161479
0.2842590245569584
0.9375174415750258
0.8964033824712171
0.6452758941459249
0.038244889076708755
0.5533280991021399
0.33442524463879075
0.6814559913276437
0.8646971588936967
0.7702762963442671
0.29782487864289964
0.6357565115590466
0.4589635817415273
0.9318290728004924
0.5552141579868032
0.6735688547491173
0.4679629896702828
0.7065674630237716
0.29364746265623387
0.40880473878848733
0.786341898266734
0.5982139837105984
0.5604735223137791
0.1680580104350441
0.05191336009482905
0.5047718023799562
0.043697548232497385
0.5008202305097386
0.1719520190354249
0.8667231773999814
0.15820617768709322
0.28486586580732487
0.9310089157870817
0.10062637117308815
0.6906514084750721
0.22781244248308052
0.9571140564957822
0.1508848134494042
0.24811345898941561
0.44592029792122057
0.14891811098218344
0.664887174146829
0.5053127658132643
0.10564931117769538
0.6019018961803543
0.17514209754595522
0.4728076116837404
0.3069855206977674
0.5183591207515671
0.4782131463357374
0.7801832535967971
0.46968136692851603
0.8348846126306944
0.6145550631706452
0.3247608678512497
0.23454322077461076
0.5254093278790702
0.7400173595532086
0.744209348765059
0.586144047325399
0.20704147199138812
0.8696244248840026
0.19297694747053507
0.784822046831501
0.3291932775317953
0.6643577621495358
0.4168857853263761
0.3704413312964292
0.08299025457747955
0.5264740068884102
0.9877003030956011
0.8752642719729573
0.3490837174458714
0.8810552947837232
0.31937405729186463
0.7943514771513097
0.09655768720401481
0.9248442319236351
0.7679807307262375
0.966277361796922
0.3815906955682915
0.07777783305483887
0.14136125194429516
0.4214216035427333
0.5258183431787041
0.3138205713100384
0.9565568223638299
0.8264770606252325
0.3508629194773677
0.6644750734835781
0.014398118568734741
0.012674182272231382
0.990802827776187
0.4295185077745517
0.08521524948461612
0.7848003461686448
0.2752781549885128
0.6839551616172448
0.405263066271775
0.6786518322004005
0.8991816359184596
0.3028357573491264
0.19016749992573911
0.41396679481199283
0.017303625354066043
0.10428434164505129
0.20057042571372174
0.2680132466188475
0.08040043178374634
0.5139274305156597
0.575998895553336
0.8108085636790217
0.8018809588141331
0.3456726318651612
0.6460373368223934
0.5533632424648268
0.7157182715275593
0.13832607367157168
0.5783062433808112
0.6908078002609488
0.12143959259076598
0.4134140026142554
0.44220029416532824
0.7344303890405889
0.9357066099130422
0.9871743740483404
0.75443375268601
0.1398396439957328
0.4313037716486361
0.7467272319128648
0.8761547508554121
0.7354255012304054
0.9684198162810407
0.5860646894936438
0.07328249807582965
0.4721418347562826
0.26707799746180294
0.25139532784118124
0.8808296895873517
0.22345863253818443
0.24536038314604047
0.09601849545207142
0.29001530868449144
0.3869046928587203
0.2640008358296425
0.5115450360204099
0.691589966216539
0.5757292001277421
0.4193797439454229
0.05828711110161644
0.41509965257346426
0.49726774499409965
0.36317308923324954
0.7094083889157379
0.25971799971416765
0.5580160406717178
0.7632730141128022
0.6340612773959948
0.6852381161819348
0.41658635886748574
0.32111684091625015
0.2031039083041556
0.39326461989116557
0.3365546009451227
0.7357769762590473
0.5042775989525079
0.33962525336664107
0.47333033467101626
0.9658558042013627
0.9577178016236176
0.47522444648882445
0.613594185348044
0.015057076474330522
0.7722870942916445
0.7308314736829619
0.36211088849491835
0.9482497823701201
0.7879410374547098
0.33752146011333717
0.5382629953092423
0.8300561566926672
0.9960857525155096
0.11160776879297474
0.9031999778075382
0.48009324512739404
0.6035015814547166
0.26011470496996025
0.7804063127129491
0.613129873813734
0.9179530728907357
0.91715326949173
0.17123499402091835
0.8201533281104165
0.8884472745546761
0.8719318907131786
0.2401783701692829
0.5045040721459169
0.5334879634866883
0.801118721640835
0.4321744448458933
0.6836636218053245
0.7247861843326945
0.7951353483098051
0.9600604571662873
0.9372916016683207
0.36518825868571136
0.47635354826847087
0.7378946778494323
0.6327028886726387
0.7127081113855775
0.7247474163093198
0.08754952429755014
0.11672341464859892
0.8632161397351851
0.12402138203888713
0.8875600269600676
0.9293934446779758
0.3377690204204604
0.8141636713117779
0.12005897000849253
0.8671874117675734
0.37005440984350535
0.16206815750657255
0.7587919694484252
0.2772895135803417
0.30695174810698345
0.4705968798060909
0.1111135533097436
0.8238069993695665
0.7383878790950142
0.08070301983570649
0.343715276692926
0.43454040114729486
0.5054356383044935
0.7504419556705564
0.13704401563967794
0.01242433724678571
0.7889030935360756
0.3938728025785684
0.6435682203553538
0.06773132497957068
0.41952792618935075
0.8903157689418205
0.2959417123612046
0.597810366169052
0.77878026214754
0.37583865511058256
0.42306145195953504
0.7416062132814918
0.6690379121802841
0.05630328718340061
0.3298091715181275
0.45296764580476323
0.8738322400308167
0.3209339496752218
0.9623944433540337
0.9008747409116884
0.8848983833750473
0.5164678360389813
0.6524454723758906
0.5612061411546266
0.33406977343223376
0.44498140121435015
0.3696965598255679
0.4339958746800311
0.2363998421439537
0.9268731880587118
0.5087645488797669
0.7341394102190237
0.3681483539739806
0.8240808221525227
0.19576166466604372
0.5019954033212063
0.04140343316845729
0.1442382006520576
0.6973670562410523
0.04114002726425714
0.4206094166340266
0.7404663630249467
0.8452987427534465
0.7964167924630572
0.33435403464790114
0.3195787525191497
0.7527983391798203
0.9907042122323454
0.38146903662417975
0.027807849055626166
0.12263758288681481
0.590200885873554
0.4538391693903855
0.4696003393567346
0.8384364429720123
0.38214774079602587
0.5844870998937688
0.10213527315603532
0.9783525934882551
0.433566174222215
0.18903883856508807
0.764902251764874
0.21793668933954014
0.28919753521338254
0.5021622348243302
0.8844126640872311
0.6802821829981538
0.14207577600951304
0.751517534105371
0.7784454687643955
0.8729669024015961
0.44975023782859136
0.7474695420986701
0.009071388875829478
0.39371746436901556
0.5492840482144947
0.43962319392579685
0.5210610572249077
0.3759909449336768
0.45319299543174985
0.3709825626326215
0.3753442544860388
0.5779405876107008
0.9295026798398927
0.5168734470734816
0.7100887027525533
0.4942563679257105
0.09966683723991654
0.4832153552541095
0.2203811934570682
0.5618776109397734
0.6430308116146206
0.5990275228968884
0.932961149871867
0.6661648543581574
0.33523638907575226
0.6766476275939901
0.012098832022468864
0.6269634013120648
0.5926890767341157
0.05202088145349293
0.22888430653370284
0.4258570235267497
0.5888611941158131
0.4747597894586386
0.024338285828137796
0.5881086054448391
0.6048171049349677
0.6064443490540674
0.46397241472022843
0.8842643860854061
0.10356657292611793
0.42221264465334374
0.8568207296078589
0.22074012232814255
0.21159106959127505
0.6211890622182581
0.7828990248622911
0.8056570022034676
0.540483342188643
0.37654477547395404
0.18215341647849137
0.9179026911134737
0.3637153591371277
0.6429114747526662
0.9099916358866215
0.6879789471153465
0.2401745384312487
0.7879450824037219
0.996830894834142
0.4517012307385746
0.9739446397926925
0.3450694753859995
0.43215086932887103
0.36698984583807304
0.012986730529840895
0.6080502149952457
0.1957126917643307
0.5050484305247129
0.04167891399400714
0.3534390078696744
0.7021785293899448
0.16086552264861154
0.1265379244867212
0.8258017194899976
0.781615376600556
0.9631243971506444
0.9596039681530738
0.7448054465362635
0.9891457612908231
0.7480650830011843
0.9827603892518586
0.6156389583053561
0.1673739114068581
0.9823468704012976
0.19405881654112989
0.7084244652120266
0.8810436496693991
0.34618096046874425
0.7539346681338798
0.9226816381639766
0.8541139708273708
0.525300558248325
0.8869140895971137
0.03931554105554991
0.5404048702728604
0.4000321475392473
0.3092632768073418
0.8462344406507845
0.253318851864319
0.7375871615068645
0.22037711802779358
0.038801570335063595
0.9145114460100653
0.7959311649234886
0.5745490319028927
0.9088829392064635
0.055813177939395664
0.8944072676255674
0.9443735538832058
0.9665639960379705
0.401420997702189
0.21268165071130585
0.835832938789991
0.5842705730619944
0.5063977249141839
0.675625972786577
0.7342873368225252
0.2237596588101345
0.8141041455188223
0.007338210272987977
0.862846475784319
0.02408023380402957
0.002045138659438006
0.28554682979133106
0.28555057450708543
0.3961438191168758
0.0902947087202235
0.17619142551779376
0.9732944255558652
0.26888325911189237
0.1803468080978904
0.26497884221983636
0.40733887533790414
0.14719674444129727
0.27467103194750053
0.4295019124148315
0.8549086555465163
0.8309212192269054
0.38368293511035356
0.48196078829191236
0.2039831513418382
0.3134999502837015
0.13527905405133156
0.9716613821731787
0.9976220617812537
0.013195835718472604
0.7443070426919955
0.1861378512177715
0.4488945189606176
0.6230673642858835
0.07575967215098267
0.5334642377042125
0.07948932090100103
0.43743077313183976
0.8083960517289246
0.012805934319658707
0.38281393739099856
0.9368293667030982
0.20443621017592395
0.45843751989931225
0.24947965822178975
0.7245202115147932
0.7732848189019831
0.2320547697466243
0.884801264356112
0.2725433194943394
0.39409300820766324
0.3571067879980838
0.47767057809271574
0.02392375330711438
0.05260610051764303
0.29659199234807077
0.033533091393836645
0.29633157566577584
0.8128049051207868
0.0422604534845995
0.9974459133386762
0.8595577011244583
0.5979775462805754
0.7816413995973629
0.8537881744562442
0.16244330414154773
0.4632963603210244
0.6780757267751933
0.7384167622715024
0.2905083821768748
0.3481256928142856
0.021971902442002533
0.013111723058940039
0.9160869623284471
0.033226269038260314
0.35443542684019147
0.6273496307512244
0.43127405320259304
0.8077350906625482
0.2873749418401198
0.022341802754580087
0.7955873708199311
0.6634891278606544
0.744004929907305
0.2796710153890952
0.0028562383479284748
0.29500278224566123
0.3326972351227113
0.40264856436042573
0.041108409044039895
0.6640203844411653
0.8368497636282135
0.6766423331101693
0.09711006108489173
0.09289231107875229
0.04253104258363993
0.6603187431870668
0.9220983284262598
0.558974229584466
0.7338594653288504
0.6928605467969967
0.42664002484023933
0.4400862489441806
0.4565968909846898
0.301033434616064
0.4656992296179412
0.19296030590909963
0.8996987239212215
0.7759864385621746
0.41836023661975075
0.41100678159227033
0.4732841623648688
0.10521679561388209
0.27960187222961774
0.1633997069887615
0.047792530233373154
0.018761404191875775
0.9834632711960841
0.5648209056546872
0.18384760599908911
0.6083703129683918
0.698144836318521
0.49789174188198393
0.7663734520385579
0.7382900104610459
0.8134204921291556
0.7209242248763678
0.1089747250323786
0.9541605628999303
0.04412695944343259
0.6020957478193818
0.8483460199956236
0.012002641633438005
0.664451892199649
0.8587787917480324
0.30857140217308443
0.18013638664744325
0.46804734660762704
0.49254554720904165
0.5378368134933077
0.04603567385887586
0.04604292219585604
0.20942517776533198
0.27452563462621316
0.38194201272881456
0.9063739295812974
0.5864991322037623
0.6926612759775587
0.2461475516972842
0.4748494998072287
0.3505157856030572
0.8038912672166633
0.9216368073066281
0.3421312606695379
0.2175419927975052
0.17037261202784404
0.6288547012509259
0.5187955634005715
0.40859132466686976
0.40756927240693375
0.30601803829308905
0.7191208815354
0.8054295658047799
0.7959239503235868
0.8559325042783889
0.17672119818353527
0.4700177883885567
0.9451354966630502
0.1452194213653396
0.46171550869360767
0.8824495728510466
0.2592658187705267
0.3873419916884149
0.9558376141045638
0.12321799696327607
0.3192976990338746
0.9307920158957673
0.08270487482067823
0.22120861955407778
0.771481870241719
0.9350776407515438
0.3138206389193723
0.5134732449721862
0.07583528255121119
0.9791592869892201
0.5465103788352869
0.47005537596684643
0.6209501896488543
0.2961069320613554
0.7555758778400453
0.7075858858266338
0.7364189108233196
0.7456862108321405
0.6767394625209404
0.5689710280435261
0.47653312731238684
0.5921353468263444
0.9533119182563224
0.07012805302643266
0.7829852257080632
0.028332155922090485
0.2542391957390544
0.3136109204372114
0.768546340081214
0.11783025263692348
0.7397249910414602
0.31382546715072135
0.9236603525885154
0.8709822947760151
0.07270137806813326
0.9021268143895048
0.7252493399473742
0.7334107617606456
0.22274579598435007
0.5430094887014573
0.3807136336619936
0.7016093572348877
0.577904732847209
0.1810416002023748
0.7272854654079584
0.38621649458238516
0.26102095874192954
0.260088629498199
0.6610249006954462
0.5311428140158551
0.3137297289205354
0.7550668158205602
0.8531032068418528
0.10677104425282202
0.40160977206327075
0.6250100601115384
0.6987163353807039
0.2991965688653485
0.37699225851311713
0.0715396383491651
0.7032273930523064
0.9894457192704913
0.13969007550688783
0.4928956892675931
0.5510607770079365
0.479139629717088
0.5877978681601339
0.9557995851610952
0.10544626935243873
0.011313377197007646
0.22281866118761018
0.7013736671239545
0.3079891519527078
0.9382613426525429
0.8513770205253779
0.75140325557459
0.8954428068771422
0.2820910818132486
0.22824741033445617
0.2657451671277179
0.3822201873413511
0.9012330023890381
0.5637410684946581
0.5649141613783168
0.767462330494291
0.23288675984769047
0.2353185247010815
0.0270361978715441
0.13566975085903765
0.29461269024276393
0.9561833829291684
0.35843440945277505
0.9198989168970019
0.6180631063173919
0.3734960931107356
0.29424259074651493
0.8400724866715261
0.3737092249533649
0.5400614583968448
0.2562152271497069
0.0005812721389654163
0.37481219951163514
0.001794676173780596
0.6380717601547377
0.8634785326643828
0.47424647065628023
0.22648606268950777
0.3897743691374109
0.6964309935274704
0.5905841056298647
0.9835241886596112
0.6419739491472773
0.27742141883833216
0.1653932499021591
0.1094032364086367
0.2833941480570642
0.7555416776736222
0.5716026868051869
0.47531548704097215
0.5436573665237071
0.4904507395999038
0.008106015907451969
0.02835211829626938
0.9409093681345149
0.7141353268106093
0.5482117797343028
0.11512567273927665
0.33790410866285225
0.27747211193894816
0.6269626261500293
0.12226524262651617
0.5420154310400839
0.5661495451063723
0.3263552030080179
0.04265271997989595
0.7860604696743136
0.9382318360984034
0.298137088015501
0.22061563322646593
0.6183132761438467
0.2664111973279383
0.041709167345714615
0.6614229975485847
0.3098917373177894
0.9491113999009757
0.918270503498386
0.23584820795767958
0.3093219174184495
0.0783204086525866
0.9937024186369116
0.9328287014658876
0.8014077177824507
0.9762733614232388
0.008445870641983322
0.817111047462421
0.9645487912535656
0.3090569386719856
0.2536924725865213
0.7349240399369887
0.43553133161060864
0.9879504364351035
0.638356569635906
0.6230376082979553
0.20570416399836378
0.5592919059667171
0.8308158744999588
0.4466986899905059
0.26880388370314157
0.9960622187102606
0.9507030817269986
0.8853830474029193
0.6942648887892955
0.1414898703271552
0.5996529686168598
0.6030676115535191
0.4739386231724324
0.24721900368768934
0.5391673199802689
0.2870807362683092
0.10755783075698422
0.8126750312443782
0.7088090182219077
0.821947572608259
0.3923312876495191
0.10202499800298526
0.4171087292338995
0.19887230184404692
0.6272224754548607
0.7840326789153178
0.5308254940936042
0.5312469701570917
0.8597880540030438
0.052377525846158846
0.9158033646818579
0.21875123982922107
0.2391902160590338
0.8492864956059456
0.5707785976753577
0.6184236407033042
0.4634557781156843
0.38622577272134095
0.5985647080124626
0.7404174773283209
0.44014580412080806
0.7758851749066469
0.6634105395879133
0.5049821341445936
0.22847038086621096
0.656285505860007
0.27393700497130624
0.19736547044777886
0.01098397754292324
0.440449442142272
0.1947794624876239
0.8688512948629303
0.37248248625010394
0.45564293408058476
0.19556034990548055
0.8156755313495816
0.6017153926669324
0.1676309229080194
0.23959716845668777
0.35203683902118077
0.6815972942766345
0.9331320562597172
0.446560304755904
0.3795427787857464
0.5542145352882891
0.16749783437553623
0.0003574958223296898
0.11468833227880282
0.6049958112505907
0.8076253421267083
0.9398238556761181
0.4200665771704404
0.06502892137485483
0.1458964991421723
0.05427356784392923
0.262854597453853
0.6352006776102304
0.20346430651307046
0.9290294424677066
0.1455064568562079
0.5411797469607117
0.4885507220323393
0.7002067033735538
0.38236990918641345
0.8171149808007133
0.9558980778683662
0.6935054175330544
0.10190542831508498
0.6287720587964085
0.4557692057407148
0.4994124439860609
0.6408603479157621
0.8345809296674697
0.39057833823069443
0.6286497139999089
0.5657278908999122
0.22413792332389082
0.15469864438420866
0.9157275105539455
0.3674562783264499
0.9873844688842686
0.17546511350850602
0.48205957264471744
0.4401775217213503
0.023783376028792436
0.8361340916703036
0.460289845097104
0.764984790456443
0.08411317978170552
0.32508902044087573
0.282360179539181
0.3814854470066452
0.9612068114948377
0.6567349179580906
0.9358653742622193
0.18542180836479416
0.5145437647117381
0.948773373762573
0.5753329360161253
0.811149373063068
0.8049187325747013
0.20168762545400742
0.7386072139590409
0.17210474823255706
0.5805345776266355
0.9814175640896559
0.644968101361681
0.8992321050199298
0.3260494602905514
0.5384172607973943
0.33263408269315775
0.9934524031776408
0.9196865633947583
0.23252549042840942
0.2560954041282282
0.9461473127164998
0.8561023125326943
0.08062314773901635
0.10119240856981793
0.9187355405696147
0.8897802757089619
0.18168189464800455
0.34336218034887833
0.7870381644015402
0.39666345173100237
0.20059853784394688
0.3951502550151942
0.967102870374508
0.8577532386132065
0.5287535510481458
0.13859621548568968
0.6485273244958438
0.13259861886482682
0.6104665424523922
0.5439492081268301
0.7323540749704017
0.6479775901396063
0.9998594313801354
0.04447517053610606
0.2322586147352076
0.24006668160997646
0.33555204709854713
0.2862387502849646
0.5268387184145209
0.876255250353466
0.9978099658680375
0.4226441984845801
0.9115585712973208
0.48148232958261494
0.9467401886823287
0.3970283742269991
0.6720072708062
0.7522041733195859
0.5746377584157776
0.8455875853108973
0.02048773424409467
0.4590337546486455
0.36913270435184964
0.39310583811404765
0.20835365402094297
0.7448615490185467
0.06404735707307274
0.5134907504675452
0.9229647258787402
0.6600401322843221
0.43302609453740004
0.41472178983205876
0.6650532448994401
0.03978250866198907
0.1780090037217147
0.8320259283323829
0.6364144012839152
0.6528913195182686
0.3600212511181349
0.10032699039657444
0.9935182821392929
0.5763764379571085
0.24504514393951327
0.7817224353142499
0.8325356587848167
0.04842864502449651
0.27121861872765995
0.1918114601321952
0.40930518079394196
0.29868421844141413
0.8565823902288942
0.5732900041737798
0.4020886336102788
0.33334264955764115
0.586584334529485
0.2505079398549237
0.11576717635018097
0.0056462433493119635
0.3295244577655584
0.22115682586843255
0.44715155459813916
0.6043674292468427
0.5067929448523057
0.005491777328586189
0.8431073277858641
0.7825734335440291
0.43655244315314234
0.2155657504571672
0.891321184767295
0.6665024081886067
0.6612168863476424
0.09384208587291332
0.30066445738934877
0.12813122489189577
0.9849423704991874
0.9758166557753889
0.6038543595834821
0.2953019790018455
0.4188793991647858
0.7245535573711512
0.07056368899398435
0.3094089294107052
0.17366459759179242
0.708681391845461
0.10457015533001701
0.4455101173707462
0.4608143154451467
0.5196563696258037
0.3000882415901872
0.4949351085485485
0.04307575871232927
0.9299786435362293
0.06366607224741438
0.5532942124386008
0.4939835460528962
0.8666992427634651
0.15706731172729627
0.30515726369941787
0.686151140159399
0.24524218461709602
0.6275240621285693
0.920112320548397
0.9609353703280732
0.22624657884088462
0.7521282208517106
0.012998186404344803
0.2049955110410927
0.39726350323801896
0.31943718725798675
0.5346587458894091
0.8372202068922829
0.9233746360353368
0.24649697482223398
0.2069235347179964
0.9107144634571696
0.2983055298256033
0.4804420767882902
0.6303416438834892
0.6831518245814556
0.5942450489420508
0.1497347806779289
0.27671099815887057
0.12394415126878033
0.3640798413117813
0.5361830140376761
0.7303479896557317
0.5069525621759325
0.016232315057568614
0.3766643461677137
0.0843150631745121
0.11390543615047066
0.7350914444817711
0.5666344015774856
0.35992322506232144
0.22631214818217338
0.8989510993634926
0.09746113837527304
0.3000807606343239
0.20662396989151632
0.25451280315643443
0.5346015753296666
0.787671940354573
0.7720936646125646
0.7609429657839157
0.9842437525528602
0.6090551802853656
0.4996789360087278
0.947419731113636
0.37229990893508336
0.9987507595215741
0.6349619110392245
0.3288155834299351
0.37939120436768703
0.3010299404521014
0.9327049414480441
0.6069360146129527
0.5772109286526059
0.48794992003047066
0.9950929314749295
0.7490743719166554
0.45012637105105224
0.32139983706607855
0.9334847764343273
0.46920762663894555
0.3202207970219635
0.5256174101245981
0.5724147002822927
0.9838843080031605
0.2309417949204653
0.6155156726708192
0.5490831820251759
0.9758628143129977
0.07240546671263726
0.5909059535933574
0.48994692830008035
0.44262791285004965
0.9137601004404863
0.055125442706643435
0.18250263578561088
0.47348927403026286
0.5525101178500569
0.15327925465923875
0.6661406926876869
0.8741108220027883
0.5169968986656094
0.6423951179784684
0.6339373302258471
0.35670765800991944
0.4532688923756111
0.11718156371079969
0.0526764614218771
0.6917495916520273
0.8513309733058474
0.3913824278135898
0.14767011392243234
0.5092907056315028
0.2387731155853241
0.34519395579900436
0.7204801969289149
0.761627651675875
0.8438509681676144
0.10046847908517287
0.5251243627397797
0.6465612981968317
0.514179449282031
0.5068203621032636
0.788104786773884
0.46262184716169275
0.4352371324279407
0.9413921900865494
0.011530050138436776
0.8890332331738245
0.13782135580110266
0.4090395688869174
0.6449788756550906
0.8142308903437476
0.6938220479005285
0.7525069438490996
0.333225628623394
0.6811512488889747
0.5139446016752901
0.9323557838511703
0.3961757220777954
0.01937596080574433
0.4087024137378522
0.4426164153777087
0.9637256036032295
0.46972413023958126
0.41628881058700185
0.53149992470983
0.09525096079433015
0.9279387829088074
0.7421427326655705
0.2708458982569204
0.5273429842512014
0.1068998940854442
0.5331756851897133
0.8201496469711054
0.6563200286358333
0.1433158741810896
0.3019309532775698
0.7129483002312278
0.9437567817959294
0.041056270081824775
0.35863935707291406
0.7550987805577553
0.710717116259687
0.000864336694982204
0.2526012426567046
0.15317594022190606
0.8802341506021539
0.8024970147281003
0.27289591813215297
0.22567193392021168
0.8610859019381815
0.34380750549897554
0.07745174509218611
0.8979408034928841
0.1975841482061791
0.330940827507481
0.6642938180440882
0.6305293110667597
0.6257341040126126
0.8969025476874118
0.21968503171299447
0.857824170631365
0.930672470234508
0.10950074808654375
0.91902615564842
0.9540617598608917
0.3878543310065393
0.44173252571553623
0.450135461282546
0.9363715131403253
0.39441839763994535
0.14977699697119518
0.5194132575820868
0.8309507034407321
0.5144678845094172
0.10124319961881179
0.3298223045552232
0.6612817966908519
0.4097586628330889
0.7680692728871988
0.5627511586269857
0.6362189483309573
0.4265756663469935
0.24976305057897108
0.7269593706779046
0.2495089537784042
0.49193909993823737
0.8699700485758024
0.923159149338654
0.06538354380854583
0.3937614100785294
0.27286452781703396
0.705632331691794
0.8270495635405289
0.5055789295573915
0.9464000978579302
0.3463463722764264
0.07388246870993365
0.6559797455273091
0.032854688268641574
0.7881547703052778
0.1268724361907443
0.37220142369888976
0.20313914516814113
0.5305218537935312
0.7625156479530831
0.8958320569827506
0.9608819850784844
0.8917994586920734
0.5523784247961484
0.4586464941695698
0.12213555821200484
0.6312071601594753
0.19992090815897912
0.1414816278315515
0.8036972006317826
0.5802449466391745
0.4081499028590332
0.09545165587342952
0.6895292771014421
0.8944070330472541
0.8569094950669258
0.7160038729513563
0.7548603865969165
0.729992543455609
0.30341938018968095
0.9422331256560803
0.29204676225232595
0.4980422769136401
0.5507404089753
0.6347753970452448
0.10098010836855664
0.7708352521753152
0.4472023852809608
0.3046341758313841
0.3894718762084509
0.6760290761793617
0.2807464387573585
0.07832220071496498
0.9608051586944691
0.9079213719979616
0.10214279250882896
0.3608929010648665
0.3128447887978554
0.973846355711687
0.8056788743431932
0.6560555227585315
0.7171536984885266
0.3005674282025135
0.517769138071244
0.6631388053498635
0.5254924851096455
0.7245082146799158
0.8253188120527629
0.04244099194834894
0.014146173695678388
0.8537301593559197
0.9796216006395264
0.7462360728435928
0.776586722507116
0.3198971282582306
0.5306226654812212
0.8602549712292326
0.24155987076255625
0.854887753918592
0.3770119438411459
0.28242202120788795
0.8703027233556047
0.39072587540182857
0.5885861291389665
0.702549319968972
0.7492098329046537
0.3005729817227478
0.27548200701295567
0.032000738788146244
0.18931769381557795
0.09501176617686846
0.4527541276791983
0.6637988522301356
0.38864432189533205
0.5765503154411054
0.1699505288835702
0.03017940832180488
0.9034055980886891
0.7703168309784397
0.6736418383556877
0.6938592467475092
0.9465279906930762
0.4749457544588942
0.8300677342239361
0.8953471716408155
0.0026146656604345564
0.3092395454521901
0.25175878379473215
0.46536769949709844
0.37099601652663994
0.6269722190375168
0.5065593025055334
0.008010291151753224
0.46356372027081727
0.1264302452764956
0.9042787717575089
0.22586253076105012
0.7927092703533748
0.5096220367489882
0.0665331515031401
0.6134280736840093
0.9283864139978381
0.8639162920295655
0.35321301446279785
0.4959058537678672
0.7377131584877065
0.12040934543466386
0.8167622059265032
0.2973202933335234
0.36613353946227045
0.3364258569979306
0.21603120270049336
0.04911435139275899
0.10424207266108498
0.8339085465800976
0.17224133544135023
0.29983448531916923
0.509819570544644
0.7941827828395664
0.6150632803286752
0.03798277142394446
0.5175611429600313
0.20445851241013868
0.8798778094043074
0.952805172099518
0.18369142674988392
0.11795101353286919
0.6697772514710935
0.7804965675107524
0.5993186632072065
0.4767948407392436
0.09787772519817428
0.9319440029120878
0.06618049683696436
0.48307289860718117
0.2998623713173991
0.4115931736056063
0.44685204059400574
0.7690155512807073
0.9061954529184288
0.9882709640317445
0.9537038512986856
0.6930470778300029
0.062159212406442954
0.18873575876280113
0.6959225485905257
0.5786443185916532
0.9216905319470302
0.7999405065342354
0.8644764587350205
0.5555619271540917
0.9592163161629579
0.06599943047894452
0.4015828569592451
0.7210687830735977
0.83467179357148
0.577311984531
0.49782489230872007
0.9014218260431498
0.7435499909824901
0.047654947079349586
0.9025766891959466
0.9858676204871962
0.8312339383498426
0.4273013744142272
0.3260479396796394
0.1472718114012892
0.26454427150308635
0.15438896222338072
0.900578521119978
0.3452683977226638
0.3194010447906346
0.027878990742562282
0.8359083600290241
0.7986134436870639
0.9564376422887101
0.05166168983147634
0.07490811494257565
0.9255727794223041
0.37418144174146584
0.7058482191677287
0.9315312718011306
0.3548165005540872
0.015268258792499045
0.8075434888083779
0.17167858598328267
0.3370294606786669
0.659375990287468
0.1840874145114546
0.807999782879591
0.8174495677237544
0.39145628750658934
0.29269957051484696
0.6089963045218981
0.20506767945669246
0.4317715160117792
0.35765234771722487
0.7110948113710469
0.764777750568175
0.3530679191669569
0.3568987535004625
0.5431941175457552
0.991049265389285
0.887602352540355
0.7855888488813833
0.526929060134015
0.43498678987385686
0.9506461265124834
0.16080556186271056
0.5271397283508007
0.17229546929407424
0.7792975783585754
0.2622492530453865
0.23826079151768242
0.44884722291925594
0.08479971185828028
0.7524047995136504
0.4949284227183076
0.45596647894165976
0.2764437100800974
0.999948041223223
0.36438700487051856
0.8107373371748678
0.19944386781219658
0.844349137962976
0.1456546716802467
0.19468318218755298
0.9942308280217015
0.722492826871946
0.989896512387991
0.18697341449189542
0.607108574332546
0.8639775013543953
0.09045930843991401
0.7746955841927784
0.11882676623518462
0.15319250410529883
0.07753461699826181
0.6379066684048473
0.0722739200757776
0.2704964728242276
0.8887832502090723
0.9931879656469574
0.4951316681555694
0.3573025272710536
0.598201473657351
0.941878996681626
0.20281448881265818
0.18247529178100907
0.19679403704769405
0.9665962668806797
0.26811175841934864
0.5614395732854107
0.3468862334695022
0.7022664039680815
0.7358295675286861
0.17272555798209022
0.5976088508839912
0.12286882259258136
0.20083107975619519
0.5589177708111355
0.7936629720898442
0.6586880815563174
0.9515004569061891
0.06160557972313774
0.8072119456379601
0.08557755969232372
0.791414982525617
0.1401321672811089
0.6367400669162233
0.5557438891111355
0.42534130206480547
0.694073943060706
0.3276162312192932
0.8830872056630619
0.6596034807501663
0.6709305483349252
0.1912912801881701
0.746407354727235
0.8574072868322218
0.8169006867477349
0.250608792306626
0.5072530522074354
0.3506240582606691
0.8957515740213959
0.029477173330868855
0.37676929919161584
0.7463851497165045
0.6043291527233585
0.11002597895770416
0.04819025948178002
0.7755196169853233
0.33541836059930685
0.6278440193205529
0.9347134994931359
0.6582226234277077
0.2081386699781581
0.11544377684812712
0.7540299966564019
0.6054242249403184
0.6250234952741712
0.4719455581065575
0.7653175948362647
0.38564844913259777
0.45496436811729424
0.4856548793246458
0.37337636356766424
0.43615921405938396
0.3008914303825668
0.21442204695385658
0.028732378395184388
0.971956044597295
0.7669103243068371
0.8415140032493902
0.3810252733354017
0.18372202177254493
0.9471017172247149
0.7356310906297887
0.7166869052505581
0.23226657107104443
0.1456894015577036
0.6103275305856729
0.5754315767335646
0.857986030969655
0.28995197622088487
0.308133195630936
0.715711939631643
0.7452756872810963
0.1607092071911146
0.8230535492581804
0.29794574898393567
0.6621110204027333
0.4952204889223638
0.9086554143865972
0.7742527524453721
0.3790496576254171
0.8378748131868626
0.046100121262081406
0.5351411611906546
0.8503008399029679
0.5619766638636835
0.9192986663759032
0.0684480417624036
0.11594805777876693
0.6520552248787037
0.8501407758722659
0.00865415614257048
0.8661147960346978
0.8151942121895246
0.4573463311378162
0.8601504704883368
0.40164566743773944
0.3980733332845757
0.10343401964271826
0.9210760509410454
0.17760475954434918
0.5373506405529483
0.18352990258460034
0.6262094648563508
0.06327385077275771
0.9541393661867618
0.6330221272378198
0.44473252523659834
0.9265243799369466
0.6095205490794995
0.24993457962312515
0.08732595653275799
0.9145671291852043
0.4016567183293971
0.8754635739486175
0.9297235405264632
0.7156807434948055
0.09702148670531574
0.5170729478867063
0.2228267636093988
0.9480348528472344
0.5367588199921078
0.3110364156164832
0.187964412112133
0.9697974047212679
0.3637855069024144
0.5614408481193226
0.5572993334824422
0.09113810090961849
0.6425249202324056
0.8319052698853403
0.3509886399337315
0.893943966930453
0.10346255434573137
0.09693701654869558
0.44545025740480015
0.003243349179934518
0.17685352013933642
0.7475789371799848
0.20514267639288364
0.47057575926270045
0.3792745296739759
0.079218564806109
0.23780088257669296
0.8285114948515085
0.7336466856124166
0.6901946918947299
0.5425165742891149
0.24206083982988058
0.8531038322790871
0.6669474440228612
0.06898976900236697
0.11980122691146866
0.21977008444240065
0.8927025785180027
0.950959352444004
0.6594005645525449
0.9139017916969168
0.6983510664283519
0.9095702570161301
0.15068013275597014
0.11725109539616141
0.288325711576763
0.4395726116869957
0.6522512166243382
0.08227284487524333
0.2681331828055662
0.7421432494827809
0.9808157456681371
0.4152467471320457
0.09537456795770305
0.022170930417499846
0.48101953022371136
0.39986549435186713
0.6922242307753758
0.05362144415228054
0.8979555716026274
0.056472126276711276
0.9041736695114205
0.18237913119589189
0.38598851329272044
0.6573095929902106
0.45811471505363466
0.21210108612737466
0.16449112702110213
0.7877015248972699
0.4144585363773362
0.6366555531248587
0.571049392296649
0.766724881519432
0.6818831204749978
0.4761107350835242
0.8520512202001936
0.5286807986856575
0.8813785010827773
0.05397153358411355
0.5080988598936519
0.9348587921375028
0.512212376476871
0.6173017165593927
0.055663527646106825
0.9484178717410561
0.268938867255508
0.26069618790119387
0.2232253347153883
0.6543107520737401
0.02371461569720601
0.9508738064940794
0.6583154052431962
0.2670854585919583
0.03014019935825729
0.8172132968572553
0.7179629902973459
0.4762110362583325
0.21828607152169344
0.07214224714362227
0.0028473828741383267
0.542872544563142
0.8248859335324676
0.17832765906648762
0.2306262788936131
0.3447607434789598
0.5975106158825908
0.602782507939311
0.11179848834874173
0.4058199535794378
0.9315061182556088
0.15427263900331978
0.1080745653755909
0.7575407494039695
0.7588439315475064
0.1285977258934119
0.16469596864825542
0.8871778463007782
0.8634563478649786
0.48138439457625737
0.9231089586695623
0.8882138105094899
0.805784812722743
0.5144605963733649
0.8592168289175858
0.13300536352306402
0.3475931113814503
0.20619322534297757
0.7010292576546278
0.3687031392228246
0.1579245795049733
0.8238522294758531
0.9230657553915159
0.4339131828325028
0.11275331809724609
0.8101429779557537
0.009504346307220635
0.22700852557221618
0.5311358247910506
0.5506460907436962
0.4232017667932434
0.27285775711472704
0.8233688666015626
0.8126326729204914
0.2997179164605279
0.4839157829682409
0.5263967996329773
0.5487967836268117
0.5998344271631236
0.16844370220494187
0.533964090685521
0.44439811262508633
0.13188413795803544
0.9846850777747882
0.22664873868344715
0.6892226574901684
0.2718204227122103
0.9281788536968101
0.3923129414724935
0.897479985642733
0.9510237899879667
0.7745832304842847
0.718957381293276
0.01314705733576993
0.41273263982869324
0.5436074072256721
0.2716326270299677
0.48605532433558496
0.814926792398424
0.5805550924675384
0.6329936555086684
0.7358137238956433
0.24017395855472157
0.6386696221223181
0.8504259785508406
0.05039478089562688
0.7119403435886328
0.27267787792618225
0.31019644036848926
0.9932142653020383
0.48240431214625024
0.3770549391812392
0.28370599862361323
0.2890227005724797
0.2040833785653121
0.5873183148471949
0.8144246477163457
0.21627691195436238
0.17814980679677606
0.9751201634560085
0.6341656298183658
0.6555823587282575
0.49922836099457524
0.43311642543929363
0.5127363305054167
0.8738618377559845
0.7089009410182661
0.1188463403703951
0.5280553233751876
0.4018135081199239
0.41530351554227596
0.31220230042044306
0.4304439016429369
0.4574971901193893
0.9930314178170612
0.1931134443452378
0.6255882421508963
0.022764920427353452
0.9915745605157804
0.7671927207001665
0.15847889724251096
0.6099876800661587
0.015869943910903128
0.033659335331706175
0.17598184698626262
0.6999057481267769
0.7550938420907115
0.4670829352929602
0.9608375091448713
0.8070673556732393
0.7844111685896322
0.26676640902188464
0.4348403341682987
0.26356830282686994
0.18080416390239407
0.9328811194821683
0.6312668845988297
0.3450859959108039
0.32516529111261916
0.3798068781373226
0.8906531432688273
0.6953533259787154
0.7054319856378207
0.8828904978712893
0.8166294395356459
0.9636149865707753
0.5352897206166227
0.5262700579901046
0.35379982360782347
0.6236195409587351
0.3314000266738055
0.9530729624406606
0.9381449411774271
0.07440855093877796
0.4229177771623631
0.15638923737777177
0.5705900604005388
0.6256632324375032
0.27899171201195916
0.3570116847076329
0.7151138551883235
0.23573287561672984
0.30761427976182076
0.727420925773543
0.05384773882654903
0.9959893068145863
0.2976676929032225
0.25310548084724005
0.6741088284479275
0.8986156293670241
0.4245391446440532
0.41572966114024457
0.7260856371468895
0.6725439831283067
0.3055470593043681
0.7779616381513763
0.8611594306644963
0.14183230542843894
0.338325300481089
0.6456226270386687
0.8197935628035586
0.1644774367775983
0.6945920527335782
0.9046665913321033
0.07574929207746806
0.3816310758853675
0.17728328213545608
0.06026171123390622
0.20483290056061365
0.1489501441151676
0.5136264860457731
0.43643582749842147
0.7300767039234823
0.9123168661324844
0.7782735564093877
0.44976469178727196
0.06083173029927369
0.6701445535203893
0.28271915690464
0.03800383540956365
0.09690625524763719
0.010269846854041198
0.4298839158615918
0.2445531711674499
0.3954824684190198
0.45529708174560657
0.891810847856278
0.5504132652205536
0.6884047313550876
0.7623927522284389
0.07158095656022889
0.32738544308538176
0.6914767455796745
0.3877366388094351
0.44892213329815256
0.8431684032713985
0.7372270689280233
0.8990909044328872
0.4750909341478883
0.17062135293159952
0.417845604223413
0.5440231433580345
0.9939540039367339
0.8832187423987301
0.17291411627284392
0.9046757193739446
0.6221266867171713
0.2787629810858062
0.4728409774691871
0.8691563128155175
0.42700720938996994
0.610296378737653
0.08124696822291444
0.36015368848884033
0.483475795603295
0.786777212158024
0.8920884179048055
0.7222353111450359
0.09063565303661936
0.7238178899796941
0.28145922474886087
0.8395742319462011
0.673890282934771
0.8720818280628692
0.9927275612375739
0.9039556583912866
0.9835552148521486
0.04261269621519892
0.6691012917821532
0.7395424050406637
0.3338839947167823
0.24629785330089526
0.09356677406149727
0.9912219315097768
0.09663538651543901
0.8354610652843425
0.1210378308351342
0.4565811991025538
0.01895208732936271
0.13640895271197373
0.09567573410568675
0.295979275804124
0.18344204905835237
0.2562712457204812
0.05260708121984803
0.06851075515603577
0.2785003001348797
0.5140289554491724
0.5747576126685014
0.7731875411619179
0.6200003797509744
0.22511266507852556
0.48294330970758814
0.9785211045562449
0.13267315865255547
0.2555784340981917
0.7827143602759082
0.013699268725487102
0.12431811873619714
0.49524038582104524
0.3519699556927386
0.4301209136963614
0.8053677258615666
0.9102099626789277
0.48515082525223263
0.533824398539539
0.8382523281837554
0.001457935470959848
0.1777582879559454
0.2935569241676309
0.15314049674187613
0.2918478815976706
0.36722811680395306
0.549887533564437
0.20614912719788037
0.25048684055529746
0.0885536085892088
0.7354615883621957
0.8439530015691314
0.5306316023618369
0.8893390113103521
0.6112556334936038
0.7603340095746409
0.6955385631419819
0.9629064786244942
0.03930995895934031
0.23451115385325427
0.6082101695377486
0.6476495064541218
0.68242124541729
0.3446277154805266
0.29941114040568784
0.8500911444216773
0.2565752798339276
0.781470582243203
0.8328530402501926
0.3596367496538293
0.08026405234020528
0.47032119328927247
0.6355809252983692
0.3324822169135042
0.9886700205566701
0.801506672752779
0.5881641789607079
0.2377094597617294
0.8057434945544826
0.1791504012275229
0.32832006466507724
0.7272982611511278
0.8859856185077742
0.48098561584595667
0.16235369235789654
0.005257944029895989
0.011048221141008785
0.6102659088055333
0.591075088898104
0.7460300824112294
0.9648541281790821
0.729724096270515
0.5869739869939344
0.021723340530277024
0.19522291613326503
0.3933043509500276
0.17987898220036813
0.2248480730919129
0.23907235187649856
0.22513982801629506
0.32574094237550133
0.7747107479161095
0.5182712226572403
0.3868552413626185
0.2629198160586761
0.6627140080698206
0.1543964140357852
0.26881417628551774
0.011848217245406523
0.6084657056729048
0.9114055053243636
0.7793272336028407
0.47380025777058343
0.9115905240146583
0.6752497761969781
0.758132080004511
0.7578063820072981
0.9931245407379005
0.4231315792466961
0.5944523302764065
0.11902148764916565
0.24737375794581729
0.7497650001116688
0.7684683258438266
0.9518622939771388
0.7297387995727992
0.7255354659265358
0.595255780885554
0.06316154862530698
0.9158516356460624
0.1276833028452481
0.7890024460940268
0.565797981655472
0.9666066454321547
0.5856357511319473
0.4150688965582695
0.694405347657192
0.5094569575430806
0.11630150399797301
0.45532953675227117
0.7765603921674892
0.367547010653128
0.5571121757543971
0.9379078713331249
0.7686266037729388
0.4182945935265935
0.37908857758653836
0.9048385572350817
0.9156097110312454
0.9709851450472918
0.9779919734251841
0.5540404816529179
0.5924874134234627
0.6338685415446009
0.3814133315888686
0.2721722288555203
0.3684820399899915
0.038823719908504195
0.2564732957062428
0.5895841196597552
0.5343291487148271
0.6218722003396927
0.8013296153077478
0.42621304851993114
0.32049036639457484
0.05418507149638696
0.6737083041415919
0.9338600386961803
0.851021847657252
0.2842594259339106
0.5936040467421376
0.4518513970835878
0.47326866802671486
0.9940851345893521
0.36998249527563165
0.7089375720242392
0.457870889843753
0.554157908372759
0.3668261802463375
0.5236117062947402
0.64194524211107
0.13978215108068004
0.18929657750754547
0.8365510483305746
0.22391318478246958
0.44076467393499486
0.14479412186677243
0.3547219045430492
0.755408719367385
0.47606655546339915
0.305968392416162
0.12352845492384201
0.6961498766383483
0.4596813229349045
0.04686066089646801
0.6957027308604471
0.40373822370426427
0.03525243113340393
0.4062960839093458
0.5350238876734199
0.5881056772787799
0.8409811601799275
0.5924512127391451
0.2837875326560192
0.25026762065058306
0.8335406031474674
0.473628397180221
0.1730800068976528
0.23109693628200279
0.8889001943946025
0.7956761554824917
0.7464928134284994
0.3884444335177657
0.48244649621831237
0.27180283679575556
0.7092927107999281
0.027080264030674317
0.427619750420286
0.08063641947423728
0.04134893483704882
0.7891649086203869
0.30518507842526466
0.6936003849697528
0.046328130884902174
0.37125906712235435
0.2403721238383414
0.31192792754375864
0.24834497621667728
0.27841687440106333
0.8466530215832173
0.00976335584731447
0.33732816829389356
0.7192557700497776
0.14173402313417938
0.6357675220625899
0.7041253557840502
0.6204695267766546
0.7419224598665093
0.879585485736378
0.6947180903564018
0.7618727021037519
0.8223273378211902
0.10631945947727894
0.46313582376527773
0.9121178945507381
0.9432070336124242
0.9619974199595134
0.5506463633260416
0.00752348616955123
0.005826927479702704
0.841150188326065
0.8803258290908249
0.4609338015556297
0.6865942864062567
0.16354602080185054
0.041695529540037746
0.23417115623294515
0.1504066636798309
0.7227804542766962
0.5602712378272604
0.5972295599645714
0.5380091337151801
0.1727878273331157
0.009803636742958699
0.8256611334835129
0.04768369553597407
0.41470365462594805
0.6183075675003817
0.6505748392891328
0.484793499285755
0.7048538676625026
0.2929842924729763
0.5413478918823812
0.6390218796413828
0.04459866943909996
0.9941679263877568
0.8280877078532299
0.8395813853299757
0.5679662629981289
0.8141847748600317
0.017109038244007002
0.6407093900267372
0.6109459990520832
0.3045170106073888
0.08324561647366868
0.26721448875631537
0.4595570592256971
0.006007215067481808
0.022755081998015902
0.5604395327709081
0.5844059666697141
0.6709296042953553
0.21031096204046584
0.8426505127607333
0.16771962250290717
0.1549066578748779
0.9909817577476527
0.5285467404904497
0.6363267964908549
0.49601121241626833
0.575123533224768
0.2910027516248773
0.4225906032203126
0.3695522475606302
0.9041309828476581
0.814611580237525
0.985234064435344
0.20359898771146334
0.4902847580578382
0.14953734979479194
0.21009257453432018
0.9386366708546492
0.37907495754014564
0.3521230230568234
0.6606978235185148
0.27377939022290565
0.88706926215929
0.5217676207918291
0.29510166899272916
0.3793778966363027
0.681155383234219
0.5194978581343311
0.4352180265394028
0.49048747494351275
0.5524924846331026
0.8566673812078565
0.1898968157275398
0.8668138528680269
0.584750331322145
0.8036231463759242
0.4548381046117972
0.7732558466714875
0.5705200050769101
0.39420417703057686
0.8531182235437923
0.4109013665343073
0.4660684944530382
0.5670024015757531
0.40491766077306124
0.21049150122289217
0.7802556769301533
0.08233938578321687
0.8337999783810413
0.9896500701879297
0.7951228944935954
0.8993616693145214
0.30307526176350164
0.5717954948278594
0.3440796812788768
0.26781214104211026
0.880673490384944
0.2807795800473306
0.6363763216361642
0.030729862878669634
0.7156925779681494
0.3122974755660479
0.04468091047446521
0.9017699863479788
0.08440626402020723
0.2221106210805336
0.3690411127334928
0.3340651839671821
0.36401640599739016
0.9108689842098382
0.5007980943067123
0.5471053841238613
0.2950893214130864
0.382436600756514
0.8829225521086851
0.8756013453787077
0.5499270054444336
0.2646694510277602
0.12124898064600298
0.8859502557603962
0.300427130235578
0.2556145628276725
0.5014972784929456
0.46542810761609243
0.3853188117686547
0.5695164151987121
0.5951186261251689
0.3330797354240307
0.19941568677538224
0.6337231953002264
0.7023845203128886
0.9477932444840211
0.6134443264439849
0.5991246793388619
0.9046166573444777
0.7714067712441132
0.8960725112123579
0.48388668825270575
0.7110389006286005
0.7562112284038687
0.7845096553111215
0.6622375339466079
0.8507375040487556
0.06762026015364175
0.20598014463901926
0.3277091205697744
0.14948530665375148
0.702397442366422
0.27592028208883734
0.48556467819809146
0.5099202867590292
0.630216751255758
0.9942957400679681
0.46238338543912616
0.5106162366710004
0.3939393080249033
0.042335560415019846
0.26162518148426217
0.7405904854547392
0.4353099361223879
0.17399827162997727
0.09130433619501555
0.0023087759092624838
0.6370974580375373
0.06548312528173639
0.5420425538233962
0.561604710800433
0.18258688070765605
0.764201829633646
0.9529376180576067
0.41038517591043133
0.9570572036401265
0.13971285188613092
0.5382096988709791
0.8042505139523869
0.5815300805784851
0.4368138378127997
0.4979369884243495
0.03722150375970379
0.962167589130337
0.5342469216147907
0.9546344104647502
0.37216077720325635
0.24717115644375764
0.9538044169975329
0.07439783801717392
0.5583212419094112
0.22064837291091532
0.7544049707092535
0.877443411325619
0.15887580287556713
0.7760154532385463
0.32722557729743385
0.0840363778304748
0.42969958584894563
0.963304838994675
0.99174782438741
0.8570040741276133
0.45541437933914597
0.7929255244215498
0.5331954873643998
0.3027694210122762
0.5833797395155228
0.750108450167542
0.9600334786722414
0.42484132179643885
0.7753368791521921
0.2905584997909587
0.053659372514492376
0.3021157534634139
0.9119259728459559
0.12148302923149545
0.40536643618841717
0.021100356265119635
0.44514921369954163
0.8812604155587901
0.5748060065628957
0.3909692863042178
0.5296053805404874
0.29594299759585974
0.22034780634313145
0.2075738897693299
0.10177846555225423
0.8063978955223736
0.9711228942623208
0.17262961120273834
0.12120514071714727
0.5662386818033254
0.6551636435069716
0.10982647138558455
0.6964175310801013
0.76166326003999
0.4552769120516036
0.12800742299253232
0.33289017677601596
0.12088625469024905
0.9487667934006581
0.37779027793594855
0.5779811562389978
0.3891691181092116
0.6849019225852834
0.3767564213392107
0.9940535174893143
0.46221057183072045
0.4931151663795501
0.2010961751377618
0.4987282205430863
0.9551426843326593
0.9290328124792901
0.425157739850313
0.2804403484268523
0.5688785781644614
0.6356165915019617
0.04566877105348843
0.08947394027167677
0.2329695538256087
0.09266021839425576
0.6902160785434805
0.9718438612247774
0.46571334276695087
0.5565899345331042
0.11222242813554861
0.47460038533561
0.1235025380858219
0.17731209922275482
0.9061521960171708
0.6149448692551249
0.579765649481713
0.8291071065344643
0.5176775763043573
0.0675531663298029
0.6991559419113644
0.14612181245112266
0.07985563079365066
0.23368765860119867
0.6157363964298632
0.21608780706122066
0.5508122664559728
0.48181692307050594
0.6605274256834118
0.3082039832819601
0.4561041486415869
0.5757906300997165
0.8829271621693756
0.3194274148635199
0.8908604183362305
0.35050202902527705
0.4774332797162214
0.03040575165943793
0.8644917835851066
0.01491609005988237
0.8944494986966679
0.5447896518266349
0.4319387624553138
0.03715836517038251
0.3510912843772458
0.10881427351383954
0.07493313759112341
0.9218358320808718
0.5358999215484609
0.5264984451577513
0.3170120169439081
0.11032359750491993
0.7807514736139672
0.46349298198942745
0.9374640666311809
0.8514624571510693
0.8511670997409996
0.9677113475289708
0.8228079115377203
0.6572216303933236
0.26408396502635734
0.7032177399898497
0.8504280930056062
0.8594818603438342
0.4041834574812472
0.020749937446532418
0.0661642090215725
0.825999551648844
0.1487850977688574
0.6746375557815005
0.1158648264713702
0.721965549223481
0.35336972233636443
0.550375425483243
0.13631434751170501
0.3578853429154435
0.7826552192621983
0.4625551628567356
0.11046314419912506
0.862665960366673
0.055400465643280716
0.6965366436888708
0.10350243318383323
0.07201045437504805
0.4470108811836945
0.29319596082610844
0.8235451260883563
0.7359128608163138
0.01107109617393276
0.16291061398093765
0.9764542964495868
0.05577049642519094
0.8014475994855451
0.48981278772608017
0.005301855299544855
0.5665276770991959
0.32471073896425673
0.4885642823304879
0.5134442221965446
0.6736895274983161
0.38719637862932976
0.6157652461169336
0.1652281085743844
0.881186858777165
0.307083231721344
0.5907627956845269
0.10396638126445468
0.3726831101521578
0.953623170329771
0.8217046324101253
0.5548717684293675
0.4555930847496117
0.8515396843010414
0.6079138002099701
0.7563350338636863
0.68247510478162
0.6455314093155101
0.5773780697172094
0.793813594766417
0.524088169514322
0.7287770724047041
0.5622021252630576
0.5669001436582572
0.10434815698023625
0.2927471162867461
0.8678980246757725
0.22529231969708552
0.452055726927296
0.3363901133383228
0.9343241636333073
0.2915554462680734
0.6753709238532575
0.8054912650700051
0.5686238690939103
0.5588505043012134
0.39923963186255873
0.5559289150807846
0.8012441604862254
0.09696870653126355
0.09889330651778683
0.7989929657603914
0.9433336328971978
0.1074922460493013
0.8541063088242433
0.7762741305309658
0.6871800483858096
0.38279288957046864
0.4611434360399226
0.7962058243877257
0.7262305567200248
0.6152701157865139
0.49165861396697086
0.35446520599786935
0.8924796116308947
0.15664237432830241
0.2350455382215717
0.6425047722323279
0.583728874426169
0.13553819225032138
0.5211280606443701
0.39052260477586276
0.6020905322368216
0.7723107473686652
0.47795399034429253
0.4822484858755045
0.804913596987491
0.0015232799154074605
0.4634463841702313
0.28729444311970065
0.9294502356063807
0.814094591428327
0.16460394284043744
0.1904016505638051
0.9705195725359816
0.0031267126829858105
0.3458973749455794
0.9813134028262693
0.7607682109627619
0.8626723758624574
0.14346925564008506
0.5747953646518148
0.30897822768870986
0.14391699446337225
0.7924460719299714
0.33693648013647637
0.6105037078165048
0.6617910178558272
0.8857511744527705
0.34612580351628575
0.746559873890681
0.3787504068307773
0.2205582655601822
0.28112223366850386
0.7004313642295208
0.011624193853858045
0.6346853717118637
0.5354070248412375
0.247719813634535
0.015023535236653007
0.5189694322947188
0.8521663559376759
0.5375813860424737
0.3437079586900402
0.8430674313113727
0.276077206940906
0.7717277384371187
0.9523565941814788
0.02035234922495288
0.8130373762262446
0.4376213886071656
0.5051738209152947
0.7114679759098498
0.046812448136935414
0.9809727817377152
0.4984520725732764
0.40004967307094563
0.2787705556255229
0.8482531837485989
0.47036498212586064
0.7203529411964688
0.4414265390819766
0.14801860536283507
0.32917232411872377
0.16275386423962135
0.25545912242391866
0.7723427977264614
0.7890367489773792
0.2245801789679227
0.9772505975608374
0.613056718821558
0.485524917070439
0.6434642132746113
0.43808169568827915
0.6977635732936605
0.8664618614872973
0.4419223909246861
0.17007009123994765
0.5108757335537932
0.9190329691381242
0.11412650334497576
0.9504920117780089
0.24785541043596393
0.6446798151334052
0.5071177963974346
0.47316354396000304
0.053340811390045095
0.8269860028587593
0.130322009978598
0.8851515161852345
0.04821562704942983
0.30117716856503507
0.08490545438421349
0.2536842221328701
0.8958181548508092
0.10312197016170399
0.7712671012969148
0.6614009016031622
0.7395623326702011
0.02275427117938078
0.8233540398262034
0.07657748411306498
0.031129855863327838
0.6872832386701517
0.5960986815896137
0.9877995412623268
0.9670305788731655
0.11451206215634935
0.9159493307832791
0.9770129407479058
0.8564078588504082
0.519653696667586
0.8840288386289277
0.06473917908927507
0.4442331723526557
0.836995514353246
0.23649024627763382
0.005353424675663021
0.06963851663367804
0.9824707428225775
0.4973664127525298
0.5125701443579715
0.8113765732569485
0.07369164647751192
0.7450635678407892
0.9282103034896798
0.7711218199328251
0.0060863217334449216
0.6709674204309544
0.36525787044533853
0.11665936058207338
0.9433353169457851
0.07386759027497036
0.41190852587852966
0.030577669251260486
0.9783936655845825
0.029754118800074725
0.15383977369937174
0.6260455622736433
0.9007605757555578
0.8319259042779364
0.5095190538861504
0.43443331971055654
0.33595604464604745
0.01860344442244366
0.6597918409566238
0.9220459485886447
0.056277692644519206
0.27739999916450375
0.7911203806342747
0.46674536727911187
0.06593297997354186
0.1555133710016543
0.6479433884962281
0.7823870101677736
0.7157871808532772
0.31550287270367705
0.1449648902106796
0.24918948317094392
0.24236878888451807
0.3511410524727444
0.8261204985740069
0.9867506795798026
0.22837212434274412
0.9839997665280686
0.5029891536110479
0.18446680114207392
0.503660892878571
0.9018599072583147
0.21529564183219518
0.47800443968554096
0.6936153632526697
0.801626972270295
0.7047389443327995
0.7479616414363963
0.4989824509122004
0.1254835228641007
0.31216292911366983
0.9960150822688014
0.5069975907186683
0.9994988962514402
0.7619198478578875
0.37722910771220375
0.9606706219703697
0.28812840278726193
0.8053555963231378
0.35336992505392717
0.6533275334824922
0.9226837541060119
0.4390983193967639
0.8595366391002719
0.9117511195627584
0.9809669593605017
0.2602802340557907
0.024664383914902888
0.7783212543543573
0.5582938765653831
0.7208435385608716
0.36310537223211004
0.04095527974718083
0.4410637996486747
0.22064215840567514
0.6433432356639791
0.7815488795638108
0.4577352086369314
0.7552498145391554
0.6424592917094658
0.3231971399331467
0.6184159850657093
0.8298858880691357
0.8288840253490231
0.05965691757599334
0.7653514087926714
0.04462422937742205
0.4661464517395212
0.31002130531173366
0.539079941611407
0.3274435611872595
0.06650116525126448
0.016553230772278993
0.3132512011954689
0.7968798854925472
0.20231433915057218
