32 4 3
0
9
10
16
27
1
2
11
17
29
2
3
12
22
31
1
3
13
26
28
1
4
16
24
27
3
5
9
16
27
4
6
22
24
31
1
7
14
16
23
8
10
12
20
25
1
9
21
29
30
0
1
10
14
17
1
11
15
17
21
3
12
14
21
29
6
10
13
27
28
0
6
8
14
26
10
15
23
24
30
11
16
23
25
30
0
7
13
17
24
3
4
18
21
26
10
18
19
22
26
1
4
15
17
20
0
2
5
14
21
6
21
22
23
26
9
13
17
23
26
7
14
15
17
24
0
8
9
16
25
11
16
17
26
27
0
1
5
16
27
6
9
12
28
29
7
9
20
25
29
1
6
23
28
30
2
5
18
30
31
0.04206052204115551
0.6482952877213789
0.6441603558036135
0.48045774113222084
0.4105663247230471
0.14661799260561548
0.14521602370058184
0.05881982436173894
0.38826033312304764
0.5288891194887995
0.9495643649221042
0.8303197946818228
0.07564205588540485
0.8605530266775562
0.9787126045498791
0.7745240517511325
0.8549023853092529
0.0008480724102584158
0.2932595139684342
0.41263716650767346
0.10962333188650442
1.9217172349428324e-05
0.6245221216404185
0.9351465136035003
0.4503026328201767
0.05948961124469487
0.14123555317417902
0.6004820932144594
0.7589733013674408
0.24580559854751183
0.9612319316547735
0.8122547307087665
0.5460293533402858
0.6799115696885454
0.8431786147829241
0.39426971022367463
0.17907240700455607
0.4218784840669505
0.8899827608188744
0.1356722118971403
0.06413620552433874
0.3197458639161389
0.5022949086958263
0.8132792910004624
0.4427810143662554
0.23544090629777903
0.772655707103352
0.012407884293804905
0.16984025589457263
0.02679021729738862
0.6688686643349231
0.7560110863101166
0.8207402455278784
0.9551550938000916
0.6946927587286778
0.5952157911014107
0.3223083810737818
0.3384982452214733
0.268855357720462
0.12320547319548936
0.09182916452026357
0.09409726998097467
0.14245676986748745
0.3067194090347667
0.6819529863987173
0.5239313746328227
0.02955631587831098
0.8024573140618722
0.007781262125169386
0.027966039246478003
0.9536025086404688
0.7236710086221522
0.9578439234873861
0.22366361047737582
0.44395629959773364
0.28089422817716625
0.05921220801267302
0.775743783235708
0.32247132088094654
0.9368410241864968
0.5730418587593082
0.1294561467832146
0.519933385425672
0.7638885129904339
0.8894788379715297
0.2487742984750505
0.09891914813389946
0.9591759219142652
0.2301160384160782
0.1791984083820437
0.747219514367601
0.3454649264275177
0.7662853618444544
0.5377675678608488
0.02236919866854581
0.8508684848822592
0.23846217219395593
0.9626686394361593
0.5628710994764904
0.03905115193571673
0.7483632121376783
0.012481406982670196
0.9246332894321657
0.17504518179621553
0.10713977502168692
0.966971122625385
0.2648445140549115
0.21300523435848173
0.010829704877918789
0.2981316059376684
0.40426035567298235
0.6678865177088095
0.8719856991087791
0.6450416047059248
0.9481387395259204
0.9467422358642449
0.25351825852041165
0.05852954221423712
0.8536722087493772
0.8710709019738636
0.894966115460953
0.0014873875355470023
0.7497077929451919
0.019138285677897104
0.9972025695987079
0.2887001262382689
0.6099280679212303
0.5845018253389139
0.8153672232283844
0.19397159969410438
0.9889870051723008
0.44398864160994966
0.41041616480693566
0.21484683263405935
0.096997712935874
0.6133455312250058
0.068675267141306
0.5516814684482867
0.34902363324837804
0.26303484490552553
0.7320199233941767
0.519689306581081
0.6168062893444187
0.3390219191888997
0.2928887000876247
0.2709134921673855
0.4572616056080834
0.9993206438207621
0.11769292628192018
0.89365594837979
0.8601106247533425
0.10351904174124438
0.4257871382884991
0.10667971711265434
0.0825537008301035
0.3451306763700691
0.8693070201495291
0.6004583700665473
0.06080133637506124
0.48662647113565827
0.28369183995949376
0.8005268992117921
0.38294673044544725
0.1529595506017335
0.7787512039042446
0.5463369050174863
0.4977072305569842
0.7645500296133698
0.3524053788222
0.22852545210746056
0.27801693127439575
0.13305342597974612
0.8892917843738537
0.5561063759028962
0.3626280761071138
0.5550965338298295
0.36325535366555406
0.07982448978436174
0.14681319263338788
0.0383069600400846
0.10937654388364904
0.7740619465417132
0.2413514791878183
0.1440141354385882
0.4597352935261929
0.4800444204072436
0.10412869015704296
0.9102811815386159
0.9179117306268874
0.6074612082389909
0.04020780057881013
0.15628383436908944
0.22311467829464893
0.41125794615422695
0.07176408640404874
0.5447263504586575
0.6463689424540253
0.9266170709774356
0.497591910049333
0.9371077541250664
0.8637176669221417
0.05101547729655875
0.15469886839465674
0.274336045084174
0.6127629897663284
0.28422915746739663
0.6404217186589918
0.19020373468601026
0.20193240688561576
0.9714994681399286
0.47611361361184035
0.46593674725200096
0.1742893761744807
0.570844944722088
0.4079768813391377
0.7805933091655386
0.24012276347319061
0.055757452795271
0.048418869012504806
0.5601191275304932
0.10786663394817853
0.22560968554205807
0.05479073992166894
0.6776657187899674
0.5768253702142988
0.8750357467132185
0.19826160805206028
0.3855370382009571
0.4933667095358848
0.3261315550998847
0.3404637120593681
0.0596954042516481
0.3092765332910896
0.8280282032887479
0.8652113411291299
0.6213583797912814
0.09399453026572513
0.13588136225331948
0.8384274263938153
0.5619597858030162
0.7713536096121701
0.7346294267323759
0.2589906694010392
0.05416845292654715
0.7459284163698311
0.75408467799119
0.8311199353961353
0.20478488745307377
0.8883582326208586
0.7322034408979068
0.31049441152228296
0.021347288930745778
0.9743151750775794
0.11528751699068995
0.9600462768316824
0.07733615765369506
0.2039651497130811
0.33549021650694055
0.9621700777686154
0.1404280577667012
0.7925270597831995
0.16604821092039146
0.4873813911178013
0.2903502632310101
0.5379734349045484
0.1156824869319788
0.1121150898820189
0.8445603446351414
0.15868909946712018
0.9051754246996369
0.3043228347206657
0.07422889683245071
0.8548224993716826
0.1307567031761302
0.3235431916199676
0.6379809894775695
0.36870989621552763
0.38817008253040053
0.8767366512888967
0.055036764958097284
0.8105525368219526
0.8437854073130457
0.08103045113356122
0.3403756687627978
0.7651191986389799
0.7217718822374865
0.364556185540299
0.21390087445038353
0.8780692845422363
0.47274349872198973
0.656107512954574
0.5623652068870348
0.4567017670582252
0.9273835179913499
0.7373215203697564
0.9320634145341703
0.1262677416276583
0.7296697952792186
0.14475854139455824
0.7176658700911883
0.13684668577477754
0.12846444724291473
0.31228328772823566
0.7170629218656767
0.2758916212723642
0.7683686348783402
0.37288212037953006
0.3032080190372458
0.7452392301025107
0.45525448634046806
0.16297104920674876
0.7185405564603431
0.667223476738473
0.7089214553932216
0.7091051749007496
0.036127224191033536
0.022863553095374578
0.3450253987810197
0.9394460802550019
0.700877386717333
0.6002545531068474
0.6882620563013332
0.24473074247197102
6.324866124785e-05
0.39697411813232053
0.5610760951460385
0.364510260027635
0.6736466010251823
0.8263403116053032
0.625567828066541
0.2897580963372637
0.9330905494779997
0.6471537527798656
0.032521894606927004
0.6437099305024669
0.805412605414493
0.2507620204942328
0.5932433763466534
0.7961213669295016
0.7901185311953655
0.39078954237030283
0.3465764748663188
0.9611656924805033
0.7542843367694935
0.9836240834811036
0.8945104418436831
0.8264864513882345
0.6098869505873001
0.9773204494499123
0.3486571027355593
0.9386627084900284
0.16797830692180538
0.6671263479395511
0.992926036563683
0.8255304653905396
0.41567148871614223
0.39289428441279206
0.3355745216389012
0.30673422349935175
0.6937209968818525
0.6643363754820435
0.7642908952652689
0.4224652336101795
0.9357005558031596
0.7898759174197074
0.20152070317830129
0.8917784350299032
0.9751810007539279
0.20903797847017824
0.21103883400666967
0.4331117759425962
0.3982986961858187
0.615271430874914
0.8338344927014861
0.6697823748464489
0.5626130307487478
0.7160666523431577
0.7657040497628127
0.9624420773822928
0.5306927160831257
0.7605109286657791
0.023148652563165895
0.9102342279228306
0.2846551085874597
0.7868059286084705
0.34772604986922384
0.3540538243775396
0.34198359560113123
0.53768622531526
0.9608550963531205
0.1051510035196297
0.8633383750360799
0.6330249727996832
0.4374111087504884
0.24656662311600708
0.5871353365173233
0.04737062242890755
0.6137636878674889
0.9542602369278129
0.7019634946143722
0.822384318982746
0.10634208139056611
0.2918486245141356
0.6784024933877567
0.6184265665317019
0.01972611328457574
0.48683682951242424
0.5071615238642174
0.14958640388897582
0.11172691471156748
0.8256579276918267
0.3164978773461735
0.09526841869304248
0.9062786469176458
0.5505440248777242
0.7280067313804396
0.46728082568437823
0.3126939352515532
0.7171061461732801
0.5335072814367207
0.053559464075760954
0.5814438640500914
0.8807564923053344
0.11152925753040521
0.43576429304639164
0.16452284226267078
0.8877675729083715
0.5048197731432417
0.49725301362409546
0.443808869649145
0.9268430190682467
0.8369907197895072
0.4274023579013704
0.804454881218021
0.7564999318280929
0.9102439061199896
0.1675998138253344
0.3576422909273328
0.35391035596610365
0.9448943972734037
0.5162564364698219
0.7576416456484889
0.2242366711988648
0.5093483364806312
0.8378289997761708
0.2909435111514814
0.535773681609808
0.8479172755804728
0.7743488554343332
0.6979177962746385
0.6357545207698807
0.5411597593732645
0.6557145124340015
0.7399068055365117
0.6322640472055999
0.565154804048652
0.18710352763298577
0.5298956596810577
0.9272368968960192
0.33962002727561325
0.6385251108398234
0.5237071196165183
0.3361836413273287
0.7031387664673892
0.03278873242628244
0.1816531681647945
0.4654440547702323
0.5005857303776193
0.4633524775041987
0.09764432414577329
0.6049771884434973
0.9233151368761215
0.3860797300438681
0.5851855892428593
0.8412733194564407
0.1283145918221712
0.5414348167748229
0.6530788416817025
0.6510643726287562
0.2997817529104615
0.5997214907106059
0.016805618392934374
0.5148297934004364
0.733339723676348
0.6985448593239784
0.876816473443555
0.9324695443378135
0.6519844460488842
0.9214386273909783
0.868123259363926
0.7323309291401345
0.9140697538772024
0.3211329586083911
0.9308547967906878
0.9443177564509735
0.17822302065850104
0.4019868898421387
0.7524085300851194
0.9376022325023592
0.5561377660924204
0.5588786608299134
0.6167966774046739
0.3082454238794068
0.5499059147138646
0.9008937233576613
0.25329545394155883
0.709456132583203
0.6550205930677223
0.18830895369615908
0.00891480428460445
0.9354245549921781
0.6611365353171271
0.6373906414383101
0.9030064566502969
0.5503505303606111
0.5821264264400664
0.3337573090294691
0.24578971604980804
0.8363808609457198
0.42324781294003855
0.4370473538723093
0.6033194922971418
0.846981486683513
0.6659489687727295
0.6983378438231919
0.34084471523581206
0.2951784132213491
0.7283707418376258
0.3249744656294643
0.5195651463391129
0.03427278081156071
0.0625270040525071
0.5954130558342415
0.07449928800040717
0.3883309608323625
0.9180624868247302
0.39746406313777627
0.6984262099107827
0.6201630903361866
0.7124256649662201
0.6355486066148853
0.5400705415682698
0.01931823589172954
0.792053414565631
0.48734187117591243
0.550725321620397
0.3964027224457164
0.37169685003716135
0.16528545305384612
0.47795833560252665
0.40539392860697954
0.23784662323036299
0.6030915217573134
0.4999153717187522
0.4937186741892454
0.8820410305504096
0.11901085598081473
0.4477975494468134
0.28809262633811183
0.7706857588149834
0.01922362119121579
0.32899552070288807
0.47845730507287754
0.29512532601900887
0.7102607152395118
0.9506026789289258
0.3636813375320511
0.45960378990824924
0.04068693342338836
0.4422531455873212
0.61077825013911
0.2832104875390158
0.22674394242328522
0.2533113415504412
0.8721156346574331
0.8763763367499352
0.45612661132832055
0.15928089649755717
0.4958449026937828
0.9698262269086119
0.3847403771370631
0.25867922252071796
0.9113956949002161
0.23262428331316143
0.690475187594821
0.0355580531357681
0.5158333822953346
0.9860596641451003
0.46934891157437153
0.7338353408306435
0.7660444986864753
0.0515342477432853
0.3755834066025552
0.6347035051728466
0.04375985336933941
0.9861027602606678
0.5330703019673717
0.36237347577522083
0.734766990053152
0.8562253290710805
0.8810920143850337
0.3624529521876635
0.3252974999765006
0.14755789362502536
0.9064013080445625
0.5761101363781559
0.062347815492228675
0.21461902006865108
0.47034186720489923
0.7962542198230094
0.7110280048706382
0.22793389290354227
0.3772459607287648
0.6194518149318442
0.16016974545869456
0.7037290798084654
0.458704116771412
0.6926347759385868
0.3475206430974629
0.3042591418323636
0.27024032050028457
0.7691159987170794
0.31907681267498034
0.027613966545982804
0.6933159113847455
0.5590907707740711
0.4979246758999111
0.8311702045237472
0.09901734152544939
0.4352308505379313
0.8423199668150069
0.5457971266761542
0.4997720695629383
0.5760346168666881
0.8913692707415123
0.9744398097483975
0.7913452561340614
0.779789411985829
0.6858590647757621
0.17870513699689006
0.6141802070797074
0.3219899024679488
0.5998676403529488
0.18691847266329087
0.2096594747812549
0.554819789380412
0.9053194249123108
0.527651447578889
0.9116716675419665
0.46595616168827736
0.8384640471698014
0.20861207867224085
0.13983529828695507
0.8129777981307037
0.5041027984562705
0.40943936158017025
0.002196764286472086
0.19962019830368438
0.7371109373547556
0.7326366060129484
0.20320900581444223
0.6540781164728846
0.15416025029282054
0.5535802376431856
0.33613787061351397
0.46598919753355605
0.39054618988328293
0.42306585214860015
0.12918072833976912
0.302590015671085
0.23061388885611134
0.9843836350516836
0.6530108308253223
0.9115047339024909
0.842954785202079
0.4107255213276365
0.18976074414025323
0.20017224854658
0.5195155094977051
0.43767162496434175
0.4252600795933741
0.721321572958661
0.657775563505546
0.03566731170989712
0.4509585813627207
0.9302839875738734
0.9899067908741956
0.9210245338745439
0.29586834888993196
0.20381121742276542
0.9435903047528942
0.8635445234762437
0.255083475480695
0.49471915974695746
0.9691506697712132
0.5794036166394801
0.15127031387222822
0.835726003299119
0.3960740449335537
0.3844423502299399
0.6319485445669241
0.8715219281516827
0.6277784952629636
0.5506556217170717
0.9853696178552366
0.9757240321719336
0.699756834587525
0.8540902928160176
0.2495683354855851
0.33231982347991107
0.20597317206469123
0.21672703860546916
0.9252302149004497
0.9661098314988138
0.09681601308867427
0.5543211131881195
0.9231180355560386
0.927087791884647
0.46328178137194975
0.6648595321126416
0.18702922765957963
0.8834012067516573
0.6739950130949939
0.07464258909322696
0.792635298312801
0.06470914351201296
0.30588401772289375
0.461314096471627
0.06036299902340725
0.5852300284792208
0.7141485340864835
0.03766239469145871
0.46934441863175236
0.3927109922667381
0.39085614736457286
0.893921532947251
0.7376055794455443
0.3303492823162191
0.12099224169348877
0.20160982423030127
0.19238862868357354
0.31409404503159366
0.38858262697208523
0.131912257175259
0.22880957271457758
0.5633381120887979
0.19841704548331718
0.12133816667971731
0.6640335886843792
0.9063686386905778
0.48704583374253285
0.531470142451799
0.3886224810594796
0.36056689951535614
0.6774993861346065
0.28537836940570394
0.04106408523031879
0.9282856027419341
0.17758561892689362
0.6069851909985053
0.9729435381174499
0.3413237328626473
0.21829163532727425
0.9487664442845786
0.7594168519546172
0.9238091918180518
0.2882632239621543
0.7726601772630757
0.7876889764039536
0.08951550689260068
0.4914330713818432
0.7444991775673783
0.35850736465991606
0.07785813243531081
0.15235231217392764
0.04326405220951002
0.5778756367598473
0.9227934489542768
0.016460312442322267
0.5601648994309041
0.9121131081541614
0.7619281558442018
0.23593663295094458
0.7816100301117572
0.2791222989898201
0.1855552092788798
0.8114804549962628
0.5276929972143337
0.23309891250495685
0.5315059077574282
0.600971408878968
0.3433915917410605
0.22614817695663925
0.3906332201042765
0.4031476213277585
0.9528563529508108
0.7070348910926361
0.7814358642998833
0.7720777208383783
0.09353994051029668
0.2850873469909184
0.7540657516128482
0.39530095704462076
0.060756280727296996
0.00852265890993087
0.5344942097183538
0.6122127715002683
0.7637828132986302
0.9217119287671974
0.3786902601565978
0.652602820888392
0.42408018685088367
0.11331101095552709
0.6516606464094529
0.9572011913334545
0.7258434662805543
0.2209261961789456
0.18562980293124198
0.8644563388781745
0.8044629148928122
0.8354937793561176
0.46883596506501857
0.12429004290636092
0.795544246472791
0.28588476880075087
0.984221423535786
0.9149338548136515
0.9390960547388753
0.7897075624180536
0.7206465111664963
0.9618397423642938
0.8805629086545479
0.5155182920384791
0.7928644621575323
0.02038534145625359
0.8937196931023058
0.822860983369337
0.10622047723443417
0.5436993551750712
0.8895662778315158
0.29129511761681637
0.9200274844882472
0.0958112587172848
0.030496431259615764
0.035387842535653524
0.991236956223025
0.5204250270264925
0.516052705332459
0.18862364856687452
0.5299464164777021
0.25920888044899015
0.5626303945860119
0.9794446843990304
0.6501574120425643
0.5208490346729671
0.1225656819763965
0.28149259156131157
0.39354988358197673
0.8596420835261727
0.7881791587015433
0.3548972382725558
0.32925126986269704
0.8535929549476259
0.7202948008483383
0.5938665500498314
0.9292754228423791
0.46655127701844945
0.5884078265474632
0.6302362194805551
0.6195189284616809
0.6599437553781302
0.6997067890860437
0.21495576931532545
0.799658593955137
0.9303708881115434
0.6586988046754836
0.49590287270638367
0.23897969807166608
0.8815766212212075
0.577026619985115
0.3069640022693264
0.82279168893166
0.8551654729902284
0.31647659522385385
0.9655997894579668
0.5586120246862645
0.7205056203512221
0.8386326372339882
0.5852663599414745
0.641411087666027
0.5394351249354599
0.9950956232797973
0.8416990510499054
0.16764990203291208
0.0542721128504321
0.6482959868570863
0.03840613122912784
0.25348379142253774
0.12830494481585253
0.7946109566846018
0.37789125128615664
0.3186283193164686
0.4291913541332797
0.9782019338549763
0.02865020874841362
0.5261421888717235
0.8591680411786314
0.6356093407236908
0.8714185324677163
0.9263927794331915
0.9616016628212083
0.4239692253069617
0.9122762810308415
0.7342764194826622
0.34021882950132876
0.017770353341840517
0.28338550456734113
0.6694910701427123
0.018925579113821644
0.2419955269419588
0.026124959053878016
0.008207704771897362
0.2404131566238189
0.3910094331855273
0.7175891902855833
0.8453671248187345
0.6324151157078588
0.9688564261184822
0.9424028572447495
0.24537458328959827
0.20844885000060742
0.07507043059035734
0.10107688732696052
0.09134860794734301
0.5380155236245028
0.26156063648128636
0.9954238776862749
0.2188252609468463
0.8334262910777526
0.3745806278565301
0.20740131231051584
0.23375306405167295
0.3491733051929322
0.48878715527939554
0.014009203123927394
0.2576250291750003
0.20501295022356525
0.5518562696725955
0.10499925241752883
0.6086218079822142
0.9156672252281854
0.6721947851362905
0.9735826590985395
0.9740276486090866
0.7487352065033263
0.4445021624341069
0.0021578255107516098
0.19753429391349941
0.48566539074542214
0.20549864194136536
0.8609492422599972
0.4191247888201395
0.7797724664315017
0.0690411057784216
0.4605127886825856
0.09297879342633186
0.28754254257375567
0.3664400762844858
0.29990559460897137
0.692879370588632
0.6674428446263208
0.24813213032166126
0.9779418080623372
0.4514510397310483
0.6660111894605671
0.2965848435171542
0.20286463928513754
0.9363019664009197
0.6749595409262229
0.7087807121393018
0.21830641703439857
0.7478158990519401
0.5059473158198464
0.03385511601832436
0.242146459072335
0.46080160662601544
0.15991833185287985
0.4101164420043786
0.7974189401074495
0.6159733983837883
0.5032013292373855
0.34270964291737027
0.8192578170325457
0.17000301769709802
0.28394756278646993
0.796980357431521
0.8963835202625906
0.5494856653280107
0.1545114639018329
0.08072478060288157
0.9399901894336273
0.01196085740797903
0.8035476270988193
0.701742306137418
0.6627071581241929
0.24610772688773308
0.021949059131353144
0.6586325669371731
0.5121404690442026
0.5966952963355159
0.5543083381073157
0.4085921022674761
0.9049214478781007
0.2160603287792725
0.4944921462381101
0.5793278895689824
0.8922897032184325
0.20221287147382982
0.42029349446089137
0.34309061136154606
0.7547703273592731
0.703174034753281
0.3974731130690602
0.15909675766091225
0.04202954176362317
0.3233974219848694
0.40947283683493096
0.7235106020545004
0.6546595617846517
0.7295284018699035
0.8530650807322078
0.6029628113037877
0.6601796098812346
0.15345816906684084
0.08635039330007532
0.3373829882594299
0.5957329228856602
0.3576194220745481
0.5545917555628611
0.14146972898369436
0.9559712539799907
0.7926310116237767
0.7441391213579502
0.7608455384457737
0.4694024569902191
0.2036914257382645
0.014659173430172645
0.5308818975163213
0.42237506429889426
0.8307146077949998
0.8347179873596804
0.024562160801523514
0.9455055835491902
0.41582150171254273
0.4314670638297241
0.8200695920147608
0.26112409764664757
0.5115849295171633
0.36261212760742545
0.4383342258287891
0.0793140038520933
0.2159603019549423
0.019148285926073427
0.676239059592935
0.5290282221119045
0.19239580456905825
0.7082184604154977
0.49541458715065423
0.08141014040771577
0.9273678972194381
0.5761823554525042
0.5634355790068579
0.6354874857188774
0.5564670453383542
0.5602767839995169
0.9742668940789618
0.4887299942068163
0.37125739790436674
0.3565890319129422
0.32541442732198045
0.9357925931320956
0.9826210220927187
0.8922395364661452
0.9911427451997782
0.7271758944828722
0.6667210314964701
0.06979426535254574
0.9496291184942093
0.933205347310871
0.8428100489477651
0.5258024040066444
0.4078746898530021
0.41660709994192935
0.7330381843955126
0.24397575426208284
0.272586712454426
0.0037408010017433435
0.6931553878512782
0.6444399489418087
0.08838551136665318
0.09832684103336764
0.8055214882435661
0.6287853658719844
0.803244623636147
0.3232758318945107
0.05032276541819558
0.7440922818021317
0.47384778052171006
0.7350069441369865
0.46099245764211916
0.4937966879396636
0.2784145891120301
0.5889319943959734
0.9219126389549177
0.34052114356386276
0.3698766327269949
0.8826502370828532
0.35728971134537013
0.26434922403481953
0.5184677034052769
0.4158948034166636
0.09975718649146947
0.09276091130194353
0.9842396675586031
0.800824093869554
0.6141874690696022
0.19861229746174203
0.3894153848610796
0.22903543779614977
0.3946102787753416
0.8756047714252714
0.6670069792138147
0.26976671235447236
0.6580090425629069
0.8197187055906683
0.41376374048919085
0.4814756487028906
0.8332154104406013
0.8829226179427766
0.7209130692935432
0.9076775582622406
0.7508174976384047
0.6376775714909212
0.45554285306028575
0.5360832844469465
0.579631665029166
0.02873987626050367
0.9842202880965393
0.39374257792637457
0.0853198048200361
0.8897494737465139
0.16252638204580105
0.3020737462318501
0.08359146406663198
0.770783213157491
0.5518211201061193
0.09912666961122629
0.8766862733842166
0.2725029629945772
0.3136598116385687
0.7451511940806876
0.17436719531532485
0.5430815570681495
0.029308953007179395
0.38548808261102885
0.2728695847092397
0.3368151384646929
0.5293010152013358
0.047647086130686356
0.016919384901710965
0.6741121152675966
0.04954017868113236
0.6373486253381385
0.34652064324136744
0.6739778808790904
0.22100659294310288
0.8673343538861032
0.21303586713103018
0.3894026276517619
0.6390212726278193
0.628055718404186
0.7674282141582388
0.8470588278757387
0.4476578895493196
0.04114019731746177
0.8092543495464516
0.680643728585768
0.7379126534923026
0.626816545659564
0.5704052208520577
0.27780830639211773
0.6924257966091781
0.3756484460826678
0.6763387240368519
0.22740425483232274
0.018889182589229114
0.09325820572880017
0.8460055906502276
0.8993838737303929
0.36081643690264553
0.11085503320143353
0.18030208558512584
0.8890158744015683
0.3432047717340039
0.43543918233685375
0.5253067997350764
0.5717491065319468
0.11015135798813347
0.40115346890847325
0.8840516696717481
0.08259057347785659
0.5594866391133101
0.18044201728249043
0.023675586050730613
0.8979936094354077
0.7500576141229193
0.8762052959532226
0.15073172195175144
0.21291341017048238
0.4131010956826545
0.9127551351241693
0.28226552254181614
0.7371445900706989
0.06380765876675898
0.38350915259898444
0.6238526063232169
0.22777291714032055
0.8585213528690684
0.6442331918287612
0.572748695038663
0.07530430105494645
0.9710453663626025
0.6636267543330295
0.18286470234447094
0.3551003743791036
0.5057922821651887
0.9769043595073307
0.8985755930567262
0.49149072508273384
0.9784732574094881
0.6698507622789563
0.4102509326654473
0.17154652106362878
0.23952240080835818
0.7204170099328081
0.8028559580760825
0.5723355129228374
0.4576470897690299
0.9890516471974222
0.7110112255884223
0.06302315667656944
0.6509704602352964
0.32262784987911974
0.5766509568064135
0.621516371058204
0.15788572096654607
0.13759890670681374
0.08484210390544622
0.7367024045339609
0.25781518682914384
0.6797677095579719
0.472513010239359
0.04170474042055994
0.3890194081239041
0.6613758258942763
0.5891973150131131
0.3423133824971063
0.6791517494909011
0.18109183231036563
0.9871575372124296
0.33616417959490685
0.8693802609388334
0.029941264920526067
0.07355067074314947
0.8796676562544921
0.9112460950226065
0.6638259666671912
0.6831914831751038
0.5647443467551352
0.4515376630048361
0.23229877754317885
0.868861530391873
0.447146615490439
0.9980343924493398
0.410131343747416
0.09997400271093626
0.5937017210317372
0.7212949026592568
0.45928574659734356
0.21378531451279226
0.9278732964508503
0.8445271129468221
0.11714805690152985
0.4751816913606661
0.2869370611839984
0.38084068659094406
0.19945976396432308
0.07394977560846794
0.5873044144960213
0.975315887568011
0.8766932580558027
0.8562995156668187
0.9966727730638109
0.8836269288168958
0.7039349444145722
0.37694438068216574
0.3715881743567704
0.9869920106539992
0.7864213557749482
0.33484813866987484
0.6727262198138361
0.06227470982994732
0.019869695712745217
0.39566876110197324
0.624263584954432
0.40205963920391563
0.45618384776921095
0.3841342219776025
0.20480387498144603
0.7918568907363481
0.20370316394283383
0.35749074203102105
0.1608442313035846
0.17262272271266743
0.2569254856143083
0.30000995185194257
0.8562632071620708
0.16549046010827861
0.4033275941187209
0.09538420968031236
0.7809290721269555
0.5888825322469465
0.9285932873724504
0.9437345965829117
0.8725601835924163
0.957025794952766
0.3583843432487044
0.591632284276534
0.1724161934514531
0.2070253328492443
0.28870230047574963
0.27825350702522045
0.677842934643855
0.21509026586822455
0.11950537185382581
0.2382505380429234
0.17858515638814298
0.0800369901023199
0.5920050536231796
0.648543065831686
0.07117567895686017
0.229678281722679
0.03974601217968243
0.6203782241513334
0.7172408575885266
0.5747928216605105
0.25907378393327485
0.2631779931260343
0.18987390434124185
0.6567113350193002
0.950700475302543
0.09483677515585687
0.7936484669543006
0.09602180852921571
0.9435821980480746
0.37847645735638036
0.3805055273139035
0.8333670133839968
0.28376706428270604
0.8590445380905865
0.5501501436838531
0.9022362569538517
0.38834612344486996
0.22077148126933877
0.13874967797855897
0.43081170076085884
0.20469651361211394
0.7682298250041326
0.12057929641441012
0.1027313973958528
0.8192641988477938
0.9478314802404224
0.39591410548949635
0.8055549255106806
0.729921581170482
0.5285853583230838
0.3805671661273743
0.6957472472881417
0.2358702595363299
0.3056450739402191
0.7675662245952948
0.3943247509592196
0.4925939806932219
0.8331856414701164
0.7423889546546705
0.7124275680058106
0.48158624021666474
0.9583184185997067
0.7065595888056299
0.9622459804207638
0.14499824991375632
0.5864180422020967
0.2721894391462264
0.7624479199715554
0.9115471436177328
0.20488731763110923
0.4845544490031811
0.5754706200723443
0.17109474373708777
0.12362259275644749
0.19748054150204863
0.661577866489524
0.6146134092822558
0.9146222980621512
0.42867526268557976
0.9900826782890791
0.6210699889092491
0.33153180004141114
0.07968394331399775
0.3326972503170933
0.4528755919688303
0.9733361595196744
0.18996147155877485
0.46182353721934244
0.8730419274788735
0.5747964872888028
0.19465972808685617
0.767545411491189
0.6485943211386412
0.8705566040171774
0.08629861288850726
0.9798458815492239
0.8165546171673649
0.9418444433657086
0.4185368965297376
0.7059728576935648
0.6564280496879659
0.797440304281105
0.6430984543279881
0.35650284631581264
0.24247672097138429
0.6699107660182333
0.45416954522117325
0.3411703275434025
0.7926178434515753
0.9714400654425123
0.49625581786820927
0.5717170737037883
0.6669495213941151
0.4428690557623908
0.4434657203257286
0.8762565971942045
0.11627975490880504
0.3519661879896694
0.39318437322315825
0.9326356992707174
0.49911216993906404
0.9260079117902088
0.16191893508004152
0.3748030856452541
0.9089787961116151
0.9077580774588901
0.1828171937104267
0.5159790800752622
0.06363190139510755
0.38146689708237913
0.7186152711711833
0.19397856805626823
0.6674177490659969
0.047828871407523565
0.4847963372130941
0.49546632902861176
0.9222655478973053
0.3682697609463029
0.4385523774073251
0.4215155018424517
0.8504998171426971
0.972417977638973
0.2312237150577744
0.03097281720565359
0.7290324605966784
0.532044153400286
0.3435510536299372
0.4373361676853842
0.6814060666951852
0.6634025716226685
0.49022212768955065
0.05302893646963558
0.541466051177378
0.7889704977310059
0.3863084262724983
0.7640271190792253
0.1952204004258925
0.7889995784341025
0.7718584428718243
0.6529729958752492
0.38374195972532044
0.8703069813194646
0.006346101514828728
0.22143438114606573
0.32900553276566114
0.6866336257453781
0.5208787078763129
0.3031862400580332
0.9499359184015372
0.6136298953995085
0.7069493406062312
0.91429444686633
0.42520928714551964
0.03869377608454272
0.6250089683429294
0.295295128421587
0.9659778455925678
0.9637816944533496
0.8562389864455542
0.653957158643699
0.6782298301724013
0.44571405506288364
0.5048669407561881
0.4850290630353372
0.9795354520110188
0.5720559993808642
0.595697030873724
0.5760063474290837
0.8287950002222214
0.4404340561273228
0.8065016127962115
0.1614562464699102
0.3185446501365943
0.08649646796520338
0.45646643661234776
0.14409871743081049
0.0036381772007162416
0.7296454690224072
0.5209817513440773
0.9188156033309107
0.8001833676089353
0.7767246753008958
0.13935338341833814
0.3851859062453339
0.6251896034297365
0.9854850123787672
0.4379339486919245
0.7489812956924414
0.9236391374447102
0.7911814161113512
0.3105887042898946
0.2911372768994507
0.8860612419969426
0.048583187191525545
0.37781461050467313
0.6940869334358524
0.1043203566082882
0.33719656100764994
0.6006775458601576
0.9674074724898623
0.9991541941207644
0.7765799276367279
0.44444282597797635
0.24018042420352004
0.4712958270631177
0.37691175133015176
0.18766892432963345
0.2697131060341429
0.8579937030758046
0.4762368651591211
0.6258018228746085
0.9311668367142346
0.4721409985519227
0.04957068757787275
0.7521812547212124
0.41514335749129383
0.6793543949007133
0.30273993633905605
0.08974288684337872
0.698218840145223
0.9385555491436994
0.9728212174453335
0.787610240524776
0.6552941825570359
0.8786512289592074
0.3947339168820816
0.08932331641137847
0.383214584234015
0.5544515004076491
0.9445104265072074
0.6436887301864613
0.9887342663554548
0.35573487896814304
0.6872556981245942
0.5437662516320487
0.47180331128372077
0.4818426031587032
0.9452200565447894
0.5068299606220895
0.6127096461375873
0.8276505985586472
0.6075632236676555
0.05109222303052019
0.07375344427056252
0.15411157219071725
0.9090808836076829
0.4005462315386783
0.3302849871580811
0.42957553524072145
0.17130527474293233
0.501696997905336
0.020178152302260277
0.21665519729029736
0.673190875123209
0.9546805806047761
0.24668502051995156
0.32031457386790796
0.5249277742200984
0.9665931685273058
0.7660878809906394
0.20404707438623937
0.8266447987962747
0.7232581557532143
0.3690815838616037
0.4986629426877718
0.6204425668559685
0.0928578250398081
0.2287995388983306
0.796579413094811
0.9832065821852034
0.5583119263809646
0.9456910309680905
0.22891015015099425
0.771188650001394
0.323561825595461
0.31788240639751375
0.6721649961679012
0.47719002672370237
0.5868995763203595
0.29555323782787846
0.8768716057587179
0.09429550845700307
0.20008161586427053
0.5619822775749543
0.8812543587794818
0.8933737832904826
0.9267102093399269
0.2518867455091045
0.46602066704389133
0.08410239446078271
0.9446953356013407
0.5464654322624547
0.7636354261527001
0.08261104717052259
0.21039188749628146
0.26849028887139204
0.20319549303581264
0.8284853918226062
0.5156640028604229
0.6266341014512326
0.08635972735890285
0.7651018760991346
0.6692918606553139
0.03486604904963719
0.8051185932154188
0.5493812194719887
0.960009999395892
0.37102875797360224
0.5203798060649494
0.16883191672987996
0.705487402083832
0.3295187424637669
0.26106364411428384
0.10162761783882601
0.4099995274207211
0.5056099931566328
0.07045382674891876
0.6471791835620425
0.45230034330965185
0.29568126521276594
0.2346224908514002
0.9623091435663438
0.15280970039964936
0.9184779732814018
0.3918376101208483
0.6770889098376137
0.882291677855331
0.10812385005073566
0.3650427560640369
0.7255487971181374
0.7977773839221559
0.18701630090722987
0.06131698355320592
0.2616608829755459
0.34822178290166883
0.11228543997471996
0.004663130364715995
0.3592227026482929
0.6306484515791502
0.7703454602104219
0.17928787775689647
0.39766679045580666
0.33056258107368885
0.6649350166121796
0.5395497777102362
0.1617576194184065
0.7621217902577357
0.7803931293187816
0.9760485746963671
0.7705804146893614
0.814506225945773
0.5610690373364644
0.04177552618109548
0.5435773606768932
0.2085512408626038
0.7863960195921017
0.8330535523608678
0.8192981677661008
0.18341299039014003
0.5811684349331196
0.8346710085353025
0.8471906585985984
0.9374022851755146
0.9610173411648821
0.9011372048548921
0.28191072789480176
0.21008426073673636
0.8384249453577635
0.1997487920365919
0.3419251255300113
0.47228010496127804
0.18489945568138044
0.6548480933502664
0.9755897677244977
0.13764259002242185
0.6293253260431416
0.2379765226903895
0.28494093123196507
0.7973868119785984
0.026597589013663048
0.8836325601278722
0.19521270491637677
0.6544349444951013
0.8500384614366427
0.055966624838323265
0.30596487012994034
0.19681474618492423
0.8137554474360905
0.6179592634784465
0.3744573622431737
0.9871167352831545
0.9794389789509085
0.7644878047750956
0.04239154388778865
0.24069061537194059
0.7242823951236015
0.51646493443614
0.9490569313953248
0.4192988145474752
0.9948228999889551
0.5667874781062993
0.19804319289830707
0.17043467673591117
0.15763334810392837
0.13735653936712777
0.7822204273948462
0.704849843874615
0.24186126610893344
0.43763161162947917
0.9395408150617103
0.38142719093574473
0.4517859900374719
0.10797458953894845
0.38342353023367215
0.598154068635568
0.2620257211355511
0.05108718750752772
0.22086528520403925
0.12074378702723165
0.016076364649243446
0.3362249124355676
0.7670117145403754
0.7366759074682203
0.857366168228209
0.08995902516002785
0.06781543905524434
0.2592170942572046
0.8817394020995665
0.7491937179002129
0.4291056661497332
0.17014925043110085
0.48130023624056395
0.5609759911528768
0.44929692806767896
0.7938128487776658
0.025064785031272407
0.4789909685835958
0.7015237332204494
0.19775930851233137
0.5111185904699704
0.8520263657108603
0.14180077991027762
0.021187731057984438
0.4871495150957361
0.8356485879503401
0.9300088636880068
0.36514621333123476
0.7684213340274877
0.08937750939031808
0.188565898270879
0.0117795619918728
0.7510747684579377
0.9213886034017519
0.2586041116112826
0.47196496199811944
0.11634551600313003
0.7240078859475564
0.45859881065284946
0.925411595207341
0.25297077991106287
0.01743434435773794
0.07286547311266844
0.03947821239410221
0.06565687790503338
0.7317353760554502
0.1807667532488223
0.41309180140404234
0.7711890045013061
0.6003440769242445
0.8134785273640859
0.839608232753887
0.4645002871017372
0.489157872122154
0.8851511092356434
0.8017917275255849
0.04622891279496255
0.7786911120143382
0.764779431047939
0.6905157771324281
0.5610176052865484
0.5827974898434887
0.49452691661499315
0.6799135572133908
0.8594118442251973
0.43716983210568483
0.040445142841969206
0.38270375460367123
0.09269856820333566
0.19119965566026365
0.551338217957576
0.3736658995150298
0.45301880698208297
0.0047361228289199975
0.15992012064074246
0.7357246243971962
0.15913233894102874
0.5842963792255071
0.005781555706533159
0.013526394834834976
0.1880620681125822
0.4533837141004843
0.5193884011689326
0.9294251382973698
0.15604780573047217
0.19017946784248507
0.4263944469327201
0.8046823086635005
0.518115687629024
0.3431957468943352
0.32983293386528945
0.11874405509342945
0.2158486469833205
0.45796257200193025
0.8009431263144476
0.6479002635406524
0.5331438973044648
0.4426337743322688
0.26657704353009737
0.688126859987692
0.6643762722336557
0.004181453718173023
0.12875643078072874
0.5788312354013533
0.7525552212539626
0.6331243301632498
0.16102708215696093
0.8072855055308735
0.27378794766154546
0.9516503276599214
0.1369713007396104
0.4507726260410183
0.6265980357447928
0.5401662207204632
0.027277641288021237
0.23434419659673167
0.45086161373200817
0.2067803985277904
0.14726356168167076
0.23598024324310007
0.3593235453953397
0.1475085102116992
0.15224824034369744
0.9396295189970286
0.1538096059816454
0.11062942216301297
0.5982343143734161
0.36053194131062716
0.9859263722673854
0.3702101670222302
0.4565036096646975
0.006879915774546053
0.9851101857702
0.7129291973527205
0.7264894203494623
0.6157296820356548
0.196656762161459
0.4501998171615057
0.23514032910129
0.5706260001016533
0.6121046279594796
0.19970450729620293
0.9438309396598745
0.9501161125642826
0.6632828074801421
0.4173945271871786
0.6413484161406867
0.6137891036235885
0.530379545312358
0.21813492536502666
0.7251194214178598
0.1870304058328337
0.28884095779618146
0.8516129647541094
0.8787307573428025
0.7192076118250135
0.9257668283230207
0.8931046376194738
0.23631380889887854
0.5932606609363873
0.8097145276777017
0.5343379722110332
0.3453947276342336
0.593935347691294
0.410971344098198
0.9033914642110715
0.6431060681085101
0.38345713966799366
0.6080636766024397
0.058435346634859275
0.7987068592472175
0.6669534790805562
0.1845669483597152
0.4439937959803246
0.510896900656434
0.5519695213292493
0.051717526645822964
0.22355554979506886
0.820845235020095
0.6046318805091243
0.17659585578602655
0.8749706785783684
0.5712468799835594
0.2023323255682029
0.6189511537155977
0.6380179252246906
0.07393145547645164
0.6472433753066347
0.5548715895673227
0.8702841534815836
0.20608982337635362
0.8267863923379895
0.010495040913339304
0.31266593762257433
0.5212331975928006
0.30494059130514295
0.68243983554641
0.1427015601926408
0.607699745525517
0.7743514130924108
0.2522298805362294
0.2474553564484916
0.915073219433927
0.797521382526292
0.07786422242493463
0.5821267595954861
0.46091690450374667
0.5392197887178733
0.4533090890797481
0.9066333670329326
0.7933033117185239
0.6393215869875196
0.9502843313077315
0.2911006339557426
0.4771983255634422
0.18546661208599702
0.3256154810149744
0.4824955744024143
0.8972258444599553
0.29047698291405066
0.16530607479480963
0.9353503966384014
0.6480107650074817
0.43284520678780614
0.24664296531316476
0.9508977072159315
0.673582966332424
0.4063715665041281
0.26063848739094664
0.962431014226826
0.04314915274113118
0.5459488477475192
0.3729909830672137
0.9485549643929819
0.48314763679087813
0.690314771843234
0.5411894287190426
0.21784229853377157
0.08795032815107484
0.720687458244992
0.21402785910161304
0.48660673838681556
0.5453931695042229
0.8215860496423381
0.5730841793335915
0.18287339845685413
0.9706228753173896
0.4839967741013731
0.8181991100015958
0.4542951190897835
0.9252532915109797
0.8190301512182173
0.7847911961968398
0.5307252188608322
0.4054164440477708
0.27267553041660575
0.3351419957361401
0.9809018747493138
0.3507289738222462
0.8706286576833129
0.623418422621147
0.15209284958041525
0.016522176447708703
0.5917675067648324
0.1738497853983496
0.17475083740444453
0.029981968561008987
0.10105856667054347
0.18581148086256627
0.3135293109021252
0.35418323906327565
0.06091408896833006
0.5313459666390321
0.5965259981719032
0.8473619834382792
0.5056363369490092
0.5674520236033956
0.5810503282478909
0.3548646698962715
0.3109237323272931
0.3439956749766757
0.2343241989397059
0.7433851679729254
0.6177884130613213
0.5411287778226693
0.7971952650363376
0.5533158236909554
0.815704016639244
0.33291777347484997
0.9956579905548039
0.05796866883996743
0.5800346357272503
0.7521547079514317
0.5332041401842883
0.9364365706160653
0.5009146310718255
0.01011053861760669
0.6512441547176937
0.018678571860456405
0.6116252293984114
0.5622115643580019
0.416948711853658
0.4932997165083661
0.8262291882778141
0.8097154784139221
0.5218731999078315
0.795693539740763
0.9659271928260603
0.40812706580082103
0.08819350483929655
0.7564692310919224
0.007107053789686235
0.6005258573041296
0.7130024802509154
0.3458673410606474
0.32615846833511597
0.6197864858513187
0.760865695733541
0.6265182439982419
0.19012987208030785
0.3771980120914432
0.5328337816022135
0.1657080557506796
0.7210071412008716
0.8835932396406374
0.2510502844407331
0.7722423402849885
0.757132086623361
0.8891112491835572
0.5901345651408856
0.4653328738344543
0.012196399247592304
0.41365743306244906
0.6365446441513666
0.5363773131740195
0.5228943108229926
0.6335589727788357
0.2315535971163578
0.0002937480831978201
0.0719301747277783
0.024877942882508552
0.7742240877811691
0.6967214290093036
0.6416342636519508
0.8362424919954764
0.1455929483952184
0.8490419096363199
0.7252905284965395
0.8817272307751824
0.4598283710846274
0.26730452828993967
0.9907169847120367
0.7518311836343915
0.9930719034173054
0.43073072177643057
0.4601074638828636
0.6372570872321811
0.28827953638146875
0.08909635655582282
0.6153021217892778
0.38305832863484346
0.06179969165939547
0.30591145803699693
0.7239338359753722
0.3108612756698139
0.23063349360955376
0.9371204332494983
0.7087185506103096
0.40285906883588696
0.2816100259905109
0.9702782370896281
0.02315576042514156
0.9541945548518292
0.898984139985727
0.41789099740456936
0.9083126947308737
0.055217784608839526
0.0003542099456237402
0.9715789593759925
0.7049046299973191
0.7220459813272965
0.17473873587614352
0.915464285050672
0.04398272724774177
0.1105840973691461
0.5207363036601909
0.6899226897333337
0.9450856571696622
0.8962100573814378
0.6507439725034306
0.40174665455493885
0.2702779098181797
0.08097907384499692
0.42562733029412836
0.8809255201559346
0.16254444584635808
0.9686800959104407
0.5710313234720018
0.49458631850059676
0.6940250020425559
0.46477946709455975
0.5938668484249338
0.5666878467000273
0.013944397322567359
0.004149904678822924
0.23806117331571186
0.2657115665542096
0.6848673849183113
0.31095598407051406
0.12072672575631627
0.027596118709767525
0.17402074007982893
0.6343692101518325
0.6609142501690868
0.9128659012157797
0.8147514166590367
0.1394787316685956
0.1412101507771374
0.622839975211322
0.14947992179151015
0.4231008987061823
0.34020637667381026
0.6286639109507789
0.1012656500808824
0.9387590731332449
0.163901231049416
0.039436160138145326
0.04897861285640104
0.5197304549716245
0.31669617306371334
0.6036979758540123
0.8418003971978333
0.1665996042103649
0.5104981254261668
0.33796992182162644
0.14958713117241995
0.48377393474857955
0.8223753232941197
0.8995930730360081
0.5762816776148262
0.7510368776428779
0.5045527464854297
0.2345160261364324
0.6714355463448736
0.16957189613217838
0.7894455874694468
0.2415567140356648
0.5645880508693832
0.864552685240378
0.3431925150952724
0.8596440772362128
0.7631149681245488
0.7314675732443057
0.9059884051789749
0.04145299496169985
0.9699499094893641
0.3504378124107541
0.472770146707994
0.17945426570286327
0.2183853176501812
0.6409548511993522
0.04686895117711032
0.5520103349574464
0.9168587628843329
0.6864961824888601
0.38145439042929496
0.6503107610244875
0.8638634155132657
0.091548033343675
0.14748022781140568
0.7150371904059589
0.6402822428227376
0.45468966295402635
0.4329697397257718
0.9700694734687648
0.2751758790403245
0.2384424410600876
0.11082656834843085
0.5756835448200743
0.040207801747521255
0.2836178147977577
0.710601477562384
0.5300810975539473
0.7697883167275794
0.3248779518882894
0.08121070121190899
0.898911496548784
0.7651533213672385
0.24033299355220128
0.5144227278756272
0.8173727330363453
0.6470191307957616
0.9334436933499326
0.2399308711553907
0.12489381494624141
0.01791495538487864
0.8733143061361407
0.5404278074394483
0.214098075355744
0.3117920739280131
0.8374860295046063
0.0076734747610933685
0.6124716992583852
0.7742040187666777
0.2533598054173586
0.7309594500216713
0.14529270506250502
0.9463081949365878
0.29918777636262717
0.4583452737218682
0.8549872199329395
0.5530533193291817
0.18600256821428063
0.036320777829170314
0.004393566999251752
0.17754487422298204
0.04859692580348596
0.6570851156573246
0.47205621718718094
0.6616569411030526
0.7477862905795336
0.390834579598175
0.3845683922078197
0.500457206796624
0.6305445939338706
0.7324264062389655
0.6963875163554553
0.4913939519732321
0.5223734617259308
0.6238993550176394
0.7912568847370215
0.37609797838361736
0.5865480651921661
0.49142978211701893
0.2283463198986474
0.7925453761848351
0.5588732627451821
0.3325071271156258
0.3117048850359939
0.7694854786443336
0.7178419721560807
0.2284064185810163
0.9997559352713362
0.6087725796734986
0.4568578747090414
0.370793029009737
0.036249244460878294
0.9389688701753132
0.9699690847838457
0.6181704680765392
0.5563671612794854
0.8770313893583976
0.14745750251220302
0.2631087146146832
0.7291947915605792
0.01780974264697921
0.9678852525709766
0.5896314472385432
0.24942021002029913
0.6570653796277852
0.24075416000369843
0.3753050763017748
0.989034186549219
0.19416446013682465
0.3783989176019483
0.6384441110441331
0.5646869426876435
0.3028433583758817
0.06633059893021187
0.24735929086335295
0.043001900581443486
0.18795003724495019
0.4336710211448286
0.6776551539149148
0.7314851905745131
0.22596697598426052
0.32313116884328597
0.047170570811643664
0.8773905254271557
0.5174871041524957
0.2019287254128488
0.022960172603089135
0.3195354992649887
0.16107015566067318
0.8564015358726965
0.13686483518887738
0.16176797969551726
0.7650775085557228
0.6262359498297076
0.38593514220946634
0.8272555304506015
0.4117180053004196
0.370677608849023
0.7715767289128795
0.2665347663230727
0.2906652895282499
0.2589460543414658
0.495266366589345
0.17500597239342064
0.7656051889950607
0.09915053108932548
0.7972126085489257
0.12076675969745165
0.9428411827981319
0.6834159571777526
0.5208078056954586
0.7310604649587417
0.942965256459952
0.8170704100019603
0.3784723542458872
0.2314930766570903
0.4065845603313899
0.07283260384818291
0.06985907816825121
0.3650144877712821
0.11298026235610881
0.8292641489786267
0.06357996891372408
0.7523183907520297
0.7548165817006078
0.9489742037023957
0.9474004139145026
0.7980355929143154
0.7776184653603724
0.050352203734087
0.5692043597008752
0.19640731142084067
0.7907255260634537
0.8104148615303823
0.9958476580525456
0.5062015234715114
0.46240548263649395
0.2259570662289454
0.34774293610331153
0.17083671547142987
0.5505437155299
0.5118384666041864
0.60882469988278
0.45645487084764125
0.3413655664198233
0.533456044591817
0.3054748807822074
0.8679342623426016
0.6156299587131067
0.1966616913530388
0.3213341541480773
0.46435409304756536
0.6026842245375458
0.6861602211287442
0.7415169868744296
0.1638763678724351
0.3358686733445271
0.8319858565794913
0.5505414786089254
0.04249856787218875
0.35381902188329784
0.6011449084328834
0.22785003686777938
0.7153249214638948
0.021420169589679627
0.9423620859038249
0.2569580738922874
0.47644544975455516
0.2500168170104209
0.50487110271116
0.6326853358656114
0.5181583666365207
0.6959086745327915
0.7596967650979195
0.10461175725021465
0.45441734813121915
0.7816385905358278
0.9501293256006017
0.22221372356160474
0.9240764059211303
0.6097895233244298
0.08510977848484036
0.7399377046796316
0.5004425420968516
0.6847699342360332
0.7537407779490101
0.0776852422860882
0.6302117862968566
0.4982563113415065
0.07766641237897909
0.7951720360082666
0.6825348383412537
0.4879232788452593
0.2067510493901188
0.9877582616038967
0.6530028442537497
0.01828731823688512
0.9325393158543674
0.20248899344520166
0.4601901467809201
0.8130150846514602
0.31072234820327793
0.04168726129418798
0.6104357506072463
0.2848411425613534
0.021981886225418412
0.6547699849344897
0.07831638045883027
0.18095222539915334
0.23512458342213705
0.7677008596318611
0.5172793094660219
0.7003590550466676
0.46380624317908703
0.17214669670072802
0.6286870253785148
0.22534736097404506
0.11185245212519379
0.644258357067334
0.08670642137794526
0.705975249500946
0.3651877157853559
0.23106326562465507
0.3288614811621914
0.046853370415032236
0.1756358747028821
0.4568811437894087
0.16190159451830743
0.4285601313236733
0.5123364913681494
0.2859118349417341
0.9577252549274942
0.003080422632288471
0.09913367747922408
0.2564163656355174
0.42420691068448924
0.836592379453812
0.0557462564358846
0.25822272990289175
0.7765089728543318
0.9802357221331053
0.5601431156849518
0.9987976693416194
0.12694610980983922
0.5653381780527894
0.7577586240156764
0.6539549229376787
0.9382764519888596
0.18922958747123242
0.3677874178938536
0.25870994833892047
0.3509827424488672
0.6845972386435736
0.6153409134122229
0.5239841289140584
0.5001433305403074
0.34067546719238073
0.5433611028458439
0.20867660649346387
0.9306128771715927
0.9742922238469803
0.9375774720609195
0.48756435782358953
0.9101903954812929
0.7358418929726165
0.20385671972747865
0.7766056753247095
0.6007953979797066
0.674032200308523
0.3567355134326641
0.08837724250505807
0.27296575140818313
0.75219455166271
0.4278679741423891
0.892944511141815
0.4632495036986076
0.3234671673059851
0.8964619354942153
0.8251531330890665
0.7701010474533061
0.23915650804345479
0.5300527012777798
0.49704813065563913
0.5943974102611878
0.4696682913945185
0.2479863321659549
0.18080066674911144
0.8270882294496658
0.25418398490701044
0.6967113592598113
0.7440530086173368
0.0012608713536020888
0.44251015002997296
0.6215071781206248
0.7445924250882419
0.5360389349016418
0.8093624974384367
0.7738849252660742
0.026621087405394817
0.31315227349444763
0.6581372650529016
0.13262079075219801
0.1554627573818661
0.9898969673371104
0.5024873639720018
0.11052841973696081
0.0719501798303156
0.05960053229300355
0.9124617865492299
0.23652333234529999
0.9851399530064767
0.6790431649416213
0.8525311845303013
0.622028734154354
0.4449179339850883
0.8580339672788003
0.7492337882845223
0.17688472731486649
0.5194318494458614
0.1315958975217162
0.3913252844561127
0.45776689480011257
0.39105079113289143
0.33128242130927343
0.9585404778688804
0.7132404215108509
0.5382807389382228
0.865861633969446
0.28255643055466395
0.7022852115985552
0.38041942874348
0.47094859656342336
0.4360934129659598
0.5950577729614546
0.6904796103292896
0.6209308064386933
0.48535063248451693
0.7636768554855164
0.5414165348937948
0.9338164085494974
0.8046254085264727
0.26948859476223663
0.8169247688329957
0.11846775051766523
0.23601471949836128
0.5145783369841733
0.5658387952920788
0.27963463803171196
0.8009456753173874
0.1956288412061199
0.011957187321288365
0.7792056084641183
0.8035094168643139
0.26182069712654665
0.4166617132254421
0.14252927570933394
0.8950017258767209
0.5505502134080572
0.7570994510642632
0.9481212880924637
0.3182373956429566
0.09111779059510516
0.544734248533987
0.7681235683263239
0.9817762396345278
0.8018919022283199
0.7455464433070318
0.26493952843198665
0.34454531720919435
0.6493119363305914
0.996407068017808
0.22582547501991035
0.7234880073332647
0.4220402157451072
0.31607748315560547
0.6231914197002091
0.06964522081376079
0.5694336333176974
0.36006630603057
0.20572354109585
0.8097435118777043
0.4423145116552617
0.29322455986916207
0.14416009762919635
0.477828357652306
0.6247014866955785
0.10632610893582706
0.9542289850628553
0.9139259714646443
0.5208515082127344
0.3808236590289711
0.3525840236940816
0.5622943965482594
0.5124395304161402
0.5262354355751298
0.16574050714555677
0.23128043497737694
0.773278446806545
0.9635461673765319
0.06965061930794503
0.21604068477869964
0.12107756977478246
0.19691718066920827
0.549023986818254
0.587683090553591
0.8473606805266514
0.5097810422385222
0.06750249805320196
0.9539184038561649
0.7974956158494435
0.3987245927885752
0.35918818286794885
0.28180435188929875
0.17518622925607474
0.19713991663636254
0.7414340668443784
0.6453771122359606
0.8330635578525839
0.8702359922503942
0.16737268687266826
0.4529896499879983
0.8585547477516051
0.9710262778714087
0.23025060205378378
0.7726641005855619
0.2542354417808028
0.8376724268036809
0.024978636307536384
0.6994564956231767
0.6648177144672467
0.6624499531891602
0.434558269187859
0.20160087456856768
0.628913216208975
0.6068849465701325
0.07468548022508348
0.8744127951351327
0.20966145918226353
0.5189200218431822
0.11905003398066494
0.3081188109011628
0.48399827257603234
0.5654168131451278
0.7329903191719886
0.4290264254620123
0.6552450437070905
0.3314325003063481
0.49992162293601206
0.288095565373362
0.10970284348822057
0.8362596068192758
0.1873241826748312
0.2939605637799697
0.05596317534710582
0.054735554706825895
0.6053582108512605
0.19072877481123196
0.06415421636234231
0.37854892387406036
0.19922158021961212
0.5140057860784992
0.8958235833028384
0.6761902781416349
0.01624429729501664
0.07361787821804433
0.2657110946783471
0.4484175053084395
0.5385619335566825
0.14069381053304075
0.8861354286739921
0.014381768287244467
0.8386564557167372
0.5297834284830893
0.5283387995790418
0.8649173916632246
0.49187976884826046
0.8536768787385769
0.7792396196120418
0.5081758710880755
0.3419681052883098
0.9715611450005388
0.10713299663164177
0.864619001970357
0.16509749598537093
0.5389209260202567
0.8826392956664069
0.6880102330987538
0.036235741448685355
0.8529890107482926
0.4381035871575869
0.44501302200167825
0.4339152338065301
0.11273726935377038
0.408879100660536
0.43849913546862274
0.9500698242335802
0.8294244910503815
0.34172510612763174
0.90337336042983
0.6348194523571911
0.5818984488027111
0.6137407127562171
0.532281019152701
0.659704839396803
0.5376881505172006
0.042292989876915876
0.4406071077261662
0.32157581741131813
0.7145283940513898
0.9163696727216383
0.37497881236846653
0.8521667622493166
0.7578751867738455
0.5653911631970449
0.24717123753571935
0.8451726316344559
0.9193056561259388
0.8718187205040895
0.9038380495868144
0.10820652561821886
0.80859081154043
0.6593880019037616
0.03267591048051699
0.6120443447304894
0.09989990069772825
0.7548971010280866
0.22915177018170252
0.5166493217444822
0.7798501043197148
0.774328365281469
0.6240977017522324
0.8543051256048341
0.09474076863379244
0.4055355413008491
0.17967276644137375
0.2898312399398173
0.48491488112458037
0.11520527504248745
0.9370675854534207
0.5525279726012546
0.5270657708899834
0.698394621233238
0.6209619986547673
0.3086759972189833
0.0582020778335256
0.7973512459365921
0.37638741639065654
0.27200430945950627
0.3730746363968066
0.8664659111617625
0.06002276050444255
0.7747053721022419
0.5450278138793532
0.7790078255916241
0.8350656307923666
0.27084759658925506
0.8715659742133474
0.6154394266625293
0.601554928630926
0.07619024393069362
0.9843027405558514
0.0447077966577617
0.7874326058098841
0.16025774485497335
0.6483301757498239
0.23871204998095308
0.8948534417224447
0.33659595152130206
0.5443976184593452
0.09953558006750007
0.7150187344364825
0.705090540690164
0.37108895813920284
0.4890026776955063
0.8329274282415621
0.8960174937399248
0.2796632373201706
0.822248951741305
0.23463240302854904
0.6074201157984118
0.052648127267809985
0.23874738601886825
0.9299478100915366
0.02216980733430518
0.8041530927080971
0.24015690862847594
0.3781158611836388
0.927985936843911
0.6424567484700534
0.8810106798694125
0.36322191622696387
0.8804033420067278
0.8371689246709019
0.4020493021850998
0.43616932415294085
0.14585452798285303
0.1575522873102021
0.7875529628730149
0.38511423154006663
0.5451953460223016
0.18137728428480193
0.8691669174052614
0.6639136112757906
0.32140939807875957
0.6328047844519599
0.4606239351593727
0.24713188792530594
0.10826491296600871
0.9308556426059086
0.6335061686940888
0.4249299875980802
0.8401287529427965
0.31702591715797723
0.03981382192274674
0.432192437739926
0.3765704389037259
0.3108312484116763
0.49599127836814916
0.7116946888835355
0.4434767753214668
0.11276962177372041
0.9545501623525849
0.4753299326405711
0.6483692337575414
0.29172125395681925
0.10435839254457968
0.7735276322294181
0.6933491000916261
0.020511028240886242
0.46977817022924484
0.5193575156422314
0.5583269390783473
0.7790281217282746
0.907376957898572
0.6289364771346422
0.238344031747859
0.547105122961756
0.7874313997434236
0.6922728605022237
0.3066993167725566
0.016038596447754072
0.3792693046380917
0.2907745564699997
0.6842983833017537
0.6209002619411107
0.9370782452095684
0.24817564327205588
0.6664667817529409
0.9855625949072261
0.3359236665492862
0.7767888189959117
0.4232578468676583
0.4539208869912128
0.04867682301649867
0.6266271341945464
0.6100028616167272
0.7494912862156438
0.7740653223942523
0.409382946858569
0.6567530510648034
0.18359448656929178
0.9799038114314161
0.11200408556032004
0.5198229993154723
0.8643537168014149
0.364065260319953
0.21737950520488036
0.16832715279830013
0.9278869492311428
0.4525016051023789
0.01803998212606661
0.5979654884851565
0.5549246043940077
0.9691519453220501
0.47567676050178465
0.5152637878245809
0.7850674804880717
0.3291683365705398
0.8720851125819714
0.11319594216510642
0.8617229264671236
0.5673895488526356
0.6493743142967199
0.2800871652836432
0.5261608363747775
0.5248907649445448
0.9358487876588363
0.44197041899549583
0.5253915991630379
0.07495968551056242
0.1030333192461167
0.9292908851626862
0.611413705719276
0.6198119363578405
0.7940666724020051
0.41871914333257754
0.42050643848953784
0.9008689729359394
0.7227116685499959
0.5279913821221285
0.9695548991470713
0.7042724969362811
0.17129345987552913
0.9299048347565577
0.1517773467741259
0.38809461864215467
0.9739215762695039
0.012078955534876479
0.6437571307758816
0.4409139982264396
0.5799116362907049
0.017853482024917766
0.6098286091500588
0.3340895572153254
0.33309221967727853
0.764264890275604
0.46588568532787034
0.47125112328431973
0.7437355229512939
0.02296124641365105
0.3822815576270622
0.4681170801051011
0.7010763368217698
0.20748020331423023
0.07373097684259489
0.7032281019025387
0.8638563222764136
0.7064155230088555
0.1957761479121083
0.7854437262990794
0.716357137281449
0.819177306496324
0.8721524856788928
0.5340689620680639
0.6016887253776689
0.8892110631283076
0.9964574901381738
0.29514514389244295
0.20610381338668715
0.03407574241660771
0.8659883008960185
0.7026995185248331
0.7221161823259447
0.1622096941711889
0.32712055397865514
0.10810683383018493
0.2020574056263167
0.9930245634975376
0.6805783240738881
0.44143460600575013
0.8796844769091375
0.2709517568678488
0.8239163748747257
0.1579856505888656
0.7857577070292613
0.6553891709583687
0.9177713919148375
0.2648638112303071
0.21966941431230969
0.042134557543519024
0.2013857754283287
0.6324174537832173
0.6079165639769623
0.25914307686488713
0.41622636234176136
0.6629803514301134
0.3090328548599086
0.6609798081620354
0.9885724765488956
0.9258618743052082
0.07379505365773897
0.5554664824358513
0.8608933280140654
0.7135343271345373
0.8658136631403773
0.7137107637440153
0.9812347992561639
0.1822701645421202
0.227278644955482
0.8815057488745567
0.6316988254774522
0.8894418562289489
0.5360864689723728
0.5298052714586042
0.5777077389102031
0.6013932737345857
0.6006906358526913
0.9571522939402304
0.8806372044408295
0.6728210219705014
0.7202218937321273
0.41165174314450736
0.33770498396316906
0.3950539203039578
0.02957267866727009
0.9145629901371414
0.4754507637952172
0.07607662207055976
0.8927394910652827
0.12886213447991046
0.2101063544596924
0.4348655072567461
0.1537482743680415
0.1340472549981142
0.5106495451427476
0.09471302116559932
0.1712852937504591
0.029251271667280032
0.8239451870580907
0.5423197377791674
0.10596229433359405
0.13591877689678245
0.7457307817014281
0.44336581131342245
0.019632068174495032
0.812060644004519
0.6941996071429298
0.6383020383618372
0.8669079019031154
0.3905739679336311
0.5434023882913765
0.9489306980135482
0.21811341010134944
0.9613823575276077
0.7712556739738581
0.41894268879821683
0.6118927387709163
0.2026340561054467
0.4593815563017932
0.4334901182236516
0.9312671208477743
0.7308789784778962
0.02552329951879828
0.501020929799738
0.8743108002647239
0.8433195885179883
0.10576783747525031
0.3532386057379229
0.8708990063073192
0.4146464533839884
0.5909723359578913
0.08061613531161449
0.6410004958683378
0.30932204426482224
0.7327703678408911
0.726275158375632
0.07569432062069059
0.07856111541111832
0.7676579684639656
0.7504095979810836
0.7493565424348382
0.3082720752173971
0.6632108504979136
0.09197987091476212
0.21799687256541456
0.9324439232075029
0.24394045605955705
0.18103356914209745
0.9336520601885285
0.9139282625587264
0.08352029420777263
0.32784010053529866
0.19197896783546098
0.9516877558745495
0.06563944468060245
0.4929051755045858
0.01590865552628018
0.49598893871862826
0.7510231994652823
0.023652883657422685
0.26089967307437856
0.0694825989126866
0.19341680958677632
0.2512036532733313
0.6036540088398324
0.17018293514092153
0.7109105583591787
0.38328498171894465
0.4767424535580371
0.09874657551237753
0.7085068190093514
0.24911858473945925
0.2528943595008256
0.20760479364281514
0.06131266013433745
0.4869229191499651
0.06076842925703696
0.20874282232285346
0.34116626412305884
0.6320329638376382
0.670216558053458
0.4230364032431183
0.33305063256366996
0.654158893988434
0.2746785734961704
0.08468692411865986
0.881555809891776
0.6226615250902142
0.13673747348531207
0.06335036328767929
0.9652832959323424
0.16862184538139058
0.5120090627069095
0.7100116880443442
0.44286818824908536
0.48476776156587464
0.0969748485130536
0.844819975658542
0.01636086230631273
0.004530492157404975
0.20992684322289323
0.8796764930335724
0.7721569435681362
0.4599854774181621
0.39855769927064044
0.11330328230661169
0.0840137097112913
0.6799572051662193
0.745542204501884
0.5092943752088924
0.8143002170548865
0.6115226234533859
0.2501216574876689
0.9311075544743853
0.8942534446840082
0.2666625626985638
0.561792954798217
0.49705402670290066
0.20532502216432424
0.9582760690916485
0.20933451902557287
0.08011066253288446
0.2680983546212049
0.06479923514903385
0.31268424154991126
0.0799372060665341
0.5348792769010604
0.6562923449889313
0.6831927262052068
0.3938634907265177
0.996721388486031
0.3996809904555738
0.7228262872577198
0.22440701732620005
0.9896654627196225
0.37931122690127383
0.8316617720650302
0.04712912644012246
0.30440162755819566
0.6210287040661193
0.2190594534361041
0.14097798803069872
0.2339085436608157
0.5685914151975395
0.2927649958097792
0.7689743136826127
0.39197741078011916
0.6523229406400235
0.8834873043213758
0.908261755718487
0.5975959074333339
0.8533924388895646
0.5575572095619808
0.6723376128511671
0.4816250486773552
0.7969784333038238
0.4346006564789432
0.09248462330935059
0.7897108494176912
0.8793186833014919
0.4095833069472291
0.04759214356541941
0.16724098747591265
0.31551316720641154
0.5113913431281905
0.17584675813100858
0.17811563333776304
0.8036485973813127
0.07270460219280728
0.9651378988528484
0.8337036499055284
0.7799411169165235
0.7362375612231142
0.636455730701339
0.6820515084490303
0.5557067626379562
0.36992073504372147
0.1999573892651617
0.025222583633745077
0.8349759293984946
0.9184316705803839
0.4962017433225361
0.8175325817695623
0.9661394707301161
0.08132131034381818
0.38754071847079374
0.12672250371663474
0.10276786731314702
0.9549603306535782
0.6031233567103145
0.5750058362198108
0.6764860814191748
0.1898928064962675
0.2432672835763915
0.7493030167203537
0.008977855219192143
0.0714064213499237
0.1658972767363588
0.8261684777639057
0.8165404969636462
0.7008150098805462
0.3447521977456629
0.643737241911948
0.0454199701651683
0.20339575480683536
0.015671709800310296
0.8954670511826155
0.5707843053870483
0.6154301363753526
0.24562279012028498
0.09249487493815389
0.5616158376765132
0.2317405204308186
0.5594833928543755
0.339473106100867
0.05928917169518433
0.4852139735865967
0.6940894473133764
0.9038956432540404
0.9674987399505616
0.7281335744387994
0.5766382541793648
0.18249942003814756
0.8099416324803089
0.4220718506558896
0.7471993851418097
0.26838028928137814
0.46658452680061435
0.7321983670955405
0.8353956678473493
0.2979288160903194
0.5513746850755901
0.42321655510581846
0.0659264959756719
0.9601300884297846
0.19543622217238987
0.6073779009728518
0.6616538966675651
0.6465037013732343
0.3398721426818898
0.7403807106361389
0.4580162142962507
0.18118307153147628
0.03975455009737339
0.4514053380639068
0.04000619003210715
0.1049554274777651
0.14088251918184214
0.7008970664586227
0.9959716017511412
0.6714909977421101
0.7100286673708911
0.9373791141056407
0.5715869070730795
0.527622100286778
0.3589841145596786
0.04194999115475195
0.5589707768615714
0.04961899509534784
0.04272429181756954
0.26907898745546444
0.6892267920784794
0.853723958060748
0.4230526429487643
0.3374136427528027
0.3614031493792642
0.8459880866540601
0.7567794780667799
0.21625296254307758
0.563055714326058
0.7791739766301534
0.7602577251479551
0.965743686850593
0.5773449457120424
0.5252310130180642
0.013967104229628657
0.11662334984151601
0.9501762298771707
0.5795605869760906
0.583058542571797
0.2971630918031072
0.20354661375877858
0.9075976175197483
0.26323416412889367
0.5468301798081672
0.18445039287894105
0.13646931609469204
0.7416264246101073
0.3197464941689575
0.6358030360500772
0.38278556927541596
0.7949204229769724
0.14892329591537945
0.6730301826333037
0.13571416062739705
0.6827966770878496
0.03663132608902264
0.39167764385572923
0.6042017851626171
0.034122409975450574
0.7032586863131832
0.2811617840591243
0.9711540293041002
0.3826241615116097
0.010042816318554304
0.9984515008506823
0.21162505300787926
0.912584187479562
0.06326505507175206
0.7930316926784609
0.49327087149157267
0.3144065105406325
0.8226563694012718
0.915806967147426
0.4006199395616472
0.8736729274342176
0.09971641283594912
0.6462579952082728
0.9146717458855865
0.0760708785896006
0.6847641104320207
0.5566504437512421
0.7705812625551939
0.004381105006710184
0.4270059301387986
0.25586828622996494
0.17667507112982062
0.841029021055022
0.48566333357369695
0.44343248713718597
0.31150670919393875
0.7163106773757397
0.6651813734509747
0.6012237055259491
0.7093752031093103
0.5290609673995402
0.5340321204080637
0.5907948081320156
0.06697492137037198
0.23204494653563557
0.599637267610883
0.8589050272416665
0.8032207950872887
0.2859831932400463
0.08760139125599764
0.25570504368465885
0.31188970793388693
0.022059310206867244
0.2122631879544139
0.6245825173181291
0.49480775559561807
0.6577451975730444
0.9233546070856705
0.6394188661184781
0.03906360826251065
0.05597729105844218
0.8567724277590067
0.8319982459497351
0.04722962118416052
0.048821926027481144
0.9426837687247118
0.30821318252462127
0.6628665420129449
0.6748088677530999
0.4453827116113761
0.20245648431133112
0.06591710798807426
0.89617658156738
0.12885519951679947
0.6778311047068455
0.03366116786594131
0.3756771809707231
0.3540202481368885
0.6494526034274019
0.15263704484071539
0.4349862468064243
0.8124884857698641
0.35222225426341347
0.28626266312720905
0.05043682873763078
0.6267219932655648
0.4651814830374441
0.8571230709167926
0.40058126164489116
0.25789573125854004
0.48578661593936945
0.8473040440675192
0.3602947168678494
0.4011375306521473
0.9893627241025241
0.5640771632385995
0.5987402200120283
0.8062378220516726
0.5861626161613528
0.8023871489796035
0.16019512457873852
0.8778887112364211
0.7779393522942024
0.9926429327163803
0.321965131051856
0.4416864068429792
0.34923521106650945
0.29480098067003624
0.8127166444589168
0.22110060729760372
0.9614744732301642
0.4582211858063341
0.9458569868329284
0.7572340223036851
0.01676264556725171
0.04957478820747396
0.9115755862595624
0.670485213506976
0.8271194605315562
0.9268366229553778
0.040345003134366286
0.387582319434975
0.6530038510738256
0.5253679164489453
0.5637397419287883
0.5497201091857875
0.27848626718793157
0.43557665699406334
0.9954080106329193
0.47764876437741266
0.24615806173383947
0.651172702885115
0.8872802570511591
0.8709415221902742
0.784349876801459
0.42559768437904977
0.1656268916656608
0.11271796144726298
0.23347404805408267
0.8274049666642356
0.7778159794424576
0.11342973245270804
0.7108032261192438
0.31133521497268524
0.00379959137257857
0.9974531981793231
0.6756963391957083
0.2682607316677269
0.6306228706812848
0.8764210848592873
0.034529545106574466
0.6997080084557522
0.7210951340099904
0.47530971868912364
0.18358282506484613
0.4599463302931406
0.9376427825548267
0.18614295682468573
0.0323437373764186
0.2801186380699713
0.215183894437323
0.8166481540730188
0.9573344420354499
0.4450148830783065
0.6067521716931676
0.25848272790163895
0.6867163890529623
0.48337662038904083
0.6391393740194272
0.9163300144377495
0.6070132418592719
0.42381835674798574
0.9541265796613738
0.2210770506233547
0.3423420053738877
0.1528299730498751
0.4490315300872938
0.7048077576186629
0.6019732920076156
0.7966844039642336
0.35693411203700287
0.5969266243880615
0.3183610343925054
0.7595111618000234
0.04293918953666842
0.126144515386442
0.35021623720346806
0.5221514587824123
0.9068072393703062
0.026356056664133543
0.4601434090322136
0.7101623786957573
0.17875607399214277
0.5732900842558265
0.9334096171510358
0.705727836826287
0.11160468869749118
0.29353946037166334
0.9812126522646456
0.3844354239585003
0.8887408778832174
0.08429483969994744
0.1469074477795873
0.18704670391445954
0.10787374674638806
0.03639216242445564
0.7167149605204195
0.25586641479082817
0.8972124289395562
0.7733781765844573
0.7576641458884958
0.28584254658931096
0.10553766959888744
0.6720204612415567
0.6943257330072126
0.7466871374245242
0.774268963685161
0.9886802577305351
0.600391205654362
0.7751919409524427
0.19901245135545043
0.795619000725263
0.9077908497668348
0.9991245802969555
0.3752547995700576
0.27594283780294127
0.04656887517942654
0.9386249895631108
0.7725032376545066
0.5988082309602661
0.4359220911539923
0.47103397119880497
0.7765209629485873
0.8850419501086727
0.7519551440813363
0.6213452498612192
0.8559557762611854
0.9442664391588176
0.7159693422982263
0.7141340650298028
0.37196339410298074
0.5269294069856948
0.4239874128875295
0.22106284897505946
0.3834070608910747
0.16137192534843148
0.6747445773138997
0.35211333073988527
0.16319412669712052
0.0859846004003193
0.733095633363124
0.4922126671001301
0.5921026974443666
0.36760287184470375
0.3816592771131845
0.05076581718167161
0.6301937159918616
0.44188555615362257
0.07555499388979714
0.00991916476209087
0.585541744860273
0.05818126664864631
0.04666793232539701
0.0898269144207765
0.6703316861270736
0.3403200225673908
0.5320855697427658
0.7596336358363783
0.566876553754086
0.5132640569005272
0.7905689708773301
0.18565776735942896
0.17527582990053425
0.5982513372541823
0.211626318103465
0.0016925237312334085
0.48905157503533314
0.4917427542558922
0.8563050394066046
0.11415129391922396
0.16976389278891357
0.5306128060642054
0.7282408584908022
0.6261097250832308
0.026490522957881235
0.4322464440961751
0.20190021430058624
0.03269158734482569
0.4238985880489621
0.9132137673749762
0.8566248046594795
0.9621541618508472
0.8217739003613098
0.9464723021699651
0.6284426438510676
0.6945384114408059
0.7076727957030963
0.7052105940870942
0.5015064130761027
0.6057217903354544
0.31442251881237104
0.9678812155548605
0.11380414743676881
0.6600345524621533
0.8707238002416344
0.7508507150313392
0.6057024727929332
0.9375722941374541
0.7181029487989442
0.4419027053985356
0.08770071517557165
0.9186685118578515
0.2435834614753427
0.11674127889798558
0.5141706293749632
0.6352860395410841
0.6047213405309394
0.5099628037979227
0.03771297266850848
0.5330793795876251
0.09743078653255599
0.7990802264839265
0.17436855208387858
0.3593431680774325
0.9351206319977536
0.7854984900488943
0.3920259579720694
0.14362111425158852
0.6915813029067056
0.9496967829377183
0.29989448639138205
0.22902544906964017
0.4488655237929404
0.5814114650354092
0.9877897287421684
0.8438700091171265
0.655516503370418
0.1313425119310656
0.27864081351156256
0.20441203793030271
0.7073141096927533
0.43150713884509473
0.14213071384263787
0.8290203933965374
0.9272416298124503
0.4276892831010537
0.3187493458773544
0.042380774198934934
0.9912804687932747
0.6634043350196991
0.9053639397086511
0.5981721101320453
0.41139385990821586
0.3048335737052347
0.3446125242449498
0.42186253040990884
0.9822035282397287
0.6450478823242817
0.9442274563615752
0.4524789190424813
0.8042988589619742
0.13041796679156148
0.07170687368883244
0.702364589063034
0.2990815051084278
0.6744107174514651
0.4541705687411056
0.12596522788390307
0.5784976352017774
0.7668558025636943
0.6773147921143784
0.79300384744867
0.11780333216930483
0.2951424406979801
0.15952351871790826
0.0463864735642715
0.3018964023846049
0.02152503140628581
0.6184084464296006
0.5856567709149064
0.6069995884908502
0.0698348492662405
0.13737775476209269
0.28503571131809613
0.5819420846493458
0.44992438926004186
0.7517080079966568
0.5716015159546333
0.43817460914611683
0.8254918855739217
0.8239942507039713
0.9517639145482135
0.20930304020814494
0.225927562109282
0.14529463499309514
0.6873367092325265
0.22674805764170147
0.183786074406464
0.2946523025635278
0.5008442387889871
0.7290777609319433
0.05381333590969051
0.6790454175806679
0.5515554765464966
0.945245122129505
0.5451321089274902
0.9234669119650066
0.25127648725605256
0.4022999328261806
0.4942313222512229
0.8772926508463413
0.9645978350133659
0.31161847123279807
0.27377333130537895
0.33908989744229956
0.8194024353508165
0.7224747864349174
0.49123064904438285
0.007857265230620913
0.5685403842203804
0.15553054504883967
0.6588798239396167
0.05182907315083274
0.8588208554128351
0.19784051414008574
0.8191645384624622
0.15443352923283693
0.8279536243342429
0.1414066706378463
0.0764223522924311
0.2059520450301482
0.9795162389081734
0.3987244305943596
0.6117129469849883
0.46855003476821
0.962234562285949
0.978547773426161
0.45537317635422525
0.36210010071956034
0.5351403165757008
0.6903568763513521
0.46190408783285974
0.4952930253204836
0.3699992410840909
0.10821476599489654
0.7015921503612098
0.7863654136533522
0.41583145610513894
0.9576895357174766
0.35884757907209874
0.8440733165374782
0.4100152163565747
0.38494099848256624
0.03638248888130724
0.31256549547179313
0.04526809437516399
0.9974322462192287
0.8331672656271524
0.28747015668413733
0.16736888174296538
0.7184638274561027
0.7044037885396638
0.3350310644566209
0.04045114726940002
0.327386073539215
0.8075479694454352
0.9699060513534649
0.8119062841589155
0.9374292438004194
0.8277853969913526
0.5068861784849883
0.3372816193757707
0.7885375517302802
0.38491931013453107
0.7479530660788702
0.7456113557339821
0.22192872881009362
0.870167027830872
0.9268455071096275
0.5991025298867844
0.4560370715077464
0.15053193640755225
0.21504109855333442
0.040038565747818944
0.6523201946121521
0.9691721181653503
0.11902562480378132
0.5512624301811418
0.14364423751739397
0.08863278771438154
0.7242114764843127
0.4212469905303735
0.7019672594364507
0.5551331776364286
0.11380158327686918
0.5287727688748601
0.03791648720766405
0.29881966229938717
0.32058219712228797
0.9102209068994785
0.20612557863346337
0.3974907165928798
0.746160107990839
0.1896405963006953
0.937430986134389
0.3507107055860429
0.8712533135307134
0.6404866216501314
0.25820298032007105
0.28665293752495213
0.4769386286634555
0.37721391755541467
0.4073563826726838
0.876833821876739
0.4377647114391491
0.7797227132300958
0.3116172472562896
0.16914146114107798
0.30465628780595544
0.6379008953451788
0.036968970321306305
0.1511974436681881
0.5071122586303201
0.30999350568253703
0.1771269113569236
0.8168550134692087
0.6770055377893117
0.17475635140899248
0.19529558490175614
0.6279355573875368
0.16740059947646335
0.9839688382364925
0.82554001865073
0.8178478412203414
0.8017982952779953
0.2802261499991362
0.5861575462520808
0.8995481280800476
0.8567097533481258
0.5754309066004474
0.6495417821555671
0.04528226086102849
0.9082890301329426
0.6436172147003761
0.6609289223277139
0.6290812459542897
0.8646678764398426
0.15799576960384198
0.9087343094020744
0.22728845912154283
0.6038416938732809
0.6947241250902758
0.48944787983846116
0.19283513025117138
0.89676481677497
0.5388233676104647
0.010667000868639476
0.022559874982089112
0.8554701311397338
0.35279652424849617
0.050163660681111555
0.6052828712276691
0.9835561054177168
0.03672659842966486
0.9278552482006253
0.6069306586355081
0.7568019041596027
0.37161497640217267
0.867167796900889
0.9976852482490951
0.39885816247749617
0.7712901431725172
0.21886393991114073
0.2766950710877498
0.5536004850053582
0.47916620217021477
0.4579995122471344
0.718123200465708
0.7027218508246452
0.742941015234322
0.8004855685531602
0.2868101430803742
0.9632683049485017
0.3283441035940834
0.04404845310248773
0.48529359769539937
0.7430872598241417
0.008605600516001566
0.30665358095482353
0.8869024570940569
0.44845204820785056
0.5858832793118102
0.004902419076086795
0.589673787540152
0.5042992373579324
0.7969499271584759
0.8902543376127957
0.06597692073461747
0.8428145054326378
0.2828450367239781
0.9840575732901913
0.9123091392781421
0.862397486455927
0.826963711923043
0.92325396622446
0.07147969351199113
0.43272684173656983
0.12078158381219961
0.27419386888410935
0.8383693243678153
0.2043259543398629
0.2204707180350325
0.9285036584616787
0.6152513313654155
0.9913694823555403
0.8877352198542792
0.48829316415492496
0.8249792833462555
0.13394429227803917
0.1503376811722148
0.7631684567196974
0.6095717682732837
0.35244919568944266
0.561111170131103
0.7303823849910814
0.6216859116444788
0.1916127129950218
0.802826118128789
0.046886518587612724
0.5973904967985858
0.22353526841164406
0.2708374432546983
0.9703066038563011
0.6910793721578431
0.7287085265540449
0.44483301233361905
0.7615240408748789
0.8222019573366186
0.5509948043677446
0.30307559722836686
0.22969061688148873
0.21225323846663968
0.45885404187417544
0.3113128706598095
0.9986008448010238
0.3131281115079265
0.8041067366223237
0.3206706712087418
0.876910526020238
0.8797944979673498
0.4176676070240338
0.033954757686464276
0.8930268566840225
0.8782781829049526
0.0023142360594992084
0.06273913472299764
0.8058781065329602
0.07330223934975577
0.3890162009231507
0.06956955114596053
0.19409735654773763
0.22697266628593538
0.7888045593998585
0.389438325130274
0.30296744719185065
0.9390200036446651
0.526003327753354
0.9194257199282311
0.6124314616414477
0.8662584723367188
0.3295877154642176
0.7905179427650619
0.8938462808259382
0.16801712635809796
0.38056641726456586
0.09367510135731028
0.2061784991181128
0.16168583309701
0.32319797330043964
0.6340993456168416
0.7410497855290783
0.7443153134098952
0.03081870948143217
0.2339027147247622
0.4474284706020676
0.10473953292190141
0.9796848305348835
0.8296824151008492
0.10393666104822108
0.03232043151219277
0.9260800461631037
0.8021518852971401
0.6680144502172662
0.9867407497133016
0.6737838305796313
0.8032308607223353
0.6341809658422792
0.33371701488614125
0.9261443223031113
0.9151397783445668
0.2381150805554273
0.6921080377095762
0.9107059850955537
0.7169093910366476
0.6194911732255614
0.5188104771129398
0.8785843365665896
0.156188645347919
0.34763202616362543
0.19555280295990085
0.8767753532968926
0.21037066670932547
0.2534307365960766
0.7660634395207059
0.6042906823569059
0.7995835664038786
0.3916401372191535
0.0712422706697472
0.5781763851414012
0.3139400490519424
0.5889015259135599
0.878954562390869
0.5199474046005897
0.27644434133614715
0.2986230089507622
0.7917017167560094
0.8579977933266267
0.26764971958794015
0.46562122354315194
0.2865595792988468
0.45295552221303415
0.3880136432565233
0.22905107950350279
0.6809060999277549
0.7606218755578564
0.7969398348846403
0.565772330467418
0.6181843800314193
0.18551737481497543
0.11783897851434666
0.32309538609734056
0.5828198762712881
0.6909054756912185
0.7395561974112949
0.19218840983263707
0.3640082799005454
0.4462851822314703
0.6500879587748639
0.885983371211877
0.7355975083611319
0.8569157834163288
0.37673280109138974
0.8865153019201505
0.7003836041478172
0.3031383603152391
0.8862778068804134
0.07255774345527433
0.22995301790479994
0.09506525309936553
0.28550709048000367
0.33399539951712975
0.2740331917676798
0.8662588482320221
0.8640471781867277
0.030810578501165642
0.35258585605056536
0.05888256481345211
0.6996362718677744
0.7119043084428902
0.3448243135527044
0.09395263789331199
0.5296765240064386
0.49861330960872186
0.5999628827926244
0.044343377651845595
0.3637221740709531
0.038022546849939665
0.6090450568285264
0.5500386147817078
0.40730670252226275
0.9851736827751743
0.9032414103256432
0.6723476813376639
0.0888654920952563
0.564757377071973
0.5488535656205614
0.407759017123112
0.7035387974488875
0.01876655352904366
0.21252860966263232
0.42960402911386186
0.5217344657783246
0.6359631568845967
0.5201709548465805
0.6811809993628241
0.41792449361798245
0.08524990338120109
0.20473316386904084
0.05078944538296004
0.3413517541101616
0.7931028559117871
0.0011792983853976535
0.1646563212911929
0.8365412888932894
0.3942965992060775
0.47037797029441886
0.12316547895709018
0.8174248839308759
0.8277331888614708
0.598915225828854
0.12773727760524056
0.8578448637304928
0.020410864222952352
0.15896889649730428
0.6670808577391752
0.32964724169201687
0.05120413751033437
0.20148126791875098
0.8217689190281479
0.45903359182785675
0.46228817782213283
0.5208369036844063
0.7984837681646973
0.9099845906337206
0.3504065859599561
0.3327356587966508
0.7867055131458561
0.5255463570340514
0.8167121050585063
0.3771590409088149
0.20243500380637036
0.41183536961526446
0.2760657859107476
0.5676733193047588
0.9448158174218347
0.5265103899178689
0.2518263422723279
0.7470880848403008
0.3822947569285221
0.10843839199403937
0.30910189470991345
0.16353406016598537
0.4962698798469426
0.31797803764165056
0.7017596946234387
0.7889356564522504
0.9026357920809998
0.9666568346268513
0.8666132846581515
0.9029468369764815
0.817356707717727
0.9177719530494713
0.8682390171810387
0.07017377914594458
0.28744872428194146
0.18231349548613085
0.9969429717809065
0.952095401285596
0.14192817507312494
0.9016812199415228
0.13043584941755237
0.6621348208022647
0.7138080395513455
0.6286282051219576
0.04301679665561753
0.38599734182140166
0.9038327366253595
0.11613325193153878
0.05307962753509066
0.1858203107297598
0.5279063038115577
0.7765677359294241
0.6876296176134524
0.5302148838983783
0.24532083168871732
0.6918440504088421
0.3843216775632605
0.9277992205989624
0.7455021491243544
0.4901965677532478
0.5562308505976327
0.6365124643131512
0.36647108347986945
0.6497659205975831
0.46729969516762737
0.13432842763018504
0.2565330903493076
0.14291500888813513
0.7952374747491486
0.3754744783408852
0.9499055688763004
0.24774731744100775
0.15318760484353233
0.03549877814115021
0.4517057014060716
0.3170273427328022
0.6341263130664523
0.03096501306492383
0.14524963129493407
0.71739243329959
0.8677224937279898
0.6512196948477896
0.0482137445176376
0.3952464451603974
0.5354673066365037
0.29342244540819507
0.42486872988586066
0.30289390626982715
0.31826454656943304
0.027450651309098073
0.9048987646594824
0.5932271347380025
0.7747342524757906
0.995019699107704
0.5407047520053642
0.7425674435351766
0.2257420627739395
0.4924359487440515
0.9162266481301615
0.7861527809843311
0.9464250715985442
0.02938131768231622
0.2243779948996275
0.1835958015037341
0.9855855004964138
0.1841305576554122
0.9586866237479882
0.1610770274584754
0.8443766289330299
0.4846555969686335
0.6373843364547577
0.17252051201716878
0.36044679270724367
0.048144919679354636
0.037640332558246836
0.9951177828883636
0.6062436047011048
0.7128866230984565
0.5989029077482441
0.5696655167597352
0.8035974872179398
0.8095073631089639
0.009798095484589764
0.6335137496109685
0.20211246336042288
0.39625731521591157
0.9521653431312795
0.9784170635450549
0.7073325216349189
0.681459365475122
0.17735778502258992
0.8493110657411986
0.3913965223439634
0.9519104888325643
0.8906999850759356
0.7094416020234432
0.501189210498096
0.5114584005839781
0.6658107925207758
0.5594603940371145
0.40272470196700594
0.4979218841436892
0.22962291798657153
0.019791266517444117
0.5931061581182012
0.8568236120433653
0.781605520505711
0.5789442463327351
0.5824893190201392
0.8297694732962657
0.897756730672307
0.918745002564867
0.8448310925165898
0.38600587218031335
0.5652645859718792
0.4885931454723237
0.30599410387326353
0.6465514496829289
0.5328987397814318
0.23770785620284485
0.9016519119703712
0.8875492550018258
0.32787940323527454
0.48283533148545166
0.9102758730570172
0.048796378320788425
0.22260337143489095
0.2495543138558265
0.8074667331461908
0.6291540602593423
0.9635578744192034
0.04124178626380881
0.8654099244943142
0.8320351536413418
0.39042811362230945
0.2812452975178902
0.7339690683582503
0.56126005910425
0.41570595970517177
0.4809976188804268
0.9004991053490806
0.27613973401766767
0.29420427346738176
0.09968354823450121
0.14961239678778893
0.12334192360157581
0.19614016918660182
0.39657470903044223
0.27067679603344186
0.35772385450042854
0.7536170119602165
0.5206257585514671
0.027907464733505583
0.28739354549664
0.9772394913583005
0.6099298771919109
0.08392966073049846
0.19356514445304585
0.9978113980881076
0.317454110302274
0.08074425858284329
0.8848974727981441
0.12895600034044263
0.9662366598409476
0.8779759344994971
0.41323072695666985
0.26157263422435917
0.7593669092947336
0.3735642404953863
0.03483904752537215
0.4453402013573049
0.5562174019884603
0.142734706935988
0.6873014573123426
0.6096715115323841
0.7106994396856752
0.09062635492250037
0.921184052243751
0.24449313917052617
0.13682372461654746
0.29351559405238103
0.15982813804743834
0.3434230997354383
0.17177513480580742
0.35295175925653655
0.7234783301881217
0.2809634999710644
0.1983208205434832
0.11055789930228188
0.18481019586784697
0.23271777628262946
0.02677975736982874
0.05386010037223665
0.12600350001605143
0.16244917254573077
0.6528460475121866
0.6593152051262117
0.6376079703694729
0.061111214601292985
0.5789957005933783
0.38174754870637917
0.09040808981045079
0.07232471533841833
0.20884513768563273
0.23348336903367362
0.9830790500011192
0.49593024439539446
0.7032808738300022
0.31694410204163603
0.07422456431537794
0.35522776138683343
0.6857538075324188
0.11805043425326389
0.5323635418769674
0.6930854467570257
0.13116131621807947
0.7563033387762442
0.5346916350677277
0.31852125548604837
0.005681027983918008
0.03389967792156712
0.8432558089704703
0.9339675948534607
0.03225099420317645
0.7051713020121926
0.513567132098303
0.4879581906665489
0.6085069219003291
0.2639090586990075
0.10301804300266448
0.8426985122694598
0.5840645502785919
0.8086611770192861
0.7274846584056994
0.6627297398455217
0.4549072163790514
0.9874161928052937
0.28024518020284483
0.9886474103491656
0.4973899785890119
0.6078799843288883
0.6187404023575784
0.06174439079117633
0.20090707624769222
0.9865880145438489
0.616505208256478
0.691255787586303
0.6917002174115306
0.6125731079754899
0.5870225087843378
0.9420578413778165
0.28293671671398235
0.32054764862230356
0.6960289896287871
0.15779612700239531
0.36425268935125776
0.2696467847660019
0.6089789757568573
0.935593151223131
0.8179482618007632
0.862409057792638
0.4480276603998693
0.9936004681316788
0.548310446096562
0.37796424131399253
0.2410762065094494
0.7922312478313012
0.4819754187718923
0.338064143969221
0.820173335993028
0.4935828716049022
0.7243855316553217
0.48071235342350815
0.0734332083416287
0.9366727259439064
0.39479351232183524
0.0020643699770008794
0.3607795097265739
0.7376373044628861
0.02800806762983643
0.2857527381504651
0.5617429149608519
0.5906497809734305
0.3651722619006341
0.6208118418452041
0.7517814817202129
0.4661752788956911
0.5993982101789196
0.044719562583823924
0.010563023551731776
0.573969656992848
0.7783563978137735
0.37214790710083534
0.5254607743725458
0.9161058174576266
0.3157698173345468
0.9371196117953146
0.5116511423350989
0.12307201902660325
0.5699495577548144
0.19462526689582482
0.7711571382652529
0.9676124835776553
0.8182283399152093
0.758230015940174
0.052899054376844834
0.0921605670611495
0.15904794931910837
0.8017128619045698
0.08124240811742822
0.5862564067480537
0.4544409379274449
0.8416928666941135
0.3858778925186077
0.23743499736508833
0.6616389696162326
0.41809708698028214
0.27678941652581424
0.9390766594358401
0.31750496225260905
0.2469464323282612
0.579864664786689
0.32524610747003224
0.42960875902676876
0.5038719942545432
0.7783510482219554
0.3450364330192084
0.7077609988369948
0.07450084305541405
0.29884638342659076
0.537438042109183
0.8378800269303033
0.45625482797981987
0.2180557237797599
0.005008555353713917
0.5087494860319515
0.5613372145515025
0.7581793239816915
0.9490730293029646
0.4776696586406598
0.1736014796277291
0.3036558593071962
0.4038225366487117
0.4101838636577664
0.5963140052213696
0.9918748915286653
0.26149632066342776
0.567349942412286
0.8895127450078608
0.7148781946739904
0.4895960350836125
0.7776031704231818
0.7831358820009299
0.7841304961090517
0.8151250397940465
0.4775841602341593
0.4225962946783004
0.9776655831111921
0.34710117796627715
0.3076204197636835
0.339668125818101
0.7554302742288663
0.7965355077873515
0.9751228352809534
0.3210369081666543
0.24148112700481583
0.5422136598902219
0.9302132433604444
0.018289668222280175
0.5489697618102396
0.3746605575552622
0.08979339131457398
0.811681010672242
0.42170386951304295
0.7150139775076714
0.7993757441822223
0.6739285703533561
0.19931752849157314
0.9620794368829494
0.6313637946854725
0.14945861972622165
0.5516173160447209
0.30122879481198683
0.3545572092008191
0.8158399218447913
0.6310227347617855
0.6984260862448459
0.4950186427004307
0.6205474620220522
0.5372514398727861
0.5103049796620667
0.6616387414433875
0.9724183422907772
0.3314810958867547
0.8665271012208865
0.23655400831819506
0.4960283620830437
0.6978936408732465
0.29066084463363795
0.9938694147338237
0.9932501923024093
0.5699740304858439
0.20402208925054688
0.9472281552877303
0.45780406729067713
0.06142354923612825
0.9261658085297855
0.6966274461586975
0.05508900613414014
0.9857555314988349
0.5815338887689886
0.5753425067674808
0.8330372982425166
0.44197276678824726
0.9051447843012258
0.2935237184168905
0.7434675440063241
0.9661283265222843
0.27558194290168325
0.06266407051978351
0.370314729057148
0.45499263509512566
0.15208680531528873
0.9070870612806519
0.5653781538157443
0.5514218572556429
0.8981933983415945
0.10469022347887669
0.5616625475398106
0.7446462208397442
0.5733966172363744
0.24003681687364165
0.7328419208668411
0.6342543364793833
0.26620153592649853
0.08427871032920964
0.37005104527507493
0.9336072332934492
0.40530191161857576
0.3927508782590423
0.33371593992140836
0.42467299881620957
0.10683371587817891
0.9200480832942187
0.3673817522562838
0.4657707707702866
0.008689417936748156
0.8738207884425129
0.05040922548084892
0.020337043423617862
0.8245422538020969
0.20771381223970298
0.8322914294219599
0.12907025629640756
0.9529404831816473
0.6120868588458784
0.4491376951786843
0.27842982188321774
0.7654716653625051
0.7051968343206302
0.31811436563356676
0.16389980478491795
0.8595309818940667
0.5307353216124215
0.3200366522703667
0.4727824374355972
0.2815344479016867
0.6125514434981502
0.2715628713660576
0.7443332587414724
0.3255712737553207
0.05320690363154301
0.5895005759860636
0.5942704105473964
0.3234824699597749
0.4992564863034106
0.5813658991136186
0.7358925071814917
0.30877823027868034
0.6357629191574489
0.8461048716355983
0.3775207161319505
0.8575720274895957
0.1120509599716436
0.39673249560258683
0.08530363489993087
0.05048901327067612
0.4919373976404905
0.023612771441168467
0.5368384412301197
0.13518531910388054
0.9355672933221932
0.09615022408327911
0.9424171502558184
0.08709279173582496
0.007514057420443088
0.7680842543658783
0.5881812436691617
0.5959790440677715
0.8311055643920848
0.1451698703359816
0.7893579909007351
0.6747505340237221
0.812273555676666
0.567750069489557
0.02093000956334856
0.42491495128277745
0.9620860981276733
0.3665256710660376
0.8553538791704738
0.1107962884356607
0.9721052328437416
0.12923084163742915
0.9616711936129426
0.2284407446548935
0.5575765106371412
0.6519301925211373
0.9768630987513106
0.02341178454559245
0.970730385067156
0.9505661078261357
0.8704418428632793
0.25946671067699434
0.2371551442352423
0.44309759897839074
0.2729385450953671
0.9813464724979203
0.47059596093162037
0.4989077078660975
0.9106808179366845
0.7173959086862428
0.2135956579728785
0.8346751160799935
0.6978770975481313
0.9389532077965209
0.36550971934041987
0.7660815125501433
0.8673647341704803
0.08788546112043905
0.902839466126816
0.3592611314414762
0.11242454804412305
0.7224144584855718
0.2822877959164438
0.22327495084153293
0.5448954265080543
0.19930081505187092
0.8986318524408001
0.9782319394331564
0.6354526527980429
0.9278864955677426
0.38900477665612965
0.03203595532050285
0.6202044223701083
0.9388157402468473
0.5600280325699638
0.07654685605214362
0.49958781528647
0.9179573626190114
0.5640238112673537
0.17169067760791756
0.885981175740258
0.2760246226167218
0.1159966970804357
0.7233574577373071
0.5364028182000113
0.03099762553960783
0.25402106394290325
0.48321756217030143
0.1587525342167193
0.07611023842493447
0.2298567983582448
0.9039221316673657
0.13253053634498657
0.5652127283539019
0.32507327746671955
0.013091509515347544
0.5983585921806268
0.3827485344008752
0.6116229650492656
0.25186571489873766
0.6110159928931205
0.9503810714170146
0.3064208522927615
0.7403019380546922
0.12754859222762072
0.9146948285024421
0.3233159943250006
0.5263059068650088
0.47352159919698744
0.10680188246523736
0.0892727861321071
0.2957953982074032
0.8797129954512436
0.3743225922966037
0.4007980248591987
0.33766568394658525
0.24164272132745923
0.3294810430254097
0.761057085068314
0.8891679313727319
0.9322357211892542
0.8132236186624
0.7172088566929862
0.2262155120115883
0.43712334662037466
0.8752294363058505
0.27020723018139203
0.18379361636187563
0.4340086941692586
0.3902264169595816
0.5584460407484813
0.07613711580635285
0.38764657037254246
0.708693525931211
0.2899470699238933
0.8490412102919683
0.4233513926201833
0.11587412765165472
0.30546836864076465
0.8550986200983195
0.6308048370027031
0.14409339696474777
0.6045389641063457
0.4307787456823229
0.3680179700621138
0.3933215233012758
0.02662537003193932
0.43685696439082855
0.2434364972688896
0.7988478959563385
0.41963057050070474
0.4748293632365461
0.2593715573158656
0.9374577372694093
0.9713526715586626
0.8758811044472724
0.4059020409962151
0.9562061389035663
0.8086678080367067
0.5186769406449648
0.7243686143871184
0.01769121497141357
0.1429424788076714
0.698779259074608
0.7807792079985845
0.30142573115129023
0.8213553123543303
0.509854728781146
0.796078431189221
0.9028737697307949
0.23730819250919655
0.07162359616746306
0.8712314163904687
0.38879297645336075
0.2817200957834838
0.9547588024790309
0.30330609377044715
0.03716536434720674
0.9618251454382047
0.8987143252214015
0.08316695933477114
0.10181010842499061
0.8718689756121976
0.5038088209387349
0.8141974414709048
0.4753054701489129
0.8915937719793502
0.5670923956345137
0.6155558850565014
0.8124786483479964
0.2301014052519319
0.23294370735946157
0.9585560773352464
0.01579017003278893
0.8837505878592586
0.546399469581719
0.8462843530392965
0.4205045442079609
0.37843030735846506
0.14855160758383845
0.6888550569620141
0.5771694554616441
0.8114423991485241
0.8854681745459569
0.5190127423141255
0.6928042434909624
0.7263205101339391
0.8767442259856628
0.26940481723530196
0.9513737369387317
0.8564735819362448
0.6320605741731048
0.6917533839387406
0.9526853885056618
0.1611835986917709
0.17439794859543445
0.9211772807053865
0.4533723037686227
0.49530186742705407
0.9127929484448021
0.5634717699038764
0.9153305193121722
0.09164667578146513
0.8962648920112023
0.7821257440937869
0.7433980001286317
0.5421562687497338
0.7465285518388319
0.9271849416921265
0.034331923333987935
0.1562064471070047
0.2793832653574009
0.17304282209792987
0.9105996209679764
0.2071701609324511
0.054176617058551035
0.6475910349986915
0.5659913274814392
0.9523498723959636
0.8357914899410811
0.9416643468264473
0.9991742050840533
0.17743089655562871
0.8035008370904123
0.206228435947567
0.580114443278361
0.5161586875460581
0.506518401362568
0.3581504261155053
0.004572782921773766
0.2111162661478594
0.022278411243061513
0.9789726040732721
0.7043248405787639
0.9632937022387353
0.3497986865896342
0.31140811859473994
0.2629004993483437
0.5467786688381612
0.011478535751351382
0.5012367004412771
0.4816244996638378
0.1769522572804645
0.3010515044274974
0.17017862168876996
0.5839604118896852
0.38359969856868137
0.3045480293997006
0.7076822184341195
0.24719032407194041
0.4494087303812597
0.342675050931494
0.9793506183560607
0.876172616885387
0.7971408768601668
0.4910656681749699
0.2722222294061396
0.15850164690204027
0.6040704609373369
0.3542679155125986
0.6620953957941356
0.5450823287598615
0.8630609255972358
0.30064801069176594
0.4539290575075938
0.40239608013058115
0.009630553879183434
0.5432763032637956
0.4106712072207521
0.6752488845358416
0.8440814227215877
0.3036901066403458
0.6146685490347146
0.32978841441700124
0.5278732311046817
0.29147240896906645
0.9023998567621385
0.597440877755461
0.8315762944963822
0.8049199493925755
0.7609555287158901
0.34367639844165676
0.7735125589528017
0.7846034598197497
0.20071736491219638
0.2993964180119718
0.46077507868658263
0.5787192129547348
0.014816736161108901
0.9949733276302535
0.47418398434533326
0.9960583307663764
0.1890795127380558
0.34261962621827025
0.28433716476044246
0.8228354446229116
0.2528982859420361
0.5924594177871361
0.7213648058656804
0.23127101399958383
0.6917651387890806
0.7810229944442275
0.730893887596763
0.4925753975928294
0.33011739014990005
0.2987451857983665
0.09824007798012735
0.5037554493781593
0.7650965936651692
0.002345254828372889
0.5953149688963507
0.2260334047048962
0.08565313443942946
0.6458865443606321
0.6255404877661163
0.4854859408164037
0.4591836981969911
0.7947414799444128
0.9244517696979122
0.7761286635932131
0.7669302925746683
0.8854987619078657
0.6134684123701918
0.456105806935002
0.7085893001421756
0.11972818073803626
0.7837625285606235
0.8833988332706391
0.0045076581478050715
0.4697124989502437
0.4320095385914847
0.17945847727029962
0.017036144596417113
0.44159769746153243
0.9295726571202537
0.025092686150035792
0.21294958803166075
0.9489129576583691
0.0821174740995424
0.8973867125369289
0.6557358351306132
0.37893405061976404
0.6743699536158051
0.8582765703742546
0.44504453467338645
0.09333499397338496
0.9209234809375328
0.2758834001560885
0.24587292766930768
0.6653929173859386
0.44534327575327926
0.3251159690184725
0.5964111605750877
0.38428071508346173
0.466459401065771
0.7626712443088577
0.8816680466575451
0.2693804470736445
0.9490695673199144
0.35536495212026675
0.26238448071024734
0.0921406447351194
0.17170392053436967
0.142253108160054
0.9274608864564066
0.731555904819391
0.09656775070797008
0.41240480910191213
0.08363679781241928
0.7369387046311405
0.06561413746220757
0.8538598995408946
0.7268243238864232
0.17092921249466753
0.0900256502031106
0.8624892537732067
0.5333137740024316
0.25365687297613615
0.08108057557171411
0.537348054619139
0.29673425688772403
0.38221302481259645
0.3428111614376922
0.5408248405921305
0.9950363832117063
0.04782706268003745
0.23109981041134486
0.8651448072829208
0.6653518201780593
0.8979453571318933
0.5136730440367222
0.9278866596183873
0.04169689496305573
0.5711071779372476
0.5164716776729201
0.35095017381868654
0.956515612426766
0.619414977383245
0.2482869780337953
0.8912849174287188
0.8890956727673002
0.23185488973225665
0.09706195736951617
0.2626692281768551
0.9815738880122026
0.4235324948669805
0.7321525294123568
0.5048051515130595
0.9596358539202318
0.506136868666181
0.23795283468720596
0.9836665729168531
0.04391496648492199
0.3609243199127169
0.25399853319917176
0.9227101453530885
0.5672623276945505
0.7074993737750255
0.26405857068625727
0.31088874423157575
0.3961222749568297
0.4192719436996256
0.11515073634469353
0.13057775067718802
0.7707191082564412
0.3687739454851573
0.4823221049709754
0.5818345986475396
0.8537603501580003
0.5297398139986039
0.5672076547360524
0.26841228247783755
0.8805607571065093
0.19398598164441017
0.959991498473655
0.5488280865425266
0.7091045943888662
0.08655001989672606
0.9309411684317634
0.7523568200293489
0.9441299966031901
0.030890637717557068
0.2667380347839905
0.7686315728919839
0.3372812420218422
0.25299841231912423
0.5419502599237422
0.4359895800611032
0.5759981800992992
0.20960997802584447
0.7875273245494958
0.07482627282752985
0.2201669862049418
0.3861574824802374
0.5301130831192428
0.015212005531077821
0.16906576948042662
0.6086234812592501
0.42875062559040644
0.5378075224059146
0.9676938039180026
0.14954745647060264
0.5811493434450774
0.07736913878992868
0.19065183697414134
0.3653175711076372
0.0576640288456044
0.4490717061843882
0.6387961067772229
0.6173928402507443
0.9901073519239658
0.22415767182867574
0.8467575393858213
0.5497546898020996
0.4899880134972209
0.5340511729709692
0.41506394408121516
0.6386181755801423
0.780516693032834
0.7839359331596606
0.8278286293970278
0.7066219294335594
0.8127609251859926
0.9403545692041857
0.21979545787734434
0.8355765571665154
0.16633416803561452
0.8743102249719689
0.03497865806221945
0.19159753452889217
0.7072922608782458
0.0840547890651806
0.944086631316644
0.04943617725894622
0.06038636837139777
0.4866454689970975
0.9289901231877516
0.7827284929144317
0.002748560238178266
0.9362066840460858
0.8746203419852141
0.9500304269838465
0.6794380179372885
0.11844270874787144
0.9565779642887079
0.6890976608871161
0.511926834963003
0.7151930239304235
0.31920095991021324
0.6296763138124302
0.3030249014844464
0.5402871192779378
0.9950332225353624
0.275228126245619
0.15321637273983724
0.8519626146651234
0.6139388450637066
0.9844396267400934
0.47293308745940565
0.6870083283973809
0.4273805412242535
0.06125627410971546
0.363832651985563
0.6862626937789608
0.1196888067202121
0.8923396467747539
0.9263201697769465
0.43647669961661917
0.34400273335735254
0.35619228715866913
0.8566700519497238
0.9658160603130779
0.7896248999137829
0.70361165392892
0.16706474283726913
0.8109554509495268
0.3262549253726239
0.3979489807343429
0.2921492973562875
0.5746361382117391
0.9156477208496597
0.3099789167280612
0.03480733223765142
0.29398508180801597
0.921714551167825
0.3215712838582555
0.8493966133736547
0.12512807498934309
0.43117184235624506
0.12427842619508833
0.038002050678192734
0.5231025887297284
0.5432424872959576
0.3541198288265208
0.8907259172565075
0.10767133541555707
0.5165262566136358
0.5626919204814191
0.6387365353377761
0.07290940887804132
0.028706831193299642
0.3818649228716934
0.4604481981768004
0.17812559480020584
0.01011438343899329
0.22787267780307163
0.25936829892283086
0.1645624780022369
0.9423138330490236
0.23855457962946858
0.628028299358726
0.42235829315941464
0.7741648729090207
0.022111188163381534
0.6065067858017879
0.04040821572083875
0.6693572120863582
0.7754222485364477
0.31605332842948763
0.48114839720985314
0.6798969272164084
0.9997939551155045
0.774966356331908
0.4520385103071014
0.4356465120125501
0.8106228483845236
0.2967042530028179
0.7789638244999023
0.9446096193319532
0.6508048185794308
0.45747045406956544
0.1259922401068867
0.3168252857091207
0.36079241002344453
0.48774431402189733
0.6867642209692255
0.5842707021329461
0.2596453033668533
0.10818560296890989
0.4571063685094383
0.24160452091611884
0.6705881170631002
0.6628120063391877
0.1311662262743909
0.44868444535506713
0.6588107275713161
0.6107583049492779
0.678601762791229
0.017219747777197925
0.6308401005795871
0.5000179968016423
0.5135237712530807
0.1394502911843296
0.6617704156911316
0.029422606966159615
0.295304797477397
0.5896114383724437
0.3725704442998582
0.9200626556743409
0.11928083145745394
0.6064373039644486
0.23069765792404018
0.36026901094603025
0.5129844386401444
0.8018326927608449
0.3662935767029798
0.3515035401281372
0.3608835314181864
0.3077645384244817
0.6573434692460853
0.6558344975673978
0.25199305436916564
0.4498477440886345
0.8351148294797914
0.38685944371503156
0.5124807689015904
0.6940324815445141
0.24620783073621133
0.3422269725082543
0.6681744058221728
0.24113477640546488
0.3002231846710427
0.1721289475141341
0.33119959231001184
0.8868236323335154
0.8850487591847311
0.3227471365339042
0.20485719785303746
0.7888980188090399
0.22842793261626682
0.24588244307113216
0.7305274896325096
0.21636511790948165
0.43966840429810516
0.9908229086076397
0.0008988979754753768
0.07279502229100931
0.04536220269107516
0.3213637167985386
0.599008051600212
0.642824177839454
0.680394390280765
0.3279241338454235
0.7328579137822697
0.5722594266437077
0.18000241029495045
0.2128992879049757
0.36685622431712006
0.6363098973897069
0.4360537721739699
0.2738549682973347
0.15358779190547533
0.9806099781277864
0.798229015223529
0.7731335378185983
0.2977877574342722
0.3450193120427376
0.09959550847408472
0.20257996039101445
0.6026350479771699
0.011978216557183785
0.8843323139977344
0.2353002330868994
0.6590921988871113
0.5026252732224606
0.6378560796737444
0.09159388088384535
0.6244323531404039
0.7958861997970598
0.33833501353126016
0.36844915094023545
0.8531104397759954
0.005324566653230778
0.2025559353020685
0.15366507647338135
0.23477402855881002
0.40079335801370075
0.2336403454753554
0.3368684924160217
0.8567456450914032
0.9063541045958347
0.85413193350517
0.16752065736094102
0.46358625866366476
0.4618649973269827
0.5700007722381707
0.037754524937966605
0.37781088347419167
0.7620510602639549
0.5012423319731182
0.1273945305786096
0.6371215075216127
0.2268719212413215
0.32609085785258685
0.43310204261846896
0.37234101762783245
0.6310104072024733
0.8846290590591254
0.4414813185965173
0.444406009779706
0.9282817388258109
0.10691276907649117
0.7279202138067233
0.9720911013206006
0.25167352444482405
0.4731562354345963
0.81146129935873
0.6369930937746477
0.8693950805714512
0.1596282444089666
0.8689700734177891
0.7947167400637549
0.828036476079054
0.6383436635974379
0.7514615462066901
0.3243656306851096
0.7878760971805633
0.7122732667087794
0.8422689141586502
0.7482195387771301
0.9621194425732226
0.3234449343186694
0.9916403446854055
0.7735712589828634
0.8343105856708842
0.36681344150152995
0.46649742408977346
0.2776693965412499
0.7089926534960524
0.790719042615195
0.3960704522807925
0.28734810872564553
0.08094727297052795
0.301391414058675
0.40720808926811136
0.35435889056497694
0.5168085385989483
0.8928770213546587
0.2709161873873396
0.1126253569655401
0.37677997879613534
0.22172232613229403
0.43839112586691875
0.014114450243245757
0.09667136633902607
0.02365127215064866
0.72516571557837
0.606910834465421
0.5129711598427079
0.7065255889818632
0.1383428762471134
0.2720554048182683
0.26854711929758734
0.18292883215693756
0.8380320579254951
0.2620802194110934
0.9561111014166656
0.7621862411620228
0.3968431331521902
0.36356086583738434
0.2181934569972831
0.3786623656570114
0.8154352673045092
0.1985135858346725
0.11102568585066908
0.34631456926865356
0.16476850166411483
0.3560463533058247
0.31016229517180727
0.6726052900724109
0.8693997659139477
0.07904073372612652
0.735443429450522
0.75493817753724
0.6937057595758731
0.5013006419335607
0.28620246049097764
0.3781697430839721
0.11575570308357197
0.14118667589490264
0.9277921319854183
0.9039024368840048
0.5790414660176997
0.5891077289397081
0.2659522820002487
0.20534831109789486
0.5826626168129457
0.3246239418747149
0.14804133783866902
0.46302721978493344
0.18524963136150585
0.34704788984023116
0.2876165037644868
0.23529009211988294
0.22690409908362952
0.40221699787221454
0.9135802765215022
0.6206436154257374
0.518993712021878
0.3378116551399296
0.9501914766915348
0.2048935267803773
0.6391786253587489
0.19334772393678612
0.5158781007764357
0.01953064515212921
0.38097483678603494
0.3681015404562431
0.9942533035833652
0.20855046282191858
0.5114918951021061
0.9702053918812861
0.9524776560416237
0.256339001729851
0.07696565564040692
0.20230558385794362
0.5099345309777716
0.167291187149188
0.34583619651376507
0.04062479103626215
0.4403960870806467
0.37759628255538735
0.32349160669840993
0.9913424049165971
0.6288086961877064
0.6377261040540521
0.7076175188873368
0.5818004227357652
0.33770141760807193
0.17882355524827032
0.5781539068759487
0.9406214755709736
0.4739155334998606
0.40785716954569096
0.06567324790020612
0.6294391980961049
0.4175162181130614
0.03826541682185369
0.49691801369006705
0.8362481607105098
0.07247117062580155
0.5107216972511548
0.6468901973153515
0.8785922842675176
0.47337976959400385
0.5838467721992151
0.6098771298221818
0.9721580541335219
0.2794379257929458
0.4404204050420304
0.7962832211764493
0.1597380674984893
0.19952210706707707
0.7548336503247128
0.7464539303929949
0.8357429330216929
0.5205193166917207
0.7278142180281073
0.06357527427145226
0.31831809470806205
0.15910130844632908
0.1815684856914036
0.5290995580500412
0.8212524198848222
0.20320999270091789
0.3729261895990249
0.4132421604343818
0.289368552512283
0.35868471897569953
0.8154519429616743
0.6214734784370758
0.6086394199695073
0.6305456176630473
0.8243644612459269
0.8973041338678588
0.5702885280600088
0.3741779701464032
0.1932536069013121
0.8645149996202109
0.6899370958300752
0.2166109343067989
0.7851664756346675
0.11537586100416852
0.8668607061100667
0.7429825790920326
0.8840404227495631
0.5979139787065186
0.0068031205610841194
0.021326753097587803
0.6799738612715911
0.008751947796979187
0.7063479693373683
0.7136374702568894
0.22182073857487528
0.05326827573079551
0.5914679588852474
0.8074546624131445
0.6685378537925194
0.6550509059973556
0.9825631597951621
0.05165414921128486
0.4440958110333626
0.29106531154427295
0.6572122666735332
0.312901419558818
0.1750385981799858
0.27620446211386673
0.7747848678060476
0.07528752277543771
0.6235004020557924
0.5973504152872349
0.03348575617115601
0.0802755455185733
0.6370182639915215
0.06471519761208955
0.14281458040590045
0.7877850555944756
0.15371430266901986
0.24780836627242464
0.876544981153986
0.1863859434151537
0.2784288333642708
0.1886334870384896
0.6264959789730522
0.23489059145957936
0.5524284405268345
0.15120383459200626
0.05280108864509703
0.6762415431905595
0.6620445667039437
0.2750026466245673
0.8966202116246866
0.5025952726894217
0.9035791232627199
0.31001317140395634
0.6078181937416733
0.5488965780422168
0.5123096510136828
0.9615777484182049
0.35478166958957924
0.8021381085895912
0.20780880119880207
0.18684297305378272
0.31098770086546534
0.5565003338318639
0.7146810358889064
0.02864223829196033
0.017367229884102553
0.22240069766348125
0.6263671504804417
0.19174062124869917
0.43087498485416964
0.4358820641130068
0.34048202139023487
0.289623633318834
0.0070995251256610326
0.89305237001491
0.7795331231182602
0.47983241693485823
0.6953017693462585
0.47112028930447347
0.7319116481538507
0.0912567802327321
0.9735986252532549
0.7979007348393983
0.3991061379126907
0.9407722485588914
0.5295215105383696
0.1644981513068018
0.0572085263463743
0.2646047458455585
0.6289093081771141
0.3877009963477641
0.26395383866115363
0.5885957905826719
0.8768789719826073
0.14192436317330037
0.7323337373904453
0.40093907468651535
0.09683404613892932
0.20504109321783281
0.1808207059312511
0.9024223425230613
0.5282355018755888
0.07615793818844596
0.7445291310260581
0.08532943032433149
0.6076037477410091
0.1263624971505668
0.2543711541555802
0.9385928784683792
0.2899119853520613
0.39906179415966614
0.7977692394104821
0.40728583243244176
0.6849565030817837
0.4505393903831555
0.9067859722958587
0.7082761166052253
0.9324360896225192
0.6462781653882396
0.20533387015052296
0.5804532762693441
0.016870847016842383
0.7107820483637542
0.8124192064233546
0.331015835374013
0.983713128222771
0.9051131746582673
0.16026213068539097
0.026121949824199575
0.8495041465035209
0.295794933756121
0.17237672737695475
0.43424550533127726
0.4923083945563733
0.22170354444101692
0.07381330734624691
0.18530135092294864
0.03565697009780622
0.21069135723739174
0.30767129494092693
0.4834321392820763
0.23811498961899114
0.5749877423691367
0.06154413588907104
0.8151639351527317
0.29560190928108265
0.13413885475366194
0.9718491731502307
0.8590520907513198
0.4937638470429525
0.14575693558675196
0.7636124618861936
0.784556162271159
0.3545696148268085
0.0505822959179838
0.9696779235276173
0.19540123254337882
0.43131814903190036
0.8550919448988111
0.17017842361539137
0.31606344576432077
0.8045973487496902
0.8600098259520697
0.8333197380768398
0.6391434998170377
0.6640952209097724
0.2792737793491835
0.7582492648524336
0.37666510124588326
0.2932199515375167
0.1931393283500361
0.9488224961207282
0.8625999655907711
0.2661582856257918
0.7429077005875766
0.6450427616223438
0.5361305006770168
0.35357147571016867
0.9631907398721603
0.5615770200436103
0.694700863193219
0.3754503687088473
0.3080541055712773
0.9937392380265139
0.34540827934311014
0.2890489276095133
0.7420591441463368
0.39917489762022795
0.3575128510161124
0.9870958773903324
0.0038021950110189717
0.3454330924599932
0.9348165963747078
0.9308135913000544
0.8120670190735931
0.24352390094002718
0.2904892180463169
0.37728163188847774
0.17356920688934863
0.4559815754451615
0.5700645038802477
0.5098808729246936
0.2903314682052003
0.567088658877555
0.7090019818042274
0.9813131404197597
0.7175082249531407
0.9892268148823993
0.4059126521227192
0.13870734000103313
0.06665914140416984
0.15458978223729924
0.09800891428260972
0.8542637195892877
0.6847662951825635
0.5019940617047598
0.8715076179817232
0.13358063252841879
0.0355297470638084
0.10551137876657035
0.5167512002473837
0.06755579153363878
0.4259390823443505
0.3518371689154751
0.9618370221640687
0.6109752411963388
0.3201442224781236
0.5885955388870547
0.7958999924770359
0.08065779558903052
0.08961731891256786
0.9818926926214175
0.8577959492718488
0.38797275648757656
0.6386790895922733
0.7056971560397884
0.8060782533567261
0.9252548399875999
0.1013818629792742
0.230958563428996
0.11553952780683585
0.1607864249417731
0.08000306620280262
0.6945388969250703
0.5605590706550215
0.9330222953650141
0.41103254665439504
0.6956313697921214
0.999720245845892
0.4416135258424194
0.8218664329504585
0.6294960821357151
0.8344318056330515
0.7567480197525629
0.810014620593888
0.6449124071654828
0.7932409261115373
0.8517501635410428
0.4027099821336859
0.1802360307377131
0.4004517837121614
0.17131521102011216
0.38434765621026645
0.7959187996680922
0.8479026791889509
0.767689801952466
0.04398706180305689
0.5444013251015593
0.8003301864205941
0.07508220375216468
0.40177824295221887
0.112510949270192
0.9732820664465389
0.9925663999632178
0.9646631088957025
0.6277437824275516
0.6360871448196689
0.0912784972277827
0.4846479347875471
0.03782653884255216
0.9545416421199119
0.3011602393223336
0.8238484662163301
0.38816701137543963
0.6320659556764608
0.6428486979498733
0.4768582196657133
0.011631985679605217
0.33609003470303256
0.8798964796458264
0.5408241522825445
0.7626617310626864
0.7307815268511082
0.5584046774962053
0.07724080565256697
0.03647567002405727
0.43365915306032343
0.9375724988875888
0.33999987326779824
0.06298660726459093
0.933786973015555
0.777588830392941
0.4980353429902471
0.512534615768907
0.290369252947109
0.16245797418343078
0.555388101973197
0.3199773220902026
0.1600300912443564
0.02818983806572617
0.9166380007555187
0.8100562982839915
0.011766587556607089
0.7595639627426112
0.9201249498935877
0.3111472295892346
0.9563730588616797
0.3491733675239126
0.47684222462007275
0.30250640958887864
0.5710001057098725
0.30096662515561146
0.8255982138054173
0.6110488977884281
0.1971668231738879
0.37042147598511965
0.6713970294600609
0.1751635960199054
0.7592227018133619
0.5208665915874601
0.22745214376704714
0.08054941366247159
0.230837649695931
0.6985627561625655
0.884795308478029
0.17214744543740634
0.5755188245001135
0.05895566722677281
0.2812653078536952
0.8712787048988657
0.08825746390694555
0.9466254042670932
0.20167430199150738
0.8608400372331386
0.7017785539648215
0.8773888417558947
0.7510886504347046
0.40250008944467164
0.10529936623487501
0.707512519859163
0.5178666281635662
0.33301114933122233
0.5783975746750537
0.29001554884859726
0.5818199430111941
0.2299944101131387
0.9610353813417659
0.7023580755790247
0.7781879197082018
0.24951989105472006
0.34580190109208
0.2115189850486754
0.43378907652422294
0.4076423478775356
0.21101429162370944
0.5886558018624956
0.10919014348927747
0.08690167026153595
0.12334092989499645
0.4486687113355178
0.6552339798190204
0.06631165746079304
0.6935323075565194
0.5689990175771974
0.6793263769395477
0.39231936857260064
0.37149411807647426
0.956188557335212
0.7857585856373089
0.7243860159231905
0.2227212294272517
0.6136765948339039
0.21274806645822286
0.11151735003970775
0.3004382311702636
0.027348619913050043
0.7665152535398954
0.595307522218507
0.5247524200385434
0.15694127033722716
0.8581674817859294
0.12885128264779333
0.10736860402839632
0.8468392870605391
0.4560956475862771
0.4607802672823207
0.3548278066675059
0.33820411999720945
0.8860758815160336
0.5619236383959627
0.423765384203297
0.22338739638803795
0.43412609393334045
0.013007967062775516
0.24666906733693617
0.3469609214182836
0.26998311609476733
0.2052592227946345
0.9020976772305143
0.6943322506100919
0.13791982123856672
0.6808513694682933
0.7651963167419819
0.04677934373579362
0.8287999980923921
0.167337752566872
0.20441393331306634
0.3595176828017903
0.9393214755104538
0.606783089137913
0.1112834467554531
0.588295779437205
0.9273798063995665
0.10074401380922204
0.9445216429048685
0.4894444920372678
0.9199128303662615
0.3515508814250934
0.5755558194698446
0.9036484439105786
0.964295123634262
0.6006974384384218
0.4937378493041229
0.9192768141645037
0.8250138762637625
0.04802486761697389
0.8537597728463315
0.27948253611537466
0.3907361657349232
0.907339395388759
0.8649460844265706
0.7768180887589342
0.6613799341734072
0.7459630986441421
0.8509677307838422
0.28610153876401023
0.40341743926823137
0.1765933638670456
0.4461503566278584
0.7345152261280695
0.19672018105834
0.5806088179843393
0.8043802274218018
0.07596919442023897
0.4778017737805842
0.4091458986084304
0.6238185291706295
0.7802110100248324
0.0385114020707682
0.38499475166211383
0.15057400291146816
0.6609438307479127
0.8424537811282216
0.398406076596277
0.782013403921886
0.3679520219888267
0.24722877428864587
0.13710967477721092
0.8948012684509483
0.8567804764983634
0.9535662076730014
0.8519929352503534
0.5289857376114963
0.15372521291793562
0.2542247015307566
0.14680649476583918
0.8870925541040428
0.051152219808587085
0.505082378883493
0.7132360962363784
0.9715263720898036
0.37452955527728604
0.718304222993763
0.18132328436720457
0.15041315800209976
0.17860465842326856
0.586550305356976
0.8279909927204839
0.5885397944495879
0.8743274781278845
0.04862574895385263
0.810568176314224
0.39691795682515896
0.2992948640017081
0.6307207837451384
0.17114661996312963
0.3616012192896524
0.5804126381983079
0.9947434898260781
0.043367198546796826
0.5127482106949401
0.5934295894294839
0.4379065811298959
0.6505784508858312
0.7030420770963601
0.35418893466258017
0.09913769083564783
0.017608267107386166
0.5524376666826547
0.21371470291038064
0.7480032551384574
0.9562405175316626
0.260641175153829
0.8687683687832531
0.21459846771063973
0.19852011249695756
0.5701981650617697
0.07118640782741559
0.9632435910167384
0.8025099747494268
0.2122287033782594
0.4926175803893983
0.2934187649866058
0.5293024417158066
0.49448374760259795
0.3742283990799602
0.7820458631542919
0.9618084679886535
0.515698054255845
0.009751601688598233
0.7650193916770692
0.3672464344395101
0.452907955263949
0.23977397534196454
0.5579779292527947
0.5442367100986537
0.18583079182369067
0.47565923219785156
0.8068933751186472
0.536596752557152
0.5840445944588524
0.9014700719888871
0.6878718115115161
0.30236693069368703
0.12701663441596112
0.4012679184325466
0.5978001520039954
0.3968244650830566
0.6520383279150064
0.5279921630803068
0.8610958106774916
0.7172910017271437
0.2718404999506303
0.8356568195458784
0.6809575148244188
0.888563219924718
0.9328230477892134
0.6039781790709878
0.7667214514514159
0.8759305557588737
0.6733507786408135
0.5211506858735065
0.334379165100682
0.6862938414487535
0.22738697512459582
0.6718730671730911
0.7629967066328868
0.46671448670627724
0.5888505658786061
0.5819059956357537
0.48187025771617586
0.6523555936258307
0.31868433706817767
0.07531238298712228
0.250921218635213
0.34384956988645277
0.11322128510845775
0.3030688313930048
0.46354979810554764
0.33456738504713845
0.49830842067918046
0.8618807032957166
0.5759248225926853
0.579742359281229
0.34250562257452355
0.455067593225841
0.7526784680027472
0.12239763074173471
0.5974464864634005
0.3190925421327716
0.9121801914219859
0.002807494955708756
0.9126538229464333
0.21094882035478757
0.706537202179345
0.1313861487431225
0.30148424440618593
0.5449869197895238
0.940563354914885
0.23407349181784787
0.40602501385962597
0.6544744906738579
0.3688372293955562
0.8466649605857024
0.7693819069592917
0.7740833316133667
0.463213974149977
0.6332557626058299
0.9762552705425708
0.4723845360312138
0.3862322722201833
0.73635202375475
0.8255565581639824
0.9380751205562418
0.2536034635902119
0.2782760872570532
0.6935460163053382
0.1839126475694698
0.44514319186788687
0.9834104927759413
0.9544099264813707
0.7382028107049792
0.7843773164191101
0.03535546778052667
0.04725638347534977
0.6993737683532114
0.29821008602661925
0.017125226124516058
0.6601591255746789
0.3902987053803252
0.1507451159924743
0.478822776959559
0.14193983591212989
0.28635252846589787
0.02913787846120619
0.3645321310256645
0.9727246450642983
0.5457432834742095
0.19747472209973171
0.35859353367386637
0.22608413737133948
0.2091144976896674
0.46310385361165096
0.5411402364251974
0.5605730216677448
0.32701470099823693
0.4289281206495744
0.1547035231311309
0.15787990583679612
0.3593441778720745
0.8984583965449441
0.35839417421007236
0.39017407746768784
0.7411418672290534
0.0746895239859503
0.15263531189564683
0.6606220990299708
0.13820605151282572
0.8911738765198733
0.16084863228183544
0.4476896153453436
0.2675883368574372
0.7451530128050575
0.2521331659376532
0.36094424006813586
0.0012186368313552576
0.8020831942674221
0.3969146474701257
0.6415781891892529
0.3126268346997708
0.4980124122223226
0.08092528733290216
0.46051586473640527
0.5168055955394333
0.28442113134436053
0.9052874218774186
0.5363670003667789
0.6602679485217073
0.5052609718536569
0.45784350677190266
0.6596500345912049
0.5737686855471031
0.4932895506948718
0.4821426589722926
0.37377506993643583
0.4185944625435415
0.3957168121448834
0.3631934808730143
0.5563172241673094
0.2999708253842084
0.09372000795393343
0.571633308974931
0.20387881906722316
0.9514594245715567
0.10491789065066948
0.3361862693399267
0.24828055706870034
0.06202487943996349
0.33680196451078004
0.7956041543008726
0.34697376800961166
0.5574083297020608
0.2640520199709594
0.6610504006982852
0.5524620629648863
0.06889089326696562
0.9012416303451031
0.9267377901368873
0.6074385170825379
0.944403677282674
0.8326454658211163
0.05760206822653957
0.5424843213166501
0.6974183731280823
0.5641246816493312
0.12398548520781116
0.3032352158334439
0.00045630069363800096
0.802668025991523
0.7173821050759479
0.6188750554122621
0.14592573990212132
0.9255587977516051
0.34587763973134167
0.39318196488327095
0.28368694980910125
0.041933008822730655
0.7181457600681785
0.5272517333843535
0.2272933261625658
0.6694955738282046
0.48465230488428435
0.18368477944089756
0.26776277252910086
0.4418137929996716
0.2817244387336558
0.18666242886324524
0.38561310356266676
0.9321393683731408
0.8782304773645737
0.4222217792104598
0.702116827036719
0.6583157543089843
0.9580739801240459
0.13894690961627065
0.5048287664113053
0.7791721222251379
0.4283459492804055
0.8696487015831897
0.0831985664961633
0.4593111589968588
0.05131571730207951
0.8366892765606753
0.8038140978717969
0.4899402987381499
0.9055560834965002
0.8843997884082251
0.24706004108050117
0.27079612654079843
0.6659835931813196
0.41064371114179254
0.43579981670091184
0.7137708508560483
0.2789053934124215
0.40227284332498603
0.10574137280830176
0.3550393262193755
0.87249161531282
0.05114702388401171
0.36454531327790396
0.40598314342359054
0.0778739724311025
0.7033436992404383
0.87468879632644
0.023033792693083366
0.20548230708095028
0.23530603085756696
0.4846556629428551
0.5514293600331445
0.0827300962192129
0.19607336737549308
0.005374564699319517
0.5681099117492744
0.10713057959408279
0.12246918796319439
0.6411156814839768
0.8060371305896438
0.5343979762948273
0.5590639397953516
0.8475214951178014
0.999493965477173
0.11834001347711542
0.44175157424772415
0.2493003408897836
0.9719750902102463
0.18194267785267393
0.13391110704015563
0.23549161635076765
0.7835129978228982
0.9513861001973928
0.4603571795055237
0.9546827819724886
0.4965837616405956
0.8611818452318385
0.8710642448952886
0.5406432622750721
0.514624829765335
0.39476047995890806
0.16177021472024478
0.23475429427314176
0.14896804791484408
0.7394213240687113
0.8993078061597914
0.11856414001813476
0.035748353399576605
0.384525468566151
0.19261303048014
0.3578887346869384
0.9408290020646373
0.07730936195238902
0.6514890869101136
0.2805048368328352
0.3670622110751076
0.042937713158744506
0.6474552894547985
0.40734906101515556
0.25130190754191706
0.45013354811240514
0.4217485274980445
0.21930303440071386
0.1973369350552252
0.4741670191608012
0.12066700502757488
0.13357671011229166
0.7764206293835292
0.88089536327165
0.3616320092998704
0.011850097596429299
0.36443628801212213
0.8899008495019978
0.7896735260824074
0.18684262055725942
0.8020655536579467
0.343745776770053
0.4990681262911003
0.9250334034653618
0.8231411463917142
0.32718730619210423
0.40665385030281487
0.8184885653837201
0.8853203542372573
0.9139970755587102
0.6485635991560292
0.2670090993796217
0.2643665056277671
0.8170650110108648
0.236144965142973
0.18476443089225325
0.013665936171847193
0.4910377770303199
0.8203649775032863
0.8505023501150332
0.5905781931103941
0.209343283712069
0.3974313212952001
0.2175701306402329
0.06319459369603508
0.8121321479622348
0.7151977371153474
0.15517312782917603
0.5388013578547737
0.8353664608169465
0.0033637330392781717
0.5328759783799717
0.4111560573646521
0.05085762341620248
0.10542296397083595
0.9585211151880219
0.9054621476680688
0.9219939773809387
0.3373632740571595
0.9418816641984634
0.23012630446297988
0.8201928248520752
0.6470190369387206
0.06205532637204758
0.5524087631499655
0.3519451528337595
0.4055346463596585
0.8856017119256069
0.17897708558223335
0.5383847534652803
0.6082284136998559
0.9658307152955239
0.6019098627099623
0.3998584117058348
0.13586940670482428
0.9266552812388854
0.3003917573582764
0.347390382852531
0.8936953044782546
0.972848157483053
0.20895096088513487
4.356302034247417e-05
0.8666407839631153
0.366268902301771
0.8228166126040333
0.2552438768904268
0.3520706430926406
0.7194603643847841
0.8092491058657566
0.9380525635386717
0.1400577854724906
0.24780094629140315
0.9577612022442527
0.34359110587530883
0.5728943416752025
0.15373188620910394
0.5864191498284969
0.9985303364545237
0.5262229919115612
0.3289041956492099
0.8008325924199766
0.08338653332478285
0.5838258187996698
0.48378968200819905
0.7255564269161245
0.7091690541541529
0.23292603827646885
0.7824742212781389
0.7822853823249492
0.6726270298512863
0.24446979084318965
0.10832964589645955
0.3246117812478504
0.41603297031982944
0.5780276452863831
0.411468758965581
0.7019375614864309
0.14522881224431905
0.1401527775081456
0.14182953328968384
0.015540334879076356
0.32654261696484477
0.39288299708544105
0.3201991074797803
0.8374973074675722
0.7192546300234818
0.986188969074912
0.37017035554476374
0.23348152575282988
0.037269962122223
0.7807970532406038
0.3962099975571788
0.22672960897835615
0.4431633902146831
0.5611710041479444
0.05481920994730627
0.387142271041399
0.2593051476579632
0.9031868382942264
0.008618502117992866
0.449971992645508
0.0927878227843768
0.4288819794216536
0.0626330056608605
0.9303085344121765
0.37209367033008134
0.9355618343632659
0.5738430292915883
0.873446392575716
0.24894507063294502
0.04278536590697035
0.9856180279291215
0.848264775690333
0.8250312268520825
0.5602419074620414
0.6858554626691103
0.8679329731295493
0.22281427173970436
0.7916609552625706
0.9546640578153205
0.05165855688425902
0.22181750977634063
0.06851414728910477
0.46119612635483986
0.2253282373720712
0.05973187842803873
0.20216486315171744
0.7178005002768757
0.20854092505820565
0.4375066624723557
0.07573326476753084
0.27751271217098383
0.8475144286894999
0.31306569135166706
0.789357376773366
0.6785330492013271
0.46192380316294446
0.6315734756236926
0.28398084766164267
0.3190604226920454
0.02981531589738573
0.5318230171113285
0.9428535383373133
0.33789875560969374
0.4452583428751402
0.5041813012661694
0.4766480093002826
0.660878990091265
0.9063420109276901
0.25092645942614
0.33633217852424646
0.4390110821595967
0.35086103113756295
0.4000234100145761
0.8679275207766586
0.319093486508945
0.5750412278221271
0.834883630299884
0.6895010097606608
0.9117387319201036
0.2677033219900271
0.6498865325842053
0.3184917121438817
0.9158835904898998
0.49109293834946055
0.2899603952485561
0.5289956909961644
0.8720886094688436
0.7511295000056208
0.38238187026092507
0.561301995178833
0.8613432536546335
0.394814857841694
0.8746633785806425
0.832881831387743
0.6813267106446307
0.8200374706349526
0.9350651398327355
0.279551071021403
0.6865313314078888
0.7911252293613424
0.9401152773912286
0.6815139402607305
0.1380751667539587
0.2351611362481839
0.10176711166716668
0.5765091575466841
0.9628561178866278
0.0814177793207328
0.9375927063752726
0.33865314269082214
0.5948264145083191
0.8485561511206816
0.5133389418438007
0.0715083243238428
0.7523987488974737
0.8224638591061934
0.18974302221933637
0.32848347654145893
0.8280581882883064
0.5603768198645157
0.8582741809119254
0.6132956949321958
0.701681226519662
0.1559294069857683
0.4270086488180831
0.46791856596505144
0.9150471441198076
0.5416420777466309
0.3927373719513305
0.05331724349435052
0.5988562226371897
0.040543330290544244
0.35392905424134957
0.0781212986772144
0.9506279395720411
0.6499084359564214
0.7616602376974249
0.09525484122486583
0.5423683001679798
0.4069691689031498
0.8894300041146428
0.32143452393791816
0.5056099175875792
0.28270237217029015
0.12411477226707934
0.7937771814670689
0.30564386493936635
0.02366425969238206
0.13795968423636773
0.48433185415606084
0.4010823931376971
0.5668509284704706
0.3896719007760434
0.5998548777892012
0.6999179054823716
0.051599394506164686
0.14580985855580086
0.8790819513266407
0.5240454804051284
0.05691971431675291
0.7833509534783745
0.1516637452517644
0.5575249103484108
0.536183328335136
0.7898271963083835
0.8550081809103063
0.7995111649339092
0.22973583118533458
0.8851869740907029
0.5271565561069325
0.9118391508067277
0.3249465031008679
0.1724208025730496
0.6951107352225406
0.9190756105968416
0.30951573498407536
0.6592551301290577
0.06243102717115434
0.3601234750398081
0.7889036838745894
0.8820061231653871
0.4224826187590738
0.2757069929550363
0.18707088164493346
0.5833491822445313
0.9184861526895174
0.5629578373836125
0.5212189959201301
0.9183391975242793
0.15517548133653214
0.24844032127081517
0.29760805165428994
0.5551070307983932
0.3963286529295882
0.221080224642757
0.5840381819783578
0.10078898599523589
0.807155497856958
0.018486461858418735
0.7644094657985655
0.2273033885564505
0.6701122485337176
0.525010329883375
0.15898169992048827
0.6841701905803853
0.8226631466037907
0.9771635092276665
0.6204264753338951
0.968817740688221
0.789512881212772
0.0723931600332326
0.600661487166817
0.4222412570058237
0.23611726019283952
0.32281069129899
0.712258620197981
0.2788549316801824
0.9859509995747523
0.4290111486056344
0.5002480617637194
0.46028596376341
0.2886927213285154
0.09212115774821616
0.44938713236050365
0.13490100198762978
0.9474031611773092
0.3770999169468431
0.35706950647375424
0.6970007222073449
0.09901377534736855
0.7914223929884322
0.6083630106024687
0.27475739197958915
0.012341193477830359
0.44104386394170225
0.46102512794477635
0.308030648824259
0.5968768131225317
0.764946270483039
0.11208912432376505
0.5994186678938341
0.7436168702263649
0.42310703030152574
0.3062017114579675
0.5865598741458734
0.6679691564024502
0.8356348241533297
0.038796132115678894
0.3116256020117659
0.1731997210068028
0.9658770169426854
0.26017771903060005
0.7964746606570827
0.9396002371871082
0.28686838071251397
0.3418808841407144
0.4873086597185543
0.24035022153054697
0.5100414148164951
0.2437272253325653
0.33593844008314155
0.6834580491319557
0.7233902434861677
0.021771930814776352
0.18011624171231932
0.03425930666305166
0.708817751146623
0.7204680651139574
0.28615523570272305
0.40511660025414975
0.5107650790077407
0.20849765027086398
0.9443584440692404
0.07320344096547282
0.0026661064641434473
0.7261664138774612
0.5305628356003657
0.5568354472953938
0.2153999861747029
0.2871696422839488
0.4072606039129303
0.817491521482253
0.24430834753665964
0.002739570945837433
0.11112698976010738
0.7397389282155518
0.04396797377345496
0.39179380687740684
0.5879692013662797
0.5345480335223415
0.3870154454762842
0.5164203275241844
0.6303393633623158
0.10914992782939059
0.10153126141426883
0.8643741202916382
0.9923098911879819
0.28571820684832105
0.06518274794463419
0.3709971909092038
0.09964331592492726
0.16109208730144442
0.37421631690957313
0.03496642972712927
0.33238462725105744
0.4037558348882673
0.32577271333892344
0.2455704717595979
0.01698831423759717
0.6070670837773045
0.10336979426907134
0.5047725186726141
0.6158457697234492
0.03323342550679631
0.6607040048114338
0.10874815512375713
0.5907209313071203
0.48566246238508703
0.06362356629717592
0.8837353144997444
0.5530767009244728
0.5706428280678059
0.9453624400312984
0.7097120574962948
0.6181682287616512
0.2576447359283742
0.8109920990490328
0.37975675335658854
0.0680892075644356
0.930688510059628
0.36773207534407215
0.8950942458056186
0.6734555888132941
0.30124707388539107
0.5071081191128816
0.49909843340920557
0.4967277471215612
0.30066523787710286
0.291696971822455
0.7811678027423278
0.9614040965762791
0.022236160191318022
0.5899229239773819
0.014955401120875234
0.6595560842684358
0.8335776796599915
0.9774127774830839
0.015739183476776275
0.3795342581974678
0.5090408989361047
0.5381078984747628
0.40677441175440576
0.543242964719134
0.7600376383760962
0.2799044974377046
0.6357645134056555
0.9040707336610719
0.25090003057807897
0.9195606237325186
0.38523923006360805
0.03888787480446576
0.6002647713502022
0.5463344228736534
0.7204619616620651
0.12650070706550653
0.3147010824083162
0.7916485583699047
0.2669779303635825
0.14628496327108187
0.8221036524069002
0.8965289208068636
0.8451696867699147
0.16424904469981416
0.1784512423370297
0.3297896758683919
0.6394860169326028
0.93094473888278
0.7282737149611248
0.8481910030399948
0.11157614708178087
0.9905678927353525
0.5006126292564218
0.6073614643065803
0.6931415819752474
0.192365068919939
0.5945199416987822
0.8355137237928403
0.2892800550263164
0.44824475835469624
0.3755033122019733
0.8026090019109215
0.49380825161284847
0.0027366989865790226
0.9270698869081637
0.7533028419688006
0.7821423768355266
0.9551775447857722
0.37310554965800846
0.12065829944641471
0.7072013621038721
0.3194248254606409
0.8152508243406968
0.9223605902156728
0.41442538962359654
0.6265260749970385
0.025316139491327494
0.4032156363859164
0.061721181092753596
0.8934607892188661
0.8086989751764843
0.4008839913174256
0.664667327193914
0.43852574786219234
0.6639640694407027
0.3660974749332889
0.7659949296164816
0.6215780432406501
0.983561281289625
0.5334907880325681
0.7269280734147993
0.9957652719544418
0.010911354181966204
0.11254033815059805
0.19664163376429544
0.5311342600980682
0.36967704094791787
0.5148662012873877
0.513250307833088
0.6121389955221045
0.5741170533583444
0.7234430042496685
0.7967973658658024
0.6226217326700665
0.4236582525986917
0.5323622381058533
0.789623407072974
0.5799910351119427
0.6417279675522946
0.9862716283402914
0.7183692508693518
0.18094874774974268
0.7159367563397776
0.020600456572767434
0.20498887852424696
0.3534423456165273
0.765699842933291
0.8201070821267239
0.8239780995047401
0.008843068373202367
0.284848135215658
0.5915368758765834
0.35763314333866925
0.010885300148722576
0.2026888900286361
0.21017915320592317
0.8063822771901746
0.48499633258929076
0.5221704534469966
0.9428056346193788
0.14625697588673603
0.11609976366405472
0.8706093134497287
0.6133583032879352
0.7795982563558835
0.6367118936438894
0.49135551792435417
0.12472113999128054
0.2708366122338134
0.3540502007307359
0.15497950008027894
0.7738665377575226
0.2676579771579298
0.699901648538311
0.011409618602109761
0.15505833325591722
0.002072864029937227
0.5375933382387004
0.8195217354287315
0.372719878441899
0.4904741363071181
0.7131569445809628
0.3423215553349336
0.8334733493713067
0.13743683475537505
0.18402744011678074
0.9581398332270152
0.046757186096848424
0.16885720941327853
0.24644000240450448
0.4149941802468442
0.6542467042250276
0.7793893571669613
0.6545076199639709
0.016761647186975148
0.3804392503734977
0.9391202746678264
0.685679984844027
0.47611218047468296
0.6565602355350239
0.1159005705227738
0.8658105156274616
0.514554423556107
0.1669632218046735
0.6366099171738976
0.46842365128886354
0.6568082006632713
0.1182528251380549
0.7690810358897309
0.23866634807687437
0.5041155312487684
0.3038061933717744
0.8315329769938927
0.8843553912159919
0.616734237969055
0.2948209429307712
0.4921986552538281
0.34575123925634255
0.5199694345250291
0.9248816423880802
0.8738488880056676
0.7470525828653278
0.13628127266888934
0.9913720096851153
0.1347635388823516
0.06507953819263346
0.3502192125330814
0.8234601008976494
0.27599191500073417
0.6810767830987028
0.8962464048842442
0.08211449526323245
0.4342270584465502
0.25507330772468495
0.14099252780952565
0.8801114870203292
0.5589957412102755
0.7577824512066308
0.2729744661164971
0.4746387088359313
0.8327965973983034
0.7458037363339245
0.8996470580680562
0.9522849388598696
0.014179618453378673
0.7467146470190675
0.9215993908503826
0.7956910685583726
0.6500077745934697
0.3399312491380557
0.6526385514794913
0.3472596917577363
0.11504743097970482
0.6658732213826976
0.32151378457424484
0.345444598749754
0.4833093898521099
0.850825292327876
0.7287018301255367
0.6626935209621245
0.3239245357295826
0.7330448983872752
0.1928504958836167
0.21303480057411073
0.04988287043358264
0.16515358531115298
0.012217918176268494
0.5357132142496203
0.63087674739279
0.15904760667801465
0.7911445737398389
0.2476695680136869
0.885517776660158
0.38101758515154205
0.4198825963548959
0.012968023450606547
0.7061384175407279
0.5608278650686945
0.6911332778319157
0.5764200356737179
0.2353006435299677
0.8600074986058416
0.9946985627067285
0.8511849702737945
0.4259791771280569
0.877351195200097
0.2390394121497248
0.0053178833721834184
0.7515225041792863
0.2335086666776599
0.5672848918359639
0.3304611585321844
0.41861829032919706
0.05668827257556286
0.6410518818154837
0.20711961384803546
0.31207345990083324
0.4428978165032069
0.10913383423031264
0.8493602354875116
0.11455140297646205
0.8511577600169681
0.37740201660603845
0.4797773686530733
0.7262724420722074
0.42149184525486294
0.8036780517920106
0.4674840514902864
0.3299140362164379
0.2027768721518911
0.1056764035879223
0.18788014571919587
0.09030605901476518
0.42486444126123923
0.6976571742910572
0.26756143811593314
0.7740937993511993
0.3980789804453547
0.8446506038015196
0.46237605302984464
0.890829695572301
0.2919198935014128
0.060378265268028475
0.6717623177926138
0.9909691771529234
0.20643128184071668
0.6039737291094354
0.6352809592923739
0.1326918374133459
0.03595162320671408
0.7514409886467357
0.30518436763903956
0.36942046825951347
0.036827736885505225
0.941195036629444
0.7692494879664515
0.7097520332089092
0.019323533818296434
0.9730345276145259
0.6726450732659836
0.04998749437289396
0.31808481604305505
0.06205838567124489
0.3500222588261741
0.5220462113549713
0.22591686249813792
0.050971962645180446
0.17442135163012884
0.31404202809267345
0.297298576421859
0.09947784717541452
0.3552791960756482
0.810843137635218
0.33596220653355824
0.3005839126385468
0.10940385714149048
0.685203436649461
0.831689835051656
0.12907353534313193
0.6406053907561159
0.17156502916514416
0.21565362807463662
0.6498871708819505
0.07958783518163703
0.34537570700415654
0.16850876432215722
0.9814220399728382
0.48331126439017713
0.32341957075221095
0.2092927664021622
0.46909027533622516
0.270738704824649
0.951243194684609
0.05368536665467416
0.09856236343309777
0.8454681712697938
0.9057399619269657
0.44739743099685025
0.5328925157358362
0.8095201021162591
0.6828027904930605
0.633613235274245
0.0716336412618721
0.4092208167017609
0.8501126409762881
0.32006669595320625
0.976966571662641
0.11031189600366831
0.9375871913291379
0.5445611675305015
0.5425766927443825
0.8557558092428735
0.3431075749052068
0.8835019725676105
0.104980441455931
0.33829738809700294
0.40389994916724004
0.6563584172867308
0.587464772513424
0.29559140041567544
0.25512145914084416
0.9358934046538914
0.19408701493670788
0.05306868791564412
0.035090963106924056
0.6835928818464981
0.11230172401057892
0.5989662269428128
0.3896007576352162
0.1550668534585674
0.6174913556749257
0.0032058918433791606
0.5991624309533383
0.038888527322819444
0.051941338376296664
0.6432417545506361
0.9338242120632035
0.12033455591601472
0.4109869783105454
0.025595344482721716
0.004939326178086567
0.10837591703824778
0.927671649810525
0.5448717600257653
0.17575377264393321
0.0966608542375047
0.7010874794261613
0.442540282665533
0.39077467105569685
0.576859520004256
0.3113444349388451
0.4218620675200653
0.5933073143337589
0.15014052293533064
0.5323555605767417
0.59143120208331
0.5925584891362953
0.36888448553217645
0.30508611788133244
0.15685919974077878
0.09991195901642791
0.5972597208065407
0.5978786513723428
0.7555628888339543
0.3086899132475013
0.5116513178058867
0.690921798400892
0.3766468563039117
0.5073337514974773
0.5623572474178998
0.015076149336734845
0.6030694206243713
0.24427490355048476
0.0400137272406379
0.25432091851311867
0.24464153792362608
0.9225154645128886
0.17308072702260024
0.7894333539057536
0.6496744585032265
0.6499117676743649
0.39805179669014445
0.8274642515936712
0.18165637726890083
0.3513235268508782
0.3148932339540145
0.13471884876689866
0.8180835068511095
0.5856716018780745
0.6464729656332462
0.8331545411400233
0.41446674830911046
0.3869637770027964
0.9491970352599052
0.912902276173315
0.16397116579686122
0.8464705268129279
0.6637175492930475
0.7595189855974195
0.24461681557853243
0.3021102992264856
0.6440932070226327
0.6696836333180097
0.6386579783630342
0.4393299916610407
0.9415145493888344
0.26651377971242096
0.5375605465521065
0.7970380755791109
0.7153823710040562
0.31119873411932064
0.14450375283970807
0.2734963900151488
0.6132259437510127
0.740444861198236
0.6782661436439902
0.7010407457351036
0.7698774794760492
0.4207051628353966
0.6090719140967386
0.7746569303752137
0.2549977732765335
0.2581719112913088
0.3442375285953102
0.975376029726834
0.5142957253236223
0.6050006772551829
0.3292277207705473
0.81607705592949
0.6734870207823346
0.9877745385477718
0.27967560492214394
0.7141671766994655
0.5598725293431023
0.2977405418166412
0.49878265975521774
0.5511822700645131
0.46812634065027114
0.7854262191886525
0.17050038378085708
0.06989615975762564
0.05512591932606592
0.5032327129347461
0.9482476751438226
0.689396825227358
0.40939418497971536
0.4818470166134181
0.6460743630581959
0.6106963865654298
0.8463077255187949
0.9786635177038925
0.16471052980810108
0.6494785049983809
0.9540741862754532
0.08483655481482677
0.16918140183366048
0.24187118635190585
0.23391626974905122
0.11799698064309927
0.4045909637868478
0.093649116524686
0.6468837266318656
0.6776114938795094
0.9196465271313387
0.9560524605208625
0.911686940998325
0.19180902460769733
0.5098861263853711
0.49498178663942927
0.0858672029863714
0.760504292396497
0.4610789271060378
0.771356151093519
0.4342196687374221
0.6181289073106042
0.6156363223811301
0.27816944022791734
0.33176320220022604
0.9022580879790606
0.6708012627786173
0.351131742751867
0.3913558166652946
0.8750347117452923
0.5694746791361981
0.44312237055474646
0.4810058273519078
0.8276329520605165
0.7319997341170505
0.8909973840414384
0.9562558717506813
0.6966133988619677
0.19599144646614908
0.18684257387472647
0.6990089656455436
0.934718251145773
0.5180853475843435
0.5775877871864226
0.8788759049206231
0.536002504446256
0.31094814944202087
0.7813818418790858
0.585634364268724
0.12432955040456539
0.22571089856539206
0.3888439964320032
0.08333693703837863
0.21447582531144282
0.3245165513738808
0.21871602898600517
0.48380426627696216
0.2806109455266693
0.4200494019725812
0.8982817852750447
0.9762717431640756
0.6921208289997177
0.18348037729215694
0.32743526179976723
0.3853258288020368
0.8201051702453562
0.4223310249569241
0.09938866139260982
0.9268362156251818
0.5724877779594847
0.23648735123537812
0.9743600185717305
0.8352930886847695
0.8877275088940917
0.49337653301144657
0.9674897887520555
0.3485620225457984
0.7303125524286667
0.7928581080358685
0.52207842294276
0.3845820809538436
0.6243860860654538
0.05649546168592767
0.19676426214598852
0.5104129873801913
0.43944751596800513
0.050951161535422784
0.5046410289380966
0.655021571104785
0.8360220510333449
0.821464588134644
0.22425842080922775
0.5730169833877041
0.39045857466891576
0.8781709762283322
0.8707843871651794
0.2573529789177661
0.4086463836843962
0.9988654448213609
0.5282570023506751
0.7330289368151243
0.021113962848892776
0.8888678191210359
0.9743692693045781
0.9057372949106824
0.015913187321435873
0.6081754705302159
0.19361878877628136
0.8594497709577588
0.7849106256702534
0.6712549449823522
0.44697380304442724
0.22584185125965595
0.12727206670004965
0.6047939536328819
0.8321537628444248
0.653035381781278
0.3277573658536378
0.2932937521698462
0.13562440234434603
0.16542688710994846
0.6595764495370358
0.5544566688185475
0.2966791646761062
0.6904263156836918
0.8529185623163498
0.4956347859497271
0.37962776060291425
0.9889999931751082
0.4283117538476089
0.07517995080278361
0.3990397980429633
0.17415872517876874
0.22500028401567562
0.14878504627322175
0.763791132032105
0.39053720521361845
0.6419517588607171
0.059149082179577595
0.3091871213215195
0.39824253584852354
0.9653618712490564
0.8099857568863965
0.31382131342034114
0.4225087401797929
0.6566724664345006
0.2530312444718644
0.13011250432879629
0.5526453295280265
0.1809476655333816
0.7815351880968584
0.6432876090359932
0.6227121775464192
0.9636796315469078
0.8620287320944594
0.4913638627728939
0.9536521604656873
0.2095830773536581
0.1151445052642267
0.08273087681599312
0.494992360990949
0.9505414503468327
0.4345175705841421
0.5095155040746315
0.21843517308674432
0.5428714294133838
0.4919010283204386
0.8272382679843276
0.6835479384235746
0.09159397790897172
0.5406883481836261
0.24837998821761387
0.9776817407001065
0.5041202048720378
0.4347115431545503
0.4806512538620954
0.36506663351409896
0.761452608292202
0.5952441553430944
0.0057182934004850194
0.7940470611524332
0.6893849204456817
0.2622612893163814
0.6322655061243011
0.3525736089212166
0.6556654816305394
0.874042622343168
0.45192025833925087
0.6537328314972763
0.30437388069089666
0.4017038545431352
0.22110510926998705
0.7836316712644784
0.5394425523471882
0.7236685455693291
0.7779744748527918
0.35499174874125505
0.6322582197340006
0.8234893554719322
0.7012899880838761
0.11988330726091667
0.5425719320131934
0.023286559321696987
0.8542214135105358
0.48831241728763
0.38709091074787294
0.1938791621005732
0.5809338913746319
0.7573096404610358
0.4579994435899667
0.9760163262694422
0.20881514591832773
0.3792666694993535
0.6880375931244329
0.3833882603309853
0.007176736992791866
0.2510073056200628
0.3735016205600571
0.1843400599530829
0.32769708663733754
0.17405425535221364
0.5414027103395368
0.919112026313095
0.5348290276821724
0.9556918685656844
0.07703589682910283
0.6445074564412218
0.0467600777893078
0.6986072905095807
0.09313083815143353
0.11932341566120852
0.17822896414527933
0.8616971104294047
0.5093516432454411
0.3512106333126339
0.6852630427047423
0.8900540900013743
0.20971467279932454
0.10437607766572277
0.3037204096412224
0.41925338232734455
0.7475505364631889
0.9688787916956147
0.9132087490867244
0.1755909063101957
0.5425385030269386
0.8057627679546302
0.6718712997110163
0.5859705594702416
0.41699056398096535
0.11431611852980916
0.9425450946208557
0.4807165723174949
0.7582629698194894
0.10045886889011046
0.5515732528350779
0.4303102134366137
0.546692934376518
0.28089314215689043
0.9652267132168463
0.7017165021357676
0.3321253797907232
0.4067889072699411
0.8814320312827008
0.9482206983024545
0.4760695570725799
0.03846607204958885
0.3363779590284689
0.38667709724768884
0.13333906107539006
0.020785957688916112
0.16581826899006236
0.35920796633550534
0.5012432734837413
0.490218010004956
0.5579171047535096
0.6319510872324199
0.4897071973856225
0.0735848122595455
0.7534867870572158
0.5911168691430534
0.08380420852279169
0.6891736145357968
0.27459901208159265
0.6830641238164975
0.2885292875397718
0.22659810845029915
0.49404973088344617
0.7882640469281005
0.765846514926836
0.021527290117497322
0.9130024212568937
0.4078959243539334
0.1748783080650962
0.9872139750547909
0.9070885422553987
0.8752483031442853
0.9164383410769421
0.30586307002183366
0.8448449721284952
0.7091324005006509
0.4898596170701538
0.1651915693316499
0.8112468891773726
0.9961191864925828
0.23371746263279336
0.21136233865827148
0.09709425731224108
0.16888560721006618
0.25705002866739846
0.08285965994338129
0.6445101100549891
0.7605998058432302
0.41101644829587636
0.5133692075142711
0.6329235284220538
0.7787083162820936
0.31376661631571234
0.9846550048344135
0.7041229662842063
0.20432978033810756
0.39625141638118766
0.8049261632503183
0.29118763170512796
0.7507226062525436
0.21413644590478265
0.16558180950058177
0.027715940090238367
0.3073065929779003
0.5089408926489343
0.7591330606518685
0.6408617670064679
0.01170098432186828
0.9154944887923565
0.3382803269914957
0.944752499666752
0.7084440828918261
0.6229964767546312
0.8569233097761573
0.6265835432859038
0.2882572264006661
0.3922148215841029
0.1627844692718311
0.009865083781574469
0.9477918920187653
0.9887380746927554
0.7033048007927154
0.005773084852511379
0.8828837833084957
0.37338033847798424
0.652817885010059
0.03791425640967483
0.765732298326049
0.3481092874301581
0.2881056279434331
0.6799779876162347
0.4841783023682984
0.9602304641827162
0.3298711497217274
0.7440845837376396
0.9505870496422159
0.09366017473954824
0.8265494917737696
